day,stage,motor_b,throttle,throttle_name,price,ema30,p_kash,price_over_pkash,supply,tokens_burned_total,vault_core_usd,vault_sociedad_usd,r_op_usd,burned_total_usd,recirculated_total_usd,staking_total_usd,om_total_usd,deferred_queue_usd,fee_total_usd,users,buy_pressure,sell_pressure,lp_depth_usd,burn_cap_hit,jaguar_lock_hit
1,1,0,1,NORMAL,0.0001182,0.00010117419354838712,4.900164452e-06,24.1216394179907,9915397631.13367,84602368.8663292,49001.64452,21004.027397,0.704794,70000.0,0.0,30000.0,30000.0,0.0,200000.0,0.0,100000.0,4000.0,300000.0,True,False
2,1,0,0,ACELERADO,0.0001396175248,0.00010365440846784602,9.884115318509386e-06,14.125444746536566,9831454014.33636,168545985.66363907,98004.933615,42012.082963,2.114406,140000.0,0.0,60000.0,60000.0,0.0,200000.0,0.0,100000.0,4688.0,300000.0,True,False
3,1,0,0,ACELERADO,0.0001647851191659358,0.00010759832528707762,1.4953013778697251e-05,11.020194430683683,9748155031.903097,251844968.09690285,147009.867341,63024.167472,4.22886,210000.0,0.0,90000.0,90000.0,0.0,200000.0,0.0,100000.0,5490.573098666666,300000.0,True,False
4,1,0,0,ACELERADO,0.0001943097287047912,0.00011319260937854301,2.0108055843643306e-05,9.663277753737574,9665485425.018892,334514574.9811077,196016.445754,84040.281695,7.048179,280000.0,0.0,120000.0,120000.0,0.0,200000.0,0.0,100000.0,6425.403554320675,300000.0,True,False
5,1,0,0,ACELERADO,0.00022887785887168403,0.00012065617386197147,2.5350477304922433e-05,9.028542386744002,9583428652.031145,416571347.9688549,245024.668908,105060.426406,10.572387,350000.0,0.0,150000.0,150000.0,0.0,200000.0,0.0,100000.0,7512.391402942138,300000.0,True,False
6,1,0,0,ACELERADO,0.0002692589256259522,0.00013024344816932508,3.0681559547759696e-05,8.775920441945493,9501966742.256851,498033257.7431488,294034.536859,126084.602378,14.801508,420000.0,0.0,180000.0,180000.0,0.0,200000.0,0.0,100000.0,8773.73852210575,300000.0,True,False
7,1,0,0,ACELERADO,0.000316305743297983,0.00014224746720988365,3.61026363242692e-05,8.761292124402381,9421080150.389206,578919849.6107941,343046.049661,147112.810383,19.735566,490000.0,0.0,210000.0,210000.0,0.0,200000.0,0.0,100000.0,10233.957425414435,300000.0,True,False
8,1,0,0,ACELERADO,0.00037095080947835944,0.00015700252154978532,4.161510157132069e-05,8.913850873164815,9340747618.864899,659252381.1351013,392059.20737,168145.051195,25.374584,560000.0,0.0,240000.0,240000.0,0.0,200000.0,0.0,100000.0,11919.767038554926,300000.0,True,False
9,1,0,0,ACELERADO,0.00043419675888789396,0.0001748860207328891,4.7220418326065416e-05,9.195106148566662,9260946058.41047,739053941.589531,441074.010041,189181.325588,31.718586,630000.0,0.0,270000.0,270000.0,0.0,200000.0,0.0,100000.0,13859.831561403971,300000.0,True,False
10,1,0,0,ACELERADO,0.0005070991156629586,0.0001963191236316033,5.292012874698875e-05,9.582348487612352,9181650460.398226,818349539.6017742,490090.45773,210221.634335,38.767595,700000.0,0.0,300000.0,300000.0,0.0,200000.0,0.0,100000.0,16084.29105118977,300000.0,True,False
11,1,0,0,ACELERADO,0.0005907393515081668,0.0002217655899462203,5.871586517219887e-05,10.060983514007276,9102833858.509296,897166141.4907036,539108.550491,231265.97821,46.521635,770000.0,0.0,330000.0,330000.0,0.0,200000.0,0.0,100000.0,18624.027315177347,300000.0,True,False
12,1,0,0,ACELERADO,0.000686186362791796,0.0002517282204523865,6.460936204281262e-05,10.62054075595272,9024467361.271082,975532638.7289181,588128.28838,252314.357986,54.98073,840000.0,0.0,360000.0,360000.0,0.0,200000.0,0.0,100000.0,21509.608681849466,300000.0,True,False
13,1,0,0,ACELERADO,0.0007944449490882204,0.0002867422029450209,7.060246837241134e-05,11.252367904443666,8946520280.836233,1053479719.1637669,637149.671452,273366.774438,64.144903,910000.0,0.0,390000.0,390000.0,0.0,200000.0,0.0,100000.0,24769.865739055527,300000.0,True,False
14,1,0,0,ACELERADO,0.000916390858524695,0.00032736469685338697,7.669716026149368e-05,11.948171945353955,8870133661.143526,1129866338.856474,686172.699762,294423.228339,74.014178,980000.0,0.0,420000.0,420000.0,0.0,200000.0,0.0,100000.0,28430.07139610269,300000.0,False,False
15,1,0,0,ACELERADO,0.0010526889908097521,0.0003741598125925073,8.288458792753066e-05,12.700660244943977,8803637287.940123,1196362712.0598774,735197.373366,315483.720464,84.588579,1050000.0,0.0,450000.0,450000.0,0.0,200000.0,0.0,100000.0,32514.03760385645,300000.0,False,False
16,1,0,0,ACELERADO,0.0012036639304344964,0.00042767620729199053,8.907950960136533e-05,13.51224244296971,8745481520.179655,1254518479.820345,784223.692318,336548.251588,95.86813,1120000.0,0.0,480000.0,480000.0,0.0,200000.0,0.0,100000.0,37069.96820838717,300000.0,False,False
17,1,0,0,ACELERADO,0.0013692188006584787,0.0004884208907349898,9.527796208262788e-05,14.37078177082599,8694357477.794073,1305642522.205927,833251.656674,357616.822485,107.852854,1190000.0,0.0,510000.0,510000.0,0.0,200000.0,0.0,100000.0,42106.48264048679,300000.0,False,False
18,1,0,0,ACELERADO,0.0015487404148301605,0.0005568286019669364,0.0001014774546299023,15.261916259907785,8649159457.951815,1350840542.0481853,882281.266489,378689.43393,120.542774,1260000.0,0.0,540000.0,540000.0,0.0,200000.0,0.0,100000.0,47617.910872965105,300000.0,False,False
19,1,0,0,ACELERADO,0.0017410246737445288,0.0006332283485332327,0.00010767665070179452,16.16900843773657,8608953250.046991,1391046749.9530087,931312.521818,399766.086698,133.937915,1330000.0,0.0,570000.0,570000.0,0.0,200000.0,0.0,100000.0,53581.211227362,300000.0,False,False
20,1,0,0,ACELERADO,0.0019442384662932439,0.0007178096464532334,0.0001138751012164747,17.073429094892994,8572949436.104632,1427050563.8953676,980345.422717,420846.781563,148.0383,1400000.0,0.0,600000.0,600000.0,0.0,200000.0,0.0,100000.0,59953.60009377985,300000.0,False,False
21,1,0,0,ACELERADO,0.0021559336229472065,0.0008105918384851027,0.00012007302468212487,17.955187092643946,8540480904.024174,1459519095.9758263,1029379.96924,441931.519301,162.843953,1470000.0,0.0,630000.0,630000.0,0.0,200000.0,0.0,100000.0,66671.4322530464,300000.0,False,False
22,1,0,0,ACELERADO,0.0023731238571632566,0.0009114003558191772,0.00012627112847191815,18.793875416192414,8510983918.526049,1489016081.4739513,1078416.161444,463020.300688,178.354897,1540000.0,0.0,660000.0,660000.0,0.0,200000.0,0.0,100000.0,73650.83974849709,300000.0,False,False
23,1,0,0,ACELERADO,0.0025924268703016225,0.0010198536793341738,0.00013247046524536907,19.569848007250425,8483982192.536433,1516017807.4635668,1127453.999383,484113.126499,194.571156,1610000.0,0.0,690000.0,690000.0,0.0,200000.0,0.0,100000.0,80790.47593994794,300000.0,False,False
24,1,0,0,ACELERADO,0.0028102620643895423,0.0011353638977248427,0.00013867231877820184,20.26548693459428,8459073483.527758,1540926516.4722424,1176493.483112,505209.997509,211.492754,1680000.0,0.0,720000.0,720000.0,0.0,200000.0,0.0,100000.0,87976.41361236769,300000.0,False,False
25,1,0,0,ACELERADO,0.003023082286559387,0.0012571521808754586,0.000144878114024363,20.866383490131707,8435918308.324218,1564081691.6757822,1225534.612687,526310.914494,229.119714,1750000.0,0.0,750000.0,750000.0,0.0,200000.0,0.0,100000.0,95088.85324256621,300000.0,False,False
26,1,0,0,ACELERADO,0.0032276092684044113,0.001384278444587004,0.00015108934695411873,21.362255734578948,8414230429.098798,1585769570.9012022,1274577.388163,547415.878231,247.45206,1820000.0,0.0,780000.0,780000.0,0.0,200000.0,0.0,100000.0,102009.90083502789,300000.0,False,False
27,1,0,0,ACELERADO,0.0034210400277720444,0.0015156824176957163,0.00015730753046856667,21.747465093259727,8393768815.252792,1606231184.7472076,1323621.809595,568524.889495,266.489816,1890000.0,0.0,810000.0,810000.0,0.0,200000.0,0.0,100000.0,108631.39247779883,300000.0,False,False
28,1,0,0,ACELERADO,0.0036011967082177107,0.0016502317267616516,0.00016353415340003734,22.02106797476403,8374330832.362198,1625669167.6378021,1372667.877038,589637.949062,286.233006,1960000.0,0.0,840000.0,840000.0,0.0,200000.0,0.0,100000.0,114861.67640337814,300000.0,False,False
29,1,0,0,ACELERADO,0.003766603782257598,0.0017867718593742934,0.00016977065021766858,22.186424905767343,8355746451.299945,1644253548.7000551,1421715.590548,610755.057709,306.681653,2030000.0,0.0,870000.0,870000.0,0.0,200000.0,0.0,100000.0,120630.4505081153,300000.0,False,False
30,1,0,0,ACELERADO,0.0039164907493241235,0.0019241730780807343,0.00017601837953701738,22.250464750474933,8337873308.101004,1662126691.8989964,1470764.95018,631876.216213,327.835781,2100000.0,0.0,900000.0,900000.0,0.0,200000.0,0.0,100000.0,125891.1447482075,300000.0,False,False
31,1,0,0,ACELERADO,0.00405073127458731,0.0020613703810811587,0.0001822786098839329,22.222746142109813,8320592477.738557,1679407522.2614431,1519815.955989,653001.42535,349.695413,2170000.0,0.0,930000.0,930000.0,0.0,200000.0,0.0,100000.0,130620.81472085643,300000.0,False,False
32,1,0,0,ACELERADO,0.004169738007893931,0.002197394098940047,0.00018855251140209678,22.114465497634107,8303804852.264851,1696195147.7351494,1568868.608031,674130.685897,372.260573,2240000.0,0.0,960000.0,960000.0,0.0,200000.0,0.0,100000.0,134817.93669068592,300000.0,False,False
33,1,0,0,ACELERADO,0.004274334954807408,0.0023313902831895547,0.00019484115235664695,21.937536824784594,8287428035.581059,1712571964.4189405,1617922.90636,695263.998631,395.531285,2310000.0,0.0,990000.0,990000.0,0.0,200000.0,0.0,100000.0,138498.7628104912,300000.0,False,False
34,1,0,0,ACELERADO,0.004365627046048865,0.002462631364664349,0.00020114549940886727,21.703826627385187,8271393683.754475,1728606316.2455254,1666978.851032,716401.364329,419.507573,2380000.0,0.0,1020000.0,1020000.0,0.0,200000.0,0.0,100000.0,141692.97335174007,300000.0,False,False
35,1,0,0,ACELERADO,0.004444881396674777,0.0025905184635037315,0.00020746642074024368,21.424582256807465,8255645232.051722,1744354767.9482784,1716036.442102,737542.783768,444.18946,2450000.0,0.0,1050000.0,1050000.0,0.0,200000.0,0.0,100000.0,144439.27989726514,300000.0,False,False
36,1,0,0,ACELERADO,0.004513428735588314,0.0027145771907349948,0.0002138046912156777,21.110054741667696,8240135958.703048,1759864041.2969522,1765095.679625,758688.257726,469.57697,2520000.0,0.0,1080000.0,1080000.0,0.0,200000.0,0.0,100000.0,146781.45563797408,300000.0,False,False
37,1,0,0,ACELERADO,0.004572588156866503,0.0028344488659692857,0.00022016099889006423,20.769292381116927,8224827341.876299,1775172658.123701,1814156.563658,779837.78698,495.670127,2590000.0,0.0,1110000.0,1110000.0,0.0,200000.0,0.0,100000.0,148765.0656846596,300000.0,False,False
38,1,0,0,ACELERADO,0.00462361447084162,0.0029498789049933073,0.00022653595228285374,20.410069237348054,8209687671.291425,1790312328.7085752,1863219.094254,800991.372309,522.468954,2660000.0,0.0,1140000.0,1140000.0,0.0,200000.0,0.0,100000.0,150434.99238294145,300000.0,False,False
39,1,0,0,ACELERADO,0.004667665140792287,0.0030607038234319512,0.00023293008796864355,20.038910307802897,8194690879.986014,1805309120.0139856,1912283.271469,822149.014489,549.973475,2730000.0,0.0,1170000.0,1170000.0,0.0,200000.0,0.0,100000.0,151833.72287229227,300000.0,False,False
40,1,0,0,ACELERADO,0.004705782816860405,0.0031668379520402388,0.0002393438781381278,19.66117894247811,8179815565.352029,1820184434.6479712,1961349.095359,843310.714299,578.183713,2800000.0,0.0,1200000.0,1200000.0,0.0,200000.0,0.0,100000.0,153000.2918403168,300000.0,False,False
41,1,0,0,ACELERADO,0.004738889414703478,0.0032682606270507705,0.00024577773788625506,19.281198758923466,8165044171.914822,1834955828.0851784,2010416.565979,864476.472518,607.099693,2870000.0,0.0,1230000.0,1230000.0,0.0,200000.0,0.0,100000.0,153969.74213008344,300000.0,False,False
42,1,0,0,ACELERADO,0.0047677881424258136,0.0033650043377201283,0.00025223203206517627,18.902389610824,8150362311.498855,1849637688.5011454,2059485.683384,885646.289923,636.721438,2940000.0,0.0,1260000.0,1260000.0,0.0,200000.0,0.0,100000.0,154772.9655874939,300000.0,False,False
43,1,0,0,ACELERADO,0.004793170557614614,0.0034571440938423533,0.00025870708160472385,18.527403764455332,8135758199.4276085,1864241800.5723915,2108556.447629,906820.167293,667.048971,3010000.0,0.0,1290000.0,1290000.0,0.0,200000.0,0.0,100000.0,155436.80314095394,300000.0,False,False
44,1,0,0,ACELERADO,0.004815626444539693,0.0035447881164679886,0.00026520316925357984,18.15825375727364,8121222188.213663,1878777811.786337,2157628.858769,927998.105407,698.082317,3080000.0,0.0,1320000.0,1320000.0,0.0,200000.0,0.0,100000.0,155984.3066614724,300000.0,False,False
45,1,0,0,ACELERADO,0.0048356549356718586,0.003628069846739206,0.0002717205447306429,17.796427356884085,8106746382.778577,1893253617.2214231,2206702.91686,949180.105043,729.821499,3150000.0,0.0,1350000.0,1350000.0,0.0,200000.0,0.0,100000.0,156435.0893261769,300000.0,False,False
46,1,0,0,ACELERADO,0.004853675819058939,0.0037071411997920923,0.00027825942930064066,17.4429877587899,8092324323.578592,1907675676.4214077,2255778.621957,970366.16698,762.26654,3220000.0,0.0,1380000.0,1380000.0,0.0,200000.0,0.0,100000.0,156805.71263249285,300000.0,False,False
47,1,0,0,ACELERADO,0.004870040368176206,0.0037821669525910677,0.0002848200198056008,17.098658905719375,8077950726.091101,1922049273.9088993,2304855.974115,991556.291998,795.417465,3290000.0,0.0,1410000.0,1410000.0,0.0,200000.0,0.0,100000.0,157110.07555734357,300000.0,False,False
48,1,0,0,ACELERADO,0.004885041316846734,0.003853320137381756,0.00029140249219235617,16.763896835934045,8063621266.940245,1936378733.0597553,2353934.97339,1012750.480875,829.274297,3360000.0,0.0,1440000.0,1440000.0,0.0,200000.0,0.0,100000.0,157359.78451280782,300000.0,False,False
49,1,0,0,ACELERADO,0.004898921799060779,0.003920778309102983,0.0002980070045810607,16.43894849366947,8049332408.51972,1950667591.48028,2403015.619837,1033948.734391,863.83706,3430000.0,0.0,1470000.0,1470000.0,0.0,200000.0,0.0,100000.0,157564.49220962843,300000.0,False,False
50,1,0,0,ACELERADO,0.004911883202968267,0.003984720560320098,0.00030463369992219557,16.123899634947733,8035081255.325015,1964918744.674985,2452097.913511,1055151.053326,899.105777,3500000.0,0.0,1500000.0,1500000.0,0.0,200000.0,0.0,100000.0,157732.20001593465,300000.0,False,False
51,1,0,0,ACELERADO,0.004924091968425182,0.00404532516729462,0.00031128270828753785,15.818713463122094,8020865436.358013,1979134563.6419868,2501181.854468,1076357.438459,935.080472,3570000.0,0.0,1530000.0,1530000.0,0.0,200000.0,0.0,100000.0,157869.52261006448,300000.0,False,False
52,1,0,0,ACELERADO,0.004935685403120663,0.004102767763154365,0.00031795414883820626,15.523261517912225,8006683008.93755,1993316991.0624504,2550267.442763,1097567.89057,971.761169,3640000.0,0.0,1560000.0,1560000.0,0.0,200000.0,0.0,100000.0,157981.91629995857,300000.0,False,False
53,1,0,1,NORMAL,0.004946776614812309,0.004157219947132296,0.0003246481315106944,15.237348176911821,7992532380.063305,2007467619.936695,2599354.67845,1118782.410439,1009.147892,3710000.0,0.0,1590000.0,1590000.0,0.0,200000.0,0.0,100000.0,158073.87381850916,300000.0,False,False
54,1,0,1,NORMAL,0.004957458664790893,0.0042088482514973675,0.0003313647584578222,14.960729945643582,7978412242.15935,2021587757.8406496,2648443.561586,1140000.998846,1047.240664,3780000.0,0.0,1620000.0,1620000.0,0.0,200000.0,0.0,100000.0,158149.08908330929,300000.0,False,False
55,1,0,1,NORMAL,0.004967808046169431,0.004257813399540727,0.0003381041252757973,14.693130532249805,7964321520.587695,2035678479.4123049,2697534.092225,1161223.656571,1086.039509,3850000.0,0.0,1650000.0,1650000.0,0.0,200000.0,0.0,100000.0,158210.59560466645,300000.0,False,False
56,1,0,1,NORMAL,0.004977887583880884,0.004304269798530415,0.0003448663220492791,14.43425253675416,7950259330.789221,2049740669.2107792,2746626.270423,1182450.384395,1125.544451,3920000.0,0.0,1680000.0,1680000.0,0.0,200000.0,0.0,100000.0,158260.88212902364,300000.0,False,False
57,1,0,1,NORMAL,0.0049877488439648504,0.004348365220816508,0.0003516514342378652,14.183786438337178,7936224943.295011,2063775056.7049894,2795720.096235,1203681.183098,1165.755513,3990000.0,0.0,1710000.0,1710000.0,0.0,200000.0,0.0,100000.0,158301.98884547522,300000.0,False,False
58,1,0,1,NORMAL,0.004997434129471155,0.004390240634278099,0.00035845954342819724,13.941417437731541,7922217755.16877,2077782244.8312302,2844815.569717,1224916.053461,1206.672719,4060000.0,0.0,1740000.0,1740000.0,0.0,200000.0,0.0,100000.0,158335.5871454588,300000.0,False,False
59,1,0,1,NORMAL,0.0050069781301042195,0.004430030150137849,0.0003652907279701945,13.706830605655993,7908237266.702258,2091762733.297742,2893912.690924,1246154.996265,1248.296093,4130000.0,0.0,1770000.0,1770000.0,0.0,200000.0,0.0,100000.0,158363.0455631311,300000.0,False,False
60,1,0,1,NORMAL,0.0050164092831414256,0.004467861061944532,0.00037214506351530326,13.479714699843498,7894283062.40014,2105716937.5998602,2943011.459911,1267398.012291,1290.625658,4200000.0,0.0,1800000.0,1800000.0,0.0,200000.0,0.0,100000.0,158385.48416821353,300000.0,False,False
61,1,0,1,NORMAL,0.005025750894465688,0.004503853954365252,0.0003790226234709264,13.259764940789076,7880354795.466519,2119645204.5334806,2992111.876733,1288645.10232,1333.661439,4270000.0,0.0,1830000.0,1830000.0,0.0,200000.0,0.0,100000.0,158403.81935188072,300000.0,False,False
62,1,0,1,NORMAL,0.005035022060865736,0.004538122864462058,0.0003859234793838948,13.046684977301371,7866452175.149507,2133547824.8504934,3041213.941446,1309896.267134,1377.403458,4340000.0,0.0,1860000.0,1860000.0,0.0,200000.0,0.0,100000.0,158418.80064809136,300000.0,False,False
63,1,0,1,NORMAL,0.005044238428079597,0.004570775481469641,0.00039284770126327845,12.840188225255906,7852574956.418066,2147425043.581934,3090317.654105,1331151.507513,1421.85174,4410000.0,0.0,1890000.0,1890000.0,0.0,200000.0,0.0,100000.0,158431.0409704921,300000.0,False,False
64,1,0,1,NORMAL,0.005053412813330296,0.004601913373847748,0.0003997953578525331,12.639998724533157,7838722931.541858,2161277068.4581423,3139423.014765,1352410.82424,1467.006308,4480000.0,0.0,1920000.0,1920000.0,0.0,200000.0,0.0,100000.0,158441.0414181579,300000.0,False,False
65,1,0,1,NORMAL,0.00506255571624025,0.004631632234647264,0.00040676651685848323,12.445851628445482,7824895923.223619,2175104076.7763805,3188530.023482,1373674.218096,1512.867186,4550000.0,0.0,1950000.0,1950000.0,0.0,200000.0,0.0,100000.0,158449.21160959857,300000.0,False,False
66,1,0,1,NORMAL,0.005071675737913154,0.004660022138083773,0.0004137612451434614,12.257493415447057,7811093778.99805,2188906221.0019503,3237638.680311,1394941.689863,1559.434398,4620000.0,0.0,1980000.0,1980000.0,0.0,200000.0,0.0,100000.0,158455.88634040306,300000.0,False,False
67,1,0,1,NORMAL,0.00508077992453905,0.004687167801726049,0.00042077960888706683,12.074681893396317,7797316366.663791,2202683633.3362093,3286748.985307,1416213.240324,1606.707967,4690000.0,0.0,2010000.0,2010000.0,0.0,200000.0,0.0,100000.0,158461.3392220351,300000.0,False,False
68,1,0,1,NORMAL,0.005089874049015547,0.0047131488499382755,0.000427821673721994,11.89718605122151,7783563570.558052,2216436429.441948,3335860.938526,1437488.87026,1654.687918,4760000.0,0.0,2040000.0,2040000.0,0.0,200000.0,0.0,100000.0,158465.79384410064,300000.0,False,False
69,1,0,1,NORMAL,0.005098962841699439,0.00473804007521319,0.0004348875048476427,11.724785800607895,7769835288.518509,2230164711.481491,3384974.540023,1458768.580454,1703.374273,4830000.0,0.0,2070000.0,2070000.0,0.0,200000.0,0.0,100000.0,158469.4329065849,300000.0,False,False
70,1,0,1,NORMAL,0.005108050179432514,0.004761911694840242,0.00044197716712560906,11.557271640642957,7756131429.40572,2243868570.5942802,3434089.789852,1480052.371688,1752.767057,4900000.0,0.0,2100000.0,2100000.0,0.0,200000.0,0.0,100000.0,158472.40568912367,300000.0,False,False
71,1,0,1,NORMAL,0.005117139240356644,0.0047848296010025914,0.0004490907251602473,11.394444270766703,7742451911.082681,2257548088.9173193,3483206.68807,1501340.244745,1802.866293,4970000.0,0.0,2130000.0,2130000.0,0.0,200000.0,0.0,100000.0,158474.8341587122,300000.0,False,False
72,1,0,1,NORMAL,0.005126232630689731,0.0048068556029178915,0.00045622824336509835,11.236114171448707,7728796658.767184,2271203341.2328157,3532325.234732,1522632.200408,1853.672005,5040000.0,0.0,2160000.0,2160000.0,0.0,200000.0,0.0,100000.0,158476.8179631019,300000.0,False,False
73,1,0,1,NORMAL,0.0051353324885273785,0.004828047660053987,0.00046338978601932507,11.082101167230338,7715165603.688203,2284834396.311797,3581445.429893,1543928.23946,1905.184217,5110000.0,0.0,2190000.0,2190000.0,0.0,200000.0,0.0,100000.0,158478.4385125524,300000.0,False,False
74,1,0,1,NORMAL,0.005144440568824726,0.004848460105781132,0.000470575417314882,10.932233983192459,7701558681.990206,2298441318.009794,3630567.273609,1565228.362684,1957.402952,5180000.0,0.0,2220000.0,2220000.0,0.0,200000.0,0.0,100000.0,158479.76231595592,300000.0,False,False
75,1,0,1,NORMAL,0.005153558312964616,0.0048681438610832925,0.00047778520139563606,10.78634980303031,7687975833.839656,2312024166.160344,3679690.765935,1586532.570863,2010.328234,5250000.0,0.0,2250000.0,2250000.0,0.0,200000.0,0.0,100000.0,158480.8437072588,300000.0,False,False
76,1,0,1,NORMAL,0.005162686905703752,0.004887146638155581,0.0004850192023903245,10.644293834677958,7674417002.696387,2325582997.3036127,3728815.906925,1607840.86478,2063.960087,5320000.0,0.0,2280000.0,2280000.0,0.0,200000.0,0.0,100000.0,158481.72707342176,300000.0,False,False
77,1,0,1,NORMAL,0.005171827321784242,0.004905513133873559,0.0004922774844406591,10.50591888771966,7660882134.719424,2339117865.2805758,3777942.696636,1629153.245219,2118.298534,5390000.0,0.0,2310000.0,2310000.0,0.0,200000.0,0.0,100000.0,158482.4486749235,300000.0,False,False
78,1,0,1,NORMAL,0.005180980364084275,0.004923285213241992,0.000499560111723761,10.371084965544993,7647371178.282443,2352628821.717557,3827071.135123,1650469.712964,2173.343599,5460000.0,0.0,2340000.0,2340000.0,0.0,200000.0,0.0,100000.0,158483.0381332428,300000.0,False,False
79,1,0,1,NORMAL,0.005190146694842537,0.004940502083022673,0.000506867148471741,10.239658874108112,7633884083.578634,2366115916.4213657,3876201.222441,1671790.268799,2229.095307,5530000.0,0.0,2370000.0,2370000.0,0.0,200000.0,0.0,100000.0,158483.51964618143,300000.0,False,False
80,1,0,1,NORMAL,0.005199326861213044,0.004957200455809149,0.0005141986589880038,10.11151384845277,7620420802.298474,2379579197.7015257,3925332.958646,1693114.913508,2285.55368,5600000.0,0.0,2400000.0,2400000.0,0.0,200000.0,0.0,100000.0,158483.91298078682,300000.0,False,False
81,1,0,1,NORMAL,0.0052085213161793065,0.004973414704865288,0.0005215547076605297,9.986529197564902,7606981287.366941,2393018712.6330585,3974466.343793,1714443.647874,2342.718743,5670000.0,0.0,2430000.0,2430000.0,0.0,200000.0,0.0,100000.0,158484.23428454847,300000.0,False,False
82,1,0,1,NORMAL,0.005217730435670208,0.004989177010078509,0.0005289353589733514,9.864589967661976,7593565492.729209,2406434507.270791,4023601.377937,1735776.472683,2400.590519,5740000.0,0.0,2460000.0,2460000.0,0.0,200000.0,0.0,100000.0,158484.49674811127,300000.0,False,False
83,1,0,1,NORMAL,0.005226954532567184,0.00500451749540036,0.0005363406775160656,9.745586623738072,7580173373.175871,2419826626.824129,4072738.061133,1757113.388718,2459.169031,5810000.0,0.0,2490000.0,2490000.0,0.0,200000.0,0.0,100000.0,158484.71114667293,300000.0,False,False
84,1,0,1,NORMAL,0.005236193868167155,0.005019464358159508,0.0005437707279919449,9.62941474893941,7566804884.200404,2433195115.799596,4121876.393437,1778454.396765,2518.454304,5880000.0,0.0,2520000.0,2520000.0,0.0,200000.0,0.0,100000.0,158484.8862822668,300000.0,False,False
85,1,0,1,NORMAL,0.005245448661563254,0.005034043990637169,0.0005512255752243779,9.51597476120022,7553459981.882909,2446540018.117091,4171016.374904,1799799.497608,2578.446361,5950000.0,0.0,2550000.0,2550000.0,0.0,200000.0,0.0,100000.0,158485.02934506975,300000.0,False,False
86,1,0,1,NORMAL,0.0052547190973215065,0.005048281094294223,0.0005587052841627698,9.405171646435742,7540138622.795288,2459861377.204712,4220158.00559,1821148.692032,2639.145226,6020000.0,0.0,2580000.0,2580000.0,0.0,200000.0,0.0,100000.0,158485.1462085572,300000.0,False,False
87,1,0,1,NORMAL,0.005264005331762957,0.005062198787034142,0.0005662099198868947,9.296914707560205,7526840763.923903,2473159236.0760965,4269301.285549,1842501.980822,2700.550923,6090000.0,0.0,2610000.0,2610000.0,0.0,200000.0,0.0,100000.0,158485.24167061553,300000.0,False,False
88,1,0,1,NORMAL,0.00527330749810456,0.005075818703877396,0.0005737395476115667,9.191117328510698,7513566362.606483,2486433637.3935165,4318446.214838,1863859.364763,2762.663475,6160000.0,0.0,2640000.0,2640000.0,0.0,200000.0,0.0,100000.0,158485.31965050477,300000.0,False,False
89,1,0,1,NORMAL,0.0052826257106661275,0.005089161091412152,0.0005812942326893705,9.087696752513686,7500315376.480652,2499684623.519348,4367592.793512,1885220.844641,2825.482906,6230000.0,0.0,2670000.0,2670000.0,0.0,200000.0,0.0,100000.0,158485.3833497559,300000.0,False,False
90,2,0,1,NORMAL,0.005291960068313002,0.005102244896373498,0.0005888740406138032,8.986573873755777,7487087763.441933,2512912236.5580673,4416741.021626,1906586.421241,2889.00924,6300000.0,0.0,2700000.0,2700000.0,0.0,200000.0,5493.471315296591,100000.0,158485.43538360475,300000.0,False,False
91,2,0,1,NORMAL,0.005072686964745302,0.0051003379330426465,0.0005940554667400213,8.539079679852993,7478398334.914341,2521601665.085659,4447745.415835,1920178.22924,2952.981513,6344078.750823,0.0,2718890.893223,2718890.893207,0.0,125939.288076,5548.068998728782,62969.644046,158485.47788835844,300000.0,False,False
92,2,0,2,CONSERVADOR,0.003550880875321711,0.0050003729615767795,0.0005988920270071841,5.929083566308884,7465983945.542294,2534016054.4577065,4478753.137564,1933773.624167,3017.399772,6388160.768623,0.0,2737783.186576,2737783.186546,0.0,125948.62229200001,5603.203160921434,62974.311153,455226.8850083154,300000.0,False,False
93,2,0,2,CONSERVADOR,0.002741875065422816,0.004854663419889427,0.0006040415091011065,4.539216302374796,7449954334.75723,2550045665.24277,4509764.20939,1947372.616339,3082.264066,6432111.958743,0.0,2756676.893816,2756676.893773,134.126748,125958.04820300001,5658.8789505461755,62844.89736000001,318129.83529222076,300000.0,False,False
94,2,0,2,CONSERVADOR,0.002350738987615308,0.004693119908129807,0.0006095042264787211,3.8568050646608216,7431256729.77745,2568743270.2225504,4540778.654108,1960975.216171,3147.574443,6476065.147744,0.0,2775572.028827,2775572.028773,269.586088,125967.56669300002,5715.101563235361,62848.324012000005,245122.12834811368,300000.0,False,False
95,2,0,3,DEFENSIVO,0.0021127545279579444,0.004526644722312268,0.0006152117550195195,3.434190765569671,7410452037.64292,2589547962.3570805,4571796.494727,1974581.434169,3213.330952,6520020.355254,0.0,2794468.605634,2794468.605567,406.3911,125977.17864499999,5771.876241961144,62851.784317000005,209627.33905999782,300000.0,False,False
96,2,0,3,DEFENSIVO,0.0019521843190666546,0.004360550502748035,0.0006211250988603715,3.142980894909069,7387997010.213974,2612002989.786026,4602817.754481,1988191.280939,3279.533642,6563856.707685,0.0,2813366.638386,2813366.638308,665.448402,125986.88495899999,5829.208277416547,62734.385182999984,187877.59316094307,300000.0,False,False
97,2,0,3,DEFENSIVO,0.0018375414850148198,0.004197775727410409,0.00062721228100413,2.9296962777467046,7364140563.745966,2635859436.254034,4633842.456828,2001804.767179,3346.182563,6607693.917755,0.0,2832266.141374,2832266.141285,927.078618,125996.68653700002,5887.103008398609,62736.713058,173072.78295181258,300000.0,False,False
98,2,0,3,DEFENSIVO,0.001752552952065769,0.004040019419323658,0.0006334575752681028,2.766646134627127,7339126725.465458,2660873274.534542,4664870.625444,2015421.903688,3413.277765,6651531.993876,0.0,2851167.129026,2851167.128926,1191.306995,126006.58428899999,5945.565822193496,62739.063773,162382.96544836363,300000.0,False,False
99,2,0,3,DEFENSIVO,0.001687931818728619,0.0038882718321884943,0.0006398448289419855,2.638033070486318,7313154734.068897,2686845265.9311028,4695902.284239,2029042.701363,3480.819297,6695370.94455,0.0,2870069.615906,2870069.615793,1458.159018,126016.57914100001,6004.602154963693,62741.437554,154346.49849959122,300000.0,False,False
100,2,0,3,DEFENSIVO,0.0016379414364896614,0.0037430892260143763,0.0006463609248310029,2.5340972412865406,7286389531.8319025,2713610468.1680975,4726937.457345,2042667.1712,3548.807211,6739210.77835,0.0,2888973.616719,2888973.616592,1727.660421,126026.67201799998,6064.217492137118,62743.834613000006,148129.27885104867,300000.0,False,False
101,2,0,3,DEFENSIVO,0.0015988248621638126,0.003604749589636921,0.0006529950324974976,2.448448736353809,7258968938.980558,2741031061.0194416,4757976.169128,2056295.324298,3617.241557,6783051.503936,0.0,2907879.146305,2907879.146168,1999.837183,126036.86385799998,6124.417368798256,62746.25517199999,143216.15203910373,300000.0,False,False
102,2,0,3,DEFENSIVO,0.0015680080499094356,0.0034733469096545028,0.0006597381094258497,2.376712861523228,7231008861.7892885,2768991138.2107115,4789018.444184,2069927.171855,3686.122387,6826893.130048,0.0,2926786.219652,2926786.219506,2274.715531,126047.15560499999,6185.207370081213,62748.69945900001,139269.84015980386,300000.0,False,False
103,2,0,3,DEFENSIVO,0.0015436628028681878,0.0033488511608295796,0.0006665825473971679,2.315786407693677,7202607234.578645,2797392765.4213552,4820064.307343,2083562.725172,3755.449752,6870735.665514,0.0,2945694.851893,2945694.851735,2552.321937,126057.54821400002,6246.593131564777,62751.167707,136059.36125102485,300000.0,False,False
104,2,0,3,DEFENSIVO,0.0015244519922837801,0.0032311479886653347,0.0006735219102861149,2.2634037126367375,7173847093.918316,2826152906.081684,4851113.783674,2097201.995654,3825.223704,6914579.119242,0.0,2964605.058301,2964605.05813,2832.683132,126068.04264900001,6308.580339669345,62753.660136,133420.7624602603,300000.0,False,False
105,2,0,3,DEFENSIVO,0.0015093735505550391,0.0031200657668517674,0.0006805507330404204,2.217870729213353,7144799028.931437,2855200971.0685635,4882166.898486,2110844.994809,3895.444295,6958423.500228,0.0,2983516.854293,2983516.854109,3115.8261,126078.639879,6371.174732055798,62756.17697800001,131234.2259359558,300000.0,False,False
106,2,0,3,DEFENSIVO,0.0014976609859519287,0.0030153944906646814,0.0006876643636067134,2.177895300691292,7115523166.2794285,2884476833.7205715,4913223.677328,2124491.734251,3966.111578,7002268.817552,0.0,3002430.255433,3002430.255238,3401.778084,126089.34088499998,6434.3820980262535,62758.718464,129410.04813960526,300000.0,False,False
107,2,0,2,CONSERVADOR,0.001488717731537082,0.002916899215882256,0.0006948588361596567,2.1424750669717634,7086070798.043222,2913929201.9567776,4944284.145988,2138142.2257,4037.225606,7046115.080381,0.0,3021345.27744,3021345.277234,3690.566583,126100.14665900002,6498.20827892668,62761.284836000006,127879.69728928605,300000.0,False,False
108,2,0,2,CONSERVADOR,0.0014823089233288649,0.0028243450034594565,0.0007021307678550028,2.1111579084581247,7056398628.143425,2943601371.856575,4975348.330505,2151796.480983,4108.786433,7090098.402598,0.0,3040261.936178,3040261.935959,3846.114732,126111.05819499998,6562.6591685513995,62899.980955000006,126589.9109276888,300000.0,False,False
109,2,0,2,CONSERVADOR,0.001477789751282031,0.002737470471060913,0.0007094860311881522,2.0829018279714777,7026634153.174749,2973365846.8252506,5006416.257163,2165454.512033,4180.794113,7134084.038659,0.0,3059180.247662,3059180.247431,4003.205443,126122.0765,6627.740713549387,62903.947544999995,125517.15183675072,300000.0,False,False
110,2,0,2,CONSERVADOR,0.0014748610389355725,0.0026560117980205687,0.0007169133674363819,2.057237465399123,6996808989.055053,3003191010.9449472,5037487.952496,2179116.330894,4253.248699,7178072.011199,0.0,3078100.22806,3078100.227816,4161.853807,126133.202591,6693.45891383239,62907.952937999995,124606.65525083925,300000.0,False,False
111,2,0,2,CONSERVADOR,0.0014732782723012319,0.0025797064092644827,0.000724410720832402,2.033761000400885,6966950181.865636,3033049818.134364,5068563.443288,2192781.949722,4326.150247,7222062.343068,0.0,3097021.893693,3097021.893436,4322.075057,126144.43749099999,6759.8198229848185,62911.997502,123831.85169797787,300000.0,False,False
112,2,0,2,CONSERVADOR,0.001472839981788849,0.0025082956720079907,0.0007319763488267686,2.012141490841277,6937080871.683298,3062919128.316702,5099642.75658,2206451.38078,4399.498811,7266055.057333,0.0,3115945.26104,3115945.260769,4483.884572,126155.78224,6826.829548675443,62916.081611999994,123171.0759257731,300000.0,False,False
113,2,0,2,CONSERVADOR,0.0014733789906671243,0.002441526853856967,0.0007396087799137937,1.9921058682386874,6907220855.87767,3092779144.1223297,5130725.919669,2220124.636446,4473.294446,7310050.177282,0.0,3134870.346732,3134870.346448,4647.297875,126167.23787499999,6894.494253070776,62920.205641,122606.52077661362,300000.0,False,False
114,2,0,2,CONSERVADOR,0.0014747557272789856,0.002379154523110001,0.0007473067776196235,1.9734274750946137,6877387068.269889,3122612931.730111,5161812.960113,2233801.729208,4547.537209,7354047.726423,0.0,3153797.167556,3153797.167263,4812.330639,126178.805449,6962.820153250198,62924.369965,122123.44911537544,300000.0,False,False
115,2,0,2,CONSERVADOR,0.0014768530470863112,0.00232094152465686,0.0007550693096342407,1.9559171962660038,6847593987.537986,3152406012.462014,5192903.905726,2247482.671671,4622.227155,7398047.728484,0.0,3172725.740467,3172725.740165,4978.998685,126190.486027,7031.813521622737,62928.574971999995,121709.59161174542,300000.0,False,False
116,2,0,2,CONSERVADOR,0.0014795721756260252,0.002266659631171,0.0007628955212730507,1.9394165182108416,6817853985.89232,3182146014.1076803,5223998.784589,2261167.476551,4697.364341,7442050.207422,0.0,3191656.082577,3191656.082264,5147.317981,126202.280677,7101.480686345562,62932.821048,121354.68054846454,300000.0,False,False
117,2,0,2,CONSERVADOR,0.0014828294950552643,0.0022160899449699847,0.0007707847125973927,1.9237920405276603,6788177627.185711,3211822372.814289,5255097.625047,2274856.156684,4772.948824,7486055.187418,0.0,3210588.211158,3210588.210835,5317.304651,126214.19048400002,7171.828031744043,62937.108577,121050.08466008722,300000.0,False,False
118,2,0,2,CONSERVADOR,0.0014865539736090654,0.00216902310810799,0.0007787363186467748,1.908931095177735,6758573922.074245,3241426077.9257545,5286200.455715,2288548.72502,4848.980662,7530062.692885,0.0,3229522.143648,3229522.143311,5488.974967,126226.216532,7242.861998733446,62941.437957,120788.52003918277,300000.0,False,False
119,2,0,2,CONSERVADOR,0.0014906850906960245,0.0021252593650491537,0.0007867498923271505,1.8947382201561966,6729050546.643925,3270949453.3560753,5317307.305477,2302245.194629,4925.459912,7574072.748466,0.0,3248457.897645,3248457.897298,5662.345358,126238.35992799999,7314.589085242162,62945.80957799999,120563.81903748092,300000.0,False,False
120,2,0,2,CONSERVADOR,0.001495171148381257,0.0020846085123609023,0.0007948250895753031,1.8811322994096324,6699614029.883519,3300385970.116481,5348418.203493,2315945.578699,5002.386632,7618085.379035,0.0,3267395.490918,3267395.490562,5837.432411,126250.62178100001,7387.015846636527,62950.22384199999,120370.74389306438,300000.0,False,False
121,2,0,2,CONSERVADOR,0.0014999678870589173,0.0020468897623414197,0.0008029616564765791,1.8680442272185491,6670269914.554288,3329730085.445712,5379533.179189,2329649.890539,5079.760882,7662100.609703,0.0,3286334.941412,3286334.941038,6014.252861,126263.00320599998,7460.148896147099,62954.68116199999,120204.83523326548,300000.0,False,False
122,2,0,2,CONSERVADOR,0.0015050373428284742,0.0020119315417276816,0.0008111594180730457,1.8554149890828786,6641022895.318024,3358977104.6819763,5410652.26228,2343358.14358,5157.58272,7706118.46582,0.0,3305276.26722,3305276.266835,6192.823609,126275.50533499998,7533.99490529641,62959.181925000004,120062.28803815991,300000.0,False,False
123,2,0,2,CONSERVADOR,0.0015103468988286934,0.0019795712421858116,0.0008194182686211632,1.8431940764149146,6611876937.402568,3388123062.597432,5441775.482755,2357070.351373,5235.852206,7750138.972971,0.0,3324219.486623,3324219.486228,6373.161713,126288.129306,7608.560604328149,62963.726554,119939.84942438999,300000.0,False,False
124,2,0,2,CONSERVADOR,0.0015158684931673256,0.0019496549357975225,0.0008277381631121213,1.8313381703556824,6582835378.578414,3417164621.421586,5472902.870889,2370786.527591,5314.569399,7794162.156985,0.0,3343164.618074,3343164.617666,6555.284391,126300.876273,7683.852782637775,62968.315465,119834.73393411512,300000.0,False,False
125,2,0,2,CONSERVADOR,0.0015215779544399115,0.0019220370660325153,0.000836119109882346,1.819810044353632,6553901016.838659,3446098983.1613407,5504034.457239,2384506.686037,5393.73436,7838188.043934,0.0,3362111.680189,3362111.679772,6739.209027,126313.74739100003,7759.878289204443,62972.949064,119744.55295313065,300000.0,False,False
126,2,0,1,NORMAL,0.0015274544419408363,0.0018965801225427296,0.0008445611641724101,1.8085776456908207,6524622820.194591,3475377179.8054094,5535170.272652,2398230.840632,5473.34715,7882909.15545,0.0,3381060.691774,3381060.691344,6232.457849,126326.74383300002,7836.644033024285,62977.627785,119667.25563363628,300000.0,False,False
127,2,0,1,NORMAL,0.0015338290563101811,0.0018731768279470814,0.000853123697975999,1.7978976084583371,6495793692.732777,3504206307.2672234,5566310.348263,2411959.00543,5553.40783,7927128.108819,0.0,3400011.671796,3400011.671357,6232.457849,126339.866773,7914.156983544922,63169.93339099999,119592.76930433729,300000.0,False,False
128,2,0,1,NORMAL,0.0015402985411679024,0.001851700809445199,0.0008617045091444636,1.78750200889302,6467082641.006098,3532917358.993902,5597454.7155,2425691.19461,5633.916462,7971351.699909,0.0,3418964.639419,3418964.638964,6232.457849,126353.11740999999,7992.424171101292,63176.55871299999,119561.24531651929,300000.0,False,False
129,2,0,1,NORMAL,0.0015468547579578754,0.0018320333222524687,0.0008703466027167307,1.7772859147487543,6438490251.386151,3561509748.6138487,5628603.406088,2439427.422481,5714.873109,8015579.973834,0.0,3437919.613969,3437919.613503,6232.457849,126366.49693899998,8071.452687352602,63183.24847499999,119534.8554906475,300000.0,False,False
130,2,0,1,NORMAL,0.001553490672975655,0.001814062828750739,0.0008790502479721085,1.7672376255617028,6410016953.756837,3589983046.243163,5659756.452047,2453167.703481,5796.277832,8059812.97613,0.0,3456876.614963,3456876.614486,6232.457849,126380.00656899999,8151.249685720472,63190.00329,119512.91135306479,300000.0,False,False
131,2,0,1,NORMAL,0.0015602002085364122,0.0017976845951885245,0.0008878157307157544,1.757346884672322,6381663043.542007,3618336956.4579926,5690913.8857,2466912.052177,5878.130695,8104050.75276,0.0,3475835.662104,3475835.661613,6232.457849,126393.647528,8231.822381828144,63196.823771,119494.81861532481,300000.0,False,False
132,2,0,1,NORMAL,0.0015669781147263932,0.0017828003061264516,0.0008966433515262946,1.747604676997865,6353428700.6713505,3646571299.3286495,5722075.739673,2480660.483273,5960.431761,8148293.350122,0.0,3494796.77527,3494796.774766,6232.457849,126407.421043,8313.178053940812,63203.710527999996,119480.06413612026,300000.0,False,False
133,2,0,1,NORMAL,0.0015738198587994464,0.0017693176966214837,0.0009055334242262088,1.7380030562033622,6324917997.584131,3675082002.4158688,5753242.046896,2494413.011602,6043.181095,8193164.060829,0.0,3513759.974532,3513759.974016,5609.212065,126421.328358,8395.324043406908,63210.664185,119468.20472911862,300000.0,False,False
134,2,0,1,NORMAL,0.0015807352619226296,0.001757151087931235,0.0009145435312863213,1.7284417940164074,6296923189.839299,3703076810.160701,5784412.840607,2508169.652135,6126.378761,8237416.440582,0.0,3532725.280149,3532725.279622,5609.212065,126435.37072899999,8478.267755100382,63217.68536999999,119451.37859851123,300000.0,False,False
135,2,0,1,NORMAL,0.0015877054789335122,0.0017462191131571885,0.0009235602815895896,1.7191140747205222,6269048157.044975,3730951842.9550247,5815588.154356,2521930.419976,6210.024824,8281673.782875,0.0,3551692.712571,3551692.71203,5609.212065,126449.549416,8562.01665786387,63224.774715,119445.22233356767,300000.0,False,False
136,2,0,1,NORMAL,0.001594727834913538,0.0017364454823027597,0.0009326404703778788,1.709906320350221,6241292729.426569,3758707270.573431,5846768.022008,2535695.330366,6294.119349,8325936.135868,0.0,3570662.292433,3570662.291882,5609.212065,126463.86570000001,8646.578284952713,63231.932855,119440.82527966013,300000.0,False,False
137,2,0,1,NORMAL,0.0016018000304629891,0.0017277586789582584,0.0009417844559715192,1.7008138330448614,6213656687.812058,3786343312.1879416,5877952.477742,2549464.398684,6378.662403,8370203.548168,0.0,3589634.040569,3589634.04001,5609.212065,126478.32086400001,8731.960234479844,63239.160436,119437.95889752047,300000.0,False,False
138,2,0,1,NORMAL,0.0016089200922326128,0.0017200916733630554,0.0009509926043459469,1.6918323916295448,6186139770.791919,3813860229.2080812,5909141.556054,2563237.640452,6463.654052,8414476.068838,0.0,3608607.978007,3608607.977439,5609.212065,126492.91620699999,8818.170169861334,63246.458108000006,119436.42566188695,300000.0,False,False
139,2,0,1,NORMAL,0.0016160863300510066,0.0017133816512138911,0.0009602652885106972,1.6829581881038738,6158741680.891237,3841258319.1087627,5940335.291767,2577015.071326,6549.094363,8458753.747396,0.0,3627584.125973,3627584.125391,5609.212065,126507.65303399999,8905.215820262702,63253.826524,119436.05484703643,300000.0,False,False
140,2,0,1,NORMAL,0.0016232972997569162,0.0017075697575715057,0.0009696028879660454,1.6741877730605137,6131116545.529578,3868883454.470422,5971533.720029,2590796.707107,6634.983403,8503597.555034,0.0,3646562.505882,3646562.505288,5048.290859,126522.53267,8993.104981045779,63261.26634099999,119436.69888964425,300000.0,False,False
141,2,0,1,NORMAL,0.0016305645185683843,0.0017026016776358205,0.0009790609641377338,1.665437167137426,6103955311.338806,3896044688.661194,6002736.876307,2604582.563742,6721.321241,8547885.699786,0.0,3665543.139359,3665543.138751,5048.290859,126537.556444,9081.845514216257,63268.77822900001,119431.49919423739,300000.0,False,False
142,2,0,1,NORMAL,0.0016378725815190528,0.00169842560691861,0.0009885303034899758,1.6568764515732033,6076912026.964438,3923087973.0355616,6033944.796407,2618372.657317,6808.107945,8592179.153777,0.0,3684526.04822,3684526.047603,5048.290859,126552.72569499999,9171.445348871644,63276.362852000006,119434.71544315311,300000.0,False,False
143,2,0,1,NORMAL,0.0016452208173573751,0.0016949930398501433,0.0009980657099442477,1.648409319111141,6049986270.76707,3950013729.23293,6065157.516461,2632167.004065,6895.343584,8636477.968396,0.0,3703511.254497,3703511.253867,5048.290859,126568.04177899998,9261.912481649702,63284.020895999995,119438.49107122111,300000.0,False,False
144,2,0,1,NORMAL,0.0016526086675186147,0.0016922585642158512,0.001007667588007939,1.6400335658167406,6023177608.806871,3976822391.1931286,6096375.072945,2645965.620364,6983.028227,8680782.195516,0.0,3722498.780414,3722498.779773,5048.290859,126583.50606300001,9353.254977177301,63291.753036999995,119442.76028870756,300000.0,False,False
145,2,0,1,NORMAL,0.0016600356715284622,0.0016901796679134392,0.0010173363464667635,1.6317471378013877,5996485596.864018,4003514403.1359816,6127597.502664,2659768.522743,7071.161945,8725091.887486,0.0,3741488.648412,3741488.647759,5048.290859,126599.11992400001,9445.480968519525,63299.559968,119447.46626781936,300000.0,False,False
146,2,0,1,NORMAL,0.0016675014542929475,0.0016887165573572784,0.0010270723982046884,1.6235481132661362,5969909782.165979,4030090217.8340206,6158824.842771,2673575.727877,7159.744808,8769407.097144,0.0,3760480.881135,3760480.880468,5048.290859,126614.884748,9538.59865762908,63307.44238099999,119452.55993521096,300000.0,False,False
147,2,0,1,NORMAL,0.0016750057150794796,0.0016878319868877433,0.0010368761600472876,1.6154346870151681,5943148315.410702,4056851684.5892987,6190057.130761,2687387.252594,7248.776888,8814232.706903,0.0,3779475.501438,3779475.500755,4543.461774,126630.80193799999,9632.616315795838,63315.400977,119457.99892511357,300000.0,False,False
148,2,0,1,NORMAL,0.0016825600562171909,0.0016874918623283528,0.001046801135409167,1.6073349553251322,5916803695.288401,4083196304.7116,6221294.404477,2701203.113873,7338.258256,8858559.112417,0.0,3798472.532384,3798472.531686,4543.461774,126646.872905,9727.542284096517,63323.436460000004,119457.68872653488,300000.0,False,False
149,2,0,1,NORMAL,0.0016901509629012458,0.0016876634172040233,0.0010567422926484693,1.5993974828671715,5890574035.5449295,4109425964.455071,6252536.70211,2715023.328845,7428.188984,8902891.197089,0.0,3817471.997254,3817471.996543,4543.461774,126663.099071,9823.384973844348,63331.54954200001,119464.53069804642,300000.0,False,False
150,2,0,1,NORMAL,0.001854831194940498,0.0016984484351225055,0.0010667524122931586,1.7387644720233022,5866670071.252145,4133329928.7478557,6283784.062209,2728847.914791,7518.569146,8947229.015742,0.0,3836473.919547,3836473.918822,4543.461774,126679.481878,9920.152867038754,63339.74094599999,39823.83751286936,300000.0,False,False
151,2,0,1,NORMAL,0.002027562030098343,0.001719681570282237,0.001076426055492696,1.8836054922233354,5844799663.684959,4155200336.315041,6315036.523675,2742676.889156,7609.398814,8991572.623708,0.0,3855478.32297,3855478.322235,4543.461774,126696.022768,10017.854516814832,63348.01138900001,43526.73063432909,300000.0,False,False
152,2,0,0,ACELERADO,0.0022072294052440837,0.0017511362693120338,0.0010858018222934032,2.0328105552282363,5824706848.225165,4175293151.774835,6346294.125769,2756510.269533,7700.678063,9035922.076825,0.0,3874485.23146,3874485.230712,4543.461774,126712.723201,10116.498547892701,63356.361607000006,47402.775486476756,300000.0,False,False
153,2,0,0,ACELERADO,0.0023924794277754837,0.0017925132472774176,0.0010949146582471,2.1850830197174598,5806167355.633481,4193832644.3665195,6377556.908114,2770348.073681,7792.406967,9080277.431452,0.0,3893494.669163,3893494.668407,4543.461774,126729.58465199999,10216.093657026508,63364.792330000004,51425.856929316695,300000.0,False,False
154,2,0,0,ACELERADO,0.0025817490030470556,0.0018434316831335235,0.0011037961047536437,2.3389727431800247,5788808712.662337,4211191287.337663,6408824.910696,2784190.319512,7884.585601,9125093.090637,0.0,3912506.660465,3912506.659695,4089.115597,126746.608606,10316.6486134531,63373.30431000001,55564.54381029874,300000.0,False,False
155,2,0,0,ACELERADO,0.002773317471222948,0.0019034243146231638,0.0011125083749594358,2.4928508707397987,5772810786.26034,4227189213.7396607,6440098.173875,2798037.025101,7977.214041,9169460.419431,0.0,3931521.229958,3931521.229175,4089.115597,126763.79656099998,10418.172259340212,63381.898287,59781.00449098439,300000.0,False,False
156,2,0,0,ACELERADO,0.0029653505650318085,0.0019719356856172697,0.0011210096741398994,2.6452497542512194,5757846821.112589,4242153178.8874116,6471376.738377,2811888.208686,8070.292363,9213833.821937,0.0,3950538.402468,3950538.401677,4089.115597,126781.150024,10520.67351023414,63390.575015999995,64039.34804640033,300000.0,False,False
157,2,0,0,ACELERADO,0.003155984247457846,0.002048325915413436,0.0011293563110184462,2.794498261236792,5743784794.436838,4256215205.5631623,6502660.645301,2825743.888667,8163.820644,9258213.356613,0.0,3969558.203055,3969558.202253,4089.115597,126798.67051499999,10624.161355506743,63399.335263,68296.13729741127,300000.0,False,False
158,2,0,0,ACELERADO,0.0033433934391060333,0.002131878658877475,0.0011375687234068167,2.9390694120819028,5730509143.019675,4269490856.980325,6533949.936131,2839604.083609,8257.798961,9302599.082461,0.0,3988580.656998,3988580.656186,4089.115597,126816.35957199997,10728.644858801757,63408.179790999995,72509.17732812226,300000.0,False,False
159,2,0,0,ACELERADO,0.0035258636266849944,0.002221813172929573,0.0011456651562491815,3.0775690501301423,5717918759.143219,4282081240.8567815,6565244.652725,2853468.812242,8352.227392,9346991.059017,0.0,4007605.789818,4007605.788993,4089.115597,126834.21873899999,10834.133158480265,63417.10937599999,76637.38668603648,300000.0,False,False
160,2,0,0,ACELERADO,0.003701854773097144,0.0023172997277790936,0.001153661868101364,3.2087866258329765,5705925234.255733,4294074765.744268,6596544.837325,2867338.093467,8447.106016,9391389.346368,0.0,4026633.627264,4026633.626426,4089.115597,126852.249581,10940.635468065233,63426.12479699999,80642.4070928115,300000.0,False,False
161,2,0,0,ACELERADO,0.003870052495882433,0.0024174773257212446,0.0011615733225476658,3.3317332799915635,5694345657.392452,4305654342.607548,6627850.532563,2881211.946348,8542.434913,9436202.916709,0.0,4045664.19532,4045664.194473,3680.204038,126870.45366699998,11048.161076685094,63435.226837999995,84490.02625346009,300000.0,False,False
162,2,0,0,ACELERADO,0.004029410452871274,0.002521473011343827,0.0011694340635626877,3.4456072201246233,5683323923.091755,4316676076.908245,6659161.781455,2895090.390123,8638.214162,9480614.008109,0.0,4064697.520217,4064697.519358,3680.204038,126888.83258199999,11156.719349516114,63444.416296999996,88149.66649523581,300000.0,False,False
163,2,0,0,ACELERADO,0.004179145630485915,0.0026284196319336394,0.0011772122648563287,3.5500357541687295,5672695534.014575,4327304465.985425,6690478.627415,2908973.444204,8734.443844,9525031.59388,0.0,4083733.628417,4083733.627543,3680.204038,126907.38792699999,11266.319728223654,63453.69397100001,91601.77929103718,300000.0,False,False
164,2,0,0,ACELERADO,0.004318760329144595,0.0027374738704633787,0.001184939518426608,3.6447095079410903,5662409215.934775,4337590784.065225,6721801.114256,2922861.128169,8831.124039,9569455.736336,0.0,4102772.546623,4102772.545736,3680.204038,126926.12131100001,11376.971731401993,63463.060662,94828.0830162159,300000.0,False,False
165,2,0,0,ACELERADO,0.004448020212674782,0.0028478316989931467,0.0011926247342168052,3.729605872710488,5652420331.015504,4347579668.984496,6753129.286181,2936753.461779,8928.25483,9613886.498359,0.0,4121814.301785,4121814.300887,3680.204038,126945.034359,11488.684955012808,63472.517185,97818.35315664743,300000.0,False,False
166,2,0,0,ACELERADO,0.004566927812854279,0.002958741125693865,0.0012002757740035435,3.8048987672401324,5642690060.061817,4357309939.938183,6784463.187803,2950650.464963,9025.836299,9658323.943404,0.0,4140858.921102,4140858.920191,3680.204038,126964.12871100001,11601.469072822038,63482.064362000005,100568.31953156338,300000.0,False,False
167,2,0,0,ACELERADO,0.004675688203280775,0.003069511904893021,0.0012078995641428747,3.87092465473207,5633184680.282042,4366815319.717958,6815802.864142,2964552.157832,9123.868529,9702768.135508,0.0,4159906.432011,4159906.43109,3680.204038,126983.406016,11715.333836835158,63491.703013000006,103079.03269845077,300000.0,False,False
168,2,0,0,ACELERADO,0.004774670662744898,0.0031795221473350775,0.0012155021980000446,3.928146465387735,5623797849.787594,4376202150.212406,6847148.360623,2978458.560671,9222.351604,9747587.159686,0.0,4178956.862211,4178956.861278,3312.183635,127002.867938,11830.289077730602,63501.433975,105356.06062598691,300000.0,False,False
169,2,0,0,ACELERADO,0.004864377886272537,0.0032882225175891074,0.0012231057919951365,3.977070436677222,5614658370.559333,4385341629.440667,6878499.723085,2992369.693949,9321.285608,9792045.040336,0.0,4198010.239646,4198010.238699,3312.183635,127022.51615599997,11946.34470529138,63511.258084999994,107407.13042635465,300000.0,False,False
170,2,0,0,ACELERADO,0.004945383781683057,0.0033951361475306526,0.0012306816446778113,4.018410287558765,5605667193.072423,4394332806.927577,6909856.997784,3006285.578317,9420.670626,9836509.863658,0.0,4217066.592511,4217066.59155,3312.183635,127042.35235999999,12063.510708834598,63521.176187000005,109247.28006689526,300000.0,False,False
171,2,0,0,ACELERADO,0.0050183260548358035,0.0034998580770342113,0.0012382505047699008,4.0527551052913475,5596805307.276432,4403194692.723568,6941220.231394,3020206.234606,9520.506744,9880981.696043,0.0,4236125.94926,4236125.948286,3312.183635,127062.378255,12181.797157638925,63531.189134,110888.7024885326,300000.0,False,False
172,2,0,0,ACELERADO,0.0050838691195513,0.0036020523378417655,0.0012458159768300148,4.080754472652719,5588056280.226946,4411943719.773054,6972589.471012,3034131.683835,9620.794048,9925460.604486,0.0,4255188.338606,4255188.337617,3312.183635,127082.595563,12301.214201369718,63541.29778899999,112346.37558939449,300000.0,False,False
173,2,0,0,ACELERADO,0.005142681022106835,0.003701447736826609,0.0012533812139548727,4.103046196041035,5579405918.3031225,4420594081.6968775,7003964.764159,3048061.947208,9721.532625,9969946.656586,0.0,4274253.789516,4274253.788515,3312.183635,127103.006008,12421.772070501847,63551.50301,113635.7870454419,300000.0,False,False
174,2,0,0,ACELERADO,0.005195415531846198,0.003797832755860131,0.0012609489723113165,4.120242488736887,5570841971.166408,4429158028.833592,7035346.158792,3061997.046111,9822.722563,10014439.920554,0.0,4293322.331226,4293322.330212,3312.183635,127123.61134300001,12543.481076739907,63561.805678000004,114772.4197227521,300000.0,False,False
175,2,0,0,ACELERADO,0.0052426989717142165,0.0038910499310765238,0.0012685216597180526,4.132920341998324,5562290695.713272,4437709304.286728,7066733.703291,3075937.002128,9924.363951,10059271.683579,0.0,4312393.993231,4312393.992208,2980.965272,127144.41332499999,12666.351613435865,63572.206667000006,115771.35560983459,300000.0,False,False
176,2,0,0,ACELERADO,0.005285129277570921,0.003980990534076163,0.0012761158728991568,4.141574750233179,5553869351.132188,4446130648.867812,7098127.446479,3089881.837025,10026.456878,10103779.578381,0.0,4331468.8053,4331468.804263,2980.965272,127165.41372800001,12790.394156003842,63582.70687100001,116645.6628431661,300000.0,False,False
177,2,0,0,ACELERADO,0.005323245154155863,0.0040675876063393695,0.0012837045646681632,4.146783692034248,5545506911.731619,4454493088.268381,7129527.437619,3103831.572764,10129.001433,10148294.893397,0.0,4350546.797456,4350546.796412,2980.965272,127186.614337,12915.61926233203,63593.307172,117411.67004589016,300000.0,False,False
178,2,0,0,ACELERADO,0.005357549442247705,0.00415081095059152,0.001291303723967942,4.148946016964102,5537196618.674702,4462803381.325298,7160933.726409,3117786.231503,10231.997707,10192817.699329,0.0,4369628.000008,4369627.998953,2980.965272,127208.016957,13042.037573191468,63604.008484,118080.37118085274,300000.0,False,False
179,2,0,0,ACELERADO,0.0053884992478012,0.0042306618084760154,0.0012989147502449443,4.1484625890845095,5528932653.859792,4471067346.140208,7192346.363003,3131745.83559,10335.445792,10237348.067518,0.0,4388712.443526,4388712.44246,2980.965272,127229.62340299998,13169.659812641694,63614.811707,118663.21862398612,300000.0,False,False
180,2,0,0,ACELERADO,0.005416506726837488,0.004307167932241273,0.0013065388656814316,4.1456912374454955,5520710010.619394,4479289989.380606,7223765.398003,3145710.407568,10439.345779,10281886.069942,0.0,4407800.158857,4407800.157784,2980.965272,127251.43550300002,13298.496788432927,63625.717755000005,119170.59778586793,300000.0,False,False
181,2,0,0,ACELERADO,0.005441940955570985,0.004380379095036738,0.0013141771381764728,4.140949341975404,5512524381.696427,4487475618.303573,7255190.882458,3159679.970187,10543.697761,10326431.779225,0.0,4426891.17713,4426891.176047,2980.965272,127273.45510199999,13428.559392404828,63636.727556,119611.85163775606,300000.0,False,False
182,2,0,0,ACELERADO,0.0054651305104684,0.004450363057322652,0.0013218305014804507,4.134516872131073,5504317517.12895,4495682482.87105,7286622.867881,3173654.546386,10648.501832,10371283.365168,0.0,4445985.52975,4445985.528653,2682.868745,127295.684058,13559.858600881518,63647.84203600001,119995.32880534965,300000.0,False,False
183,2,0,0,ACELERADO,0.005486374068487612,0.004517202477397811,0.0013295129475127188,4.126604467261216,5496195332.435064,4503804667.564936,7318061.406244,3187634.159314,10753.758086,10415844.708652,0.0,4465083.248393,4465083.247285,2682.868745,127318.12424299998,13692.405475062838,63659.06212699999,120327.25440866838,300000.0,False,False
184,2,0,0,ACELERADO,0.005505919808398266,0.004580990692301066,0.0013371989358909547,4.1175023854844435,5488100541.066869,4511899458.933131,7349506.549981,3201618.832316,10859.466618,10460413.980791,0.0,4484184.365032,4484184.363913,2682.868745,127340.777545,13826.211161411567,63670.38877799999,120616.73418885755,300000.0,False,False
185,2,0,1,NORMAL,0.005523993539977494,0.004641829585699546,0.0013449021745800898,4.107357133021377,5480030785.784139,4519969214.215861,7380958.351995,3215608.588945,10965.627524,10504991.256842,0.0,4503288.91192,4503288.910792,2682.868745,127363.64586899999,13961.286892036507,63681.822939000005,120868.16591816525,300000.0,False,False
186,2,0,1,NORMAL,0.0055407931353717325,0.004699827234065495,0.0013526232160756659,4.096331535286749,5471984039.623129,4528015960.376871,7412416.865661,3229603.452958,11072.2409,10549576.612733,0.0,4522396.921596,4522396.920457,2682.868745,127386.731123,14097.643985071285,63693.36556699999,121086.61863819748,300000.0,False,False
187,2,0,1,NORMAL,0.005556491530711839,0.004755095898365259,0.0013603625469162885,4.084566679160247,5463958559.500011,4536041440.499989,7443882.144827,3243603.44832,11179.306844,10594170.125067,0.0,4541508.426888,4541508.425742,2682.868745,127410.03524499998,14235.293845048622,63705.01762600001,121276.52641443007,300000.0,False,False
188,2,0,1,NORMAL,0.0055712395295659176,0.004807750326184656,0.0013681205965270066,4.0721845308875455,5455952846.261099,4544047153.738901,7475354.243822,3257608.599203,11286.825453,10638771.871126,0.0,4560623.460921,4560623.459767,2682.868745,127433.56017599998,14374.247963269985,63716.780092,121441.7578400891,300000.0,False,False
189,2,0,1,NORMAL,0.005585168383189673,0.004857906329862399,0.00137589774490048,4.059290309828696,5447917574.707769,4552082425.292231,7506833.217454,3271618.929994,11394.796827,10683650.215756,0.0,4579742.057109,4579742.055947,2414.581871,127457.30788000001,14514.51791817038,63728.653944000005,121585.68067415005,300000.0,False,False
190,2,0,1,NORMAL,0.0055983991308472415,0.004905680058958195,0.0013837065296323544,4.045943999653391,5439947716.348055,4560052283.651945,7538319.121022,3285634.465286,11503.221065,10728268.66387,0.0,4598864.249167,4598864.247993,2414.581871,127481.28033200002,14656.11537567816,63740.640172,121710.1479699248,300000.0,False,False
191,2,0,1,NORMAL,0.005611022791661658,0.004951186041713258,0.0013915229345970194,4.032289121620976,5431994279.071821,4568005720.928179,7569812.010307,3299655.229891,11612.098268,10772895.581699,0.0,4617990.071101,4617990.069917,2414.581871,127505.479516,14799.05208956959,63752.739763,121819.99426822955,300000.0,False,False
192,2,0,1,NORMAL,0.00562312525571426,0.004994536958745581,0.0013993593422719612,4.018356890793117,5424056439.245713,4575943560.754287,7601311.941587,3313681.248834,11721.428537,10817531.049301,0.0,4637119.557228,4637119.556029,2414.581871,127529.907443,14943.339901818119,63764.953729,121916.17481619092,300000.0,False,False
193,2,0,1,NORMAL,0.005634780885160684,0.005035843018514298,0.0014072159936268003,4.004204692584707,5416133487.306168,4583866512.693832,7632818.971641,3327712.547355,11831.211974,10862175.147444,0.0,4656252.742157,4656252.740944,2414.581871,127554.56612999999,15088.990742937965,63777.28307199999,122000.59500776853,300000.0,False,False
194,2,0,1,NORMAL,0.005646054005498887,0.005075211469287497,0.0014150931057550474,3.989881642795749,5408224811.597875,4591775188.402125,7664333.157736,3341749.15092,11941.448682,10906827.957605,0.0,4675389.66081,4675389.659582,2414.581871,127579.45761299999,15236.016632322082,63789.728814,122074.90178300589,300000.0,False,False
195,2,0,1,NORMAL,0.005657000219085505,0.005112746227338982,0.001422990875148779,3.9754297219186623,5400329884.490515,4599670115.509485,7695854.557657,3355791.085205,12052.138765,10951489.561981,0.0,4694530.348413,4694530.34717,2414.581871,127604.58394300002,15384.429678574004,63802.291979,122140.51744064258,300000.0,False,False
196,2,0,1,NORMAL,0.005667667558086796,0.005148547603516261,0.00143090948052686,3.960884762605643,5392405647.714327,4607594352.285673,7727383.22969,3369838.376118,12163.282327,10996401.50168,0.0,4713674.840498,4713674.839243,2173.123684,127629.94718199997,15534.242079833704,63814.97359699999,122198.66935878736,300000.0,False,False
197,2,0,1,NORMAL,0.005678103879822557,0.005182712524568281,0.0014388604529267498,3.946250568130404,5384536921.950121,4615463078.049879,7758919.232635,3383891.049779,12274.879474,11041080.943971,0.0,4732823.172917,4732823.171653,2173.123684,127655.549411,15685.46612409695,63827.774710000005,122249.45019837804,300000.0,False,False
198,2,0,1,NORMAL,0.0056883377109380765,0.005215333504334075,0.0014468212844911692,3.931610470424204,5376680762.607459,4623319237.392541,7790462.625806,3397949.132542,12386.930312,11085769.431423,0.0,4751975.381837,4751975.380559,2173.123684,127681.39272999998,15838.1141895282,63840.69637200001,122295.83995029118,300000.0,False,False
199,2,0,1,NORMAL,0.005698400049512891,0.005246499087893999,0.0014548034027673346,3.9169554035090686,5368836873.560599,4631163126.439401,7822013.469035,3412012.650986,12499.434948,11130467.049156,0.0,4771131.503733,4771131.502442,2173.123684,127707.479245,15992.198744766627,63853.739629,122337.50376646123,300000.0,False,False
200,2,0,1,NORMAL,0.005708317630686285,0.005276293832590277,0.0014628069370765835,3.9023041838278028,5361004997.906962,4638995002.093038,7853571.822677,3426081.631916,12612.393491,11175173.883031,0.0,4790291.575406,4790291.574103,2173.123684,127733.811084,16147.732349225256,63866.905547999995,122375.12122449743,300000.0,False,False
201,2,0,1,NORMAL,0.005718113507765762,0.005304798327762889,0.0014708320083073056,3.8876727426855524,5353184912.389026,4646815087.610974,7885137.747617,3440156.10237,12725.806049,11219890.019663,0.0,4809455.633975,4809455.632658,2173.123684,127760.39038799997,16304.727653382795,63880.195201,122409.27739099842,300000.0,False,False
202,2,0,1,NORMAL,0.005727807556028708,0.005332089245715523,0.001478878730108712,3.8730745391190107,5345376422.610084,4654623577.389916,7916711.305271,3454236.089614,12839.672732,11264615.54642,0.0,4828623.716884,4828623.715551,2173.123684,127787.21931600002,16463.19739906813,63893.609666,122440.47582839827,300000.0,False,False
203,2,0,1,NORMAL,0.005737416908994769,0.005358239417539991,0.0014869472099229531,3.8585209150041417,5337541482.585152,4662458517.414848,7948292.557588,3468321.621151,12953.993651,11309567.8638,0.0,4847795.861898,4847795.860554,1955.811316,127814.30004100001,16623.154419737053,63907.150026,122469.14985297497,300000.0,False,False
204,2,0,1,NORMAL,0.005746962154389394,0.005383318303788341,0.0014950481589857498,3.843998014276791,5329755704.472132,4670244295.527868,7979881.567049,3482412.724718,13068.768917,11354312.435958,0.0,4866972.10712,4866972.105763,1955.811316,127841.634747,16784.611640741263,63920.81738000001,122494.80301858023,300000.0,False,False
205,2,0,1,NORMAL,0.005756449401075539,0.00540739127780687,0.001503160527595227,3.829563972308913,5321981080.592759,4678018919.407241,8011478.396688,3496509.428288,13183.998642,11399066.664932,0.0,4886152.490974,4886152.489605,1955.811316,127869.22564400002,16947.582079589072,63934.612828000005,122519.61730296929,300000.0,False,False
206,2,0,1,NORMAL,0.005765889736172205,0.005430520210604633,0.0015112949460502716,3.815198185662701,5314217495.391472,4685782504.608528,8043083.110075,3510611.760073,13299.682941,11443830.64116,0.0,4905337.052225,4905337.050844,1955.811316,127897.074946,17112.078846197943,63948.537479000006,122542.85921565417,300000.0,False,False
207,2,0,1,NORMAL,0.005775292718416953,0.005452763598205428,0.001519451505012438,3.8009062476592024,5306464846.843422,4693535153.156578,8074695.771336,3524719.748524,13415.821927,11488604.455868,0.0,4924525.829969,4924525.828574,1955.811316,127925.18489000002,17278.115143138257,63962.592452000004,122564.7684498578,300000.0,False,False
208,2,0,1,NORMAL,0.005784666590223767,0.005474176694464676,0.0015276302923158125,3.786692774633643,5298723044.528196,4701276955.471804,8106316.445147,3538833.422337,13532.415716,11533388.201069,0.0,4943718.86364,4943718.862231,1955.811316,127953.55772999997,17445.704265868415,63976.778872,122585.55116204139,300000.0,False,False
209,2,0,1,NORMAL,0.005794018460583625,0.005494811647117511,0.0015358313934052033,3.7725615490495255,5290992007.976496,4709007992.023504,8137945.196746,3552952.810448,13649.464424,11578181.969569,0.0,4962916.193011,4962916.191587,1955.811316,127982.195727,17614.859602960743,63991.09787099999,122605.3846661241,300000.0,False,False
210,2,0,1,NORMAL,0.005803354462763312,0.005514717635223692,0.0015440548917127171,3.758515642100028,5283237963.858438,4716762036.141562,8169582.091929,3567077.942041,13766.968167,11623181.436106,0.0,4982117.858195,4982117.85676,1760.230185,128011.101169,17785.59463631808,64005.550590000006,122624.42147606495,300000.0,False,False
211,2,0,1,NORMAL,0.005812685187029203,0.0055339413482434026,0.001552310771000651,3.7445370447840336,5275528257.367021,4724471742.632979,8201227.197057,3581208.846544,13884.927064,11667995.532825,0.0,5001323.899658,5001323.898209,1760.230185,128040.27635,17957.922941380853,64020.138181999995,122642.01046159367,300000.0,False,False
212,2,0,1,NORMAL,0.0058220091737505525,0.005552526369243864,0.0015605793727987676,3.7306716180089383,5267829127.751235,4732170872.248765,8232880.579064,3595345.553636,14003.341234,11712819.936078,0.0,5020534.358205,5020534.356745,1760.230185,128069.72358899999,18131.858187324167,64034.861800000006,122659.93982140506,300000.0,False,False
213,2,0,1,NORMAL,0.0058313304744401235,0.005570513730869429,0.0015688706115987898,3.716897003059791,5260140521.177226,4739859478.822774,8264542.305453,3609488.093246,14122.210798,11757654.741899,0.0,5039749.274996,5039749.273522,1760.230185,128099.44520999999,18307.41413724494,64049.722612,122677.39803007225,300000.0,False,False
214,2,0,1,NORMAL,0.005840652591263727,0.005587942044443256,0.0015771845658690308,3.703214397133997,5252462388.546966,4747537611.453034,8296212.444303,3623636.495555,14241.535876,11802500.047142,0.0,5058968.69154,5058968.690055,1760.230185,128129.443563,18484.604648338518,64064.721787,122694.47088391245,300000.0,False,False
215,2,0,1,NORMAL,0.005849978553899319,0.0056048476256984866,0.0015855213132867033,3.6896246710002387,5244794684.821778,4755205315.178222,8327891.064278,3637790.790998,14361.31659,11847355.949492,0.0,5078192.649702,5078192.648204,1760.230185,128159.721011,18663.443672064728,64079.860512,122711.23224072841,300000.0,False,False
216,2,0,1,NORMAL,0.005859310985557066,0.005621264616657105,0.0015938809309003607,3.67612841835508,5237137368.444035,4762862631.555965,8359578.234625,3651951.010267,14481.553063,11892222.547464,0.0,5097421.1917,5097421.190191,1760.230185,128190.279929,18843.94525430296,64095.13997000001,122727.74570325017,300000.0,False,False
217,2,0,1,NORMAL,0.005868652159952318,0.0056372251033213125,0.001602263495271858,3.66272599810843,5229460407.067546,4770539592.932454,8391274.025182,3666117.184307,14602.245419,11937275.963428,0.0,5116654.360115,5116654.358596,1584.207167,128221.122712,19026.12353549605,64110.56136100001,122744.06606318222,300000.0,False,False
218,2,0,1,NORMAL,0.005878008871016945,0.0056527595399468375,0.0016106783206530175,3.64939963222068,5221823758.484327,4778176241.515673,8422978.506377,3680289.344326,14723.393783,11982164.251545,0.0,5135892.197889,5135892.196359,1584.207167,128252.251771,19209.992750782687,64126.125890999996,122759.53645328834,300000.0,False,False
219,2,0,1,NORMAL,0.0058873773443058885,0.005667896172486132,0.0016191070668557064,3.636187788210406,5214197394.195409,4785802605.804591,8454691.749237,3694467.521791,14844.998281,12027063.535879,0.0,5155134.748325,5155134.746785,1584.207167,128283.66953000001,19395.567230118024,64141.834769999994,122775.70550103168,300000.0,False,False
220,2,0,1,NORMAL,0.00589675916618731,0.005682661526918466,0.001627558986323056,3.6230694037757325,5206581281.483104,4793418718.516896,8486413.825385,3708651.748431,14967.05904,12071973.918326,0.0,5174382.055101,5174382.053547,1584.207167,128315.37843200001,19582.861398382178,64157.689223,122791.7904292994,300000.0,False,False
221,2,0,1,NORMAL,0.005906155718972276,0.00569708050705097,0.0016360341549550518,3.610044265325586,5198975389.349122,4801024610.650878,8518144.807056,3722842.056241,15089.576188,12116895.501651,0.0,5193634.16225,5193634.160684,1584.207167,128347.38093600003,19771.889775476477,64173.690474,122807.82358433906,300000.0,False,False
222,2,0,1,NORMAL,0.005915568209653223,0.005711176487864018,0.0016445326486070153,3.597112051660358,5191379688.270961,4808620311.729039,8549884.767089,3737038.477481,15212.549855,12161828.389479,0.0,5212891.114184,5212891.11261,1584.207167,128379.679516,19962.666976406894,64189.839761999996,122823.83291440175,300000.0,False,False
223,2,0,1,NORMAL,0.005924997694601512,0.005724971404427728,0.0016530545431546343,3.584272351530787,5183794149.989494,4816205850.010506,8581633.778937,3751241.04468,15335.98017,12206772.686309,0.0,5232152.955691,5232152.954106,1584.207167,128412.27666299998,20155.20771135461,64206.138337,122839.84259270062,300000.0,False,False
224,2,0,1,NORMAL,0.005934445100711567,0.00573848583644604,0.0016615999145499355,3.571524678561977,5176192052.2102785,4823807947.7897215,8613391.916667,3765449.790633,15459.867265,12251886.91823,0.0,5251419.731931,5251419.730337,1425.786451,128445.17488100001,20349.526785733244,64222.58744500001,122855.87355190625,300000.0,False,False
225,2,0,1,NORMAL,0.0059439156310853525,0.00575173937158406,0.0016701774524147423,3.558852756928098,5168626764.505684,4831373235.494316,8645159.25497,3779664.748412,15584.211272,12296854.350071,0.0,5270691.488444,5270691.486839,1425.786451,128478.37669700001,20545.639100232507,64239.18835399999,122871.31025832576,300000.0,False,False
226,2,0,1,NORMAL,0.0059534050098024845,0.005764750057920733,0.001678770061082142,3.5462897199661136,5161071565.498067,4838928434.501933,8676935.86916,3793885.951355,15709.012325,12341833.509693,0.0,5289968.271151,5289968.269533,1425.786451,128511.88464499998,20743.559650847925,64255.942329,122887.52566716578,300000.0,False,False
227,2,0,1,NORMAL,0.005962913960679282,0.005777534825840641,0.0016873863740617533,3.53381658898062,5153526429.723229,4846473570.276771,8708721.835179,3808113.433082,15834.270558,12386824.50514,0.0,5309250.126352,5309250.124724,1425.786451,128545.701286,20943.30352889636,64272.850648,122903.79725594138,300000.0,False,False
228,2,0,1,NORMAL,0.005972443125251395,0.005790109554834883,0.0016960264682442715,3.5214327353240393,5145991332.399033,4854008667.600967,8740517.229607,3822347.227481,15959.986107,12431827.445352,0.0,5328537.100736,5328537.099099,1425.786451,128579.829183,21144.885921016896,64289.914595999995,122920.1387781052,300000.0,False,False
229,2,0,1,NORMAL,0.005981993074471131,0.0058024891367468995,0.001704690420758908,3.509137495949569,5138466249.326786,4861533750.673214,8772322.129649,3836587.368727,16086.159108,12476842.440175,0.0,5347829.241382,5347829.239736,1425.786451,128614.270929,21348.32210915696,64307.13546900001,122936.56222315948,300000.0,False,False
230,2,0,1,NORMAL,0.005991564318741128,0.0058146875355852366,0.0017133783090065972,3.4969301801275794,5130951156.807432,4869048843.192568,8804136.613159,3850833.89127,16212.789699,12521869.600366,0.0,5367126.595761,5367126.594102,1425.786451,128649.02912699999,21553.62747054306,64324.51456999999,122953.07806750592,300000.0,False,False
231,2,0,1,NORMAL,0.006001157316502575,0.005826717844031517,0.001722090210684229,3.4848100751459277,5123422273.04417,4876577726.95583,8835960.758637,3865086.829841,16339.878019,12567051.616247,0.0,5386429.211728,5386429.210058,1283.207806,128684.106395,21760.817477636097,64342.053202999996,122969.6954893237,300000.0,False,False
232,2,0,1,NORMAL,0.006010776474706002,0.005838592594397614,0.0017308342300577238,3.472762654171417,5115927097.160059,4884072902.839941,8867794.645225,3879346.219458,16467.424209,12612103.443125,0.0,5405737.137539,5405737.135861,1283.207806,128719.50536999998,21969.90769807066,64359.75268899999,122985.8522376451,300000.0,False,False
233,2,0,1,NORMAL,0.006020417621648299,0.005850323241317013,0.0017395944437244512,3.460816768739877,5108441847.31959,4891558152.68041,8899638.352719,3893612.095422,16595.428409,12657167.773167,0.0,5425050.421854,5425050.420164,1283.207806,128755.22870199998,22180.91379457818,64377.614357,123002.77696768258,300000.0,False,False
234,2,0,1,NORMAL,0.006030081178474007,0.005861920527585206,0.0017483789046678435,3.448955579579931,5100966500.581155,4899033499.418845,8931491.961576,3907884.493322,16723.890762,12702244.720837,0.0,5444369.113719,5444369.112021,1283.207806,128791.279062,22393.85152489337,64395.639535,123019.81326707378,300000.0,False,False
235,2,0,1,NORMAL,0.006039767527558727,0.005873394527583498,0.001757187692153203,3.437178370033872,5093501034.321691,4906498965.678309,8963355.552907,3922163.449033,16852.811412,12747334.401529,0.0,5463693.262596,5463693.260887,1283.207806,128827.65912699999,22608.73674164374,64413.829569,123036.96834872337,300000.0,False,False
236,2,0,1,NORMAL,0.006049477018074104,0.005884754688260312,0.0017660208858070662,3.4254844134017763,5086045426.188252,4913954573.811748,8995229.208492,3936448.998723,16982.190503,12792436.931588,0.0,5483022.918346,5483022.916624,1283.207806,128864.37160499998,22825.58539222186,64432.185808999995,123054.24859473175,300000.0,False,False
237,2,0,1,NORMAL,0.006059209970767352,0.005896009867776896,0.0017748785656327472,3.4138729759279243,5078599654.059929,4921400345.940071,9027113.010776,3950741.178852,17112.028181,12837552.428308,0.0,5502358.131234,5502358.129503,1283.207806,128901.419207,23044.41351863982,64450.709608000005,123071.65967442698,300000.0,False,False
238,2,0,1,NORMAL,0.006068966682163539,0.005907168371930874,0.0017837608120256257,3.4023433193779296,5071142552.252959,4928857447.747041,9059007.042879,3965040.026173,17242.324594,12882809.33072,0.0,5521698.951937,5521698.950201,1154.887026,128938.80466500002,23265.237257365734,64469.402335,123089.2066456622,300000.0,False,False
239,2,0,1,NORMAL,0.006078751062440292,0.005918238222931482,0.0017926751801826543,3.390882592473296,5063716390.976192,4936283609.023808,9090911.388592,3979345.577734,17373.079889,12927951.116471,0.0,5541045.431558,5541045.429808,1154.887026,128976.53072999998,23488.07283914176,64488.265372,123106.38076049993,300000.0,False,False
240,2,0,1,NORMAL,0.006088559230259459,0.005929226675017158,0.00180160684920059,3.3795160320139095,5056300004.217633,4943699995.782367,9122826.132392,3993657.870883,17504.294217,12973106.226525,0.0,5560397.621591,5560397.619829,1154.887026,129014.600162,23712.936588783392,64507.300086999996,123124.28556617141,300000.0,False,False
241,2,0,1,NORMAL,0.006098391499868915,0.005940140534685013,0.0018105633272944065,3.3682287760583183,5048893369.942354,4951106630.057646,9154751.359435,4007976.943266,17635.967728,13018274.782032,0.0,5579755.573961,5579755.572188,1154.887026,129053.015743,23939.844924959434,64526.50787700001,123142.32824656086,300000.0,False,False
242,2,0,1,NORMAL,0.0061082481628241,0.005950986188113342,0.0018195446967175482,3.357020123684434,5041496466.298854,4958503533.701146,9186687.155571,4022302.832826,17768.100574,13063456.905123,0.0,5599119.34101,5599119.339225,1154.887026,129091.78026799999,24168.814359952605,64545.89014,123160.5136440039,300000.0,False,False
243,2,0,1,NORMAL,0.0061181294913153755,0.005961769627029602,0.0018285510401447795,3.3458893719646783,5034109271.592505,4965890728.407495,9218633.607337,4036635.577815,17900.692908,13108652.718914,0.0,5618488.975498,5618488.973705,1154.887026,129130.89654999998,24399.861499399994,64565.448279000004,123178.84611261667,300000.0,False,False
244,2,0,1,NORMAL,0.006128035741093895,0.005972496473098266,0.0018375824406840179,3.3348358176587753,5026731764.263391,4973268235.736609,9250590.801963,4050975.216785,18033.744885,13153862.347507,0.0,5637864.530616,5637864.528814,1154.887026,129170.36741300001,24633.003042013326,64585.183711000005,123197.32958813709,300000.0,False,False
245,2,0,1,NORMAL,0.0061379671539167876,0.00598317200089301,0.001846638981887519,3.3238587585987927,5019345107.401914,4980654892.598086,9282558.827381,4065321.788595,18167.256661,13199201.4047,0.0,5657246.059982,5657246.058167,1039.398324,129210.19570099999,24868.25577927836,64605.09785699999,123215.96764919211,300000.0,False,False
246,2,0,1,NORMAL,0.0061479272676981285,0.0059938013729449536,0.0018557277040971067,3.3129468585960278,5011986914.547277,4988013085.452723,9314537.77223,4079675.332412,18301.228392,13244439.039192,0.0,5676633.617633,5676633.615804,1039.398324,129250.384272,25105.636595133266,64625.19214300001,123234.30161362351,300000.0,False,False
247,2,0,1,NORMAL,0.006157912533993935,0.006004389189786823,0.001864834822039086,3.3021222368963614,5004638348.398247,4995361651.601753,9346527.725852,4094035.887711,18435.660237,13289690.866788,0.0,5696027.258045,5696027.256201,1039.398324,129290.93600100001,25345.162465625326,64645.468007999996,123253.32406916567,300000.0,False,False
248,2,0,1,NORMAL,0.006167923228958713,0.006014939772959204,0.001873967332984537,3.291371797359718,4997299387.270055,5002700612.729945,9378528.7783,4108403.494281,18570.552356,13334957.015607,0.0,5715427.036122,5715427.034265,1039.398324,129331.85377900001,25586.85045854583,64665.926896,123272.50085483307,300000.0,False,False
249,2,0,1,NORMAL,0.006177959612562597,0.006025457181965875,0.0018831253225128123,3.280694884564999,4989970009.608873,5010029990.391127,9410541.020346,4122778.192221,18705.90491,13380237.614783,0.0,5734833.007207,5734833.005337,1039.398324,129373.140509,25830.71773304242,64686.570261,123291.83589121645,300000.0,False,False
250,2,0,1,NORMAL,0.0061880219310067154,0.006035945230291091,0.0018923088766651993,3.270090843685,4982650193.97263,5017349806.02737,9442564.543476,4137160.021945,18841.71806,13425532.794471,0.0,5754245.22708,5754245.225201,1039.398324,129414.799113,26076.781539208867,64707.399561000006,123311.33274904886,300000.0,False,False
251,2,0,1,NORMAL,0.006198110418858222,0.006046407500521229,0.0019015180819552924,3.2595590216448698,4975339919.0149355,5024660080.9850645,9474599.439897,4151549.024182,18977.991971,13470842.685851,0.0,5773663.751966,5773663.750077,1039.398324,129456.83252199998,26325.059217651455,64728.41626600001,123330.99469934999,300000.0,False,False
252,2,0,1,NORMAL,0.006208225300843448,0.006056847358606533,0.0019107530253796637,3.2490987680680936,4968022421.192196,5031977578.807804,9506645.80255,4165945.239979,19114.726807,13516271.360973,0.0,5793088.638528,5793088.636628,935.458492,129499.24369299998,26575.568199031863,64749.621852,123350.82475763078,300000.0,False,False
253,2,0,1,NORMAL,0.006218369804698764,0.0060672681615802256,0.0019200202648857934,3.238700090005896,4960731167.394498,5039268832.605502,9538703.725096,4180348.710707,19251.922735,13561611.073427,0.0,5812519.943874,5812519.941965,935.458492,129542.03559100002,26828.32600358594,64771.0178,123370.40996161166,300000.0,False,False
254,2,0,1,NORMAL,0.0062285407092194335,0.006077672842073077,0.0019293069870113145,3.22838239386053,4953449393.696228,5046550606.303772,9570773.301939,4194759.47805,19389.579922,13606965.897342,0.0,5831957.72556,5831957.723642,935.458492,129585.211193,27083.350240618034,64792.60560100001,123390.64360221598,300000.0,False,False
255,2,0,1,NORMAL,0.006238738277147176,0.0060880641604649545,0.0019386197102228633,3.2181341416517277,4946177078.573442,5053822921.426558,9602854.628211,4209177.584021,19527.698537,13652335.968062,0.0,5851402.041596,5851402.039664,935.458492,129628.77349799998,27340.658607970377,64814.38675599999,123411.04479878112,300000.0,False,False
256,2,0,1,NORMAL,0.0062489627580902185,0.006098444715150456,0.0019479585236703404,3.2079547290955315,4938914200.607137,5061085799.392863,9634947.79979,4223603.070957,19666.278751,13697721.42199,0.0,5870852.950437,5870852.948488,935.458492,129672.725521,27600.26889146715,64836.362769,123431.61706257652,300000.0,False,False
257,2,0,1,NORMAL,0.006259214390525883,0.006108816952271451,0.0019573235170014976,3.1978435532796463,4931660738.469185,5068339261.530815,9667052.913301,4238035.981518,19805.320735,13743122.396585,0.0,5890310.510991,5890310.509026,935.458492,129717.070282,27862.19896433271,64858.535149,123452.36361998768,300000.0,False,False
258,2,0,1,NORMAL,0.006269493403566415,0.006119183174935643,0.001966714780369437,3.1878000135783404,4924416670.9087715,5075583329.0912285,9699170.066115,4252476.35869,19944.824663,13788539.03037,0.0,5909774.782622,5909774.780648,935.458492,129761.81082299999,28126.466786583685,64880.905415999994,123473.2874536713,300000.0,False,False
259,2,0,1,NORMAL,0.006279800018521915,0.006129545551941209,0.0019761324044407368,3.1778235124377483,4917167080.430934,5082832919.569066,9731299.356351,4266924.245795,20084.790709,13834065.008787,0.0,5929245.825161,5929245.823176,841.912643,129806.95020300001,28393.090404394243,64903.475107000006,123494.39133870012,300000.0,False,False
260,2,0,1,NORMAL,0.00629013719146243,0.006139906302878063,0.001985582495609107,3.167905239582018,4909941741.6768465,5090058258.3231535,9763440.882889,4281379.686479,20225.219049,13879513.380805,0.0,5948723.69889,5948723.696897,841.912643,129852.491486,28662.087949434364,64926.245747,123515.30369106213,300000.0,False,False
261,2,0,1,NORMAL,0.0063005020080426875,0.0061502673161144905,0.001995053151489859,3.1580622317443625,4902725736.800574,5097274263.199426,9795594.745364,4295842.724723,20366.109861,13924977.834018,0.0,5968208.464565,5968208.462557,841.912643,129898.43776100001,28933.477638180506,64949.218887999996,123536.82862894141,300000.0,False,False
262,2,0,1,NORMAL,0.00631089472672991,0.006160630374863873,0.0020045504422993503,3.148284320294231,4895519044.372579,5104480955.627421,9827761.044176,4310313.404843,20507.463323,13970458.511259,0.0,5987700.183392,5987700.181372,841.912643,129944.792124,29207.277771198118,64972.396067999995,123558.53339837833,300000.0,False,False
263,2,0,1,NORMAL,0.00632131559473384,0.00617099716324258,0.0020140744609750925,3.1385709501889236,4888321643.055374,5111678356.944626,9859939.880488,4324791.771488,20649.279616,14015955.556447,0.0,6007198.917053,6007198.915022,841.912643,129991.557687,29483.50673239588,64995.778849,123580.42128694702,300000.0,False,False
264,2,0,1,NORMAL,0.006331764849731873,0.006181369272048342,0.0020236253009845045,3.1289215679658855,4881133511.589953,5118866488.410047,9892131.356237,4339277.869642,20791.558921,14061469.114595,0.0,6026704.7277,6026704.725656,841.912643,130038.73757699999,29762.182988250748,65019.368794999995,123602.49533728356,300000.0,False,False
265,2,0,1,NORMAL,0.006342242721352583,0.006191748204261519,0.0020332030563321554,3.119335622480236,4873954628.783764,5126045371.216236,9924335.57413,4353771.744634,20934.301422,14106999.33182,0.0,6046217.677947,6046217.675893,841.912643,130086.33493400003,30043.325087003814,65043.167471999994,123624.75838213427,300000.0,False,False
266,2,0,1,NORMAL,0.006352749432547849,0.0062021353802799925,0.0020428078215679935,3.109812565565606,4866771720.774169,5133228279.225831,9956552.637647,4368273.44213,21077.507304,14152630.546602,0.0,6065737.83089,6065737.828826,757.721379,130134.35291199999,30326.951657826063,65067.176461,123647.21307442624,300000.0,False,False
267,2,0,1,NORMAL,0.006363287696624803,0.006212532303915142,0.002052445280804143,3.1003446260607164,4859611274.742604,5140388725.257396,9988782.651054,4382783.008132,21221.176753,14198194.524737,0.0,6085265.2501,6085265.248026,757.721379,130182.79468000002,30613.081409954,65091.397345000005,123669.52514995207,300000.0,False,False
268,2,0,1,NORMAL,0.006373854882086538,0.006222940212184265,0.0020621043850724,3.0909467669177926,4852460016.510933,5147539983.489067,10021025.719394,4397300.488993,21365.309956,14243775.60693,0.0,6104799.999621,6104799.997535,757.721379,130231.663416,30901.733131794284,65115.83171399999,123692.41853979515,300000.0,False,False
269,2,0,1,NORMAL,0.00638445124701614,0.006233360278947612,0.0020717907853529554,3.0816100217032627,4845317924.725157,5154682075.274843,10053281.948501,4411825.931405,21509.907103,14289373.943738,0.0,6124342.143977,6124342.14188,757.721379,130280.96231700001,31192.9256899972,65140.481164000004,123715.50386547174,300000.0,False,False
270,2,0,1,NORMAL,0.006395077039508409,0.006243793618338631,0.0020815045785807927,3.0723338806531415,4838184978.113226,5161815021.886774,10085551.444995,4426359.382408,21654.968385,14334989.68684,0.0,6143891.748175,6143891.746066,757.721379,130330.69458800001,31486.678028498238,65165.347299999994,123738.78426680474,300000.0,False,False
271,2,0,1,NORMAL,0.006405732499239409,0.006254241288074166,0.0020912458622523995,3.063117835575796,4831061155.473049,5168938844.526951,10117834.316291,4440900.88939,21800.493994,14380622.989045,0.0,6163448.877701,6163448.87558,757.721379,130380.86345,31783.009167527638,65190.431731,123762.26266570554,300000.0,False,False
272,2,0,1,NORMAL,0.006416417858838624,0.006264704292639615,0.0021010147344336645,3.053961380507972,4823946435.6637535,5176053564.3362465,10150130.670599,4455450.500083,21946.484124,14426274.00429,0.0,6183013.598529,6183013.596397,757.721379,130431.47213499999,32081.938202586967,65215.736073,123785.94179770722,300000.0,False,False
273,2,0,1,NORMAL,0.006427133345083857,0.006275183586345695,0.0021108112937665616,3.0448640122704616,4816829008.182808,5183170991.817192,10182440.616924,4470008.262574,22092.93897,14472018.659784,0.0,6202585.977123,6202585.974978,681.949242,130482.523889,32383.48430339277,65241.26195100001,123809.82423949534,300000.0,False,False
274,2,0,1,NORMAL,0.0064378814525248105,0.00628568022287338,0.0021206408298333206,3.0358188722749526,4809732433.319647,5190267566.680353,10214764.265078,4484574.225302,22239.85873,14517705.567472,0.0,6222166.080426,6222166.078272,681.949242,130534.021973,32687.66671278631,65267.010991,123833.60934423572,300000.0,False,False
275,2,0,1,NORMAL,0.006448659808972144,0.006296195034879753,0.0021304930924401786,3.0268391068032594,4802644900.293109,5197355099.706891,10247101.725673,4499148.437054,22387.243602,14563410.656845,0.0,6241753.975886,6241753.973716,681.949242,130585.96964999998,32994.504745609396,65292.984833,123857.94889630232,300000.0,False,False
276,2,0,1,NORMAL,0.006459468673894776,0.006306728818042014,0.002140373340845299,3.017916804805527,4795566387.821056,5204433612.178944,10279453.110134,4513730.946977,22535.093787,14609134.086416,0.0,6261349.731424,6261349.729244,681.949242,130638.37020800001,33304.01778754533,65319.185109,123882.49258114082,300000.0,False,False
277,2,0,1,NORMAL,0.006470308297911189,0.006317282332872283,0.002150281676192026,3.0090514975552316,4788496874.697583,5211503125.302417,10311818.530694,4528321.804565,22683.409486,14654876.015841,0.0,6280953.415475,6280953.413282,681.949242,130691.22693899999,33616.225293925025,65345.613476000006,123907.24342285137,300000.0,False,False
278,2,0,1,NORMAL,0.006481178924071134,0.006327856306498016,0.0021602182002165944,3.0002427178056816,4781436339.780079,5218563660.219921,10344198.100402,4542921.059675,22832.190903,14700636.605941,0.0,6300565.096952,6300565.094753,681.949242,130744.54314800001,33931.146788497244,65372.271577,123932.20425151027,300000.0,False,False
279,2,0,1,NORMAL,0.006492080789275064,0.006338451434419116,0.0021701830152560954,2.9914900004454035,4774384761.983076,5225615238.016924,10376591.933119,4557528.76252,22981.438243,14746416.018691,0.0,6320184.845285,6320184.843073,681.949242,130798.322153,34248.80186216305,65399.161083,123957.37772868188,300000.0,False,False
280,2,0,1,NORMAL,0.006503014125124094,0.006349068382206535,0.002180176224256284,2.9827928828746146,4767331633.604991,5232668366.395009,10409000.143527,4572144.963675,23131.151713,14792282.61216,0.0,6339812.730384,6339812.728163,613.754318,130852.56727900001,34569.2101716734,65426.283644,123982.76637551171,300000.0,False,False
281,2,0,1,NORMAL,0.006513981228575885,0.006359707920681977,0.0021902027485418167,2.9741453081970306,4760297909.213984,5239702090.786016,10441422.847132,4586769.71407,23281.331521,14838100.16081,0.0,6359448.822674,6359448.820441,613.754318,130907.28186799999,34892.39143829005,65453.64093999999,124008.09980993671,300000.0,False,False
282,2,0,1,NORMAL,0.00652497996451795,0.006370370633187524,0.0022002530849993453,2.965558830028815,4753273080.863359,5246726919.136641,10473860.160264,4601403.065001,23431.977878,14883937.025052,0.0,6379093.193069,6379093.190828,613.754318,130962.469266,35218.365446408534,65481.234637000016,124033.96489219568,300000.0,False,False
283,2,0,1,NORMAL,0.006536010595024004,0.0063810570823382646,0.002210332127219101,2.9570264642749398,4746257127.350843,5253742872.649157,10506312.200078,4616045.068124,23583.090995,14929793.371544,0.0,6398745.913002,6398745.91075,613.754318,131018.13283899998,35547.15204214359,65509.06642499999,124060.04647406373,300000.0,False,False
284,2,0,1,NORMAL,0.0065470733740912454,0.006391767810838458,0.0022204399807650736,2.948547779181759,4739250027.543081,5260749972.456919,10538779.084561,4630695.775459,23734.671086,14975669.368125,0.0,6418407.054402,6418407.052138,613.754318,131074.27595,35878.77113187567,65537.137981,124086.34748429322,300000.0,False,False
285,2,0,1,NORMAL,0.0065581685490484175,0.006402503342335875,0.002230576751825931,2.9401223444474422,4732251760.367307,5267748239.632693,10571260.932528,4645355.239391,23886.718366,15021565.183815,0.0,6438076.68971,6438076.687433,613.754318,131130.90198300002,36213.24268075885,65565.450998,124112.87067395404,300000.0,False,False
286,2,0,1,NORMAL,0.006569296361644352,0.006413264182291261,0.002240742547224698,2.931749731704271,4725262304.802311,5274737695.197689,10603757.863634,4660023.512675,24039.233052,15067480.988828,0.0,6457754.891866,6457754.889579,613.754318,131188.014328,36550.5867111891,65594.007169,124139.61864407953,300000.0,False,False
287,2,0,1,NORMAL,0.006580457049068407,0.006424050818857529,0.002250937474425134,2.923429514961977,4718272312.949311,5281727687.050689,10636269.998368,4674700.648427,24192.215362,15113478.32999,0.0,6477441.734333,6477441.732032,552.378887,131245.616382,36890.82330123263,65622.808198,124166.59386701211,300000.0,False,False
288,2,0,1,NORMAL,0.006591652729455392,0.0064348638453477144,0.0022611661113281774,2.915156341868023,4711300419.718704,5288699580.281296,10668797.458059,4689386.700135,24345.665517,15159434.629033,0.0,6497137.291072,6497137.288762,552.378887,131303.71155500002,37233.97258301404,65651.855782,124193.55320468638,300000.0,False,False
289,2,0,1,NORMAL,0.006602881484514642,0.006445703693035904,0.0022714196530714847,2.9069403690269295,4704337276.998844,5295662723.001156,10701340.364873,4704081.721656,24499.583739,15205411.435172,0.0,6516841.636572,6516841.634249,552.378887,131362.30326500002,37580.05474106329,65681.151639,124221.02508369253,300000.0,False,False
290,2,0,1,NORMAL,0.006614143579498681,0.006456570782485116,0.002281702652212204,2.8987754268006825,4697382863.676222,5302617136.323778,10733898.841829,4718785.767215,24653.970253,15251408.923399,0.0,6536554.845816,6536554.843488,552.378887,131421.394937,37929.090010621774,65710.697471,124248.72601283078,300000.0,False,False
291,2,0,1,NORMAL,0.006625439272577294,0.006467465523781386,0.0022920152189498224,2.8906611168197225,4690437158.703954,5309562841.296046,10766473.01278,4733498.891411,24808.825283,15297427.269898,0.0,6556276.994325,6556276.991985,552.378887,131480.99000400002,38281.098675906076,65740.49500800001,124276.65883292485,300000.0,False,False
292,2,0,1,NORMAL,0.006636768815836605,0.006478388316817206,0.002302357464142844,2.882597042031195,4683500141.0915365,5316499858.9084635,10799063.002435,4748221.149212,24964.149058,15343466.652063,0.0,6576008.15812,6576008.155768,552.378887,131541.091908,38636.10106832994,65770.54595999999,124304.82622733215,300000.0,False,False
293,2,0,1,NORMAL,0.006648132456447183,0.006489339551632043,0.00231272949931535,2.8745828072047623,4676571789.899116,5323428210.100884,10831668.93635,4762952.595959,25119.941806,15389527.248495,0.0,6595748.413745,6595748.41138,552.378887,131601.70410099998,38994.11756468318,65800.852057,124333.2307414506,300000.0,False,False
294,2,0,1,NORMAL,0.006659530437490421,0.006500319608784198,0.0023231314366638574,2.866618019277406,4669643789.669961,5330356210.330039,10864290.94093,4777693.28737,25276.20376,15435664.476892,0.0,6615497.838262,6615497.835883,497.140999,131662.830038,39355.16858526762,65831.41502600002,124361.87480533443,300000.0,False,False
295,2,0,1,NORMAL,0.006670964715387996,0.006511328970500572,0.0023335675341110266,2.8586979454739896,4662732710.451291,5337267289.548709,10896929.143437,4792443.279535,25432.935151,15481768.042505,0.0,6635256.509246,6635256.506859,497.140999,131724.473186,39719.27459198918,65862.23659700001,124390.5397981809,300000.0,False,False
296,2,0,1,NORMAL,0.006682433569900868,0.006522367976913494,0.002344029638989141,2.8508315162698437,4655830236.604224,5344169763.395776,10929583.671982,4807202.62892,25590.136215,15527893.365456,0.0,6655024.504807,6655024.502408,497.140999,131786.63701200002,40086.456086406164,65893.318512,124419.70155482399,300000.0,False,False
297,2,0,1,NORMAL,0.0066939372701376645,0.006533436963573118,0.0023545219860800657,2.8430132781567647,4648936347.121293,5351063652.878707,10962254.655541,4821971.392364,25747.807188,15574040.629202,0.0,6674801.903564,6674801.901155,497.140999,131849.32499599998,40456.73360773267,65924.662503,124449.10507537426,300000.0,False,False
298,2,0,1,NORMAL,0.0067054760787854375,0.006544536261328752,0.0023650446904370436,2.835242862808784,4642051021.057411,5357948978.942589,10994942.223939,4836749.627089,25905.948309,15620210.018418,0.0,6694588.784664,6694588.782245,497.140999,131912.54062199997,40830.12773079733,65956.270316,124478.7531219715,300000.0,False,False
299,2,0,1,NORMAL,0.006717050253161727,0.0065556661962857185,0.0023755978678047826,2.8275199031765204,4635174237.52341,5364825762.47659,11027646.507865,4851537.390687,26064.559818,15666401.718996,0.0,6714385.227781,6714385.225349,497.140999,131976.287377,41206.659063956395,65988.14369500002,124508.64831280796,300000.0,False,False
300,2,0,1,NORMAL,0.00672866004612641,0.006566827089823828,0.0023861816346251513,2.819844033869377,4628305975.678527,5371694024.321473,11060367.638866,4866334.741136,26223.641958,15712615.918058,0.0,6734191.313102,6734191.310659,497.140999,132040.56875500001,41586.348246961184,66020.28438299999,124538.79314242135,300000.0,False,False
301,2,0,1,NORMAL,0.006740305706944269,0.006578019258670308,0.002396796108046359,2.812214891502944,4621438839.082881,5378561160.917119,11093105.749354,4881141.736784,26383.194973,15758902.518044,0.0,6754007.121347,6754007.118896,447.4269,132105.388256,41969.215948779056,66052.694132,124569.18999918486,300000.0,False,False
302,2,0,1,NORMAL,0.006751989045747914,0.006589243115901122,0.0024074452481140946,2.8046282884469242,4614587559.8572235,5385412440.1427765,11125860.9726,4895958.436364,26543.219109,15805162.280325,0.0,6773832.733766,6773832.731302,447.4269,132170.749387,42355.282865367895,66085.3747,124599.64232545697,300000.0,False,False
303,2,0,1,NORMAL,0.006763708523184394,0.006600498948629075,0.0024181215109692817,2.79709207850073,4607744741.406908,5392255258.593092,11158633.442742,4910784.898989,26703.714614,15851445.1098,0.0,6793668.232121,6793668.229647,447.4269,132236.65564999997,42744.56971740327,66118.32783,124630.5786192023,300000.0,False,False
304,2,0,1,NORMAL,0.006775464412644608,0.00661178704308169,0.0024288288355493537,2.789601438140094,4600910362.850129,5399089637.149871,11191423.29478,4925621.184151,26864.681738,15897751.198494,0.0,6813513.698713,6813513.696227,447.4269,132303.11056,43137.09724795834,66151.555286,124661.7695204479,300000.0,False,False
305,2,0,1,NORMAL,0.0067872569816957605,0.006623107684282599,0.0024395673419796682,2.7821560261533977,4594084403.365621,5405915596.634379,11224230.664585,4940467.351717,27026.120733,15944080.739662,0.0,6833369.216369,6833369.213869,447.4269,132370.117634,43532.886220135624,66185.058824,124693.21771703535,300000.0,False,False
306,2,0,1,NORMAL,0.006799086493079414,0.006634461155817878,0.0024503371511072143,2.7747555025263217,4587266842.185868,5412733157.814132,11257055.688889,4955323.461944,27188.031853,15990433.927795,0.0,6853234.868437,6853234.865923,447.4269,132437.680388,43931.95741465063,66218.840201,124724.92576497165,300000.0,False,False
307,2,0,1,NORMAL,0.006810953205569339,0.006645847739672811,0.002461138384510084,2.767399528785592,4580457658.59317,5419542341.40683,11289898.505294,4970189.575465,27350.415354,16036810.958613,0.0,6873110.738794,6873110.736272,447.4269,132505.802342,44334.33162736664,66252.901175,124756.89610742797,300000.0,False,False
308,2,0,1,NORMAL,0.006822857374811853,0.0066572677161333945,0.0024719711645029467,2.7600877683311342,4573650274.151065,5426349725.848935,11322759.252269,4985065.753295,27513.271493,16083256.771757,0.0,6892996.911858,6892996.909321,402.68421,132574.487021,44740.02966678073,66287.243518,124789.13109107914,300000.0,False,False
309,2,0,1,NORMAL,0.006834800678369475,0.006668721455632497,0.002482839174067976,2.7528165133511586,4566857785.172721,5433142214.827279,11355638.069149,4999952.056833,27676.600531,16129682.080034,0.0,6912893.472561,6912893.470011,402.68421,132643.737947,45149.07235145992,66321.86898,124821.45401120739,300000.0,False,False
310,2,0,1,NORMAL,0.0068467817422593665,0.006680209216060037,0.002493735437332932,2.745592671844151,4560073613.09399,5439926386.90601,11388535.096145,5014848.547859,27840.40273,16176131.825559,0.0,6932800.506365,6932800.503805,402.68421,132713.55864799998,45561.48050742806,66356.77932899998,124854.25075246174,300000.0,False,False
311,2,0,1,NORMAL,0.006858800844362978,0.006691731256595711,0.0025046636180453222,2.7384119747448126,4553297737.182359,5446702262.817641,11421450.474325,5029755.288534,28004.678353,16222606.208983,0.0,6952718.099271,6952718.096699,402.68421,132783.952648,45977.27496550217,66391.97632999999,124887.31502996254,300000.0,False,False
312,2,0,1,NORMAL,0.006870858257332234,0.006703287837288391,0.00251562384161751,2.7312741053186915,4546530136.764408,5453469863.235592,11454384.345639,5044672.341401,28169.427667,16269105.432197,0.0,6972646.337804,6972646.335217,402.68421,132854.923479,46396.47655857849,66427.46174700001,124920.64945768961,300000.0,False,False
313,2,0,1,NORMAL,0.0068829542494464385,0.006714879218717943,0.0025266162342144067,2.724178747939746,4539770791.221505,5460229208.778495,11487336.852894,5059599.769388,28334.650939,16315629.698325,0.0,6992585.309013,6992585.306414,402.68421,132926.474662,46819.10611886785,66463.237337,124954.25652959035,300000.0,False,False
314,2,0,1,NORMAL,0.006895089085500571,0.006726505661736177,0.002537640922764574,2.717125588433874,4533019679.98483,5466980320.01517,11520308.139775,5074537.635805,28500.34844,16362179.211728,0.0,7012535.100479,7012535.09787,402.68421,132998.60972799998,47245.184475079644,66499.30486899999,124988.13863580352,300000.0,False,False
315,2,0,1,NORMAL,0.006907263027432476,0.006738167427264971,0.002548698034963674,2.7101143143192807,4526270952.666662,5473729047.333338,11553298.350829,5089486.004342,28666.520441,16408794.446415,0.0,7032495.80032,7032495.797697,362.415789,133071.3322,47674.732449554744,66535.66610700001,125022.29807929076,300000.0,False,False
316,2,0,1,NORMAL,0.006919477632861332,0.0067498648598840905,0.0025597909963054467,2.7031416404105775,4519536249.7843685,5480463750.2156315,11586307.631475,5104444.939073,28833.167218,16455395.072373,0.0,7052467.497171,7052467.494533,362.415789,133144.645603,48107.77085534642,66572.32280899998,125056.57601398403,300000.0,False,False
317,2,0,1,NORMAL,0.006931731678747872,0.006761598203036593,0.0025709133605363536,2.696213643427388,4512809720.849333,5487190279.150667,11619336.127999,5119414.504454,29000.289046,16502021.56608,0.0,7072450.280197,7072450.277548,362.415789,133218.553455,48544.32049324946,66609.276733,125091.31996515571,300000.0,False,False
318,2,0,1,NORMAL,0.006944025447617485,0.006773367702686974,0.0025820685356439015,2.689326542560507,4506091345.305216,5493908654.694784,11652383.987553,5134394.765322,29167.886204,16548674.136825,0.0,7092444.239099,7092444.236436,362.415789,133293.05928,48984.402148776964,66646.52964699999,125126.34440869065,300000.0,False,False
319,2,0,1,NORMAL,0.006956359217216376,0.006785173606850162,0.002593256652538076,2.6824800431565605,4499381102.655803,5500618897.344197,11685451.358157,5149385.786897,29335.958972,16595352.995129,0.0,7112449.464098,7112449.461421,362.415789,133368.16659200002,49428.03658908469,66684.083303,125161.65188435331,300000.0,False,False
320,2,0,1,NORMAL,0.006968733261382839,0.00679701616520711,0.0026044778429144444,2.675673851609633,4492678972.460661,5507321027.539339,11718538.388695,5164387.63478,29504.507634,16642058.352742,0.0,7132466.04594,7132466.043254,362.415789,133443.87890099996,49875.24455984257,66721.939455,125197.2448209155,300000.0,False,False
321,2,0,1,NORMAL,0.006981147850811999,0.006808895628794522,0.002615732239261371,2.668907675650827,4485984934.3314495,5514015065.6685505,11751645.228917,5179400.374951,29673.532474,16688790.422641,0.0,7152494.075902,7152494.073211,362.415789,133520.19971700004,50326.04678205344,66760.099861,125233.12555240755,300000.0,False,False
322,2,0,1,NORMAL,0.006993603253664118,0.006820812249753852,0.0026270199748649617,2.6621812245731453,4479293785.825065,5520706214.174935,11784772.029432,5194424.073774,29843.03378,16735585.660606,0.0,7172533.645792,7172533.64309,326.174211,133597.13254299999,50780.463948818324,66798.566277,125269.29633233201,300000.0,False,False
323,2,0,1,NORMAL,0.007006100918790827,0.006832766357433658,0.0026383442361193987,2.6554915855467485,4472615871.982928,5527384128.017072,11817918.941717,5209458.797992,30013.01184,16782371.798911,0.0,7192584.847931,7192584.845219,326.174211,133674.68087799998,51238.51672204868,66837.340444,125305.61437865454,300000.0,False,False
324,2,0,1,NORMAL,0.0070186397609918495,0.006844758189921284,0.002649699070367927,2.6488441044051347,4465945990.287307,5534054009.712693,11851086.118106,5224504.614724,30183.466946,16829185.295781,0.0,7212647.775174,7212647.772449,326.174211,133752.848213,51700.22572912479,66876.42411300002,125342.39268039212,300000.0,False,False
325,2,0,1,NORMAL,0.0070312200673046405,0.006856787988462146,0.002661087648090982,2.642235430444659,4459284120.389675,5540715879.610325,11884273.711795,5239561.591474,30354.399392,16876026.369091,0.0,7232722.520886,7232722.518152,326.174211,133831.63803499998,52165.611559500656,66915.819022,125379.46439149044,300000.0,False,False
326,2,0,1,NORMAL,0.007043842120522259,0.006868855996982153,0.0026725101059029603,2.6356652889596304,4452630242.004688,5547369757.995312,11917481.876834,5254629.796119,30525.809474,16922895.237924,0.0,7252809.178968,7252809.176223,326.174211,133911.053819,52634.69476125488,66955.52691500001,125416.83197238723,300000.0,False,False
327,2,0,1,NORMAL,0.007056506199895917,0.006880962461686267,0.0026839665812339007,2.629133406218429,4445984334.903566,5554015665.096434,11950710.768132,5269709.296919,30697.697489,16969792.122587,0.0,7272907.843831,7272907.841077,326.174211,133991.099043,53107.49583758778,66995.549526,125454.49778297536,300000.0,False,False
328,2,0,1,NORMAL,0.007069212581820881,0.006893107630727211,0.0026954572123358447,2.6226395097159796,4439346378.913436,5560653621.086564,11983960.541448,5284800.162503,30870.063739,17016717.24459,0.0,7293018.610417,7293018.607649,326.174211,134071.777164,53584.03524326408,67035.88858900001,125492.46409554857,300000.0,False,False
329,2,0,1,NORMAL,0.00708196154030133,0.006905291753925542,0.002706982138289761,2.616183328337596,4432711748.207576,5567288251.792424,12017231.3534,5299902.461883,31042.908526,17063703.444083,0.0,7313141.574168,7313141.571394,293.55679,134153.09164000003,54064.33338100179,67076.545823,125530.73310750331,300000.0,False,False
330,2,0,1,NORMAL,0.007094754425550975,0.006917515152094925,0.0027185443236449527,2.609762277496552,4426089635.129525,5573910364.870475,12050523.361444,5315016.264444,31216.232154,17110685.71015,0.0,7333276.83106,7333276.828278,293.55679,134235.04591000002,54548.41059780647,67117.522959,125569.1764801917,300000.0,False,False
331,2,0,1,NORMAL,0.007107590278019813,0.006929778063444919,0.0027301382755519766,2.6033810600977008,4419475413.803575,5580524586.196425,12083836.723891,5330141.639943,31390.034931,17157696.885343,0.0,7353424.477581,7353424.474788,293.55679,134317.64341699998,55036.287181251515,67158.82171399999,125608.076106882,300000.0,False,False
332,2,0,1,NORMAL,0.0071204693891258625,0.006942080729617883,0.0027417669441144113,2.597036704527696,4412869064.126286,5587130935.873714,12117171.599893,5345278.658513,31564.317166,17204737.195994,0.0,7373584.610724,7373584.607923,293.55679,134400.88758,55527.98335570378,67200.443794,125647.28194039152,300000.0,False,False
333,2,0,1,NORMAL,0.0071333920464190965,0.006954423395217962,0.0027534304718489786,2.5907289540632177,4406270566.059069,5593729433.940931,12150528.149445,5360427.390655,31739.079171,17251806.869625,0.0,7393757.328003,7393757.325193,293.55679,134484.781811,56023.51927849516,67242.39091,125686.79635732684,300000.0,False,False
334,2,0,1,NORMAL,0.007146358534226092,0.006966806307412036,0.0027651290021153156,2.5844575528878218,4399679899.623789,5600320100.376211,12183906.533377,5375587.907247,31914.32126,17298906.134951,0.0,7413942.727439,7413942.724618,293.55679,134569.329513,56522.915036039485,67284.664762,125726.62164118532,300000.0,False,False
335,2,0,1,NORMAL,0.007159369134219999,0.006979229715593195,0.0027768626791250623,2.5782222462926336,4393097044.900216,5606902955.099784,12217306.913362,5390760.279529,32090.043749,17346035.221874,0.0,7434140.907557,7434140.904726,293.55679,134654.534072,57026.19063989544,67327.267041,125766.75999415785,300000.0,False,False
336,2,0,1,NORMAL,0.00717242412598472,0.006991693871102326,0.0027886316479437713,2.572022780876559,4386517889.171256,5613482110.828744,12250729.451897,5405944.579115,32266.246957,17393223.717153,0.0,7454351.967395,7454351.964554,264.201111,134740.398866,57533.3660227749,67370.19943800003,125807.21354756679,300000.0,False,False
337,2,0,1,NORMAL,0.007185524769963651,0.007004199090383701,0.0028004386674540262,2.5658568614524437,4379950599.231312,5620049400.768688,12284174.312314,5421140.877981,32442.931205,17440413.141688,0.0,7474576.006491,7474576.003638,264.201111,134826.92725,58044.461034497406,67413.46363099999,125847.86694942195,300000.0,False,False
338,2,0,1,NORMAL,0.007198670220983967,0.007016745614938557,0.0028122786729447968,2.559728625131622,4373391062.337629,5626608937.662371,12317641.65877,5436349.24847,32620.096817,17487633.084588,0.0,7494813.124883,7494813.122021,264.201111,134914.122575,58559.49543789026,67457.061292,125888.97408797493,300000.0,False,False
339,2,0,1,NORMAL,0.007211860774549599,0.0070293336897521725,0.002824154410201354,2.5536354345566448,4366839258.672375,5633160741.327625,12351131.656236,5451569.763289,32797.744118,17534883.780444,0.0,7515063.423119,7515063.420242,264.201111,135001.988169,59078.48890463476,67500.99409200001,125930.40002066932,300000.0,False,False
340,2,0,1,NORMAL,0.007225096722475316,0.007041963562831086,0.0028360660278286113,2.5475770491870726,4360295168.484222,5639704831.515778,12384644.470509,5466802.495509,32975.873436,17582165.465014,0.0,7535327.002227,7535326.999341,264.201111,135090.527347,59601.461011058775,67545.26367800002,125972.14703353021,300000.0,False,False
341,2,0,1,NORMAL,0.007238378353677032,0.007054635484821147,0.0028480136753014714,2.5415532293435446,4353758772.087374,5646241227.912626,12418180.268194,5482047.518557,33154.485102,17629478.375204,0.0,7555603.963743,7555603.96085,264.201111,135179.743405,60128.4312338754,67589.871706,126014.21732336126,300000.0,False,False
342,2,0,1,NORMAL,0.007251705954664387,0.007067349708682002,0.0028599975029710055,2.5355637363778163,4347230049.85829,5652769950.14171,12451739.216708,5497304.90622,33333.579449,17676822.749069,0.0,7575894.409697,7575894.40679,264.201111,135269.639624,60659.41894586843,67634.81981900001,126056.61301203497,300000.0,False,False
343,2,0,1,NORMAL,0.007265079809878685,0.007080106489404369,0.002872017662069435,2.529608332785748,4340705345.644092,5659294654.355908,12485321.484272,5512574.732646,33513.156813,17724225.245921,0.0,7596198.442593,7596198.439678,237.781,135360.219266,61194.44341152444,67680.10963699999,126099.33615541329,300000.0,False,False
344,2,0,1,NORMAL,0.0072785010980269795,0.007092906141573569,0.002884076720957753,2.5236849786748783,4334191913.921199,5665808086.078801,12518927.239909,5527857.072329,33693.217531,17771633.265868,0.0,7616516.165439,7616516.162511,237.781,135451.485573,61733.52378261199,67725.742793,126142.28306908546,300000.0,False,False
345,2,0,1,NORMAL,0.007291969077903922,0.007105748911659399,0.0028961700134033847,2.5177973130572155,4327686098.536057,5672313901.463943,12552556.653434,5543152.000125,33873.761944,17819073.470483,0.0,7636847.681713,7636847.678775,237.781,135543.441768,62276.67909370822,67771.720889,126185.68241814041,300000.0,False,False
346,2,0,1,NORMAL,0.007305484048451251,0.007118635049516938,0.0029083000959130526,2.5119429933373896,4321187879.998976,5678812120.001024,12586209.895454,5558459.591235,34054.790394,17866546.102349,0.0,7657193.095377,7657193.09243,237.781,135636.091051,62823.92825767283,67818.04553000002,126229.41283759839,300000.0,False,False
347,2,0,1,NORMAL,0.007319046305236646,0.007131564807950468,0.0029204671233515056,2.5061217935702578,4314697238.892222,5685302761.107778,12619887.137362,5573779.92121,34236.303226,17914051.40516,0.0,7677552.510869,7677552.50792,237.781,135729.43660400002,63375.2900610704,67864.718303,126273.47651077359,300000.0,False,False
348,2,0,1,NORMAL,0.0073326561411516155,0.007144538442350542,0.0029326712514764416,2.500333488610433,4308214155.867886,5691785844.132114,12653588.551324,5589113.065949,34418.300788,17961589.623712,0.0,7697926.033115,7697926.030154,237.781,135823.481584,63930.78315954067,67911.74079800001,126317.87553811552,300000.0,False,False
349,2,0,1,NORMAL,0.007346313846702489,0.007157556210373249,0.002944912636946701,2.4945778542073085,4301738611.644662,5698261388.355338,12687314.310288,5604459.101691,34600.78343,18009161.003904,0.0,7718313.767495,7718313.764521,237.781,135918.229131,64490.426073117844,67959.11457199999,126362.61194968391,300000.0,False,False
350,2,0,1,NORMAL,0.007360019710541793,0.007170618371674446,0.002957191437325714,2.488854667183029,4295267356.295742,5704732643.704258,12721064.587969,5619818.105018,34783.751505,18056789.570824,0.0,7738715.819857,7738715.816871,214.0029,136013.682352,65054.23718149892,68006.84118199999,126407.68771047967,300000.0,False,False
351,2,0,1,NORMAL,0.007373774836538895,0.007183725240375379,0.002969510044618231,2.483162112855183,4288806832.8095975,5711193167.190403,12754839.558841,5635190.152852,34967.205369,18104428.016337,0.0,7759132.296519,7759132.293519,214.0029,136109.844336,65622.23471926166,68054.92217499999,126453.0096175336,300000.0,False,False
352,2,0,1,NORMAL,0.007387578577746994,0.007196877068592902,0.002981864163315129,2.4775033915474376,4282353791.2823505,5717646208.717649,12788639.398136,5650575.322451,35151.145378,18152100.367685,0.0,7779563.304245,7779563.301239,214.0029,136206.71814200003,66194.43677103269,68103.35907399999,126498.78361018994,300000.0,False,False
353,2,0,1,NORMAL,0.007401431235899462,0.007210074111644938,0.002994256174709076,2.471876420733637,4275908212.6016207,5724091787.398379,12822464.281836,5665973.691405,35335.571893,18199806.875066,0.0,7800008.950273,7800008.947259,214.0029,136304.30680999998,66770.86126660623,68152.153409,126544.90052324446,300000.0,False,False
354,2,0,1,NORMAL,0.0074153331094997405,0.007223316627635572,0.003006686240077343,2.4662809875728806,4269470077.7310724,5730529922.268928,12856314.386663,5681385.337639,35520.485277,18247547.789735,0.0,7820469.34228,7820469.339259,214.0029,136402.61334500002,67351.52597601405,68201.306676,126591.3624263547,300000.0,False,False
355,2,0,1,NORMAL,0.0074292844944573305,0.007236604877107943,0.0030191545216143646,2.460716879931285,4263039367.7093143,5736960632.290686,12890189.890079,5696810.339399,35705.885895,18295323.363988,0.0,7840944.588396,7840944.585367,214.0029,136501.64073,67936.44850454714,68250.82036900001,126638.17130967061,300000.0,False,False
356,2,0,1,NORMAL,0.007443285684485659,0.007249939122745215,0.0030316611824346305,2.455183886514717,4256616063.647957,5743383936.352043,12924090.970275,5712248.775259,35891.774115,18343133.851155,0.0,7861434.797192,7861434.794151,214.0029,136601.391914,68525.64628772983,68300.69596299999,126685.32909513598,300000.0,False,False
357,2,0,1,NORMAL,0.007457336971468641,0.007263319629114469,0.0030442063865762105,2.449681796987436,4250197277.034433,5749802722.965567,12958017.80616,5727700.72412,36078.150307,18391000.90588,0.0,7881940.077674,7881940.07462,192.60261,136701.86982100003,69119.13658624703,68350.93491699999,126732.83764361014,300000.0,False,False
358,2,0,1,NORMAL,0.007471439390558681,0.007276746710497967,0.003056792362923945,2.4442089954097987,4243788729.1544213,5756211270.845578,12991970.577359,5743166.265197,36265.014844,18438881.982947,0.0,7902460.539285,7902460.536217,192.60261,136803.077342,69716.93648082504,68401.538678,126780.6131602569,300000.0,False,False
359,2,0,1,NORMAL,0.0074855923800570085,0.007290220624663067,0.003069415160731253,2.4387682956103114,4237387531.542639,5762612468.457361,13025949.464207,5758645.47802,36452.368103,18486798.739013,0.0,7922996.291896,7922996.288815,192.60261,136905.017341,70319.06286706708,68452.508677,126828.84110485323,300000.0,False,False
360,2,0,1,NORMAL,0.007499796243449593,0.007303741632326714,0.0030820769992161816,2.433357844517481,4230993665.514361,5769006334.48564,13059954.647733,5774138.442433,36640.210461,18534751.431433,0.0,7943547.445804,7943547.442708,192.60261,137007.692641,70925.53245024389,68503.846328,126877.42326985662,300000.0,False,False
361,2,0,1,NORMAL,0.007514051281197086,0.0073173099967699645,0.0030947780462044646,2.4279774410357344,4224607112.4665947,5775392887.533405,13093986.309664,5789645.238589,36828.542299,18582740.318544,0.0,7964114.11172,7964114.10861,192.60261,137111.10604,71536.3617400404,68555.55302699999,126926.36159473452,300000.0,False,False
362,2,0,1,NORMAL,0.0075283577912277485,0.007330925983509177,0.0031075184704544064,2.4226268847009913,4218227853.877562,5781772146.122438,13128044.632403,5805165.946946,37017.364,18630765.659645,0.0,7984696.400774,7984696.397652,192.60261,137215.26029799998,72151.56704525936,68607.630155,126975.65794393576,300000.0,False,False
363,2,0,1,NORMAL,0.007542716069350269,0.007344589860015055,0.0031202984416621423,2.417305975813122,4211855871.30456,5788144128.69544,13162129.79903,5820700.648263,37206.675951,18678827.714992,0.0,8005294.424504,8005294.421369,192.60261,137320.158141,72771.16446848263,68660.07907700002,127025.31411565219,300000.0,False,False
364,2,0,1,NORMAL,0.007557126409571965,0.0073583018954703405,0.0031331181304648154,2.4120145155365793,4205488597.761398,5794511402.238603,13196241.993289,5836249.423598,37396.478541,18726946.006042,0.0,8025908.294853,8025908.291704,173.342349,137425.802262,73395.1699006912,68712.90113800002,127075.33184910475,300000.0,False,False
365,2,0,1,NORMAL,0.007571589783605395,0.00737206240438228,0.0031459796149778166,2.406751063343678,4199131112.7773027,5800868887.222698,13230381.399579,5851812.354304,37586.77216,18775082.274397,0.0,8046538.12416,8046538.120999,173.342349,137532.195312,74023.59901584474,68766.09766199999,127125.63578918572,300000.0,False,True
366,2,0,1,NORMAL,0.007586105706376684,0.007385871649672242,0.003158879264948418,2.4015180923670276,4192780849.4367185,5807219150.563282,13264548.202952,5867389.522021,37777.557203,18823256.043362,0.0,8067184.025152,8067184.021982,173.342349,137639.339905,74656.46726542187,68819.669957,127176.39293409673,300000.0,False,True
367,2,0,1,NORMAL,0.007600674482093351,0.007399729896925217,0.003171819149784236,2.3963139520771195,4186437789.5372868,5813562210.462713,13298742.589092,5882981.008678,37968.834067,18871467.576878,0.0,8087846.110954,8087846.107771,173.342349,137747.238623,75293.78987292197,68873.619318,127227.51490999508,300000.0,False,True
368,2,0,1,NORMAL,0.0076152964119425865,0.0074136374140231125,0.0031847994439651397,2.3911384518647707,4180101914.9648495,5819898085.035151,13332964.744313,5898586.896486,38160.603151,18919717.139776,0.0,8108524.49506,8108524.491869,173.342349,137855.89399999997,75935.58182832964,68927.947004,127279.00351122941,300000.0,False,True
369,2,0,1,NORMAL,0.007629971794713154,0.007427594470841825,0.003197820322918946,2.3859914017147075,4173773207.692503,5826226792.307497,13367214.855547,5914207.267932,38352.864857,18968004.997761,0.0,8129219.291349,8129219.288148,173.342349,137965.308538,76581.85788254309,68982.654274,127330.86045834461,300000.0,False,True
370,2,0,1,NORMAL,0.007644700926972182,0.007441601338979267,0.0032108819630243157,2.38087261226248,4167451649.7792964,5832548350.220703,13401493.110334,5929842.205781,38545.61959,19016331.4174,0.0,8149930.614057,8149930.610849,173.342349,138075.484687,77232.63254176735,69037.74234699999,127383.08740889297,300000.0,False,True
371,2,0,1,NORMAL,0.00765948410350901,0.0074556582915295735,0.003223984541613949,2.375781894932604,4161134960.2632446,5838865039.736754,13435799.696812,5945491.793064,38738.867757,19064714.000335,0.0,8170658.577791,8170658.574576,156.008115,138186.424863,77887.92006187371,69093.212435,127435.68596071814,300000.0,False,True
372,2,0,1,NORMAL,0.007674322237153416,0.007469765642860144,0.0032371299975456316,2.370717964052117,4154827648.0987043,5845172351.901295,13470134.803704,5961156.113077,38932.609768,19113118.346336,0.0,8191403.297515,8191403.294288,156.008115,138298.13143799998,78547.73444272636,69149.06572500002,127488.58832276768,300000.0,False,True
373,2,0,1,NORMAL,0.00768921491139772,0.00748392366018515,0.0032503149983826186,2.3656829923327223,4148527432.418402,5851472567.581596,13504498.62031,5976835.249377,39126.846037,19161562.05869,0.0,8212164.888536,8212164.885295,156.008115,138410.60673600002,79212.0894224779,69205.30337499999,127541.94484537485,300000.0,False,True
374,2,0,1,NORMAL,0.007704162429728472,0.007498132613058913,0.0032635414751509655,2.3606755079992023,4142234295.5586553,5857765704.441343,13538891.336499,5992529.285776,39321.576979,19210045.40725,0.0,8232943.4665,8232943.463248,156.008115,138523.85303700002,79880.99847183452,69261.926524,127595.6759747763,300000.0,False,True
375,2,0,1,NORMAL,0.0077191650927866335,0.007512392773041347,0.003276809609065678,2.3556953298204015,4135948219.9511595,5864051780.04884,13573313.142688,6008238.306339,39516.803013,19258568.66265,0.0,8253739.147394,8253739.144133,156.008115,138637.87257899996,80554.4747882926,69318.93629400001,127649.78333990311,300000.0,False,True
376,2,0,1,NORMAL,0.007734223198691505,0.007526704413405873,0.0032901195823002083,2.350742277058607,4129669188.1220527,5870330811.877947,13607764.229841,6023962.395374,39712.524559,19307132.096288,0.0,8274552.047533,8274552.044262,156.008115,138752.66754399997,81232.53129034802,69376.333777,127704.26850008003,300000.0,False,True
377,2,0,1,NORMAL,0.007749337043379662,0.007541067808888054,0.003303471577987036,2.345816169576887,4123397182.6908884,5876602817.309111,13642244.78945,6039701.63743,39908.742042,19355735.980312,0.0,8295382.283551,8295382.28027,156.008115,138868.240074,81915.18061167945,69434.120042,127759.13295078037,300000.0,False,True
378,2,0,1,NORMAL,0.007764506920875969,0.00755548323546792,0.0033168657802202513,2.3409168279219243,4117130177.123778,5882869822.876222,13676755.013524,6055456.117293,40105.455888,19404396.188411,0.0,8316229.972396,8316229.969107,140.407304,138984.59225799996,82602.4350953073,69492.29613300001,127814.37812957536,300000.0,False,True
379,2,0,1,NORMAL,0.007779733688836867,0.007569951006653014,0.003330303999316508,2.3360431031021593,4110872173.174895,5889127826.825105,13711295.094582,6071225.919979,40302.666527,19453081.792557,0.0,8337095.231322,8337095.228025,140.407304,139101.726136,83294.30678772982,69550.86307200001,127869.94301769951,300000.0,False,True
380,2,0,1,NORMAL,0.0077950169917023315,0.007584471392785229,0.0033437831794742574,2.3311969028230894,4104621144.428983,5895378855.571016,13745865.225631,6087011.13073,40500.374391,19501808.667847,0.0,8357978.177886,8357978.174576,140.407304,139219.64369500004,83990.80743303776,69609.821854,127925.96294460302,300000.0,False,True
381,2,0,1,NORMAL,0.007810357130776841,0.0075990446662040426,0.0033573051239746215,2.326376913138706,4098377073.820505,5901622926.179495,13780465.600166,6102811.835005,40698.579915,19550577.089249,0.0,8378878.929926,8378878.926604,140.407304,139338.346872,84691.94846700935,69669.17344200001,127982.36626129838,300000.0,False,True
382,2,0,1,NORMAL,0.007825754404492447,0.007613671100932327,0.003370870020816941,2.3215829611240397,4092139944.386443,5907860055.613557,13815096.412145,6118628.11848,40897.283536,19599387.332389,0.0,8399797.605567,8399797.602234,140.407304,139457.83755099998,85397.74101118723,69728.918781,128039.15441250523,300000.0,False,True
383,2,0,1,NORMAL,0.007841209108700271,0.007628350972401227,0.003384478058963003,2.316814874286052,4085909739.2654247,5914090260.734575,13849757.855982,6134460.067039,41096.485696,19648239.673533,0.0,8420734.323206,8420734.319865,140.407304,139578.117558,86108.1958669389,69789.05878300001,128096.32877432674,300000.0,False,True
384,2,0,1,NORMAL,0.007856721537027905,0.007643084557215852,0.0033981294283385666,2.3120724806733626,4079686441.697659,5920313558.302341,13884450.126533,6150307.766765,41296.186837,19697134.389565,0.0,8441689.201513,8441689.198163,140.407304,139699.18866899997,86823.32350950252,69849.59433899999,128153.8906594208,300000.0,False,True
385,2,0,1,NORMAL,0.007872291981055648,0.007657872132947452,0.003411824319832503,2.3073556089318585,4073468251.461093,5926531748.538907,13919173.419075,6166171.303944,41496.387406,19746085.798701,0.0,8462662.359412,8462662.356049,126.366574,139821.05259700003,87543.1340820199,69910.526305,128211.84132322695,300000.0,False,True
386,2,0,1,NORMAL,0.007887921246358252,0.00767271401123202,0.0034255644251809086,2.3026632307292485,4067258719.5298996,5932741280.4701,13953927.929309,6182050.765047,41697.087852,19795066.097551,0.0,8483653.916072,8483653.912697,126.366574,139943.711008,88267.63738955835,69971.85551000001,128270.12580424774,300000.0,False,True
387,2,0,1,NORMAL,0.007903609030966693,0.007687610464118129,0.0034393469454394184,2.2979970198839337,4061056045.8236313,5938943954.176369,13988713.853327,6197946.236732,41898.288627,19844089.605472,0.0,8504663.990907,8504663.987519,126.366574,140067.165499,88996.84289312325,70033.582756,128328.86587286303,300000.0,False,True
388,2,0,1,NORMAL,0.007919355632305829,0.007702561765291529,0.0034531735660308666,2.2933558018076874,4054860213.935133,5945139786.064867,14023531.387608,6213857.80584,42099.990185,19893156.601635,0.0,8525692.703558,8525692.700158,126.366574,140191.41761599996,89730.75970366341,70095.708814,128387.99695613417,300000.0,False,True
389,2,0,1,NORMAL,0.00793516134481884,0.007717568189777163,0.003467044481752114,2.2887394109257886,4048671207.567535,5951328792.432465,14058380.729,6229785.559378,42302.192984,19942267.365726,0.0,8546740.173891,8546740.17048,126.366574,140316.46883700002,90469.396576071,70158.234424,128447.52029376006,300000.0,False,True
390,2,0,1,NORMAL,0.007951026460336859,0.00773263001368424,0.0034809598883618195,2.2841476820575215,4042489010.5333276,5957510989.466672,14093262.074708,6245729.58452,42504.897484,19991422.177928,0.0,8567806.52199,8567806.518564,126.366574,140442.32058699997,91212.76190317818,70221.16030099998,128507.43705668366,300000.0,False,True
391,2,0,1,NORMAL,0.007966951268226745,0.007747747513977306,0.003494919982580253,2.2795804504642336,4036313606.753564,5963686393.246435,14128175.622274,6261689.968602,42708.104149,20040621.318903,0.0,8588891.868132,8588891.864695,126.366574,140568.97422300003,91960.86370975213,70284.48711699998,128567.74835348582,300000.0,False,True
392,2,0,1,NORMAL,0.007982936055765912,0.0077629209682862485,0.0035089249620899755,2.2750375519603985,4030143397.3003106,5969856602.699688,14163121.569561,6277666.799112,42911.813444,20089877.706419,0.0,8609996.332801,8609996.329347,113.729917,140696.43103900005,92713.70964649112,70348.21552800002,128628.45523314469,300000.0,False,True
393,2,0,1,NORMAL,0.007998981578897831,0.0077781506850999,0.0035229764092907815,2.270518064725879,4023981532.5923047,5976018467.407694,14198100.114748,6293660.163685,43116.025838,20139166.34871,0.0,8631120.036649,8631120.033185,113.729917,140824.69226799998,93471.30698402318,70412.346139,128689.5081448623,300000.0,False,True
394,2,0,1,NORMAL,0.008015087582312244,0.007793436936532954,0.003537071763630295,2.2660234561048065,4017826413.8654838,5982173586.134515,14233111.456302,6309670.150093,43320.741803,20188500.164385,0.0,8652263.100516,8652263.097044,113.729917,140953.75907599996,94233.66260690973,70476.87954199998,128751.01661212364,300000.0,False,True
395,2,0,1,NORMAL,0.008031254357626725,0.007808779995958359,0.0035512126018502743,2.261552674554667,4011678025.4325976,5988321974.567401,14268155.792966,6325696.84624,43525.961813,20237879.435779,0.0,8673425.645407,8673425.641926,113.729917,141083.632561,95000.7830076565,70541.816285,128812.92239063751,300000.0,False,True
396,2,0,1,NORMAL,0.008047482193370863,0.007824180137726908,0.0035653991255187078,2.2571055609938435,4005536351.7238054,5994463648.276194,14303233.32374,6341740.340157,43731.686346,20287304.445588,0.0,8694607.792481,8694607.788986,113.729917,141214.313752,95772.67428073376,70607.15688299999,128875.2264926037,300000.0,False,True
397,2,0,1,NORMAL,0.008063771375246068,0.007839637636921692,0.0035796315371604136,2.252681956658241,3999401377.2855587,6000598622.71444,14338344.247873,6357800.719992,43937.915882,20336775.476851,0.0,8715809.663032,8715809.659525,113.729917,141345.803616,96549.34211660821,70672.90181400001,128937.92986158805,300000.0,False,True
398,2,0,1,NORMAL,0.008080122186430103,0.007855152769148041,0.0035939100402549388,2.24828170319392,3993273086.7818384,6006726913.218161,14373488.764836,6373878.074003,44144.650905,20386292.812915,0.0,8737031.378496,8737031.37498,113.729917,141478.103047,97330.79179578897,70739.05152799998,129001.03337709994,300000.0,False,True
399,2,0,1,NORMAL,0.008096534907778525,0.007870725810350008,0.0036082348392353207,2.24390464271843,3987150060.3196945,6012849939.680305,14408667.074307,6389972.490554,44351.8919,20435868.110407,0.0,8758273.060436,8758273.056908,102.356926,141611.21287000002,98117.02818288958,70805.606441,129064.5378599206,300000.0,False,True
400,2,0,1,NORMAL,0.008113010247587118,0.007886357064365305,0.0036226074157336514,2.2395499474634817,3981035092.4690433,6018964907.530956,14443879.376157,6406084.058102,44559.639356,20485478.907243,0.0,8779534.830522,8779534.826981,102.356926,141745.13383099998,98908.0557207091,70872.56692200001,129128.39858371863,300000.0,False,True
401,2,0,1,NORMAL,0.008129547990431162,0.007902046801530845,0.003637025430350584,2.235218902400561,3974926763.5225325,6025073236.477467,14479125.870428,6422212.865197,44767.893766,20535136.860555,0.0,8800816.810523,8800816.80697,102.356926,141879.866614,99703.87842433424,70939.933313,129192.71400482111,300000.0,False,True
402,2,0,1,NORMAL,0.008146148420032013,0.007917795293047048,0.003651490359651182,2.2309105646413907,3968825058.572771,6031174941.427228,14514406.757322,6438359.000464,44976.655623,20584842.254691,0.0,8822119.122308,8822119.118741,102.356926,142015.411828,100504.49987526468,71007.705921,129257.43153002259,300000.0,False,True
403,2,0,1,NORMAL,0.008162811816837385,0.007933602810710942,0.0036660024119090865,2.226624780802194,3962729962.8370867,6037270037.162912,14549722.237173,6454522.552605,45185.925426,20634595.374187,0.0,8843441.887819,8843441.884236,102.356926,142151.769998,101309.9232155652,71075.885007,129322.55192110417,300000.0,False,True
404,2,0,1,NORMAL,0.008179538458329309,0.007949469626686322,0.0036805617963417644,2.222361397778793,3956641461.6575017,6043358538.342497,14585072.510437,6470703.610384,45395.703675,20684396.503739,0.0,8864785.229066,8864785.22547,102.356926,142288.941585,102120.15114204588,71144.470799,129388.07587032858,300000.0,False,True
405,2,0,1,NORMAL,0.00819632861926576,0.00796539601330435,0.0036951687231079693,2.2181202628203427,3950559540.500775,6049440459.499224,14620457.777669,6486902.262622,45605.990873,20734245.928176,0.0,8886149.268119,8886149.264514,102.356926,142426.926971,102935.18590047366,71213.46349000001,129454.0040057913,300000.0,False,True
406,2,0,1,NORMAL,0.008213182571827118,0.007981382242886465,0.003709823403305602,2.2139012235754514,3944482938.7070684,6055517061.292931,14655878.239502,6503118.598193,45816.787526,20784154.168124,0.0,8907534.127095,8907534.12348,92.121234,142565.726454,103755.0292798178,71282.863232,129520.33689567956,300000.0,False,True
407,2,0,1,NORMAL,0.008230100978044221,0.007997428612896642,0.00372452722572849,2.2097035353082894,3938414134.7856774,6061585865.214321,14691334.096636,6519352.706007,46028.094143,20834101.037213,0.0,8928939.928141,8928939.924518,92.121234,142705.340262,104579.68260653164,71352.670135,129587.03410823323,300000.0,False,True
408,2,0,1,NORMAL,0.008247083656014911,0.008013535389872015,0.0037392780560420702,2.205528321887952,3932351868.283684,6067648131.716314,14726825.54981,6535604.675009,46239.911237,20884097.0562,0.0,8950366.793429,8950366.789796,92.121234,142845.76854,105409.14673887358,71422.884275,129654.18409057116,300000.0,False,True
409,2,0,1,NORMAL,0.00826413087927291,0.008029702840801105,0.00375407727849827,2.2013747363716445,3926296125.132699,6073703874.867299,14762352.799784,6551874.594167,46452.239322,20934142.510171,0.0,8971814.84514,8971814.841495,92.121234,142987.01135199997,106243.42206126958,71493.50568200002,129721.73929048827,300000.0,False,True
410,2,0,1,NORMAL,0.0082812429179426,0.008045931232874752,0.0037689251079664468,2.1972426303824353,3920246891.3967266,6079753108.6032715,14797916.047324,6568162.552463,46665.078916,20984237.684206,0.0,8993284.205452,8993284.201794,92.121234,143129.06868099998,107082.50847872069,71564.53434700002,129789.70019551484,300000.0,False,True
411,2,0,1,NORMAL,0.008298420038980405,0.008062220833268666,0.003783821760240217,2.1931318557810657,3914204153.2713423,6085795846.728656,14833515.493181,6584468.638889,46878.43054,21034382.863356,0.0,9014774.996523,9014774.992855,92.121234,143271.94043199997,107926.40541125728,71635.97022100001,129858.06722386254,300000.0,False,True
412,2,0,1,NORMAL,0.00831566250639745,0.008078571908954394,0.0037987674520336225,2.18904226473399,3908167897.085334,6091832102.914664,14869151.338062,6600792.942431,47092.294717,21084578.332601,0.0,9036287.340495,9036287.336816,92.121234,143415.626423,108775.11178844374,71707.81321699997,129926.84072866895,300000.0,False,True
413,2,0,1,NORMAL,0.008332970581329794,0.008094984726527001,0.0038137624009799693,2.1849737097383377,3902137003.7963786,6097862996.20362,14904823.782621,6617135.552068,47306.671973,21134833.588957,0.0,9057821.35946,9057821.355772,82.909111,143560.12638700003,109628.62604393584,71780.06319799999,129996.02100199471,300000.0,False,True
414,2,0,1,NORMAL,0.008350344880474588,0.008111459575168782,0.0038288079103561447,2.1809255193734343,3896113671.26258,6103886328.737419,14940533.027429,6633496.556755,47521.562838,21185130.492944,0.0,9079377.175465,9079377.171766,82.909111,143705.43997299997,110486.94611009391,71852.71999200001,130065.57142781444,300000.0,False,True
415,2,0,1,NORMAL,0.008367785249212653,0.008127996715429677,0.003843902035873293,2.176898675127547,3890096780.6684127,6109903219.331587,14976279.27296,6649876.045424,47736.967844,21235478.541304,0.0,9100954.910485,9100954.906775,82.909111,143851.566749,111350.06941265443,71925.78337999998,130135.57139429815,300000.0,False,True
416,2,0,1,NORMAL,0.008385291948563406,0.008144596407889918,0.0038590460767365703,2.1728924148152404,3884086318.841662,6115913681.158338,15012062.719564,6666274.106965,47952.887526,21285878.018467,0.0,9122554.686423,9122554.682701,82.909111,143998.50619000001,112217.99286546325,71999.253101,130205.97783714709,300000.0,False,True
417,2,0,1,NORMAL,0.008402865235928175,0.008161258912924645,0.0038742402542535875,2.168906594448432,3878082272.7491117,6121917727.250888,15047883.567452,6682690.83022,48169.322422,21336329.208653,0.0,9144176.625086,9144176.621352,82.909111,144146.257686,113090.7128652731,72073.12884900002,130276.79094763308,300000.0,False,True
418,2,0,1,NORMAL,0.008420505365320139,0.008177984490498549,0.0038894847906288414,2.1649410702435823,3872084629.496962,6127915370.503037,15083742.016665,6699126.30398,48386.273073,21386832.395837,0.0,9165820.848178,9165820.84443,82.909111,144294.820538,113968.22528660811,72147.41027600001,130348.01084701136,300000.0,False,True
419,2,0,1,NORMAL,0.008438212587498056,0.008194773399982388,0.003904779908963212,2.1609956986637306,3866093376.3305154,6133906623.669484,15119638.267065,6715580.616966,48603.740023,21437387.863721,0.0,9187487.47728,9187487.47352,82.909111,144444.19396,114850.52547669905,72222.09698600002,130419.63759061125,300000.0,False,True
420,2,0,1,NORMAL,0.00845598715013572,0.00821162589999228,0.003920125833247422,2.1570703364720316,3860107520.156977,6139892479.843023,15155572.5183,6732053.857827,48821.723818,21488004.186607,0.0,9209176.633846,9209176.630079,74.6182,144594.37707500003,115737.60825049119,72297.18854099998,130491.67117038005,300000.0,False,True
421,2,0,1,NORMAL,0.008473829625122841,0.008228542269355543,0.003935523787993142,2.1531643769948947,3854129009.689195,6145870990.310805,15191544.969789,6748546.115121,49040.225008,21538665.065723,0.0,9230888.43919,9230888.435414,74.6182,144745.36891099997,116629.46788572862,72372.68445999999,130564.07835435863,300000.0,False,True
422,2,0,1,NORMAL,0.008491739879206945,0.008245522760313699,0.003950972004936851,2.149278675879322,3848156852.079401,6151843147.920599,15227555.820697,6765057.477319,49259.244145,21589379.074663,0.0,9252623.01446,9252623.010672,74.6182,144897.16840800003,117526.09811811765,72448.58421,130636.93032539864,300000.0,False,True
423,2,0,1,NORMAL,0.008509718158416273,0.008262567624707414,0.003966471704932483,2.1454125458235493,3842191035.1043944,6157808964.895605,15263605.269915,6781588.032782,49478.781784,21640146.495705,0.0,9274380.480632,9274380.476831,74.6182,145049.77441499996,118427.4921365723,72524.887214,130710.18800898445,300000.0,False,True
424,2,0,1,NORMAL,0.008527764704914936,0.008279677113753062,0.003982023115521974,2.1415658466857224,3836231546.686555,6163768453.313444,15299693.516037,6798137.869761,49698.838483,21690967.610694,0.0,9296160.958489,9296160.954682,74.6182,145203.18568600004,119333.64257854481,72601.592846,130783.85127812834,300000.0,False,True
425,2,0,1,NORMAL,0.008545879757303056,0.008296851477853062,0.003997626465111032,2.1377384385175917,3830278374.894906,6169721625.105093,15335820.757328,6814707.076384,49919.414803,21741842.701,0.0,9317964.568627,9317964.564811,74.6182,145357.40087900002,120244.54152544444,72678.70044399997,130857.91993485935,300000.0,False,True
426,2,0,1,NORMAL,0.008564063550599963,0.008314090966417378,0.004013281982966779,2.133930181569017,3824331507.9444113,6175668492.055588,15371987.191713,6831295.740639,50140.511307,21792772.047491,0.0,9339791.431419,9339791.427591,74.6182,145512.418554,121160.18049814756,72756.209283,130932.3937154001,300000.0,False,True
427,2,0,1,NORMAL,0.008582316316464755,0.008331395827710758,0.004028989899212986,2.130140936352609,3818390064.754398,6181609935.245601,15408193.01675,6847903.950376,50362.128563,21843763.392324,0.0,9361641.667005,9361641.663167,67.15638,145668.23718800003,122080.55045260147,72834.11859899998,131007.27229039092,300000.0,False,True
428,2,0,1,NORMAL,0.008600638582162869,0.00834876632799799,0.004044751365807463,2.1263701533965373,3812455772.921132,6187544227.078867,15444438.429601,6864531.79329,50584.267139,21894802.091623,0.0,9383515.395288,9383515.391437,67.15638,145824.85515099997,123005.64177552595,72912.42758199999,131082.52542147433,300000.0,False,True
429,2,0,1,NORMAL,0.008619030230098794,0.008366202708778688,0.004060564777425484,2.1226185771043182,3806527751.62628,6193472248.373719,15480723.627016,6881179.356907,50806.927608,21945895.886368,0.0,9405412.735907,9405412.732041,67.15638,145982.270713,123935.4442802149,72991.13536399999,131158.2168535002,300000.0,False,True
430,2,0,1,NORMAL,0.00863749148877407,0.008383705210713873,0.0040764312827286184,2.118885586363286,3800605989.644172,6199394010.355827,15517048.805304,6897846.728586,51030.110545,21997045.055087,0.0,9427333.808221,9427333.804348,67.15638,146140.482059,124869.94720244118,73070.241033,131234.3110519076,300000.0,False,True
431,2,0,1,NORMAL,0.008656022582687682,0.00840127407342186,0.004092351115239696,2.1151710444524463,3794690475.902051,6205309524.097948,15553414.160307,6914533.995495,51253.816528,22048249.875627,0.0,9449278.731317,9449278.727435,67.15638,146299.487263,125809.13919646788,73149.74363600001,131310.80755094116,300000.0,False,True
432,2,0,1,NORMAL,0.00867462373236667,0.008418909535289268,0.0041083245093064095,2.111474814785546,3788781199.4783673,6211218800.521631,15589819.88738,6931241.244611,51478.046137,22099510.625133,0.0,9471247.623969,9471247.620077,67.15638,146459.28430600002,126753.00833116891,73229.64215800003,131387.70581487208,300000.0,False,True
433,2,0,1,NORMAL,0.008693295154589881,0.008436611833308664,0.004124351700097487,2.1077967609756456,3782878149.603671,6217121850.396328,15626266.181366,6947968.562702,51702.799956,22150827.580006,0.0,9493240.604638,9493240.600734,67.15638,146619.871072,127701.54208626202,73309.93554199999,131465.0052389588,300000.0,False,True
434,2,0,1,NORMAL,0.008712037062412163,0.008454381202928246,0.004140432923596276,2.104136746851367,3776980544.8143525,6223019455.185646,15662753.236572,6964716.036318,51928.078571,22202207.73151,0.0,9515257.791445,9515257.787532,60.440742,146781.24533699997,128654.7273486571,73390.622673,131542.7051534141,300000.0,False,True
435,2,0,1,NORMAL,0.008730849938395104,0.00847221789553901,0.004156569264910433,2.1004942735107384,3771089916.5212436,6228910083.478755,15699281.24674,6981483.751785,52153.882572,22253637.92318,0.0,9537299.302171,9537299.298247,60.440742,146943.404781,129612.550408923,73471.70239600001,131620.7779617293,300000.0,False,True
436,2,0,1,NORMAL,0.008749733675216132,0.008490122139389147,0.004172759269432911,2.0968699870398333,3765205483.5370903,6234794516.462908,15735850.405029,6998271.795189,52380.21255,22305125.144621,0.0,9559365.254225,9559365.250292,60.440742,147106.34698100004,130574.9969578755,73553.17349499998,131699.28066136758,300000.0,False,True
437,2,0,1,NORMAL,0.00876868848141641,0.008508094161455423,0.004189004019287976,2.09326332489575,3759327235.6778765,6240672764.322122,15772460.903982,7015080.252372,52607.0691,22356669.668915,0.0,9581455.764644,9581455.7607,60.440742,147270.06941499998,131542.0520832899,73635.03471300002,131778.18085365166,300000.0,False,True
438,2,0,1,NORMAL,0.0087877145611433,0.008526134187241737,0.0042053037536795655,2.0896741533722047,3753455162.9168687,6246544837.08313,15809112.935506,7031909.208909,52834.452819,22408271.768221,0.0,9603570.950069,9603570.946116,60.440742,147434.56945300006,132513.7002667406,73717.28473099999,131857.47771745437,300000.0,False,True
439,2,0,1,NORMAL,0.008806812114409514,0.0085442424406074,0.0042216587125902885,2.086102338908847,3747589255.3835998,6252410744.616399,15845806.690845,7048758.750111,53062.364307,22459931.713747,0.0,9625710.926731,9625710.922767,60.440742,147599.84436500003,133489.92538057122,73799.922188,131937.17035905228,300000.0,False,True
440,2,0,1,NORMAL,0.00882598133714562,0.008562419143609867,0.00423806913677531,2.0825477481146497,3741729503.364939,6258270496.635059,15882542.360552,7065628.961007,53290.804167,22511649.775704,0.0,9647875.810439,9647875.806461,60.440742,147765.891316,134470.71068499755,73882.945665,132017.25781657285,300000.0,False,True
441,2,0,1,NORMAL,0.008845222421300808,0.008580664516364122,0.004254535267756995,2.0790102478017625,3735875213.988756,6264124786.011243,15919320.134473,7082519.926332,53519.773004,22563432.267355,0.0,9670065.716553,9670065.712562,54.396668,147932.70736899998,135456.03882534677,73966.35369100001,132097.73906138443,300000.0,False,True
442,2,0,1,NORMAL,0.008864535804450964,0.008598978793014885,0.0042710581290208004,2.075489383817701,3730027744.6503196,6269972255.34968,15956140.201714,7099431.730515,53749.271427,22615267.368671,0.0,9692280.759984,9692280.755982,54.396668,148100.28948300003,136445.89182943525,74050.144747,132178.5888238212,300000.0,False,True
443,2,0,1,NORMAL,0.008883921384448464,0.008617362186010601,0.004287636405265479,2.071985715378866,3724186402.766448,6275813597.233551,15993002.750613,7116364.457675,53979.300047,22667161.390747,0.0,9714521.055167,9714521.051156,54.396668,148268.63450900002,137440.25110508845,74134.31725899997,132259.85797619293,300000.0,False,True
444,2,0,1,NORMAL,0.008903379347307406,0.008635814906094268,0.004304271117258915,2.0684987317846595,3718351179.2307115,6281648820.769287,16029907.968716,7133318.191606,54209.859478,22719114.599462,0.0,9736786.716054,9736786.712032,54.396668,148437.73919300004,138439.0974378051,74218.86960199999,132341.5168928362,300000.0,False,True
445,2,0,1,NORMAL,0.008922909874437645,0.00865433716211642,0.004320962509538991,2.06502830208301,3712522065.0975513,6287477934.902447,16066856.042756,7150293.01576,54440.950336,22771127.25952,0.0,9759077.856091,9759077.852055,54.396668,148607.60017599998,139442.41098856844,74303.800095,132423.56438079543,300000.0,False,True
446,2,0,1,NORMAL,0.008942513142777228,0.008672929160868733,0.004337710827370086,2.0615742954444456,3706699051.581708,6293300948.41829,16103847.158624,7167289.013247,54672.57324,22823199.634416,0.0,9781394.588198,9781394.584152,54.396668,148778.21399599998,140450.17129180804,74389.10700300003,132505.99917490632,300000.0,False,True
447,2,0,1,NORMAL,0.008962189324983426,0.00869159110694065,0.004354516316735891,2.0581365812176835,3700882130.058786,6299117869.941212,16140881.501342,7184306.266814,54904.728812,22875331.986393,0.0,9803737.024766,9803737.020711,54.396668,148949.57708099997,141462.35725351374,74474.788545,132588.81994035724,300000.0,False,True
448,2,0,1,NORMAL,0.00898193858946486,0.008710323202587373,0.004371379224328613,2.054715028949329,3695070686.4429026,6304929313.557095,16177959.255028,7201344.858842,55137.417676,22927530.016067,0.0,9826105.27764,9826105.27357,48.957002,149121.685749,142478.9471495051,74560.84288199998,132672.0252761391,300000.0,False,True
449,2,0,1,NORMAL,0.009001761328379052,0.00872912566231587,0.004388300516790009,2.0513092241375794,3689265923.8226957,6310734076.177301,16215080.602893,7218404.871325,55370.64046,22979783.103742,0.0,9848499.458079,9848499.454001,48.957002,149294.53622,143499.91862385918,74647.26811399999,132755.59195744767,300000.0,False,True
450,2,0,1,NORMAL,0.009021657439978166,0.008747998680229567,0.004405279007470667,2.047919649284152,3683467228.410345,6316532771.589652,16252245.727193,7235486.385866,55604.397792,23032096.947351,0.0,9870919.676775,9870919.672688,48.957002,149468.124601,144525.248687498,74734.062305,132839.56529269504,300000.0,False,True
451,2,0,1,NORMAL,0.00904162708535674,0.008766942448302287,0.004422315660518841,2.044545839655405,3677674592.2052064,6322325407.79479,16289454.809207,7252589.483665,55838.690306,23084471.803759,0.0,9893366.043818,9893366.039718,48.957002,149642.446889,145554.91371694003,74821.22345099997,132923.9181044158,300000.0,False,True
452,2,0,1,NORMAL,0.009061670420758339,0.008785957156202678,0.004439410725414992,2.04118766684091,3671888007.369713,6328111992.630283,16326708.029222,7269714.245506,56073.518636,23136907.9284,0.0,9915838.668673,9915838.664562,48.957002,149817.49898099998,146588.88945321622,74908.74949600002,133008.6488160436,300000.0,False,True
453,2,0,1,NORMAL,0.009081787597781306,0.008805042991143236,0.004456564452306116,2.037845002574079,3666107466.230122,6333892533.769875,16364005.566493,7286860.751744,56308.883419,23189405.57523,0.0,9938337.66018,9938337.656059,48.957002,149993.27666399998,147627.15100095447,74996.638337,133093.75577887762,300000.0,False,True
454,2,0,1,NORMAL,0.009101978763389446,0.008824200137739765,0.004473777091998231,2.034517718745797,3660332961.276275,6339667038.7237215,16401347.599224,7304029.082294,56544.785295,23241964.996689,0.0,9960863.12653,9960863.122397,48.957002,150169.77560599998,148669.67282763426,75084.887809,133179.23727576868,300000.0,False,True
455,2,0,1,NORMAL,0.00912224406006353,0.008843428777889687,0.004491048895947757,2.0312056874496442,3654563948.4833164,6345436051.516681,16438734.304541,7321219.316626,56781.224907,23294591.339372,0.0,9983415.175246,9983415.171102,44.061302,150346.99138700002,149716.42876301354,75173.49569899999,133265.09152188423,300000.0,False,True
456,2,0,1,NORMAL,0.00914258383424178,0.008862729104105951,0.004508380778312222,2.027908529426487,3648801494.152771,6351198505.847226,16476165.858455,7338431.533748,57018.2029,23347275.06118,0.0,10005993.913175,10005993.909018,44.061302,150524.91946099998,150767.39199873063,75262.45973700001,133351.29708469703,300000.0,False,True
457,2,0,1,NORMAL,0.009162997980010764,0.008882101289648198,0.004525771671142216,2.0246266594572155,3643045054.5650873,6356954945.43491,16513642.435858,7355665.81219,57255.719922,23400021.305494,0.0,10028599.446458,10028599.442295,44.061302,150703.55518799997,151822.53508808292,75351.77759700001,133437.89421919352,300000.0,False,True
458,2,0,1,NORMAL,0.009183486631396757,0.00890154550524488,0.00454322248629091,2.0213596536616376,3637294622.844693,6362705377.155304,16551164.210471,7372922.230002,57493.776623,23452830.318323,0.0,10051231.880539,10051231.876362,44.061302,150882.89380600004,152881.82994598473,75441.44691,133524.8579042724,300000.0,False,True
459,2,0,1,NORMAL,0.00920404991725771,0.008921061918923128,0.004560733477747016,2.0181073860524017,3631550192.280723,6368449807.7192745,16588731.354837,7390200.864738,57732.373655,23505702.34398,0.0,10073891.320116,10073891.315929,44.061302,151062.93045800005,153945.24784910592,75531.46523399999,133612.1861733822,300000.0,False,True
460,2,0,1,NORMAL,0.009224687961604893,0.008940650695870338,0.00457830490010112,2.014869730803894,3625811756.3276234,6374188243.672375,16626344.040282,7407501.793444,57971.511673,23558637.625035,0.0,10096577.869151,10096577.864952,44.061302,151243.66016799997,155012.75943619377,75621.83009000002,133699.87698711443,300000.0,False,True
461,2,0,1,NORMAL,0.00924540088361307,0.008960311998305354,0.004595937008537644,2.0116465622653985,3620079308.6041355,6379920691.395863,16664002.436897,7424825.092648,58211.191335,23611636.402283,0.0,10119291.630841,10119291.626629,44.061302,151425.077863,156084.3347085798,75712.53893800001,133787.92823856368,300000.0,False,True
462,2,0,1,NORMAL,0.009266188797687683,0.008980045985362279,0.004613630058825977,2.008437754986718,3614352367.3870254,6385647632.612972,16701706.71351,7442170.838346,58451.4133,23664703.320834,0.0,10142032.707603,10142032.703379,39.655172,151607.178354,157159.94303087308,75803.589183,133876.33775407227,300000.0,False,True
463,2,0,1,NORMAL,0.009287052004079093,0.008999852825279493,0.004631384916615004,2.0052429610767124,3608631877.7534294,6391368122.246569,16739457.037648,7459539.105996,58692.178231,23717829.80555,0.0,10164801.201065,10164801.196827,39.655172,151789.95634200002,158239.55313184217,75894.97817799999,133965.08567031045,300000.0,False,True
464,2,0,1,NORMAL,0.009307990388765352,0.009019732668085033,0.004649200623360827,2.002062535653014,3602917358.2893567,6397082641.710642,16777253.575531,7476929.970499,58933.486793,23771020.497798,0.0,10187597.212038,10187597.207789,39.655172,151973.40643099998,159323.13310548724,75986.70322100002,134054.20764909475,300000.0,False,True
465,2,0,1,NORMAL,0.009329004056576513,0.009039685660890936,0.004667078042559018,1.9988960911957028,3597208803.2534676,6402791196.746531,16815096.492027,7494343.506198,59175.339652,23824275.630885,0.0,10210420.840512,10210420.836253,39.655172,152157.523112,160410.6504123035,76078.76156100002,134143.68056989275,300000.0,False,True
466,2,0,1,NORMAL,0.00935009310708089,0.009059711947741902,0.004685017432237308,1.995743504120922,3591506207.070161,6408493792.929837,16852985.95064,7511779.786852,59417.737478,23877595.436151,0.0,10233272.185634,10233272.181366,39.655172,152342.30076699998,161502.0718807385,76171.15038800001,134233.50207161737,300000.0,False,True
467,2,0,1,NORMAL,0.009371257634729525,0.00907981166948304,0.004703019050954415,1.9926046510119393,3585809564.328726,6414190435.671272,16890922.113472,7529238.885639,59660.680943,23930980.142934,0.0,10256151.345692,10256151.341415,39.655172,152527.73367299995,162597.36370884324,76263.86684100001,134323.66972305978,300000.0,False,True
468,2,0,1,NORMAL,0.00939249772897313,0.009099984963643691,0.0047210831577923305,1.9894794086544416,3580118869.7831073,6419881130.21689,16928905.141203,7546720.875137,59904.170721,23984429.97853,0.0,10279058.418104,10279058.413812,39.655172,152713.816001,163696.49146611977,76356.908008,134414.1810256069,300000.0,False,True
469,2,0,1,NORMAL,0.009413813474201954,0.00912023196432487,0.004739210012347411,1.9863676540342075,3574433697.105885,6425566302.894113,16966935.19307,7564225.827318,60148.207488,24037949.133682,0.0,10301993.499381,10301993.495084,35.689655,152900.541819,164799.4200955657,76450.270912,134505.03341556675,300000.0,False,True
470,2,0,1,NORMAL,0.00943520512430408,0.009140552813355785,0.0047574004353739905,1.9832690673141447,3568754883.9725084,6431245116.027489,17005012.426827,7581753.813528,60392.791923,24091529.900458,0.0,10324956.685153,10324956.680843,35.689655,153087.905083,165906.11391591694,76543.95254799999,134596.20840182755,300000.0,False,True
471,2,0,1,NORMAL,0.009456672553526089,0.009160947635302256,0.004775653569056745,1.980183951113922,3563082004.3660345,6436917995.633963,17043136.998732,7599304.904485,60637.924707,24145176.465332,0.0,10347948.07011,10347948.065786,35.689655,153275.89964799996,167016.53662408987,76637.94983099999,134687.7374745705,300000.0,False,True
472,2,0,1,NORMAL,0.009478215835728542,0.009181416551458791,0.004793970232115163,1.977111950389944,3557415053.679332,6442584946.320665,17081309.063516,7616879.170263,60883.606523,24198889.047071,0.0,10370967.748005,10370967.743673,35.689655,153464.51926000003,168130.65129782367,76732.259634,134779.59918660403,300000.0,False,True
473,2,0,1,NORMAL,0.009499835039530606,0.00920195967972149,0.004812350686112031,1.9740529440105419,3551754027.469696,6448245972.530301,17119528.774359,7634476.680281,61129.838056,24252667.862217,0.0,10394015.811651,10394015.807306,35.689655,153653.757571,169248.42039852377,76826.87879199999,134871.79078417018,300000.0,False,True
474,2,0,1,NORMAL,0.009521530228121612,0.009222577134456981,0.004830795193068981,1.9710068110075747,3546098921.4576426,6453901078.542355,17157796.282864,7652097.503294,61376.619994,24306513.125054,0.0,10417092.352877,10417092.34852,35.689655,153843.60811399997,170369.8057743073,76921.804063,134964.30944780228,300000.0,False,True
475,2,0,1,NORMAL,0.009543301459592958,0.009243269026401237,0.004849304015456074,1.9679734306564023,3540449731.5267506,6459550268.473247,17196111.739029,7669741.70738,61623.953026,24360425.047567,0.0,10440197.462537,10440197.458166,35.689655,154034.064332,171494.7686632506,77017.032173,135057.15229027355,300000.0,False,True
476,2,0,1,NORMAL,0.009565148786869784,0.009264035462560499,0.004867877416181238,1.964952682471916,3534806080.6008916,6465193919.399105,17234475.291224,7687409.359932,61871.837844,24414407.408374,0.0,10463331.23048,10463331.226096,32.12069,154225.11955699997,172623.26969684038,77112.559785,135150.31636197894,300000.0,False,True
477,2,0,1,NORMAL,0.00958707241717833,0.00928487655640681,0.004886516174383952,1.961944271756551,3529168711.22438,6470831288.775617,17272887.086167,7705100.527645,62120.275142,24468453.276829,0.0,10486493.745544,10486493.741145,32.12069,154416.76702300002,173755.2689036278,77208.38351899998,135243.78437471823,300000.0,False,True
478,2,0,1,NORMAL,0.009609072209970567,0.009305792405023829,0.004905219524881582,1.9589484550546268,3523537246.6287813,6476462753.371216,17311347.268899,7722815.276503,62369.265615,24522566.426776,0.0,10509685.095533,10509685.091122,32.12069,154608.99985999998,174890.72571308646,77304.499936,135337.58402779218,300000.0,False,True
479,2,0,1,NORMAL,0.00963114820689771,0.009326783101918918,0.004923988244868658,1.955964906482958,3517911683.329673,6482088316.670324,17349855.982757,7740553.671774,62618.809962,24576747.060657,0.0,10532905.367209,10532905.362783,32.12069,154801.81109899998,176029.59895967488,77400.905557,135431.69534950732,300000.0,False,True
480,2,0,1,NORMAL,0.009653300444050958,0.00934784873689518,0.004942822598916132,1.9529935074278701,3512292018.003869,6487707981.996128,17388413.369353,7758315.777994,62868.908883,24630995.378442,0.0,10556154.646266,10556154.641832,32.12069,154995.193676,177171.84688710226,77497.596842,135526.11520370035,300000.0,False,True
481,2,0,1,NORMAL,0.009675528952211581,0.00936898939594785,0.0049617228519763705,1.9500341395242564,3506678247.4896913,6493321752.510305,17427019.568544,7776101.658956,63119.56308,24685311.577583,0.0,10579433.017338,10579433.012892,32.12069,155189.140414,178317.42715279912,77594.57021299998,135620.84038813354,300000.0,False,True
482,2,0,1,NORMAL,0.009697833756775017,0.009390205161162506,0.004980689269372537,1.9470866846501231,3501070368.784098,6498929631.2158985,17465674.718414,7793911.377707,63370.773257,24739695.852998,0.0,10602740.563952,10602740.559497,32.12069,155383.644049,179466.29683259147,77691.82202899999,135715.8676387083,300000.0,False,True
483,2,0,1,NORMAL,0.009720214878030726,0.009411496110637874,0.004999722116788293,1.9441510249923186,3495468048.591046,6504531951.408951,17504378.955242,7811744.996534,63622.540121,24794151.60909,0.0,10626077.368546,10626077.364079,28.908621,155578.697222,180618.41242557904,77789.348617,135811.19362895674,300000.0,False,True
484,2,0,1,NORMAL,0.00974267247672232,0.009432862327804612,0.005018822134724788,1.9412268885389719,3489871945.2130184,6510128054.786978,17543132.413492,7829602.576944,63874.864379,24848672.611448,0.0,10649443.512427,10649443.507944,28.908621,155774.29246199998,181773.7298592168,77887.146239,135906.80212638286,300000.0,False,True
485,2,0,1,NORMAL,0.009765206394905648,0.009454303880520808,0.005037988643076936,1.9383144915034147,3484281725.655296,6515718274.3447,17581935.225776,7847484.179669,64127.74674,24903262.259222,0.0,10672839.075766,10672839.071273,28.908621,155970.42221599998,182932.20449459966,77985.21111300001,136002.71739164903,300000.0,False,True
486,2,0,1,NORMAL,0.009787816640952823,0.009475820832806745,0.005057222380466099,1.9354135342671503,3478697387.5341353,6521302612.46586,17620787.522833,7865389.86465,64381.187917,24957920.736813,0.0,10696264.137598,10696264.133095,28.908621,156167.07883600003,184093.79113194914,78083.53942300001,136098.92075608793,300000.0,False,True
487,2,0,1,NORMAL,0.009810503217624396,0.009497413244730465,0.005076523613924354,1.9325239009457669,3473118928.6230083,6526881071.376987,17659689.433514,7883319.691018,64635.188623,25012648.22591,0.0,10719718.775792,10719718.771277,28.908621,156364.25457,185258.4440163026,78182.12729100001,136195.40871418288,300000.0,False,True
488,2,0,1,NORMAL,0.009833266122216959,0.00951908117231024,0.00509589261078543,1.929645475927986,3467546346.8512006,6532453653.148795,17698641.084749,7901273.717101,64889.749574,25067444.90546,0.0,10743203.067037,10743203.062512,28.908621,156561.94158,186426.1168434022,78280.970795,136292.17769779285,300000.0,False,True
489,2,0,1,NORMAL,0.00985610534672829,0.009540824667433986,0.005115329638676105,1.9267781439162819,3461979640.303039,6538020359.696957,17737642.601531,7919252.0004,65144.871487,25122310.951633,0.0,10766717.086837,10766717.082299,28.908621,156760.131933,187596.76276578536,78380.06597299999,136389.22407883636,300000.0,False,True
490,2,0,1,NORMAL,0.00987902087785346,0.009562643777783632,0.005134834965504865,1.9239217899347112,3456418514.5899477,6543581485.4100485,17776694.106894,7937254.597586,65400.555081,25177249.428657,0.0,10790260.909486,10790260.904937,26.017759,156958.81761099998,188770.33439907272,78479.40881100002,136486.54417222107,300000.0,False,True
491,2,0,1,NORMAL,0.00990201283038817,0.009584538555371022,0.005154409295830478,1.92107616257757,3450863553.430617,6549136446.56938,17815795.721883,7955281.56449,65656.801076,25232254.725329,0.0,10813834.608069,10813834.603508,26.017759,157157.99049800003,189946.78382845497,78578.995255,136584.1226729334,300000.0,False,True
492,2,0,1,NORMAL,0.0099250810270481,0.009606509037414704,0.00517405202758504,1.9182414429026482,3445314462.7292004,6554685537.270796,17854947.565547,7973332.956089,65913.610196,25287329.900167,0.0,10837438.254433,10837438.249865,26.017759,157357.642397,191126.0626153755,78678.821202,136681.98072795552,300000.0,False,True
493,2,0,1,NORMAL,0.00994822544231493,0.009628555257085687,0.005193763863494241,1.915417355078211,3439771241.16946,6560228758.830536,17894149.754897,7991408.826503,66170.983164,25342475.11792,0.0,10861071.919195,10861071.914615,26.017759,157557.76501799998,192308.12180440893,78778.882515,136780.10082499203,300000.0,False,True
494,2,0,1,NORMAL,0.009971446045057444,0.009650677243406446,0.005213545072492951,1.9126037861775724,3434233887.585887,6565766112.414108,17933402.404902,8009509.228983,66428.920706,25397690.540411,0.0,10884735.671705,10884735.66711,26.017759,157758.349987,193492.91193033228,78879.175001,136878.47910858088,300000.0,False,True
495,2,0,1,NORMAL,0.009994742798683528,0.009672875021166257,0.005233395923740945,1.9098006235956766,3428702400.9627113,6571297599.037284,17972705.628465,8027634.215903,66687.423549,25452976.326504,0.0,10908429.580039,10908429.575434,26.017759,157959.38884399997,194680.38302538902,78979.69442700002,136977.1116646822,300000.0,False,True
496,2,0,1,NORMAL,0.010018115661344484,0.009695148610855176,0.00525331668660878,1.9070077550972024,3423176780.4335337,6576823219.566462,18012059.536393,8045783.838746,66946.492422,25508332.632066,0.0,10932153.711004,10932153.706389,26.017759,158160.87304399998,195870.4846267428,79080.43652699998,137075.99452340393,300000.0,False,True
497,2,0,1,NORMAL,0.010041564585938743,0.009717498028602502,0.005273307630668972,1.9042250688236197,3417656766.1783233,6582343233.821672,18051464.237389,8063958.148101,67206.128056,25563762.211725,0.0,10955908.130108,10955908.125481,23.415984,158362.793964,197063.16578411972,79181.39698800001,137175.12366244788,300000.0,False,True
498,2,0,1,NORMAL,0.010065089642076757,0.00973992329398794,0.005293369426987119,1.9014523321878947,3412142875.8917437,6587857124.108252,18090919.838024,8082157.193653,67466.331183,25619260.011736,0.0,10979692.901551,10979692.896913,23.415984,158565.14289699998,198258.37506763684,79282.57145399999,137274.48460060073,300000.0,False,True
499,2,0,1,NORMAL,0.010088690631705878,0.009762424412550388,0.005313501544973471,1.8986896957336348,3406634850.0343184,6593365149.965677,18130426.442721,8100381.024172,67727.102537,25674828.780603,0.0,11003508.088216,11003508.083567,23.415984,158767.91105300002,199456.0605758151,79383.955532,137374.09566969593,300000.0,False,True
500,2,0,1,NORMAL,0.01011236749528677,0.009785001385630156,0.005333704653889441,1.8959369053013906,3401132688.3129478,6598867311.687048,18169984.15373,8118629.687507,67988.442853,25730468.661948,0.0,11027353.751663,11027353.746998,23.415984,158971.08956800002,200656.169943774,79485.54479200002,137473.94038873597,300000.0,False,True
501,2,0,1,NORMAL,0.010136120167747327,0.009807654210282877,0.005353979024015215,1.8931938512052193,3395636390.57762,6604363609.422376,18209593.07112,8136903.230578,68250.352867,25786179.796271,0.0,11051229.952097,11051229.947421,23.415984,159174.669503,201858.65035160608,79587.33475699999,137574.01457781263,300000.0,False,True
502,2,0,1,NORMAL,0.01015994857874674,0.00983038287921603,0.005374324925773835,1.8904604241590093,3390145956.8214207,6609854043.1785755,18249253.292746,8155201.699367,68512.833317,25841962.320909,0.0,11075136.748383,11075136.743694,23.415984,159378.64183500002,203063.44853292865,79689.32092399999,137674.31400348223,300000.0,False,True
503,2,0,1,NORMAL,0.010183852652644544,0.009853187380727548,0.005394742629723417,1.8877365152759216,3384661387.1778784,6615338612.822118,18288964.914249,8173525.138908,68775.884942,25897816.370022,0.0,11099074.198013,11099074.193311,23.415984,159582.99747300002,204270.51078360996,79791.498743,137774.8343830072,300000.0,False,True
504,2,0,1,NORMAL,0.010207832308670383,0.009876067698659344,0.005415232406542576,1.8850220161072833,3379182452.5283055,6620817547.47169,18328728.029019,8191873.593282,69039.508483,25953744.416155,0.0,11123042.357112,11123042.352395,21.074386,159787.72725300002,205479.78297066744,79893.863634,137875.57138446,300000.0,False,True
505,2,0,1,NORMAL,0.010231887572464668,0.009899023819550011,0.005435794896024821,1.8823167113879176,3373709612.127899,6626290387.872097,18368542.72819,8210247.105613,69303.704682,26009741.903834,0.0,11147041.280408,11147041.275684,21.074386,159992.82194299996,206691.210541335,79996.41097499999,137976.51126324182,300000.0,False,True
506,2,0,1,NORMAL,0.010256018224449928,0.00992205571664033,0.0054564296329601015,1.8796207253361132,3368242637.1234736,6631757362.876522,18408409.100617,8228645.718047,69568.474282,26065811.299112,0.0,11171071.021251,11171071.016517,21.074386,160198.27223200002,207904.73853229635,80099.136121,138077.6698137442,300000.0,False,True
507,2,0,1,NORMAL,0.010280224171449696,0.009945163358886096,0.005477137255354362,1.8769338236685438,3362781528.1901765,6637218471.809819,18448327.232862,8247069.471762,69833.818028,26121952.723171,0.0,11195131.631571,11195131.626826,21.074386,160404.06874699998,209120.3115790819,80202.03437900002,138179.03148283053,300000.0,False,True
508,2,0,1,NORMAL,0.010304505314998722,0.009968346710893363,0.005497918034280467,1.874255900278679,3357326286.13851,6642673713.8614855,18488297.209182,8265518.406946,70099.736665,26178166.293887,0.0,11219223.161886,11219223.157132,21.074386,160610.202053,210337.8739256253,80305.101031,138280.59179762081,300000.0,False,True
509,2,0,1,NORMAL,0.010328861551447781,0.009991605732864617,0.00551877224087495,1.8715868495073529,3351876911.912644,6648123088.087352,18528319.111501,8283992.562801,70366.23094,26234452.125808,0.0,11243345.661291,11243345.656526,21.074386,160816.662641,211557.36943397683,80408.331326,138382.3462387968,300000.0,False,True
510,2,0,1,NORMAL,0.010353292772022706,0.010014940380552236,0.005539700146331007,1.8689265661571566,3346433406.588203,6653566593.411793,18568393.019406,8302491.977533,70633.301602,26290810.330138,0.0,11267499.177439,11267499.172666,21.074386,161023.440948,212778.7415941705,80511.720478,138484.29024256012,300000.0,False,True
511,2,0,1,NORMAL,0.010377798863001773,0.0100383506052264,0.005560702021888129,1.866274945528911,3340995568.299855,6659004431.70014,18608519.010129,8321016.688337,70900.949399,26347243.122144,0.0,11291683.756548,11291683.751766,18.966948,161230.527345,214001.9335342407,80615.26367700002,138586.41920193986,300000.0,False,True
512,2,0,1,NORMAL,0.010402379807777763,0.010061836360229715,0.005581778478088444,1.8636317884367564,3335563804.5794272,6664436195.420568,18648697.158525,8339566.731406,71169.175082,26403746.39139,0.0,11315899.443379,11315899.438585,18.966948,161437.91214200002,215226.88803038548,80718.95607700001,138688.7200399848,300000.0,False,True
513,2,0,1,NORMAL,0.010427035364897506,0.010085397586337315,0.005602929109439548,1.8609971965075434,3330137913.808455,6669862086.191541,18688927.537071,8358142.141911,71437.979401,26460322.346345,0.0,11340146.281225,11340146.276422,18.966948,161645.58559300003,216453.54751727285,80822.792801,138791.20627324563,300000.0,False,True
514,2,0,1,NORMAL,0.010451765408573876,0.010109034220029997,0.005624154524705153,1.8583709538318227,3324717897.5675116,6675282102.432484,18729210.215838,8376742.954003,71707.363109,26516971.084606,0.0,11364424.311917,11364424.307103,18.966948,161853.537895,217681.8540984854,80926.768953,138893.86318906705,300000.0,False,True
515,2,0,1,NORMAL,0.010476569807920128,0.010132746193442265,0.005645454995210122,1.8557529582308172,3319303757.5622478,6680696242.437748,18769545.262487,8395369.200804,71977.326959,26573692.700321,0.0,11388733.575807,11388733.57098,18.966948,162061.759197,218911.74955710096,81030.87960500001,138996.68606025033,300000.0,False,True
516,2,0,1,NORMAL,0.010501448427012696,0.010156533434317778,0.00566683079227203,1.853143108019694,3313895495.6212654,6686104504.378731,18809932.742258,8414020.914401,72247.871705,26630487.284174,0.0,11413074.111752,11413074.106915,18.966948,162270.23958600004,220143.17536640354,81135.119798,139099.67011916992,300000.0,False,True
517,2,0,1,NORMAL,0.010526401125147314,0.010180395865984201,0.005688282187188304,1.8505413020570405,3308493113.695296,6691506886.304701,18850372.717946,8432698.125842,72518.998103,26687354.923358,0.0,11437445.957127,11437445.952278,18.966948,162478.969106,221376.0727007222,81239.48455900002,139202.81055910556,300000.0,False,True
518,2,0,1,NORMAL,0.010551427756768459,0.010204333407325123,0.005709809451228256,1.8479474397343867,3303096434.0976486,6696903565.902348,18890865.249901,8451400.865129,72790.706908,26744297.598259,0.0,11461849.147798,11461849.142938,17.070254,162687.93774500003,222610.3824463926,81343.968878,139306.1025381772,300000.0,False,True
519,4,0,1,NORMAL,0.01057652826510517,0.010228345978794804,0.005731413167530408,1.8453613368904025,3300000000.0,6699999999.999996,18931410.39601,8470129.161214,73062.998877,26801311.595663,0.0,11486283.718127,11486283.713253,17.070254,162897.135452,223846.0452128374,81448.56773299999,139409.5335920834,300000.0,False,True
520,4,0,1,NORMAL,0.010633833116669324,0.010254506439302837,0.005749494467925152,1.8495248888389326,3300000000.0,6699999999.999996,18973331.744153,8489450.359939,73335.893804,26860289.586114,0.0,11511559.999762,11511559.994874,17.070254,168508.54415800003,225083.00134376108,84254.272086,139610.17309938825,300000.0,False,True
521,4,0,1,NORMAL,0.01068354880631077,0.010282186592013028,0.005762216103034848,1.854069443991167,3300000000.0,6699999999.999996,19015313.140015,8508800.399833,73609.392553,26919351.346281,0.0,11536872.182703,11536872.177802,17.070254,168747.886203,226321.19092845535,84373.94310799999,140366.59714003507,300000.0,False,True
522,4,0,1,NORMAL,0.010726810382508348,0.010310871997851436,0.005774955951872424,1.857470510927512,3300000000.0,6699999999.999996,19057354.641179,8528179.310247,73883.495988,26978496.955544,0.0,11562220.300973,11562220.296055,17.070254,168987.455049,227560.55381320996,84493.727533,141022.84424330216,300000.0,False,True
523,4,0,1,NORMAL,0.01076460103789519,0.010340144839144583,0.0057877140310206064,1.859905479123501,3300000000.0,6699999999.999996,19099456.302368,8547587.119311,74158.204975,27037726.489197,0.0,11587604.386838,11587604.381905,17.070254,169227.239021,228801.0296128245,84613.619518,141593.8970491102,300000.0,False,True
524,4,0,1,NORMAL,0.010797767054579932,0.01036966885304364,0.005800490356194545,1.8615265937040342,3300000000.0,6699999999.999996,19141618.175442,8567023.853929,74433.520379,27097040.018436,0.0,11613024.470808,11613024.465861,17.070254,169467.226404,230042.55772221714,84733.613209,142092.73370021654,300000.0,False,True
525,4,0,1,NORMAL,0.010827033040305469,0.010399176219963759,0.005813284942236363,1.8624638475299515,3300000000.0,6699999999.999996,19183840.30938,8586489.539773,74709.443068,27156439.317365,0.0,11638480.581631,11638480.576673,15.363229,169707.40544299997,231285.07732812522,84853.70272700001,142530.52512045513,300000.0,False,True
526,4,0,1,NORMAL,0.010853016696766008,0.010428456250725195,0.005826097803111212,1.8628277559931032,3300000000.0,6699999999.999996,19226122.750267,8605984.20129,74985.973908,27215921.034884,0.0,11663972.746293,11663972.74132,15.363229,169947.76434700002,232528.52742089273,84973.882181,142916.8361320322,300000.0,False,True
527,4,0,1,NORMAL,0.01087624265307588,0.010457345696038144,0.005838928951909697,1.8627119361537468,3300000000.0,6699999999.999996,19268465.541302,8625507.861678,75263.113768,27275486.936831,0.0,11689500.989992,11689500.985011,15.363229,170188.29128399998,233772.84680634062,85094.14564599999,143259.8203973113,300000.0,False,True
528,4,0,1,NORMAL,0.010897155110469752,0.010485720496969216,0.005851778400839395,1.8621954496613602,3300000000.0,6699999999.999996,19310868.72277,8645060.542905,75540.863516,27335137.077866,0.0,11715065.33616,11715065.331166,15.363229,170428.97439300004,235017.97411771413,85214.487203,143566.4030206016,300000.0,False,True
529,4,0,1,NORMAL,0.010916129189844413,0.010513488799735357,0.005864646161227272,1.8613448944309432,3300000000.0,6699999999.999996,19353332.33205,8664642.265684,75819.224022,27394871.508487,0.0,11740665.806435,11740665.801429,15.363229,170669.80177999998,236263.84782770317,85334.90089600002,143842.44745820074,300000.0,False,True
530,4,0,1,NORMAL,0.01093348097439195,0.010540585069068041,0.005877532243513637,1.860216247466441,3300000000.0,6699999999.999996,19395856.403595,8684253.04949,76098.196155,27454690.275018,0.0,11766302.420674,11766302.415655,15.363229,170910.76152699994,237510.40626053,85455.38077,144092.90530594627,300000.0,False,True
531,4,0,1,NORMAL,0.010949476299706105,0.010566965148464046,0.005890436657253939,1.8588564713996327,3300000000.0,6699999999.999996,19438440.968938,8703892.912537,76377.780785,27514593.419602,0.0,11791975.196937,11791975.191904,15.363229,171151.84167999998,238757.58760409994,85575.92084699999,144321.94886197374,300000.0,False,True
532,4,0,1,NORMAL,0.010964338381415755,0.010592602131235125,0.005903359411113939,1.8573049035052451,3300000000.0,6699999999.999996,19481086.056676,8723561.871793,76657.978783,27574582.516515,0.0,11817684.15149,11817684.14644,13.826907,171393.030271,240005.32992220912,85696.51514399998,144533.0871561206,300000.0,False,True
533,4,0,1,NORMAL,0.01097825438760107,0.010617482921968412,0.005916300512870303,1.855594448544155,3300000000.0,6699999999.999996,19523791.692472,8743259.942965,76938.791019,27634654.526868,0.0,11843429.298795,11843429.293733,13.826907,171634.315304,241253.57116680514,85817.15765800001,144729.26663468796,300000.0,False,True
534,4,0,1,NORMAL,0.010991381070456895,0.010641605383161218,0.00592925996940697,1.8537525976544804,3300000000.0,6699999999.999996,19566557.899043,8762987.140504,77220.218365,27694811.016534,0.0,11869210.651517,11869210.646445,13.826907,171875.68476599996,242502.24919029497,85937.842388,144912.95791633413,300000.0,False,True
535,4,0,1,NORMAL,0.01100384956916554,0.01066497597580666,0.0059422377867145455,1.8518022947125368,3300000000.0,6699999999.999996,19609384.696158,8782743.477598,77502.261692,27755052.01085,0.0,11895028.22052,11895028.215437,13.826907,172117.12662700002,243751.3017578948,86058.56331900001,145086.23013003104,300000.0,False,True
536,4,0,1,NORMAL,0.011015769490713557,0.010687607815478072,0.005955233969890909,1.849762670351531,3300000000.0,6699999999.999996,19652272.10064,8802528.966174,77784.921872,27815377.530941,0.0,11920882.014859,11920882.009759,13.826907,172358.62884300004,245000.6665600173,86179.31443,145250.81431298514,300000.0,False,True
537,4,0,1,NORMAL,0.011027232366137781,0.010709519076810956,0.005968248523138485,1.847649661937831,3300000000.0,6699999999.999996,19695220.126357,8822343.616895,78068.199777,27875787.593713,0.0,11946772.041771,11946772.03666,13.826907,172600.17935700002,246250.28122468982,86300.08968399998,145408.15727741894,300000.0,False,True
538,4,0,1,NORMAL,0.01103831457069424,0.010730731689319557,0.0059812814497630295,1.8454765359907221,3300000000.0,6699999999.999996,19738228.784218,8842187.43916,78352.096279,27936282.211846,0.0,11972698.306697,11972698.30157,13.826907,172841.766102,247500.08333000014,86420.88305900001,145559.46723301872,300000.0,False,True
539,4,0,1,NORMAL,0.011049079784934883,0.01075127027613345,0.005994332752175152,1.8432543273353525,3300000000.0,6699999999.999996,19781298.082178,8862060.441102,78636.61225,27996862.776487,0.0,11998660.813257,11998660.808119,12.444217,173083.377011,248750.01041656252,86541.68851099999,145705.75233316398,300000.0,False,True
540,4,0,1,NORMAL,0.011059581065840504,0.010771161294824229,0.006007402431891211,1.8409922077350824,3300000000.0,6699999999.999996,19824428.025241,8881962.62958,78921.748562,28057526.526487,0.0,12024659.563257,12024659.558119,12.444217,173325.0,250000.0,86662.5,145847.85316114043,300000.0,False,True
541,4,0,1,NORMAL,0.011069862586975843,0.010790432345930785,0.0060204904895230305,1.8386977948457561,3300000000.0,6699999999.999996,19867618.615426,8901894.010198,79207.506088,28118274.844527,0.0,12050694.556717,12050694.551562,12.444217,173566.62298299995,251249.9895834375,86783.31150000001,145986.47006909465,300000.0,False,True
542,4,0,1,NORMAL,0.011079961097927237,0.010809111620253137,0.0060335969247942425,1.836377410694382,3300000000.0,6699999999.999996,19910869.851821,8921854.587281,79493.8857,28179107.726387,0.0,12076765.791807,12076765.786643,12.444217,173808.233891,252499.91666999986,86904.11695000001,146122.18614808112,300000.0,False,True
543,4,0,1,NORMAL,0.011089907148399743,0.010827227460778726,0.00604672173652606,1.834036297951272,3300000000.0,6699999999.999996,19954181.730536,8941844.363894,79780.88827,28240025.163607,0.0,12102873.264911,12102873.259735,12.444217,174049.82063600002,253749.71877531018,87024.91032400001,146255.48649263952,300000.0,False,True
544,4,0,1,NORMAL,0.01109972611252563,0.010844808018955947,0.006059864922646363,1.8316788004704143,3300000000.0,6699999999.999996,19997554.244733,8961863.341829,80068.51467,28301027.143507,0.0,12129016.97059,12129016.965406,12.444217,174291.37115000005,254999.33343998276,87145.68557900001,146386.77435887663,300000.0,False,True
545,4,0,1,NORMAL,0.011109439046317842,0.010861880988463166,0.006073026480184849,1.8293085140606362,3300000000.0,6699999999.999996,20040987.38461,8981911.521617,80356.765773,28362113.649182,0.0,12155196.901605,12155196.896407,12.444217,174532.87336600004,256248.69824210517,87266.43668999999,146516.38468533833,300000.0,False,True
546,4,0,1,NORMAL,0.011119063404178198,0.010878473402380266,0.0060862064052775765,1.8269284121774845,3300000000.0,6699999999.999996,20084481.137416,9001988.902519,80645.64245,28423285.90393,0.0,12181413.048898,12181413.043687,11.199796,174774.315227,257497.75080970503,87387.15761999997,146644.5954113955,300000.0,False,True
547,4,0,1,NORMAL,0.0111286136380047,0.010894611482097973,0.0060994046931657575,1.8245409507708277,3300000000.0,6699999999.999996,20128035.487447,9022095.482533,80935.145573,28484541.393569,0.0,12207665.401611,12207665.396385,11.199796,175015.684689,258746.42883319486,87507.842352,146771.6369351522,300000.0,False,True
548,4,0,1,NORMAL,0.011138101697207721,0.010910320528234088,0.006112621338196666,1.8221481555887875,3300000000.0,6699999999.999996,20171650.416049,9042231.258392,81225.276012,28545881.33297,0.0,12233953.947075,12233953.941841,11.199796,175256.969722,259994.6700777909,87628.48486499999,146897.70002166205,300000.0,False,True
549,4,0,1,NORMAL,0.011147537446490654,0.010925624845540964,0.006125856333826364,1.819751694948357,3300000000.0,6699999999.999996,20215325.901627,9062396.225563,81516.034639,28607305.688375,0.0,12260278.670835,12260278.665584,11.199796,175498.158313,261242.41239590006,87749.07916500002,147022.94240314193,300000.0,False,True
550,4,0,1,NORMAL,0.011156929013837863,0.010940547695108506,0.0061391096726203034,1.8173529402148385,3300000000.0,6699999999.999996,20259061.919647,9082590.378259,81807.422325,28668814.421835,0.0,12286639.556614,12286639.551351,11.199796,175739.238466,262489.59373947,87869.61923899999,147147.49429367666,300000.0,False,True
551,4,0,1,NORMAL,0.011166283081539044,0.010955111268426606,0.006152381346254545,1.814953016255546,3300000000.0,6699999999.999996,20302858.44264,9102813.70943,82099.43994,28730407.491206,0.0,12313036.586358,12313036.581078,11.199796,175980.19821299997,263736.15217229683,87990.09911499999,147271.46298265978,300000.0,False,True
552,4,0,1,NORMAL,0.011175605128094875,0.010969336678727785,0.006165671345516363,1.8125528432879745,3300000000.0,6699999999.999996,20346715.440204,9123066.210777,82392.088353,28792084.850163,0.0,12339469.740206,12339469.734916,11.199796,176221.02560000002,264982.0258822859,88110.51280499999,147394.93667631538,300000.0,False,True
553,4,0,1,NORMAL,0.011184899630604594,0.010983243965945645,0.0061789796603100005,1.8101531718010941,3300000000.0,6699999999.999996,20390632.879023,9143347.872736,82685.368434,28853847.568186,0.0,12365938.996525,12365938.991218,10.079817,176461.70870900003,266227.1531936594,88230.854363,147517.98769085234,300000.0,False,True
554,4,0,1,NORMAL,0.011194170232665305,0.010996852112185623,0.006192306279655152,1.8077546114674266,3300000000.0,6699999999.999996,20434610.722862,9163658.684501,82979.281052,28915693.35066,0.0,12392444.331879,12392444.326562,10.079817,176702.235646,267471.4725791072,88351.117828,147640.67512398065,300000.0,False,True
555,4,0,1,NORMAL,0.01120341988499706,0.011010179065270234,0.0062056511916896975,1.805357655293312,3300000000.0,6699999999.999996,20478648.932576,9183998.634015,83273.827075,28977623.258749,0.0,12418985.721072,12418985.715741,10.079817,176942.59454999998,268714.92267187475,88471.29728200003,147763.04707118205,300000.0,False,True
556,4,0,1,NORMAL,0.011212650961945382,0.011023241768281533,0.006219014383673636,1.8029626995848742,3300000000.0,6699999999.999996,20522747.466123,9204367.707977,83569.007371,29039637.229501,0.0,12445563.137123,12445563.131775,10.079817,177182.773589,269957.44227778283,88591.38680299999,147885.1424819612,300000.0,False,True
557,4,0,1,NORMAL,0.011221865358838219,0.011036056193478739,0.0062323958419915155,1.8005700605904318,3300000000.0,6699999999.999996,20566906.278572,9224765.891845,83864.822807,29101735.195838,0.0,12472176.551278,12472176.545918,10.079817,177422.76097200002,271198.9703871755,88711.380492,148006.99269767906,300000.0,False,True
558,4,0,1,NORMAL,0.011231064573121374,0.011048637379262136,0.00624579555215394,1.7981799883360259,3300000000.0,6699999999.999996,20611125.322108,9245193.169838,84161.274249,29163917.086564,0.0,12498825.933032,12498825.927656,10.079817,177662.54494400002,272439.44618679,88831.27248,148128.6227366645,300000.0,False,True
559,4,0,1,NORMAL,0.011240249771556443,0.011060999469087576,0.006259213498801515,1.7957926780591,3300000000.0,6699999999.999996,20655404.546045,9265649.524945,84458.362562,29226182.826386,0.0,12525511.250113,12525511.244721,10.079817,177902.11379,273678.8090715447,88951.05690299999,148250.05236520214,300000.0,False,True
560,4,0,1,NORMAL,0.011249421846436557,0.011073155751497189,0.006272649665707576,1.7934082797476918,3300000000.0,6699999999.999996,20699743.896835,9286134.938922,84756.088612,29288533.343905,0.0,12552232.4685,12552232.463093,9.071836,178141.45583500003,274916.99865623895,89070.72792499998,148371.29698454504,300000.0,False,True
561,4,0,1,NORMAL,0.011258581462313367,0.011085118700582104,0.006286104035781515,1.7910269060498698,3300000000.0,6699999999.999996,20744143.318079,9306649.392304,85054.453262,29350966.53971,0.0,12578989.55243,12578989.547009,9.071836,178380.559456,276153.95478716266,89190.27973500002,148492.36837296258,300000.0,False,True
562,4,0,1,NORMAL,0.011267729094796168,0.011096900016337851,0.006299576591073031,1.7886486388249296,3300000000.0,6699999999.999996,20788602.750541,9327192.864405,85353.457376,29413483.334281,0.0,12605782.464401,12605782.458966,9.071836,178619.41307,277389.6175536074,89309.70654200001,148613.27530253644,300000.0,False,True
563,4,0,1,NORMAL,0.011276865062816423,0.01110851066449776,0.006313067312774243,1.786273534577737,3300000000.0,6699999999.999996,20833122.132155,9347765.333323,85653.101815,29476083.63608,0.0,12632611.165177,12632611.159735,9.071836,178858.005143,278623.9272992778,89429.002575,148734.02405130942,300000.0,False,True
564,4,0,1,NORMAL,0.011285989555755707,0.01111996091554666,0.006326576181223939,1.783901629012285,3300000000.0,6699999999.999996,20877701.398039,9368366.775945,85953.387441,29538767.349546,0.0,12659475.613817,12659475.608362,9.071836,179096.32419900002,279856.82463359646,89548.16210599997,148854.6188291768,300000.0,False,True
565,4,0,1,NORMAL,0.011295102655469373,0.011131260382638447,0.006340103175913334,1.7815329407225677,3300000000.0,6699999999.999996,20922340.480514,9388997.167955,86254.315115,29601534.375125,0.0,12686375.767648,12686375.76218,9.071836,179334.35880699998,281088.250442899,89667.17941000001,148975.06213597534,300000.0,False,True
566,4,0,1,NORMAL,0.011304204355104513,0.011142418058281419,0.006353648275488182,1.779167474333627,3300000000.0,6699999999.999996,20967039.309111,9409656.483839,86555.885696,29664384.609283,0.0,12713311.582294,12713311.576818,9.071836,179572.0976,282318.14590151457,89786.048804,149095.35505219572,300000.0,False,True
567,4,0,1,NORMAL,0.011313294574618033,0.011153442349657976,0.006367211457752121,1.776805223084593,3300000000.0,6699999999.999996,21011797.810582,9430344.696888,86858.100042,29727318.851703,0.0,12740283.011695,12740283.006203,8.164653,179809.52926,283546.4524827272,89904.76463800001,149215.4974873796,300000.0,False,True
568,4,0,1,NORMAL,0.011322373173431445,0.011164341112482072,0.006380792699673939,1.7744461709295183,3300000000.0,6699999999.999996,21056615.908924,9451061.779209,87160.95901,29790335.176588,0.0,12767290.008087,12767290.00258,8.164653,180046.642539,284773.1119696145,90023.321277,149335.48838495804,300000.0,False,True
569,4,0,1,NORMAL,0.011331439961312435,0.011175121683374355,0.006394391977390909,1.7720902943356907,3300000000.0,6699999999.999996,21101493.52539,9471807.701727,87464.463456,29853434.37577,0.0,12794332.522034,12794332.516513,8.164653,180283.42624399997,285998.0664657593,90141.713129,149455.32588929508,300000.0,False,True
570,4,0,1,NORMAL,0.011340494707200395,0.01118579091071797,0.006408009266213334,1.769737563738231,3300000000.0,6699999999.999996,21146430.578504,9492582.434192,87768.614235,29916616.330004,0.0,12821410.502429,12821410.496897,8.164653,180519.869247,287221.2584058295,90259.934629,149575.00748932414,300000.0,False,True
571,4,0,1,NORMAL,0.011349537146680222,0.011196355184005857,0.006421644540628181,1.7673879447662455,3300000000.0,6699999999.999996,21191426.984073,9513385.945187,88073.412201,29979880.916172,0.0,12848523.896511,12848523.890965,8.164653,180755.96048599997,288442.6305660232,90377.98025000001,149694.5301350452,300000.0,False,True
572,4,0,1,NORMAL,0.01135856698802811,0.011206820461684712,0.006435297774306061,1.7650413992308136,3300000000.0,6699999999.999996,21236482.65521,9534218.202133,88378.858206,30043228.007306,0.0,12875672.649868,12875672.644306,8.164653,180991.688966,289662.1260743747,90495.844491,149813.89033617894,300000.0,False,True
573,4,0,1,NORMAL,0.011367583917428644,0.01121719229753916,0.006448968940106364,1.7626978859726308,3300000000.0,6699999999.999996,21281597.502351,9555079.1713,88684.953102,30106657.472621,0.0,12902856.706445,12902856.700868,8.164653,181227.043769,290879.68842091813,90613.521892,149933.08424197105,300000.0,False,True
574,4,0,1,NORMAL,0.011376587603211603,0.011227475865647062,0.006462658010081212,1.7603573615476893,3300000000.0,6699999999.999996,21326771.433268,9575968.817811,88991.697738,30170169.993994,0.0,12930076.008564,12930076.00297,7.348188,181462.01403700002,292095.26146770373,90731.007027,150052.1077100581,300000.0,False,True
575,4,0,1,NORMAL,0.011385577699380695,0.011237675983952458,0.0064763649554821215,1.7580197807943199,3300000000.0,6699999999.999996,21372004.353091,9596887.105651,89299.092963,30233763.80014,0.0,12957330.496923,12957330.491317,7.348188,181696.58899800002,293308.78945866507,90848.29450499997,150170.95636239313,300000.0,False,True
576,4,0,1,NORMAL,0.011394553848700398,0.011247797136516843,0.006490089746764849,1.75568509732555,3300000000.0,6699999999.999996,21417296.164324,9617833.997672,89607.139623,30297439.565418,0.0,12984620.110627,12984620.105006,7.348188,181930.75794900002,294520.21702933253,90965.37898200001,150289.62563182518,300000.0,False,True
577,4,0,1,NORMAL,0.011403515684923982,0.011257843494478594,0.006503832353595152,1.7533532638830105,3300000000.0,6699999999.999996,21462646.766864,9638809.455605,89915.838565,30361197.144007,0.0,13011944.787174,13011944.781543,7.348188,182164.510262,295729.48921639,91082.25513599999,150408.11080284527,300000.0,False,True
578,4,0,1,NORMAL,0.011412462835146762,0.011267818935812024,0.006517592744854545,1.751024232705638,3300000000.0,6699999999.999996,21508056.05802,9659813.440065,90225.190632,30425036.38639,0.0,13039304.462496,13039304.456849,7.348188,182397.835394,296936.55146707135,91198.91770500001,150526.40704099656,300000.0,False,True
579,4,0,1,NORMAL,0.011421394921277956,0.011277727063906602,0.006531370888647272,1.7486979557584839,3300000000.0,6699999999.999996,21553523.932536,9680845.910561,90535.196667,30488957.139393,0.0,13066699.070944,13066699.065277,7.348188,182630.72288200003,298141.3496483939,91315.361451,150644.50942393727,300000.0,False,True
580,4,0,1,NORMAL,0.011430311561487355,0.011287571225040843,0.00654516675230606,1.7463743849551443,3300000000.0,6699999999.999996,21599050.28261,9701906.825508,90845.857511,30552959.246212,0.0,13094128.545302,13094128.539628,7.348188,182863.16234699998,299343.830056226,91431.58117699999,150762.41296086903,300000.0,False,True
581,4,0,1,NORMAL,0.011439212371697798,0.011297354524825163,0.006558980302397272,1.7440534723845456,3300000000.0,6699999999.999996,21644634.997911,9722996.142224,91157.174004,30617043.281248,0.0,13121592.816833,13121592.811148,6.61337,183095.143487,300543.9394241849,91547.57174900001,150880.11261163309,300000.0,False,True
582,4,0,1,NORMAL,0.011448096966261359,0.011307079843627499,0.006572811504727273,1.7417351704103643,3300000000.0,6699999999.999996,21690277.9656,9744113.816955,91469.146983,30681207.610878,0.0,13149091.815257,13149091.809559,6.61337,183326.656095,301741.62493236316,91663.328054,150997.60330641095,300000.0,False,True
583,4,0,1,NORMAL,0.011456964958960382,0.01131674985106833,0.0065866603243515155,1.7394194318178033,3300000000.0,6699999999.999996,21735979.07036,9765259.804869,91781.777285,30745452.802392,0.0,13176625.468776,13176625.463063,6.61337,183557.690051,302936.8342158803,91778.84503299998,151114.87995464992,300000.0,False,True
584,4,0,1,NORMAL,0.011465815963636179,0.011326367019621095,0.006600526725579697,1.7371062099031473,3300000000.0,6699999999.999996,21781738.194413,9786434.060071,92095.065744,30809778.68475,0.0,13204193.704084,13204193.698357,6.61337,183788.235318,304129.51537325716,91894.117666,151231.93745827704,300000.0,False,True
585,4,0,1,NORMAL,0.01147464959487024,0.011335933637379106,0.006614410671980303,1.7347954585702823,3300000000.0,6699999999.999996,21827555.217535,9807636.53562,92409.013193,30874185.083432,0.0,13231796.446386,13231796.440648,6.61337,184018.28195699997,305319.616974611,92009.14098400001,151348.77071999756,300000.0,False,True
586,4,0,1,NORMAL,0.011483465468534876,0.011345451820034318,0.006628312126390303,1.7324871324049476,3300000000.0,6699999999.999996,21873430.017088,9828867.183525,92723.620463,30938671.820469,0.0,13259433.619417,13259433.613663,6.61337,184247.82011999996,306507.08806966775,92123.91006800001,151465.37465228717,300000.0,False,True
587,4,0,1,NORMAL,0.011492263202021312,0.011354923522097994,0.006642231050921818,1.7301811867002728,3300000000.0,6699999999.999996,21919362.468042,9850125.954767,93038.888383,31003238.714485,0.0,13287105.145433,13287105.139667,6.61337,184476.84005199999,307691.8781955911,92238.420032,151581.74418466038,300000.0,False,True
588,4,0,1,NORMAL,0.011501042414857507,0.011364350547437318,0.006656167406967576,1.7278775775408517,3300000000.0,6699999999.999996,21965352.442993,9871412.799299,93354.81778,31067886.242051,0.0,13314810.945259,13314810.939477,5.952033,184705.33209399995,308873.93738462444,92352.66605500001,151697.87426668132,300000.0,False,True
589,4,0,1,NORMAL,0.011509802728803415,0.011373734559138357,0.00667012115521,1.7255762618064536,3300000000.0,6699999999.999996,22011399.812193,9892727.666061,93671.40948,31132612.892386,0.0,13342550.938274,13342550.932476,5.952033,184933.28668400005,310053.21617154503,92466.64335,151813.75987611912,300000.0,False,True
590,4,0,1,NORMAL,0.011518543768225196,0.011383077088756865,0.0066840922556266665,1.7232771972183494,3300000000.0,6699999999.999996,22057504.443568,9914070.502991,93988.664307,31197419.135407,0.0,13370325.042439,13370325.036626,5.952033,185160.69435699997,311229.66560092726,92580.34718600001,151929.39602020508,300000.0,False,True
591,4,0,1,NORMAL,0.011527265160324075,0.011392379544987008,0.0066980806674996965,1.7209803423623216,3300000000.0,6699999999.999996,22103666.202749,9935441.257033,94306.583082,31262304.776419,0.0,13398133.174309,13398133.168486,5.952033,185387.54575400002,312403.23723421467,92693.77288199998,152044.7777405726,300000.0,False,True
592,4,0,1,NORMAL,0.011535966535365906,0.011401643221785647,0.006712086349420606,1.7186856567126407,3300000000.0,6699999999.999996,22149884.953088,9956839.874148,94625.166625,31327269.61748,0.0,13425975.249058,13425975.243224,5.952033,185613.83160899996,313573.8831565978,92806.91581,152159.9001162778,300000.0,False,True
593,4,0,1,NORMAL,0.01154464752677671,0.01141086930597862,0.006726109259301818,1.7163931006340902,3300000000.0,6699999999.999996,22196160.555696,9978266.299324,94944.415753,31392313.457447,0.0,13453851.180479,13453851.174636,5.952033,185839.54276700004,314741.5559836975,92919.771388,152274.75826682997,300000.0,False,True
594,4,0,1,NORMAL,0.011553307771383208,0.011420058884391819,0.006740149354379091,1.7141026354077742,3300000000.0,6699999999.999996,22242492.869451,9999720.476589,95264.331283,31457436.092004,0.0,13481760.881014,13481760.875157,5.952033,186064.67017000003,315906.20886805083,93032.33509200001,152389.34735345258,300000.0,False,True
595,4,0,1,NORMAL,0.011561946909422841,0.011429212950522852,0.006754206591225757,1.7118142232194549,3300000000.0,6699999999.999996,22288881.751045,10021202.349017,95584.914028,31522637.908909,0.0,13509704.261754,13509704.255883,5.35683,186289.20487,317067.79550540034,93144.60244199999,152503.66258225834,300000.0,False,True
596,4,0,1,NORMAL,0.011570564584659868,0.011438332410789759,0.0067682809257539394,1.709527827166983,3300000000.0,6699999999.999996,22335327.054988,10042711.858747,95906.164799,31587917.507213,0.0,13537681.23246,13537681.226584,5.35683,186513.138015,318226.2701407832,93256.56901,152617.6992043815,300000.0,False,True
597,4,0,1,NORMAL,0.011579160444805158,0.011447418090403656,0.006782372313226667,1.7072434113096413,3300000000.0,6699999999.999996,22381828.633648,10064248.946984,96228.084406,31653275.268515,0.0,13565691.701602,13565691.695711,5.35683,186736.46087300003,319381.58757442096,93368.23044399999,152731.45251751028,300000.0,False,True
598,4,0,1,NORMAL,0.01158773414120095,0.011456470738842192,0.006796480708265455,1.7049609406098474,3300000000.0,6699999999.999996,22428386.337276,10085813.55402,96550.673656,31718710.976199,0.0,13593735.576337,13593735.570429,5.35683,186959.16482099998,320533.70316740853,93479.582419,152844.91787142807,300000.0,False,True
599,4,0,1,NORMAL,0.011596285329033486,0.011465491034983566,0.006810606064856364,1.7026803809534463,3300000000.0,6699999999.999996,22475000.014026,10107405.61924,96873.933355,31784224.410659,0.0,13621812.762549,13621812.756625,5.35683,187181.241328,321682.57284720085,93590.62067199999,152958.09066385255,300000.0,False,True
600,4,0,1,NORMAL,0.011604813667522024,0.011474479591921532,0.0068247483363606054,1.7004016991651383,3300000000.0,6699999999.999996,22521669.50999,10129025.081135,97197.864304,31849815.349353,0.0,13649923.164858,13649923.15892,5.35683,187402.68199200003,322828.1531128977,93701.34100300001,153070.96634324203,300000.0,False,True
601,4,0,1,NORMAL,0.011613318819952919,0.011483436961471945,0.006838907475522727,1.6981248630016395,3300000000.0,6699999999.999996,22568394.669225,10150671.877308,97522.467305,31915483.566832,0.0,13678066.686645,13678066.680694,5.35683,187623.47851899997,323970.4010403251,93811.73926600002,153183.5404112907,300000.0,False,True
602,4,0,1,NORMAL,0.01162180045366696,0.011492363638387753,0.006853083434476061,1.6958498411387692,3300000000.0,6699999999.999996,22615175.333771,10172345.944495,97847.743156,31981229.370461,0.0,13706243.230065,13706243.224098,4.821147,187843.62271599998,325109.2742869135,93921.81136600001,153295.80842337853,300000.0,False,True
603,4,0,1,NORMAL,0.01163025824013012,0.011501260064306617,0.006867276164754545,1.6935766031692445,3300000000.0,6699999999.999996,22662011.34369,10194047.218571,98173.692653,32047051.457739,0.0,13734452.696052,13734452.690072,4.821147,188063.10651699998,326244.73109637224,94031.55326500001,153407.76598840387,300000.0,False,True
604,4,0,1,NORMAL,0.011638691855059627,0.011510126631451973,0.006881485617298787,1.691305119609943,3300000000.0,6699999999.999996,22708902.537086,10215775.634564,98500.31659,32112950.130424,0.0,13762694.984354,13762694.978365,4.821147,188281.921965,327376.7303031596,94140.960987,153519.4087697176,300000.0,False,True
605,4,0,1,NORMAL,0.011647100978459937,0.01151896368609765,0.006895711742465758,1.6890353618950993,3300000000.0,6699999999.999996,22755848.750137,10237531.126664,98827.615758,32178925.151846,0.0,13790969.993545,13790969.987544,4.821147,188500.06121400004,328505.2313367494,94250.03061299998,153630.73248678708,300000.0,False,True
606,4,0,1,NORMAL,0.011655485294625059,0.011527771531809096,0.006909954490037272,1.6867673023649956,3300000000.0,6699999999.999996,22802849.817123,10259313.628238,99155.590946,32244976.282632,0.0,13819277.621038,13819277.61502,4.821147,188717.516541,329630.1942256927,94358.75827899999,153741.73291567116,300000.0,False,True
607,4,0,1,NORMAL,0.011663844492126705,0.01153655043247475,0.006924213809228181,1.6845009142527958,3300000000.0,6699999999.999996,22849905.570453,10281123.07184,99484.242941,32311103.280743,0.0,13847617.763102,13847617.757067,4.821147,188934.28033300003,330751.5796014762,94467.14017500001,153852.40588905077,300000.0,False,True
608,4,0,1,NORMAL,0.011672178263967633,0.011545300615151712,0.006938489648696364,1.6822361716948957,3300000000.0,6699999999.999996,22897015.840698,10302959.389228,99813.572526,32377305.901526,0.0,13875990.314876,13875990.308829,4.821147,189150.34510200002,331869.34870217636,94575.172557,153962.7472960725,300000.0,False,True
609,4,0,1,NORMAL,0.011680486307571715,0.011554022272727196,0.006952781956548788,1.679973049718599,3300000000.0,6699999999.999996,22944180.456611,10324822.511369,100143.580484,32443584.379852,0.0,13904395.170401,13904395.164348,4.339033,189365.703468,332983.4633759101,94682.851737,154072.75308437276,300000.0,False,True
610,4,0,1,NORMAL,0.011688768324952744,0.011562715566419168,0.006967090680353333,1.677711524254189,3300000000.0,6699999999.999996,22991399.245166,10346712.368452,100474.267593,32509937.50171,0.0,13932832.222639,13932832.216571,4.339033,189580.34817700004,334093.88608408306,94790.174096,154182.41925994665,300000.0,False,True
611,4,0,1,NORMAL,0.011697024022457874,0.011571380628099086,0.006981415767144545,1.675451572087369,3300000000.0,6699999999.999996,23038672.031577,10368628.88991,100805.63463,32576365.496938,0.0,13961301.363466,13961301.35738,4.339033,189794.27209199997,335200.5799044343,94897.136055,154291.74188937622,300000.0,False,True
612,4,0,1,NORMAL,0.011705253110979056,0.01158001756247844,0.006995757163435758,1.6731931708776422,3300000000.0,6699999999.999996,23085998.639338,10390572.004421,101137.68237,32642868.110802,0.0,13989802.483708,13989802.477607,4.339033,190007.46819700004,336303.50853388023,95003.734106,154400.71709644396,300000.0,False,True
613,4,0,1,NORMAL,0.011713455306004143,0.011588626449157518,0.007010114815226363,1.6709362991547385,3300000000.0,6699999999.999996,23133378.890247,10412541.639926,101470.411584,32709445.086155,0.0,14018335.473158,14018335.467042,4.339033,190219.929591,337402.63629115676,95109.96480300001,154509.34106492356,300000.0,False,True
614,4,0,1,NORMAL,0.01172163032760413,0.011597207344541172,0.00702448866801,1.6686809363057602,3300000000.0,6699999999.999996,23180812.604433,10434537.72364,101803.823041,32776096.163476,0.0,14046900.220595,14046900.214464,4.339033,190431.64950100004,338497.9281192615,95215.824758,154617.6100392547,300000.0,False,True
615,4,0,1,NORMAL,0.01172977790044977,0.01160576028363205,0.007038878666785758,1.6664270625659288,3300000000.0,6699999999.999996,23228299.600393,10456560.182063,102137.917507,32842821.080917,0.0,14075496.613797,14075496.607652,4.339033,190642.62127200002,339589.3495876965,95321.31064299999,154725.52032437452,300000.0,False,True
616,4,0,1,NORMAL,0.011737897753838761,0.011614285281709902,0.00705328475606394,1.664174659012215,3300000000.0,6699999999.999996,23275839.695011,10478608.941001,102472.695746,32909620.008245,0.0,14104124.539563,14104124.533404,3.90513,190852.838368,340676.8668945128,95426.419191,154833.06828593698,300000.0,False,True
617,4,0,1,NORMAL,0.011745989621690493,0.011622782335902198,0.007067706879878182,1.6619237075509483,3300000000.0,6699999999.999996,23323432.703598,10500683.925566,102808.158519,32976491.811273,0.0,14132783.883729,14132783.877558,3.90513,191062.294376,341760.44686815783,95531.14719399999,154940.25035067165,300000.0,False,True
618,4,0,1,NORMAL,0.011754053242637456,0.01163125142665931,0.007082144981792727,1.6596741909203492,3300000000.0,6699999999.999996,23371078.439916,10522785.060198,103144.306584,33043436.655322,0.0,14161474.53119,14161474.525007,3.90513,191270.983008,342840.0569691269,95635.49150999998,155047.0630063145,300000.0,False,True
619,4,0,1,NORMAL,0.011762088360004268,0.01163969251913318,0.007096599004911819,1.657426092676688,3300000000.0,6699999999.999996,23418776.716209,10544912.268675,103481.140697,33110454.269652,0.0,14190196.365916,14190196.359718,3.90513,191478.898097,343915.6652914202,95739.44905599998,155153.50280281442,300000.0,False,True
620,4,0,1,NORMAL,0.011770094721776456,0.011648105564465005,0.00711106889189,1.6551793971789475,3300000000.0,6699999999.999996,23466527.343237,10567065.474124,103818.661611,33177544.381408,0.0,14218949.270967,14218949.264754,3.90513,191686.033599,344987.2405638062,95843.01680699998,155259.56635205634,300000.0,False,True
621,4,0,1,NORMAL,0.011778072080643206,0.011656490500992631,0.007125554584938788,1.652934089584886,3300000000.0,6699999999.999996,23514330.130298,10589244.599038,104156.870076,33244706.71566,0.0,14247733.128516,14247733.122288,3.90513,191892.38358700002,346054.7521508941,95946.19180099998,155365.25032744923,300000.0,False,True
622,4,0,1,NORMAL,0.011786020194018577,0.011664847255381403,0.007140056025837879,1.6506901558430696,3300000000.0,6699999999.999996,23562184.885265,10611449.565286,104495.76684,33311940.995452,0.0,14276547.819862,14276547.813627,3.90513,192097.94226900002,347118.1700540153,96048.97113800001,155470.55146449033,300000.0,False,True
623,4,0,1,NORMAL,0.011793938824182447,0.011673175743691148,0.00715457315594394,1.648447582702285,3300000000.0,6699999999.999996,23610091.414615,10633680.294121,104835.352648,33379247.332349,0.0,14305393.225467,14305393.219217,3.514617,192302.70396299998,348177.4649119171,96151.35198899999,155575.4665610452,300000.0,False,True
624,4,0,1,NORMAL,0.011801827738010955,0.011681475872356942,0.007169105916199696,1.6462063576635007,3300000000.0,6699999999.999996,23658049.523459,10655936.706202,105175.628241,33446624.66444,0.0,14334269.224944,14334269.218683,3.514617,192506.663125,349232.6080012694,96253.331568,155679.9924792083,300000.0,False,True
625,4,0,1,NORMAL,0.011809686707181435,0.011689747539119813,0.007183654247142121,1.6439664689986564,3300000000.0,6699999999.999996,23706059.015569,10678218.721601,105516.594358,33514073.099448,0.0,14363175.697099,14363175.690828,3.514617,192709.814316,350283.57123698643,96354.90716300003,155784.1261417446,300000.0,False,True
626,4,0,1,NORMAL,0.011817515508216655,0.011697990633900255,0.007198218088912122,1.6417279057465533,3300000000.0,6699999999.999996,23754119.69341,10700526.259821,105858.251736,33581592.352729,0.0,14392112.519945,14392112.51366,3.514617,192912.15224000002,351330.32717236574,96456.07612700001,155887.86453479494,300000.0,False,True
627,4,0,1,NORMAL,0.011825313922286574,0.0117062050396026,0.007212797381264546,1.6394906576750896,3300000000.0,6699999999.999996,23802231.358173,10722859.239801,106200.601107,33649182.137823,0.0,14421079.570712,14421079.564413,3.514617,193113.67170800004,352372.8489990455,96556.83586100001,155991.20470845985,300000.0,False,True
628,4,0,1,NORMAL,0.011833081735390077,0.011714390632879212,0.00722739206357697,1.6372547152968018,3300000000.0,6699999999.999996,23850393.809804,10745217.579936,106543.643203,33716842.166504,0.0,14450076.72587,14450076.719559,3.514617,193314.367666,353411.1105467838,96657.183839,156094.14377418277,300000.0,False,True
629,4,0,1,NORMAL,0.0118408187383384,0.011722547284844322,0.00724200207485697,1.6350200698571684,3300000000.0,6699999999.999996,23898606.847028,10767601.198083,106887.378751,33784572.148811,0.0,14479103.861159,14479103.854831,3.514617,193514.235175,354445.08628305997,96757.11759600001,156196.678907149,300000.0,False,True
630,4,0,1,NORMAL,0.011848524726616948,0.01173067486173288,0.007256627353754242,1.632786713305193,3300000000.0,6699999999.999996,23946870.267389,10790010.011584,107231.808475,33852372.144567,0.0,14508160.851583,14508160.845242,3.163156,193713.26942499998,355474.75131250196,96856.634719,156298.8073460669,300000.0,False,True
631,4,0,1,NORMAL,0.011856199500630944,0.011738773225532755,0.007271267838567575,1.630554638318287,3300000000.0,6699999999.999996,23995183.867273,10812443.937268,107576.933098,33920241.157567,0.0,14537247.571456,14537247.565097,3.163156,193911.465728,356500.0813761408,96955.732873,156400.5263913437,300000.0,False,True
632,4,0,1,NORMAL,0.011863842865381313,0.011746842234555242,0.007285923467254848,1.628323838247962,3300000000.0,6699999999.999996,24043547.441941,10834902.891469,107922.753338,33988179.244392,0.0,14566363.894394,14566363.888022,3.163156,194108.81951299997,357521.0528504949,97054.40976300002,156501.83340832847,300000.0,False,True
633,4,0,1,NORMAL,0.011871454630779614,0.011754881743989073,0.007300594177441818,1.6260943071539773,3300000000.0,6699999999.999996,24091960.785558,10857386.790041,108269.269911,34056186.108606,0.0,14595509.693356,14595509.68697,3.163156,194305.32633799998,358537.6427464863,97152.66317599999,156602.72582303334,300000.0,False,True
634,4,0,1,NORMAL,0.011879034611463155,0.011762891606406757,0.00731527990643303,1.6238660397692746,3300000000.0,6699999999.999996,24140423.691229,10879895.548365,108616.48353,34124261.452264,0.0,14624684.840647,14624684.834249,3.163156,194500.98188599997,359549.8287081919,97250.49094900001,156703.20112629092,300000.0,False,True
635,4,0,1,NORMAL,0.01188658262683701,0.011770871672240968,0.007329980591214849,1.621639031498031,3300000000.0,6699999999.999996,24188935.951009,10902429.081369,108964.394904,34192404.975945,0.0,14653889.207949,14653889.201539,3.163156,194695.781954,360557.58901143156,97347.89098299999,156803.25687131364,300000.0,False,True
636,4,0,1,NORMAL,0.01189409850099731,0.011778821790225248,0.007344696168472424,1.6194132783944808,3300000000.0,6699999999.999996,24237497.355959,10924987.303533,109313.004741,34260616.378805,0.0,14683122.666324,14683122.659906,3.163156,194889.72246200003,361560.9025621949,97444.86123499997,156902.89067424854,300000.0,False,True
637,4,0,1,NORMAL,0.011901582062959444,0.011786741807821004,0.007359426574594545,1.6171887771861004,3300000000.0,6699999999.999996,24286107.696162,10947570.128901,109662.313744,34328895.674926,0.0,14712385.086257,14712385.079819,2.846841,195082.79945800002,362559.74889491155,97541.399739,157002.10021316452,300000.0,False,True
638,4,0,1,NORMAL,0.01190903314622023,0.011794631571588698,0.007374171745682122,1.6149655252053838,3300000000.0,6699999999.999996,24334766.760751,10970177.471108,110012.322614,34397241.92811,0.0,14741676.337634,14741676.331181,2.846841,195275.00910700002,363554.1081705648,97637.504561,157100.88323106465,300000.0,False,True
639,4,0,1,NORMAL,0.011916451589134857,0.011802490927559419,0.007388931617559697,1.6127435204320433,3300000000.0,6699999999.999996,24383474.337947,10992809.243373,110363.032049,34465655.1498,0.0,14770996.289796,14770996.283332,2.846841,195466.34769299996,364543.96117465326,97733.173852,157199.23753010703,300000.0,False,True
640,4,0,1,NORMAL,0.011923837234780937,0.01181031972157371,0.0074037061257809095,1.6105227614667466,3300000000.0,6699999999.999996,24432230.215077,11015465.358526,110714.442744,34534135.033865,0.0,14800344.811547,14800344.805072,2.846841,195656.811621,365529.28931500245,97828.405816,157297.1609765801,300000.0,False,True
641,4,0,1,NORMAL,0.011931189930902412,0.011818117799594918,0.007418495205641211,1.6083032475143522,3300000000.0,6699999999.999996,24481034.178616,11038145.729012,111066.55539,34602681.272959,0.0,14829721.771167,14829721.764683,2.846841,195846.397419,366510.0746194288,97923.198714,157394.65149910838,300000.0,False,True
642,4,0,1,NORMAL,0.011938509530002516,0.01182588500800831,0.00743329879218303,1.6060849783890343,3300000000.0,6699999999.999996,24529886.014204,11060850.266912,111419.370676,34671293.558563,0.0,14859127.036437,14859127.029939,2.846841,196035.101734,367486.29973325937,98017.550874,157491.70708791184,300000.0,False,True
643,4,0,1,NORMAL,0.011945795889141162,0.011833621193887851,0.007448116820207273,1.603867954478287,3300000000.0,6699999999.999996,24578785.506684,11083578.883947,111772.889287,34739971.581025,0.0,14888560.474646,14888560.468135,2.846841,196222.92132899998,368457.9479167101,98111.46067100001,157588.3257960332,300000.0,False,True
644,4,0,1,NORMAL,0.011953048870075235,0.01184132620525478,0.007462949224281818,1.6016521767539578,3300000000.0,6699999999.999996,24627732.44013,11106331.491493,112127.111906,34808715.314287,0.0,14918021.952617,14918021.946094,2.562157,196409.85308600002,369425.00304212444,98204.92654899998,157684.50573666336,300000.0,False,True
645,4,0,1,NORMAL,0.01196026833921993,0.011848999891317047,0.007477795938748182,1.5994376467596056,3300000000.0,6699999999.999996,24676726.597869,11129108.000594,112482.039212,34877523.877183,0.0,14947511.336731,14947511.330191,2.562157,196595.894003,370387.449591077,98297.94701,157780.2450849931,300000.0,False,True
646,4,0,1,NORMAL,0.011967454167491239,0.011856642102683125,0.007492656897733333,1.5972243665810473,3300000000.0,6699999999.999996,24725767.76252,11151908.321978,112837.671881,34946397.241601,0.0,14977028.492918,14977028.486368,2.562157,196781.0412,371345.2726513429,98390.52060500001,157875.54207770305,300000.0,False,True
647,4,0,1,NORMAL,0.01197460623055363,0.011864252691577997,0.007507532035154546,1.5950123388727075,3300000000.0,6699999999.999996,24774855.71601,11174732.366063,113194.010585,35015335.093767,0.0,15006573.286713,15006573.280152,2.562157,196965.291911,372298.457913738,98482.645961,157970.39501088436,300000.0,False,True
648,4,0,1,NORMAL,0.011981724408589625,0.01187183151203036,0.0075224212847327275,1.5928015668183009,3300000000.0,6699999999.999996,24823990.239618,11197580.042968,113551.055995,35084337.118985,0.0,15036145.583245,15036145.576672,2.562157,197148.64348799997,373246.9916688311,98574.32175,158064.80224330793,300000.0,False,True
649,4,0,1,NORMAL,0.01198880858629255,0.011879378420047276,0.0075373245799960605,1.5905920541236418,3300000000.0,6699999999.999996,24873171.113987,11220451.262533,113908.808778,35153403.001669,0.0,15065745.247263,15065745.240676,2.562157,197331.09339,374190.8608035321,98665.546702,158158.76219338304,300000.0,False,True
650,4,0,1,NORMAL,0.01199585865290231,0.011886893273779859,0.007552241854292122,1.5883838050134442,3300000000.0,6699999999.999996,24922398.119164,11243345.934324,114267.269597,35222532.425386,0.0,15095372.143154,15095372.136553,2.562157,197512.63920199996,375130.05279755883,98756.31960799999,158252.27333906165,300000.0,False,True
651,4,0,1,NORMAL,0.012002874502206475,0.011894375933678352,0.007567173040793637,1.586176824224919,3300000000.0,6699999999.999996,24971671.034619,11266263.967651,114626.439112,35291725.329111,0.0,15125026.134962,15125026.128343,2.305942,197693.27861799998,376064.5557197851,98846.63931800002,158345.3342183105,300000.0,False,True
652,4,0,1,NORMAL,0.012009856032344862,0.011901826262624579,0.007582118072510909,1.5839711169741326,3300000000.0,6699999999.999996,25020989.639286,11289205.271573,114986.31798,35360980.882411,0.0,15154707.086389,15154707.079756,2.305942,197873.00944000002,376994.35822447407,98936.50472699999,158437.94342912547,300000.0,False,True
653,4,0,1,NORMAL,0.012016803146055691,0.01190924412607175,0.007597076882295758,1.581766688982663,3300000000.0,6699999999.999996,25070353.711576,11312169.754914,115346.906856,35430299.022766,0.0,15184414.860838,15184414.854192,2.305942,198051.82959500002,377919.44954739854,99025.91480400001,158530.09962695217,300000.0,False,True
654,4,0,1,NORMAL,0.01202371575042818,0.011916629392159263,0.007612049402851212,1.5795635464379028,3300000000.0,6699999999.999996,25119763.029409,11335157.326273,115708.20639,35499679.43075,0.0,15214149.321414,15214149.314756,2.305942,198229.737108,378839.8195018525,99114.86856,158621.8015279351,300000.0,False,True
655,4,0,1,NORMAL,0.01203059375693833,0.011923981931822428,0.00762703556674,1.5773616959912158,3300000000.0,6699999999.999996,25169217.370242,11358167.894039,116070.217229,35569121.786288,0.0,15243910.330941,15243910.324271,2.305942,198406.730118,379755.4584745555,99203.36506499999,158713.047905652,300000.0,False,True
656,4,0,1,NORMAL,0.012037437081520089,0.011931301618899699,0.007642035306394243,1.5751611447604967,3300000000.0,6699999999.999996,25218716.511101,11381201.366396,116432.940018,35638625.768695,0.0,15273697.751985,15273697.745299,2.305942,198582.80688600003,380666.3574214552,99291.40345099999,158803.83759158597,300000.0,False,True
657,4,0,1,NORMAL,0.012044245644300315,0.011938588330215869,0.007657048554120606,1.5729619002897348,3300000000.0,6699999999.999996,25268260.228598,11404257.651341,116796.375399,35708191.05671,0.0,15303511.446859,15303511.440162,2.305942,198757.96576700002,381572.5078634277,99378.98288900004,158894.1694760652,300000.0,False,True
658,4,0,1,NORMAL,0.012051019369873612,0.011945841945677658,0.007672075242110606,1.5707639705783631,3300000000.0,6699999999.999996,25317848.298965,11427336.656691,117160.524009,35777817.559131,0.0,15333351.277656,15333351.270942,2.075348,198932.205231,382473.90188188234,99466.102624,158984.04250476416,300000.0,False,True
659,4,0,1,NORMAL,0.012057758186936334,0.011953062348339509,0.00768711530244697,1.5685673640277125,3300000000.0,6699999999.999996,25367480.498075,11450438.2901,117525.386483,35847504.492477,0.0,15363217.106243,15363217.099516,2.075348,199105.52385300002,383370.53211427137,99552.76193299997,159073.4556823317,300000.0,False,True
660,4,0,1,NORMAL,0.012064462028577952,0.011960249424483925,0.007702168667113939,1.566372089472639,3300000000.0,6699999999.999996,25417156.601476,11473562.459059,117890.963452,35917251.764586,0.0,15393108.794301,15393108.787561,2.075348,199277.920321,384262.3917495088,99638.96016699998,159162.40806755962,300000.0,False,True
661,4,0,1,NORMAL,0.012071130832026393,0.011967403063680214,0.007717235268002727,1.5641781561430204,3300000000.0,6699999999.999996,25466876.384409,11496709.070918,118257.255544,35987059.05228,0.0,15423026.203323,15423026.196573,2.075348,199449.393422,385149.47452330095,99724.696716,159250.89877722898,300000.0,False,True
662,4,0,1,NORMAL,0.012077764538777668,0.011974523158847792,0.007732315036919091,1.5619855736749706,3300000000.0,6699999999.999996,25516639.621833,11519878.032894,118624.263385,36056926.031992,0.0,15452969.194644,15452969.187877,2.075348,199619.94204899998,386031.77471339185,99809.97103300001,159338.92698274838,300000.0,False,True
663,4,0,1,NORMAL,0.01208436309433522,0.011981609606298594,0.007747407905594242,1.5597943520708843,3300000000.0,6699999999.999996,25566446.088461,11543069.252078,118991.987596,36126852.379807,0.0,15482937.629437,15482937.622653,2.075348,199789.565199,386909.28713472694,99894.78260800001,159426.49191186522,300000.0,False,True
664,4,0,1,NORMAL,0.012090926448377391,0.011988662305787549,0.007762513805688485,1.5576045017165678,3300000000.0,6699999999.999996,25616295.558772,11566282.635453,119360.428796,36196837.771494,0.0,15512931.368745,15512931.361946,2.075348,199958.26197500003,387782.00713453675,99979.13099499998,159513.5928452249,300000.0,False,True
665,4,0,1,NORMAL,0.01209745455466834,0.011995681160554052,0.007777632668802121,1.555416033363728,3300000000.0,6699999999.999996,25666187.807047,11589518.089897,119729.5876,36266882.090078,0.0,15542950.273491,15542950.26668,1.867814,200126.03158,388649.93058734556,100063.015796,159600.22911858157,300000.0,False,True
666,4,0,1,NORMAL,0.012103947371027395,0.012002666077358783,0.0077927644264809085,1.5532289581212646,3300000000.0,6699999999.999996,25716122.607387,11612775.522195,120099.46462,36336984.595735,0.0,15572994.204498,15572994.197673,1.867814,200292.87331400003,389513.0538899061,100146.43666400002,159686.40012162208,300000.0,False,True
667,4,0,1,NORMAL,0.012110404859219099,0.012009616966511063,0.007807909010222727,1.5510432874362658,3300000000.0,6699999999.999996,25766099.733735,11636054.839057,120470.060465,36407145.171035,0.0,15603063.022495,15603063.015657,1.867814,200458.786581,390371.37395606417,100229.393297,159772.10529756162,300000.0,False,True
668,4,0,1,NORMAL,0.012116826985046883,0.012016533741900471,0.007823066351487575,1.5488590331005998,3300000000.0,6699999999.999996,25816118.959909,11659355.94712,120841.375741,36477363.490842,0.0,15633156.588139,15633156.581287,1.867814,200623.77088799997,391224.88821155624,100311.88545100001,159857.3441416921,300000.0,False,True
669,4,0,1,NORMAL,0.01212321371816076,0.012023416321014039,0.007838236381702425,1.5466762072219695,3300000000.0,6699999999.999996,25866180.059618,11682678.752964,121213.41105,36547639.22988,0.0,15663274.762022,15663274.75516,1.867814,200787.825832,392073.5945887427,100393.91292100001,159942.11620261887,300000.0,False,True
670,4,0,1,NORMAL,0.012129565032168853,0.01203026462495951,0.007853419032271516,1.5444948222329236,3300000000.0,6699999999.999996,25916282.806496,11706023.163112,121586.16699,36617972.062765,0.0,15693417.404697,15693417.397824,1.867814,200950.95110900002,392917.4915212793,100475.47555999999,160026.42107972206,300000.0,False,True
671,4,0,1,NORMAL,0.012135880904459386,0.012037078578475632,0.007868614234579697,1.542314890864341,3300000000.0,6699999999.999996,25966426.974113,11729389.084054,121959.644158,36688361.664042,0.0,15723584.37668,15723584.369799,1.867814,201113.14651199998,393756.5779387304,100556.57326,160110.25842462885,300000.0,False,True
672,4,0,1,NORMAL,0.012142161316338355,0.012043858109950647,0.007883821920000606,1.5401364261583197,3300000000.0,6699999999.999996,26016612.336002,11752776.42225,122333.843146,36758807.894997,0.0,15753775.538478,15753775.531585,1.681033,201274.411932,394590.8532611265,100637.20597200003,160193.6279388639,300000.0,False,True
673,4,0,1,NORMAL,0.012148406252815897,0.012050603151425825,0.007899042019906363,1.5379594414361537,3300000000.0,6699999999.999996,26066838.665691,11776185.084133,122708.764543,36829310.056565,0.0,15783990.750593,15783990.743683,1.681033,201434.74734899998,395420.3173934684,100717.37368300001,160276.5293756663,300000.0,False,True
674,4,0,1,NORMAL,0.012154615702573491,0.012057313638596643,0.007914274465670605,1.5357839502908353,3300000000.0,6699999999.999996,26117105.736713,11799614.976136,123084.408935,36899868.010054,0.0,15814229.87353,15814229.866605,1.681033,201594.15283700003,396244.97072018223,100797.07642599999,160358.96253716983,300000.0,False,True
675,4,0,1,NORMAL,0.012160789658050486,0.01206398951081947,0.007929519188677878,1.5336099665934606,3300000000.0,6699999999.999996,26167413.322637,11823066.004685,123460.776905,36970481.430047,0.0,15844492.767825,15844492.760885,1.681033,201752.62856100002,397064.8140995264,100876.31428800001,160440.9272739701,300000.0,False,True
676,4,0,1,NORMAL,0.012166928115358432,0.012070630711112309,0.007944776120328484,1.531437504478777,3300000000.0,6699999999.999996,26217761.197084,11846538.076217,123837.869033,37041149.991216,0.0,15874779.294055,15874779.287098,1.681033,201910.17478099998,397879.84885795414,100955.08739900001,160522.4234862664,300000.0,False,True
677,4,0,1,NORMAL,0.012173031074097474,0.01207723718614361,0.007960045192047273,1.5292665783178359,3300000000.0,6699999999.999996,26268149.133756,11870031.097188,124215.685895,37111873.368356,0.0,15905089.312839,15905089.305872,1.681033,202066.791838,398690.0767844348,101033.395924,160603.4511227313,300000.0,False,True
678,4,0,1,NORMAL,0.012179098537575693,0.012083808886236004,0.007975326335289393,1.5270972027420822,3300000000.0,6699999999.999996,26318576.906455,11893544.974077,124594.228063,37182651.236413,0.0,15935422.684871,15935422.677895,1.681033,202222.480169,399495.5001247353,101111.24008899998,160684.01017808667,300000.0,False,True
679,4,0,1,NORMAL,0.012185130512618365,0.012090345765357448,0.007990619481543637,1.5249293926163066,3300000000.0,6699999999.999996,26369044.289094,11917079.613408,124973.496108,37253483.438617,0.0,15965779.270925,15965779.263936,1.51293,202377.240297,400296.1215756657,101188.62015500001,160764.10069599914,300000.0,False,True
680,4,0,1,NORMAL,0.012191127009454912,0.012096847781105672,0.00800592456234394,1.522763163020068,3300000000.0,6699999999.999996,26419551.055735,11940634.921744,125353.490595,37324369.314101,0.0,15996158.931862,15996158.924856,1.51293,202531.07282500004,401091.9442792909,101265.536421,160843.72276656242,300000.0,False,True
681,4,0,1,NORMAL,0.012197088041726164,0.012103314894694092,0.008021241509273636,1.5205985292457143,3300000000.0,6699999999.999996,26470096.980603,11964210.805704,125734.212088,37395308.706553,0.0,16026561.528641,16026561.52162,1.51293,202683.97844700003,401882.97181711043,101341.989231,160922.87652480483,300000.0,False,True
682,4,0,1,NORMAL,0.012203013626547021,0.012109747070942669,0.008036570253969394,1.5184355068033846,3300000000.0,6699999999.999996,26520681.838099,11987807.171977,126115.661147,37466301.29183,0.0,16056986.922342,16056986.915308,1.51293,202835.95794300002,402669.208204211,101417.97897799998,161001.56215078535,300000.0,False,True
683,4,0,1,NORMAL,0.012208903784343837,0.012116144278258875,0.008051910728131212,1.5162741113968399,3300000000.0,6699999999.999996,26571305.402833,12011423.927316,126497.838329,37537346.746085,0.0,16087434.974176,16087434.967131,1.51293,202987.012167,403450.6578833918,101493.50608900002,161079.7798704207,300000.0,False,True
684,4,0,1,NORMAL,0.012214758538906887,0.012122506488623263,0.008067262863525756,1.5141143589274948,3300000000.0,6699999999.999996,26621967.449635,12035060.978556,126880.744187,37608444.7458,0.0,16117905.545499,16117905.538437,1.51293,203137.14205900003,404227.32571926626,101568.57103799998,161157.52995333864,300000.0,False,True
685,4,0,1,NORMAL,0.012220577917147996,0.012128833677560343,0.008082626591993334,1.5119562654612457,3300000000.0,6699999999.999996,26672667.753578,12058718.232626,127264.379272,37679594.967821,0.0,16148398.497804,16148398.49073,1.51293,203286.34863999998,404999.2169923435,101643.17432600001,161234.81271357092,300000.0,False,True
686,4,0,1,NORMAL,0.012226361949401923,0.012135125824130769,0.008098001845453636,1.5097998472630656,3300000000.0,6699999999.999996,26723406.089997,12082395.596549,127648.74413,37750797.240665,0.0,16178913.692769,16178913.685678,1.361637,203434.633015,405766.33739309025,101717.31651599999,161311.62850635356,300000.0,False,True
687,4,0,1,NORMAL,0.012232110669001305,0.01214138291089661,0.008113388555911817,1.5076451207416144,3300000000.0,6699999999.999996,26774182.234509,12106092.977455,128033.839306,37822050.939387,0.0,16209450.992233,16209450.985128,1.361637,203581.996358,406528.6930159768,101790.99818599998,161387.97773210538,300000.0,False,True
688,4,0,1,NORMAL,0.012237824112486898,0.012147604923902437,0.008128786655463334,1.5054921024728694,3300000000.0,6699999999.999996,26824995.963029,12129810.282587,128419.66534,37893355.893355,0.0,16240010.258233,16240010.251115,1.361637,203728.43992300003,407286.2903535089,101864.21996799999,161463.86083081723,300000.0,False,True
689,4,0,1,NORMAL,0.012243502319493097,0.012153791852650222,0.008144196076300606,1.503340809183286,3300000000.0,6699999999.999996,26875847.051792,12153547.41931,128806.222769,37964711.781115,0.0,16270591.353001,16270591.345868,1.361637,203873.965041,408039.1362902479,101936.98252800001,161539.27828482704,300000.0,False,True
690,4,0,1,NORMAL,0.012249145332640297,0.012159943690068937,0.008159616750718787,1.501191257734165,3300000000.0,6699999999.999996,26926735.277372,12177304.29512,129193.512127,38036118.281704,0.0,16301194.138977,16301194.131835,1.361637,204018.573121,408787.2380968218,102009.286565,161614.2306173089,300000.0,False,True
691,4,0,1,NORMAL,0.01225475319764722,0.012166060432493343,0.008175048611118485,1.4990434651336664,3300000000.0,6699999999.999996,26977660.416691,12201080.817655,129581.533945,38107575.074675,0.0,16331818.478831,16331818.471678,1.361637,204162.265639,409530.603423929,102081.132825,161688.71839085192,300000.0,False,True
692,4,0,1,NORMAL,0.012260325963079074,0.012172142079627907,0.008190491590014849,1.4968974485030693,3300000000.0,6699999999.999996,27028622.247049,12224876.894689,129970.288751,38179081.840123,0.0,16362464.23546,16362464.228298,1.361637,204305.04414500002,410269.24029633665,102152.52207700002,161762.74220894332,300000.0,False,True
693,4,0,1,NORMAL,0.012265863680514353,0.012178188634523806,0.008205945620041516,1.4947532250953788,3300000000.0,6699999999.999996,27079620.546137,12248692.434151,130359.77707,38250638.394875,0.0,16393131.27201,16393131.264835,1.225474,204446.91026499995,411003.1571068768,102223.45513900003,161836.30271264378,300000.0,False,True
694,4,0,1,NORMAL,0.012271366404265467,0.012184200103539397,0.008221410633954242,1.4926108122595165,3300000000.0,6699999999.999996,27130655.092049,12272527.344136,130749.999423,38322244.147863,0.0,16423819.451871,16423819.444686,1.225474,204587.865688,411732.3626104417,102293.932849,161909.40058278944,300000.0,False,True
695,4,0,1,NORMAL,0.012276834191595113,0.012190176496317186,0.008236886564638182,1.4904702274644464,3300000000.0,6699999999.999996,27181725.663306,12296381.532901,131140.956328,38393898.917122,0.0,16454528.638708,16454528.63151,1.225474,204727.912179,412456.8659179801,102363.956096,161982.0365363042,300000.0,False,True
696,4,0,1,NORMAL,0.012282267102433872,0.01219611782574407,0.008252373345111818,1.4883314882632046,3300000000.0,6699999999.999996,27232832.038869,12320254.908878,131532.6483,38465602.385165,0.0,16485258.696453,16485258.689239,1.225474,204867.05156,413176.6764904975,102433.52578800001,162054.21132905548,300000.0,False,True
697,4,0,1,NORMAL,0.012287665199479922,0.012202024107920578,0.008267870908531212,1.4861946123034988,3300000000.0,6699999999.999996,27283973.998153,12344147.380684,131925.075851,38537354.235169,0.0,16516009.489324,16516009.482095,1.225474,205005.28573499998,413891.80413306114,102502.642875,162125.9257521271,300000.0,False,True
698,4,0,1,NORMAL,0.01229302854812236,0.012207895362127146,0.008283379188197272,1.4840596173163618,3300000000.0,6699999999.999996,27335151.321051,12368058.857119,132318.239489,38609154.150995,0.0,16546780.881836,16546780.874589,1.225474,205142.61665799998,414602.2589888128,102571.308338,162197.18063313497,300000.0,False,True
699,4,0,1,NORMAL,0.012298357216307015,0.012213731610783912,0.008298898117558788,1.4819265210987687,3300000000.0,6699999999.999996,27386363.787944,12391989.247183,132712.13972,38681001.817218,0.0,16577572.738797,16577572.73154,1.225474,205279.046358,415308.05153299065,102639.52318399999,162267.97683521514,300000.0,False,True
700,4,0,1,NORMAL,0.012303651274699855,0.01221953287942365,0.008314427630215757,1.4797953415321963,3300000000.0,6699999999.999996,27437611.179712,12415938.460076,133106.777046,38752897.041684,0.0,16608384.925343,16608384.918076,1.102927,205414.57692000002,416009.1925669622,102707.28846499999,162338.31525525262,300000.0,False,True
701,4,0,1,NORMAL,0.012308910796518299,0.012225299196655565,0.008329967659927577,1.4776660965602495,3300000000.0,6699999999.999996,27488893.277761,12439906.405203,133502.151967,38824839.265353,0.0,16639217.306931,16639217.299645,1.102927,205549.21049500004,416705.6932122702,102774.60525700002,162408.1968260381,300000.0,False,True
702,4,0,1,NORMAL,0.012314135857293455,0.012231030594116074,0.008345518140613939,1.475538804159566,3300000000.0,6699999999.999996,27540209.864026,12463892.992191,133898.264978,38896828.297603,0.0,16670069.749334,16670069.742035,1.102927,205682.94929299998,417397.5649046927,102841.47465300003,162477.62251404155,300000.0,False,True
703,4,0,1,NORMAL,0.012319326535193955,0.012236727106443681,0.008361079006361818,1.473413482377139,3300000000.0,6699999999.999996,27591560.720994,12487898.130881,134295.116573,38968863.826054,0.0,16700942.118682,16700942.11137,1.102927,205815.79558499999,418084.81938832055,102907.89779900001,162546.5933162736,300000.0,False,True
704,4,0,1,NORMAL,0.012324482910728544,0.012242388771236254,0.008376650191428485,1.4712901492937749,3300000000.0,6699999999.999996,27642945.631714,12511921.731347,134692.707241,39040945.539146,0.0,16731834.281445,16731834.274122,1.102927,205947.751699,418767.46870965196,102973.87585499999,162615.11026456024,300000.0,False,True
705,4,0,1,NORMAL,0.012329605066835,0.012248015629016819,0.00839223163024606,1.4691688230337245,3300000000.0,6699999999.999996,27694364.379812,12535963.70389,135091.037469,39113073.126149,0.0,16762746.10446,16762746.097121,1.102927,206078.82001999998,419445.5252117074,103039.410018,162683.1744216168,300000.0,False,True
706,4,0,1,NORMAL,0.0123346930886646,0.012253607723187645,0.008407823257426667,1.467049521737902,3300000000.0,6699999999.999996,27745816.749508,12560023.959057,135490.107741,39185246.277194,0.0,16793677.454917,16793677.447567,1.102927,206209.002993,420119.0015281655,103104.501502,162750.786882222,300000.0,False,True
707,4,0,1,NORMAL,0.012339747063752305,0.012259165099998269,0.008423425007764546,1.464932263583729,3300000000.0,6699999999.999996,27797302.525623,12584102.407634,135889.918536,39257464.793572,0.0,16824628.200393,16824628.19303,0.992635,206338.30311099996,420787.9105775221,103169.15156200001,162817.94877037272,300000.0,False,True
708,4,0,1,NORMAL,0.012344767081852611,0.012264687808505002,0.008439036816240909,1.462817066764673,3300000000.0,6699999999.999996,27848821.493595,12608198.960663,136290.470333,39329728.146593,0.0,16855598.208845,16855598.201465,0.992635,206466.722929,421452.2655572737,103233.36147299997,162884.6612415304,300000.0,False,True
709,4,0,1,NORMAL,0.012349753234849343,0.012270175900527218,0.00845465861802909,1.4607039494787146,3300000000.0,6699999999.999996,27900373.439496,12632313.529441,136691.763605,39402036.139357,0.0,16886587.348614,16886587.341217,0.992635,206594.26504899998,422112.07993812626,103297.13253300001,162950.9254804545,300000.0,False,True
710,4,0,1,NORMAL,0.012354705616797563,0.012275629430609176,0.00847029034849697,1.4585929299330185,3300000000.0,6699999999.999996,27951958.15004,12656446.025524,137093.798825,39474388.465597,0.0,16917595.488445,16917595.481032,0.992635,206720.93212600003,422767.3674582326,103360.46607099999,163016.74270001132,300000.0,False,True
711,4,0,1,NORMAL,0.01235962432385667,0.012281048455979982,0.008485931943211213,1.4564840263354257,3300000000.0,6699999999.999996,28003575.412597,12680596.360739,137496.57646,39546784.819997,0.0,16948622.497485,16948622.490058,0.992635,206846.726866,423418.14211745694,103423.36344000002,163082.11414172783,300000.0,False,True
712,4,0,1,NORMAL,0.012364509454322496,0.01228643303651821,0.008501583337941817,1.4543772568976392,3300000000.0,6699999999.999996,28055225.015208,12704764.447181,137900.096975,39619224.898204,0.0,16979668.245301,16979668.237858,0.992635,206971.65203,424064.41817167035,103485.82602300002,163147.04107490805,300000.0,False,True
713,4,0,1,NORMAL,0.012369361108335966,0.012291783234700001,0.008517244468663334,1.4522726398009764,3300000000.0,6699999999.999996,28106906.746589,12728950.197229,138304.360832,39691708.396847,0.0,17010732.601869,17010732.594418,0.992635,207095.71041399997,424706.210127078,103547.85521099999,163211.52479705695,300000.0,False,True
714,4,0,1,NORMAL,0.012374179388238168,0.012297099115573432,0.00853291527156,1.4501701932375923,3300000000.0,6699999999.999996,28158620.396148,12753153.523539,138709.368491,39764235.112813,0.0,17041815.43761,17041815.430145,0.893372,207218.904874,425343.5327345781,103609.45244400001,163275.56663003474,300000.0,False,True
715,4,0,1,NORMAL,0.012378964398122267,0.012302380746705616,0.00854859568303,1.4480699353574547,3300000000.0,6699999999.999996,28210365.753999,12777374.339056,139115.120408,39836804.546216,0.0,17072916.623367,17072916.615887,0.893372,207341.23830499998,425976.4009841553,103670.61916,163339.16792474384,300000.0,False,True
716,4,0,1,NORMAL,0.012383716243975225,0.012307628198142365,0.008564285639688182,1.4459718842850393,3300000000.0,6699999999.999996,28262142.610971,12801612.557018,139521.617035,39909416.495993,0.0,17104036.03042,17104036.022934,0.893372,207462.71365400002,426604.8300993088,103731.35683,163402.33005521394,300000.0,False,True
717,4,0,1,NORMAL,0.012388435033807208,0.012312841542378807,0.00857998507836697,1.4438760581347192,3300000000.0,6699999999.999996,28313950.758611,12825868.090961,139928.858823,39982070.662857,0.0,17135173.530515,17135173.523016,0.893372,207583.33390499998,427228.83553151734,103791.66695900001,163465.054420473,300000.0,False,True
718,4,0,1,NORMAL,0.012393120877236253,0.012318020854305093,0.008595693936123333,1.4417824749615926,3300000000.0,6699999999.999996,28365789.989207,12850140.854719,140336.846219,40054766.748583,0.0,17166328.995839,17166328.988326,0.893372,207703.10208599997,427848.4329547406,103851.55105000001,163527.34244625515,300000.0,False,True
719,4,0,1,NORMAL,0.012397773885671693,0.012323166211167455,0.008611412150240303,1.4396911527833134,3300000000.0,6699999999.999996,28417660.095793,12874430.762439,140745.579666,40127504.456027,0.0,17197502.299035,17197502.291514,0.893372,207822.02127200004,428463.63825995964,103911.01064,163589.19557951853,300000.0,False,True
720,4,0,1,NORMAL,0.012402394172332782,0.012328277692532962,0.008627139658228485,1.437602109582577,3300000000.0,6699999999.999996,28469560.872154,12898737.728572,141155.059606,40200283.489126,0.0,17228693.313227,17228693.305698,0.893372,207940.09457400005,429074.4675497561,103970.04729100001,163650.61529086635,300000.0,False,True
721,4,0,1,NORMAL,0.01240698185210459,0.012333355380247261,0.00864287639783091,1.4355153632902065,3300000000.0,6699999999.999996,28521492.112842,12923061.667884,141565.286477,40273103.642259,0.0,17259901.91201,17259901.904467,0.804035,208057.325144,429680.93713293294,104028.66257900001,163711.6030747927,300000.0,False,True
722,4,0,1,NORMAL,0.012411537041406583,0.012338399358386574,0.00865862230702697,1.433430931770047,3300000000.0,6699999999.999996,28573453.613189,12947402.495463,141976.260715,40345964.442917,0.0,17291127.969445,17291127.961892,0.804035,208173.716176,430283.063519175,104086.858093,163772.1604477806,300000.0,False,True
723,4,0,1,NORMAL,0.012416059858317697,0.012343409713220841,0.008674377324032425,1.43134883283425,3300000000.0,6699999999.999996,28625445.169307,12971760.126719,142387.982752,40418865.687728,0.0,17322371.360085,17322371.352524,0.804035,208289.27089400004,430880.863413753,104144.63545100001,163832.2889465669,300000.0,False,True
724,4,0,1,NORMAL,0.012420550422532862,0.012348386533176457,0.00869014138730303,1.4292690842384048,3300000000.0,6699999999.999996,28677466.5781,12996134.477387,142800.453016,40491807.085124,0.0,17353631.958979,17353631.951407,0.804035,208403.99256899997,431474.3537122702,104201.99629,163891.9901297936,300000.0,False,True
725,4,0,1,NORMAL,0.012425008855211805,0.01235332990879164,0.008705914435537272,1.4271917036645003,3300000000.0,6699999999.999996,28729517.637273,13020525.463535,143213.671935,40564788.344694,0.0,17384909.641667,17384909.634078,0.804035,208517.88449900004,432063.5514954529,104258.942258,163951.26557743378,300000.0,False,True
726,4,0,1,NORMAL,0.012429435278928903,0.012358239932671464,0.008721696407681818,1.425116708715224,3300000000.0,6699999999.999996,28781598.14535,13044933.001564,143627.639932,40637809.1772,0.0,17416204.28418,17416204.276578,0.804035,208630.95002500006,432648.4740239859,104315.475019,164010.11688879583,300000.0,False,True
727,4,0,1,NORMAL,0.012433829817762988,0.012363116699451565,0.008737487242929698,1.4230441169255315,3300000000.0,6699999999.999996,28833707.901668,13069357.008212,144042.357428,40710869.294578,0.0,17447515.763064,17447515.755451,0.804035,208743.19251300002,433229.1387333938,104371.59626199999,164068.54568186152,300000.0,False,True
728,4,0,1,NORMAL,0.012438192597254105,0.012367960305761408,0.008753286880724544,1.42097394575791,3300000000.0,6699999999.999996,28885846.706391,13093797.400558,144457.82484,40783968.490356,0.0,17478843.955382,17478843.947752,0.723632,208854.61536899995,433805.5632289673,104427.307693,164126.55359447145,300000.0,False,True
729,4,0,1,NORMAL,0.012442523744150736,0.012372770850173624,0.008769095260762425,1.4189062125741951,3300000000.0,6699999999.999996,28938014.360516,13118254.09603,144874.042584,40857106.31806,0.0,17510188.738698,17510188.731052,0.723632,208965.222024,434377.76528073836,104482.61102,164184.14228375416,300000.0,False,True
730,4,0,1,NORMAL,0.012446823386611391,0.01237754843316961,0.008784912322996363,1.4168409346589839,3300000000.0,6699999999.999996,28990210.665888,13142727.012401,145291.011072,40930282.573638,0.0,17541549.991101,17541549.983442,0.723632,209075.01594900002,434945.76281850104,104537.507981,164241.31342278974,300000.0,False,True
731,4,0,1,NORMAL,0.012451091654092037,0.012382293157100089,0.008800738007636364,1.4147781292078319,3300000000.0,6699999999.999996,29042435.4252,13167216.067793,145708.730712,41003496.973857,0.0,17572927.591207,17572927.583535,0.723632,209184.000637,435509.5739268821,104592.00032500002,164298.06870327037,300000.0,False,True
732,4,0,1,NORMAL,0.012455328677254853,0.012387005126142332,0.008816572255151516,1.4127178133176659,3300000000.0,6699999999.999996,29094688.442,13191721.180688,146127.201912,41076749.236719,0.0,17604321.418157,17604321.410475,0.723632,209292.179614,436069.2168404594,104646.08981199999,164354.4098340149,300000.0,False,True
733,4,0,1,NORMAL,0.012459534588039622,0.012391684446264739,0.008832415006272727,1.4106600039956159,3300000000.0,6699999999.999996,29146969.5207,13216242.26992,146546.425074,41150039.081465,0.0,17635731.351634,17635731.343934,0.723632,209399.556428,436624.7099389296,104699.778223,164410.33853976405,300000.0,False,True
734,4,0,1,NORMAL,0.012463709519430807,0.01239633122517868,0.008848266201994848,1.4086047181334638,3300000000.0,6699999999.999996,29199278.466583,13240779.254687,146966.4006,41223366.228593,0.0,17667157.271846,17667157.26413,0.723632,209506.13466399998,437176.0717423272,104753.06734,164465.856562123,300000.0,False,True
735,4,0,1,NORMAL,0.012467853605632394,0.012400945572304726,0.008864125783578486,1.4065519725284255,3300000000.0,6699999999.999996,29251615.085809,13265332.054551,147387.128888,41296730.472227,0.0,17698599.059546,17698599.051815,0.651269,209611.91792700003,437723.3209062918,104805.958971,164520.96565648666,300000.0,False,True
736,4,0,1,NORMAL,0.012471966981933123,0.012405527598732365,0.008879993692552728,1.4045017838687013,3300000000.0,6699999999.999996,29303979.185424,13289900.589435,147808.610333,41370131.390671,0.0,17730056.596033,17730056.58829,0.651269,209716.90985000003,438266.476217388,104858.45493099999,164575.6675943476,300000.0,False,True
737,4,0,1,NORMAL,0.012476049784728284,0.012410077417183715,0.008895869870713637,1.402454168737457,3300000000.0,6699999999.999996,29356370.573355,13314484.77964,148230.845327,41443568.780597,0.0,17761529.763158,17761529.755399,0.651269,209821.11408600002,438805.5565884756,104910.557051,164629.96416151724,300000.0,False,True
738,4,0,1,NORMAL,0.012480102151348147,0.012414595141968519,0.008911754260132425,1.4004091435935417,3300000000.0,6699999999.999996,29408789.058437,13339084.545825,148653.83426,41517042.367604,0.0,17793018.443316,17793018.435542,0.651269,209924.53431500003,439340.5810541315,104962.26716499998,164683.85715841336,300000.0,False,True
739,4,0,1,NORMAL,0.012484124220166551,0.012419080888949038,0.008927646803149393,1.398366724786037,3300000000.0,6699999999.999996,29461234.450393,13363699.809035,149077.57752,41590551.878585,0.0,17824522.519462,17824522.511674,0.651269,210027.17423999996,439871.56876612455,105013.587127,164737.34839779555,300000.0,False,True
740,4,0,1,NORMAL,0.012488116130514017,0.012423534775501618,0.00894354744238091,1.396326928544753,3300000000.0,6699999999.999996,29513706.559857,13388330.490683,149502.07549,41664097.041735,0.0,17856041.875111,17856041.867307,0.651269,210129.037582,440398.5389889412,105064.518799,164790.4397061985,300000.0,False,True
741,4,0,1,NORMAL,0.012492078022622012,0.012427956920477127,0.008959456120721819,1.394289770975025,3300000000.0,6699999999.999996,29566205.198382,13412976.51256,149927.328552,41737677.586565,0.0,17887576.394333,17887576.386516,0.651269,210230.12809099996,440921.5110953653,105115.06405200002,164843.132922785,300000.0,False,True
742,4,0,1,NORMAL,0.01249601003762152,0.012432347444163864,0.00897537278134,1.3922552680598408,3300000000.0,6699999999.999996,29618730.178422,13437637.796844,150353.337085,41811293.309023,0.0,17919125.96177,17919125.953943,0.586143,210330.44952800003,441440.50456210977,105165.224769,164895.42989861057,300000.0,False,True
743,4,0,1,NORMAL,0.012499912317571063,0.01243670646825465,0.008991297367685454,1.390223435662967,3300000000.0,6699999999.999996,29671281.313362,13462314.26609,150780.101465,41884943.811007,0.0,17950690.462633,17950690.454791,0.586143,210430.005679,441955.5389655026,105215.00284700001,164947.3324966041,300000.0,False,True
744,4,0,1,NORMAL,0.012503785005187696,0.012441034115798718,0.009007229823487575,1.388194289500905,3300000000.0,6699999999.999996,29723858.417509,13487005.84324,151207.622066,41958628.891125,0.0,17982269.782692,17982269.774839,0.586143,210528.800343,442466.6339772251,105264.400177,164998.84259193804,300000.0,False,True
745,4,0,1,NORMAL,0.012507628244154478,0.01244533051117651,0.009023170092758182,1.3861678451781434,3300000000.0,6699999999.999996,29776461.306102,13511712.451619,151635.899258,42032348.284192,0.0,18013863.808305,18013863.800438,0.586143,210626.83734600004,442973.80936010455,105313.41867999997,165049.9620684776,300000.0,False,True
746,4,0,1,NORMAL,0.012511442178800208,0.012449595780055459,0.009039118119791514,1.384144118153064,3300000000.0,6699999999.999996,29829089.795312,13536434.014944,152064.93341,42106101.72637,0.0,18045472.426395,18045472.418512,0.586143,210724.12052,443477.0849639605,105362.06026800002,165100.6928228391,300000.0,False,True
747,4,0,1,NORMAL,0.012515226954190573,0.012453830049354499,0.009055073849166666,1.3821231237492715,3300000000.0,6699999999.999996,29881743.70225,13561170.457319,152494.724888,42179888.955168,0.0,18077095.524465,18077095.516566,0.586143,210820.65371999997,443976.4807215049,105410.326868,165151.03676016274,300000.0,False,True
748,4,0,1,NORMAL,0.012518982716114324,0.01245803344720997,0.009071037225746061,1.3801048771558404,3300000000.0,6699999999.999996,29934422.844962,13585921.703244,152925.274054,42253709.709448,0.0,18108732.990601,18108732.982683,0.586143,210916.440813,444472.0166442962,105458.22041599998,165200.99579531557,300000.0,False,True
749,4,0,1,NORMAL,0.012522709610955246,0.012462206102935473,0.009087008194681818,1.3780893934137946,3300000000.0,6699999999.999996,29987127.04245,13610687.677609,153356.581268,42327563.788048,0.0,18140384.713464,18140384.705532,0.527529,211011.485684,444963.71281874843,105505.74284899999,165250.57185270908,300000.0,False,True
750,4,0,1,NORMAL,0.012526407785822367,0.012466348146992693,0.009102986701411213,1.3760766874327555,3300000000.0,6699999999.999996,30039856.114657,13635468.305698,153788.646889,42401450.815325,0.0,18172050.582308,18172050.574363,0.527529,211105.792229,445451.58940219355,105552.89612099998,165299.76686460924,300000.0,False,True
751,4,0,1,NORMAL,0.012530077388377608,0.01247045971095301,0.00911897269166,1.3740667739730514,3300000000.0,6699999999.999996,30092609.882478,13660263.513194,154221.471271,42475370.592845,0.0,18203730.486972,18203730.479011,0.527529,211199.364352,445935.6666189983,105599.68218399999,165348.58277285527,300000.0,False,True
752,4,0,1,NORMAL,0.012533718566857217,0.012474540927462958,0.009134966111443637,1.3720596676495453,3300000000.0,6699999999.999996,30145388.167764,13685073.226176,154655.054768,42549322.864935,0.0,18235424.317881,18235424.309906,0.527529,211292.20598399997,446415.96475673595,105646.10299899998,165397.02152658443,300000.0,False,True
753,4,0,1,NORMAL,0.012537331470059854,0.012478591930211145,0.009150966907068181,1.3700553829318358,3300000000.0,6699999999.999996,30198190.793325,13709897.371123,155089.397729,42623307.3773,0.0,18267131.96605,18267131.958058,0.527529,211384.32105099998,446892.50416241225,105692.16053400001,165445.08508251526,300000.0,False,True
754,4,0,1,NORMAL,0.012540916247263858,0.012482612853891966,0.009166975025130607,1.3680539341368152,3300000000.0,6699999999.999996,30251017.582931,13734735.87491,155524.500502,42697323.87702,0.0,18298853.323089,18298853.315079,0.527529,211475.7135,447365.3052387451,105737.856759,165492.77540479007,300000.0,False,True
755,4,0,1,NORMAL,0.012544473048174982,0.01248660383416829,0.00918299041251909,1.3660553354246359,3300000000.0,6699999999.999996,30303868.361313,13759588.66482,155960.363432,42771372.112565,0.0,18330588.281191,18330588.273168,0.527529,211566.387281,447834.3884404994,105783.19364699998,165540.09446388294,300000.0,False,True
756,4,0,1,NORMAL,0.012548002023118322,0.012490565007648939,0.009199013016414242,1.3640596008211225,3300000000.0,6699999999.999996,30356742.954167,13784455.668534,156396.986861,42845451.886539,0.0,18362336.733159,18362336.725119,0.474777,211656.34636300002,448299.7742708752,105828.17318999999,165587.04423590977,300000.0,False,True
757,4,0,1,NORMAL,0.012551503322681123,0.012494496511844564,0.009215042784290908,1.3620667441802827,3300000000.0,6699999999.999996,30409641.18816,13809336.814137,156834.37113,42919562.844686,0.0,18394098.572376,18394098.564322,0.474777,211745.594714,448761.48327795137,105872.79736399998,165633.62670516185,300000.0,False,True
758,4,0,1,NORMAL,0.012554977097965853,0.012498398485142712,0.009231079663916668,1.3600767792138069,3300000000.0,6699999999.999996,30462562.890925,13834232.030117,157272.516576,42993704.792392,0.0,18425873.692836,18425873.684766,0.474777,211834.13631600002,449219.5360511817,105917.068166,165679.84385939082,300000.0,False,True
759,4,0,1,NORMAL,0.012558423500399311,0.01250227106677217,0.009247123603353334,1.3580897194718131,3300000000.0,6699999999.999996,30515507.891066,13859141.245369,157711.423534,43067877.483691,0.0,18457661.989124,18457661.981034,0.474777,211921.975154,449673.9532179466,105960.98758700001,165725.69769314927,300000.0,False,True
760,4,0,1,NORMAL,0.012561842681651612,0.012506114396764393,0.009263174550958788,1.3561055783356035,3300000000.0,6699999999.999996,30568476.018164,13884064.389193,158151.092337,43142080.674017,0.0,18489463.356415,18489463.348314,0.474777,212009.115223,450124.75544015743,106004.557617,165771.19020527092,300000.0,False,True
761,4,0,1,NORMAL,0.012565234793863839,0.012509928615932099,0.009279232455384848,1.3541243690443476,3300000000.0,6699999999.999996,30621467.10277,13909001.391295,158591.523315,43216314.120198,0.0,18521277.690499,18521277.682391,0.474777,212095.56052300005,450571.9634109153,106047.78026500001,165816.3233978013,300000.0,False,True
762,4,0,1,NORMAL,0.012568599989494889,0.012513713865839375,0.009295297265578486,1.3521461046800305,3300000000.0,6699999999.999996,30674480.976409,13933952.18179,159032.716795,43290577.580466,0.0,18553104.887767,18553104.879649,0.474777,212181.315062,451015.5978512231,106090.657536,165861.09927900266,300000.0,False,True
763,4,0,1,NORMAL,0.012571938421197708,0.012517470288765719,0.009311368930783938,1.3501707981555895,3300000000.0,6699999999.999996,30727517.471587,13958916.691198,159474.673103,43364870.861935,0.0,18584944.845206,18584944.837073,0.4273,212266.382847,451455.6795067505,106133.191431,165905.51986133255,300000.0,False,True
764,4,0,1,NORMAL,0.012575250241822017,0.012521198027672579,0.009327447400541516,1.3481984622172134,3300000000.0,6699999999.999996,30780576.421787,13983894.850448,159917.392562,43439193.630692,0.0,18616797.460403,18616797.452252,0.4273,212350.76788999996,451892.2291446536,106175.38395400002,165949.58715980974,300000.0,False,True
765,4,0,1,NORMAL,0.012578535604416512,0.012524897226172189,0.00934353262468788,1.3462291094463532,3300000000.0,6699999999.999996,30833657.66147,14008886.590882,160360.875493,43513545.696665,0.0,18648662.631542,18648662.623382,0.4273,212434.47421500002,452325.2675504453,106217.237112,165993.30319205063,300000.0,False,True
766,4,0,1,NORMAL,0.012581794662421465,0.012528568028510854,0.009359624553357272,1.3442627522819182,3300000000.0,6699999999.999996,30886761.026079,14033891.844242,160805.122214,43587926.823705,0.0,18680540.25743,18680540.249253,0.4273,212517.50583900002,452754.81552492036,106258.75292799999,166036.66997829796,300000.0,False,True
767,4,0,1,NORMAL,0.012585027569222496,0.012532210579524508,0.00937572313697909,1.342299402974634,3300000000.0,6699999999.999996,30939886.352031,14058910.54269,161250.133041,43662336.777076,0.0,18712430.237459,18712430.229267,0.4273,212599.866785,453180.8938811321,106299.9334,166079.68954396335,300000.0,False,True
768,4,0,1,NORMAL,0.012588234478406825,0.01253582502461369,0.009391828326282424,1.3403390736156733,3300000000.0,6699999999.999996,30993033.476732,14083942.618789,161695.908287,43736775.323451,0.0,18744332.471627,18744332.463427,0.4273,212681.561078,453603.5234414215,106340.78054300002,166122.36391373695,300000.0,False,True
769,4,0,1,NORMAL,0.012591415543808722,0.012539411509723047,0.00940794007229212,1.3383817761437962,3300000000.0,6699999999.999996,31046202.238564,14108988.005516,162142.448264,43811242.230909,0.0,18776246.860547,18776246.852337,0.4273,212762.59274599995,454022.7250344978,106381.29637800001,166164.6951149701,300000.0,False,True
770,4,0,1,NORMAL,0.012594570919237763,0.012542970181304642,0.00942405832633,1.3364275223180258,3300000000.0,6699999999.999996,31099392.476889,14134046.636259,162589.75328,43885737.311671,0.0,18808173.305426,18808173.297207,0.38457,212842.96581300002,454438.5194925719,106421.48291099998,166206.68517827513,300000.0,False,True
771,4,0,1,NORMAL,0.01259770075870021,0.012546501186297906,0.009440183040014849,1.3344763237430188,3300000000.0,6699999999.999996,31152604.032049,14159118.444816,163037.823642,43960260.251175,0.0,18840111.708085,18840111.69985,0.38457,212922.68431,454850.9276485401,106461.342163,166248.3361339385,300000.0,False,True
772,4,0,1,NORMAL,0.0126008052160634,0.01255000467208923,0.009456314165265758,1.3325281918348013,3300000000.0,6699999999.999996,31205836.745377,14184203.365391,163486.659654,44034810.864463,0.0,18872061.970932,18872061.962687,0.38457,213001.75226000004,455259.9703332193,106500.87613500001,166289.65001484277,300000.0,False,True
773,4,0,1,NORMAL,0.012603884445431628,0.012553480786498417,0.00947245165429606,1.3305831378632968,3300000000.0,6699999999.999996,31259090.459177,14209301.332604,163936.261619,44109388.925253,0.0,18904023.996994,18904023.988737,0.38457,213080.17369199998,455665.66837263334,106540.08685200002,166330.62885203687,300000.0,False,True
774,4,0,1,NORMAL,0.012606938600787968,0.012556929677742905,0.00948859545961788,1.3286411729155612,3300000000.0,6699999999.999996,31312365.016739,14234412.28148,164386.629836,44183994.208671,0.0,18935997.689894,18935997.681629,0.38457,213157.95262799997,456068.0425853494,106578.976318,166371.2746796975,300000.0,False,True
775,4,0,1,NORMAL,0.012609967836234616,0.012560351494419789,0.009504745534038787,1.3267023079234765,3300000000.0,6699999999.999996,31365660.262328,14259536.147456,164837.764602,44258626.491248,0.0,18967982.953869,18967982.94559,0.38457,213235.09309,456467.11377986433,106617.54655199999,166411.58953040116,300000.0,False,True
776,4,0,1,NORMAL,0.012612972305716171,0.01256374638547117,0.009520901830665151,1.3247665536359177,3300000000.0,6699999999.999996,31418976.041195,14284672.86638,165289.666214,44333285.55093,0.0,18999979.693743,18999979.685452,0.38457,213311.59909999996,456862.9027520417,106655.79955600001,166451.57543829695,300000.0,False,True
777,4,0,1,NORMAL,0.01261595216319362,0.012567114500162941,0.009537064302898787,1.3228339206393949,3300000000.0,6699999999.999996,31472312.199566,14309822.374506,165742.334964,44407971.205518,0.0,19031987.814954,19031987.806649,0.346113,213387.47467000003,457255.4302825968,106693.73734200001,166491.2344354535,300000.0,False,True
778,4,0,1,NORMAL,0.012618907562578724,0.012570455988060735,0.009553232904437879,1.320904419352815,3300000000.0,6699999999.999996,31525668.584645,14334984.608501,166195.771143,44482683.158849,0.0,19064007.223541,19064007.215218,0.346113,213462.723818,457644.7171346321,106731.36191800001,166530.56855415576,300000.0,False,True
779,4,0,1,NORMAL,0.012621838657636938,0.012573770999001137,0.009569407589278486,1.3189780600189274,3300000000.0,6699999999.999996,31579045.044619,14360159.50544,166649.97504,44557421.23154,0.0,19096037.826135,19096037.817797,0.346113,213537.350555,458030.784051221,106768.675285,166569.57982603917,300000.0,False,True
780,4,0,1,NORMAL,0.01262474560205636,0.012577059683069217,0.009585588311709393,1.3170548527140944,3300000000.0,6699999999.999996,31632441.428641,14385347.002807,167104.946941,44632185.207145,0.0,19128079.529977,19128079.521627,0.346113,213611.358882,458413.6517530388,106805.67944699999,166608.2702808076,300000.0,False,True
781,4,0,1,NORMAL,0.012627628549444471,0.0125803221905773,0.009601775026317273,1.3151348073490277,3300000000.0,6699999999.999996,31685857.586847,14410547.038491,167560.687131,44706974.87062,0.0,19160132.242909,19160132.234544,0.346113,213684.752799,458793.3409360436,106842.376407,166646.64194714394,300000.0,False,True
782,4,0,1,NORMAL,0.012630487653222427,0.012583558672038277,0.009617967687983333,1.3132179336600318,3300000000.0,6699999999.999996,31739293.370345,14435759.550793,168017.195892,44781790.008324,0.0,19192195.873365,19192195.864986,0.346113,213757.536306,459169.87226920266,106878.76815999998,166684.696852667,300000.0,False,True
783,4,0,1,NORMAL,0.012633323066701887,0.012586769278145608,0.009634166251883333,1.3113042412188252,3300000000.0,6699999999.999996,31792748.631215,14460984.478419,168474.473504,44856630.408007,0.0,19224270.330386,19224270.32199,0.346113,213829.713391,459543.2663922673,106914.85670399999,166722.43702253603,300000.0,False,True
784,4,0,1,NORMAL,0.012636134942925956,0.012589954159744341,0.009650370673487577,1.3093937394178192,3300000000.0,6699999999.999996,31846223.222509,14486221.760481,168932.520245,44931495.893427,0.0,19256355.523602,19256355.515191,0.311502,213901.288035,459913.54391359386,106950.64402500002,166759.86448046492,300000.0,False,True
785,4,0,1,NORMAL,0.012638923434806243,0.01259311346781285,0.009666580908559697,1.307486437486346,3300000000.0,6699999999.999996,31899716.998247,14511471.336498,169391.336392,45006386.185901,0.0,19288451.363243,19288451.354819,0.311502,213972.264217,460280.72540801077,106986.13211500001,166796.98124662263,300000.0,False,True
786,4,0,1,NORMAL,0.012641688695115517,0.012596247353445281,0.00968279691315606,1.305582344491724,3300000000.0,6699999999.999996,31953229.813415,14536733.146393,169850.922218,45081301.111964,0.0,19320557.760144,19320557.751701,0.311502,214042.645909,460644.83141473244,107021.32296399999,166833.78933944242,300000.0,False,True
787,4,0,1,NORMAL,0.012644430876231082,0.01259935596781856,0.009699018643627273,1.30368146931433,3300000000.0,6699999999.999996,32006761.52397,14562007.130497,170311.277995,45156240.464934,0.0,19352674.625717,19352674.617259,0.311502,214112.437071,461005.8824353168,107056.218543,166870.29077552483,300000.0,False,True
788,4,0,1,NORMAL,0.012647150130444132,0.0126024394621815,0.009715246056615152,1.3017838206817864,3300000000.0,6699999999.999996,32060311.98683,14587293.229542,170772.403992,45231204.03951,0.0,19384801.87198,19384801.863504,0.311502,214181.64166000002,461363.89893167006,107090.82083899999,166906.4875662503,300000.0,False,True
789,4,0,1,NORMAL,0.012649846609633858,0.012605497987823589,0.009731479109053939,1.2998894071369622,3300000000.0,6699999999.999996,32113881.059878,14612591.384663,171234.300477,45306191.631774,0.0,19416939.411532,19416939.403045,0.311502,214250.26362100002,461718.9013240939,107125.131816,166942.38172186256,300000.0,False,True
790,4,0,1,NORMAL,0.012652520465609728,0.012608531696067855,0.009747717758167879,1.2979982370753231,3300000000.0,6699999999.999996,32167468.601954,14637901.537399,171696.967716,45381203.039184,0.0,19449087.157578,19449087.149075,0.311502,214318.30689599997,462070.90998937824,107159.15345600003,166977.97524716693,300000.0,False,True
791,4,0,1,NORMAL,0.0126551718497233,0.012611540738239176,0.009763961961471817,1.2961103187066967,3300000000.0,6699999999.999996,32221074.472857,14663223.629692,172160.405973,45456238.091726,0.0,19481245.0239,19481245.015384,0.280352,214385.77541499998,462419.9452589367,107192.88771400003,167013.27014604842,300000.0,False,True
792,4,0,1,NORMAL,0.012657800913131038,0.012614525265651554,0.009780211676770909,1.2942256600840987,3300000000.0,6699999999.999996,32274698.533344,14688557.60388,172624.615509,45531296.527307,0.0,19513412.924876,19513412.916343,0.280352,214452.67309699996,462766.02741698595,107226.336557,167048.26841634756,300000.0,False,True
793,4,0,1,NORMAL,0.012660407806489402,0.012617485429576579,0.009796466862158485,1.2923442690745646,3300000000.0,6699999999.999996,32328340.645123,14713903.402705,173089.596583,45606378.178654,0.0,19545590.775458,19545590.766919,0.280352,214519.00385199997,463109.17669876735,107259.50192899996,167082.97205332972,300000.0,False,True
794,4,0,1,NORMAL,0.012662992680432804,0.012620421381244723,0.009812727476016364,1.2904661534097297,3300000000.0,6699999999.999996,32382000.670854,14739260.969303,173555.349454,45681482.848706,0.0,19577778.491206,19577778.482651,0.280352,214584.77158400003,463449.41328881093,107292.38579999999,167117.3830456601,300000.0,False,True
795,4,0,1,NORMAL,0.012665555684969155,0.01262333327180759,0.009828993477014849,1.288591320625822,3300000000.0,6699999999.999996,32435678.474149,14764630.24721,174021.874377,45756610.341768,0.0,19609975.988243,19609975.979676,0.280352,214649.98018600003,463786.7573192411,107324.99009899999,167151.503381713,300000.0,False,True
796,4,0,1,NORMAL,0.012668096969908742,0.012626221252330247,0.00984526482411,1.2867197781095667,3300000000.0,6699999999.999996,32489373.919563,14790011.180361,174489.171606,45831760.463503,0.0,19642183.183284,19642183.174701,0.280352,214714.633536,464121.2288681243,107357.31677599999,167185.33504159283,300000.0,False,True
797,4,0,1,NORMAL,0.012670616684544929,0.012629085473763452,0.009861541476543334,1.2848515330674481,3300000000.0,6699999999.999996,32543086.872593,14815403.713087,174957.241392,45906933.020927,0.0,19674399.993617,19674399.985025,0.280352,214778.73550500002,464452.8479578564,107389.367757,167218.8800027954,300000.0,False,True
798,4,0,1,NORMAL,0.012673114977988103,0.012631926086939237,0.009877823393842727,1.282986592561252,3300000000.0,6699999999.999996,32596817.199681,14840807.790111,175426.083986,45982127.850444,0.0,19706626.337119,19706626.328516,0.252317,214842.28995699994,464781.6345535915,107421.14498400001,167252.14023599305,300000.0,False,True
799,4,0,1,NORMAL,0.012675591998828685,0.012634743242545009,0.009894110535818788,1.2811249634760336,3300000000.0,6699999999.999996,32650564.768202,14866223.356551,175895.699635,46057344.705695,0.0,19738862.132242,19738862.123622,0.252317,214905.300731,465107.60856171,107452.65037399999,167285.11770944297,300000.0,False,True
800,4,0,1,NORMAL,0.012678047895205687,0.012637537091103762,0.009910402862567879,1.2792666525284608,3300000000.0,6699999999.999996,32704329.446474,14891650.357917,176366.088586,46132583.425777,0.0,19771107.298002,19771107.289368,0.252317,214967.77167000002,465430.7898283266,107483.88584199997,167317.81438453865,300000.0,False,True
801,4,0,1,NORMAL,0.012680482814935954,0.012640307782963904,0.009926700334467577,1.277411666282165,3300000000.0,6699999999.999996,32758111.103743,14917088.740107,176837.251083,46207843.823081,0.0,19803361.754004,19803361.745354,0.252317,215029.70659599997,465751.198137837,107514.85330599999,167350.23221671509,300000.0,False,True
802,4,0,1,NORMAL,0.012682896905366864,0.012643055468280224,0.009943002912177576,1.2755600111344265,3300000000.0,6699999999.999996,32811909.610186,14942538.449413,177309.187368,46283125.71134,0.0,19835625.420415,19835625.411748,0.252317,215091.10932300004,466068.8532115028,107545.55467000001,167382.3731571546,300000.0,False,True
803,4,0,1,NORMAL,0.012685290313361233,0.012645780296995129,0.009959310556637879,1.273711693316611,3300000000.0,6699999999.999996,32865724.836905,14967999.432515,177781.897682,46358428.905612,0.0,19867898.217974,19867898.209292,0.252317,215151.983647,466383.774706075,107575.99183099999,167414.23915084262,300000.0,False,True
804,4,0,1,NORMAL,0.012687663185433197,0.012648482418829845,0.009975623229069393,1.2718667189094315,3300000000.0,6699999999.999996,32919556.655929,14993471.63648,178255.382263,46433753.222284,0.0,19900180.067991,19900180.059291,0.252317,215212.33336,466695.98221245466,107606.166689,167445.8321363683,300000.0,False,True
805,4,0,1,NORMAL,0.012690015667458048,0.012651161983257471,0.009991940890970606,1.2700250938159177,3300000000.0,6699999999.999996,32973404.940203,15018955.008762,178729.641348,46509098.504293,0.0,19932470.892333,19932470.883623,0.227086,215272.16223,467005.49525439064,107636.08112,167477.1540477182,300000.0,False,True
806,4,0,1,NORMAL,0.012692347905060328,0.01265381913950282,0.01000826350411788,1.26818682380196,3300000000.0,6699999999.999996,33027269.563589,15044449.497198,179204.675172,46584464.520196,0.0,19964770.613448,19964770.604721,0.227086,215331.47401900002,467312.33328721364,107665.73701800001,167508.20681044622,300000.0,False,True
807,4,0,1,NORMAL,0.012694660043230546,0.012656454036517512,0.010024591030565758,1.2663519144595066,3300000000.0,6699999999.999996,33081150.400867,15069955.05001,179680.483968,46659851.11556,0.0,19997079.154332,19997079.14559,0.227086,215390.27248100002,467616.51569660724,107695.136248,167538.99234679632,300000.0,False,True
808,4,0,1,NORMAL,0.012696952226460759,0.012659066822965463,0.010040923432644545,1.2645203712221393,3300000000.0,6699999999.999996,33135047.327727,15095471.615802,180157.067968,46735258.112027,0.0,20029396.438541,20029396.429789,0.227086,215448.561342,467918.06179741304,107724.28067600001,167569.51257064322,300000.0,False,True
809,4,0,1,NORMAL,0.012699224598853826,0.012661657647216327,0.010057260672957879,1.2626921993778786,3300000000.0,6699999999.999996,33188960.220761,15120999.143559,180634.427402,46810685.332537,0.0,20061722.3902,20061722.381433,0.227086,215506.34432299997,468216.9908324724,107753.17216900001,167599.769389282,300000.0,False,True
810,4,0,1,NORMAL,0.01270147730390032,0.012664226657324973,0.010073602714383637,1.2608674040484504,3300000000.0,6699999999.999996,33242888.957466,15146537.582646,181112.562497,46886132.601329,0.0,20094056.933982,20094056.9252,0.227086,215563.625133,468513.32197150175,107781.812574,167629.7647048705,300000.0,False,True
811,4,0,1,NORMAL,0.012703710484595242,0.012666774001019829,0.010089949520074849,1.2590459902024371,3300000000.0,6699999999.999996,33296833.416247,15172086.882804,181591.473479,46961599.743936,0.0,20126399.995113,20126399.986315,0.227086,215620.40745999996,468807.0743100028,107810.20373800001,167659.50041148424,300000.0,False,True
812,4,0,1,NORMAL,0.012705924283354203,0.012669299825686563,0.010106301053454544,1.2572279626492082,3300000000.0,6699999999.999996,33350793.4764,15197646.99415,182071.160573,47037086.609885,0.0,20158751.499368,20158751.49056,0.204378,215676.69498200004,469098.26686820574,107838.34749599997,167688.9783966572,300000.0,False,True
813,4,0,1,NORMAL,0.01270811884219796,0.012671804278364718,0.010122657278215758,1.2554133260587799,3300000000.0,6699999999.999996,33404769.018112,15223217.867177,182551.624002,47112592.981857,0.0,20191111.373084,20191111.36426,0.204378,215732.49135999999,469386.91859004594,107866.24568800001,167718.2005402755,300000.0,False,True
814,4,0,1,NORMAL,0.012710294302426622,0.012674287505723551,0.01013901815832212,1.2536020849310734,3300000000.0,6699999999.999996,33458759.922463,15248799.452755,183032.863986,47188118.711939,0.0,20223479.543129,20223479.534293,0.204378,215787.800242,469673.048342174,107893.900127,167747.16871701306,300000.0,False,True
815,4,0,1,NORMAL,0.01271245080489117,0.012676749654056947,0.010155383658004849,1.2517942436247345,3300000000.0,6699999999.999996,33512766.071416,15274391.702122,183514.880745,47263663.630776,0.0,20255855.936927,20255855.928078,0.204378,215842.62525700004,469956.6749129962,107921.312635,167775.8847920314,300000.0,False,True
816,4,0,1,NORMAL,0.012714588489856163,0.0126791908692698,0.010171753741763635,1.2499898063450008,3300000000.0,6699999999.999996,33566787.34782,15299994.566885,183997.674496,47339227.570281,0.0,20288240.482441,20288240.473579,0.204378,215896.97002500002,470237.8170117492,107948.48501899999,167804.35062456343,300000.0,False,True
817,4,0,1,NORMAL,0.012716707497022757,0.012681611296866766,0.010188128374363031,1.248188777147973,3300000000.0,6699999999.999996,33620823.635398,15325607.999025,184481.245455,47414810.363628,0.0,20320633.108174,20320633.099297,0.204378,215950.838145,470516.49326760415,107975.41907999999,167832.56806610135,300000.0,False,True
818,4,0,1,NORMAL,0.012718807965502725,0.012684011081940054,0.010204507520833938,1.2463911599394177,3300000000.0,6699999999.999996,33674874.818752,15351231.950885,184965.593837,47490411.845246,0.0,20353033.743166,20353033.734272,0.204378,216004.23320299998,470792.72222880187,108002.11660999998,167860.5389607004,300000.0,False,True
819,4,0,1,NORMAL,0.012720890033797614,0.012686390369156671,0.010220891146469999,1.2445969584747063,3300000000.0,6699999999.999996,33728940.783351,15376866.375178,185450.719854,47566031.871248,0.0,20385442.316993,20385442.308084,0.183941,216057.158769,471066.5223618195,108028.579392,167888.26514463598,300000.0,False,True
820,4,0,1,NORMAL,0.012722953839856171,0.012688749302750187,0.010237279216827879,1.2428061763659215,3300000000.0,6699999999.999996,33783021.415532,15402511.224981,185936.623717,47641670.237684,0.0,20417858.759762,20417858.75084,0.183941,216109.61839699998,471337.91205056565,108054.80920500001,167915.74844612853,300000.0,False,True
821,4,0,1,NORMAL,0.012724999521031571,0.012691088026510276,0.010253671697726362,1.241018817079271,3300000000.0,6699999999.999996,33837116.602497,15428166.453727,186423.305635,47717326.803147,0.0,20450283.002117,20450282.99318,0.183941,216161.61562099998,471606.90959560574,108080.807818,167942.99068610146,300000.0,False,True
822,4,0,1,NORMAL,0.012727027214106387,0.012693406683774543,0.01027006855524303,1.2392348839394105,3300000000.0,6699999999.999996,33891226.232302,15453832.015219,186910.765816,47793001.40703,0.0,20482714.975228,20482714.966271,0.183941,216213.15396800003,471873.53321341635,108106.57699399999,167969.99367761676,300000.0,False,True
823,4,0,1,NORMAL,0.01272903705507516,0.012695705417406842,0.010286469755716364,1.2374543801095046,3300000000.0,6699999999.999996,33945350.193864,15479507.863615,187399.004466,47868693.889955,0.0,20515154.610777,20515154.601808,0.183941,216264.236936,472137.8010356673,108132.11847400002,167996.7592262043,300000.0,False,True
824,4,0,1,NORMAL,0.01273102917956343,0.01269798436980404,0.010302875265741515,1.2356773086340143,3300000000.0,6699999999.999996,33999488.376947,15505193.953429,187888.02179,47944404.093758,0.0,20547601.840991,20547601.832007,0.183941,216314.86801899996,472399.73110853287,108157.434017,168023.2891269921,300000.0,False,True
825,4,0,1,NORMAL,0.012733003722466966,0.01270024368287907,0.010319285052170302,1.2339036724050008,3300000000.0,6699999999.999996,34053640.672162,15530890.239533,188377.817991,48020131.861495,0.0,20580056.598607,20580056.589606,0.183941,216365.05068900003,472659.3413920296,108182.52535300002,168049.5851702373,300000.0,False,True
826,4,0,1,NORMAL,0.012734960817958538,0.012702483498045487,0.010335699082110605,1.2321334741643803,3300000000.0,6699999999.999996,34107806.970965,15556596.677153,188868.39327,48095877.055825,0.0,20612518.816874,20612518.807862,0.165547,216414.78839500004,472916.64975938195,108207.394203,168075.64913656397,300000.0,False,True
827,4,0,1,NORMAL,0.012736900599731104,0.012704703956218753,0.010352117322923637,1.230366716529248,3300000000.0,6699999999.999996,34161987.165648,15582313.221868,189359.747827,48171639.485425,0.0,20644988.429569,20644988.420545,0.165547,216464.08457799998,473171.673996414,108232.04229499999,168101.4827970527,300000.0,False,True
828,4,0,1,NORMAL,0.012738823200807218,0.012706905197805107,0.010368539742224545,1.2286034019747254,3300000000.0,6699999999.999996,34216181.149341,15608039.829604,189851.88186,48247419.015354,0.0,20677465.370978,20677465.361942,0.165547,216512.94266400003,473424.43180096813,108256.47133799999,168127.08791645057,300000.0,False,True
829,4,0,1,NORMAL,0.012740728753534299,0.012709087362690863,0.010384966307879091,1.226843532835334,3300000000.0,6699999999.999996,34270388.816001,15633776.456642,190344.795567,48323215.493469,0.0,20709949.575895,20709949.566845,0.165547,216561.36605000004,473674.9407823485,108280.683032,168152.46625065527,300000.0,False,True
830,4,0,1,NORMAL,0.012742617389580846,0.012711250590232153,0.010401396988003332,1.225087111306088,3300000000.0,6699999999.999996,34324610.060411,15659523.059606,190838.489142,48399028.76881,0.0,20742440.979622,20742440.97056,0.165547,216609.358124,473923.21846079116,108304.679068,168177.61954665274,300000.0,False,True
831,4,0,1,NORMAL,0.012744489240037498,0.012713395019251852,0.01041783175096394,1.223334139453565,3300000000.0,6699999999.999996,34378844.778181,15685279.595465,191332.962779,48474858.691598,0.0,20774939.517969,20774939.508896,0.165547,216656.92225899998,474169.2822669576,108328.46113499998,168202.54954246717,300000.0,False,True
832,4,0,1,NORMAL,0.01274634443533483,0.012715520788031402,0.010434270565372728,1.221584619209988,3300000000.0,6699999999.999996,34433092.86573,15711046.021535,191828.216671,48550705.113224,0.0,20807445.127252,20807445.118164,0.165547,216704.061803,474413.1495414542,108352.03090899996,168227.257968495,300000.0,False,True
833,4,0,1,NORMAL,0.01274818310516237,0.012717628034297917,0.010450713400091212,1.2198385523663011,3300000000.0,6699999999.999996,34487354.220301,15736822.295473,192324.251008,48626567.902807,0.0,20839957.744275,20839957.735176,0.148993,216750.78009299995,474654.8375343747,108375.390052,168251.74654641977,300000.0,False,True
834,4,0,1,NORMAL,0.012750005378596803,0.012719716895220426,0.010467160224223938,1.2180959405866094,3300000000.0,6699999999.999996,34541628.739939,15762608.375276,192821.06598,48702446.88096,0.0,20872477.306347,20872477.297241,0.148993,216797.080443,474894.3634048668,108398.540225,168276.0169881433,300000.0,False,True
835,4,0,1,NORMAL,0.012751811384175435,0.012721787507411073,0.010483611007119394,1.2163567854163715,3300000000.0,6699999999.999996,34595916.323494,15788404.219278,193318.661774,48778341.91911,0.0,20905003.751283,20905003.74216,0.148993,216842.966155,475131.7442207217,108421.483086,168300.0709974778,300000.0,False,True
836,4,0,1,NORMAL,0.01275360124949409,0.0127238400069003,0.010500065718370605,1.2146210882452635,3300000000.0,6699999999.999996,34650216.870623,15814209.78615,193817.038577,48854252.873285,0.0,20937537.017367,20937537.008233,0.148993,216888.440507,475366.9969579866,108444.22025900001,168323.91027111575,300000.0,False,True
837,4,0,1,NORMAL,0.012755375101761569,0.012725874529149413,0.010516524327809697,1.2128888503620439,3300000000.0,6699999999.999996,34704530.281772,15840025.034899,194316.196574,48930179.600651,0.0,20970077.043394,20970077.034245,0.148993,216933.506771,475600.1385006,108466.75339300002,168347.536493322,300000.0,False,True
838,4,0,1,NORMAL,0.012757133067308158,0.012727891209030623,0.010532986805508788,1.211160072908867,3300000000.0,6699999999.999996,34758856.458179,15865849.924866,194816.135949,49006121.95951,0.0,21002623.768634,21002623.759468,0.148993,216978.16818100002,475831.1856400474,108489.08409900001,168370.95134325273,300000.0,False,True
839,4,0,1,NORMAL,0.012758875271815425,0.012729890180823192,0.010549453121780607,1.2094347569044317,3300000000.0,6699999999.999996,34813195.301876,15891684.415722,195316.856884,49082079.809298,0.0,21035177.132838,21035177.123661,0.148993,217022.42797299995,476060.15507504053,108511.213992,168394.1564884677,300000.0,False,True
840,4,0,1,NORMAL,0.012760601840337348,0.012731871578211203,0.010565923247173637,1.207712903247786,3300000000.0,6699999999.999996,34867546.715673,15917528.467466,195818.35956,49158053.025469,0.0,21067737.076246,21067737.067062,0.134094,217066.28935299997,476287.06341121666,108533.14468000001,168417.1535879636,300000.0,False,True
841,4,0,1,NORMAL,0.012762312897347085,0.012733835534284487,0.01058239715247212,1.2059945127239646,3300000000.0,6699999999.999996,34921910.603158,15943382.040424,196320.644156,49234041.439894,0.0,21100303.539587,21100303.530386,0.134094,217109.755515,476511.9271608582,108554.87776600002,168439.944292453,300000.0,False,True
842,4,0,1,NORMAL,0.012764008566432191,0.012735782181519825,0.010598874808696666,1.2042795859763316,3300000000.0,6699999999.999996,34976286.868699,15969245.095252,196823.71085,49310044.930262,0.0,21132876.464044,21132876.454827,0.134094,217152.829634,476734.7627426342,108576.414825,168462.53024498152,300000.0,False,True
843,4,0,1,NORMAL,0.012765688970540938,0.012737711651779251,0.010615356187099696,1.2025681235316845,3300000000.0,6699999999.999996,35030675.417429,15995117.592927,197327.559819,49386063.360461,0.0,21165455.791282,21165455.782053,0.134094,217195.51486199998,476955.58648136014,108597.75743700001,168484.91307690492,300000.0,False,True
844,4,0,1,NORMAL,0.012767354232016597,0.012739624076310694,0.010631841259166061,1.200860125804591,3300000000.0,6699999999.999996,35085076.155248,16020999.494746,197832.191238,49462096.595475,0.0,21198041.463444,21198041.454202,0.134094,217237.81433900003,477174.4146077781,108618.907176,168507.0944111404,300000.0,False,True
845,4,0,1,NORMAL,0.012769004472461187,0.012741519585739759,0.010648329996611212,1.199155593085946,3300000000.0,6699999999.999996,35139488.988817,16046890.762333,198337.605281,49538144.501387,0.0,21230633.423131,21230633.413876,0.134094,217279.73118499998,477391.26325835625,108639.865599,168529.07586261907,300000.0,False,True
846,4,0,1,NORMAL,0.01277063981274513,0.012743398310062685,0.010664822371379697,1.1974545255452769,3300000000.0,6699999999.999996,35193913.825553,16072791.357623,198843.802121,49614206.945358,0.0,21263231.613414,21263231.604147,0.134094,217321.26849599998,477606.1484751066,108660.634254,168550.85903648767,300000.0,False,True
847,4,0,1,NORMAL,0.012772260373134229,0.012745260378647946,0.010681318355644242,1.1957569232439447,3300000000.0,6699999999.999996,35248350.573626,16098701.242867,199350.781929,49690283.809038,0.0,21295835.977831,21295835.968548,0.120685,217362.42935999998,477819.0862054219,108681.214688,168572.4455282357,300000.0,False,True
848,4,0,1,NORMAL,0.012773866273093761,0.012747105920225097,0.010697817921804242,1.1940627861181041,3300000000.0,6699999999.999996,35302799.141954,16124620.380638,199858.544875,49766374.934929,0.0,21328446.460367,21328446.451069,0.120685,217403.216839,478030.09230192937,108701.60842700001,168593.83692537184,300000.0,False,True
849,4,0,1,NORMAL,0.012775457631384352,0.012748935062880534,0.010714321042484546,1.192372113989021,3300000000.0,6699999999.999996,35357259.440199,16150548.733816,200367.091127,49842480.20682,0.0,21361063.005469,21361062.996164,0.120685,217443.63397899998,478239.1825223639,108721.81699300001,168615.03480483766,300000.0,False,True
850,4,0,1,NORMAL,0.012777034566198695,0.012750747934062352,0.010730827690532425,1.190684906577299,3300000000.0,6699999999.999996,35411731.378757,16176486.265593,200876.420854,49918599.49615,0.0,21393685.558047,21393685.548733,0.120685,217483.68380699996,478446.3725294569,108741.84190799999,168636.04073427344,300000.0,False,True
851,4,0,1,NORMAL,0.01277859719495847,0.012752544660571779,0.010747337839018788,1.1890011634848852,3300000000.0,6699999999.999996,35466214.868762,16202432.939471,201386.534221,49994732.675414,0.0,21426314.063456,21426314.05413,0.120685,217523.369334,478651.677890843,108761.684673,168656.85627382278,300000.0,False,True
852,4,0,1,NORMAL,0.012780145634344897,0.012754325368557142,0.010763851461235756,1.1873208841993494,3300000000.0,6699999999.999996,35520709.822078,16228388.71926,201897.431393,50070879.618153,0.0,21458948.467498,21458948.458158,0.120685,217562.693548,478855.1140789831,108781.346781,168677.4829734518,300000.0,False,True
853,4,0,1,NORMAL,0.012781680000353152,0.012756090183511724,0.010780368530695455,1.1856440681002016,3300000000.0,6699999999.999996,35575216.151295,16254353.569068,202409.112534,50147040.198947,0.0,21491588.716423,21491588.707068,0.120685,217601.659423,479056.69647110364,108800.82971899999,168697.92237335266,300000.0,False,True
854,4,0,1,NORMAL,0.012783200408291402,0.012757839230271704,0.01079688902112788,1.1839707144601201,3300000000.0,6699999999.999996,35629733.769722,16280327.453317,202921.577806,50223214.305482,0.0,21524234.756921,21524234.747553,0.108617,217640.269917,479256.4403491521,108820.134965,168718.1760046616,300000.0,False,True
855,4,0,1,NORMAL,0.01278470697276514,0.012759572633013217,0.010813412906479393,1.1823008224447389,3300000000.0,6699999999.999996,35684262.591382,16306310.336725,203434.82737,50299401.790263,0.0,21556886.536127,21556886.526743,0.108617,217678.527958,479454.36089976755,108839.26398700001,168738.2453894465,300000.0,False,True
856,4,0,1,NORMAL,0.012786199807694451,0.012761290515250717,0.01082994016091394,1.1806343911151789,3300000000.0,6699999999.999996,35738802.531016,16332302.184307,203948.861387,50375602.543022,0.0,21589544.001613,21589543.992209,0.108617,217716.43647,479650.47321426676,108858.21824500001,168758.13204049986,300000.0,False,True
857,4,0,1,NORMAL,0.01278767902614889,0.012762992999824793,0.01084647075880909,1.1789714194143035,3300000000.0,6699999999.999996,35793353.50407,16358302.961381,204463.680015,50451816.44244,0.0,21622207.101374,21622207.091957,0.108617,217753.99834500003,479844.79228864535,108876.99917899999,168777.83746156676,300000.0,False,True
858,4,0,1,NORMAL,0.01278914474070714,0.012764680208913977,0.01086300467475485,1.1773119062011044,3300000000.0,6699999999.999996,35847915.426691,16384312.633559,204979.283411,50528043.368202,0.0,21654875.783854,21654875.774423,0.108617,217791.21647,480037.3330235932,108895.60824199997,168797.36314516535,300000.0,False,True
859,4,0,1,NORMAL,0.012790597063119422,0.012766352264024007,0.010879541883553029,1.1756558502206238,3300000000.0,6699999999.999996,35902488.215725,16410331.166745,205495.671732,50604283.200995,0.0,21687549.997919,21687549.988475,0.108617,217828.093703,480228.11022452347,108914.04685799999,168816.71057733425,300000.0,False,True
860,4,0,1,NORMAL,0.012792036104468944,0.012768009285988197,0.010896082360216061,1.174003250120008,3300000000.0,6699999999.999996,35957071.788713,16436358.527136,206012.845133,50680535.822502,0.0,21720229.692863,21720229.683405,0.108617,217864.63288800002,480417.13860161783,108932.316451,168835.8812331764,300000.0,False,True
861,4,0,1,NORMAL,0.012793461975107667,0.012769651394963649,0.010912626079964243,1.1723541044439036,3300000000.0,6699999999.999996,36011666.063882,16462394.681222,206530.803767,50756801.126257,0.0,21752914.818401,21752914.808929,0.097756,217900.83684999996,480604.43276988197,108950.41843200002,168854.87657899005,300000.0,False,True
862,4,0,1,NORMAL,0.012794874784694259,0.01277127871043014,0.01092917301822788,1.1707084116387148,3300000000.0,6699999999.999996,36066270.960152,16488439.595776,207049.547788,50833078.974193,0.0,21785605.32467,21785605.315185,0.097756,217936.708397,480790.00724921736,108968.354205,168873.6980714212,300000.0,False,True
863,4,0,1,NORMAL,0.012796274642209697,0.012772891351190113,0.010945723150640909,1.1690661700556926,3300000000.0,6699999999.999996,36120886.397115,16514493.237862,207569.077347,50909369.261801,0.0,21818301.162228,21818301.152728,0.097756,217972.250317,480973.876464504,108986.125166,168892.34715796422,300000.0,False,True
864,4,0,1,NORMAL,0.012797661655880244,0.01277448943536367,0.010962276453041818,1.1674273779447646,3300000000.0,6699999999.999996,36175512.295038,16540555.574829,208089.392595,50985671.874679,0.0,21851002.282047,21851002.272531,0.097756,218007.46537800002,481156.05474569707,109003.732697,168910.825277168,300000.0,False,True
865,4,0,1,NORMAL,0.012799035933264893,0.012776073080389557,0.010978832901474242,1.1657920334634324,3300000000.0,6699999999.999996,36230148.574865,16566626.574307,208610.493681,51061986.699391,0.0,21883708.635511,21883708.625977,0.097756,218042.356334,481336.5563279353,109021.178176,168929.13385761922,300000.0,False,True
866,4,0,1,NORMAL,0.012800397581176317,0.012777642403020961,0.010995392472185757,1.1641601346706405,3300000000.0,6699999999.999996,36284795.158213,16592706.204201,209132.380753,51138313.623459,0.0,21916420.17441,21916420.164861,0.097756,218076.92591900006,481515.3953516614,109038.462967,168947.27431909658,300000.0,False,True
867,4,0,1,NORMAL,0.012801746705721937,0.012779197519324251,0.011011955141621212,1.1625316795321805,3300000000.0,6699999999.999996,36339451.96735,16618794.432706,209655.053958,51214652.535353,0.0,21949136.850943,21949136.841384,0.097756,218111.17684399997,481692.5858627551,109055.588427,168965.2480715274,300000.0,False,True
868,4,0,1,NORMAL,0.012803083412411586,0.012780738544684726,0.011028520886424545,1.1609066659311877,3300000000.0,6699999999.999996,36394118.925201,16644891.228288,210178.513442,51291003.334257,0.0,21981858.617725,21981858.608152,0.087981,218145.11180800002,481868.14181267587,109072.55591100002,168983.05651552958,300000.0,False,True
869,4,0,1,NORMAL,0.012804407805930378,0.012782265593797349,0.01104508968344091,1.1592850916481994,3300000000.0,6699999999.999996,36448795.955355,16670996.55969,210702.75935,51367365.890977,0.0,22014585.427756,22014585.418174,0.087981,218178.73349299998,482042.0770586192,109089.36675099998,169000.70104383293,300000.0,False,True
870,4,0,1,NORMAL,0.012805719990344645,0.01278377878067137,0.011061661509709697,1.157666954381496,3300000000.0,6699999999.999996,36503482.982042,16697110.395927,211227.791826,51443740.106568,0.0,22047317.234447,22047317.224854,0.087981,218212.04455299999,482214.4053636819,109106.022282,169018.183038281,300000.0,False,True
871,4,0,1,NORMAL,0.012807020068998469,0.012785278218627958,0.011078236342468182,1.156052251738215,3300000000.0,6699999999.999996,36558179.930145,16723232.706282,211753.611013,51520125.873238,0.0,22080053.991601,22080053.981996,0.087981,218245.04763600003,482385.1403970392,109122.52382399999,169035.50387254934,300000.0,False,True
872,4,0,1,NORMAL,0.0128083081445352,0.012786764020299393,0.011094814159144544,1.1544409812379204,3300000000.0,6699999999.999996,36612886.725177,16749363.460314,212280.217052,51596523.084109,0.0,22112795.653419,22112795.643797,0.087981,218277.74536099998,482554.29573413153,109138.87268900001,169052.6649107798,300000.0,False,True
873,4,0,1,NORMAL,0.012809584318810132,0.012788236297622668,0.011111394937362426,1.1528331403051375,3300000000.0,6699999999.999996,36667603.293296,16775502.627852,212807.610083,51672931.633226,0.0,22145542.174476,22145542.164846,0.087981,218310.14034,482721.8848568618,109155.070174,169069.66750786465,300000.0,False,True
874,4,0,1,NORMAL,0.012810848693164109,0.012789695161851147,0.011127978654934848,1.1512287262954957,3300000000.0,6699999999.999996,36722329.561285,16801650.178983,213335.790247,51749351.415528,0.0,22178293.509758,22178293.500115,0.087981,218342.23515499997,482887.921153802,109171.11758399999,169086.51300829375,300000.0,False,True
875,4,0,1,NORMAL,0.012812101368105289,0.012791140723544963,0.011144565289866668,1.149627736467644,3300000000.0,6699999999.999996,36777065.45656,16827806.084061,213864.757681,51825782.335656,0.0,22211049.614624,22211049.604969,0.079183,218374.03238000002,483052.4179204109,109187.01619600003,169103.20274976623,300000.0,False,True
876,4,0,1,NORMAL,0.012813342443516876,0.01279257309257541,0.011161154820350303,1.1480301680032352,3300000000.0,6699999999.999996,36831810.907156,16853970.313704,214394.512524,51902224.272751,0.0,22243810.444819,22243810.435151,0.079183,218405.534567,483215.38835925877,109202.76729000002,169119.73805898984,300000.0,False,True
877,4,0,1,NORMAL,0.012814572018569897,0.012793992378123443,0.011177747224766062,1.1464360179998696,3300000000.0,6699999999.999996,36886565.841728,16880142.838789,214925.054911,51978677.133234,0.0,22276575.956468,22276575.946782,0.079183,218436.744246,483376.84558026295,109218.372132,169136.12025442277,300000.0,False,True
878,4,0,1,NORMAL,0.01281579019163819,0.012795398688672781,0.011194342481680303,1.1448452834645186,3300000000.0,6699999999.999996,36941330.189545,16906323.630454,215456.384978,52055140.815611,0.0,22309346.106064,22309346.096372,0.079183,218467.66394,483536.8026009319,109233.83197299998,169152.35064512264,300000.0,False,True
879,4,0,1,NORMAL,0.012816997060663754,0.01279679213202704,0.011210940569843637,1.1432579613471734,3300000000.0,6699999999.999996,36996103.880484,16932512.660089,215988.502859,52131615.219256,0.0,22342120.850497,22342120.840791,0.079183,218498.29614199998,483695.2723466172,109249.14807800003,169168.4305296241,300000.0,False,True
880,4,0,1,NORMAL,0.012818192722672631,0.012798172815294497,0.011227541468190605,1.1416740484983816,3300000000.0,6699999999.999996,37050886.845029,16958709.899345,216521.408688,52208100.244419,0.0,22374900.147008,22374900.137287,0.079183,218528.64333299996,483852.2676507747,109264.321674,169184.36120076157,300000.0,False,True
881,4,0,1,NORMAL,0.012819377274059074,0.012799540844892212,0.011244145155838789,1.140093541695547,3300000000.0,6699999999.999996,37105679.014268,16984915.32012,217055.102597,52284595.792208,0.0,22407683.953214,22407683.943482,0.079183,218558.70797900006,484007.8012552334,109279.35399500003,169200.14393927873,300000.0,False,True
882,4,0,1,NORMAL,0.01282055081061935,0.012800896326552028,0.011260751612085151,1.13851643764704,3300000000.0,6699999999.999996,37160480.319881,17011128.894568,217589.584718,52361101.772505,0.0,22440472.227104,22440472.217357,0.071265,218588.492523,484161.88581047184,109294.24626900002,169215.78001757976,300000.0,False,True
883,4,0,1,NORMAL,0.012821713427399422,0.012802239365316376,0.011277360816406061,1.1369427329793926,3300000000.0,6699999999.999996,37215290.69414,17037350.595096,218124.855181,52437618.072291,0.0,22473264.927024,22473264.917262,0.071265,218617.99939699998,484314.5338759031,109308.99970599999,169231.2707001754,300000.0,False,True
884,4,0,1,NORMAL,0.012822865218692308,0.012803570065534179,0.011293972748457575,1.1353724242378338,3300000000.0,6699999999.999996,37270110.06991,17063580.39435,218660.914115,52514144.603139,0.0,22506062.011682,22506062.00191,0.071265,218647.23100200001,484465.7579201663,109323.61550599999,169246.61724167236,300000.0,False,True
885,4,0,1,NORMAL,0.012824006278275341,0.01280488853087232,0.011310587388071213,1.133805507908481,3300000000.0,6699999999.999996,37324938.380635,17089818.265227,219197.761649,52590681.269543,0.0,22538863.440153,22538863.430369,0.071265,218676.18973800002,484615.570321426,109338.094875,169261.82088673848,300000.0,False,True
886,4,0,1,NORMAL,0.012825136699136909,0.012806194864308746,0.011327204715256969,1.132241980394539,3300000000.0,6699999999.999996,37379775.560348,17116064.180867,219735.39791,52667227.976835,0.0,22571669.171855,22571669.162064,0.071265,218704.87798099997,484763.98336767795,109352.43899399998,169276.8828732345,300000.0,False,True
887,4,0,1,NORMAL,0.012826256573690967,0.012807489168139858,0.011343824710195153,1.1306818380368213,3300000000.0,6699999999.999996,37434621.543644,17142318.114654,220273.823026,52743784.631162,0.0,22604479.166576,22604479.156775,0.071265,218733.29808600002,484911.00925706205,109366.64904799999,169291.8044286072,300000.0,False,True
888,4,0,1,NORMAL,0.012827365993560227,0.01280877154397343,0.01136044735324212,1.1291250770947385,3300000000.0,6699999999.999996,37489476.265699,17168580.04021,220813.037121,52820351.139497,0.0,22637293.384441,22637293.374633,0.071265,218761.45239300004,485056.6600981819,109380.72619999999,169306.5867727208,300000.0,False,True
889,4,0,1,NORMAL,0.012828465049821122,0.012810042092737799,0.011377072624924848,1.1275716937691485,3300000000.0,6699999999.999996,37544339.662252,17194849.9314,221353.040321,52896927.41675,0.0,22670111.785933,22670111.776114,0.064139,218789.34322700003,485200.94791043043,109394.671619,169321.231114995,300000.0,False,True
890,4,0,1,NORMAL,0.01282955383278144,0.012811300914676098,0.01139370050594091,1.1260216841834525,3300000000.0,6699999999.999996,37599211.669605,17221127.762322,221893.832749,52973513.357259,0.0,22702934.331876,22702934.322046,0.064139,218816.972893,485343.88462432177,109408.48645199998,169335.7386576388,300000.0,False,True
891,4,0,1,NORMAL,0.012830632432161032,0.012812548109352548,0.011410330977158486,1.1244750444001796,3300000000.0,6699999999.999996,37654092.224623,17247413.507313,222435.414529,53050108.877546,0.0,22735760.983437,22735760.973594,0.064139,218844.34368299998,485485.4820818296,109422.171848,169350.110592715,300000.0,False,True
892,4,0,1,NORMAL,0.012831700936967484,0.012813783775650286,0.01142696401961212,1.1229317704111443,3300000000.0,6699999999.999996,37708981.26472,17273707.140939,222977.785782,53126713.887796,0.0,22768591.702127,22768591.69227,0.064139,218871.45786600004,485625.75203672994,109435.72894,169364.34810452562,300000.0,False,True
893,4,0,1,NORMAL,0.01283275943553102,0.012815008011771623,0.011443599614503636,1.121391858141101,3300000000.0,6699999999.999996,37763878.727862,17300008.638005,223520.94663,53203328.298987,0.0,22801426.44979,22801426.439921,0.064139,218898.317696,485764.7061549514,109449.15885400002,169378.4523679708,300000.0,False,True
894,4,0,1,NORMAL,0.01283380801559245,0.012816220915243934,0.011460237743200909,1.1198553034562,3300000000.0,6699999999.999996,37818784.552563,17326317.97354,224064.897192,53279952.022879,0.0,22834265.188611,22834265.178731,0.064139,218924.925415,485902.3560149287,109462.462713,169392.42454900948,300000.0,False,True
895,4,0,1,NORMAL,0.01283484676422405,0.012817422582920072,0.011476878387235455,1.1183221021579286,3300000000.0,6699999999.999996,37873698.677877,17352635.122802,224609.637589,53356584.972009,0.0,22867107.881108,22867107.871213,0.064139,218951.28323900004,486038.71310796356,109475.64162699999,169406.26580582035,300000.0,False,True
896,4,0,1,NORMAL,0.012835875767840942,0.012818613110979484,0.011493521528302728,1.1167922499847132,3300000000.0,6699999999.999996,37928621.043399,17378960.06128,225155.167938,53433227.066102,0.0,22899954.490126,22899954.480216,0.057726,218977.393381,486173.78883858846,109488.696698,169419.97728775747,300000.0,False,True
897,4,0,1,NORMAL,0.012836895112150316,0.01281979259492599,0.011510167148258787,1.1152657426084582,3300000000.0,6699999999.999996,37983551.589254,17405292.764684,225701.488358,53509878.206405,0.0,22932804.978839,22932804.968917,0.057726,219003.25801999998,486307.59452493716,109501.62901599999,169433.56013550045,300000.0,False,True
898,4,0,1,NORMAL,0.012837904882320388,0.012820961129596596,0.011526815229121514,1.1137425756497352,3300000000.0,6699999999.999996,38038490.256101,17431633.208948,226248.598965,53586538.314166,0.0,22965659.310751,22965659.300812,0.057726,219028.879329,486440.14139911847,109514.43967300002,169447.01548038417,300000.0,False,True
899,4,0,1,NORMAL,0.012838905162756549,0.012822118809155304,0.011543465753067273,1.112222744659251,3300000000.0,6699999999.999996,38093436.985122,17457981.37023,226796.499875,53663207.304976,0.0,22998517.44968,22998517.439729,0.057726,219054.259466,486571.4406075952,109527.12973900001,169460.3444466291,300000.0,False,True
900,4,0,1,NORMAL,0.012839896037386056,0.012823265727105676,0.011560118702431213,1.1107062451431136,3300000000.0,6699999999.999996,38148391.718023,17484337.224905,227345.191203,53739885.09517,0.0,23031379.359779,23031379.34981,0.057726,219079.40056799998,486701.50321156706,109539.700293,169473.54814838644,300000.0,False,True
901,4,0,1,NORMAL,0.012840877589287356,0.012824401976278689,0.011576774059704545,1.1091930725315609,3300000000.0,6699999999.999996,38203354.397025,17510700.749571,227894.673064,53816571.601832,0.0,23064245.0055,23064244.995521,0.057726,219104.30475600006,486830.3401873584,109552.15238299998,169486.62769349595,300000.0,False,True
902,4,0,1,NORMAL,0.012841849901126632,0.012825527648849524,0.011593431807534848,1.107683222217291,3300000000.0,6699999999.999996,38258324.964865,17537071.921036,228444.945571,53893266.742775,0.0,23097114.351632,23097114.341638,0.057726,219128.97413499997,486957.9624268085,109564.48707500001,169499.5841785931,300000.0,False,True
903,4,0,1,NORMAL,0.01284281305478909,0.012826642836329496,0.011610091928724545,1.1061766895242808,3300000000.0,6699999999.999996,38313303.364791,17563450.716327,228996.008836,53969970.442321,0.0,23129987.363263,23129987.353253,0.051954,219153.41079400002,487084.380737668,109576.705405,169512.41869487154,300000.0,False,True
904,4,0,1,NORMAL,0.012843767131517522,0.012827747629567435,0.01162675440622909,1.1046734697205276,3300000000.0,6699999999.999996,38368289.540556,17589837.112683,229547.862972,54046682.608201,0.0,23162864.005791,23162863.995772,0.051954,219177.61680699995,487209.6058439962,109588.808408,169525.132323216,300000.0,False,True
905,4,0,1,NORMAL,0.0128447122120685,0.012828842118761053,0.011643419223154849,1.1031735580322215,3300000000.0,6699999999.999996,38423283.436411,17616231.087558,230100.508089,54123403.166178,0.0,23195744.244935,23195744.234904,0.051954,219201.59423000002,487333.64838656416,109600.79712100001,169537.72613603127,300000.0,False,True
906,4,0,1,NORMAL,0.012845648376508059,0.01282992639345441,0.011660086362761212,1.1016769496264773,3300000000.0,6699999999.999996,38478284.997112,17642632.618609,230653.944298,54200132.03696,0.0,23228628.046714,23228628.036666,0.051954,219225.345105,487456.5189232601,109612.67256100003,169550.2011993042,300000.0,False,True
907,4,0,1,NORMAL,0.01284657570418262,0.01283100054253365,0.011676755808455756,1.1001836396098765,3300000000.0,6699999999.999996,38533294.167904,17669041.68371,231208.171709,54276869.141966,0.0,23261515.377442,23261515.367382,0.051954,219248.87145600005,487578.2279294982,109624.43573399997,169562.5585699064,300000.0,False,True
908,4,0,1,NORMAL,0.012847494273950447,0.012832064654237961,0.011693427543796365,1.098693623048645,3300000000.0,6699999999.999996,38588310.894528,17695458.260933,231763.190429,54353614.403314,0.0,23294406.203746,23294406.193672,0.051954,219272.17529,487698.78579863027,109636.087652,169574.79929521057,300000.0,False,True
909,4,0,1,NORMAL,0.012848404164052647,0.01283311881616149,0.011710101552486061,1.0972068949585603,3300000000.0,6699999999.999996,38643335.123204,17721882.328563,232319.000567,54430367.743821,0.0,23327300.492551,23327300.48246,0.051954,219295.258607,487818.2028423611,109647.62931199999,169586.9244161459,300000.0,False,True
910,4,0,1,NORMAL,0.012849305451979692,0.012834163115246535,0.011726777818375759,1.0957234502938176,3300000000.0,6699999999.999996,38698366.80064,17748313.865084,232875.60223,54507129.092194,0.0,23360198.211067,23360198.200964,0.046759,219318.12337600003,487936.48929116543,109659.061694,169598.93496549493,300000.0,False,True
911,4,0,1,NORMAL,0.012850198214799024,0.01283519763779831,0.01174345632546091,1.0942432839758254,3300000000.0,6699999999.999996,38753405.874021,17774752.849183,233432.995525,54583898.362237,0.0,23393099.326814,23393099.316696,0.046759,219340.77156500003,488053.65529470856,109670.38578999999,169610.83196613193,300000.0,False,True
912,4,0,1,NORMAL,0.012851082528863298,0.012836222469479923,0.011760137057881818,1.0927663908687453,3300000000.0,6699999999.999996,38808452.29101,17801199.259746,233991.180557,54660675.484024,0.0,23426003.807594,23426003.79746,0.046759,219363.205118,488169.7109222694,109681.60256700001,169622.61643534712,300000.0,False,True
913,4,0,1,NORMAL,0.01285195846990608,0.012837237695313869,0.011776819999920304,1.091292765788477,3300000000.0,6699999999.999996,38863505.999737,17827653.075861,234550.15743,54737460.383108,0.0,23458911.621499,23458911.611352,0.046759,219385.42596500006,488284.66616316483,109692.71298899999,169634.28938099556,300000.0,False,True
914,4,0,1,NORMAL,0.012852826113163652,0.012838243399691276,0.011793505136000606,1.0898224035133868,3300000000.0,6699999999.999996,38918566.948802,17854114.27681,235109.926249,54814252.985712,0.0,23491822.736915,23491822.726753,0.046759,219407.43602499994,488398.5309271779,109703.71802,169645.85180276024,300000.0,False,True
915,4,0,1,NORMAL,0.012853685533157865,0.01283923966636654,0.011810192450687878,1.0883552987664658,3300000000.0,6699999999.999996,38973635.08727,17880582.842073,235670.487118,54891053.218728,0.0,23524737.122502,23524737.11233,0.046759,219429.237196,488511.31504498713,109714.618603,169657.30469376018,300000.0,False,True
916,4,0,1,NORMAL,0.012854536803911796,0.012840226578466235,0.011826881928686365,1.0868914462342634,3300000000.0,6699999999.999996,39028710.364665,17907058.751321,236231.840139,54967861.009703,0.0,23557654.747213,23557654.73703,0.046759,219450.831361,488623.02826859796,109725.41568599998,169668.64903768382,300000.0,False,True
917,4,0,1,NORMAL,0.01285537999882288,0.012841204218489244,0.011843573554837273,1.0854308405567639,3300000000.0,6699999999.999996,39083792.730963,17933541.98442,236793.985414,55044676.291512,0.0,23590575.580281,23590575.570087,0.042084,219472.220393,488733.68027177633,109736.110202,169679.8858116357,300000.0,False,True
918,4,0,1,NORMAL,0.012856215190711081,0.012842172668310009,0.011860267314121818,1.0839734763316342,3300000000.0,6699999999.999996,39138882.136602,17960032.521426,237356.923044,55121498.983662,0.0,23623499.59121,23623499.581005,0.042084,219493.406147,488843.28065048385,109746.70307900001,169691.01598446202,300000.0,False,True
919,4,0,1,NORMAL,0.012857042451857571,0.012843132009184044,0.011876963191654242,1.0825193481185507,3300000000.0,6699999999.999996,39193978.532459,17986530.342583,237920.65313,55198329.020319,0.0,23656426.749793,23656426.739569,0.042084,219514.390461,488951.8389233149,109757.19523999999,169702.04051738628,300000.0,False,True
920,4,0,1,NORMAL,0.012857861853765766,0.012844082321737704,0.011893661172686667,1.0810684504190644,3300000000.0,6699999999.999996,39249081.869866,18013035.428326,238485.175772,55275166.331622,0.0,23689357.026075,23689357.015842,0.042084,219535.175161,489059.3645319347,109767.587585,169712.96036451997,300000.0,False,True
921,4,0,1,NORMAL,0.012858673467629643,0.012845023685988798,0.011910361242603636,1.0796207777169573,3300000000.0,6699999999.999996,39304192.100592,18039547.759274,239050.491068,55352010.848339,0.0,23722290.390393,23722290.380149,0.042084,219555.76205900003,489165.8668415198,109777.88103499998,169723.77646970813,300000.0,False,True
922,4,0,1,NORMAL,0.012859477363899408,0.01284595618133787,0.011927063386921817,1.0781763244421083,3300000000.0,6699999999.999996,39359309.176842,18066067.316233,239616.599118,55428862.501867,0.0,23755226.813343,23755226.803088,0.042084,219576.15294500004,489271.35514119826,109788.076478,169734.48977271127,300000.0,False,True
923,4,0,1,NORMAL,0.012860273612563138,0.012846879886578212,0.011943767591290608,1.0767350849945243,3300000000.0,6699999999.999996,39414433.051259,18092594.08019,240183.500019,55505721.224225,0.0,23788166.265796,23788166.255525,0.042084,219596.34960600003,489375.83864449325,109798.17481099999,169745.1012034722,300000.0,False,True
924,4,0,1,NORMAL,0.012861062282907636,0.012847794879889789,0.01196047384149,1.0752970537248752,3300000000.0,6699999999.999996,39469563.676917,18119128.032316,240751.193868,55582586.952262,0.0,23821108.718876,23821108.708592,0.037876,219616.35380499996,489479.32648976584,109808.176909,169755.61168583343,300000.0,False,True
925,4,0,1,NORMAL,0.012861843443776735,0.012848701238850239,0.011977182123429696,1.073862224956609,3300000000.0,6699999999.999996,39524701.007318,18145669.153962,241319.680761,55659459.610814,0.0,23854054.143979,23854054.133683,0.037876,219636.16729800004,489581.82774065976,109818.08365500001,169766.0221343808,300000.0,False,True
926,4,0,1,NORMAL,0.012862617163463394,0.012849599040438186,0.01199389242314697,1.072430592977462,3300000000.0,6699999999.999996,39579844.996385,18172217.426656,241888.960795,55736339.137946,0.0,23887002.512766,23887002.502453,0.037876,219655.79182100002,489683.3513865469,109827.89591899999,169776.33345785292,300000.0,False,True
927,4,0,1,NORMAL,0.012863383509563139,0.012850488361026894,0.012010604726809091,1.0710021520274116,3300000000.0,6699999999.999996,39634995.59847,18198772.832104,242459.034064,55813225.468126,0.0,23919953.79714,23919953.786813,0.037876,219675.22909399995,489783.9063429735,109837.61455400001,169786.5465577168,300000.0,False,True
928,4,0,1,NORMAL,0.012864142549216657,0.012851369276393977,0.012027319020706665,1.0695768963198935,3300000000.0,6699999999.999996,39690152.768332,18225335.352188,243029.900663,55890118.536411,0.0,23952907.969275,23952907.958935,0.037876,219694.480827,489883.5014521073,109847.24041999999,169796.66232623346,300000.0,False,True
929,4,0,1,NORMAL,0.012864894349004265,0.012852241861723674,0.012044035291257575,1.068154820032994,3300000000.0,6699999999.999996,39745316.46115,18251904.968968,243601.560686,55967018.27846,0.0,23985865.00159,23985864.991239,0.037876,219713.54871700003,489982.14548318513,109856.77436400001,169806.68164965988,300000.0,False,True
930,4,0,1,NORMAL,0.012865638975041355,0.012853106191615138,0.012060753525002728,1.0667359173181052,3300000000.0,6699999999.999996,39800486.632509,18278481.664672,244174.014226,56043924.630511,0.0,24018824.866771,24018824.856403,0.037876,219732.43444700004,490079.84713296127,109866.217232,169816.6054068563,300000.0,False,True
931,4,0,1,NORMAL,0.012866376492709766,0.012853962340072855,0.012077473708608788,1.0653201822777432,3300000000.0,6699999999.999996,39855663.238409,18305065.421703,244747.261375,56120837.533184,0.0,24051787.537731,24051787.527354,0.034089,219751.139683,490176.61502615566,109875.56984600001,169826.43447054588,300000.0,False,True
932,4,0,1,NORMAL,0.012867106967057718,0.012854810380523492,0.012094195828861514,1.0639076089996602,3300000000.0,6699999999.999996,39910846.235243,18331656.222634,245321.302226,56197756.916307,0.0,24084752.987653,24084752.97726,0.034089,219769.666074,490272.45771590347,109884.83304500002,169836.16970376892,300000.0,False,True
933,4,0,1,NORMAL,0.012867830462415103,0.012855650385806824,0.012110919872670302,1.0624981915248946,3300000000.0,6699999999.999996,39966035.579812,18358254.050205,245896.13687,56274682.721646,0.0,24117721.189952,24117721.179547,0.034089,219788.015264,490367.38368420413,109894.00763800002,169845.8119651619,300000.0,False,True
934,4,0,1,NORMAL,0.012868547042715416,0.012856482428188024,0.012127645827063938,1.061091923875126,3300000000.0,6699999999.999996,40021231.229311,18384858.887323,246471.765397,56351614.887749,0.0,24150692.118295,24150692.107876,0.034089,219806.18887800002,490461.4013423709,109903.09444599999,169855.36210387936,300000.0,False,True
935,4,0,1,NORMAL,0.012869256771273579,0.012857306579354834,0.012144373679190908,1.0596888000345988,3300000000.0,6699999999.999996,40076433.14133,18411470.717063,247048.187897,56428553.353729,0.0,24183665.746585,24183665.736152,0.034089,219824.18852600004,490554.5190314804,109912.09427000002,169864.8209638435,300000.0,False,True
936,4,0,1,NORMAL,0.01286995971087798,0.012858122910420844,0.012161103416317272,1.058288813958246,3300000000.0,6699999999.999996,40131641.273847,18438089.522668,247625.40446,56505498.059261,0.0,24216642.048962,24216642.038522,0.034089,219842.01581100002,490646.74502282275,109921.00790899998,169874.18938081124,300000.0,False,True
937,4,0,1,NORMAL,0.012870655923894338,0.012858931491935264,0.01217783502582697,1.0568919595805017,3300000000.0,6699999999.999996,40186855.585229,18464715.287537,248203.415175,56582448.944569,0.0,24249620.999816,24249620.989367,0.034089,219859.672315,490738.08751835034,109929.836162,169883.46818358934,300000.0,False,True
938,4,0,1,NORMAL,0.012871345472108777,0.012859732393881943,0.01219456849521909,1.05549823080292,3300000000.0,6699999999.999996,40242076.034223,18491347.995236,248782.22013,56659405.953837,0.0,24282602.573768,24282602.563305,0.030681,219877.15961,490828.55465112836,109938.57981200001,169892.65819540524,300000.0,False,True
939,4,0,1,NORMAL,0.0128720284167371,0.012860525685679051,0.012211303812109395,1.0541076214951342,3300000000.0,6699999999.999996,40297302.579961,18517987.629491,249361.819413,56736369.021574,0.0,24315586.745666,24315586.73519,0.030681,219894.47925700003,490918.1544857837,109947.23963499999,169901.76023183585,300000.0,False,True
940,4,0,1,NORMAL,0.012872704818522356,0.012861311436185073,0.012228040964229091,1.0527201255032683,3300000000.0,6699999999.999996,40352535.181956,18544634.174182,249942.213111,56813338.093053,0.0,24348573.490593,24348573.480109,0.030681,219911.632804,491006.8950189542,109955.816406,169910.77510092975,300000.0,False,True
941,4,0,1,NORMAL,0.012873374737783053,0.012862089713707524,0.01224477993942,1.051335736654556,3300000000.0,6699999999.999996,40407773.800086,18571287.613353,250523.40131,56890313.110672,0.0,24381562.783871,24381562.773373,0.030681,219928.62178000002,491094.7841797373,109964.310897,169919.70360449512,300000.0,False,True
942,4,0,1,NORMAL,0.01287403823415146,0.01286286058599423,0.01226152072563788,1.049954448735943,3300000000.0,6699999999.999996,40463018.394605,18597947.931205,251105.384096,56967294.017366,0.0,24414554.601034,24414554.590524,0.030681,219945.44770199998,491181.82983013865,109972.72385700002,169928.54653873632,300000.0,False,True
943,4,0,1,NORMAL,0.012874695366919443,0.01286362412024747,0.012278263310949394,1.0485762555228937,3300000000.0,6699999999.999996,40518268.926133,18624615.112089,251688.161555,57044280.756592,0.0,24447548.917857,24447548.907333,0.030681,219962.11208399996,491268.03976552014,109981.056049,169937.30469079927,300000.0,False,True
944,4,0,1,NORMAL,0.012875346194775131,0.012864380383120223,0.012295007683531818,1.0472011507581755,3300000000.0,6699999999.999996,40573525.355655,18651289.140515,252271.733772,57121273.272334,0.0,24480545.710329,24480545.699792,0.030681,219978.61641500003,491353.42171504727,109989.30821399999,169945.97884333663,300000.0,False,True
945,4,0,1,NORMAL,0.012875990775907129,0.012865129440719379,0.012311753831673638,1.045829128160597,3300000000.0,6699999999.999996,40628787.644523,18677970.001141,252856.100831,57198271.512163,0.0,24513544.95466,24513544.944117,0.027613,219994.962178,491437.98334213614,109997.48109199999,169954.56977103173,300000.0,False,True
946,4,0,1,NORMAL,0.012876629168178277,0.012865871358619954,0.012328501743768485,1.0444601814398775,3300000000.0,6699999999.999996,40684055.754436,18704657.678781,253441.262815,57275275.414952,0.0,24546546.627299,24546546.616738,0.027613,220011.15083799997,491521.7322448996,110005.575428,169963.07824197412,300000.0,False,True
947,4,0,1,NORMAL,0.012877261428694126,0.012866606201850548,0.012345251408321212,1.0430943042613388,3300000000.0,6699999999.999996,40739329.64746,18731352.158395,254027.219808,57352284.929299,0.0,24579550.704886,24579550.694315,0.027613,220027.18385800003,491604.67595659307,110013.59193399998,169971.50501995324,300000.0,False,True
948,4,0,1,NORMAL,0.012877887614313197,0.012867334034912655,0.012362002813941819,1.0417314902880919,3300000000.0,6699999999.999996,40794609.286008,18758053.425095,254613.971892,57429300.001233,0.0,24612557.164298,24612557.153712,0.027613,220043.062677,491686.8219460592,110021.531346,169979.85085876248,300000.0,False,True
949,4,0,1,NORMAL,0.012878507781259946,0.012868054921773772,0.01237875594934606,1.0403717331498314,3300000000.0,6699999999.999996,40849894.632842,18784761.464138,255201.51915,57506320.577284,0.0,24645565.982618,24645565.972018,0.027613,220058.78872799998,491768.1776181719,110029.39437099997,169988.1165089342,300000.0,False,True
950,4,0,1,NORMAL,0.012879121985340233,0.012868768925874836,0.012395510803356363,1.0390150264604603,3300000000.0,6699999999.999996,40905185.651076,18811476.260927,255789.861663,57583346.604482,0.0,24678577.137142,24678577.12653,0.027613,220074.36343199998,491848.7503142795,110037.18172200002,169996.3027126313,300000.0,False,True
951,4,0,1,NORMAL,0.012879730281873718,0.01286947611013283,0.012412267364896666,1.0376613638132781,3300000000.0,6699999999.999996,40960482.304159,18838197.801013,256378.999512,57660378.030346,0.0,24711590.60538,24711590.594755,0.027613,220089.78819100003,491928.54731264734,110044.894102,170004.4102064911,300000.0,False,True
952,4,0,1,NORMAL,0.012880332725699765,0.0128701765369436,0.01242902562299606,1.0363107387813812,3300000000.0,6699999999.999996,41015784.555887,18864926.070087,256968.932778,57737414.805645,0.0,24744606.36505,24744606.354412,0.024852,220105.06440300003,492007.5758288987,110052.53220799999,170012.4397207331,300000.0,False,True
953,4,0,1,NORMAL,0.012880929371212236,0.012870870268186738,0.012445785566785455,1.0349631449209655,3300000000.0,6699999999.999996,41071092.370392,18891661.053985,257559.66154,57814456.873351,0.0,24777624.394077,24777624.383426,0.024852,220120.19345299999,492085.84301645507,110060.09673300001,170020.3919792369,300000.0,False,True
954,4,0,1,NORMAL,0.012881520272267162,0.012871557365224186,0.012462547185495759,1.033618575764272,3300000000.0,6699999999.999996,41126405.712136,18918402.738684,258151.185879,57891504.185194,0.0,24810644.670592,24810644.659929,0.024852,220135.17670399998,492163.3559669757,110067.58835800001,170028.2677000015,300000.0,False,True
955,4,0,1,NORMAL,0.012882105482364212,0.012872237888910641,0.012479310468460606,1.0322770248341528,3300000000.0,6699999999.999996,41181724.54592,18945151.1103,258743.505873,57968556.690624,0.0,24843667.172931,24843667.162254,0.024852,220150.01552399996,492240.12171079556,110075.00776899999,170036.06759392656,300000.0,False,True
956,4,0,1,NORMAL,0.01288268505443151,0.012872911899589409,0.012496075405112423,1.0309384856273287,3300000000.0,6699999999.999996,41237048.836871,18971906.155088,259336.6216,58045614.33956,0.0,24876691.879628,24876691.868939,0.024852,220164.71125400002,492316.14721736225,110082.355633,170043.7923672076,300000.0,False,True
957,4,0,1,NORMAL,0.012883259041028826,0.01287357945710163,0.012512841984981819,1.0296029516309395,3300000000.0,6699999999.999996,41292378.55044,18998667.859441,259930.533139,58122677.082388,0.0,24909718.769423,24909718.758721,0.024852,220179.26523299998,492391.4393956718,110089.632623,170051.44271849593,300000.0,False,True
958,4,0,1,NORMAL,0.012883827494179862,0.012874240620784098,0.012529610197697877,1.0282704163092853,3300000000.0,6699999999.999996,41347713.652403,19025436.209888,260525.240567,58199744.869958,0.0,24942747.821249,24942747.810536,0.024852,220193.67878099997,492466.0050947036,110096.839396,170059.0193415805,300000.0,False,True
959,4,0,1,NORMAL,0.01288439046553839,0.012874895449477924,0.012546380032986968,1.026940873117403,3300000000.0,6699999999.999996,41403054.108857,19052211.193096,261120.743961,58276817.656066,0.0,24975779.014239,24975779.003515,0.022367,220207.953215,492539.85110385285,110103.97661300002,170066.52292317417,300000.0,False,True
960,4,0,1,NORMAL,0.012884948006295976,0.012875544001530704,0.012563151480671515,1.0256143154939703,3300000000.0,6699999999.999996,41458399.886216,19078992.79586,261717.043398,58353895.387504,0.0,25008812.327725,25008812.316985,0.022367,220222.08983200003,492612.9841533635,110111.04492399999,170073.95414510675,300000.0,False,True
961,4,0,1,NORMAL,0.012885500167153133,0.012876186334796667,0.012579924530668484,1.024290736859326,3300000000.0,6699999999.999996,41513750.951206,19105781.005115,262314.138954,58430978.018975,0.0,25041847.741225,25041847.73047,0.022367,220236.08992700002,492685.4109147578,110118.04497100001,170081.3136831069,300000.0,False,True
962,4,0,1,NORMAL,0.012886046998356297,0.012876822506639225,0.012596699172991515,1.0229701306184378,3300000000.0,6699999999.999996,41569107.270872,19132575.807922,262912.030704,58508065.503143,0.0,25074885.234449,25074885.223684,0.022367,220249.954774,492757.1380012666,110124.977392,170088.60220642135,300000.0,False,True
963,4,0,1,NORMAL,0.012886588549802652,0.012877452573940093,0.012613475397745757,1.0216524901698152,3300000000.0,6699999999.999996,41624468.812561,19159377.191475,263510.718723,58585157.793112,0.0,25107924.787306,25107924.776526,0.022367,220263.68563699996,492828.17196825595,110131.84282600001,170095.82037830312,300000.0,False,True
964,4,0,1,NORMAL,0.012887124870868613,0.012878076593096772,0.012630253195130909,1.0203378088918067,3300000000.0,6699999999.999996,41679835.543932,19186185.143098,264110.203086,58662254.842432,0.0,25140966.379882,25140966.36909,0.022367,220277.28378,492898.51931365445,110138.64189600002,170102.96885739503,300000.0,False,True
965,4,0,1,NORMAL,0.012887656010542932,0.012878694620028783,0.01264703255543697,1.0190260801536815,3300000000.0,6699999999.999996,41735207.432942,19212999.650246,264710.483868,58739356.605084,0.0,25174009.992457,25174009.981653,0.022367,220290.75044200005,492968.1864783772,110145.37522699998,170110.0482954657,300000.0,False,True
966,4,0,1,NORMAL,0.012888182017413135,0.012879306710182612,0.01266381346904697,1.0177172973144755,3300000000.0,6699999999.999996,41790584.447855,19239820.700493,265311.561142,58816463.037717,0.0,25207055.605498,25207055.594679,0.020131,220304.086861,493037.1798467498,110152.04343800001,170117.0593391667,300000.0,False,True
967,4,0,1,NORMAL,0.01288870293957948,0.012879912918530799,0.01268059592643394,1.0164114537165971,3300000000.0,6699999999.999996,41845966.557232,19266648.281545,265913.434981,58893574.090701,0.0,25240103.199651,25240103.188814,0.020131,220317.29425600002,493105.50574692927,110158.647137,170124.00262985338,300000.0,False,True
968,4,0,1,NORMAL,0.01288921882470626,0.012880513299574377,0.012697379918160605,1.015108542690077,3300000000.0,6699999999.999996,41901353.72993,19293482.381234,266516.105458,58970689.721542,0.0,25273152.755739,25273152.744888,0.020131,220330.37384400005,493173.17045132455,110165.18692899999,170130.87880244915,300000.0,False,True
969,4,0,1,NORMAL,0.012889729720108073,0.012881107907350744,0.012714165434879394,1.013808557559511,3300000000.0,6699999999.999996,41956745.935102,19320322.987512,267119.572645,59047809.885928,0.0,25306204.254772,25306204.24391,0.020131,220343.32682699998,493240.1801770152,110171.663419,170137.68848612264,300000.0,False,True
970,4,0,1,NORMAL,0.012890235672668582,0.012881696795435767,0.012730952467329394,1.0125114916380331,3300000000.0,6699999999.999996,42012143.142187,19347170.088456,267723.836615,59124934.539962,0.0,25339257.67794,25339257.667063,0.020131,220356.154389,493306.54108616756,110178.07720200001,170144.43230542657,300000.0,False,True
971,4,0,1,NORMAL,0.012890736728790448,0.012882280016942521,0.012747741006336364,1.0112173382235337,3300000000.0,6699999999.999996,42067545.32091,19374023.672265,268328.897439,59202063.640159,0.0,25372313.006607,25372312.995718,0.020131,220368.85771600003,493372.25928645063,110184.42886399999,170151.11087922528,300000.0,False,True
972,4,0,1,NORMAL,0.012891232934580778,0.012882857624532087,0.012764531042815453,1.0099260906131478,3300000000.0,6699999999.999996,42122952.441291,19400883.727256,268934.755188,59279197.143449,0.0,25405370.222314,25405370.211409,0.020131,220381.437978,493437.34083144856,110190.71899700002,170157.7248200339,300000.0,False,True
973,4,0,1,NORMAL,0.012891724335653882,0.012883429670410913,0.01278132256776515,1.0086377420883788,3300000000.0,6699999999.999996,42178364.473625,19427750.241869,269541.409932,59356335.009175,0.0,25438429.306777,25438429.295856,0.018118,220393.89633599998,493501.7917210734,110196.948176,170164.27473646626,300000.0,False,True
974,4,0,1,NORMAL,0.012892210977198764,0.01288399620633271,0.012798115572270606,1.0073522859202828,3300000000.0,6699999999.999996,42233781.388493,19454623.204661,270148.861742,59433477.191051,0.0,25471490.241875,25471490.230944,0.018118,220406.233938,493565.6179019738,110203.11697399999,170170.76123063124,300000.0,False,True
975,4,0,1,NORMAL,0.012892692904108431,0.012884557283608563,0.012814910047499697,1.0060697153800084,3300000000.0,6699999999.999996,42289203.156749,19481502.604306,270757.110688,59510623.64922,0.0,25504553.009673,25504552.998729,0.018118,220418.451921,493628.8252679442,110209.22596700002,170177.18489902368,300000.0,False,True
976,4,0,1,NORMAL,0.012893170160827852,0.012885112953106582,0.012831705984704546,1.0047900237268974,3300000000.0,6699999999.999996,42344629.749525,19508388.429594,271366.156839,59587774.34221,0.0,25537617.5924,25537617.581438,0.018118,220430.551416,493691.41966033063,110215.275717,170183.5463342313,300000.0,False,True
977,4,0,1,NORMAL,0.012893642791322331,0.012885663265249534,0.012848503375220909,1.0035132042062171,3300000000.0,6699999999.999996,42400061.138229,19535280.669435,271976.000264,59664929.228947,0.0,25570683.972441,25570683.961467,0.018118,220442.53354399998,493753.40686843527,110221.266778,170189.84612292764,300000.0,False,True
978,4,0,1,NORMAL,0.01289411083927781,0.012886208270025552,0.01286530221046606,1.0022392500650559,3300000000.0,6699999999.999996,42455497.294538,19562179.312846,272586.641032,59742088.268739,0.0,25603752.13236,25603752.121376,0.018118,220454.39941199997,493814.79262991884,110227.19971100001,170196.08484545478,300000.0,False,True
979,4,0,1,NORMAL,0.012894574347975599,0.012886748016990072,0.012882102481938485,1.0009681545426765,3300000000.0,6699999999.999996,42510938.190397,19589084.34896,273198.07921,59819251.421278,0.0,25636822.054886,25636822.043891,0.018118,220466.15011900006,493875.5826312018,110233.07506499998,170202.2630784671,300000.0,False,True
980,4,0,1,NORMAL,0.01289890418121697,0.012887532285649874,0.01289890418121697,1.0,3300000000.0,6699999999.999996,42566383.798016,19615995.767026,273810.314867,59896418.648452,0.0,25669893.722904,25669893.711903,0.016307,220477.786756,493935.7825078629,110238.89338099999,170208.38139327793,300000.0,False,True
981,4,0,1,NORMAL,0.012915707299959698,0.012889350028508573,0.012915707299959698,1.0,3300000000.0,6699999999.999996,42621834.089867,19642913.556401,274423.34807,59973589.907089,0.0,25702967.119472,25702967.108462,0.016307,220489.310401,493995.3978450363,110244.655205,170265.53519206398,300000.0,False,True
982,4,0,1,NORMAL,0.012932511829904849,0.012892134660856721,0.012932511829904849,1.0,3300000000.0,6699999999.999996,42677289.038686,19669837.706552,275037.178886,60050765.159829,0.0,25736042.227802,25736042.216777,0.016307,220500.72212500003,494054.4341778065,110250.36107000001,170487.33635946803,300000.0,False,True
983,4,0,1,NORMAL,0.012949317762869393,0.012895823893244635,0.012949317762869393,1.0,3300000000.0,6699999999.999996,42732748.617469,19696768.207057,275651.807381,60127944.367871,0.0,25769119.031256,25769119.020223,0.016307,220512.02298399998,494112.8969916014,110256.01149599999,170709.156154744,300000.0,False,True
984,4,0,1,NORMAL,0.01296612509074697,0.012900359454373818,0.01296612509074697,1.0,3300000000.0,6699999999.999996,42788212.799465,19723705.0476,276267.233622,60205127.492779,0.0,25802197.513374,25802197.502325,0.016307,220523.21403600005,494170.79172258347,110261.607026,170930.994469876,300000.0,False,True
985,4,0,1,NORMAL,0.012982933805509697,0.012905686831866457,0.012982933805509697,1.0,3300000000.0,6699999999.999996,42843681.558182,19750648.217975,276883.457675,60282314.496487,0.0,25835277.657832,25835277.64677,0.016307,220534.296319,494228.1237580389,110267.14816600001,171152.85119786,300000.0,False,True
986,4,0,1,NORMAL,0.012999743899204243,0.012911755029759218,0.012999743899204243,1.0,3300000000.0,6699999999.999996,42899154.867374,19777597.708082,277500.479605,60359505.341285,0.0,25868359.448472,25868359.437397,0.016307,220545.270863,494284.8984367646,110272.63543799997,171374.72623272802,300000.0,False,True
987,4,0,1,NORMAL,0.013016555363954544,0.012918516341642788,0.013016555363954544,1.0,3300000000.0,6699999999.999996,42954632.70105,19804553.507927,278118.299477,60436699.991456,0.0,25901442.869286,25901442.858197,0.014677,220556.13869600004,494341.1210494538,110278.069355,171596.619469496,300000.0,False,True
988,4,0,1,NORMAL,0.013033368191959091,0.012925926138437389,0.013033368191959091,1.0,3300000000.0,6699999999.999996,43010115.033465,19831515.607617,278736.917355,60513898.406742,0.0,25934527.904419,25934527.893318,0.014677,220566.90082600003,494396.79683907854,110283.450419,171818.5308042,300000.0,False,True
989,4,0,1,NORMAL,0.013050182375490302,0.012933942669860157,0.013050182375490302,1.0,3300000000.0,6699999999.999996,43065601.839118,19858483.997367,279356.333304,60591100.552132,0.0,25967614.538166,25967614.527053,0.014677,220577.55826199995,494451.9310012713,110288.77913700002,172040.46013386,300000.0,False,True
990,4,0,1,NORMAL,0.013066997906893939,0.012942526878701047,0.013066997906893939,1.0,3300000000.0,6699999999.999996,43121093.09275,19885458.667489,279976.547389,60668306.391326,0.0,26000702.754975,26000702.743848,0.014677,220588.11199199996,494506.52868470346,110294.05600300002,172262.407356472,300000.0,False,True
991,4,0,1,NORMAL,0.013083814778589092,0.012951642227080923,0.013083814778589092,1.0,3300000000.0,6699999999.999996,43176588.769344,19912439.608403,280597.559672,60745515.888375,0.0,26033792.539437,26033792.528295,0.014677,220598.56300700005,494560.59499146306,110299.28151099998,172484.372371,300000.0,False,True
992,4,0,1,NORMAL,0.013100632983067574,0.012961254533918772,0.013100632983067574,1.0,3300000000.0,6699999999.999996,43232088.844123,19939426.810627,281219.370217,60822729.007672,0.0,26066883.87629,26066883.865134,0.014677,220608.91228599995,494614.13497742923,110304.45615000001,172706.355077376,300000.0,False,True
993,4,0,1,NORMAL,0.013117452512892423,0.012971331822884815,0.013117452512892423,1.0,3300000000.0,6699999999.999996,43287593.292545,19966420.26478,281841.979087,60899945.713949,0.0,26099976.750416,26099976.739251,0.014677,220619.160797,494667.153652645,110309.58040300001,172928.355376492,300000.0,False,True
994,4,0,1,NORMAL,0.013134273360697273,0.01298184418016304,0.013134273360697273,1.0,3300000000.0,6699999999.999996,43343102.090301,19993419.961579,282465.386344,60977165.973738,0.0,26133071.146848,26133071.135672,0.01321,220629.309497,494719.6559816884,110314.654754,173150.37317017998,300000.0,False,True
995,4,0,1,NORMAL,0.013151095519187576,0.012992763621390431,0.013151095519187576,1.0,3300000000.0,6699999999.999996,43398615.213319,20020425.891836,283089.592051,61054389.749505,0.0,26166167.050757,26166167.03957,0.01321,220639.35934100003,494771.6468840409,110319.67967600001,173372.408361204,300000.0,False,True
996,4,0,1,NORMAL,0.013167918981136364,0.013004063967180492,0.013167918981136364,1.0,3300000000.0,6699999999.999996,43454132.63775,20047438.046466,283714.59627,61131617.008445,0.0,26199264.447454,26199264.436257,0.01321,220649.31126399996,494823.13123445417,110324.655637,173594.46085327602,300000.0,False,True
997,4,0,1,NORMAL,0.013184743739388181,0.013015720726677763,0.013184743739388181,1.0,3300000000.0,6699999999.999996,43509654.339981,20074456.416476,284340.399062,61208847.716616,0.0,26232363.322391,26232363.311185,0.01321,220659.16620699997,494874.113863314,110329.583108,173816.530551,300000.0,False,True
998,4,0,1,NORMAL,0.013201569786853029,0.013027710988624553,0.013201569786853029,1.0,3300000000.0,6699999999.999996,43565180.296615,20101480.992972,284967.000488,61286081.840394,0.0,26265463.661166,26265463.649945,0.01321,220668.92509099998,494924.59955700365,110334.462553,174038.61735992398,300000.0,False,True
999,4,0,1,NORMAL,0.013218397116512121,0.01304001331945601,0.013218397116512121,1.0,3300000000.0,6699999999.999996,43620710.48449,20128511.76715,285594.400609,61363319.346483,0.0,26298565.449503,26298565.438265,0.01321,220678.58883500003,494974.5930582632,110339.294426,174260.72118646,300000.0,False,True
1000,4,0,1,NORMAL,0.013235225721410908,0.013052607667969231,0.013235225721410908,1.0,3300000000.0,6699999999.999996,43676244.880656,20155548.730304,286222.599486,61440560.201899,0.0,26331668.673268,26331668.662014,0.01321,220688.158346,495024.0990665479,110344.079181,174482.84193796,300000.0,False,True
1001,4,0,1,NORMAL,0.013252055594664545,0.013065475276143122,0.013252055594664545,1.0,3300000000.0,6699999999.999996,43731783.462393,20182591.873816,286851.597178,61517804.3753,0.0,26364773.318459,26364773.307188,0.011889,220697.6345249999,495073.1222383844,110348.81727100002,174704.979522624,300000.0,False,True
1002,4,0,1,NORMAL,0.01326888672945091,0.013078598595711368,0.01326888672945091,1.0,3300000000.0,6699999999.999996,43787326.207188,20209641.18917,287481.393746,61595051.831691,0.0,26397879.371207,26397879.359924,0.011889,220707.018266,495121.6671877244,110353.50913900002,174927.133849572,300000.0,False,True
1003,4,0,1,NORMAL,0.013285719119015453,0.013091961210118084,0.013285719119015453,1.0,3300000000.0,6699999999.999996,43842873.092751,20236696.667928,288111.989249,61672302.540344,0.0,26430986.817783,26430986.806487,0.011889,220716.310445,495169.7384862961,110358.15522900001,175149.304828752,300000.0,False,True
1004,4,0,1,NORMAL,0.013302552756667273,0.013105547761508353,0.013302552756667273,1.0,3300000000.0,6699999999.999996,43898424.097002,20263758.301751,288743.383747,61749556.469523,0.0,26464095.644583,26464095.633275,0.011889,220725.511946,495217.34066395415,110362.755979,175371.492371004,300000.0,False,True
1005,4,0,1,NORMAL,0.01331938763578,0.013119343882429106,0.01331938763578,1.0,3300000000.0,6699999999.999996,43953979.198074,20290826.082387,289375.577298,61826813.587792,0.0,26497205.838139,26497205.826816,0.011889,220734.62363499997,495264.4782090269,110367.31182500001,175593.69638800801,300000.0,False,True
1006,4,0,1,NORMAL,0.013336223749791213,0.01313333613193634,0.013336223749791213,1.0,3300000000.0,6699999999.999996,44009538.374311,20317900.001672,290008.569961,61904073.864017,0.0,26530317.385107,26530317.373766,0.011889,220743.64636800005,495311.15556866163,110371.823193,175815.916792296,300000.0,False,True
1007,4,0,1,NORMAL,0.013353061092199999,0.013147511935824318,0.013353061092199999,1.0,3300000000.0,6699999999.999996,44065101.60426,20344980.051533,290642.361795,61981337.267362,0.0,26563430.27227,26563430.260912,0.011889,220752.58099899997,495357.37714916724,110376.29050800002,176038.153497244,300000.0,False,True
1008,4,0,1,NORMAL,0.013369899656571213,0.013161859530711214,0.013369899656571213,1.0,3300000000.0,6699999999.999996,44120668.866685,20372066.223981,291276.952857,62058603.768479,0.0,26596544.486533,26596544.475164,0.010701,220761.428373,495403.147316356,110380.71419200001,176260.40641703998,300000.0,False,True
1009,4,0,1,NORMAL,0.013386739436528182,0.013176367911731665,0.013386739436528182,1.0,3300000000.0,6699999999.999996,44176240.140543,20399158.511113,291912.343205,62135873.33474,0.0,26629660.014941,26629660.003559,0.010701,220770.189325,495448.47039588157,110385.09466899998,176482.67546674,300000.0,False,True
1010,4,0,1,NORMAL,0.013403580425757577,0.013191026783604306,0.013403580425757577,1.0,3300000000.0,6699999999.999996,44231815.405,20426256.905112,292548.532896,62213145.937376,0.0,26662776.844653,26662776.833258,0.010701,220778.864683,495493.35067357606,110389.43234800003,176704.960562172,300000.0,False,True
1011,4,0,1,NORMAL,0.013420422618004546,0.013205826514855936,0.013420422618004546,1.0,3300000000.0,6699999999.999996,44287394.639415,20453361.398247,293185.521988,62290421.546714,0.0,26695894.962957,26695894.951545,0.010701,220787.45526699998,495537.7923957844,110393.72764200001,176927.26162,300000.0,False,True
1012,4,0,1,NORMAL,0.013437266007077576,0.013220758094999268,0.013437266007077576,1.0,3300000000.0,6699999999.999996,44342977.823356,20480471.982872,293823.310537,62367700.133373,0.0,26729014.35725,26729014.345826,0.010701,220795.96189200005,495581.79976969614,110397.980952,177149.57855766002,300000.0,False,True
1013,4,0,1,NORMAL,0.013454110586841818,0.013235813094472982,0.013454110586841818,1.0,3300000000.0,6699999999.999996,44398564.936578,20507588.651423,294461.8986,62444981.668247,0.0,26762135.015062,26762135.003629,0.010701,220804.38536299998,495625.3769636764,110402.192686,177371.91129342403,300000.0,False,True
1014,4,0,1,NORMAL,0.013470956351223333,0.013250983627166554,0.013470956351223333,1.0,3300000000.0,6699999999.999996,44454155.959037,20534711.396414,295101.286233,62522266.12251,0.0,26795256.924046,26795256.912598,0.010701,220812.72647899998,495668.5281075934,110406.36324700002,177594.259746312,300000.0,False,True
1015,4,0,1,NORMAL,0.013487803294207273,0.01326626231536273,0.013487803294207273,1.0,3300000000.0,6699999999.999996,44509750.870884,20561840.210447,295741.473492,62599553.46869,0.0,26828380.071956,26828380.060499,0.009631,220820.986031,495711.257293144,110410.49302000001,177816.623836148,300000.0,False,True
1016,4,0,1,NORMAL,0.01350465140983303,0.01328164225694146,0.01350465140983303,1.0,3300000000.0,6699999999.999996,44565349.652449,20588975.086201,296382.460433,62676843.676365,0.0,26861504.446691,26861504.435216,0.009631,220829.16480199996,495753.56857417786,110414.58240999999,178039.003483536,300000.0,False,True
1017,4,0,1,NORMAL,0.013521500692201514,0.013297116994700172,0.013521500692201514,1.0,3300000000.0,6699999999.999996,44620952.284265,20616116.01644,297024.247111,62754136.718611,0.0,26894630.036233,26894630.024749,0.009631,220837.263567,495795.46596701845,110418.631788,178261.398609796,300000.0,False,True
1018,4,0,1,NORMAL,0.013538351135469393,0.013312680487653026,0.013538351135469393,1.0,3300000000.0,6699999999.999996,44676558.747049,20643262.994,297666.833581,62831432.567693,0.0,26927756.828704,26927756.817212,0.009631,220845.28309799999,495836.9534507831,110422.64155299998,178483.80913706,300000.0,False,True
1019,4,0,1,NORMAL,0.013555202733849091,0.013328327084181805,0.013555202733849091,1.0,3300000000.0,6699999999.999996,44732169.021702,20670416.0118,298310.219898,62908731.196144,0.0,26960884.812337,26960884.800832,0.009631,220853.224155,495878.0349676992,110426.61208400001,178706.234988196,300000.0,False,True
1020,4,0,1,NORMAL,0.01357205548161,0.01334405149691911,0.01357205548161,1.0,3300000000.0,6699999999.999996,44787783.089313,20697575.062836,298954.406116,62986032.576766,0.0,26994013.975469,26994013.963951,0.009631,220861.087495,495918.7144234201,110430.54375399998,178928.676086808,300000.0,False,True
1021,4,0,1,NORMAL,0.013588909373074547,0.013359848779251718,0.013588909373074547,1.0,3300000000.0,6699999999.999996,44843400.931146,20724740.140182,299599.39229,63063336.682614,0.0,27027144.306558,27027144.295029,0.009631,220868.873863,495958.99568733724,110434.43693700002,179151.132357252,300000.0,False,True
1022,4,0,1,NORMAL,0.013605764402621817,0.013375714303340112,0.013605764402621817,1.0,3300000000.0,6699999999.999996,44899022.528652,20751911.23699,300245.178474,63140643.487975,0.0,27060275.794164,27060275.782628,0.008668,220876.58400099995,495998.88259289187,110438.292004,179373.603724584,300000.0,False,True
1023,4,0,1,NORMAL,0.013622620564684848,0.013391643739555903,0.013622620564684848,1.0,3300000000.0,6699999999.999996,44954647.86346,20779088.346484,300891.764722,63217952.964497,0.0,27093408.426973,27093408.41542,0.008668,220884.21864499996,496038.3789378825,110442.10933099999,179596.090114608,300000.0,False,True
1024,4,0,1,NORMAL,0.013639477853750302,0.013407633037245865,0.013639477853750302,1.0,3300000000.0,6699999999.999996,45010276.917376,20806271.461968,301539.151087,63295265.086976,0.0,27126542.19376,27126542.182195,0.008668,220891.77851999996,496077.48848477216,110445.889266,179818.59145384,300000.0,False,True
1025,4,0,1,NORMAL,0.013656336264358486,0.013423678406737003,0.013656336264358486,1.0,3300000000.0,6699999999.999996,45065909.672383,20833460.576815,302187.337622,63372579.829494,0.0,27159677.083424,27159677.071843,0.008668,220899.26434800003,496116.21496099245,110449.63218200002,180041.10766950398,300000.0,False,True
1026,4,0,1,NORMAL,0.013673195791103637,0.013439776302502593,0.013673195791103637,1.0,3300000000.0,6699999999.999996,45121546.110642,20860655.684473,302836.32438,63449897.166387,0.0,27192813.084958,27192813.073366,0.008668,220906.67684300002,496154.5620592459,110453.338427,180263.638689532,300000.0,False,True
1027,4,0,1,NORMAL,0.013690056428630302,0.013455923407414059,0.013690056428630302,1.0,3300000000.0,6699999999.999996,45177186.21448,20887856.778463,303486.111414,63527217.072233,0.0,27225950.187471,27225950.175871,0.008668,220914.01671000003,496192.5334378054,110457.00835900001,180486.18444256802,300000.0,False,True
1028,4,0,1,NORMAL,0.01370691817163394,0.01347211661800889,0.01370691817163394,1.0,3300000000.0,6699999999.999996,45232829.966392,20915063.852383,304136.698777,63604539.521856,0.0,27259088.380182,27259088.368565,0.008668,220921.28465100005,496230.1327208133,110460.64233399999,180708.74485791998,300000.0,False,True
1029,4,0,1,NORMAL,0.013723781014865453,0.013488353030709313,0.013723781014865453,1.0,3300000000.0,6699999999.999996,45288477.349056,20942276.899897,304788.086521,63681864.491195,0.0,27292227.652393,27292227.640766,0.007802,220928.48135799996,496267.3634985761,110464.240684,180931.31986556802,300000.0,False,True
1030,4,0,1,NORMAL,0.013740644953122728,0.013504629928929535,0.013740644953122728,1.0,3300000000.0,6699999999.999996,45344128.345305,20969495.914743,305440.274697,63759191.953825,0.0,27325367.993531,27325367.981892,0.007802,220935.60752399996,496304.22932785907,110467.803768,181153.909396224,300000.0,False,True
1031,4,0,1,NORMAL,0.013757509981256667,0.013520944771015158,0.013757509981256667,1.0,3300000000.0,6699999999.999996,45399782.938147,20996720.890728,306093.263358,63836521.886162,0.0,27358509.393113,27358509.381463,0.007802,220942.66382699998,496340.73373217694,110471.331919,181376.51338122002,300000.0,False,True
1032,4,0,1,NORMAL,0.01377437609416606,0.013537295178960377,0.01377437609416606,1.0,3300000000.0,6699999999.999996,45455441.110748,21023951.821729,306747.052554,63913854.263988,0.0,27391651.840763,27391651.829101,0.007802,220949.65094000002,496376.88020208426,110474.82547600001,181599.131752588,300000.0,False,True
1033,4,0,1,NORMAL,0.013791243286799697,0.013553678927853238,0.013791243286799697,1.0,3300000000.0,6699999999.999996,45511102.846439,21051188.701692,307401.642338,63991189.063321,0.0,27424795.326203,27424795.314527,0.007802,220956.56953200002,496412.6721954626,110478.284773,181821.76444299202,300000.0,False,True
1034,4,0,1,NORMAL,0.013808111554156363,0.013570093936001826,0.013808111554156363,1.0,3300000000.0,6699999999.999996,45566768.128716,21078431.524631,308057.03276,64068526.260411,0.0,27457939.839254,27457939.827562,0.007802,220963.420266,496448.11313780566,110481.71014099997,182044.411385756,300000.0,False,True
1035,4,0,1,NORMAL,0.013824980891282727,0.01358653825569737,0.013824980891282727,1.0,3300000000.0,6699999999.999996,45622436.941233,21105680.284627,308713.223871,64145865.831736,0.0,27491085.369836,27491085.358128,0.007802,220970.20379800003,496483.2064225024,110485.10190699999,182267.072514864,300000.0,False,True
1036,4,0,1,NORMAL,0.013841851293273635,0.013603010064573259,0.013841851293273635,1.0,3300000000.0,6699999999.999996,45678109.267803,21132934.975832,309370.215721,64223207.754786,0.0,27524231.90796,27524231.89624,0.007022,220976.920776,496517.9554111189,110488.460394,182489.74776493202,300000.0,False,True
1037,4,0,1,NORMAL,0.01385872275527091,0.013619507657521495,0.01385872275527091,1.0,3300000000.0,6699999999.999996,45733785.092394,21160195.59246,310028.008361,64300552.00493,0.0,27557379.443744,27557379.432016,0.007022,220983.57184799996,496552.3634336769,110491.78592799998,182712.43707121199,300000.0,False,True
1038,4,0,1,NORMAL,0.013875595272464545,0.013636029439130726,0.013875595272464545,1.0,3300000000.0,6699999999.999996,45789464.399133,21187462.128793,310686.601841,64377898.560104,0.0,27590527.967399,27590527.955661,0.007022,220990.157648,496586.4337889309,110495.078829,182935.14036957602,300000.0,False,True
1039,4,0,1,NORMAL,0.013892468840090303,0.013652573916611989,0.013892468840090303,1.0,3300000000.0,6699999999.999996,45845147.172298,21214734.579178,311345.99621,64455247.397683,0.0,27623677.469232,27623677.457478,0.007022,220996.678808,496620.1697446434,110498.33941199997,183157.857596532,300000.0,False,True
1040,4,0,1,NORMAL,0.013909343453431214,0.013669139693180973,0.013909343453431214,1.0,3300000000.0,6699999999.999996,45900833.396323,21242012.938026,312006.191519,64532598.495264,0.0,27656827.939634,27656827.927869,0.007022,221003.135955,496653.5745378576,110501.567983,183380.588689192,300000.0,False,True
1041,4,0,1,NORMAL,0.013926219107815151,0.01368572546186705,0.013926219107815151,1.0,3300000000.0,6699999999.999996,45956523.05579,21269297.199814,312667.187816,64609951.830658,0.0,27689979.369103,27689979.357321,0.007022,221009.529709,496686.6513751685,110504.764863,183603.333585292,300000.0,False,True
1042,4,0,1,NORMAL,0.013943095798616667,0.013702329999721867,0.013943095798616667,1.0,3300000000.0,6699999999.999996,46012216.135435,21296587.359079,313328.985152,64687307.381893,0.0,27723131.748213,27723131.736421,0.007022,221015.86067999998,496719.4034329918,110507.93034499999,183826.09222316,300000.0,False,True
1043,4,0,1,NORMAL,0.013959973521254243,0.013718952162401377,0.013959973521254243,1.0,3300000000.0,6699999999.999996,46067912.620139,21323883.410425,313991.583575,64764665.127911,0.0,27756285.067644,27756285.05584,0.00632,221022.12948199996,496751.8338578308,110511.064747,184048.86454174,300000.0,False,True
1044,4,0,1,NORMAL,0.01397685227119091,0.013735590879097476,0.01397685227119091,1.0,3300000000.0,6699999999.999996,46123612.49493,21351185.348514,314654.983133,64842025.045757,0.0,27789439.318161,27789439.306345,0.00632,221028.33671399998,496783.94576654065,110514.16836299999,184271.650480556,300000.0,False,True
1045,4,0,1,NORMAL,0.013993732043934243,0.013752245147796624,0.013993732043934243,1.0,3300000000.0,6699999999.999996,46179315.744983,21378493.168072,315319.183875,64919387.114792,0.0,27822594.490622,27822594.478785,0.00632,221034.48297099996,496815.7422465922,110517.24149600002,184494.44997972,300000.0,False,True
1046,4,0,1,NORMAL,0.014010612835036363,0.013768914030844348,0.014010612835036363,1.0,3300000000.0,6699999999.999996,46235022.35562,21405806.863886,315984.18585,64996751.313886,0.0,27855750.575961,27855750.564109,0.00632,221040.56885100002,496847.2263563321,110520.284433,184717.262979932,300000.0,False,True
1047,4,0,1,NORMAL,0.014027494640092425,0.013785596650795836,0.014027494640092425,1.0,3300000000.0,6699999999.999996,46290732.312305,21433126.430802,316649.989106,65074117.622111,0.0,27888907.56521,27888907.553345,0.00632,221046.59493499997,496878.4011252417,110523.29747400002,184940.08942248,300000.0,False,True
1048,4,0,1,NORMAL,0.014044377454738483,0.013802292186534072,0.014044377454738483,1.0,3300000000.0,6699999999.999996,46346445.600637,21460451.86373,317316.59369,65151486.018738,0.0,27922065.449492,27922065.437611,0.00632,221052.56180199998,496909.26955419447,110526.280909,185162.92924922,300000.0,False,True
1049,4,0,1,NORMAL,0.014061261274655757,0.013818999869638696,0.014061261274655757,1.0,3300000000.0,6699999999.999996,46402162.206364,21487783.157632,317983.999651,65228856.483244,0.0,27955224.220006,27955224.208112,0.00632,221058.47002699997,496939.83461571,110529.23502,185385.78240254798,300000.0,False,True
1050,4,0,1,NORMAL,0.014078146095566062,0.013835718980988851,0.014078146095566062,1.0,3300000000.0,6699999999.999996,46457882.115368,21515120.307538,318652.207036,65306228.995937,0.0,27988383.868042,27988383.856137,0.005688,221064.32018300003,496970.0992542079,110532.160097,185608.648825456,300000.0,False,True
1051,4,0,1,NORMAL,0.014095031913233334,0.01385244884758527,0.014095031913233334,1.0,3300000000.0,6699999999.999996,46513605.31367,21542463.308529,319321.215892,65383603.535424,0.0,28021544.384978,28021544.373057,0.005688,221070.11283000003,497000.0663862581,110535.05642299999,185831.52846147201,300000.0,False,True
1052,4,0,1,NORMAL,0.01411191872346212,0.013869188839577325,0.01411191872346212,1.0,3300000000.0,6699999999.999996,46569331.787425,21569812.155747,319991.026266,65460980.082404,0.0,28054705.762271,28054705.750331,0.005688,221075.848527,497029.73890082986,110537.924273,186054.42125468,300000.0,False,True
1053,4,0,1,NORMAL,0.014128806522099394,0.013885938367481976,0.014128806522099394,1.0,3300000000.0,6699999999.999996,46625061.522928,21597166.844389,320661.638205,65538358.617138,0.0,28087867.991459,28087867.979501,0.005688,221081.52782599998,497059.11965953925,110540.76392200001,186277.3271497,300000.0,False,True
1054,4,0,1,NORMAL,0.014145695305031817,0.013902696879581965,0.014145695305031817,1.0,3300000000.0,6699999999.999996,46680794.506605,21624527.369711,321333.051756,65615739.12008,0.0,28121031.064164,28121031.052189,0.005688,221087.15127700003,497088.21149689425,110543.575647,186500.246091712,300000.0,False,True
1055,4,0,1,NORMAL,0.014162585068186061,0.013919463859491908,0.014162585068186061,1.0,3300000000.0,6699999999.999996,46736530.725014,21651893.727026,322005.266965,65693121.571875,0.0,28154194.972089,28154194.960099,0.005688,221092.719425,497117.0172205375,110546.35972,186723.17802642,300000.0,False,True
1056,4,0,1,NORMAL,0.014179475807528787,0.013936238823881385,0.014179475807528787,1.0,3300000000.0,6699999999.999996,46792270.164845,21679265.911699,322678.283879,65770505.953351,0.0,28187359.707023,28187359.695016,0.005688,221098.23280300002,497145.5396114883,110549.11640999997,186946.122900056,300000.0,False,True
1057,4,0,1,NORMAL,0.014196367519066362,0.013953021320344932,0.014196367519066362,1.0,3300000000.0,6699999999.999996,46848012.812919,21706643.919151,323352.102544,65847892.246095,0.0,28220525.260827,28220525.248805,0.00512,221103.69194499997,497173.7814243815,110551.84598000001,187169.08065937998,300000.0,False,True
1058,4,0,1,NORMAL,0.014213260198843638,0.013969810925409366,0.014213260198843638,1.0,3300000000.0,6699999999.999996,46903758.656184,21734027.744861,324026.723006,65925280.430176,0.0,28253691.625443,28253691.613408,0.00512,221109.09738100003,497201.7453877051,110554.54869699999,187392.051251676,300000.0,False,True
1059,4,0,1,NORMAL,0.014230153842943636,0.013986607242669641,0.014230153842943636,1.0,3300000000.0,6699999999.999996,46959507.681714,21761417.384359,324702.145311,66002670.487543,0.0,28286858.792897,28286858.780849,0.00512,221114.449629,497229.43420403625,110557.224821,187615.03462473603,300000.0,False,True
1060,4,0,1,NORMAL,0.014247048447489698,0.014003409901045129,0.014247048447489698,1.0,3300000000.0,6699999999.999996,47015259.876716,21788812.833225,325378.369504,66080062.399764,0.0,28320026.755286,28320026.743227,0.00512,221119.74920899997,497256.8505502748,110559.87461000001,187838.030726856,300000.0,False,True
1061,4,0,1,NORMAL,0.014263944008640908,0.014020218553148084,0.014263944008640908,1.0,3300000000.0,6699999999.999996,47071015.228515,21816214.087097,326055.39563,66157456.148582,0.0,28353195.504791,28353195.492718,0.00512,221124.996632,497283.99707787496,110562.498323,188061.039506864,300000.0,False,True
1062,4,0,1,NORMAL,0.014280840522594849,0.014037032873757554,0.014280840522594849,1.0,3300000000.0,6699999999.999996,47126773.724563,21843621.141665,326733.223735,66234851.715921,0.0,28386365.033665,28386365.021574,0.00512,221130.19240799997,497310.8764130757,110565.096213,188284.06091406,300000.0,False,True
1063,4,0,1,NORMAL,0.014297737985585758,0.014053852558391632,0.014297737985585758,1.0,3300000000.0,6699999999.999996,47182535.352433,21871033.992672,327411.853864,66312249.083881,0.0,28419535.33423,28419535.322125,0.00512,221135.33703599998,497337.4911571289,110567.668525,188507.09489825202,300000.0,False,True
1064,4,0,1,NORMAL,0.014314636393885758,0.014070677321971899,0.014314636393885758,1.0,3300000000.0,6699999999.999996,47238300.099823,21898452.635909,328091.286062,66389648.235247,0.0,28452706.398893,28452706.386774,0.004608,221140.43102,497363.84388652566,110570.21551700002,188730.14140973202,300000.0,False,True
1065,4,0,1,NORMAL,0.014331535743802425,0.014087506897573869,0.014331535743802425,1.0,3300000000.0,6699999999.999996,47294067.954548,21925877.067218,328771.520373,66467049.151439,0.0,28485878.220133,28485878.207998,0.004608,221145.474848,497389.9371532208,110572.73743199998,188953.200399292,300000.0,False,True
1066,4,0,1,NORMAL,0.014348436031680303,0.014104341035258157,0.014348436031680303,1.0,3300000000.0,6699999999.999996,47349838.904545,21953307.282498,329452.556842,66544451.815591,0.0,28519050.790489,28519050.778348,0.004608,221150.46900999997,497415.7734848557,110575.234508,189176.271818192,300000.0,False,True
1067,4,0,1,NORMAL,0.014365337253900304,0.014121179500977006,0.014365337253900304,1.0,3300000000.0,6699999999.999996,47405612.937871,21980743.277686,330134.395514,66621856.210487,0.0,28552224.102595,28552224.090443,0.004608,221155.413993,497441.3553849792,110577.70700199997,189399.35561818,300000.0,False,True
1068,4,0,1,NORMAL,0.01438223940687606,0.014138022075551138,0.01438223940687606,1.0,3300000000.0,6699999999.999996,47461390.042691,22008185.04878,330817.036432,66699262.319077,0.0,28585398.149149,28585398.13698,0.004608,221160.310271,497466.6853332669,110580.155144,189622.451751484,300000.0,False,True
1069,4,0,1,NORMAL,0.01439914248705879,0.014154868553712922,0.01439914248705879,1.0,3300000000.0,6699999999.999996,47517170.207294,22035632.591824,331500.479641,66776670.124486,0.0,28618572.922908,28618572.910725,0.004608,221165.15832199997,497491.76578573795,110582.57916800001,189845.56017076402,300000.0,False,True
1070,4,0,1,NORMAL,0.014416046490934545,0.014171718743211091,0.014416046490934545,1.0,3300000000.0,6699999999.999996,47572953.420084,22063085.902908,332184.725184,66854079.61,0.0,28651748.416707,28651748.404516,0.004608,221169.958618,497516.59917497146,110584.97931300002,190068.680829176,300000.0,False,True
1071,4,0,1,NORMAL,0.014432951415022727,0.014188572463973134,0.014432951415022727,1.0,3300000000.0,6699999999.999996,47628739.669575,22090544.978172,332869.773105,66931490.759525,0.0,28684924.623455,28684924.611257,0.004148,221174.711619,497541.18791031983,110587.35581299999,190291.813680336,300000.0,False,True
1072,4,0,1,NORMAL,0.01444985725587788,0.014205429547321829,0.01444985725587788,1.0,3300000000.0,6699999999.999996,47684528.944397,22118009.813801,333555.623448,67008903.55575,0.0,28718101.536134,28718101.523922,0.004148,221179.41779400004,497565.5343781207,110589.70890399998,190514.9586783,300000.0,False,True
1073,4,0,1,NORMAL,0.014466764010086668,0.014222289835242142,0.014466764010086668,1.0,3300000000.0,6699999999.999996,47740321.233286,22145480.406031,334242.276255,67086317.982902,0.0,28751279.147785,28751279.135557,0.004148,221184.07759000003,497589.6409419076,110592.038803,190738.115777588,300000.0,False,True
1074,4,0,1,NORMAL,0.01448367167427091,0.014239153179695612,0.01448367167427091,1.0,3300000000.0,6699999999.999996,47796116.525094,22172956.751144,334929.731571,67163734.024912,0.0,28784457.451518,28784457.439272,0.004148,221188.69146799998,497613.50994261843,110594.34574299998,190961.284933144,300000.0,False,True
1075,4,0,1,NORMAL,0.01450058024508515,0.014256019441978808,0.01450058024508515,1.0,3300000000.0,6699999999.999996,47851914.808781,22200438.845467,335617.989438,67241151.665864,0.0,28817636.440509,28817636.42825,0.004148,221193.25987300003,497637.1436988023,110596.62994299998,191184.466100376,300000.0,False,True
1076,4,0,1,NORMAL,0.014517489719216669,0.014272888492123187,0.014517489719216669,1.0,3300000000.0,6699999999.999996,47907716.073415,22227926.685375,336307.049899,67318570.889999,0.0,28850816.108005,28850816.095736,0.004148,221197.78325200002,497660.54450682463,110598.891631,191407.65923512398,300000.0,False,True
1077,4,0,1,NORMAL,0.01453440009338515,0.014289760208333637,0.01453440009338515,1.0,3300000000.0,6699999999.999996,47963520.308171,22255420.267285,336996.912997,67395991.681707,0.0,28883996.447323,28883996.435039,0.004148,221202.26203699998,497683.7146410709,110601.13102599999,191630.86429366,300000.0,False,True
1078,4,0,1,NORMAL,0.014551311364342122,0.014306634476463218,0.014551311364342122,1.0,3300000000.0,6699999999.999996,48019327.502329,22282919.587665,337687.578774,67473414.025953,0.0,28917177.451832,28917177.439536,0.003734,221206.69667,497706.656354148,110603.34834099999,191854.081232684,300000.0,False,True
1079,4,0,1,NORMAL,0.014568223528872423,0.014323511189521878,0.014568223528872423,1.0,3300000000.0,6699999999.999996,48075137.645279,22310424.643019,338379.047272,67550837.906603,0.0,28950359.11498,28950359.10267,0.003734,221211.08758199998,497729.37187708454,110605.54379800001,192077.310009316,300000.0,False,True
1080,4,0,1,NORMAL,0.01458513658379091,0.014340390247216655,0.01458513658379091,1.0,3300000000.0,6699999999.999996,48130950.72651,22337935.429904,339071.318534,67628263.308919,0.0,28983541.430266,28983541.417947,0.003734,221215.435195,497751.8634195294,110607.71760200002,192300.550581116,300000.0,False,True
1081,4,0,1,NORMAL,0.014602050525944545,0.014357271555521682,0.014602050525944545,1.0,3300000000.0,6699999999.999996,48186766.735617,22365451.944914,339764.392602,67705690.217894,0.0,29016724.39127,29016724.378933,0.003734,221219.73994000003,497774.13316994824,110609.86997899998,192523.80290604001,300000.0,False,True
1082,4,0,1,NORMAL,0.014618965352210907,0.014374155026275827,0.014618965352210907,1.0,3300000000.0,6699999999.999996,48242585.662296,22392974.184691,340458.269518,67783118.61867,0.0,29049907.991616,29049907.979263,0.003734,221224.002228,497796.18329581857,110612.001122,192747.066942468,300000.0,False,True
1083,4,0,1,NORMAL,0.014635881059499091,0.01439104057680636,0.014635881059499091,1.0,3300000000.0,6699999999.999996,48298407.496347,22420502.145917,341152.949324,67860548.496534,0.0,29083092.224996,29083092.212633,0.003734,221228.22247799998,497818.01594382373,110614.111244,192970.342649184,300000.0,False,True
1084,4,0,1,NORMAL,0.014652797644747272,0.014407928129576742,0.014652797644747272,1.0,3300000000.0,6699999999.999996,48354232.227666,22448035.825317,341848.432062,67937979.836915,0.0,29116277.085174,29116277.072794,0.003734,221232.40110100002,497839.63324004406,110616.200559,193193.62998538802,300000.0,False,True
1085,4,0,1,NORMAL,0.014669715104925152,0.014424817611857285,0.014669715104925152,1.0,3300000000.0,6699999999.999996,48410059.846253,22475575.219661,342544.717773,68015412.625762,0.0,29149462.565957,29149462.553567,0.003361,221236.53850400003,497861.03729014756,110618.26925699998,193416.928910664,300000.0,False,True
1086,4,0,1,NORMAL,0.01468663343703182,0.014441708955416934,0.01468663343703182,1.0,3300000000.0,6699999999.999996,48465890.342205,22503120.325755,343241.806498,68092846.84804,0.0,29182648.661231,29182648.648829,0.003361,221240.635092,497882.2301795783,110620.31755200001,193640.239385012,300000.0,False,True
1087,4,0,1,NORMAL,0.014703552638094848,0.014458602096234865,0.014703552638094848,1.0,3300000000.0,6699999999.999996,48521723.705713,22530671.140452,343939.698279,68170282.489976,0.0,29215835.36493,29215835.352514,0.003361,221244.691256,497903.2139737437,110622.345635,193863.56136882002,300000.0,False,True
1088,4,0,1,NORMAL,0.014720472705172424,0.014475496974230838,0.014720472705172424,1.0,3300000000.0,6699999999.999996,48577559.927069,22558227.660641,344638.393157,68247719.537562,0.0,29249022.671055,29249022.65862,0.003361,221248.707403,497923.99071819964,110624.35371099997,194086.894822852,300000.0,False,True
1089,4,0,1,NORMAL,0.014737393635351212,0.014492393533012798,0.014737393635351212,1.0,3300000000.0,6699999999.999996,48633398.996659,22585789.883259,345337.891172,68325157.976929,0.0,29282210.573653,29282210.561204,0.003361,221252.683916,497944.5624388347,110626.34196499999,194310.239708276,300000.0,False,True
1090,4,0,1,NORMAL,0.014754315425746666,0.014509291719640792,0.014754315425746666,1.0,3300000000.0,6699999999.999996,48689240.904964,22613357.805276,346038.192366,68402597.794342,0.0,29315399.066839,29315399.054378,0.003361,221256.62118599997,497964.93114205194,110628.31059900002,194533.595986636,300000.0,False,True
1091,4,0,1,NORMAL,0.014771238073502425,0.01452619148440606,0.014771238073502425,1.0,3300000000.0,6699999999.999996,48745085.642558,22640931.423702,346739.296779,68480038.976197,0.0,29348588.144791,29348588.132313,0.003361,221260.51959699998,497985.09881495015,110630.259807,194756.96361985602,300000.0,False,True
1092,4,0,1,NORMAL,0.014788161575790302,0.014543092780624399,0.014788161575790302,1.0,3300000000.0,6699999999.999996,48800933.200108,22668510.73559,347441.204452,68557481.509365,0.0,29381777.801732,29381777.789239,0.003025,221264.379531,498005.067425503,110632.18977300002,194980.342570232,300000.0,False,True
1093,4,0,1,NORMAL,0.014805085929810302,0.014559995564442844,0.014805085929810302,1.0,3300000000.0,6699999999.999996,48856783.568374,22696095.73803,348143.915425,68634925.379837,0.0,29414968.03195,29414968.019438,0.003025,221268.20136099998,498024.8389227361,110634.10068999999,195203.732800432,300000.0,False,True
1094,4,0,1,NORMAL,0.014822011132789394,0.014576899794658751,0.014822011132789394,1.0,3300000000.0,6699999999.999996,48912636.738205,22723686.428151,348847.429739,68712370.574744,0.0,29448158.829781,29448158.817253,0.003025,221271.98545999994,498044.4152369041,110635.99273800002,195427.13427349602,300000.0,False,True
1095,4,0,1,NORMAL,0.014838937181983635,0.014593805432550679,0.014838937181983635,1.0,3300000000.0,6699999999.999996,48968492.700546,22751282.803121,349551.747434,68789817.081014,0.0,29481350.189617,29481350.177081,0.003025,221275.732204,498063.7982796645,110637.86610600002,195650.54695282,300000.0,False,True
1096,4,0,1,NORMAL,0.014855864074673335,0.014610712441719884,0.014855864074673335,1.0,3300000000.0,6699999999.999996,49024351.446422,22778884.860145,350256.86855,68867264.885694,0.0,29514542.10592,29514542.09337,0.003025,221279.44195199996,498082.9899442513,110639.72098299999,195873.970802184,300000.0,False,True
1097,4,0,1,NORMAL,0.01487279180816788,0.014627620787942337,0.01487279180816788,1.0,3300000000.0,6699999999.999996,49080212.966954,22806492.596464,350962.793126,68944713.975965,0.0,29547734.573191,29547734.560627,0.003025,221283.11507000003,498101.99210564635,110641.557542,196097.40578568802,300000.0,False,True
1098,4,0,1,NORMAL,0.014889720379802122,0.014644530439030065,0.014889720379802122,1.0,3300000000.0,6699999999.999996,49136077.253347,22834106.00936,351669.521203,69022164.339132,0.0,29580927.585989,29580927.573409,0.003025,221286.751914,498120.80662074964,110643.37596500001,196320.851867816,300000.0,False,True
1099,4,0,1,NORMAL,0.014906649786937879,0.014661441364701539,0.014906649786937879,1.0,3300000000.0,6699999999.999996,49191944.296895,22861725.096149,352377.05282,69099615.962926,0.0,29614121.138927,29614121.126332,0.002723,221290.35284499996,498139.43532854784,110645.17643,196544.309013388,300000.0,False,True
1100,4,0,1,NORMAL,0.01492358002696303,0.014678353536460347,0.01492358002696303,1.0,3300000000.0,6699999999.999996,49247814.088978,22889349.854185,353085.388016,69177068.834299,0.0,29647315.226663,29647315.214062,0.002723,221293.918212,498157.88005028205,110646.95910899999,196767.77718757998,300000.0,False,True
1101,4,0,1,NORMAL,0.014940511097290304,0.014695266927481635,0.014940511097290304,1.0,3300000000.0,6699999999.999996,49303686.621058,22916980.280856,353794.526831,69254522.941222,0.0,29680509.843924,29680509.831314,0.002723,221297.448359,498176.1425896125,110648.72418400002,196991.25635591202,300000.0,False,True
1102,4,0,1,NORMAL,0.014957442995357879,0.01471218151250591,0.014957442995357879,1.0,3300000000.0,6699999999.999996,49359561.884681,22944616.373588,354504.469305,69331978.27149,0.0,29713704.985483,29713704.972856,0.002723,221300.94363700002,498194.2247327842,110650.471827,197214.74648423202,300000.0,False,True
1103,4,0,1,NORMAL,0.014974375718631819,0.01472909726773984,0.014974375718631819,1.0,3300000000.0,6699999999.999996,49415439.871485,22972258.129839,355215.215476,69409434.813022,0.0,29746900.646152,29746900.63351,0.002723,221304.404387,498212.1282487889,110652.20220100001,197438.247538724,300000.0,False,True
1104,4,0,1,NORMAL,0.014991309264600305,0.014746014170763098,0.014991309264600305,1.0,3300000000.0,6699999999.999996,49471320.573181,22999905.547107,355926.765384,69486892.55385,0.0,29780096.820804,29780096.808149,0.002723,221307.830947,498229.85488952673,110653.91548,197661.75948594,300000.0,False,True
1105,4,0,1,NORMAL,0.015008243630777575,0.014762932200441453,0.015008243630777575,1.0,3300000000.0,6699999999.999996,49527203.981566,23027558.622922,356639.119067,69564351.482125,0.0,29813293.504363,29813293.491693,0.002723,221311.22365300005,498247.4063899668,110655.611834,197885.282292724,300000.0,False,True
1106,4,0,1,NORMAL,0.015025178814701817,0.014779851336845347,0.015025178814701817,1.0,3300000000.0,6699999999.999996,49583090.088516,23055217.354851,357352.276565,69641811.586386,0.0,29846490.691797,29846490.679115,0.002451,221314.582834,498264.7844683053,110657.29142299999,198108.81592626398,300000.0,False,True
1107,4,0,1,NORMAL,0.015042114813936969,0.01479677156117384,0.015042114813936969,1.0,3300000000.0,6699999999.999996,49638978.885992,23082881.740488,358066.237916,69719272.854471,0.0,29879688.378131,29879688.365434,0.002451,221317.90882299998,498281.99082612304,110658.95441900002,198332.360354064,300000.0,False,True
1108,4,0,1,NORMAL,0.015059051626068484,0.014813692855683172,0.015059051626068484,1.0,3300000000.0,6699999999.999996,49694870.366026,23110551.777468,358781.003158,69796735.275146,0.0,29912886.558436,29912886.545723,0.002451,221321.20194399997,498299.02714854135,110660.60098,198555.915543968,300000.0,False,True
1109,4,0,1,NORMAL,0.015075989248709091,0.014830615203620329,0.015075989248709091,1.0,3300000000.0,6699999999.999996,49750764.52074,23138227.463456,359496.57233,69874198.837024,0.0,29946085.227824,29946085.215098,0.002451,221324.46251900005,498315.8951043766,110662.23126599999,198779.481464104,300000.0,False,True
1110,4,0,1,NORMAL,0.01509292767949303,0.014847538589160504,0.01509292767949303,1.0,3300000000.0,6699999999.999996,49806661.342327,23165908.796153,360212.945471,69951663.528826,0.0,29979284.381464,29979284.368725,0.002451,221327.69087099997,498332.59634629334,110663.84544199998,199003.05808296002,300000.0,False,True
1111,4,0,1,NORMAL,0.015109866916078485,0.014864462997348761,0.015109866916078485,1.0,3300000000.0,6699999999.999996,49862560.823059,23193595.773289,360930.122618,70029129.339384,0.0,30012484.014564,30012484.001821,0.002451,221330.887312,498349.13251095626,110665.44365799999,199226.645369308,300000.0,False,True
1112,4,0,1,NORMAL,0.015126806956145454,0.014881388414045323,0.015126806956145454,1.0,3300000000.0,6699999999.999996,49918462.95528,23221288.392627,361648.10381,70106596.257634,0.0,30045684.1224,30045684.109641,0.002451,221334.052156,498365.5052191807,110667.02608599998,199450.243292236,300000.0,False,True
1113,4,0,1,NORMAL,0.015143747797398487,0.014898314825874559,0.015143747797398487,1.0,3300000000.0,6699999999.999996,49974367.731415,23248986.651966,362366.889085,70184064.272875,0.0,30078884.700268,30078884.687495,0.002206,221337.185714,498381.71607608156,110668.592864,199673.85182111998,300000.0,False,True
1114,4,0,1,NORMAL,0.015160689437566061,0.014915242220177238,0.015160689437566061,1.0,3300000000.0,6699999999.999996,50030275.143968,23276690.549133,363086.47848,70261533.373777,0.0,30112085.743518,30112085.730737,0.002206,221340.28829599998,498397.7666712215,110670.144152,199897.47092566002,300000.0,False,True
1115,4,0,1,NORMAL,0.015177631874395456,0.014932170584965512,0.015177631874395456,1.0,3300000000.0,6699999999.999996,50086185.185505,23304400.081988,363806.872034,70339003.549843,0.0,30145287.247561,30145287.234762,0.002206,221343.36019999997,498413.6585787574,110671.680109,200121.100575872,300000.0,False,True
1116,4,0,1,NORMAL,0.015194575105659698,0.014949099908881268,0.015194575105659698,1.0,3300000000.0,6699999999.999996,50142097.848677,23332115.248423,364528.069784,70416474.790448,0.0,30178489.207827,30178489.195019,0.002206,221346.401733,498429.3933575853,110673.200871,200344.74074202002,300000.0,False,True
1117,4,0,1,NORMAL,0.015211519129151817,0.014966030181156787,0.015211519129151817,1.0,3300000000.0,6699999999.999996,50198013.126201,23359836.046359,365250.071768,70493947.085062,0.0,30211691.619814,30211691.606995,0.002206,221349.413191,498444.9725514847,110674.706601,200568.39139470801,300000.0,False,True
1118,4,0,1,NORMAL,0.015228463942688182,0.014982961391578169,0.015228463942688182,1.0,3300000000.0,6699999999.999996,50253931.010871,23387562.473748,365972.878023,70571420.423265,0.0,30244894.479053,30244894.466221,0.002206,221352.39487099997,498460.3976892613,110676.197442,200792.05250480399,300000.0,False,True
1119,4,0,1,NORMAL,0.015245409544104546,0.01499989353045084,0.015245409544104546,1.0,3300000000.0,6699999999.999996,50309851.495545,23415294.528576,366696.488587,70648894.794734,0.0,30278097.78112,30278097.768278,0.002206,221355.34706200004,498475.6702848881,110677.673536,201015.72404348402,300000.0,False,True
1120,4,0,1,NORMAL,0.015262355931260909,0.015016826588567619,0.015262355931260909,1.0,3300000000.0,6699999999.999996,50365774.573161,23443032.208852,367420.903497,70726370.18947,0.0,30311301.521642,30311301.508784,0.001986,221358.27006,498490.7918376458,110679.135038,201239.40598218,300000.0,False,True
1121,4,0,1,NORMAL,0.015279303102037272,0.015033760557178566,0.015279303102037272,1.0,3300000000.0,6699999999.999996,50421700.236723,23470775.51262,368146.12279,70803846.596917,0.0,30344505.696274,30344505.683402,0.001986,221361.16414399998,498505.7638322614,110680.58207900003,201463.098292644,300000.0,False,True
1122,4,0,1,NORMAL,0.015296251054334244,0.015050695427962803,0.015296251054334244,1.0,3300000000.0,6699999999.999996,50477628.479303,23498524.437954,368872.146504,70881324.007276,0.0,30377710.300726,30377710.287838,0.001986,221364.029606,498520.58773904643,110682.014811,201686.800946892,300000.0,False,True
1123,4,0,1,NORMAL,0.015313199786074847,0.015067631193002291,0.015313199786074847,1.0,3300000000.0,6699999999.999996,50533559.294047,23526278.982954,369598.974675,70958802.410628,0.0,30410915.33074,30410915.317845,0.001986,221366.866725,498535.2650140326,110683.433366,201910.51391721203,300000.0,False,True
1124,4,0,1,NORMAL,0.015330149295199696,0.015084567844756964,0.015330149295199696,1.0,3300000000.0,6699999999.999996,50589492.674159,23554039.14575,370326.60734,71036281.797145,0.0,30444120.782117,30444120.769208,0.001986,221369.67577399997,498549.7970991079,110684.83789400003,202134.237176188,300000.0,False,True
1125,4,0,1,NORMAL,0.01534709957967303,0.015101505376041872,0.01534709957967303,1.0,3300000000.0,6699999999.999996,50645428.612921,23581804.924502,371055.044536,71113762.157107,0.0,30477326.650681,30477326.637759,0.001986,221372.45703899994,498564.1854221498,110686.22852599998,202357.970696636,300000.0,False,True
1126,4,0,1,NORMAL,0.015364050637476668,0.015118443780005408,0.015364050637476668,1.0,3300000000.0,6699999999.999996,50701367.103673,23609576.317397,371784.2863,71191243.480877,0.0,30510532.932313,30510532.919373,0.001986,221375.21078599998,498578.4313971586,110687.605402,202581.714451684,300000.0,False,True
1127,4,0,1,NORMAL,0.015381002466615152,0.015135383050109264,0.015381002466615152,1.0,3300000000.0,6699999999.999996,50757308.13983,23637353.322648,372514.332668,71268725.759121,0.0,30543739.622919,30543739.609962,0.001788,221377.93728699998,498592.53642438847,110688.96865200001,202805.468414692,300000.0,False,True
1128,4,0,1,NORMAL,0.015397955065110606,0.015152323180109352,0.015397955065110606,1.0,3300000000.0,6699999999.999996,50813251.714865,23665135.938502,373245.183677,71346208.982001,0.0,30576946.718454,30576946.70548,0.001788,221380.63681300002,498606.5018904789,110690.31841499999,203029.23255932,300000.0,False,True
1129,4,0,1,NORMAL,0.015414908431006362,0.015169264164038191,0.015414908431006362,1.0,3300000000.0,6699999999.999996,50869197.822321,23692924.163229,373976.839364,71423693.140368,0.0,30610154.214905,30610154.201921,0.001788,221383.30962599997,498620.32916858245,110691.654818,203253.00685946,300000.0,False,True
1130,4,0,1,NORMAL,0.015431862562363332,0.015186205996188203,0.015431862562363332,1.0,3300000000.0,6699999999.999996,50925146.455799,23720717.995125,374709.299764,71501178.22496,0.0,30643362.108315,30643362.095315,0.001788,221385.95598799997,498634.0196184945,110692.97800199999,203476.79128928398,300000.0,False,True
1131,4,0,1,NORMAL,0.015448817457264242,0.015203148671096334,0.015448817457264242,1.0,3300000000.0,6699999999.999996,50981097.608972,23748517.432515,375442.564914,71578664.226614,0.0,30676570.394749,30676570.381736,0.001788,221388.57616300002,498647.57458677853,110694.28808799999,203700.585823196,300000.0,False,True
1132,4,0,1,NORMAL,0.015465773113808486,0.015220092183529377,0.015465773113808486,1.0,3300000000.0,6699999999.999996,51037051.275568,23776322.473754,376176.63485,71656151.136255,0.0,30709779.070318,30709779.057293,0.001788,221391.170408,498660.9954068935,110695.58520999999,203924.390435888,300000.0,False,True
1133,4,0,1,NORMAL,0.015482729530115757,0.015237036528470435,0.015482729530115757,1.0,3300000000.0,6699999999.999996,51093007.449382,23804133.117217,376911.509608,71733638.944895,0.0,30742988.131172,30742988.118137,0.001788,221393.73897799995,498674.283399317,110696.86949399998,204148.205102272,300000.0,False,True
1134,4,0,1,NORMAL,0.015499686704323638,0.015253981701106126,0.015499686704323638,1.0,3300000000.0,6699999999.999996,51148966.124268,23831949.36131,377647.189224,71811127.643813,0.0,30776197.573501,30776197.560452,0.00161,221396.282124,498687.4398716699,110698.141069,204372.029797528,300000.0,False,True
1135,4,0,1,NORMAL,0.015516644634588486,0.015270927696814665,0.015516644634588486,1.0,3300000000.0,6699999999.999996,51204927.294142,23859771.204464,378383.673734,71888617.223843,0.0,30809407.393525,30809407.380464,0.00161,221398.800096,498700.4661188384,110699.40005400001,204595.864497072,300000.0,False,True
1136,4,0,1,NORMAL,0.015533603319086365,0.015287874511154775,0.015533603319086365,1.0,3300000000.0,6699999999.999996,51260890.952985,23887598.645133,379120.963174,71966107.676442,0.0,30842617.587504,30842617.574434,0.00161,221401.29314699996,498713.36342309485,110700.646578,204819.709176568,300000.0,False,True
1137,4,0,1,NORMAL,0.01555056275600909,0.015304822139855054,0.01555056275600909,1.0,3300000000.0,6699999999.999996,51316857.09483,23915431.681801,379859.057579,72043598.99297,0.0,30875828.151742,30875828.138657,0.00161,221403.761517,498726.1330542187,110701.880766,205043.56381194002,300000.0,False,True
1138,4,0,1,NORMAL,0.015567522943568182,0.01532177057880429,0.015567522943568182,1.0,3300000000.0,6699999999.999996,51372825.713775,23943270.312972,380597.956985,72121091.164873,0.0,30909039.082571,30909039.069471,0.00161,221406.205449,498738.7762696152,110703.10273199998,205267.42837932,300000.0,False,True
1139,4,0,1,NORMAL,0.015584483879991817,0.015338719824042195,0.015584483879991817,1.0,3300000000.0,6699999999.999996,51428796.803973,23971114.537181,381337.661428,72198584.183684,0.0,30942250.376362,30942250.363245,0.00161,221408.62518699997,498751.2943144332,110704.312602,205491.30285510002,300000.0,False,True
1140,4,0,1,NORMAL,0.015601445563526968,0.015355669871750889,0.015601445563526968,1.0,3300000000.0,6699999999.999996,51484770.359639,23998964.352983,382078.170943,72276078.041019,0.0,30975462.029519,30975462.016387,0.00161,221411.02096899998,498763.6884216827,110705.51049200002,205715.187215892,300000.0,False,True
1141,4,0,1,NORMAL,0.01561840799243788,0.015372620718246825,0.01561840799243788,1.0,3300000000.0,6699999999.999996,51540746.375045,24026819.758961,382819.485565,72353572.728737,0.0,31008674.038483,31008674.025337,0.001449,221413.393028,498775.95981234993,110706.69652099999,205939.081438556,300000.0,False,True
1142,4,0,1,NORMAL,0.015635371165005758,0.015389572359973208,0.015635371165005758,1.0,3300000000.0,6699999999.999996,51596724.844519,24054680.753717,383561.60533,72431068.238294,0.0,31041886.399733,31041886.386573,0.001449,221415.7416,498788.10969551303,110707.87080700001,206162.98550018002,300000.0,False,True
1143,4,0,1,NORMAL,0.015652335079527877,0.015406524793492865,0.015652335079527877,1.0,3300000000.0,6699999999.999996,51652705.762442,24082547.335883,384304.530273,72508564.561711,0.0,31075099.109781,31075099.096609,0.001449,221418.066918,498800.13926845515,110709.03346500001,206386.899378076,300000.0,False,True
1144,4,0,1,NORMAL,0.015669299734319696,0.015423478015481693,0.015669299734319696,1.0,3300000000.0,6699999999.999996,51708689.123255,24110419.504113,385048.260429,72586061.690929,0.0,31108312.165175,31108312.151986,0.001449,221420.369207,498812.04971677746,110710.184612,206610.82304976796,300000.0,False,True
1145,4,0,1,NORMAL,0.015686265127713636,0.015440432022722465,0.015686265127713636,1.0,3300000000.0,6699999999.999996,51764674.921455,24138297.257084,385792.795833,72663559.617969,0.0,31141525.562493,31141525.549286,0.001449,221422.64869799998,498823.84221451095,110711.324358,206834.75649302,300000.0,False,True
1146,4,0,1,NORMAL,0.015703231258059395,0.015457386812099043,0.015703231258059395,1.0,3300000000.0,6699999999.999996,51820663.151596,24166180.593493,386538.136521,72741058.33493,0.0,31174739.298344,31174739.285125,0.001449,221424.905612,498835.5179242266,110712.45281200002,207058.69968582,300000.0,False,True
1147,4,0,1,NORMAL,0.01572019812372121,0.015474342380590797,0.01572019812372121,1.0,3300000000.0,6699999999.999996,51876653.80828,24194069.512065,387284.282526,72818557.833987,0.0,31207953.369378,31207953.356148,0.001449,221427.140171,498847.0779971459,110713.57009099999,207282.652606384,300000.0,False,True
1148,4,0,1,NORMAL,0.015737165723080305,0.01549129872526754,0.015737165723080305,1.0,3300000000.0,6699999999.999996,51932646.886165,24221964.011546,388031.233884,72896058.107538,0.0,31241167.772279,31241167.759036,0.001305,221429.35260299998,498858.5235732485,110714.676308,207506.61523311998,300000.0,False,True
1149,4,0,1,NORMAL,0.015754134054534547,0.015508255843284767,0.015754134054534547,1.0,3300000000.0,6699999999.999996,51988642.379964,24249864.090705,388778.99063,72973559.147625,0.0,31274382.503759,31274382.490501,0.001305,221431.54311900007,498869.85578138067,110715.771567,207730.58754466003,300000.0,False,True
1150,4,0,1,NORMAL,0.015771103116497272,0.015525213731879123,0.015771103116497272,1.0,3300000000.0,6699999999.999996,52044640.284441,24277769.748335,389527.552798,73051060.946798,0.0,31307597.560563,31307597.547288,0.001305,221433.711937,498881.0757393618,110716.85597700003,207954.569519856,300000.0,False,True
1151,4,0,1,NORMAL,0.01578807290739879,0.015542172388364264,0.01578807290739879,1.0,3300000000.0,6699999999.999996,52100640.594416,24305680.983249,390276.920423,73128563.497541,0.0,31340812.939461,31340812.926176,0.001305,221435.859272,498892.1845540897,110717.929641,208178.561137764,300000.0,False,True
1152,4,0,1,NORMAL,0.015805043425683334,0.015559131810126785,0.015805043425683334,1.0,3300000000.0,6699999999.999996,52156643.304755,24333597.79428,391027.093539,73206066.792403,0.0,31374028.637273,31374028.623971,0.001305,221437.98533099997,498903.1833216456,110718.99267400001,208402.562377664,300000.0,False,True
1153,4,0,1,NORMAL,0.015822014669812423,0.015576091994622633,0.015822014669812423,1.0,3300000000.0,6699999999.999996,52212648.410381,24361520.180289,391778.072181,73283570.824017,0.0,31407244.650832,31407244.637517,0.001305,221440.09033300003,498914.0731273981,110720.04517299999,208626.57321902,300000.0,False,True
1154,4,0,1,NORMAL,0.015838986638261516,0.01559305293937353,0.015838986638261516,1.0,3300000000.0,6699999999.999996,52268655.906263,24389448.140153,392529.856383,73361075.585082,0.0,31440460.977011,31440460.963686,0.001305,221442.174478,498924.85504610545,110721.08724400001,208850.593641524,300000.0,False,True
1155,4,0,1,NORMAL,0.01585595932952212,0.015610014641963764,0.01585595932952212,1.0,3300000000.0,6699999999.999996,52324665.787423,24417381.672772,393282.44618,73438581.068501,0.0,31473677.612713,31473677.599379,0.001175,221444.23797299995,498935.5301420179,110722.118991,209074.62362505202,300000.0,False,True
1156,4,0,1,NORMAL,0.015872932742099395,0.01562697710003703,0.015872932742099395,1.0,3300000000.0,6699999999.999996,52380678.048928,24445320.777069,394035.841606,73516087.266855,0.0,31506894.554877,31506894.54153,0.001175,221446.28102300002,498946.09946897835,110723.140518,209298.663149692,300000.0,False,True
1157,4,0,1,NORMAL,0.015889906874515757,0.015643940311293722,0.015889906874515757,1.0,3300000000.0,6699999999.999996,52436692.685902,24473265.451986,394790.042695,73593594.173193,0.0,31540111.800462,31540111.787101,0.001175,221448.30383199998,498956.5640705224,110724.151923,209522.71219571203,300000.0,False,True
1158,4,0,1,NORMAL,0.01590688172530727,0.015660904273488145,0.01590688172530727,1.0,3300000000.0,6699999999.999996,52492709.693514,24501215.696485,395545.049481,73671101.780498,0.0,31573329.346461,31573329.333087,0.001175,221450.306595,498966.9249799773,110725.15330399999,209746.770743608,300000.0,False,True
1159,4,0,1,NORMAL,0.015923857293023636,0.01567786898442592,0.015923857293023636,1.0,3300000000.0,6699999999.999996,52548729.066978,24529171.509551,396300.861998,73748610.081823,0.0,31606547.189902,31606547.176509,0.001175,221452.289513,498977.1832205601,110726.14476600001,209970.83877405597,300000.0,False,True
1160,4,0,1,NORMAL,0.015940833576230908,0.015694834441961725,0.015940833576230908,1.0,3300000000.0,6699999999.999996,52604750.801562,24557132.89019,397057.48028,73826119.070294,0.0,31639765.327828,31639765.314422,0.001175,221454.25278100002,498987.339805475,110727.12639699999,210194.916267912,300000.0,False,True
1161,4,0,1,NORMAL,0.015957810573508483,0.015711800643997003,0.015957810573508483,1.0,3300000000.0,6699999999.999996,52660774.892578,24585099.837423,397814.904361,73903628.739097,0.0,31672983.757329,31672983.743908,0.001175,221456.196593,498997.39573800977,110728.098304,210419.003206248,300000.0,False,True
1162,4,0,1,NORMAL,0.01597478828345,0.015728767588477844,0.01597478828345,1.0,3300000000.0,6699999999.999996,52716801.335385,24613072.350296,398573.134275,73981139.08161,0.0,31706202.47551,31706202.462076,0.001058,221458.121141,499007.3520116307,110729.06057699997,210643.09957031196,300000.0,False,True
1163,4,0,1,NORMAL,0.01599176670466303,0.015745735273393017,0.01599176670466303,1.0,3300000000.0,6699999999.999996,52772830.125388,24641050.427873,399332.170055,74058650.09092,0.0,31739421.479515,31739421.466065,0.001058,221460.02661400006,499017.20961007755,110730.01331500002,210867.20534154002,300000.0,False,True
1164,4,0,1,NORMAL,0.016008745835769393,0.01576270369677214,0.016008745835769393,1.0,3300000000.0,6699999999.999996,52828861.258039,24669034.06924,400092.011735,74136161.760537,0.0,31772640.766507,31772640.753043,0.001058,221461.91320399995,499026.96950745716,110730.95660900002,211091.320501552,300000.0,False,True
1165,4,0,1,NORMAL,0.016025725675404244,0.01577967285668389,0.016025725675404244,1.0,3300000000.0,6699999999.999996,52884894.728834,24697023.2735,400852.659349,74213674.083916,0.0,31805860.333681,31805860.320204,0.001058,221463.781093,499036.6326683363,110731.890553,211315.44503215599,300000.0,False,True
1166,4,0,1,NORMAL,0.016042706222217876,0.01579664275123447,0.016042706222217876,1.0,3300000000.0,6699999999.999996,52940930.533319,24725018.039773,401614.112931,74291187.054578,0.0,31839080.178255,31839080.164773,0.001058,221465.630467,499046.2000478331,110732.81523600001,211539.57891533602,300000.0,False,True
1167,4,0,1,NORMAL,0.01605968747487182,0.015813613378565912,0.01605968747487182,1.0,3300000000.0,6699999999.999996,52996968.667077,24753018.367201,402376.372513,74368700.666103,0.0,31872300.297489,31872300.283997,0.001058,221467.461508,499055.6725917089,110733.730759,211763.72213327597,300000.0,False,True
1168,4,0,1,NORMAL,0.016076669432042424,0.015830584736854718,0.016076669432042424,1.0,3300000000.0,6699999999.999996,53053009.12574,24781024.254947,403139.43813,74446214.912141,0.0,31905520.688655,31905520.675155,0.001058,221469.2744,499065.05123645795,110734.637204,211987.87466830798,300000.0,False,True
1169,4,0,1,NORMAL,0.01609365209241909,0.015847556824310487,0.01609365209241909,1.0,3300000000.0,6699999999.999996,53109051.904983,24809035.702187,403903.309815,74523729.786505,0.0,31938741.349063,31938741.33555,0.000953,221471.06932100002,499074.336909397,110735.534667,212212.03650296,300000.0,False,True
1170,4,0,1,NORMAL,0.01611063545470424,0.0158645296391746,0.01611063545470424,1.0,3300000000.0,6699999999.999996,53165097.000524,24837052.708121,404667.9876,74601245.28276,0.0,31971962.276038,31971962.262514,0.000953,221472.84644899998,499083.5305287536,110736.42322999999,212436.207619932,300000.0,False,True
1171,4,0,1,NORMAL,0.016127619517613635,0.015881503179719054,0.016127619517613635,1.0,3300000000.0,6699999999.999996,53221144.408125,24865075.271963,405433.47152,74678761.394843,0.0,32005183.46694,32005183.453404,0.000953,221474.605958,499092.63300375413,110737.302985,212660.388002096,300000.0,False,True
1172,4,0,1,NORMAL,0.016144604279875456,0.015898477444245274,0.016144604279875456,1.0,3300000000.0,6699999999.999996,53277194.123589,24893103.392945,406199.761607,74756278.116646,0.0,32038404.919154,32038404.905603,0.000953,221476.34801899997,499101.64523471077,110738.174017,212884.5776325,300000.0,False,True
1173,4,0,1,NORMAL,0.01616158974023091,0.015915452431083058,0.01616158974023091,1.0,3300000000.0,6699999999.999996,53333246.142762,24921137.070321,406966.857895,74833795.442127,0.0,32071626.630085,32071626.616522,0.000953,221478.072812,499110.568113107,110739.036412,213108.77649435602,300000.0,False,True
1174,4,0,1,NORMAL,0.016178575897433937,0.01593242813858957,0.016178575897433937,1.0,3300000000.0,6699999999.999996,53389300.461532,24949176.303362,407734.760417,74911313.365302,0.0,32104848.597166,32104848.583596,0.000953,221479.780505,499119.4025216836,110739.89025600001,213332.984571048,300000.0,False,True
1175,4,0,1,NORMAL,0.01619556275025,0.015949404565148307,0.01619556275025,1.0,3300000000.0,6699999999.999996,53445357.075825,24977221.091354,408503.469205,74988831.880241,0.0,32138070.817866,32138070.804282,0.000953,221481.47126399996,499128.1493345226,110740.735639,213557.20184612795,300000.0,False,True
1176,4,0,1,NORMAL,0.01621255029745909,0.015966381709168358,0.01621255029745909,1.0,3300000000.0,6699999999.999996,53501415.981615,25005271.4336,409272.984293,75066350.981173,0.0,32171293.289665,32171293.276067,0.000858,221483.145258,499136.8094171314,110741.572636,213781.42830330002,300000.0,False,True
1177,4,0,1,NORMAL,0.016229538537851213,0.01598335956908338,0.016229538537851213,1.0,3300000000.0,6699999999.999996,53557477.174909,25033327.329425,410043.305714,75143870.662099,0.0,32204516.010069,32204515.996463,0.000858,221484.80265199998,499145.3836265254,110742.40133000002,214005.66392646,300000.0,False,True
1178,4,0,1,NORMAL,0.016246527470229092,0.016000338143350848,0.016246527470229092,1.0,3300000000.0,6699999999.999996,53613540.651756,25061388.778166,410814.4335,75221390.917359,0.0,32237738.976619,32237738.963002,0.000858,221486.443609,499153.8728113101,110743.22180999999,214229.90869963603,300000.0,False,True
1179,4,0,1,NORMAL,0.016263517093408182,0.01601731743045132,0.016263517093408182,1.0,3300000000.0,6699999999.999996,53669606.408247,25089455.779179,411586.367684,75298911.741259,0.0,32270962.186874,32270962.173243,0.000858,221488.06829600004,499162.2778117628,110744.03415499997,214454.16260702402,300000.0,False,True
1180,4,0,1,NORMAL,0.016280507406215457,0.016034297428887716,0.016280507406215457,1.0,3300000000.0,6699999999.999996,53725674.440511,25117528.331838,412359.108299,75376433.128161,0.0,32304185.638413,32304185.624772,0.000858,221489.676872,499170.5994599128,110744.83844100001,214678.42563298802,300000.0,False,True
1181,4,0,1,NORMAL,0.0162974984074897,0.01605127813718462,0.0162974984074897,1.0,3300000000.0,6699999999.999996,53781744.744716,25145606.435529,413132.655378,75453955.072479,0.0,32337409.328851,32337409.315192,0.000858,221491.269494,499178.83857962146,110745.634756,214902.69776204406,300000.0,False,True
1182,4,0,1,NORMAL,0.016314490096080908,0.016068259553887607,0.016314490096080908,1.0,3300000000.0,6699999999.999996,53837817.317067,25173690.089664,413907.008953,75531477.568688,0.0,32370633.255806,32370633.242138,0.000858,221492.846319,499186.9959866611,110746.423164,215126.978978864,300000.0,False,True
1183,4,0,1,NORMAL,0.016331482470850908,0.01608524167756266,0.016331482470850908,1.0,3300000000.0,6699999999.999996,53893892.153808,25201779.293659,414682.169057,75609000.611395,0.0,32403857.416946,32403857.403261,0.000773,221494.40750700003,499195.07248879387,110747.20376199999,215351.269268268,300000.0,False,True
1184,4,0,1,NORMAL,0.016348475530673937,0.016102224506795645,0.016348475530673937,1.0,3300000000.0,6699999999.999996,53949969.251224,25229874.046956,415458.135722,75686524.195015,0.0,32437081.809942,32437081.796238,0.000773,221495.95321299997,499203.0688858485,110747.97661599999,215575.56861523198,300000.0,False,True
1185,4,0,1,NORMAL,0.016365469274435152,0.016119208040191742,0.016365469274435152,1.0,3300000000.0,6699999999.999996,54006048.605636,25257974.349006,416234.908981,75764048.314266,0.0,32470306.432488,32470306.418773,0.000773,221497.48358300002,499210.9859697981,110748.74179699998,215799.87700489597,300000.0,False,True
1186,4,0,1,NORMAL,0.016382463701029394,0.016136192276374816,0.016382463701029394,1.0,3300000000.0,6699999999.999996,54062130.213397,25286080.199282,417012.488866,75841572.963835,0.0,32503531.282314,32503531.268587,0.000773,221498.99877799998,499218.8245248355,110749.499395,216024.194422544,300000.0,False,True
1187,4,0,1,NORMAL,0.016399458809363637,0.016153177213987,0.016399458809363637,1.0,3300000000.0,6699999999.999996,54118214.0709,25314191.597269,417790.87541,75919098.13846,0.0,32536756.357166,32536756.343425,0.000773,221500.49893999996,499226.5853274493,110750.24947700002,216248.520853588,300000.0,False,True
1188,4,0,1,NORMAL,0.01641645459835606,0.01617016285168823,0.01641645459835606,1.0,3300000000.0,6699999999.999996,54174300.174575,25342308.542467,418570.068644,75996623.832932,0.0,32569981.654814,32569981.641055,0.000773,221501.984222,499234.2691464983,110750.99212,216472.8562836,300000.0,False,True
1189,4,0,1,NORMAL,0.016433451066936364,0.01618714918815585,0.016433451066936364,1.0,3300000000.0,6699999999.999996,54230388.52089,25370431.034394,419350.068602,76074150.042099,0.0,32603207.173038,32603207.159267,0.000773,221503.45477,499241.87674328557,110751.72739100001,216697.20069829997,300000.0,False,True
1190,4,0,1,NORMAL,0.016450448214043335,0.016204136222084078,0.016450448214043335,1.0,3300000000.0,6699999999.999996,54286479.106343,25398559.072581,420130.875315,76151676.760929,0.0,32636432.909657,32636432.895872,0.000696,221504.91073,499249.4088716315,110752.455372,216921.55408356,300000.0,False,True
1191,4,0,1,NORMAL,0.01646744603862788,0.01622112395218368,0.01646744603862788,1.0,3300000000.0,6699999999.999996,54342571.927472,25426692.656573,420912.488815,76229203.984211,0.0,32669658.862508,32669658.848706,0.000696,221506.35224900005,499256.8662779471,110753.176133,217145.916425372,300000.0,False,True
1192,4,0,1,NORMAL,0.016484444539650606,0.01623811237718155,0.016484444539650606,1.0,3300000000.0,6699999999.999996,54398666.980847,25454831.785936,421694.909135,76306731.70702,0.0,32702885.029439,32702885.015622,0.000696,221507.77946500003,499264.24970130523,110753.88973999997,217370.287709888,300000.0,False,True
1193,4,0,1,NORMAL,0.01650144371608394,0.016255101495820413,0.01650144371608394,1.0,3300000000.0,6699999999.999996,54454764.263077,25482976.460242,422478.136307,76384259.924399,0.0,32736111.408328,32736111.394495,0.000696,221509.19252,499271.55987351236,110754.59626800001,217594.667923388,300000.0,False,True
1194,4,0,1,NORMAL,0.016518443566908788,0.016272091306858374,0.016518443566908788,1.0,3300000000.0,6699999999.999996,54510863.770799,25511126.679084,423262.170362,76461788.631441,0.0,32769337.997071,32769337.983226,0.000696,221510.59155800001,499278.7975191787,110755.295785,217819.057052308,300000.0,False,True
1195,4,0,1,NORMAL,0.01653544409111788,0.016289081809068667,0.01653544409111788,1.0,3300000000.0,6699999999.999996,54566965.500689,25539282.442067,424047.011333,76539317.823289,0.0,32802564.793584,32802564.779731,0.000696,221511.976714,499285.9633557887,110755.98836099998,218043.45508319602,300000.0,False,True
1196,4,0,1,NORMAL,0.01655244528771212,0.01630607300123921,0.01655244528771212,1.0,3300000000.0,6699999999.999996,54623069.44945,25567443.748812,424832.659251,76616847.495129,0.0,32835791.795812,32835791.781948,0.000696,221513.348125,499293.0580937697,110756.674068,218267.86200275604,300000.0,False,True
1197,4,0,1,NORMAL,0.016569447155704544,0.01632306488217246,0.016569447155704544,1.0,3300000000.0,6699999999.999996,54679175.613825,25595610.598951,425619.114149,76694377.642269,0.0,32869019.001714,32869018.987835,0.000627,221514.705931,499300.08243656077,110757.35297300002,218492.27779780002,300000.0,False,True
1198,4,0,1,NORMAL,0.016586449694117576,0.016340057450685046,0.016586449694117576,1.0,3300000000.0,6699999999.999996,54735283.990588,25623782.992135,426406.376058,76771908.259858,0.0,32902246.409264,32902246.395371,0.000627,221516.05026400002,499307.037080681,110758.025139,218716.70245529996,300000.0,False,True
1199,4,0,1,NORMAL,0.016603452901983333,0.01635705070560752,0.016603452901983333,1.0,3300000000.0,6699999999.999996,54791394.576545,25651960.928024,427194.44501,76849439.343294,0.0,32935474.016464,32935474.002557,0.000627,221517.38125800004,499313.922715796,110758.69063599998,218941.135962352,300000.0,False,True
1200,4,0,1,NORMAL,0.016620456778344242,0.016374044645784083,0.016620456778344242,1.0,3300000000.0,6699999999.999996,54847507.368536,25680144.406295,427983.321037,76926970.887958,0.0,32968701.821324,32968701.807413,0.000627,221518.699044,499320.74002478557,110759.34952400002,219165.57830618002,300000.0,False,True
1201,4,0,1,NORMAL,0.016637461322251215,0.016391039270072287,0.016637461322251215,1.0,3300000000.0,6699999999.999996,54903622.363429,25708333.426636,428773.00417,77004502.889268,0.0,33001929.821898,33001929.807972,0.000627,221520.00375299997,499327.4896838087,110760.001884,219390.029474144,300000.0,False,True
1202,4,0,1,NORMAL,0.01665446653276485,0.016408034577342776,0.01665446653276485,1.0,3300000000.0,6699999999.999996,54959739.558124,25736527.988753,429563.494441,77082035.342695,0.0,33035158.016234,33035158.002297,0.000627,221521.295515,499334.1723623697,110760.64776299999,219614.48945371606,300000.0,False,True
1203,4,0,1,NORMAL,0.016671472408956667,0.01642503056647916,0.016671472408956667,1.0,3300000000.0,6699999999.999996,55015858.949557,25764728.09236,430354.791882,77159568.243752,0.0,33068386.402413,33068386.388461,0.000627,221522.574457,499340.78872338304,110761.28723599997,219838.95823249602,300000.0,False,True
1204,4,0,1,NORMAL,0.01668847894990636,0.01644202723637769,0.01668847894990636,1.0,3300000000.0,6699999999.999996,55071980.534691,25792933.737188,431146.896524,77237101.588059,0.0,33101614.978527,33101614.964564,0.000565,221523.84070699997,499347.33942323655,110761.920359,220063.435798228,300000.0,False,True
1205,4,0,1,NORMAL,0.016705486154703332,0.016459024585947085,0.016705486154703332,1.0,3300000000.0,6699999999.999996,55128104.310521,25821144.922979,431939.808399,77314635.371093,0.0,33134843.742692,33134843.728721,0.000565,221525.09438999995,499353.82511185633,110762.547199,220287.92213876397,300000.0,False,True
1206,4,0,1,NORMAL,0.01672249402244485,0.016476022614108233,0.01672249402244485,1.0,3300000000.0,6699999999.999996,55184230.274068,25849361.649491,432733.527538,77392169.58856,0.0,33168072.693049,33168072.679062,0.000565,221526.33563199994,499360.24643276853,110763.16782400002,220512.417242084,300000.0,False,True
1207,4,0,1,NORMAL,0.016739502552240302,0.016493021319794174,0.016739502552240302,1.0,3300000000.0,6699999999.999996,55240358.422393,25877583.916491,433528.053972,77469704.236151,0.0,33201301.827742,33201301.813741,0.000565,221527.564554,499366.60402316233,110763.78228399999,220736.92109627204,300000.0,False,True
1208,4,0,1,NORMAL,0.016756511743205152,0.01651002070194972,0.016756511743205152,1.0,3300000000.0,6699999999.999996,55296488.752577,25905811.723762,434323.387733,77547239.309595,0.0,33234531.144946,33234531.13093,0.000565,221528.78128100003,499372.8985139516,110764.390648,220961.43368957198,300000.0,False,True
1209,4,0,1,NORMAL,0.016773521594466063,0.01652702075953142,0.016773521594466063,1.0,3300000000.0,6699999999.999996,55352621.261738,25934045.071098,435119.528853,77624774.804668,0.0,33267760.642843,33267760.628816,0.000565,221529.98592900002,499379.13052983594,110764.99296999999,221185.955010308,300000.0,False,True
1210,4,0,1,NORMAL,0.01679053210515606,0.016544021491507205,0.01679053210515606,1.0,3300000000.0,6699999999.999996,55408755.947015,25962283.958305,435916.477362,77702310.717181,0.0,33300990.319648,33300990.305605,0.000565,221531.17862,499385.3006893613,110765.589318,221410.48504695203,300000.0,False,True
1211,4,0,1,NORMAL,0.016807543274419696,0.0165610228968564,0.016807543274419696,1.0,3300000000.0,6699999999.999996,55464892.805585,25990528.3852,436714.233292,77779847.043048,0.0,33334220.17358,33334220.159523,0.000509,221532.35947199998,499391.40960498014,110766.17974299999,221635.02378806,300000.0,False,True
1212,4,0,1,NORMAL,0.016824555101408484,0.01657802497456944,0.016824555101408484,1.0,3300000000.0,6699999999.999996,55521031.834648,26018778.351618,437512.796674,77857383.778057,0.0,33367450.20288,33367450.188812,0.000509,221533.528607,499397.4578831105,110766.76430900002,221859.57122234,300000.0,False,True
1213,4,0,1,NORMAL,0.016841567585282425,0.016595027723647696,0.016841567585282425,1.0,3300000000.0,6699999999.999996,55577173.031432,26047033.857402,438312.167539,77934920.9182,0.0,33400680.405809,33400680.391728,0.000509,221534.68613100002,499403.4461241954,110767.343072,222084.127338592,300000.0,False,True
1214,4,0,1,NORMAL,0.01685858072521061,0.01661203114310337,0.01685858072521061,1.0,3300000000.0,6699999999.999996,55633316.393195,26075294.902408,439112.345919,78012458.459457,0.0,33433910.780642,33433910.76655,0.000509,221535.832169,499409.3749227604,110767.91609,222308.692125728,300000.0,False,True
1215,4,0,1,NORMAL,0.016875594520370605,0.01662903523195932,0.016875594520370605,1.0,3300000000.0,6699999999.999996,55689461.917223,26103561.486502,439913.331844,78089996.397845,0.0,33467141.325674,33467141.311571,0.000509,221536.96682899995,499415.2448674722,110768.48342,222533.26557278004,300000.0,False,True
1216,4,0,1,NORMAL,0.01689260896994788,0.016646039989248906,0.01689260896994788,1.0,3300000000.0,6699999999.999996,55745609.600828,26131833.609565,440715.125346,78167534.729422,0.0,33500372.039218,33500372.0251,0.000509,221538.09022699998,499421.05654119514,110769.045121,222757.847668892,300000.0,False,True
1217,4,0,1,NORMAL,0.016909624073137272,0.0166630454140159,0.016909624073137272,1.0,3300000000.0,6699999999.999996,55801759.441353,26160111.271486,441517.726455,78245073.450286,0.0,33533602.919595,33533602.905467,0.000509,221539.202472,499426.8105210482,110769.60124100001,222982.438403312,300000.0,False,True
1218,4,0,1,NORMAL,0.016926639829139695,0.01668005150531421,0.016926639829139695,1.0,3300000000.0,6699999999.999996,55857911.436161,26188394.472169,442321.135203,78322612.556619,0.0,33566833.965155,33566833.951015,0.000459,221540.303674,499432.507378461,110770.15184300001,223207.037765412,300000.0,False,True
1219,4,0,1,NORMAL,0.016943656237166062,0.016697058262207878,0.016943656237166062,1.0,3300000000.0,6699999999.999996,55914065.582648,26216683.211526,443125.351621,78400152.044496,0.0,33600065.174257,33600065.160103,0.000459,221541.39394399998,499438.14767922915,110770.69697900001,223431.64574464396,300000.0,False,True
1220,4,0,1,NORMAL,0.016960673296433634,0.016714065683770832,0.016960673296433634,1.0,3300000000.0,6699999999.999996,55970221.878231,26244977.489485,443930.375739,78477691.910177,0.0,33633296.545277,33633296.531108,0.000459,221542.47338699998,499443.73198356986,110771.236701,223656.26233059203,300000.0,False,True
1221,4,0,1,NORMAL,0.016977691006169696,0.01673107376908689,0.016977691006169696,1.0,3300000000.0,6699999999.999996,56026380.32036,26273277.305983,444736.207588,78555232.149915,0.0,33666528.076606,33666528.062422,0.000459,221543.54211900002,499449.2608461758,110771.77106700001,223880.88751292398,300000.0,False,True
1222,4,0,1,NORMAL,0.016994709365607576,0.016748082517249515,0.016994709365607576,1.0,3300000000.0,6699999999.999996,56082540.906505,26301582.660966,445542.8472,78632772.759993,0.0,33699759.766653,33699759.752455,0.000459,221544.60023600003,499454.7348162695,110772.30012500001,224105.52128144,300000.0,False,True
1223,4,0,1,NORMAL,0.01701172837399,0.016765091927361805,0.01701172837399,1.0,3300000000.0,6699999999.999996,56138703.634167,26329893.554397,446350.294605,78710313.736739,0.0,33732991.613837,33732991.599629,0.000459,221545.64784999995,499460.15443765663,110772.82393000001,224330.16362602,300000.0,False,True
1224,4,0,1,NORMAL,0.01702874803056606,0.01678210199853627,0.01702874803056606,1.0,3300000000.0,6699999999.999996,56194868.500868,26358209.986238,447158.549833,78787855.076506,0.0,33766223.616607,33766223.602385,0.000459,221546.68506,499465.520248779,110773.34253700002,224554.81453666798,300000.0,False,True
1225,4,0,1,NORMAL,0.01704576833459212,0.016799112729894716,0.01704576833459212,1.0,3300000000.0,6699999999.999996,56251035.504154,26386531.956476,447967.612916,78865396.775737,0.0,33799455.773415,33799455.759178,0.000414,221547.71197300003,499470.832782767,110773.85599400001,224779.47400347202,300000.0,False,True
1226,4,0,1,NORMAL,0.01706278928533394,0.016816124120568217,0.01706278928533394,1.0,3300000000.0,6699999999.999996,56307204.641602,26414859.465101,448777.483884,78942938.830776,0.0,33832688.082726,33832688.068479,0.000414,221548.72869000002,499476.0925674915,110774.36435000002,225004.14201661598,300000.0,False,True
1227,4,0,1,NORMAL,0.017079810882064242,0.016833136169696995,0.017079810882064242,1.0,3300000000.0,6699999999.999996,56363375.910812,26443192.512113,449588.162768,79020481.238133,0.0,33865920.543029,33865920.528773,0.000414,221549.735311,499481.3001256153,110774.86766,225228.81856640798,300000.0,False,True
1228,4,0,1,NORMAL,0.01709683312406121,0.016850148876430174,0.01709683312406121,1.0,3300000000.0,6699999999.999996,56419549.309402,26471531.097526,450399.649598,79098023.994308,0.0,33899153.152828,33899153.13856,0.000414,221550.73193600003,499486.4559746442,110775.365974,225453.503643248,300000.0,False,True
1229,4,0,1,NORMAL,0.017113856010611817,0.016867162239925765,0.017113856010611817,1.0,3300000000.0,6699999999.999996,56475724.835019,26499875.221365,451211.944405,79175567.095839,0.0,33932385.910635,33932385.896357,0.000414,221551.71866599997,499491.5606269774,110775.859338,225678.197237608,300000.0,False,True
1230,4,0,1,NORMAL,0.017130879541010908,0.01688417625935061,0.017130879541010908,1.0,3300000000.0,6699999999.999996,56531902.485336,26528224.883658,452025.04722,79253110.539294,0.0,33965618.814985,33965618.800695,0.000414,221552.69559800002,499496.61458995723,110776.34780499998,225902.899340076,300000.0,False,True
1231,4,0,1,NORMAL,0.01714790371455909,0.016901190933880192,0.01714790371455909,1.0,3300000000.0,6699999999.999996,56588082.258045,26556580.084454,452838.958073,79330654.321281,0.0,33998851.864417,33998851.850116,0.000414,221553.66282700002,499501.61836591887,110776.83141899998,226127.609941344,300000.0,False,True
1232,4,0,1,NORMAL,0.017164928530565456,0.016918206262698597,0.017164928530565456,1.0,3300000000.0,6699999999.999996,56644264.150866,26584940.823802,453653.676994,79408198.438476,0.0,34032085.057495,34032085.043181,0.000373,221554.62045100002,499506.5724522395,110777.31023199999,226352.32903218002,300000.0,False,True
1233,4,0,1,NORMAL,0.01718195398834606,0.016935222244998435,0.01718195398834606,1.0,3300000000.0,6699999999.999996,56700448.161542,26613307.101767,454469.204014,79485742.887472,0.0,34065318.39279,34065318.378462,0.000373,221555.568568,499511.4773413866,110777.78429099999,226577.056603464,300000.0,False,True
1234,4,0,1,NORMAL,0.017198980087222728,0.016952238879980645,0.017198980087222728,1.0,3300000000.0,6699999999.999996,56756634.287835,26641678.918421,455285.539164,79563287.665012,0.0,34098551.868889,34098551.85455,0.000373,221556.507267,499516.3335209661,110778.25363900002,226801.792646168,300000.0,False,True
1235,4,0,1,NORMAL,0.01721600682652394,0.016969256166854407,0.01721600682652394,1.0,3300000000.0,6699999999.999996,56812822.527529,26670056.273849,456102.682474,79640832.767832,0.0,34131785.484398,34131785.470044,0.000373,221557.436643,499521.14147376985,110778.71832899998,227026.53715134002,300000.0,False,True
1236,4,0,1,NORMAL,0.01723303420558697,0.016986274104837155,0.01723303420558697,1.0,3300000000.0,6699999999.999996,56869012.878437,26698439.168144,456920.633974,79718378.192705,0.0,34165019.237928,34165019.22356,0.000373,221558.356792,499525.9016778231,110779.178403,227251.29011011598,300000.0,False,True
1237,4,0,1,NORMAL,0.017250062223754848,0.01700329269315443,0.017250062223754848,1.0,3300000000.0,6699999999.999996,56925205.338391,26726827.601407,457739.393695,79795923.93643,0.0,34198253.128109,34198253.113728,0.000373,221559.26779900002,499530.614606431,110779.63390599999,227476.05151374798,300000.0,False,True
1238,4,0,1,NORMAL,0.017267090880377273,0.017020311931039776,0.017267090880377273,1.0,3300000000.0,6699999999.999996,56981399.905245,26755221.573752,458558.961667,79873469.995843,0.0,34231487.153584,34231487.139188,0.000373,221560.16976100006,499535.28072822466,110780.084888,227700.821353564,300000.0,False,True
1239,4,0,1,NORMAL,0.017284120174810305,0.01703733181773465,0.017284120174810305,1.0,3300000000.0,6699999999.999996,57037596.576874,26783621.085303,459379.33792,79951016.367847,0.0,34264721.313004,34264721.2986,0.000336,221561.06276600002,499539.9005072074,110780.531387,227925.59962098,300000.0,False,True
1240,4,0,1,NORMAL,0.017301150106417272,0.01705435235248837,0.017301150106417272,1.0,3300000000.0,6699999999.999996,57093795.351177,26812026.136184,460200.522484,80028563.049259,0.0,34297955.605049,34297955.59063,0.000336,221561.94689900003,499544.4744027997,110780.973457,228150.38630749605,300000.0,False,True
1241,4,0,1,NORMAL,0.01731818067456667,0.01707137353455794,0.01731818067456667,1.0,3300000000.0,6699999999.999996,57149996.22607,26840436.726539,461022.51539,80106110.037043,0.0,34331190.028398,34331190.013964,0.000336,221562.82225100003,499549.0028698843,110781.411133,228375.181404708,300000.0,False,True
1242,4,0,1,NORMAL,0.017335211878634543,0.017088395363208046,0.017335211878634543,1.0,3300000000.0,6699999999.999996,57206199.199494,26868852.856519,461845.316667,80183657.328158,0.0,34364424.581744,34364424.567297,0.000336,221563.68890900002,499553.48635885085,110781.844461,228599.98490428005,300000.0,False,True
1243,4,0,1,NORMAL,0.01735224371800364,0.01710541783771099,0.01735224371800364,1.0,3300000000.0,6699999999.999996,57262404.269412,26897274.526278,462668.926346,80261204.919589,0.0,34397659.2638,34397659.249338,0.000336,221564.54695900003,499557.92531563964,110782.27348700001,228824.79679797596,300000.0,False,True
1244,4,0,1,NORMAL,0.017369276192062726,0.017122440957346587,0.017369276192062726,1.0,3300000000.0,6699999999.999996,57318611.433807,26925701.735987,463493.344457,80338752.808357,0.0,34430894.073282,34430894.058809,0.000336,221565.39648899998,499562.3201817853,110782.69825,229049.61707764806,300000.0,False,True
1245,4,0,1,NORMAL,0.01738630930020606,0.01713946472140204,0.01738630930020606,1.0,3300000000.0,6699999999.999996,57374820.69068,26954134.485819,464318.571031,80416300.991505,0.0,34464129.008931,34464128.994442,0.000336,221566.237578,499566.67139446037,110783.11879699999,229274.445735228,300000.0,False,True
1246,4,0,1,NORMAL,0.01740334304183515,0.017156489129171917,0.01740334304183515,1.0,3300000000.0,6699999999.999996,57431032.038056,26982572.775961,465144.606097,80493849.466144,0.0,34497364.069487,34497364.054986,0.000303,221567.070312,499570.97938651755,110783.53516200003,229499.28276272,300000.0,False,True
1247,4,0,1,NORMAL,0.017420377416356363,0.01717351417995801,0.017420377416356363,1.0,3300000000.0,6699999999.999996,57487245.473976,27011016.606609,465971.449685,80571398.229312,0.0,34530599.253712,34530599.239199,0.000303,221567.89477400001,499575.2445865325,110783.94739300001,229724.128152224,300000.0,False,True
1248,4,0,1,NORMAL,0.017437412423183335,0.017190539873069323,0.017437412423183335,1.0,3300000000.0,6699999999.999996,57543460.996505,27039465.977963,466799.101826,80648947.278175,0.0,34563834.560382,34563834.545852,0.000303,221568.711049,499579.46741884557,110784.355533,229948.981895904,300000.0,False,True
1249,4,0,1,NORMAL,0.017454448061735454,0.01720756620782198,0.017454448061735454,1.0,3300000000.0,6699999999.999996,57599678.603727,27067920.890234,467627.562549,80726496.609897,0.0,34597069.988273,34597069.97373,0.000303,221569.51921300002,499583.6483036036,110784.75961300002,230173.84398602005,300000.0,False,True
1250,4,0,1,NORMAL,0.01747148433143788,0.017224593183539135,0.01747148433143788,1.0,3300000000.0,6699999999.999996,57655898.293745,27096381.343641,468456.831884,80804046.221666,0.0,34630305.536185,34630305.521629,0.000303,221570.31934900003,499587.7876568008,110785.159681,230398.714414908,300000.0,False,True
1251,4,0,1,NORMAL,0.017488521231721517,0.017241620799550904,0.017488521231721517,1.0,3300000000.0,6699999999.999996,57712120.064681,27124847.338414,469286.909861,80881596.110702,0.0,34663541.202925,34663541.188358,0.000303,221571.111541,499591.8858903199,110785.55577599998,230623.59317498002,300000.0,False,True
1252,4,0,1,NORMAL,0.017505558762023032,0.017258649055194267,0.017505558762023032,1.0,3300000000.0,6699999999.999996,57768343.914676,27153318.87479,470117.79651,80959146.27425,0.0,34696776.98731,34696776.972734,0.000303,221571.895857,499595.9434119719,110785.94793299999,230848.48025872404,300000.0,False,True
1253,4,0,1,NORMAL,0.017522596921785455,0.017275677949813054,0.017522596921785455,1.0,3300000000.0,6699999999.999996,57824569.841892,27181795.953011,470949.491861,81036696.709613,0.0,34730012.888175,34730012.873589,0.000273,221572.672386,499599.9606255367,110786.336198,231073.37565870406,300000.0,False,True
1254,4,0,1,NORMAL,0.01753963571045697,0.01729270748275782,0.01753963571045697,1.0,3300000000.0,6699999999.999996,57880797.844508,27210278.573329,471781.995944,81114247.41403,0.0,34763248.904363,34763248.889766,0.000273,221573.44119899996,499603.9379308024,110786.72060500001,231298.27936756803,300000.0,False,True
1255,4,0,1,NORMAL,0.017556675127491213,0.01730973765338578,0.017556675127491213,1.0,3300000000.0,6699999999.999996,57937027.920721,27238766.736006,472615.308789,81191798.384856,0.0,34796485.034732,34796485.020119,0.000273,221574.20237400001,499607.8757236045,110787.101195,231523.191378032,300000.0,False,True
1256,4,0,1,NORMAL,0.017573715172348486,0.017326768461060797,0.017573715172348486,1.0,3300000000.0,6699999999.999996,57993260.06875,27267260.441311,473449.430425,81269349.619448,0.0,34829721.278142,34829721.263513,0.000273,221574.95598800006,499611.77439586463,110787.478002,231748.11168288402,300000.0,False,True
1257,4,0,1,NORMAL,0.01759075584449424,0.01734379990515328,0.01759075584449424,1.0,3300000000.0,6699999999.999996,58049494.286831,27295759.689521,474284.360882,81346901.115186,0.0,34862957.633469,34862957.618825,0.000273,221575.70211500002,499615.6343356292,110787.85106500001,231973.040275,300000.0,False,True
1258,4,0,1,NORMAL,0.017607797143398184,0.017360831985040046,0.017607797143398184,1.0,3300000000.0,6699999999.999996,58105730.573214,27324264.480919,475120.10019,81424452.869472,0.0,34896194.099602,34896194.084947,0.000273,221576.44082699995,499619.45592710737,110788.220419,232197.977147324,300000.0,False,True
1259,4,0,1,NORMAL,0.01762483906853697,0.017377864700104367,0.01762483906853697,1.0,3300000000.0,6699999999.999996,58161968.926172,27352774.815798,475956.648379,81502004.879739,0.0,34929430.675444,34929430.660774,0.000273,221577.17220300002,499623.2395507091,110788.58610900001,232422.92229285603,300000.0,False,True
1260,4,0,1,NORMAL,0.017641881619392424,0.017394898049735857,0.017641881619392424,1.0,3300000000.0,6699999999.999996,58218209.343995,27381290.694458,476794.005478,81579557.143471,0.0,34962667.359902,34962667.345214,0.000246,221577.89630799997,499626.98558308167,110788.948163,232647.87570468802,300000.0,False,True
1261,4,0,1,NORMAL,0.01765892479545091,0.017411932033330378,0.01765892479545091,1.0,3300000000.0,6699999999.999996,58274451.824988,27409812.11721,477632.171517,81657109.658097,0.0,34995904.151894,34995904.137194,0.000246,221578.61322399997,499630.69439714745,110789.306618,232872.83737598,300000.0,False,True
1262,4,0,1,NORMAL,0.017675968596204548,0.017428966650290003,0.017675968596204548,1.0,3300000000.0,6699999999.999996,58330696.367475,27438339.084365,478471.146526,81734662.421148,0.0,35029141.050357,35029141.035642,0.000246,221579.32301300002,499634.36636214034,110789.66151399998,233097.807299952,300000.0,False,True
1263,4,0,1,NORMAL,0.017693013021150908,0.017446001900022965,0.017693013021150908,1.0,3300000000.0,6699999999.999996,58386942.969798,27466871.596246,479310.930534,81812215.430157,0.0,35062378.054233,35062378.039502,0.000246,221580.025754,499638.00184364174,110790.012885,233322.78546990006,300000.0,False,True
1264,4,0,1,NORMAL,0.01771005806979303,0.017463037781943615,0.01771005806979303,1.0,3300000000.0,6699999999.999996,58443191.630317,27495409.653184,480151.523571,81889768.682682,0.0,35095615.162467,35095615.147727,0.000246,221580.72150900002,499641.60120361677,110790.36075899999,233547.771879192,300000.0,False,True
1265,4,0,1,NORMAL,0.017727103741637273,0.01748007429547224,0.017727103741637273,1.0,3300000000.0,6699999999.999996,58499442.347403,27523953.255519,480992.925667,81967322.176302,0.0,35128852.37403,35128852.359276,0.000246,221581.41035200004,499645.16480044974,110790.70518300001,233772.76652126797,300000.0,False,True
1266,4,0,1,NORMAL,0.017744150036197576,0.017497111440035164,0.017744150036197576,1.0,3300000000.0,6699999999.999996,58555695.119452,27552502.40359,481835.136851,82044875.90862,0.0,35162089.687896,35162089.673125,0.000246,221582.09235099997,499648.6929889791,110791.04618399998,233997.76938961202,300000.0,False,True
1267,4,0,1,NORMAL,0.017761196952992123,0.017514149215064646,0.017761196952992123,1.0,3300000000.0,6699999999.999996,58611949.944874,27581057.097752,482678.157152,82122429.877291,0.0,35195327.103042,35195327.088257,0.000222,221582.76757200004,499652.18612053315,110791.383793,234222.780477808,300000.0,False,True
1268,4,0,1,NORMAL,0.017778244491542423,0.0175311876199987,0.017778244491542423,1.0,3300000000.0,6699999999.999996,58668206.82209,27609617.338366,483521.986601,82199984.079918,0.0,35228564.618464,35228564.603668,0.000222,221583.43608700004,499655.64454296336,110791.718049,234447.799779496,300000.0,False,True
1269,4,0,1,NORMAL,0.01779529265137697,0.017548226654281168,0.01779529265137697,1.0,3300000000.0,6699999999.999996,58724465.749544,27638183.125793,484366.625226,82277538.514199,0.0,35261802.233169,35261802.218358,0.000222,221584.09795700005,499659.06860067963,110792.048986,234672.82728836001,300000.0,False,True
1270,4,0,1,NORMAL,0.017812341432027274,0.017565266317361564,0.017812341432027274,1.0,3300000000.0,6699999999.999996,58780726.72569,27666754.460412,485212.073057,82355093.177832,0.0,35295039.946168,35295039.931343,0.000222,221584.75325,499662.45863468363,110792.37663200001,234897.86299817602,300000.0,False,True
1271,4,0,1,NORMAL,0.017829390833031818,0.01758230660869513,0.017829390833031818,1.0,3300000000.0,6699999999.999996,58836989.749005,27695331.342601,486058.330124,82432648.068541,0.0,35328277.756482,35328277.741643,0.000222,221585.40203199998,499665.81498260226,110792.70102299999,235122.90690276003,300000.0,False,True
1272,4,0,1,NORMAL,0.01784644085393303,0.017599347527742736,0.01784644085393303,1.0,3300000000.0,6699999999.999996,58893254.817979,27723913.772743,486905.396456,82510203.184066,0.0,35361515.663146,35361515.648296,0.000222,221586.04436700002,499669.1379787215,110793.02218900002,235347.95899602,300000.0,False,True
1273,4,0,1,NORMAL,0.01786349149427636,0.017616389073970715,0.01786349149427636,1.0,3300000000.0,6699999999.999996,58949521.931112,27752501.751237,487753.272082,82587758.522174,0.0,35394753.665204,35394753.650341,0.000222,221586.68031899998,499672.4279540184,110793.34016600001,235573.019271916,300000.0,False,True
1274,4,0,1,NORMAL,0.017880542753613938,0.017633431246850923,0.017880542753613938,1.0,3300000000.0,6699999999.999996,59005791.086926,27781095.27848,488601.957031,82665314.080674,0.0,35427991.76171,35427991.74683,0.0002,221587.309951,499675.6852361943,110793.654984,235798.08772444798,300000.0,False,True
1275,4,0,1,NORMAL,0.017897594631502728,0.017650474045860717,0.017897594631502728,1.0,3300000000.0,6699999999.999996,59062062.283959,27809694.354881,489451.451334,82742869.857336,0.0,35461229.951716,35461229.936827,0.0002,221587.93332700004,499678.91014970705,110793.96666800002,236023.164347704,300000.0,False,True
1276,4,0,1,NORMAL,0.017914647127503333,0.017667517470482823,0.017914647127503333,1.0,3300000000.0,6699999999.999996,59118335.520761,27838298.980853,490301.755019,82820425.850012,0.0,35494468.234303,35494468.219399,0.0002,221588.550511,499682.1030158024,110794.27526300002,236248.249135836,300000.0,False,True
1277,4,0,1,NORMAL,0.017931700241180605,0.017684561520205262,0.017931700241180605,1.0,3300000000.0,6699999999.999996,59174610.795896,27866909.156816,491152.868116,82897982.056554,0.0,35527706.608546,35527706.593628,0.0002,221589.161556,499685.2641525464,110794.58078500003,236473.342083044,300000.0,False,True
1278,4,0,1,NORMAL,0.017948753972104547,0.017701606194521345,0.017948753972104547,1.0,3300000000.0,6699999999.999996,59230888.107945,27895524.883198,492004.790654,82975538.474838,0.0,35560945.073536,35560945.058604,0.0002,221589.766534,499688.393874856,110794.883274,236698.443183584,300000.0,False,True
1279,4,0,1,NORMAL,0.01796580831985,0.017718651492929647,0.01796580831985,1.0,3300000000.0,6699999999.999996,59287167.455505,27924146.160427,492857.522662,83053095.102756,0.0,35594183.628374,35594183.613424,0.0002,221590.36549400003,499691.4924945307,110795.18275599998,236923.55243178006,300000.0,False,True
1280,4,0,1,NORMAL,0.01798286328399606,0.017735697414933933,0.01798286328399606,1.0,3300000000.0,6699999999.999996,59343448.837187,27952772.988947,493711.06417,83130651.93823,0.0,35627422.272158,35627422.257197,0.0002,221590.958505,499694.5603202828,110795.479258,237148.66982202,300000.0,False,True
1281,4,0,1,NORMAL,0.017999918864124848,0.017752743960043026,0.017999918864124848,1.0,3300000000.0,6699999999.999996,59399732.251612,27981405.369203,494565.415207,83208208.979214,0.0,35660661.004013,35660660.989036,0.00018,221591.54562199998,499697.5976577679,110795.77281899999,237373.795348748,300000.0,False,True
1282,4,0,1,NORMAL,0.018016975059824244,0.01776979112777085,0.018016975059824244,1.0,3300000000.0,6699999999.999996,59456017.69742,28010043.301646,495420.575801,83285766.223627,0.0,35693899.82306,35693899.808069,0.00018,221592.126906,499700.6048096153,110796.06346,237598.92900644802,300000.0,False,True
1283,4,0,1,NORMAL,0.01803403187068606,0.017786838917636348,0.01803403187068606,1.0,3300000000.0,6699999999.999996,59512305.173264,28038686.786736,496276.545983,83363323.669468,0.0,35727138.728432,35727138.713426,0.00018,221592.702411,499703.58207545744,110796.351213,237824.07078968,300000.0,False,True
1284,4,0,1,NORMAL,0.018051089296306364,0.017803887329163447,0.018051089296306364,1.0,3300000000.0,6699999999.999996,59568594.677811,28067335.824936,497133.325781,83440881.314734,0.0,35760377.719272,35760377.704253,0.00018,221593.272199,499706.52975195966,110796.636106,238049.220693056,300000.0,False,True
1285,4,0,1,NORMAL,0.018068147336284545,0.017820936361880937,0.018068147336284545,1.0,3300000000.0,6699999999.999996,59624886.209739,28095990.416717,497990.915225,83518439.157442,0.0,35793616.794731,35793616.779698,0.00018,221593.83631999997,499709.44813284924,110796.91816700001,238274.37871124403,300000.0,False,True
1286,4,0,1,NORMAL,0.01808520599022606,0.01783798601532256,0.01808520599022606,1.0,3300000000.0,6699999999.999996,59681179.767746,28124650.562556,498849.314343,83595997.195633,0.0,35826855.953964,35826855.938921,0.00018,221594.39483799998,499712.3375089446,110797.19742400001,238499.544838956,300000.0,False,True
1287,4,0,1,NORMAL,0.018102265257738486,0.017855036289026814,0.018102265257738486,1.0,3300000000.0,6699999999.999996,59737475.350537,28153316.262933,499708.523165,83673555.427361,0.0,35860095.196145,35860095.181088,0.00018,221594.94780400002,499715.19816818414,110797.47390899998,238724.71907098402,300000.0,False,True
1288,4,0,1,NORMAL,0.01811932513843515,0.017872087182537032,0.01811932513843515,1.0,3300000000.0,6699999999.999996,59793772.956836,28181987.518336,500568.54172,83751113.850721,0.0,35893334.520446,35893334.505376,0.000162,221595.49527300004,499718.0303956539,110797.74764299998,238949.901402148,300000.0,False,True
1289,4,0,1,NORMAL,0.018136385631932424,0.017889138695401253,0.018136385631932424,1.0,3300000000.0,6699999999.999996,59850072.585377,28210664.329259,501429.370037,83828672.463773,0.0,35926573.92605,35926573.910967,0.000162,221596.037299,499720.83447361644,110798.01865599999,239175.091827344,300000.0,False,True
1290,4,0,1,NORMAL,0.018153446737850305,0.01790619082717216,0.018153446737850305,1.0,3300000000.0,6699999999.999996,59906374.234906,28239346.696204,502291.008145,83906231.264649,0.0,35959813.412153,35959813.397054,0.000162,221596.573942,499723.61068153824,110798.28697900001,239400.290341508,300000.0,False,True
1291,4,0,1,NORMAL,0.01817050845581394,0.017923243577407114,0.01817050845581394,1.0,3300000000.0,6699999999.999996,59962677.904186,28268034.619675,503153.456073,83983790.251483,0.0,35993052.977949,35993052.962838,0.000162,221597.10524799995,499726.3592961175,110798.55263000002,239625.49693962405,300000.0,False,True
1292,4,0,1,NORMAL,0.018187570785452422,0.0179402969456681,0.018187570785452422,1.0,3300000000.0,6699999999.999996,60018983.591993,28296728.100181,504016.71385,84061349.422427,0.0,36026292.622647,36026292.607527,0.000162,221597.63127500002,499729.0805913113,110798.815642,239850.71161674403,300000.0,False,True
1293,4,0,1,NORMAL,0.018204633726396666,0.017957350931521558,0.018204633726396666,1.0,3300000000.0,6699999999.999996,60075291.297109,28325427.138243,504880.781506,84138908.77565,0.0,36059532.345467,36059532.330335,0.000162,221598.15207399998,499731.77483836294,110799.07604299998,240075.93436797196,300000.0,False,True
1294,4,0,1,NORMAL,0.01822169727828303,0.017974405534538426,0.01822169727828303,1.0,3300000000.0,6699999999.999996,60131601.018334,28354131.734381,505745.659069,84216468.309339,0.0,36092772.145633,36092772.130485,0.000162,221598.667694,499734.44230582804,110799.333855,240301.16518843602,300000.0,False,True
1295,4,0,1,NORMAL,0.018238761440752725,0.01799146075429419,0.018238761440752725,1.0,3300000000.0,6699999999.999996,60187912.754484,28382841.889122,506611.346568,84294028.02172,0.0,36126012.02237,36126012.007209,0.000146,221599.178191,499737.08325960167,110799.58910200001,240526.40407333602,300000.0,False,True
1296,4,0,1,NORMAL,0.018255826213447877,0.018008516590368624,0.018255826213447877,1.0,3300000000.0,6699999999.999996,60244226.504378,28411557.602999,507477.844032,84371587.91098,0.0,36159251.974923,36159251.959748,0.000146,221599.683612,499739.6979629445,110799.841813,240751.65101793598,300000.0,False,True
1297,4,0,1,NORMAL,0.018272891596017575,0.018025573042345977,0.018272891596017575,1.0,3300000000.0,6699999999.999996,60300542.266858,28440278.876551,508345.15149,84449147.975382,0.0,36192492.002532,36192491.987348,0.000146,221600.184013,499742.2866765086,110800.09201099999,240976.90601751197,300000.0,False,True
1298,4,0,1,NORMAL,0.01828995758811212,0.018042630109814762,0.01828995758811212,1.0,3300000000.0,6699999999.999996,60356860.04077,28469005.71032,509213.268971,84526708.213179,0.0,36225732.104461,36225732.08926,0.000146,221600.679435,499744.8496583632,110800.33972599998,241202.169067432,300000.0,False,True
1299,4,0,1,NORMAL,0.018307024189386664,0.018059687792367787,0.018307024189386664,1.0,3300000000.0,6699999999.999996,60413179.824976,28497738.104858,510082.196504,84604268.622652,0.0,36258972.279963,36258972.264746,0.000146,221601.169934,499747.3871640205,110800.58497499999,241427.44016307997,300000.0,False,True
1300,4,0,1,NORMAL,0.018324091399499396,0.018076746089602087,0.018324091399499396,1.0,3300000000.0,6699999999.999996,60469501.618348,28526476.06072,510951.934118,84681829.202094,0.0,36292212.528307,36292212.513077,0.000146,221601.65555900004,499749.89944646024,110800.82778599998,241652.71929990395,300000.0,False,True
1301,4,0,1,NORMAL,0.01834115921811303,0.018093805001118922,0.01834115921811303,1.0,3300000000.0,6699999999.999996,60525825.419773,28555219.578463,511822.481841,84759389.949816,0.0,36325452.848768,36325452.83353,0.000146,221602.13635799996,499752.38675615547,110801.068183,241878.00647339204,300000.0,False,True
1302,4,0,1,NORMAL,0.01835822764489212,0.018110864526523645,0.01835822764489212,1.0,3300000000.0,6699999999.999996,60582151.228144,28583968.658653,512693.839703,84836950.864157,0.0,36358693.240636,36358693.225383,0.000132,221602.61237500003,499754.84934109665,110801.306195,242103.301679092,300000.0,False,True
1303,4,0,1,NORMAL,0.01837529667950667,0.018127924665425774,0.01837529667950667,1.0,3300000000.0,6699999999.999996,60638479.042372,28612723.301861,513566.007732,84914511.943436,0.0,36391933.703192,36391933.687929,0.000132,221603.08365999997,499757.28744681674,110801.54183500001,242328.604912576,300000.0,False,True
1304,4,0,1,NORMAL,0.01839236632162909,0.01814498541743889,0.01839236632162909,1.0,3300000000.0,6699999999.999996,60694808.861376,28641483.508658,514438.985958,84992073.186024,0.0,36425174.235739,36425174.220466,0.000132,221603.55026,499759.7013164149,110801.77513499999,242553.91616948805,300000.0,False,True
1305,4,0,1,NORMAL,0.018409436570934544,0.018162046782180547,0.018409436570934544,1.0,3300000000.0,6699999999.999996,60751140.684084,28670249.27963,515312.774409,85069634.5903,0.0,36458414.83758,36458414.822297,0.000132,221604.012224,499762.0911905808,110802.00611699998,242779.23544550402,300000.0,False,True
1306,4,0,1,NORMAL,0.018426507427103334,0.01817910875927234,0.018426507427103334,1.0,3300000000.0,6699999999.999996,60807474.509441,28699020.615357,516187.373113,85147196.154656,0.0,36491655.508025,36491655.492733,0.000132,221604.46959299996,499764.4573076186,110802.234801,243004.562736336,300000.0,False,True
1307,4,0,1,NORMAL,0.018443578889817274,0.018196171348339757,0.018443578889817274,1.0,3300000000.0,6699999999.999996,60863810.336397,28727797.51643,517062.7821,85224757.877498,0.0,36524896.246401,36524896.231091,0.000132,221604.92241800003,499766.79990347,110802.461218,243229.898037764,300000.0,False,True
1308,4,0,1,NORMAL,0.018460650958763637,0.018213234549012268,0.018460650958763637,1.0,3300000000.0,6699999999.999996,60920148.16392,28756579.983443,517939.001399,85302319.757254,0.0,36558137.052021,36558137.036699,0.000132,221605.37073999998,499769.11921173794,110802.68537600001,243455.24134558803,300000.0,False,True
1309,4,0,1,NORMAL,0.018477723633631517,0.01823029836092319,0.018477723633631517,1.0,3300000000.0,6699999999.999996,60976487.990984,28785368.016996,518816.031038,85379881.792375,0.0,36591377.924224,36591377.908886,0.000119,221605.81460599997,499771.4154637098,110802.907311,243680.59265568,300000.0,False,True
1310,4,0,1,NORMAL,0.018494796914113636,0.01824736278370967,0.018494796914113636,1.0,3300000000.0,6699999999.999996,61032829.816575,28814161.617693,519693.871046,85457443.981292,0.0,36624618.862347,36624618.846989,0.000119,221606.25405999998,499773.6888883798,110803.12704000002,243905.95196393604,300000.0,False,True
1311,4,0,1,NORMAL,0.01851187079990606,0.018264427817012666,0.01851187079990606,1.0,3300000000.0,6699999999.999996,61089173.63969,28842960.786142,520572.521451,85535006.322488,0.0,36657859.865731,36657859.850357,0.000119,221606.68914399997,499775.93971247197,110803.34458,244131.3192663,300000.0,False,True
1312,4,0,1,NORMAL,0.018528945290707574,0.018281493460476854,0.018528945290707574,1.0,3300000000.0,6699999999.999996,61145519.459335,28871765.522958,521451.982283,85612568.81445,0.0,36691100.933726,36691100.918339,0.000119,221607.11990100003,499778.16816046287,110803.55995700002,244356.69455876003,300000.0,False,True
1313,4,0,1,NORMAL,0.018546020386220604,0.018298559713750644,0.018546020386220604,1.0,3300000000.0,6699999999.999996,61201867.274528,28900575.828761,522332.25357,85690131.45568,0.0,36724342.065691,36724342.050291,0.000119,221607.54637700005,499780.37445460295,110803.77319499999,244582.07783733998,300000.0,False,True
1314,4,0,1,NORMAL,0.01856309608615091,0.018315626576486145,0.01856309608615091,1.0,3300000000.0,6699999999.999996,61258217.084298,28929391.704169,523213.33534,85767694.244691,0.0,36757583.260996,36757583.245579,0.000119,221607.96861500002,499782.5588149395,110803.98431599999,244807.469098112,300000.0,False,True
1315,4,0,1,NORMAL,0.01858017239020697,0.0183326940483391,0.01858017239020697,1.0,3300000000.0,6699999999.999996,61314568.887683,28958213.149812,524095.227623,85845257.180015,0.0,36790824.519007,36790824.503574,0.000119,221608.386654,499784.72145933774,110804.19333499999,245032.86833719202,300000.0,False,True
1316,4,0,1,NORMAL,0.018597249298100606,0.018349762128968876,0.018597249298100606,1.0,3300000000.0,6699999999.999996,61370922.683732,28987040.166324,524977.930447,85922820.260212,0.0,36824065.839095,36824065.823652,0.000108,221608.80053800004,499786.86260350246,110804.40027399999,245258.275550732,300000.0,False,True
1317,4,0,1,NORMAL,0.018614326809546364,0.01836683081803839,0.018614326809546364,1.0,3300000000.0,6699999999.999996,61427278.471503,29015872.754336,525861.443841,86000383.483814,0.0,36857307.220653,36857307.205195,0.000108,221609.21030500004,499788.982461,110804.60515999999,245483.690734928,300000.0,False,True
1318,4,0,1,NORMAL,0.01863140492426273,0.018383900115214156,0.01863140492426273,1.0,3300000000.0,6699999999.999996,61483636.250067,29044710.914493,526745.767833,86077946.849411,0.0,36890548.663062,36890548.647592,0.000108,221609.61599999998,499791.08124327834,110804.80800600002,245709.11388601203,300000.0,False,True
1319,4,0,1,NORMAL,0.01864848364197,0.018400970020166146,0.01864848364197,1.0,3300000000.0,6699999999.999996,61539996.018501,29073554.647437,527630.902452,86155510.355588,0.0,36923790.165724,36923790.150237,0.000108,221610.01766100002,499793.1591596889,110805.008839,245934.54500026806,300000.0,False,True
1320,4,0,1,NORMAL,0.018665562962391212,0.018418040532567764,0.018665562962391212,1.0,3300000000.0,6699999999.999996,61596357.775891,29102403.953822,528516.847727,86233074.00095,0.0,36957031.728036,36957031.712532,0.000108,221610.41533100003,499795.216417507,110805.20767399999,246159.98407400397,300000.0,False,True
1321,4,0,1,NORMAL,0.01868264288525394,0.018435111652095906,0.01868264288525394,1.0,3300000000.0,6699999999.999996,61652721.521338,29131258.834297,529403.603686,86310637.784111,0.0,36990273.349406,36990273.333884,0.000108,221610.809044,499797.25322195207,110805.40453100001,246385.431103564,300000.0,False,True
1322,4,0,1,NORMAL,0.01869972341028818,0.01845218337843089,0.01869972341028818,1.0,3300000000.0,6699999999.999996,61709087.253951,29160119.289521,530291.170358,86388201.703703,0.0,37023515.029243,37023515.013707,0.000108,221611.198844,499799.2697762086,110805.59942899998,246610.88608535202,300000.0,False,True
1323,4,0,1,NORMAL,0.01871680453722515,0.01846925571125633,0.01871680453722515,1.0,3300000000.0,6699999999.999996,61765454.972843,29188985.320158,531179.547771,86465765.758377,0.0,37056756.766972,37056756.751419,9.8e-05,221611.58476900004,499801.2662814455,110805.792393,246836.34901580398,300000.0,False,True
1324,4,0,1,NORMAL,0.018733886265801213,0.018486328650259225,0.018733886265801213,1.0,3300000000.0,6699999999.999996,61821824.677144,29217856.926871,532068.735954,86543329.946772,0.0,37089998.562012,37089998.546444,9.8e-05,221611.96685500004,499803.24293683673,110805.98343499999,247061.81989137197,300000.0,False,True
1325,4,0,1,NORMAL,0.018750968595754546,0.01850340219512989,0.018750968595754546,1.0,3300000000.0,6699999999.999996,61878196.36599,29246734.110333,532958.734935,86620894.267569,0.0,37123240.413796,37123240.398211,9.8e-05,221612.345145,499805.1999395806,110806.172581,247287.298708576,300000.0,False,True
1326,4,0,1,NORMAL,0.018768051526825154,0.01852047634556184,0.018768051526825154,1.0,3300000000.0,6699999999.999996,61934570.038523,29275616.871219,533849.544743,86698458.71945,0.0,37156482.321758,37156482.306157,9.8e-05,221612.71966999996,499807.13748491934,110806.35984300001,247512.78546396003,300000.0,False,True
1327,4,0,1,NORMAL,0.018785135058757573,0.018537551101251888,0.018785135058757573,1.0,3300000000.0,6699999999.999996,61990945.6939,29304505.210206,534741.165407,86776023.301113,0.0,37189724.28534,37189724.269726,9.8e-05,221613.09047700002,499809.05576615856,110806.54524499999,247738.28015409206,300000.0,False,True
1328,4,0,1,NORMAL,0.01880221919129788,0.018554626461900016,0.01880221919129788,1.0,3300000000.0,6699999999.999996,62047323.331283,29333399.127977,535633.596955,86853588.011266,0.0,37222966.303991,37222966.28836,9.8e-05,221613.457591,499810.95497468655,110806.728804,247963.78277559998,300000.0,False,True
1329,4,0,1,NORMAL,0.01881930392419606,0.01857170242720944,0.01881930392419606,1.0,3300000000.0,6699999999.999996,62103702.949847,29362298.625217,536526.839416,86931152.848633,0.0,37256208.377161,37256208.361516,9.8e-05,221613.82106000002,499812.8352999926,110806.910537,248189.29332513202,300000.0,False,True
1330,4,0,1,NORMAL,0.01883638925720303,0.01858877899688645,0.01883638925720303,1.0,3300000000.0,6699999999.999996,62160084.54877,29391203.70262,537420.892817,87008717.811959,0.0,37289450.504307,37289450.48865,8.9e-05,221614.18091399997,499814.69692968676,110807.090463,248414.811799388,300000.0,False,True
1331,4,0,1,NORMAL,0.018853475190073635,0.01860585617064046,0.018853475190073635,1.0,3300000000.0,6699999999.999996,62216468.127243,29420114.36088,538315.757188,87086282.899974,0.0,37322692.684889,37322692.669227,8.9e-05,221614.53718900002,499816.5400495176,110807.26859700002,248640.33819508002,300000.0,False,True
1332,4,0,1,NORMAL,0.018870561722564547,0.01862293394818395,0.018870561722564547,1.0,3300000000.0,6699999999.999996,62272853.684463,29449030.600693,539211.432557,87163848.111444,0.0,37355934.918384,37355934.902713,8.9e-05,221614.889921,499818.36484339094,110807.44496499999,248865.87250897198,300000.0,False,True
1333,4,0,1,NORMAL,0.018887648854435758,0.01864001232923245,0.018887648854435758,1.0,3300000000.0,6699999999.999996,62329241.219638,29477952.42276,540107.918952,87241413.445141,0.0,37389177.204266,37389177.188582,8.9e-05,221615.23914500006,499820.1714933881,110807.619579,249091.41473785203,300000.0,False,True
1334,4,0,1,NORMAL,0.018904736585449698,0.018657091313504532,0.018904736585449698,1.0,3300000000.0,6699999999.999996,62385630.731984,29506879.827791,541005.216402,87318978.899854,0.0,37422419.542007,37422419.526316,8.9e-05,221615.58490099994,499821.9601797838,110807.79245399998,249316.964878552,300000.0,False,True
1335,4,0,1,NORMAL,0.018921824915371213,0.01867417090072174,0.018921824915371213,1.0,3300000000.0,6699999999.999996,62442022.220725,29535812.816492,541903.324935,87396544.474376,0.0,37455661.931098,37455661.915394,8.9e-05,221615.92721300002,499823.73108106444,110807.963613,249542.52292793602,300000.0,False,True
1336,4,0,1,NORMAL,0.018938913843967575,0.018691251090608568,0.018938913843967575,1.0,3300000000.0,6699999999.999996,62498415.685093,29564751.38958,542802.24458,87474110.167519,0.0,37488904.371024,37488904.355309,8.9e-05,221616.26612699998,499825.484373945,110808.13306900002,249768.08888290002,300000.0,False,True
1337,4,0,1,NORMAL,0.01895600337100879,0.018708331882892452,0.01895600337100879,1.0,3300000000.0,6699999999.999996,62554811.124329,29593695.547767,543701.975365,87551675.978107,0.0,37522146.861283,37522146.845557,8.1e-05,221616.60166699998,499827.2202333874,110808.30083900002,249993.66274037198,300000.0,False,True
1338,4,0,1,NORMAL,0.01897309349626697,0.01872541327730371,0.01897309349626697,1.0,3300000000.0,6699999999.999996,62611208.537681,29622645.291778,544602.517318,87629241.904959,0.0,37555389.401374,37555389.385634,8.1e-05,221616.93387200002,499828.93883261766,110808.46694299999,250219.24449731602,300000.0,False,True
1339,4,0,1,NORMAL,0.018990184219516665,0.018742495273575514,0.018990184219516665,1.0,3300000000.0,6699999999.999996,62667607.924405,29651600.622337,545503.870468,87706807.946926,0.0,37588631.990801,37588631.975048,8.1e-05,221617.26277499995,499830.6403431424,110808.631394,250444.834150724,300000.0,False,True
1340,4,0,1,NORMAL,0.01900727554053606,0.018759577871443937,0.01900727554053606,1.0,3300000000.0,6699999999.999996,62724009.283769,29680561.54017,546406.034843,87784374.102865,0.0,37621874.629072,37621874.613305,8.1e-05,221617.58840599997,499832.3249347668,110808.79421000001,250670.43169762,300000.0,False,True
1341,4,0,1,NORMAL,0.01902436745910424,0.018776661070647828,0.01902436745910424,1.0,3300000000.0,6699999999.999996,62780412.615044,29709528.04601,547309.010472,87861940.371642,0.0,37655117.315703,37655117.299921,8.1e-05,221617.910801,499833.99277561076,110808.955408,250896.037135076,300000.0,False,True
1342,4,0,1,NORMAL,0.019041459975003637,0.01879374487092885,0.019041459975003637,1.0,3300000000.0,6699999999.999996,62836817.917512,29738500.14059,548212.797383,87939506.752134,0.0,37688360.050213,37688360.034416,8.1e-05,221618.22998899998,499835.6440321261,110809.11500199999,251121.650460176,300000.0,False,True
1343,4,0,1,NORMAL,0.019058553088018487,0.01881082927203141,0.019058553088018487,1.0,3300000000.0,6699999999.999996,62893225.190461,29767477.824651,549117.395604,88017073.243232,0.0,37721602.832122,37721602.816312,8.1e-05,221618.54600099998,499837.27886911255,110809.27300700001,251347.271670048,300000.0,False,True
1344,4,0,1,NORMAL,0.019075646797934546,0.018827914273702583,0.019075646797934546,1.0,3300000000.0,6699999999.999996,62949634.433184,29796461.098935,550022.805164,88094639.843842,0.0,37754845.660964,37754845.645139,7.3e-05,221618.85887300002,499838.89744973433,110809.429444,251572.90076184404,300000.0,False,True
1345,4,0,1,NORMAL,0.01909274110454212,0.01884499987569223,0.01909274110454212,1.0,3300000000.0,6699999999.999996,63006045.644989,29825449.964184,550929.026091,88172206.552859,0.0,37788088.536273,37788088.52043,7.3e-05,221619.16863400003,499840.4999355365,110809.58432599998,251798.53773273603,300000.0,False,True
1346,4,0,1,NORMAL,0.019109836007631817,0.01886208607775285,0.019109836007631817,1.0,3300000000.0,6699999999.999996,63062458.825185,29854444.421151,551836.058413,88249773.369215,0.0,37821331.45758,37821331.441723,7.3e-05,221619.47531200002,499842.0864864611,110809.73766299999,252024.182579956,300000.0,False,True
1347,4,0,1,NORMAL,0.019126931506998786,0.018879172879639687,0.019126931506998786,1.0,3300000000.0,6699999999.999996,63118873.973096,29883444.470584,552743.902158,88327340.291843,0.0,37854574.42443,37854574.408562,7.3e-05,221619.778945,499843.65726086206,110809.88947799998,252249.83530073997,300000.0,False,True
1348,4,0,1,NORMAL,0.019144027602436667,0.018896260281110463,0.019144027602436667,1.0,3300000000.0,6699999999.999996,63175291.088041,29912450.113242,553652.557355,88404907.319683,0.0,37887817.436377,37887817.420491,7.3e-05,221620.07955599995,499845.2124155222,110810.039787,252475.495892384,300000.0,False,True
1349,4,0,1,NORMAL,0.01916112429374485,0.018913348281925584,0.01916112429374485,1.0,3300000000.0,6699999999.999996,63231710.169358,29941461.349882,554562.024032,88482474.451692,0.0,37921060.492964,37921060.477064,7.3e-05,221620.37717799994,499846.7521056682,110810.188596,252701.164352164,300000.0,False,True
1350,4,0,1,NORMAL,0.01917822158072394,0.01893043688184806,0.01917822158072394,1.0,3300000000.0,6699999999.999996,63288131.216389,29970478.181265,555472.302218,88560041.686833,0.0,37954303.59375,37954303.577835,7.3e-05,221620.67183900005,499848.2764849856,110810.335927,252926.84067743202,300000.0,False,True
1351,4,0,1,NORMAL,0.019195319463174848,0.01894752608064334,0.019195319463174848,1.0,3300000000.0,6699999999.999996,63344554.228477,29999500.608159,556383.39194,88637609.024086,0.0,37987546.738298,37987546.722368,6.6e-05,221620.963573,499849.78570563486,110810.481794,253152.524865556,300000.0,False,True
1352,4,0,1,NORMAL,0.019212417940903333,0.018964615878079467,0.019212417940903333,1.0,3300000000.0,6699999999.999996,63400979.204981,30028528.631332,557295.293227,88715176.462425,0.0,38020789.926171,38020789.910223,6.6e-05,221621.252406,499851.2799182659,110810.626212,253378.21691390802,300000.0,False,True
1353,4,0,1,NORMAL,0.019229517013715454,0.01898170627392695,0.019229517013715454,1.0,3300000000.0,6699999999.999996,63457406.145261,30057562.251555,558208.006107,88792744.000849,0.0,38054033.156935,38054033.140975,6.6e-05,221621.53836399995,499852.75927203347,110810.769188,253603.916819924,300000.0,False,True
1354,4,0,1,NORMAL,0.01924661668142182,0.01899879726795888,0.01924661668142182,1.0,3300000000.0,6699999999.999996,63513835.048692,30086601.469599,559121.530609,88870311.638364,0.0,38087276.430167,38087276.414192,6.6e-05,221621.821479,499854.2239146113,110810.91074699999,253829.624581044,300000.0,False,True
1355,4,0,1,NORMAL,0.01926371694383091,0.019015888859950626,0.01926371694383091,1.0,3300000000.0,6699999999.999996,63570265.914642,30115646.286248,560035.86676,88947879.373984,0.0,38120519.745442,38120519.729455,6.6e-05,221622.10177799998,499855.6739922077,110811.05089500001,254055.340194768,300000.0,False,True
1356,4,0,1,NORMAL,0.019280817800756665,0.01903298104968005,0.019280817800756665,1.0,3300000000.0,6699999999.999996,63626698.742497,30144696.702278,560951.014589,89025447.20673,0.0,38153763.102351,38153763.086344,6.6e-05,221622.37929,499857.10964957904,110811.18965500001,254281.063658568,300000.0,False,True
1357,4,0,1,NORMAL,0.019297919252015152,0.019050073836927476,0.019297919252015152,1.0,3300000000.0,6699999999.999996,63683133.53165,30173752.718476,561866.974124,89103015.135643,0.0,38187006.500468,38187006.484446,6.6e-05,221622.65404500003,499858.53103004507,110811.32702999999,254506.79496998797,300000.0,False,True
1358,4,0,1,NORMAL,0.019315021297422425,0.019067167221475535,0.019315021297422425,1.0,3300000000.0,6699999999.999996,63739570.281494,30202814.335629,562783.745393,89180583.159769,0.0,38220249.939387,38220249.923353,6e-05,221622.92606599999,499859.9382755026,110811.46303900001,254732.5341266,300000.0,False,True
1359,4,0,1,NORMAL,0.019332123936797577,0.019084261203109215,0.019332123936797577,1.0,3300000000.0,6699999999.999996,63796008.991432,30231881.554526,563701.328425,89258151.27815,0.0,38253493.418703,38253493.402657,6e-05,221623.19538200003,499861.33152643964,110811.59769699998,254958.28112597603,300000.0,False,True
1360,4,0,1,NORMAL,0.019349227169961517,0.019101355781615818,0.019349227169961517,1.0,3300000000.0,6699999999.999996,63852449.660873,30260954.375961,564619.723247,89335719.489852,0.0,38286736.938018,38286736.921956,6e-05,221623.462018,499862.7109219493,110811.73101700001,255184.03596572802,300000.0,False,True
1361,4,0,1,NORMAL,0.019366330996738183,0.019118450956785004,0.019366330996738183,1.0,3300000000.0,6699999999.999996,63908892.289236,30290032.800729,565538.929888,89413287.79395,0.0,38319980.496928,38319980.480852,6e-05,221623.72600200004,499864.07659974426,110811.863008,255409.79864349202,300000.0,False,True
1362,4,0,1,NORMAL,0.019383435416952425,0.01913554672840871,0.019383435416952425,1.0,3300000000.0,6699999999.999996,63965336.875943,30319116.829627,566458.948376,89490856.189524,0.0,38353224.095042,38353224.078953,6e-05,221623.987363,499865.4286961694,110811.99368799997,255635.56915694402,300000.0,False,True
1363,4,0,1,NORMAL,0.019400540430429696,0.019152643096281036,0.019400540430429696,1.0,3300000000.0,6699999999.999996,64021783.420418,30348206.463462,567379.778739,89568424.675664,0.0,38386467.731972,38386467.715868,6e-05,221624.246125,499866.76734621637,110812.12307,255861.34750377203,300000.0,False,True
1364,4,0,1,NORMAL,0.019417646037000302,0.019169740060198406,0.019417646037000302,1.0,3300000000.0,6699999999.999996,64078231.922101,30377301.703036,568301.421006,89645993.25147,0.0,38419711.407327,38419711.391213,6e-05,221624.502312,499868.0926835359,110812.25116100001,256087.13368167198,300000.0,False,True
1365,4,0,1,NORMAL,0.019434752236495455,0.01918683761995951,0.019434752236495455,1.0,3300000000.0,6699999999.999996,64134682.380435,30406402.549154,569223.875204,89723561.916057,0.0,38452955.120728,38452955.104603,5.4e-05,221624.75595299999,499869.40484045213,110812.377982,256312.927688404,300000.0,False,True
1366,4,0,1,NORMAL,0.019451859028746365,0.01920393577536511,0.019451859028746365,1.0,3300000000.0,6699999999.999996,64191134.794863,30435509.00263,570147.141361,89801130.668528,0.0,38486198.871797,38486198.855661,5.4e-05,221625.00706899998,499870.7039479753,110812.50353999999,256538.72952174,300000.0,False,True
1367,4,0,1,NORMAL,0.01946896641358879,0.019221034526218254,0.01946896641358879,1.0,3300000000.0,6699999999.999996,64247589.164843,30464621.064275,571071.219506,89878699.508018,0.0,38519442.660156,38519442.644012,5.4e-05,221625.25569,499871.99013581476,110812.62784900001,256764.539179452,300000.0,False,True
1368,4,0,1,NORMAL,0.019486074390857578,0.019238133872324016,0.019486074390857578,1.0,3300000000.0,6699999999.999996,64304045.48983,30493738.734906,571996.109667,89956268.433658,0.0,38552686.48544,38552686.469286,5.4e-05,221625.50183800003,499873.26353239175,110812.750924,256990.35665937202,300000.0,False,True
1369,4,0,1,NORMAL,0.019503182960391514,0.01925523381348966,0.019503182960391514,1.0,3300000000.0,6699999999.999996,64360503.769292,30522862.015341,572921.811872,90033837.444592,0.0,38585930.347282,38585930.331114,5.4e-05,221625.74553800002,499874.5242648524,110812.87277599999,257216.18195932003,300000.0,False,True
1370,4,0,1,NORMAL,0.019520292122030606,0.01927233434952456,0.019520292122030606,1.0,3300000000.0,6699999999.999996,64416964.002701,30551990.906402,573848.326149,90111406.539972,0.0,38619174.245315,38619174.229133,5.4e-05,221625.98681200002,499875.77245908027,110812.99341300002,257442.015077168,300000.0,False,True
1371,4,0,1,NORMAL,0.019537401875616665,0.01928943548024018,0.019537401875616665,1.0,3300000000.0,6699999999.999996,64473426.189535,30581125.408913,574775.652526,90188975.71896,0.0,38652418.179178,38652418.162983,5.4e-05,221626.225689,499877.00823970896,110813.112851,257667.856010804,300000.0,False,True
1372,4,0,1,NORMAL,0.019554512220993636,0.019306537205450086,0.019554512220993636,1.0,3300000000.0,6699999999.999996,64529890.329279,30610265.523699,575703.791031,90266544.980728,0.0,38685662.148517,38685662.132307,4.9e-05,221626.462189,499878.23173013417,110813.23110199998,257893.70475813997,300000.0,False,True
1373,4,0,1,NORMAL,0.019571623158006667,0.019323639524969866,0.019571623158006667,1.0,3300000000.0,6699999999.999996,64586356.421422,30639411.251591,576632.741692,90344114.324444,0.0,38718906.152978,38718906.136754,4.9e-05,221626.69633999997,499879.4430525263,110813.34817700002,258119.561317116,300000.0,False,True
1374,4,0,1,NORMAL,0.019588734686501515,0.01934074243861707,0.019588734686501515,1.0,3300000000.0,6699999999.999996,64642824.465455,30668562.593421,577562.504538,90421683.749296,0.0,38752150.192212,38752150.175973,4.9e-05,221626.928157,499880.6423278426,110813.46408599999,258345.42568568798,300000.0,False,True
1375,4,0,1,NORMAL,0.01960584680632788,0.019357845946211316,0.01960584680632788,1.0,3300000000.0,6699999999.999996,64699294.460882,30697719.550022,578493.079596,90499253.254478,0.0,38785394.265876,38785394.24962,4.9e-05,221627.157675,499881.8296758389,110813.57884599997,258571.29786182003,300000.0,False,True
1376,4,0,1,NORMAL,0.01962295951733606,0.019374950047574203,0.01962295951733606,1.0,3300000000.0,6699999999.999996,64755766.407209,30726882.122232,579424.466895,90576822.839191,0.0,38818638.373622,38818638.357353,4.9e-05,221627.384905,499883.0052150819,110813.69245900001,258797.177843528,300000.0,False,True
1377,4,0,1,NORMAL,0.019640072819377578,0.01939205474252926,0.019640072819377578,1.0,3300000000.0,6699999999.999996,64812240.303946,30756050.31089,580356.666462,90654392.502643,0.0,38851882.515117,38851882.498831,4.9e-05,221627.609877,499884.16906296066,110813.804947,259023.06562883602,300000.0,False,True
1378,4,0,1,NORMAL,0.019657186712306363,0.019409160030901977,0.019657186712306363,1.0,3300000000.0,6699999999.999996,64868716.150611,30785224.116841,581289.678325,90731962.244053,0.0,38885126.69002,38885126.673719,4.9e-05,221627.83261100005,499885.3213356984,110813.916313,259248.96121578402,300000.0,False,True
1379,4,0,1,NORMAL,0.019674301195978485,0.019426265912519818,0.019674301195978485,1.0,3300000000.0,6699999999.999996,64925193.946729,30814403.540925,582223.502513,90809532.062648,0.0,38918370.898002,38918370.881684,4.5e-05,221628.05312899998,499886.4621483639,110814.026573,259474.864602444,300000.0,False,True
1380,4,0,1,NORMAL,0.019691416270250606,0.019443372387212127,0.019691416270250606,1.0,3300000000.0,6699999999.999996,64981673.691827,30843588.583993,583158.139054,90887101.957656,0.0,38951615.138727,38951615.122398,4.5e-05,221628.27145499998,499887.59161488333,110814.13573300002,259700.77578691603,300000.0,False,True
1381,4,0,1,NORMAL,0.019708531934980605,0.019460479454810095,0.019708531934980605,1.0,3300000000.0,6699999999.999996,65038155.385436,30872779.246893,584093.587975,90964671.928315,0.0,38984859.411881,38984859.395536,4.5e-05,221628.48761,499888.7098480512,110814.24381300001,259926.694767308,300000.0,False,True
1382,4,0,1,NORMAL,0.019725648190029393,0.019477587115146827,0.019725648190029393,1.0,3300000000.0,6699999999.999996,65094639.027097,30901975.530477,585029.849305,91042241.973877,0.0,39018103.717131,39018103.700776,4.5e-05,221628.701614,499889.8169595415,110814.35081199999,260152.621541744,300000.0,False,True
1383,4,0,1,NORMAL,0.01974276503525818,0.01949469536805724,0.01974276503525818,1.0,3300000000.0,6699999999.999996,65151124.616352,30931177.435601,585966.923072,91119812.093596,0.0,39051348.054165,39051348.037795,4.5e-05,221628.91349099998,499890.9130599195,110814.45675299999,260378.556108388,300000.0,False,True
1384,4,0,1,NORMAL,0.019759882470531516,0.019511804213378163,0.019759882470531516,1.0,3300000000.0,6699999999.999996,65207612.152754,30960384.96312,586904.809304,91197382.286735,0.0,39084592.422662,39084592.40628,4.5e-05,221629.12325999996,499891.9982586517,110814.56163599998,260604.498465408,300000.0,False,True
1385,4,0,1,NORMAL,0.019777000495713334,0.019528913650948176,0.019777000495713334,1.0,3300000000.0,6699999999.999996,65264101.635854,30989598.113892,587843.508028,91274952.552562,0.0,39117836.822312,39117836.805918,4.5e-05,221629.330942,499893.07266411773,110814.66547700002,260830.448611016,300000.0,False,True
1386,4,0,1,NORMAL,0.01979411911067,0.01954602368060765,0.01979411911067,1.0,3300000000.0,6699999999.999996,65320593.065211,31018816.888781,588783.019273,91352522.890359,0.0,39151081.252806,39151081.236398,4.1e-05,221629.53655999998,499894.13638362044,110814.76828699998,261056.40654341603,300000.0,False,True
1387,4,0,1,NORMAL,0.01981123831526909,0.01956313430219871,0.01981123831526909,1.0,3300000000.0,6699999999.999996,65377086.440388,31048041.288649,589723.343066,91430093.2994,0.0,39184325.713838,39184325.697415,4.1e-05,221629.740131,499895.1895233969,110814.870073,261282.372260844,300000.0,False,True
1388,4,0,1,NORMAL,0.01982835810938091,0.019580245515565302,0.01982835810938091,1.0,3300000000.0,6699999999.999996,65433581.760957,31077271.314365,590664.479436,91507663.778985,0.0,39217570.2051,39217570.188663,4.1e-05,221629.94168000002,499896.23218862875,110814.97084699999,261508.34576155202,300000.0,False,True
1389,4,0,1,NORMAL,0.019845478492876666,0.019597357320553135,0.019845478492876666,1.0,3300000000.0,6699999999.999996,65490079.026493,31106506.966793,591606.428411,91585234.32841,0.0,39250814.726291,39250814.709842,4.1e-05,221630.14122000002,499897.2644834532,110815.07061599998,261734.32704382806,300000.0,False,True
1390,4,0,1,NORMAL,0.019862599465628485,0.019614469717009614,0.019862599465628485,1.0,3300000000.0,6699999999.999996,65546578.236574,31135748.246807,592549.190018,91662804.94698,0.0,39284059.277118,39284059.260655,4.1e-05,221630.33878,499898.2865109724,110815.16939699999,261960.316105972,300000.0,False,True
1391,4,0,1,NORMAL,0.019879721027509695,0.019631582704783813,0.019879721027509695,1.0,3300000000.0,6699999999.999996,65603079.390782,31164995.155279,593492.764286,91740375.634008,0.0,39317303.857281,39317303.840807,4.1e-05,221630.53437100002,499899.2983732647,110815.267191,262186.312946296,300000.0,False,True
1392,4,0,1,NORMAL,0.019896843178396666,0.01964869628372658,0.019896843178396666,1.0,3300000000.0,6699999999.999996,65659582.488709,31194247.693082,594437.151242,91817946.388812,0.0,39350548.466493,39350548.450007,4.1e-05,221630.72802,499900.3001713944,110815.364016,262412.31756312796,300000.0,False,True
1393,4,0,1,NORMAL,0.01991396591816515,0.01966581045369036,0.01991396591816515,1.0,3300000000.0,6699999999.999996,65716087.529945,31223505.861097,595382.350915,91895517.210723,0.0,39383793.104464,39383793.087965,3.7e-05,221630.919743,499901.29200542165,110815.45987800001,262638.329954836,300000.0,False,True
1394,4,0,1,NORMAL,0.01993108924669333,0.019682925214529263,0.01993108924669333,1.0,3300000000.0,6699999999.999996,65772594.514088,31252769.660201,596328.363332,91973088.099063,0.0,39417037.770908,39417037.754395,3.7e-05,221631.10955400002,499902.2739744127,110815.55478399999,262864.35011978,300000.0,False,True
1395,4,0,1,NORMAL,0.019948213163861212,0.01970004056609907,0.019948213163861212,1.0,3300000000.0,6699999999.999996,65829103.440742,31282039.091277,597275.188522,92050659.053178,0.0,39450282.465543,39450282.449014,3.7e-05,221631.29748399998,499903.2461764494,110815.64875000001,263090.37805635197,300000.0,False,True
1396,4,0,1,NORMAL,0.019965337669549697,0.019717156508257176,0.019965337669549697,1.0,3300000000.0,6699999999.999996,65885614.309514,31311314.15521,598222.826512,92128230.072415,0.0,39483527.188082,39483527.171542,3.7e-05,221631.48354100002,499904.2087086394,110815.741776,263316.41376296803,300000.0,False,True
1397,4,0,1,NORMAL,0.019982462763641514,0.01973427304086262,0.019982462763641514,1.0,3300000000.0,6699999999.999996,65942127.120017,31340594.852883,599171.27733,92205801.156124,0.0,39516771.938254,39516771.921701,3.7e-05,221631.66774900001,499905.16166712553,110815.83388100001,263542.457238056,300000.0,False,True
1398,4,0,1,NORMAL,0.01999958844602,0.019751390163776,0.01999958844602,1.0,3300000000.0,6699999999.999996,65998641.871866,31369881.185183,600120.541004,92283372.303662,0.0,39550016.715783,39550016.699216,3.7e-05,221631.85012000005,499906.10514709546,110815.92506699999,263768.508480068,300000.0,False,True
1399,4,0,1,NORMAL,0.020016714716570305,0.019768507876859503,0.020016714716570305,1.0,3300000000.0,6699999999.999996,66055158.564682,31399173.153005,601070.617562,92360943.514398,0.0,39583261.520395,39583261.503814,3.7e-05,221632.03068199998,499907.0392427911,110816.015348,263994.567487464,300000.0,False,True
1400,4,0,1,NORMAL,0.020033841575178485,0.019785626179976857,0.020033841575178485,1.0,3300000000.0,6699999999.999996,66111677.198089,31428470.757239,602021.507032,92438514.787705,0.0,39616506.351821,39616506.335227,3.4e-05,221632.209447,499907.96404751827,110816.10473,264220.634258728,300000.0,False,True
1401,4,0,1,NORMAL,0.020050969021732423,0.019802745072993344,0.020050969021732423,1.0,3300000000.0,6699999999.999996,66168197.771717,31457773.998777,602973.209442,92516086.122952,0.0,39649751.209799,39649751.193188,3.4e-05,221632.38643299998,499908.8796536554,110816.19322499998,264446.708792356,300000.0,False,True
1402,4,0,1,NORMAL,0.020068097056121816,0.019819864555775828,0.020068097056121816,1.0,3300000000.0,6699999999.999996,66224720.285202,31487082.878518,603925.72482,92593657.519531,0.0,39682996.094054,39682996.077435,3.4e-05,221632.56165999998,499909.78615266335,110816.280834,264672.791086868,300000.0,False,True
1403,4,0,1,NORMAL,0.020085225678235757,0.0198369846281926,0.020085225678235757,1.0,3300000000.0,6699999999.999996,66281244.738178,31516397.39736,604879.053194,92671228.976828,0.0,39716241.004333,39716240.987704,3.4e-05,221632.73514199996,499910.6836350941,110816.367576,264898.88114080793,300000.0,False,True
1404,4,0,1,NORMAL,0.02010235488796697,0.019854105290113527,0.02010235488796697,1.0,3300000000.0,6699999999.999996,66337771.130291,31545717.556202,605833.194591,92748800.49424,0.0,39749485.94038,39749485.923735,3.4e-05,221632.90690199996,499911.57219060004,110816.45345900001,265124.97895271203,300000.0,False,True
1405,4,0,1,NORMAL,0.020119484685207575,0.01987122654140992,0.020119484685207575,1.0,3300000000.0,6699999999.999996,66394299.461185,31575043.355947,606788.14904,92826372.071169,0.0,39782730.901935,39782730.885273,3.4e-05,221633.07695099997,499912.45190794265,110816.53848400002,265351.084521164,300000.0,False,True
1406,4,0,1,NORMAL,0.02013661506985212,0.01988834838195458,0.02013661506985212,1.0,3300000000.0,6699999999.999996,66450829.730512,31604374.797499,607743.916568,92903943.707024,0.0,39815975.888742,39815975.872066,3.4e-05,221633.24531,499913.3228750014,110816.622662,265577.19784474,300000.0,False,True
1407,4,0,1,NORMAL,0.020153746041795758,0.019905470811621754,0.020153746041795758,1.0,3300000000.0,6699999999.999996,66507361.937926,31633711.881764,608700.497203,92981515.40122,0.0,39849220.900553,39849220.883862,3.1e-05,221633.41199299996,499914.18517878314,110816.706004,265803.318922048,300000.0,False,True
1408,4,0,1,NORMAL,0.020170877600935454,0.019922593830287157,0.020170877600935454,1.0,3300000000.0,6699999999.999996,66563896.083087,31663054.60965,609657.890973,93059087.153172,0.0,39882465.937119,39882465.920409,3.1e-05,221633.57701699997,499915.03890542925,110816.78851800002,266029.447751704,300000.0,False,True
1409,4,0,1,NORMAL,0.020188009747169396,0.019939717437827947,0.020188009747169396,1.0,3300000000.0,6699999999.999996,66620432.165659,31692402.982066,610616.097906,93136658.962309,0.0,39915710.99819,39915710.981465,3.1e-05,221633.74040100002,499915.8841402258,110816.870208,266255.584332348,300000.0,False,True
1410,4,0,1,NORMAL,0.020205142480395455,0.019956841634122625,0.020205142480395455,1.0,3300000000.0,6699999999.999996,66676970.185305,31721756.999925,611575.11803,93214230.82806,0.0,39948956.083526,39948956.066786,3.1e-05,221633.90215900002,499916.72096761136,110816.95108700001,266481.728662636,300000.0,False,True
1411,4,0,1,NORMAL,0.020222275800514243,0.01997396641905112,0.020222275800514243,1.0,3300000000.0,6699999999.999996,66733510.141697,31751116.664142,612534.951373,93291802.749864,0.0,39982201.192883,39982201.176129,3.1e-05,221634.062308,499917.54947118514,110817.03116100002,266707.88074122,300000.0,False,True
1412,4,0,1,NORMAL,0.020239409707428182,0.019991091792494805,0.020239409707428182,1.0,3300000000.0,6699999999.999996,66790052.034513,31780481.97563,613495.597962,93369374.727164,0.0,40015446.326022,40015446.309255,3.1e-05,221634.220865,499918.36973371595,110817.110439,266934.040566788,300000.0,False,True
1413,4,0,1,NORMAL,0.020256544201038788,0.020008217754336352,0.020256544201038788,1.0,3300000000.0,6699999999.999996,66846595.863428,31809852.935309,614457.057825,93446946.759407,0.0,40048691.482708,40048691.465929,3.1e-05,221634.37784600002,499919.18183714995,110817.18892900001,267160.20813805197,300000.0,False,True
1414,4,0,1,NORMAL,0.020273679281250907,0.020025344304459874,0.020273679281250907,1.0,3300000000.0,6699999999.999996,66903141.628128,31839229.544096,615419.330991,93524518.846051,0.0,40081936.662704,40081936.645915,2.8e-05,221634.53326400003,499919.98586261895,110817.266637,267386.383453712,300000.0,False,True
1415,4,0,1,NORMAL,0.02029081494796788,0.020042471442750717,0.02029081494796788,1.0,3300000000.0,6699999999.999996,66959689.328294,31868611.802913,616382.417487,93602090.986545,0.0,40115181.865786,40115181.848982,2.8e-05,221634.68713700003,499920.7818904487,110817.343576,267612.566512512,300000.0,False,True
1416,4,0,1,NORMAL,0.020307951201097574,0.02005959916909568,0.020307951201097574,1.0,3300000000.0,6699999999.999996,67016238.963622,31897999.712683,617346.317341,93679663.180362,0.0,40148427.091711,40148427.074904,2.8e-05,221634.839481,499921.5700001666,110817.419742,267838.757313176,300000.0,False,True
1417,4,0,1,NORMAL,0.020325088040545454,0.02007672748338276,0.020325088040545454,1.0,3300000000.0,6699999999.999996,67072790.5338,31927393.27433,618311.03058,93757235.426965,0.0,40181672.340266,40181672.323447,2.8e-05,221634.99030399998,499922.3502705096,110817.495158,268064.955854488,300000.0,False,True
1418,4,0,1,NORMAL,0.02034222546622,0.020093856385501294,0.02034222546622,1.0,3300000000.0,6699999999.999996,67129344.038526,31956792.488782,619276.557233,93834807.725832,0.0,40214917.611221,40214917.594388,2.8e-05,221635.13962999996,499923.1227794324,110817.569822,268291.1621352,300000.0,False,True
1419,4,0,1,NORMAL,0.020359363478031817,0.020110985875341977,0.020359363478031817,1.0,3300000000.0,6699999999.999996,67185899.477505,31986197.356964,620242.897327,93912380.076443,0.0,40248162.904351,40248162.887506,2.8e-05,221635.28747000004,499923.887604115,110817.643741,268517.376154104,300000.0,False,True
1420,4,0,1,NORMAL,0.02037650207589091,0.020128115952796746,0.02037650207589091,1.0,3300000000.0,6699999999.999996,67242456.85044,32015607.879806,621210.05089,93989952.478283,0.0,40281408.219437,40281408.202579,2.8e-05,221635.43383899998,499924.6448209702,110817.71692600002,268743.59791002,300000.0,False,True
1421,4,0,1,NORMAL,0.020393641259708484,0.020145246617758794,0.020393641259708484,1.0,3300000000.0,6699999999.999996,67299016.157038,32045024.058244,622178.01795,94067524.930847,0.0,40314653.556259,40314653.53939,2.6e-05,221635.57875699995,499925.39450565143,110817.789384,268969.82740176,300000.0,False,True
1422,4,0,1,NORMAL,0.02041078102939697,0.020162377870122546,0.02041078102939697,1.0,3300000000.0,6699999999.999996,67355577.39701,32074445.893208,623146.798535,94145097.433624,0.0,40347898.914601,40347898.897721,2.6e-05,221635.722227,499926.1367330605,110817.861119,269196.064628152,300000.0,False,True
1423,4,0,1,NORMAL,0.020427921384871515,0.02017950970978377,0.020427921384871515,1.0,3300000000.0,6699999999.999996,67412140.570076,32103873.385631,624116.392673,94222669.986117,0.0,40381144.294251,40381144.277357,2.6e-05,221635.86427200004,499926.8715773547,110817.93214299998,269422.30958804,300000.0,False,True
1424,4,0,1,NORMAL,0.02044506232604394,0.02019664213663927,0.02044506232604394,1.0,3300000000.0,6699999999.999996,67468705.675945,32133306.536455,625086.800391,94300242.587829,0.0,40414389.694998,40414389.678089,2.6e-05,221636.00490300005,499927.5991119541,110818.00245900001,269648.56228030403,300000.0,False,True
1425,4,0,1,NORMAL,0.02046220385283303,0.020213775150587258,0.02046220385283303,1.0,3300000000.0,6699999999.999996,67525272.714349,32162745.346613,626058.021717,94377815.238274,0.0,40447635.116629,40447635.099706,2.6e-05,221636.14413800003,499928.31940954935,110818.07207599998,269874.82270378,300000.0,False,True
1426,4,0,1,NORMAL,0.020479345965154546,0.020230908751527082,0.020479345965154546,1.0,3300000000.0,6699999999.999996,67581841.68501,32192189.817049,627030.056679,94455387.936968,0.0,40480880.558933,40480880.542002,2.6e-05,221636.281988,499929.0325421085,110818.14099799999,270101.090857396,300000.0,False,True
1427,4,0,1,NORMAL,0.020496488662926363,0.020248042939359293,0.020496488662926363,1.0,3300000000.0,6699999999.999996,67638412.587657,32221639.948699,628002.905305,94532960.683426,0.0,40514126.021715,40514126.004768,2.6e-05,221636.418464,499929.73858088447,110818.20924,270327.36674004,300000.0,False,True
1428,4,0,1,NORMAL,0.020513631946066667,0.020265177713985574,0.020513631946066667,1.0,3300000000.0,6699999999.999996,67694985.42202,32251095.742513,628976.567623,94610533.477178,0.0,40547371.504763,40547371.487803,2.4e-05,221636.553583,499930.4375964217,110818.276798,270553.650350628,300000.0,False,True
1429,4,0,1,NORMAL,0.020530775814496062,0.020282313075308835,0.020530775814496062,1.0,3300000000.0,6699999999.999996,67751560.187837,32280557.199431,629951.04366,94688106.317749,0.0,40580617.00788,40580616.990903,2.4e-05,221636.687359,499931.1296585638,110818.34368800001,270779.94168808,300000.0,False,True
1430,4,0,1,NORMAL,0.020547920268135154,0.020299449023233114,0.020547920268135154,1.0,3300000000.0,6699999999.999996,67808136.884846,32310024.320403,630926.333444,94765679.204678,0.0,40613862.53086,40613862.51387,2.4e-05,221636.81980500004,499931.8148364602,110818.409909,271006.240751348,300000.0,False,True
1431,4,0,1,NORMAL,0.020565065306905755,0.020316585557663608,0.020565065306905755,1.0,3300000000.0,6699999999.999996,67864715.512789,32339497.106373,631902.437003,94843252.1375,0.0,40647108.073512,40647108.056505,2.4e-05,221636.95093100006,499932.49319857283,110818.475474,271232.547539384,300000.0,False,True
1432,4,0,1,NORMAL,0.020582210930730302,0.020333722678506624,0.020582210930730302,1.0,3300000000.0,6699999999.999996,67921296.07141,32368975.558294,632879.354364,94920825.11576,0.0,40680353.635636,40680353.618616,2.4e-05,221637.08075500006,499933.16481268324,110818.54038399999,271458.862051156,300000.0,False,True
1433,4,0,1,NORMAL,0.020599357139533637,0.020350860385669658,0.020599357139533637,1.0,3300000000.0,6699999999.999996,67977878.560461,32398459.677112,633857.085556,94998398.139006,0.0,40713599.217041,40713599.200005,2.4e-05,221637.209286,499933.8297458991,110818.60465100002,271685.18428564,300000.0,False,True
1434,4,0,1,NORMAL,0.020616503933239393,0.020367998679061253,0.020616503933239393,1.0,3300000000.0,6699999999.999996,68034462.97969,32427949.463784,634835.630606,95075971.20679,0.0,40746844.817535,40746844.800483,2.4e-05,221637.33654,499934.48806466156,110818.66827800003,271911.514241844,300000.0,False,True
1435,4,0,1,NORMAL,0.02063365131177424,0.020385137558591122,0.02063365131177424,1.0,3300000000.0,6699999999.999996,68091049.328855,32457444.919263,635814.989542,95153544.318674,0.0,40780090.436924,40780090.419858,2.2e-05,221637.462528,499935.1398347508,110818.731271,272137.85191876,300000.0,False,True
1436,4,0,1,NORMAL,0.02065079927506394,0.020402277024170017,0.02065079927506394,1.0,3300000000.0,6699999999.999996,68147637.607711,32486946.044505,636795.162392,95231117.474212,0.0,40813336.075021,40813336.057944,2.2e-05,221637.587259,499935.78512129345,110818.79363500002,272364.19731541997,300000.0,False,True
1437,4,0,1,NORMAL,0.020667947823036364,0.02041941707570978,0.020667947823036364,1.0,3300000000.0,6699999999.999996,68204227.81602,32516452.840465,637776.149183,95308690.672972,0.0,40846581.731644,40846581.714554,2.2e-05,221637.710753,499936.42398876866,110818.855383,272590.550430844,300000.0,False,True
1438,4,0,1,NORMAL,0.020685096955619698,0.020436557713123325,0.020685096955619698,1.0,3300000000.0,6699999999.999996,68260819.953545,32545965.308104,638757.949943,95386263.914526,0.0,40879827.406608,40879827.389503,2.2e-05,221637.833021,499937.056501015,110818.916518,272816.91126408,300000.0,False,True
1439,4,0,1,NORMAL,0.020702246672743032,0.0204536989363246,0.020702246672743032,1.0,3300000000.0,6699999999.999996,68317414.020052,32575483.44838,639740.5647,95463837.198445,0.0,40913073.099729,40913073.08261,2.2e-05,221637.954066,499937.68272123585,110818.97704000003,273043.27981418004,300000.0,False,True
1440,4,0,1,NORMAL,0.020719396974336668,0.020470840745228605,0.020719396974336668,1.0,3300000000.0,6699999999.999996,68374010.015311,32605007.262256,640723.993482,95541410.52431,0.0,40946318.810827,40946318.793693,2.2e-05,221638.073911,499938.30271200684,110819.03696299998,273269.656080208,300000.0,False,True
1441,4,0,1,NORMAL,0.020736547860332424,0.02048798313975143,0.020736547860332424,1.0,3300000000.0,6699999999.999996,68430607.939097,32634536.750693,641708.236316,95618983.891703,0.0,40979564.539723,40979564.522573,2.2e-05,221638.19256199995,499938.9165352816,110819.09628900002,273496.04006124404,300000.0,False,True
1442,4,0,1,NORMAL,0.020753699330662123,0.020505126119810185,0.020753699330662123,1.0,3300000000.0,6699999999.999996,68487207.791185,32664071.914656,642693.29323,95696557.300214,0.0,41012810.286238,41012810.269076,2e-05,221638.31003599995,499939.5242523975,110819.15502400002,273722.431756388,300000.0,False,True
1443,4,0,1,NORMAL,0.02077085138525727,0.020522269685322902,0.02077085138525727,1.0,3300000000.0,6699999999.999996,68543809.571349,32693612.755113,643679.164252,95774130.749428,0.0,41046056.050199,41046056.033024,2e-05,221638.42633699998,499940.12592408265,110819.21317500003,273948.83116474,300000.0,False,True
1444,4,0,1,NORMAL,0.020788004024053335,0.020539413836208737,0.020788004024053335,1.0,3300000000.0,6699999999.999996,68600413.279376,32723159.273029,644665.84941,95851704.238945,0.0,41079301.831429,41079301.814243,2e-05,221638.541483,499940.721610461,110819.27074700003,274175.23828539596,300000.0,False,True
1445,4,0,1,NORMAL,0.02080515724698394,0.020556558572387782,0.02080515724698394,1.0,3300000000.0,6699999999.999996,68657018.915047,32752711.469372,645653.348731,95929277.768361,0.0,41112547.629762,41112547.612562,2e-05,221638.65548400002,499941.3113710594,110819.32774899999,274401.653117504,300000.0,False,True
1446,4,0,1,NORMAL,0.02082231105398515,0.020573703893781162,0.02082231105398515,1.0,3300000000.0,6699999999.999996,68713626.478151,32782269.345112,646641.662243,96006851.337281,0.0,41145793.445024,41145793.427812,2e-05,221638.76835199998,499941.89526481257,110819.38418200001,274628.07566018804,300000.0,False,True
1447,4,0,1,NORMAL,0.020839465444992728,0.020590849800310944,0.020839465444992728,1.0,3300000000.0,6699999999.999996,68770235.968476,32811832.901222,647630.789974,96084424.945312,0.0,41179039.277045,41179039.259825,2e-05,221638.88009600004,499942.47335006937,110819.44005199999,274854.505912604,300000.0,False,True
1448,4,0,1,NORMAL,0.02085662041994303,0.02060799629190011,0.02085662041994303,1.0,3300000000.0,6699999999.999996,68826847.385812,32841402.138674,648620.731951,96161998.592062,0.0,41212285.125666,41212285.108432,2e-05,221638.990728,499943.04568459874,110819.49537100001,275080.943873904,300000.0,False,True
1449,4,0,1,NORMAL,0.020873775978775152,0.020625143368472695,0.020873775978775152,1.0,3300000000.0,6699999999.999996,68883460.729958,32870977.058442,649611.488203,96239572.277152,0.0,41245530.990714,41245530.973466,1.8e-05,221639.100258,499943.6123255954,110819.55013599999,275307.389543248,300000.0,False,True
1450,4,0,1,NORMAL,0.020890932121427574,0.020642291029953658,0.020890932121427574,1.0,3300000000.0,6699999999.999996,68940076.000711,32900557.6615,650603.058757,96317146.000194,0.0,41278776.872029,41278776.854766,1.8e-05,221639.20869900004,499944.17332968523,110819.60435700002,275533.842919832,300000.0,False,True
1451,4,0,1,NORMAL,0.020908088847839696,0.020659439276268888,0.020908088847839696,1.0,3300000000.0,6699999999.999996,68996693.197871,32930143.948825,651595.44364,96394719.760814,0.0,41312022.769448,41312022.752173,1.8e-05,221639.31606600003,499944.72875293146,110819.65803899999,275760.304002844,300000.0,False,True
1452,4,0,1,NORMAL,0.020925246157950907,0.020676588107345146,0.020925246157950907,1.0,3300000000.0,6699999999.999996,69053312.321238,32959735.921397,652588.64288,96472293.558636,0.0,41345268.682813,41345268.665523,1.8e-05,221639.422359,499945.27865083975,110819.71118700001,275986.772791484,300000.0,False,True
1453,4,0,1,NORMAL,0.020942404051703636,0.02069373752311021,0.020942404051703636,1.0,3300000000.0,6699999999.999996,69109933.370622,32989333.580194,653582.656505,96549867.393293,0.0,41378514.611963,41378514.594657,1.8e-05,221639.52759800002,499945.82307836413,110819.763807,276213.249284952,300000.0,False,True
1454,4,0,1,NORMAL,0.020959562529038786,0.0207108875234927,0.020959562529038786,1.0,3300000000.0,6699999999.999996,69166556.345828,33018936.926196,654577.484543,96627441.264416,0.0,41411760.556741,41411760.539422,1.8e-05,221639.63178899998,499946.36208991223,110819.815901,276439.73348248797,300000.0,False,True
1455,4,0,1,NORMAL,0.02097672158989909,0.020728038108422147,0.02097672158989909,1.0,3300000000.0,6699999999.999996,69223181.246667,33048545.960384,655573.127022,96705015.171641,0.0,41445006.516996,41445006.49966,1.8e-05,221639.734943,499946.8957393509,110819.86748,276666.225383312,300000.0,False,True
1456,4,0,1,NORMAL,0.02099388123422818,0.02074518927782899,0.02099388123422818,1.0,3300000000.0,6699999999.999996,69279808.072953,33078160.683744,656569.583969,96782589.114614,0.0,41478252.492567,41478252.475216,1.7e-05,221639.837071,499947.42408001114,110819.91854300002,276892.724986668,300000.0,False,True
1457,4,0,1,NORMAL,0.021011041461969998,0.02076234103164454,0.021011041461969998,1.0,3300000000.0,6699999999.999996,69336436.824501,33107781.097258,657566.855411,96860163.092973,0.0,41511498.483309,41511498.465939,1.7e-05,221639.938183,499947.947164694,110819.96910100001,277119.232291812,300000.0,False,True
1458,4,0,1,NORMAL,0.021028202273070604,0.020779493369801064,0.021028202273070604,1.0,3300000000.0,6699999999.999996,69393067.501133,33137407.201913,658564.941377,96937737.106372,0.0,41544744.489061,41544744.47168,1.7e-05,221640.03829100003,499948.46504567575,110820.019151,277345.747298004,300000.0,False,True
1459,4,0,1,NORMAL,0.02104536366747455,0.020796646292231612,0.02104536366747455,1.0,3300000000.0,6699999999.999996,69449700.102666,33167038.998695,659563.841894,97015311.15446,0.0,41577990.50968,41577990.492285,1.7e-05,221640.13739999995,499948.97777471243,110820.06870700001,277572.270004532,300000.0,False,True
1460,4,0,1,NORMAL,0.021062525645128182,0.0208137997988701,0.021062525645128182,1.0,3300000000.0,6699999999.999996,69506334.628923,33196676.488594,660563.55699,97092885.236892,0.0,41611236.545017,41611236.527609,1.7e-05,221640.23552500003,499949.4854030461,110820.117769,277798.800410664,300000.0,False,True
1461,4,0,1,NORMAL,0.021079688205978487,0.020830953889651286,0.021079688205978487,1.0,3300000000.0,6699999999.999996,69562971.079729,33226319.672597,661564.086693,97170459.353324,0.0,41644482.594927,41644482.577507,1.7e-05,221640.33267200002,499949.987981409,110820.16634199998,278025.338515692,300000.0,False,True
1462,4,0,1,NORMAL,0.021096851349973637,0.020848108564510793,0.021096851349973637,1.0,3300000000.0,6699999999.999996,69619609.454913,33255968.551695,662565.43103,97248033.50342,0.0,41677728.659267,41677728.64183,1.7e-05,221640.428855,499950.48556002893,110820.21443600002,278251.884318916,300000.0,False,True
1463,4,0,1,NORMAL,0.02111401507706182,0.020865263823385057,0.02111401507706182,1.0,3300000000.0,6699999999.999996,69676249.754304,33285623.126881,663567.590029,97325607.686847,0.0,41710974.737888,41710974.720439,1.6e-05,221640.524082,499950.9781886347,110820.26204700003,278478.437819652,300000.0,False,True
1464,4,0,1,NORMAL,0.021131179387192726,0.02088241966621136,0.021131179387192726,1.0,3300000000.0,6699999999.999996,69732891.977736,33315283.399146,664570.563717,97403181.903269,0.0,41744220.830651,41744220.81319,1.6e-05,221640.61835800007,499951.4659164602,110820.30918499999,278704.99901721603,300000.0,False,True
1465,4,0,1,NORMAL,0.021148344280316363,0.020899576092927814,0.021148344280316363,1.0,3300000000.0,6699999999.999996,69789536.125044,33344949.369484,665574.352122,97480756.15236,0.0,41777466.937417,41777466.919941,1.6e-05,221640.71169900004,499951.94879225024,110820.35585699999,278931.567910944,300000.0,False,True
1466,4,0,1,NORMAL,0.02116550975638333,0.020916733103473334,0.02116550975638333,1.0,3300000000.0,6699999999.999996,69846182.196065,33374621.038892,666578.955273,97558330.433796,0.0,41810713.05804,41810713.040556,1.6e-05,221640.80411,499952.4268642648,110820.402059,279158.144500176,300000.0,False,True
1467,4,0,1,NORMAL,0.02118267581534424,0.020933890697787588,0.02118267581534424,1.0,3300000000.0,6699999999.999996,69902830.190636,33404298.408365,667584.373196,97635904.747253,0.0,41843959.19239,41843959.174895,1.6e-05,221640.895603,499952.9001802841,110820.447807,279384.72878426,300000.0,False,True
1468,4,0,1,NORMAL,0.021199842457151518,0.02095104887581107,0.021199842457151518,1.0,3300000000.0,6699999999.999996,69959480.1086,33433981.478902,668590.605919,97713479.092414,0.0,41877205.340328,41877205.322818,1.6e-05,221640.98618299997,499953.3687876131,110820.49309899998,279611.320762544,300000.0,False,True
1469,4,0,1,NORMAL,0.021217009681757576,0.02096820763748504,0.021217009681757576,1.0,3300000000.0,6699999999.999996,70016131.9498,33463670.251502,669597.65347,97791053.468963,0.0,41910451.501718,41910451.484194,1.6e-05,221641.07586399998,499953.8327330866,110820.53793900002,279837.92043440003,300000.0,False,True
1470,4,0,1,NORMAL,0.021234177489116362,0.020985366982751576,0.021234177489116362,1.0,3300000000.0,6699999999.999996,70072785.714084,33493364.727163,670605.515877,97868627.87659,0.0,41943697.676426,41943697.658887,1.5e-05,221641.16465299999,499954.2920630739,110820.58233400002,280064.5277992,300000.0,False,True
1471,4,0,1,NORMAL,0.02125134587918182,0.02100252691155353,0.02125134587918182,1.0,3300000000.0,6699999999.999996,70129441.4013,33523064.906886,671614.193167,97946202.314982,0.0,41976943.864317,41976943.846768,1.5e-05,221641.25255599996,499954.7468234829,110820.62628299999,280291.142856336,300000.0,False,True
1472,4,0,1,NORMAL,0.02126851485190788,0.021019687423834456,0.02126851485190788,1.0,3300000000.0,6699999999.999996,70186099.011296,33552770.791674,672623.685368,98023776.783835,0.0,42010190.065265,42010190.047703,1.5e-05,221641.33958899998,499955.19705976517,110820.669801,280517.7656052,300000.0,False,True
1473,4,0,1,NORMAL,0.021285684407250302,0.021036848519538704,0.021285684407250302,1.0,3300000000.0,6699999999.999996,70242758.543926,33582482.38253,673633.992507,98101351.282845,0.0,42043436.279138,42043436.261563,1.5e-05,221641.42575300002,499955.64281692053,110820.712883,280744.396045184,300000.0,False,True
1474,4,0,1,NORMAL,0.021302854545165454,0.0210540101986114,0.021302854545165454,1.0,3300000000.0,6699999999.999996,70299419.999046,33612199.680457,674645.114613,98178925.811713,0.0,42076682.505808,42076682.488218,1.5e-05,221641.511061,499956.08413950104,110820.75553799998,280971.034175704,300000.0,False,True
1475,4,0,1,NORMAL,0.021320025265608483,0.021071172460998308,0.021320025265608483,1.0,3300000000.0,6699999999.999996,70356083.376508,33641922.686463,675657.051712,98256500.370141,0.0,42109928.745148,42109928.727541,1.5e-05,221641.595519,499956.521071616,110820.79776799999,281197.679996184,300000.0,False,True
1476,4,0,1,NORMAL,0.02133719656853818,0.02108833530664604,0.02133719656853818,1.0,3300000000.0,6699999999.999996,70412748.676176,33671651.401552,676669.803833,98334074.957837,0.0,42143174.997025,42143174.979409,1.5e-05,221641.67913699997,499956.9536569363,110820.839573,281424.333506032,300000.0,False,True
1477,4,0,1,NORMAL,0.02135436845391061,0.02110549873550182,0.02135436845391061,1.0,3300000000.0,6699999999.999996,70469415.897905,33701385.826735,677683.371003,98411649.574508,0.0,42176421.261325,42176421.243694,1.4e-05,221641.76192500003,499957.38193869794,110820.88097000001,281650.994704704,300000.0,False,True
1478,4,0,1,NORMAL,0.02137154092168576,0.02112266274751369,0.02137154092168576,1.0,3300000000.0,6699999999.999996,70526085.041563,33731125.963016,678697.75325,98489224.219866,0.0,42209667.537916,42209667.520275,1.4e-05,221641.84388799997,499957.8059597079,110820.92194899998,281877.66359162005,300000.0,False,True
1479,4,0,1,NORMAL,0.021388713971822123,0.021139827342630365,0.021388713971822123,1.0,3300000000.0,6699999999.999996,70582756.107013,33760871.811407,679712.950601,98566798.893626,0.0,42242913.826681,42242913.809028,1.4e-05,221641.92503800002,499958.2257623468,110820.96252499998,282104.34016625205,300000.0,False,True
1480,4,0,1,NORMAL,0.021405887604278483,0.02115699252080121,0.021405887604278483,1.0,3300000000.0,6699999999.999996,70639429.094119,33790623.37292,680728.963084,98644373.595504,0.0,42276160.127501,42276160.109831,1.4e-05,221642.00537900004,499958.6413885742,110821.00269799998,282331.024428052,300000.0,False,True
1481,4,0,1,NORMAL,0.021423061819016365,0.02117415828197638,0.021423061819016365,1.0,3300000000.0,6699999999.999996,70696104.002754,33820380.648565,681745.790727,98721948.325223,0.0,42309406.440248,42309406.422566,1.4e-05,221642.08492000002,499959.0528799322,110821.04246600001,282557.716376476,300000.0,False,True
1482,4,0,1,NORMAL,0.021440236615995756,0.021191324626106664,0.021440236615995756,1.0,3300000000.0,6699999999.999996,70752780.832786,33850143.639355,682763.433557,98799523.082504,0.0,42342652.764807,42342652.747113,1.4e-05,221642.163668,499959.4602775501,110821.08184,282784.416011016,300000.0,False,True
1483,4,0,1,NORMAL,0.021457411995177575,0.0212084915531435,0.021457411995177575,1.0,3300000000.0,6699999999.999996,70809459.584086,33879912.346305,683781.891602,98877097.867073,0.0,42375899.10106,42375899.083355,1.4e-05,221642.24163299997,499959.8636221481,110821.12082200001,283011.123331144,300000.0,False,True
1484,4,0,1,NORMAL,0.02147458795652394,0.021225659063039012,0.02147458795652394,1.0,3300000000.0,6699999999.999996,70866140.256529,33909686.770428,684801.16489,98954672.678658,0.0,42409145.448896,42409145.431176,1.3e-05,221642.31882500002,499960.2629540413,110821.15941999998,283237.838336344,300000.0,False,True
1485,4,0,1,NORMAL,0.02149176449999879,0.0212428271557461,0.02149176449999879,1.0,3300000000.0,6699999999.999996,70922822.849996,33939466.91274,685821.253448,99032247.516992,0.0,42442391.808193,42442391.79046,1.3e-05,221642.395249,499960.65831314435,110821.19763099999,283464.561026116,300000.0,False,True
1486,4,0,1,NORMAL,0.021508941625563334,0.02125999583121818,0.021508941625563334,1.0,3300000000.0,6699999999.999996,70979507.364359,33969252.774259,686842.157304,99109822.381806,0.0,42475638.178843,42475638.161092,1.3e-05,221642.47091,499961.04973897454,110821.235464,283691.291399984,300000.0,False,True
1487,4,0,1,NORMAL,0.02152611933318333,0.021277165089409484,0.02152611933318333,1.0,3300000000.0,6699999999.999996,71036193.799505,33999044.356001,687863.876485,99187397.272841,0.0,42508884.560722,42508884.542963,1.3e-05,221642.54582000003,499961.4372706563,110821.27291399999,283918.02945743606,300000.0,False,True
1488,4,0,1,NORMAL,0.021543297622821214,0.021294334930274758,0.021543297622821214,1.0,3300000000.0,6699999999.999996,71092882.15531,34028841.658986,688886.411019,99264972.189832,0.0,42542130.953729,42542130.935958,1.3e-05,221642.619984,499961.8209469254,110821.30999800001,284144.77519802,300000.0,False,True
1489,4,0,1,NORMAL,0.021560476494442423,0.02131150535376945,0.021560476494442423,1.0,3300000000.0,6699999999.999996,71149572.43166,34058644.684234,689909.760934,99342547.132523,0.0,42575377.357752,42575377.339965,1.3e-05,221642.693412,499962.2008061319,110821.34671400001,284371.52862124005,300000.0,False,True
1490,4,0,1,NORMAL,0.021577655948012118,0.021328676359849624,0.021577655948012118,1.0,3300000000.0,6699999999.999996,71206264.62844,34088453.432767,690933.926257,99420122.100659,0.0,42608623.772677,42608623.754878,1.3e-05,221642.76611000003,499962.5768862447,110821.38306099999,284598.28972664,300000.0,False,True
1491,4,0,1,NORMAL,0.021594835983496364,0.021345847948471997,0.021594835983496364,1.0,3300000000.0,6699999999.999996,71262958.745538,34118267.905604,691958.907016,99497697.093986,0.0,42641870.198398,42641870.180588,1.2e-05,221642.83808300004,499962.94922485534,110821.41904700002,284825.05851376,300000.0,False,True
1492,4,0,1,NORMAL,0.021612016600860606,0.021363020119593845,0.021612016600860606,1.0,3300000000.0,6699999999.999996,71319654.78284,34148088.103768,692984.703239,99575272.11225,0.0,42675116.63481,42675116.616987,1.2e-05,221642.909339,499963.31785918114,110821.454676,285051.834982152,300000.0,False,True
1493,4,0,1,NORMAL,0.02162919780007303,0.021380192873173148,0.02162919780007303,1.0,3300000000.0,6699999999.999996,71376352.740241,34177914.028283,694011.314953,99652847.155207,0.0,42708363.081803,42708363.063966,1.2e-05,221642.97988600002,499963.6828260696,110821.48995,285278.61913136,300000.0,False,True
1494,4,0,1,NORMAL,0.021646379581100605,0.021397366209168468,0.021646379581100605,1.0,3300000000.0,6699999999.999996,71433052.617632,34207745.680173,695038.742186,99730422.222611,0.0,42741609.539271,42741609.521422,1.2e-05,221643.04973199998,499964.04416200187,110821.52487200001,285505.41096096404,300000.0,False,True
1495,4,0,1,NORMAL,0.02166356194391121,0.02141454012753897,0.02166356194391121,1.0,3300000000.0,6699999999.999996,71489754.414907,34237583.060463,696066.984965,99807997.314217,0.0,42774856.007114,42774855.989251,1.2e-05,221643.11888400002,499964.40190309606,110821.55944900001,285732.210470528,300000.0,False,True
1496,4,0,1,NORMAL,0.021680744888472728,0.021431714628244378,0.021680744888472728,1.0,3300000000.0,6699999999.999996,71546458.13196,34267426.170182,697096.043318,99885572.429785,0.0,42808102.485228,42808102.467349,1.2e-05,221643.18734800004,499964.7560851111,110821.59368199999,285959.017659628,300000.0,False,True
1497,4,0,1,NORMAL,0.021697928414754243,0.021448889711245017,0.021697928414754243,1.0,3300000000.0,6699999999.999996,71603163.768689,34297275.010357,698125.917273,99963147.569077,0.0,42841348.973507,42841348.955615,1.2e-05,221643.25512900003,499965.10674345074,110821.627571,286185.83252784004,300000.0,False,True
1498,4,0,1,NORMAL,0.02171511252272636,0.02146606537650188,0.02171511252272636,1.0,3300000000.0,6699999999.999996,71659871.324997,34327129.582012,699156.606857,100040722.731858,0.0,42874595.471854,42874595.453946,1.1e-05,221643.32223799996,499965.45391316595,110821.661127,286412.655074756,300000.0,False,True
1499,4,0,1,NORMAL,0.02173229721235818,0.021483241623976482,0.02173229721235818,1.0,3300000000.0,6699999999.999996,71716580.800782,34356989.88618,700188.112098,100118297.917892,0.0,42907841.980167,42907841.962244,1.1e-05,221643.388679,499965.79762895993,110821.69434699998,286639.48529998795,300000.0,False,True
1500,4,0,1,NORMAL,0.021749482483620304,0.021500418453630925,0.021749482483620304,1.0,3300000000.0,6699999999.999996,71773292.195947,34386855.92389,701220.433024,100195873.12695,0.0,42941088.498344,42941088.48041,1.1e-05,221643.454459,499966.13792519015,110821.727235,286866.323203128,300000.0,False,True
1501,4,0,1,NORMAL,0.021766668336482727,0.021517595865427817,0.021766668336482727,1.0,3300000000.0,6699999999.999996,71830005.510393,34416727.696174,702253.569662,100273448.358801,0.0,42974335.026291,42974335.008344,1.1e-05,221643.51958300002,499966.47483587253,110821.759798,287093.16878378805,300000.0,False,True
1502,4,0,1,NORMAL,0.02178385477091788,0.021534773859330402,0.02178385477091788,1.0,3300000000.0,6699999999.999996,71886720.744029,34446605.204062,703287.522039,100351023.613218,0.0,43007581.56391,43007581.54595,1.1e-05,221643.584059,499966.8083946851,110821.792036,287320.02204157197,300000.0,False,True
1503,4,0,1,NORMAL,0.021801041786897575,0.021551952435302477,0.021801041786897575,1.0,3300000000.0,6699999999.999996,71943437.896762,34476488.448586,704322.290184,100428598.889977,0.0,43040828.111105,43040828.093131,1.1e-05,221643.64789400002,499967.1386349704,110821.82395399999,287546.88297611603,300000.0,False,True
1504,4,0,1,NORMAL,0.021818229384394244,0.021569131593308397,0.021818229384394244,1.0,3300000000.0,6699999999.999996,72000156.968501,34506377.43078,705357.874124,100506174.188857,0.0,43074074.66778,43074074.649792,1.1e-05,221643.711096,499967.4655897397,110821.85555500002,287773.751587048,300000.0,False,True
1505,4,0,1,NORMAL,0.02183541756338091,0.021586311333313075,0.02183541756338091,1.0,3300000000.0,6699999999.999996,72056877.959157,34536272.151679,706394.273886,100583749.509639,0.0,43107321.233838,43107321.215839,1e-05,221643.77366699997,499967.78929167596,110821.88683899998,288000.627874004,300000.0,False,True
1506,4,0,1,NORMAL,0.02185260632383,0.02160349165528191,0.02185260632383,1.0,3300000000.0,6699999999.999996,72113600.868639,34566172.612319,707431.489498,100661324.852101,0.0,43140567.80919,43140567.791178,1e-05,221643.83561499996,499968.1097731371,110821.91781400001,288227.511836628,300000.0,False,True
1507,4,0,1,NORMAL,0.021869795665715758,0.02162067255918087,0.021869795665715758,1.0,3300000000.0,6699999999.999996,72170325.696862,34596078.813735,708469.520988,100738900.216029,0.0,43173814.393744,43173814.375717,1e-05,221643.896949,499968.42706615914,110821.94848200002,288454.40347455605,300000.0,False,True
1508,4,0,1,NORMAL,0.02188698558901303,0.021637854044976493,0.02188698558901303,1.0,3300000000.0,6699999999.999996,72227052.443743,34625990.756963,709508.368383,100816475.601211,0.0,43207060.987402,43207060.969366,1e-05,221643.957671,499968.7412024596,110821.97884000001,288681.302787448,300000.0,False,True
1509,4,0,1,NORMAL,0.02190417609369515,0.02165503611263576,0.02190417609369515,1.0,3300000000.0,6699999999.999996,72283781.109194,34655908.443043,710548.031711,100894051.007434,0.0,43240307.590084,43240307.572029,1e-05,221644.017791,499969.0522134406,110822.00890500002,288908.20977497206,300000.0,False,True
1510,4,0,1,NORMAL,0.021921367179739092,0.0216722187621263,0.021921367179739092,1.0,3300000000.0,6699999999.999996,72340511.693139,34685831.873011,711588.510999,100971626.434491,0.0,43273554.201687,43273554.183623,1e-05,221644.07731099997,499969.36013019166,110822.03865999999,289135.124436776,300000.0,False,True
1511,4,0,1,NORMAL,0.021938558847118487,0.02168940199341612,0.021938558847118487,1.0,3300000000.0,6699999999.999996,72397244.195491,34715761.047908,712629.806276,101049201.882171,0.0,43306800.822132,43306800.804055,1e-05,221644.13623700003,499969.6649834937,110822.06812499999,289362.04677255603,300000.0,False,True
1512,4,0,1,NORMAL,0.021955751095810907,0.02170658580647385,0.021955751095810907,1.0,3300000000.0,6699999999.999996,72453978.616176,34745695.968773,713671.917568,101126777.350273,0.0,43340047.451326,43340047.433239,9e-06,221644.19458,499969.9668038207,110822.097295,289588.976781964,300000.0,False,True
1513,4,0,1,NORMAL,0.021972943925790606,0.02172377020126848,0.021972943925790606,1.0,3300000000.0,6699999999.999996,72510714.955109,34775636.63665,714714.844903,101204352.838588,0.0,43373294.089188,43373294.071086,9e-06,221644.25233900003,499970.26562134444,110822.126177,289815.914464704,300000.0,False,True
1514,4,0,1,NORMAL,0.021990137337036062,0.021740955177769614,0.021990137337036062,1.0,3300000000.0,6699999999.999996,72567453.212219,34805583.052577,715758.588309,101281928.346918,0.0,43406540.735629,43406540.717512,9e-06,221644.30952700006,499970.56146593596,110822.154771,290042.859820436,300000.0,False,True
1515,4,0,1,NORMAL,0.022007331329523937,0.021758140735947312,0.022007331329523937,1.0,3300000000.0,6699999999.999996,72624193.387429,34835535.2176,716803.147814,101359503.875066,0.0,43439787.39056,43439787.37243,9e-06,221644.36614500004,499970.85436716944,110822.18307899998,290269.812848876,300000.0,False,True
1516,4,0,1,NORMAL,0.022024525903232724,0.02177532687577218,0.022024525903232724,1.0,3300000000.0,6699999999.999996,72680935.480668,34865493.132759,717848.523445,101437079.422833,0.0,43473034.0539,43473034.035757,9e-06,221644.422201,499971.1443543251,110822.211107,290496.773549716,300000.0,False,True
1517,4,0,1,NORMAL,0.02204172105814,0.021792513597215266,0.02204172105814,1.0,3300000000.0,6699999999.999996,72737679.491862,34895456.799099,718894.715229,101514654.990022,0.0,43506280.725567,43506280.707408,9e-06,221644.47769600005,499971.43145639164,110822.23885599998,290723.74192267196,300000.0,False,True
1518,4,0,1,NORMAL,0.02205891679422424,0.021809700900248107,0.02205891679422424,1.0,3300000000.0,6699999999.999996,72794425.42094,34925426.217667,719941.723194,101592230.576442,0.0,43539527.405476,43539527.387301,9e-06,221644.53264200003,499971.7157020699,110822.266329,290950.717967448,300000.0,False,True
1519,4,0,1,NORMAL,0.022076113111464846,0.021826888784842735,0.022076113111464846,1.0,3300000000.0,6699999999.999996,72851173.267834,34955401.389506,720989.547368,101669806.181903,0.0,43572774.093542,43572774.075353,8e-06,221644.587038,499971.99711977463,110822.29352599998,291177.70168376,300000.0,False,True
1520,4,0,1,NORMAL,0.02209331000984,0.021844077250971594,0.02209331000984,1.0,3300000000.0,6699999999.999996,72907923.032472,34985382.315666,722038.187779,101747381.806212,0.0,43606020.78969,43606020.771484,8e-06,221644.64089699998,499972.2757376386,110822.32045700002,291404.69307133596,300000.0,False,True
1521,4,0,1,NORMAL,0.022110507489330907,0.02186126629860768,0.022110507489330907,1.0,3300000000.0,6699999999.999996,72964674.714792,35015368.997193,723087.644453,101824957.449187,0.0,43639267.493829,43639267.475613,8e-06,221644.69421799996,499972.55158351443,110822.347114,291631.692129888,300000.0,False,True
1522,4,0,1,NORMAL,0.02212770554991606,0.02187845592772435,0.02212770554991606,1.0,3300000000.0,6699999999.999996,73021428.314723,35045361.435135,724137.917419,101902533.110636,0.0,43672514.205891,43672514.187662,8e-06,221644.74700900004,499972.8246849777,110822.373511,291858.698859168,300000.0,False,True
1523,4,0,1,NORMAL,0.022144904191577573,0.021895646138295526,0.022144904191577573,1.0,3300000000.0,6699999999.999996,73078183.832206,35075359.630539,725189.006704,101980108.790379,0.0,43705760.925791,43705760.90755,8e-06,221644.79927400002,499973.09506932995,110822.399643,292085.713258892,300000.0,False,True
1524,4,0,1,NORMAL,0.022162103414294542,0.021912836930295464,0.022162103414294542,1.0,3300000000.0,6699999999.999996,73134941.267172,35105363.584458,726240.912336,102057684.488232,0.0,43739007.653455,43739007.635199,8e-06,221644.851019,499973.362763601,110822.42551700001,292312.73532882397,300000.0,False,True
1525,4,0,1,NORMAL,0.0221793032180503,0.021930028303699,0.0221793032180503,1.0,3300000000.0,6699999999.999996,73191700.619566,35135373.297939,727293.634342,102135260.204017,0.0,43772254.388801,43772254.370533,8e-06,221644.90224999998,499973.627794552,110822.45113100001,292539.76506868796,300000.0,False,True
1526,4,0,1,NORMAL,0.022196503602825452,0.021947220258481354,0.022196503602825452,1.0,3300000000.0,6699999999.999996,73248461.889324,35165388.772034,728347.17275,102212835.937556,0.0,43805501.131753,43805501.113476,7e-06,221644.952971,499973.8901886778,110822.47649,292766.80247826397,300000.0,False,True
1527,4,0,1,NORMAL,0.022213704568601517,0.02196441279461814,0.022213704568601517,1.0,3300000000.0,6699999999.999996,73305225.076385,35195410.007795,729401.527587,102290411.688666,0.0,43838747.882245,43838747.863949,7e-06,221645.003185,499974.14997220977,110822.501602,292993.847557296,300000.0,False,True
1528,4,0,1,NORMAL,0.022230906115362423,0.021981605912085516,0.022230906115362423,1.0,3300000000.0,6699999999.999996,73361990.180696,35225437.006273,730456.698881,102367987.457179,0.0,43871994.640192,43871994.62188,7e-06,221645.05290399998,499974.4071711183,110822.52646000001,293220.90030554,300000.0,False,True
1529,4,0,1,NORMAL,0.022248108243089697,0.02199879961085998,0.022248108243089697,1.0,3300000000.0,6699999999.999996,73418757.202196,35255469.768522,731512.68666,102445563.242919,0.0,43905241.405519,43905241.387196,7e-06,221645.10212300002,499974.6618111156,110822.551067,293447.960722784,300000.0,False,True
1530,4,0,1,NORMAL,0.022265310951766364,0.022015993890918458,0.022265310951766364,1.0,3300000000.0,6699999999.999996,73475526.140829,35285508.295598,732569.490951,102523139.045715,0.0,43938488.178159,43938488.159821,7e-06,221645.15085700003,499974.9139176581,110822.575436,293675.02880878403,300000.0,False,True
1531,4,0,1,NORMAL,0.02228251424137697,0.022033188752238364,0.02228251424137697,1.0,3300000000.0,6699999999.999996,73532296.996544,35315552.588554,733627.111782,102600714.865398,0.0,43971734.958035,43971734.939685,7e-06,221645.19910600001,499975.16351594916,110822.599559,293902.104563316,300000.0,False,True
1532,4,0,1,NORMAL,0.022299718111904242,0.022050384194797455,0.022299718111904242,1.0,3300000000.0,6699999999.999996,73589069.769284,35345602.648447,734685.54918,102678290.7018,0.0,44004981.745076,44004981.726712,7e-06,221645.246872,499975.41063094104,110822.623443,294129.187986176,300000.0,False,True
1533,4,0,1,NORMAL,0.02231692256333212,0.022067580218573888,0.02231692256333212,1.0,3300000000.0,6699999999.999996,73645844.458996,35375658.476332,735744.803173,102755866.554753,0.0,44038228.539214,44038228.520833,6e-06,221645.29416299998,499975.6552873384,110822.64709,294356.27907713596,300000.0,False,True
1534,4,0,1,NORMAL,0.022334127595646968,0.022084776823546346,0.022334127595646968,1.0,3300000000.0,6699999999.999996,73702621.065635,35405720.073265,736804.873788,102833442.424096,0.0,44071475.340369,44071475.321978,6e-06,221645.34098600002,499975.8975095999,110822.670498,294583.377835984,300000.0,False,True
1535,4,0,1,NORMAL,0.022351333208832726,0.022101974009693853,0.022351333208832726,1.0,3300000000.0,6699999999.999996,73759399.589148,35435787.440304,737865.761053,102911018.309663,0.0,44104722.148478,44104722.130075,6e-06,221645.38734000004,499976.13732194074,110822.693676,294810.48426254,300000.0,False,True
1536,4,0,1,NORMAL,0.02236853940287394,0.022119171776995798,0.02236853940287394,1.0,3300000000.0,6699999999.999996,73816180.029484,35465860.578506,738927.464996,102988594.21129,0.0,44137968.963477,44137968.945056,6e-06,221645.433234,499976.37474833557,110822.71662599998,295037.598356592,300000.0,False,True
1537,4,0,1,NORMAL,0.022385746177757578,0.022136370125432042,0.022385746177757578,1.0,3300000000.0,6699999999.999996,73872962.3866,35495939.488931,739989.985644,103066170.128823,0.0,44171215.785288,44171215.766852,6e-06,221645.478673,499976.6098125205,110822.739344,295264.720117936,300000.0,False,True
1538,4,0,1,NORMAL,0.02240295353346879,0.0221535690549828,0.02240295353346879,1.0,3300000000.0,6699999999.999996,73929746.660447,35526024.17264,741053.323024,103143746.062102,0.0,44204462.613843,44204462.595399,6e-06,221645.52365999998,499976.8425379953,110822.76183399999,295491.8495464,300000.0,False,True
1539,4,0,1,NORMAL,0.022420161469993333,0.02217076856562864,0.022420161469993333,1.0,3300000000.0,6699999999.999996,73986532.850978,35556114.630692,742117.477165,103221322.010967,0.0,44237709.449084,44237709.430625,6e-06,221645.568197,499977.0729480266,110822.78410599998,295718.98664178804,300000.0,False,True
1540,4,0,1,NORMAL,0.022437369987318483,0.02218796865735057,0.022437369987318483,1.0,3300000000.0,6699999999.999996,74043320.958151,35586210.864147,743182.448094,103298897.975267,0.0,44270956.290939,44270956.272465,5e-06,221645.61229300004,499977.3010656488,110822.806154,295946.13140391203,300000.0,False,True
1541,4,0,1,NORMAL,0.022454579085431515,0.022205169330129986,0.022454579085431515,1.0,3300000000.0,6699999999.999996,74100110.981924,35616312.874067,744248.235838,103376473.954846,0.0,44304203.139341,44304203.120854,5e-06,221645.65594899998,499977.5269136678,110822.82798100001,296173.283832604,300000.0,False,True
1542,4,0,1,NORMAL,0.02247178876431879,0.022222370583948617,0.02247178876431879,1.0,3300000000.0,6699999999.999996,74156902.922252,35646420.661516,745314.840425,103454049.949554,0.0,44337449.994225,44337449.975726,5e-06,221645.69917199996,499977.7505146626,110822.84959200001,296400.443927696,300000.0,False,True
1543,4,0,1,NORMAL,0.022488999023968486,0.02223957241878861,0.022488999023968486,1.0,3300000000.0,6699999999.999996,74213696.779096,35676534.227553,746382.261882,103531625.959237,0.0,44370696.855532,44370696.837017,5e-06,221645.74196400002,499977.9718909872,110822.87099000001,296627.611689008,300000.0,False,True
1544,4,0,1,NORMAL,0.02250620986436788,0.022256774834632433,0.02250620986436788,1.0,3300000000.0,6699999999.999996,74270492.552414,35706653.573246,747450.500238,103609201.983749,0.0,44403943.723193,44403943.704662,5e-06,221645.78433,499978.1910647738,110822.89217299999,296854.787116384,300000.0,False,True
1545,4,0,1,NORMAL,0.022523421285505756,0.02227397783146297,0.022523421285505756,1.0,3300000000.0,6699999999.999996,74327290.242169,35736778.699656,748519.555519,103686778.022942,0.0,44437190.597145,44437190.578599,5e-06,221645.82627500003,499978.408057934,110822.913145,297081.970209656,300000.0,False,True
1546,4,0,1,NORMAL,0.02254063328737,0.022291181409263422,0.02254063328737,1.0,3300000000.0,6699999999.999996,74384089.848321,35766909.607849,749589.427753,103764354.076668,0.0,44470437.477328,44470437.458766,5e-06,221645.86780200005,499978.6228921618,110822.93390899998,297309.160968676,300000.0,False,True
1547,4,0,1,NORMAL,0.02255784586995,0.022308385568017397,0.02255784586995,1.0,3300000000.0,6699999999.999996,74440891.370835,35797046.29889,750660.116968,103841930.144786,0.0,44503684.363677,44503684.3451,4e-06,221645.908917,499978.8355889351,110822.954466,297536.359393284,300000.0,False,True
1548,4,0,1,NORMAL,0.022575059033235152,0.022325590307708868,0.022575059033235152,1.0,3300000000.0,6699999999.999996,74497694.809676,35827188.773844,751731.623191,103919506.22715,0.0,44536931.256133,44536931.237539,4e-06,221645.94962300002,499979.04616951855,110822.97481999999,297763.56548334,300000.0,False,True
1549,4,0,1,NORMAL,0.02259227277721394,0.0223427956283221,0.02259227277721394,1.0,3300000000.0,6699999999.999996,74554500.164806,35857337.03378,752803.94645,103997082.323618,0.0,44570178.154633,44570178.136024,4e-06,221645.989921,499979.2546549649,110822.99496799998,297990.779238704,300000.0,False,True
1550,4,0,1,NORMAL,0.02260948710187697,0.022360001529841772,0.02260948710187697,1.0,3300000000.0,6699999999.999996,74611307.436194,35887491.079764,753877.086773,104074658.434052,0.0,44603425.059117,44603425.040493,4e-06,221646.029821,499979.4610661176,110823.014918,298218.000659224,300000.0,False,True
1551,4,0,1,NORMAL,0.022626702007213638,0.022377208012252865,0.022626702007213638,1.0,3300000000.0,6699999999.999996,74668116.623805,35917650.912865,754951.044187,104152234.558312,0.0,44636671.969526,44636671.950887,4e-06,221646.06932299997,499979.665423613,110823.03466900002,298445.22974477604,300000.0,False,True
1552,4,0,1,NORMAL,0.022643917493214847,0.022394415075540738,0.022643917493214847,1.0,3300000000.0,6699999999.999996,74724927.727609,35947816.53415,756025.81872,104229810.69626,0.0,44669918.8858,44669918.867147,4e-06,221646.10843000005,499979.86774788186,110823.054222,298672.46649522,300000.0,False,True
1553,4,0,1,NORMAL,0.02266113355987091,0.022411622719691073,0.02266113355987091,1.0,3300000000.0,6699999999.999996,74781740.747574,35977987.944688,757101.410399,104307386.84776,0.0,44703165.807884,44703165.789216,4e-06,221646.147153,499980.0680591519,110823.073584,298899.710910436,300000.0,False,True
1554,4,0,1,NORMAL,0.022678350207172425,0.022428830944689872,0.022678350207172425,1.0,3300000000.0,6699999999.999996,74838555.683669,36008165.145552,758177.819251,104384963.012679,0.0,44736412.735719,44736412.717034,3e-06,221646.18548900002,499980.2663774497,110823.09275299999,299126.962990296,300000.0,False,True
1555,4,0,1,NORMAL,0.022695567435110302,0.022446039750523446,0.022695567435110302,1.0,3300000000.0,6699999999.999996,74895372.535864,36038348.137809,759255.045305,104462539.190878,0.0,44769659.669248,44769659.650547,3e-06,221646.22344000003,499980.46272260236,110823.111728,299354.22273467603,300000.0,False,True
1556,4,0,1,NORMAL,0.022712785243677272,0.022463249137178534,0.022712785243677272,1.0,3300000000.0,6699999999.999996,74952191.304135,36068536.922531,760333.088588,104540115.38223,0.0,44802906.608411,44802906.589696,3e-06,221646.26101599997,499980.6571142401,110823.130515,299581.490143456,300000.0,False,True
1557,4,0,1,NORMAL,0.02273000363286364,0.022480459104642088,0.02273000363286364,1.0,3300000000.0,6699999999.999996,75009011.98845,36098731.50079,761411.949127,104617691.586602,0.0,44836153.553157,44836153.534425,3e-06,221646.298219,499980.84957179765,110823.14911800002,299808.76521653996,300000.0,False,True
1558,4,0,1,NORMAL,0.022747222602662424,0.022497669652901467,0.022747222602662424,1.0,3300000000.0,6699999999.999996,75065834.588786,36128931.873659,762491.62695,104695267.803868,0.0,44869400.50342,44869400.48468,3e-06,221646.33505,499981.0401145164,110823.16752899998,300036.0479538,300000.0,False,True
1559,4,0,1,NORMAL,0.022764442153065754,0.022514880781944326,0.022764442153065754,1.0,3300000000.0,6699999999.999996,75122659.105117,36159138.042209,763572.122084,104772844.033896,0.0,44902647.459156,44902647.440404,3e-06,221646.371516,499981.22876144655,110823.18576400001,300263.338355144,300000.0,False,True
1560,4,0,1,NORMAL,0.022781662284065755,0.022532092491758613,0.022781662284065755,1.0,3300000000.0,6699999999.999996,75179485.537417,36189350.007515,764653.434557,104850420.276559,0.0,44935894.420311,44935894.401542,3e-06,221646.407619,499981.41553144855,110823.20381800001,300490.636420468,300000.0,False,True
1561,4,0,1,NORMAL,0.02279888299565576,0.022549304782332625,0.02279888299565576,1.0,3300000000.0,6699999999.999996,75236313.885664,36219567.770649,765735.564397,104927996.531734,0.0,44969141.386823,44969141.368044,2e-06,221646.443362,499981.60044319544,110823.221686,300717.942149668,300000.0,False,True
1562,4,0,1,NORMAL,0.022816104287828178,0.02256651765365492,0.022816104287828178,1.0,3300000000.0,6699999999.999996,75293144.149833,36249791.332688,766818.511631,105005572.799294,0.0,45002388.358645,45002388.339854,2e-06,221646.47875199997,499981.7835151746,110823.239382,300945.255542656,300000.0,False,True
1563,4,0,1,NORMAL,0.022833326160576668,0.02258373110571439,0.022833326160576668,1.0,3300000000.0,6699999999.999996,75349976.329903,36280020.694705,767902.276287,105083149.079116,0.0,45035635.335723,45035635.316919,2e-06,221646.51378700003,499981.964765689,110823.2569,301172.576599332,300000.0,False,True
1564,4,0,1,NORMAL,0.022850548613894243,0.022600945138500188,0.022850548613894243,1.0,3300000000.0,6699999999.999996,75406810.425851,36310255.857778,768986.858392,105160725.371077,0.0,45068882.318008,45068882.299186,2e-06,221646.548474,499982.14421286026,110823.274246,301399.905319612,300000.0,False,True
1565,4,0,1,NORMAL,0.022867771647775755,0.022618159752001838,0.022867771647775755,1.0,3300000000.0,6699999999.999996,75463646.43766,36340496.822982,770072.257974,105238301.675059,0.0,45102129.30544,45102129.286605,2e-06,221646.58281499997,499982.32187462907,110823.29141399999,301627.241703404,300000.0,False,True
1566,4,0,1,NORMAL,0.02288499526221515,0.022635374946209152,0.02288499526221515,1.0,3300000000.0,6699999999.999996,75520484.36531,36370743.591395,771158.47506,105315877.990942,0.0,45135376.297971,45135376.279123,2e-06,221646.61681500002,499982.49776875833,110823.30841399998,301854.58575063996,300000.0,False,True
1567,4,0,1,NORMAL,0.022902219457206666,0.02265259072111222,0.022902219457206666,1.0,3300000000.0,6699999999.999996,75577324.208782,36400996.164091,772245.509678,105393454.318605,0.0,45168623.295555,45168623.276691,2e-06,221646.65047800003,499982.67191283347,110823.325247,302081.93746124,300000.0,False,True
1568,4,0,1,NORMAL,0.02291944423274485,0.022669807076701423,0.02291944423274485,1.0,3300000000.0,6699999999.999996,75634165.968058,36431254.54215,773333.361856,105471030.657933,0.0,45201870.298136,45201870.279258,1e-06,221646.683802,499982.84432426584,110823.34190799997,302309.29683512804,300000.0,False,True
1569,4,0,1,NORMAL,0.02293666958882485,0.02268702401296745,0.02293666958882485,1.0,3300000000.0,6699999999.999996,75691009.643122,36461518.726652,774422.031621,105548607.008811,0.0,45235117.305663,45235117.286775,1e-06,221646.7168,499983.0150202927,110823.358405,302536.663872232,300000.0,False,True
1570,4,0,1,NORMAL,0.02295389552544151,0.022704241529901262,0.02295389552544151,1.0,3300000000.0,6699999999.999996,75747855.233957,36491788.718675,775511.519001,105626183.371122,0.0,45268364.318092,45268364.299192,1e-06,221646.74946800002,499983.18401798065,110823.37473999998,302764.038572488,300000.0,False,True
1571,4,0,1,NORMAL,0.022971122042589394,0.022721459627494046,0.022971122042589394,1.0,3300000000.0,6699999999.999996,75804702.740545,36522064.519299,776601.824023,105703759.744752,0.0,45301611.335374,45301611.31646,1e-06,221646.78181000001,499983.3513342261,110823.390912,302991.420935828,300000.0,False,True
1572,4,0,1,NORMAL,0.022988349140265152,0.022738678305737343,0.022988349140265152,1.0,3300000000.0,6699999999.999996,75861552.162875,36552346.129604,777692.946715,105781336.129589,0.0,45334858.357456,45334858.338532,1e-06,221646.813828,499983.5169857573,110823.406919,303218.81096218,300000.0,False,True
1573,4,0,1,NORMAL,0.02300557681846424,0.02275589756462295,0.02300557681846424,1.0,3300000000.0,6699999999.999996,75918403.500932,36582633.550669,778784.887104,105858912.525521,0.0,45368105.384296,45368105.365358,1e-06,221646.84553000002,499983.6809891364,110823.422772,303446.2086515,300000.0,False,True
1574,4,0,1,NORMAL,0.02302280507718303,0.022773117404142958,0.02302280507718303,1.0,3300000000.0,6699999999.999996,75975256.754704,36612926.783579,779877.645218,105936488.932441,0.0,45401352.415838,45401352.396894,1e-06,221646.87691800002,499983.84336076066,110823.438462,303673.61400372797,300000.0,False,True
1575,4,0,1,NORMAL,0.02304003391641758,0.022790337824289707,0.02304003391641758,1.0,3300000000.0,6699999999.999996,76032111.924178,36643225.829413,780971.221084,106014065.350237,0.0,45434599.452045,45434599.433089,0.0,221646.907992,499984.0041168641,110823.45400199998,303901.027018816,300000.0,False,True
1576,4,0,1,NORMAL,0.023057263336164244,0.022807558825055807,0.023057263336164244,1.0,3300000000.0,6699999999.999996,76088969.009342,36673530.689253,782065.61473,106091641.778799,0.0,45467846.492869,45467846.473898,0.0,221646.93875700005,499984.1632735194,110823.46938600003,304128.44769671204,300000.0,False,True
1577,4,0,1,NORMAL,0.023074493336420605,0.022824780406434184,0.023074493336420605,1.0,3300000000.0,6699999999.999996,76145828.010188,36703841.364182,783160.826183,106169218.218022,0.0,45501093.538261,45501093.519277,0.0,221646.969217,499984.32084663934,110823.484615,304355.876037368,300000.0,False,True
1578,4,0,1,NORMAL,0.023091723917182422,0.022842002568417945,0.023091723917182422,1.0,3300000000.0,6699999999.999996,76202688.926702,36734157.855285,784256.855471,106246794.667799,0.0,45534340.588176,45534340.569181,0.0,221646.999373,499984.4768519785,110823.49969200001,304583.312040752,300000.0,False,True
1579,4,0,1,NORMAL,0.023108955078447575,0.022859225311000504,0.023108955078447575,1.0,3300000000.0,6699999999.999996,76259551.758877,36764480.163646,785353.702622,106324371.128026,0.0,45567587.642569,45567587.623562,0.0,221647.02922800006,499984.63130513433,110823.51462000002,304810.755706808,300000.0,False,True
1580,4,0,1,NORMAL,0.023126186820213335,0.022876448634175525,0.023126186820213335,1.0,3300000000.0,6699999999.999996,76316416.506704,36794808.290346,786451.367663,106401947.598597,0.0,45600834.7014,45600834.682376,0.0,221647.05878700005,499984.7842215497,110823.52940199999,305038.207035508,300000.0,False,True
1581,4,0,1,NORMAL,0.02314341914247697,0.02289367253793691,0.02314341914247697,1.0,3300000000.0,6699999999.999996,76373283.170174,36825142.236475,787549.850622,106479524.079411,0.0,45634081.764619,45634081.745579,0.0,221647.08805,499984.9356165134,110823.544033,305265.666026816,300000.0,False,True
1582,4,0,1,NORMAL,0.02316065204523788,0.02291089702227891,0.02316065204523788,1.0,3300000000.0,6699999999.999996,76430151.749285,36855482.003115,788649.151526,106557100.570368,0.0,45667328.832182,45667328.813129,0.0,221647.11702700003,499985.0855051624,110823.55851999999,305493.132680696,300000.0,False,True
1583,4,0,1,NORMAL,0.023177885528492728,0.02292812208719593,0.023177885528492728,1.0,3300000000.0,6699999999.999996,76487022.244026,36885827.591354,789749.270403,106634677.071365,0.0,45700575.904047,45700575.884981,0.0,221647.14571100002,499985.2339024831,110823.57286200002,305720.60699714,300000.0,False,True
1584,4,0,1,NORMAL,0.02319511959224,0.022945347732682645,0.02319511959224,1.0,3300000000.0,6699999999.999996,76543894.654392,36916179.002275,790850.20728,106712253.582299,0.0,45733822.980176,45733822.961093,0.0,221647.17410899999,499985.3808233123,110823.587063,305948.08897610405,300000.0,False,True
1585,4,0,1,NORMAL,0.02321235423647788,0.022962573958733953,0.02321235423647788,1.0,3300000000.0,6699999999.999996,76600768.980377,36946536.236967,791951.962185,106789830.103073,0.0,45767070.060524,45767070.041424,0.0,221647.202227,499985.52628234,110823.60112200001,306175.578617568,300000.0,False,True
1586,4,0,1,NORMAL,0.02322958946120576,0.02297980076534504,0.02322958946120576,1.0,3300000000.0,6699999999.999996,76657645.221979,36976899.29652,793054.535146,106867406.633593,0.0,45800317.14504,45800317.125932,0.0,221647.23006400003,499985.67029410956,110823.615036,306403.075921508,300000.0,False,True
1587,4,0,1,NORMAL,0.02324682526642212,0.022997028152511305,0.02324682526642212,1.0,3300000000.0,6699999999.999996,76714523.379193,37007268.182017,794157.92619,106944983.173756,0.0,45833564.233697,45833564.214573,0.0,221647.25762400005,499985.81287301984,110823.62881999998,306630.58088791603,300000.0,False,True
1588,4,0,1,NORMAL,0.023264061652127275,0.023014256120228466,0.023264061652127275,1.0,3300000000.0,6699999999.999996,76771403.45202,37037642.894551,795262.135344,107022559.723472,0.0,45866811.326444,45866811.307306,0.0,221647.28491199997,499985.9540333263,110823.64246300003,306858.093516772,300000.0,False,True
1589,4,0,1,NORMAL,0.023281298618319395,0.023031484668492398,0.023281298618319395,1.0,3300000000.0,6699999999.999996,76828285.440454,37068023.43521,796367.162637,107100136.282643,0.0,45900058.423243,45900058.404091,0.0,221647.31192600002,499986.0937891428,110823.65597,307085.61380808003,300000.0,False,True
1590,4,0,1,NORMAL,0.023298536164997878,0.023048713797299204,0.023298536164997878,1.0,3300000000.0,6699999999.999996,76885169.344493,37098409.805082,797473.008095,107177712.851174,0.0,45933305.524056,45933305.504887,0.0,221647.33867100003,499986.2321544427,110823.66934399998,307313.14176181605,300000.0,False,True
1591,4,0,1,NORMAL,0.023315774292162427,0.02306594350664522,0.023315774292162427,1.0,3300000000.0,6699999999.999996,76942055.164136,37128802.005259,798579.671747,107255289.428972,0.0,45966552.628842,45966552.609657,0.0,221647.36515200004,499986.3691430603,110823.682584,307540.677377972,300000.0,False,True
1592,4,0,1,NORMAL,0.02333301299981394,0.023083173796527075,0.02333301299981394,1.0,3300000000.0,6699999999.999996,76998942.899386,37159200.036829,799687.153619,107332866.015948,0.0,45999799.737555,45999799.718361,0.0,221647.391369,499986.5047686923,110823.69568899997,307768.220656544,300000.0,False,True
1593,4,0,1,NORMAL,0.023350252287951515,0.023100404666941556,0.023350252287951515,1.0,3300000000.0,6699999999.999996,77055832.55024,37189603.900885,800795.45374,107410442.612008,0.0,46033046.850163,46033046.830957,0.0,221647.41732399998,499986.6390448992,110823.70866799999,307995.771597544,300000.0,False,True
1594,4,0,1,NORMAL,0.023367492156575756,0.0231176361178857,0.023367492156575756,1.0,3300000000.0,6699999999.999996,77112724.1167,37220013.598518,801904.572136,107488019.217061,0.0,46066293.966627,46066293.947406,0.0,221647.44301899994,499986.7719851065,110823.72151700003,308223.33020096,300000.0,False,True
1595,4,0,1,NORMAL,0.023384732605687273,0.023134868149356773,0.023384732605687273,1.0,3300000000.0,6699999999.999996,77169617.598768,37250429.13082,803014.508836,107565595.83102,0.0,46099541.086906,46099541.067672,0.0,221647.46846300003,499986.9036026063,110823.734238,308450.89646679995,300000.0,False,True
1596,4,0,1,NORMAL,0.023401973635286667,0.02315210076135225,0.023401973635286667,1.0,3300000000.0,6699999999.999996,77226512.996446,37280850.498885,804125.263867,107643172.453796,0.0,46132788.210962,46132788.191715,0.0,221647.49365099997,499987.0339105584,110823.746832,308678.470395072,300000.0,False,True
1597,4,0,1,NORMAL,0.02341921524537485,0.023169333953869838,0.02341921524537485,1.0,3300000000.0,6699999999.999996,77283410.309737,37311277.703803,805236.837256,107720749.085299,0.0,46166035.338761,46166035.3195,0.0,221647.51859000005,499987.16292199166,110823.75930200002,308906.051985784,300000.0,False,True
1598,4,0,1,NORMAL,0.02343645743595303,0.023186567726907466,0.02343645743595303,1.0,3300000000.0,6699999999.999996,77340309.538645,37341710.746667,806349.229032,107798325.725443,0.0,46199282.470263,46199282.450989,0.0,221647.54327899998,499987.29064980533,110823.771646,309133.641238948,300000.0,False,True
1599,4,0,1,NORMAL,0.023453700207021817,0.023203802080463232,0.023453700207021817,1.0,3300000000.0,6699999999.999996,77397210.683172,37372149.628573,807462.439221,107875902.374142,0.0,46232529.605432,46232529.586145,0.0,221647.567723,499987.4171067702,110823.78386799998,309361.23815458,300000.0,False,True
1600,4,0,1,NORMAL,0.023470943558583333,0.023221037014535498,0.023470943558583333,1.0,3300000000.0,6699999999.999996,77454113.743325,37402594.350615,808576.467851,107953479.031312,0.0,46265776.744231,46265776.72493,0.0,221647.591924,499987.54230553034,110823.79596899998,309588.842732688,300000.0,False,True
1601,4,0,1,NORMAL,0.023488187490639394,0.023238272529122847,0.023488187490639394,1.0,3300000000.0,6699999999.999996,77511018.71911,37433044.913886,809691.31495,108031055.696868,0.0,46299023.886624,46299023.86731,0.0,221647.61588500004,499987.6662586037,110823.80794900001,309816.4549733,300000.0,False,True
1602,4,0,1,NORMAL,0.023505432003191214,0.023255508624224035,0.023505432003191214,1.0,3300000000.0,6699999999.999996,77567925.610531,37463501.319482,810806.980546,108108632.370726,0.0,46332271.032577,46332271.013246,0.0,221647.63960500003,499987.788978384,110823.819811,310044.07487644,300000.0,False,True
1603,4,0,1,NORMAL,0.02352267709624091,0.023272745299838027,0.02352267709624091,1.0,3300000000.0,6699999999.999996,77624834.417595,37493963.568499,811923.464665,108186209.052805,0.0,46365518.182051,46365518.162706,0.0,221647.66309199994,499987.9104771413,110823.83155300001,310271.702442124,300000.0,False,True
1604,4,0,1,NORMAL,0.023539922769790302,0.02328998255596398,0.023539922769790302,1.0,3300000000.0,6699999999.999996,77681745.140308,37524431.662035,813040.767336,108263785.743023,0.0,46398765.335011,46398765.315654,0.0,221647.686344,499988.030767024,110823.843178,310499.33767038,300000.0,False,True
1605,4,0,1,NORMAL,0.023557169023842122,0.02330722039260128,0.023557169023842122,1.0,3300000000.0,6699999999.999996,77738657.778679,37554905.601184,814158.888586,108341362.441297,0.0,46432012.491426,46432012.472055,0.0,221647.70936399995,499988.14986005944,110823.85468900003,310726.98056123196,300000.0,False,True
1606,4,0,1,NORMAL,0.023574415858399093,0.023324458809749527,0.023574415858399093,1.0,3300000000.0,6699999999.999996,77795572.332717,37585385.387043,815277.828442,108418939.147549,0.0,46465259.651259,46465259.631874,0.0,221647.73215599995,499988.2677681552,110823.866085,310954.631114716,300000.0,False,True
1607,4,0,1,NORMAL,0.023591663273463334,0.023341697807408485,0.023591663273463334,1.0,3300000000.0,6699999999.999996,77852488.802429,37615871.020711,816397.586932,108496515.861699,0.0,46498506.814476,46498506.795081,0.0,221647.75472400003,499988.38450310065,110823.87736700001,311182.289330868,300000.0,False,True
1608,4,0,1,NORMAL,0.023608911269039093,0.0233589373855782,0.023608911269039093,1.0,3300000000.0,6699999999.999996,77909407.187829,37646362.503282,817518.164084,108574092.583669,0.0,46531753.98104,46531753.961638,0.0,221647.777061,499988.50007656764,110823.88853400001,311409.95520971605,300000.0,False,True
1609,4,0,1,NORMAL,0.023626159845127274,0.02337617754425879,0.023626159845127274,1.0,3300000000.0,6699999999.999996,77966327.48892,37676859.835858,818639.559925,108651669.313379,0.0,46565001.150925,46565001.131514,0.0,221647.79918099998,499988.6145001121,110823.89959500001,311637.628751316,300000.0,False,True
1610,4,0,1,NORMAL,0.023643409001731213,0.02339341828345056,0.023643409001731213,1.0,3300000000.0,6699999999.999996,78023249.705713,37707363.019539,819761.774483,108729246.050753,0.0,46598248.324096,46598248.304671,0.0,221647.82107599996,499988.7277851748,110823.91054500002,311865.30995568004,300000.0,False,True
1611,4,0,1,NORMAL,0.023660658738855152,0.023410659603154083,0.023660658738855152,1.0,3300000000.0,6699999999.999996,78080173.838222,37737872.055421,820884.807785,108806822.795714,0.0,46631495.500522,46631495.48108,0.0,221647.84275699998,499988.8399430828,110823.921387,312092.99882285204,300000.0,False,True
1612,4,0,1,NORMAL,0.023677909056501818,0.023427901503370065,0.023677909056501818,1.0,3300000000.0,6699999999.999996,78137099.886456,37768386.944607,822008.659859,108884399.548188,0.0,46664742.680164,46664742.66071,0.0,221647.86422,499988.95098505076,110823.932116,312320.69535288797,300000.0,False,True
1613,4,0,1,NORMAL,0.023695159954675152,0.023445143984099425,0.023695159954675152,1.0,3300000000.0,6699999999.999996,78194027.850428,37798907.688196,823133.330732,108961976.308099,0.0,46697989.862997,46697989.843528,0.0,221647.88547299997,499989.06092218106,110823.94274399999,312548.399545824,300000.0,False,True
1614,4,0,1,NORMAL,0.023712411433379998,0.023462387045343334,0.023712411433379998,1.0,3300000000.0,6699999999.999996,78250957.730154,37829434.287286,824258.820432,109039553.075376,0.0,46731237.048982,46731237.029502,0.0,221647.90651299997,499989.1697654664,110823.95326200001,312776.111401712,300000.0,False,True
1615,4,0,1,NORMAL,0.023729663492618784,0.023479630687103042,0.023729663492618784,1.0,3300000000.0,6699999999.999996,78307889.525642,37859966.742981,825385.128987,109117129.849943,0.0,46764484.238092,46764484.218601,0.0,221647.92734300002,499989.27752578957,110823.96367699999,313003.830920616,300000.0,False,True
1616,4,0,1,NORMAL,0.023746916132396063,0.023496874909380013,0.023746916132396063,1.0,3300000000.0,6699999999.999996,78364823.236907,37890505.056381,826512.256424,109194706.631727,0.0,46797731.430299,46797731.410792,0.0,221647.947966,499989.3842139254,110823.973991,313231.558102568,300000.0,False,True
1617,4,0,1,NORMAL,0.023764169352716365,0.02351411971217591,0.023764169352716365,1.0,3300000000.0,6699999999.999996,78421758.863964,37921049.228588,827640.202771,109272283.420658,0.0,46830978.625567,46830978.606046,0.0,221647.96838400004,499989.4898405413,110823.984199,313459.292947628,300000.0,False,True
1618,4,0,1,NORMAL,0.02378142315358394,0.023531365095492557,0.02378142315358394,1.0,3300000000.0,6699999999.999996,78478696.406827,37951599.260704,828768.968055,109349860.216664,0.0,46864225.823868,46864225.804331,0.0,221647.98859800005,499989.5944161989,110823.99430699999,313687.035455856,300000.0,False,True
1619,4,0,1,NORMAL,0.023798677535003334,0.023548611059331963,0.023798677535003334,1.0,3300000000.0,6699999999.999996,78535635.865511,37982155.153833,829898.552304,109427437.019674,0.0,46897473.025169,46897473.00562,0.0,221648.00861,499989.6979513543,110824.004311,313914.785627308,300000.0,False,True
1620,4,0,1,NORMAL,0.0238159324969797,0.023565857603696335,0.0238159324969797,1.0,3300000000.0,6699999999.999996,78592577.240033,38012716.909074,831028.955545,109505013.829619,0.0,46930720.229442,46930720.209881,0.0,221648.02842399996,499989.80045636004,110824.01421800001,314142.54346204404,300000.0,False,True
1621,4,0,1,NORMAL,0.023833188039517273,0.02358310472858801,0.023833188039517273,1.0,3300000000.0,6699999999.999996,78649520.530407,38043284.527535,832160.177806,109582590.64643,0.0,46963967.436658,46963967.417084,0.0,221648.04804100003,499989.9019414653,110824.02402699999,314370.308960132,300000.0,False,True
1622,4,0,1,NORMAL,0.023850444162620603,0.02360035243400947,0.023850444162620603,1.0,3300000000.0,6699999999.999996,78706465.736648,38073858.01032,833292.219114,109660167.470038,0.0,46997214.64679,46997214.6272,0.0,221648.06746400002,499990.0024168175,110824.03374,314598.082121628,300000.0,False,True
1623,4,0,1,NORMAL,0.02386770086629576,0.023617600719963425,0.02386770086629576,1.0,3300000000.0,6699999999.999996,78763412.858776,38104437.358531,834425.079497,109737744.300376,0.0,47030461.859807,47030461.8402,0.0,221648.086693,499990.101892463,110824.04335499999,314825.862946592,300000.0,False,True
1624,4,0,1,NORMAL,0.02388495815054818,0.023634849586452764,0.02388495815054818,1.0,3300000000.0,6699999999.999996,78820361.896809,38135022.573273,835558.758982,109815321.137378,0.0,47063709.075677,47063709.056057,0.0,221648.105731,499990.2003783482,110824.052872,315053.651435104,300000.0,False,True
1625,4,0,1,NORMAL,0.023902216015382727,0.023652099033480506,0.023902216015382727,1.0,3300000000.0,6699999999.999996,78877312.850763,38165613.655654,836693.257597,109892897.980978,0.0,47096956.294371,47096956.274742,0.0,221648.12457899997,499990.29788432084,110824.06229399999,315281.447587236,300000.0,False,True
1626,4,0,1,NORMAL,0.023919474460804543,0.0236693490610498,0.023919474460804543,1.0,3300000000.0,6699999999.999996,78934265.720655,38196210.606778,837828.57537,109970474.831109,0.0,47130203.515867,47130203.496223,0.0,221648.14323899997,499990.3944201302,110824.07162700001,315509.25140305195,300000.0,False,True
1627,4,0,1,NORMAL,0.023936733486819392,0.02368659966916397,0.023936733486819392,1.0,3300000000.0,6699999999.999996,78991220.506504,38226813.42775,838964.712328,110048051.687703,0.0,47163450.740138,47163450.720474,0.0,221648.16171,499990.489995429,110824.08086499998,315737.06288261997,300000.0,False,True
1628,4,0,1,NORMAL,0.023953993093434243,0.02370385085782657,0.023953993093434243,1.0,3300000000.0,6699999999.999996,79048177.208333,38257422.119676,840101.668499,110125628.550701,0.0,47196697.967146,47196697.947472,0.0,221648.18000199998,499990.58461977355,110824.09000599998,315964.882026016,300000.0,False,True
1629,4,0,1,NORMAL,0.02397125328065394,0.02372110262704124,0.02397125328065394,1.0,3300000000.0,6699999999.999996,79105135.826158,38288036.683666,841239.44391,110203205.420037,0.0,47229945.196873,47229945.177185,0.0,221648.19811199998,499990.67830262554,110824.09906299999,316192.708833332,300000.0,False,True
1630,4,0,1,NORMAL,0.023988514048485454,0.023738354976811836,0.023988514048485454,1.0,3300000000.0,6699999999.999996,79162096.360002,38318657.120823,842378.038589,110280782.295648,0.0,47263192.429291,47263192.409587,0.0,221648.21604200001,499990.7710533522,110824.10802899998,316420.543304632,300000.0,False,True
1631,4,0,1,NORMAL,0.024005775396934544,0.023755607907142335,0.024005775396934544,1.0,3300000000.0,6699999999.999996,79219058.809884,38349283.432257,843517.452563,110358359.177472,0.0,47296439.664371,47296439.644652,0.0,221648.233793,499990.8628812276,110824.116904,316648.385440008,300000.0,False,True
1632,4,0,1,NORMAL,0.024023037326007576,0.02377286141803687,0.024023037326007576,1.0,3300000000.0,6699999999.999996,79276023.175825,38379915.619076,844657.685861,110435936.065446,0.0,47329686.902087,47329686.882353,0.0,221648.251365,499990.9537954334,110824.12568999999,316876.235239536,300000.0,False,True
1633,4,0,1,NORMAL,0.024040299835710304,0.023790115509499672,0.024040299835710304,1.0,3300000000.0,6699999999.999996,79332989.457844,38410553.682389,845798.738509,110513512.959509,0.0,47362934.142413,47362934.122664,0.0,221648.26876300003,499991.0438050605,110824.134389,317104.0927033,300000.0,False,True
1634,4,0,1,NORMAL,0.024057562926050907,0.02380737018153524,0.024057562926050907,1.0,3300000000.0,6699999999.999996,79389957.655968,38441197.623304,846940.610535,110591089.859602,0.0,47396181.385322,47396181.365559,0.0,221648.28599,499991.1329191087,110824.143002,317331.957831376,300000.0,False,True
1635,4,0,1,NORMAL,0.02407482659703485,0.02382462543414812,0.02407482659703485,1.0,3300000000.0,6699999999.999996,79446927.770215,38471847.442931,848083.301967,110668666.765664,0.0,47429428.630788,47429428.611012,0.0,221648.303043,499991.22114648874,110824.151528,317559.830623872,300000.0,False,True
1636,4,0,1,NORMAL,0.024092090848669697,0.02384188126734306,0.024092090848669697,1.0,3300000000.0,6699999999.999996,79503899.80061,38502503.142379,849226.812832,110746243.677636,0.0,47462675.878786,47462675.858997,0.0,221648.319927,499991.3084960222,110824.15997000001,317787.71108086,300000.0,False,True
1637,4,0,1,NORMAL,0.02410935568096273,0.023859137681124975,0.02410935568096273,1.0,3300000000.0,6699999999.999996,79560873.747177,38533164.722757,850371.143158,110823820.595459,0.0,47495923.129291,47495923.10949,0.0,221648.33664399997,499991.3949764434,110824.168328,318015.59920244,300000.0,False,True
1638,4,0,1,NORMAL,0.024126621093921215,0.023876394675498926,0.024126621093921215,1.0,3300000000.0,6699999999.999996,79617849.60994,38563832.185175,851516.292972,110901397.519075,0.0,47529170.382277,47529170.362467,0.0,221648.35319500003,499991.48059639946,110824.176602,318243.494988708,300000.0,False,True
1639,4,0,1,NORMAL,0.024143887087550907,0.023893652250470025,0.024143887087550907,1.0,3300000000.0,6699999999.999996,79674827.388918,38594505.530746,852662.262302,110978974.448425,0.0,47562417.637725,47562417.6179,0.0,221648.36958100004,499991.56536445173,110824.184798,318471.39843976,300000.0,False,True
1640,4,0,1,NORMAL,0.02416115366186091,0.023910910406043633,0.02416115366186091,1.0,3300000000.0,6699999999.999996,79731807.084141,38625184.760579,853809.051176,111056551.383453,0.0,47595664.895605,47595664.875768,0.0,221648.385804,499991.649289076,110824.19290800001,318699.309555672,300000.0,False,True
1641,4,0,1,NORMAL,0.024178420816857272,0.023928169142225158,0.024178420816857272,1.0,3300000000.0,6699999999.999996,79788788.695629,38655869.875787,854956.65962,111134128.324101,0.0,47628912.155898,47628912.136045,0.0,221648.40186600003,499991.73237866396,110824.20094100002,318927.22833656403,300000.0,False,True
1642,4,0,1,NORMAL,0.024195688552548784,0.023945428459020233,0.024195688552548784,1.0,3300000000.0,6699999999.999996,79845772.223411,38686560.87748,856105.087663,111211705.270315,0.0,47662159.418575,47662159.398707,0.0,221648.417767,499991.8146415241,110824.208891,319155.154782516,300000.0,False,True
1643,4,0,1,NORMAL,0.024212956868942426,0.02396268835643457,0.024212956868942426,1.0,3300000000.0,6699999999.999996,79902757.66751,38717257.766774,857254.335332,111289282.22204,0.0,47695406.683613,47695406.663729,0.0,221648.43351000003,499991.89608588174,110824.216763,319383.088893644,300000.0,False,True
1644,4,0,1,NORMAL,0.02423022576604606,0.02397994883447402,0.02423022576604606,1.0,3300000000.0,6699999999.999996,79959745.027952,38747960.544781,858404.402655,111366859.179221,0.0,47728653.950986,47728653.931091,0.0,221648.449097,499991.9767198805,110824.224554,319611.03067004,300000.0,False,True
1645,4,0,1,NORMAL,0.024247495243868183,0.023997209893144612,0.024247495243868183,1.0,3300000000.0,6699999999.999996,80016734.304765,38778669.212613,859555.289659,111444436.141803,0.0,47761901.220677,47761901.200765,0.0,221648.46452900002,499992.05655158334,110824.232273,319838.980111808,300000.0,False,True
1646,4,0,1,NORMAL,0.02426476530241697,0.024014471532452508,0.02426476530241697,1.0,3300000000.0,6699999999.999996,80073725.497976,38809383.771381,860706.996372,111522013.109732,0.0,47795148.492659,47795148.472732,0.0,221648.479807,499992.13558897254,110824.23991100001,320066.93721906,300000.0,False,True
1647,4,0,1,NORMAL,0.024282035941700607,0.024031733752404,0.024282035941700607,1.0,3300000000.0,6699999999.999996,80130718.607612,38840104.222202,861859.522821,111599590.082956,0.0,47828395.766908,47828395.746968,0.0,221648.49493300004,499992.2138399511,110824.247473,320294.901991904,300000.0,False,True
1648,4,0,1,NORMAL,0.02429930716172697,0.024048996553005485,0.02429930716172697,1.0,3300000000.0,6699999999.999996,80187713.633699,38870830.566188,863012.869034,111677167.06142,0.0,47861643.043404,47861643.023451,0.0,221648.50990699997,499992.2913123437,110824.25496,320522.874430448,300000.0,False,True
1649,4,0,1,NORMAL,0.02431657896250485,0.02406625993426351,0.02431657896250485,1.0,3300000000.0,6699999999.999996,80244710.576266,38901562.804454,864167.035039,111754744.045074,0.0,47894890.322124,47894890.302159,0.0,221648.52473600002,499992.3680138965,110824.262374,320750.85453479603,300000.0,False,True
1650,4,0,1,NORMAL,0.024333851344042427,0.024083523896184733,0.024333851344042427,1.0,3300000000.0,6699999999.999996,80301709.43534,38932300.938116,865322.020863,111832321.033865,0.0,47928137.603045,47928137.583068,0.0,221648.539412,499992.4439522795,110824.269712,320978.842305064,300000.0,False,True
1651,4,0,1,NORMAL,0.024351124306348487,0.024100788438775948,0.024351124306348487,1.0,3300000000.0,6699999999.999996,80358710.21095,38963044.968288,866477.826534,111909898.027742,0.0,47961384.886149,47961384.866156,0.0,221648.55394600003,499992.5191350857,110824.276981,321206.83774136,300000.0,False,True
1652,4,0,1,NORMAL,0.024368397849431213,0.024118053562044033,0.024368397849431213,1.0,3300000000.0,6699999999.999996,80415712.903123,38993794.896087,867634.452079,111987475.026654,0.0,47994632.171411,47994632.151403,0.0,221648.568333,499992.5935698326,110824.284174,321434.8408438,300000.0,False,True
1653,4,0,1,NORMAL,0.024385671973300608,0.02413531926599607,0.024385671973300608,1.0,3300000000.0,6699999999.999996,80472717.511892,39024550.72263,868791.897526,112065052.030554,0.0,48027879.458806,48027879.438787,0.0,221648.582579,499992.6672639634,110824.291295,321662.85161249206,300000.0,False,True
1654,4,0,1,NORMAL,0.02440294667796485,0.024152585550639222,0.02440294667796485,1.0,3300000000.0,6699999999.999996,80529724.037284,39055312.449032,869950.162902,112142629.03939,0.0,48061126.748318,48061126.728286,0.0,221648.59668299995,499992.7402248466,110824.298348,321890.87004756805,300000.0,False,True
1655,4,0,1,NORMAL,0.02442022196343273,0.02416985241598074,0.02442022196343273,1.0,3300000000.0,6699999999.999996,80586732.479328,39086080.076409,871109.248235,112220206.053111,0.0,48094374.039926,48094374.01988,0.0,221648.61064400003,499992.8124597779,110824.30532900001,322118.896149136,300000.0,False,True
1656,4,0,1,NORMAL,0.024437497829714848,0.024187119862028105,0.024437497829714848,1.0,3300000000.0,6699999999.999996,80643742.838059,39116853.605877,872269.153552,112297783.071672,0.0,48127621.333606,48127621.313546,0.0,221648.62446799997,499992.8839759802,110824.31224100004,322346.92991731205,300000.0,False,True
1657,4,0,1,NORMAL,0.024454774276819392,0.024204387888788835,0.024454774276819392,1.0,3300000000.0,6699999999.999996,80700755.113504,39147633.038555,873429.878881,112375360.095022,0.0,48160868.62934,48160868.609267,0.0,221648.638155,499992.95478060463,110824.319084,322574.971352236,300000.0,False,True
1658,4,0,1,NORMAL,0.02447205130475606,0.024221656496270595,0.02447205130475606,1.0,3300000000.0,6699999999.999996,80757769.305695,39178418.375562,874591.42425,112452937.123116,0.0,48194115.927106,48194115.90702,0.0,221648.651707,499993.02488073095,110824.32586,322803.020454016,300000.0,False,True
1659,4,0,1,NORMAL,0.02448932891353364,0.024238925684481112,0.02448932891353364,1.0,3300000000.0,6699999999.999996,80814785.414661,39209209.618015,875753.789686,112530514.155903,0.0,48227363.226887,48227363.206785,0.0,221648.66512,499993.09428336873,110824.33256800001,323031.07722278,300000.0,False,True
1660,4,0,1,NORMAL,0.024506607103162426,0.024256195453428296,0.024506607103162426,1.0,3300000000.0,6699999999.999996,80871803.440436,39240006.767032,876916.975217,112608091.193339,0.0,48260610.528661,48260610.508541,0.0,221648.678402,499993.1629954577,110824.33920999999,323259.141658644,300000.0,False,True
1661,4,0,1,NORMAL,0.02452388587365273,0.024273465803120196,0.02452388587365273,1.0,3300000000.0,6699999999.999996,80928823.383054,39270809.823733,878080.98087,112685668.23538,0.0,48293857.832404,48293857.81227,0.0,221648.69155400002,499993.23102386855,110824.34578399998,323487.21376174403,300000.0,False,True
1662,4,0,1,NORMAL,0.02454116522501333,0.024290736733564917,0.02454116522501333,1.0,3300000000.0,6699999999.999996,80985845.242544,39301618.789238,879245.806673,112763245.281978,0.0,48327105.138099,48327105.117953,0.0,221648.70457400003,499993.2983754037,110824.352293,323715.293532216,300000.0,False,True
1663,4,0,1,NORMAL,0.024558445157254544,0.0243080082447707,0.024558445157254544,1.0,3300000000.0,6699999999.999996,81042869.01894,39332433.664664,880411.452654,112840822.333087,0.0,48360352.445727,48360352.425569,0.0,221648.717462,499993.3650567977,110824.358737,323943.38097017596,300000.0,False,True
1664,4,0,1,NORMAL,0.024575725670386062,0.024325280336745882,0.024575725670386062,1.0,3300000000.0,6699999999.999996,81099894.712274,39363254.451131,881577.91884,112918399.388661,0.0,48393599.755272,48393599.735098,0.0,221648.730222,499993.43107471836,110824.365119,324171.47607576003,300000.0,False,True
1665,4,0,1,NORMAL,0.024593006764417575,0.024342553009498894,0.024593006764417575,1.0,3300000000.0,6699999999.999996,81156922.322578,39394081.149762,882745.205258,112995976.448657,0.0,48426847.066711,48426847.046524,0.0,221648.74285699998,499993.49643576675,110824.37143500002,324399.578849096,300000.0,False,True
1666,4,0,1,NORMAL,0.02461028843936,0.02435982626303832,0.02461028843936,1.0,3300000000.0,6699999999.999996,81213951.849888,39424913.761677,883913.311937,113073553.513032,0.0,48460094.380025,48460094.359825,0.0,221648.75536500002,499993.5611464788,110824.37768899999,324627.689290312,300000.0,False,True
1667,4,0,1,NORMAL,0.024627570695223335,0.024377100097372838,0.024627570695223335,1.0,3300000000.0,6699999999.999996,81270983.294237,39455752.287995,885082.238903,113151130.58174,0.0,48493341.695201,48493341.674984,0.0,221648.76775099998,499993.6252133249,110824.383884,324855.80739955197,300000.0,False,True
1668,4,0,1,NORMAL,0.024644853532017272,0.02439437451251119,0.024644853532017272,1.0,3300000000.0,6699999999.999996,81328016.655657,39486596.72984,886251.986185,113228707.65474,0.0,48526589.012213,48526588.991983,0.0,221648.780011,499993.6886427115,110824.39001200002,325083.933176948,300000.0,False,True
1669,4,0,1,NORMAL,0.024662136949753333,0.024411649508462297,0.024662136949753333,1.0,3300000000.0,6699999999.999996,81385051.934186,39517447.088331,887422.55381,113306284.731988,0.0,48559836.331047,48559836.310803,0.0,221648.79215,499993.751440981,110824.396082,325312.06662262796,300000.0,False,True
1670,4,0,1,NORMAL,0.024679420948441215,0.024428925085235132,0.024679420948441215,1.0,3300000000.0,6699999999.999996,81442089.129856,39548303.364593,888593.941805,113383861.813443,0.0,48593083.651681,48593083.631426,0.0,221648.80416700005,499993.8136144128,110824.40208899998,325540.207736744,300000.0,False,True
1671,4,0,1,NORMAL,0.02469670552809212,0.024446201242838812,0.02469670552809212,1.0,3300000000.0,6699999999.999996,81499128.242704,39579165.559746,889766.150198,113461438.899063,0.0,48626330.974103,48626330.953832,0.0,221648.81606800004,499993.8751692238,110824.408042,325768.356519424,300000.0,False,True
1672,4,0,1,NORMAL,0.024713990688716967,0.024463477981282566,0.024713990688716967,1.0,3300000000.0,6699999999.999996,81556169.272766,39610033.674911,890939.179017,113539015.988805,0.0,48659578.298291,48659578.278006,0.0,221648.82784599997,499993.9361115693,110824.41393000001,325996.512970816,300000.0,False,True
1673,4,0,1,NORMAL,0.02473127643032606,0.024480755300575696,0.02473127643032606,1.0,3300000000.0,6699999999.999996,81613212.220076,39640907.711214,892113.028289,113616593.082629,0.0,48692825.624228,48692825.603929,0.0,221648.83950800003,499993.99644754274,110824.419761,326224.677091064,300000.0,False,True
1674,4,0,1,NORMAL,0.024748562752929394,0.024498033200727548,0.024748562752929394,1.0,3300000000.0,6699999999.999996,81670257.084667,39671787.66978,893287.698042,113694170.180494,0.0,48726072.951899,48726072.931585,0.0,221648.85105700002,499994.0561831777,110824.42553600001,326452.84888030397,300000.0,False,True
1675,4,0,1,NORMAL,0.02476584965653909,0.02451531168174765,0.02476584965653909,1.0,3300000000.0,6699999999.999996,81727303.866579,39702673.55173,894463.188303,113771747.28236,0.0,48759320.281284,48759320.260955,0.0,221648.86248699998,499994.11532444716,110824.431251,326681.028338668,300000.0,False,True
1676,4,0,1,NORMAL,0.02478313714116697,0.02453259074364567,0.02478313714116697,1.0,3300000000.0,6699999999.999996,81784352.565851,39733565.358188,895639.4991,113849324.38819,0.0,48792567.612366,48792567.592022,0.0,221648.873809,499994.1738772649,110824.43691200002,326909.215466316,300000.0,False,True
1677,4,0,1,NORMAL,0.024800425206822425,0.024549870386431267,0.024800425206822425,1.0,3300000000.0,6699999999.999996,81841403.182514,39764463.090279,896816.630461,113926901.49794,0.0,48825814.94513,48825814.924771,0.0,221648.885013,499994.231847486,110824.442514,327137.410263404,300000.0,False,True
1678,4,0,1,NORMAL,0.024817713853517578,0.024567150610114257,0.024817713853517578,1.0,3300000000.0,6699999999.999996,81898455.716608,39795366.749128,897994.582413,114004478.611574,0.0,48859062.279555,48859062.259184,0.0,221648.896106,499994.28924090695,110824.44805900002,327365.612730056,300000.0,False,True
1679,4,0,1,NORMAL,0.02483500308126394,0.02458443141470456,0.02483500308126394,1.0,3300000000.0,6699999999.999996,81955510.168171,39826276.335858,899173.354983,114082055.729051,0.0,48892309.615632,48892309.595245,0.0,221648.907092,499994.34606326686,110824.45355399999,327593.822866432,300000.0,False,True
1680,4,0,1,NORMAL,0.024852292890072424,0.024601712800212165,0.024852292890072424,1.0,3300000000.0,6699999999.999996,82012566.537239,39857191.851597,900352.9482,114159632.850335,0.0,48925556.953338,48925556.932935,0.0,221648.91796399996,499994.4023202475,110824.45899000001,327822.04067268403,300000.0,False,True
1681,4,0,1,NORMAL,0.024869583279955153,0.0246189947666472,0.024869583279955153,1.0,3300000000.0,6699999999.999996,82069624.823852,39888113.297471,901533.362091,114237209.975389,0.0,48958804.292655,48958804.272243,0.0,221648.928733,499994.4580174743,110824.464371,328050.266148956,300000.0,False,True
1682,4,0,1,NORMAL,0.024886874250922425,0.024636277314019798,0.024886874250922425,1.0,3300000000.0,6699999999.999996,82126685.028044,39919040.674604,902714.596683,114314787.104172,0.0,48992051.633574,48992051.613148,0.0,221648.93938999998,499994.5131605167,110824.469702,328278.499295408,300000.0,False,True
1683,4,0,1,NORMAL,0.024904165802987877,0.024653560442340322,0.024904165802987877,1.0,3300000000.0,6699999999.999996,82183747.14986,39949973.984122,903896.652004,114392364.236651,0.0,49025298.976073,49025298.955636,0.0,221648.94994500003,499994.56775488844,110824.474978,328506.740112176,300000.0,False,True
1684,4,0,1,NORMAL,0.024921457936161517,0.02467084415161911,0.024921457936161517,1.0,3300000000.0,6699999999.999996,82240811.189333,39980913.227153,905079.528082,114469941.372785,0.0,49058546.32014,49058546.299692,0.0,221648.96039100003,499994.6218060491,110824.48020099997,328734.98859943997,300000.0,False,True
1685,4,0,1,NORMAL,0.024938750650454547,0.02468812844186656,0.024938750650454547,1.0,3300000000.0,6699999999.999996,82297877.1465,40011858.404824,906263.224944,114547518.512537,0.0,49091793.665764,49091793.645298,0.0,221648.97073400003,499994.6753194032,110824.48537599998,328963.244757332,300000.0,False,True
1686,4,0,1,NORMAL,0.024956043945880906,0.024705413313093293,0.024956043945880906,1.0,3300000000.0,6699999999.999996,82354945.021407,40042809.518262,907447.742617,114625095.655877,0.0,49125041.012918,49125040.992441,0.0,221648.98097700003,499994.7283003017,110824.49049399998,329191.508586,300000.0,False,True
1687,4,0,1,NORMAL,0.024973337822451213,0.024722698765309935,0.024973337822451213,1.0,3300000000.0,6699999999.999996,82412014.814089,40073766.568596,908633.08113,114702672.802766,0.0,49158288.361593,49158288.341105,0.0,221648.991117,499994.78075404256,110824.49556400001,329419.780085628,300000.0,False,True
1688,4,0,1,NORMAL,0.024990632280177272,0.024739984798527185,0.024990632280177272,1.0,3300000000.0,6699999999.999996,82469086.524585,40104729.556953,909819.24051,114780249.953167,0.0,49191535.711776,49191535.691276,0.0,221649.00115600004,499994.8326858708,110824.50058399998,329648.05925635603,300000.0,False,True
1689,4,0,1,NORMAL,0.025007927319071817,0.024757271412755872,0.025007927319071817,1.0,3300000000.0,6699999999.999996,82526160.152937,40135698.48446,911006.220784,114857827.107046,0.0,49224783.063451,49224783.042936,0.0,221649.011093,499994.88410097937,110824.50555400002,329876.34609834,300000.0,False,True
1690,4,0,1,NORMAL,0.025025222939147575,0.024774558608006952,0.025025222939147575,1.0,3300000000.0,6699999999.999996,82583235.699187,40166673.352246,912194.02198,114935404.264371,0.0,49258030.416598,49258030.396074,0.0,221649.02093499998,499994.9350045096,110824.51047199998,330104.640611748,300000.0,False,True
1691,4,0,1,NORMAL,0.025042519140415755,0.024791846384291393,0.025042519140415755,1.0,3300000000.0,6699999999.999996,82640313.163372,40197654.161441,913382.644126,115012981.425105,0.0,49291277.771208,49291277.750671,0.0,221649.03067500002,499994.9854015513,110824.51534399998,330332.942796748,300000.0,False,True
1692,4,0,1,NORMAL,0.02505981592288909,0.02480913474162028,0.02505981592288909,1.0,3300000000.0,6699999999.999996,82697392.545534,40228640.913172,914572.087249,115090558.589213,0.0,49324525.127266,49324525.106716,0.0,221649.04031899996,499995.0352971441,110824.520166,330561.252653488,300000.0,False,True
1693,4,0,1,NORMAL,0.02507711328657909,0.02482642368000472,0.02507711328657909,1.0,3300000000.0,6699999999.999996,82754473.845711,40259633.608573,915762.351377,115168135.756663,0.0,49357772.484757,49357772.464193,0.0,221649.049868,499995.0846962773,110824.52494100001,330789.570182136,300000.0,False,True
1694,4,0,1,NORMAL,0.025094411231500302,0.02484371319945605,0.025094411231500302,1.0,3300000000.0,6699999999.999996,82811557.063951,40290632.248769,916953.436538,115245712.927423,0.0,49391019.843664,49391019.823088,0.0,221649.05932199996,499995.1336038904,110824.529667,331017.89538284397,300000.0,False,True
1695,4,0,1,NORMAL,0.02511170975766333,0.024861003299985553,0.02511170975766333,1.0,3300000000.0,6699999999.999996,82868642.200289,40321636.834894,918145.342758,115323290.101459,0.0,49424267.203976,49424267.183387,0.0,221649.068683,499995.18202487426,110824.534348,331246.228255804,300000.0,False,True
1696,4,0,1,NORMAL,0.025129008865080606,0.02487829398160459,0.025129008865080606,1.0,3300000000.0,6699999999.999996,82925729.254766,40352647.368078,919338.070066,115400867.278737,0.0,49457514.565682,49457514.545074,0.0,221649.077949,499995.22996407043,110824.53898399998,331474.568801156,300000.0,False,True
1697,4,0,1,NORMAL,0.025146308553765758,0.024895585244324666,0.025146308553765758,1.0,3300000000.0,6699999999.999996,82982818.227427,40383663.849451,920531.618489,115478444.459226,0.0,49490761.928763,49490761.908139,0.0,221649.08712400004,499995.27742627263,110824.54357,331702.917019064,300000.0,False,True
1698,4,0,1,NORMAL,0.02516360882373091,0.02491287708815733,0.02516360882373091,1.0,3300000000.0,6699999999.999996,83039909.118312,40414686.280145,921725.988055,115556021.642895,0.0,49524009.293205,49524009.272566,0.0,221649.09620700002,499995.32441622694,110824.54811099998,331931.27290970803,300000.0,False,True
1699,4,0,1,NORMAL,0.025180909674989396,0.024930169513114237,0.025180909674989396,1.0,3300000000.0,6699999999.999996,83097001.927465,40445714.66129,922921.178791,115633598.82971,0.0,49557256.658997,49557256.638343,0.0,221649.105199,499995.3709386321,110824.55260699999,332159.636473248,300000.0,False,True
1700,4,0,1,NORMAL,0.02519821110755424,0.024947462519207143,0.02519821110755424,1.0,3300000000.0,6699999999.999996,83154096.654929,40476748.994018,924117.190726,115711176.019642,0.0,49590504.026121,49590504.005455,0.0,221649.11410000004,499995.4169981401,110824.55705599998,332388.00770986004,300000.0,False,True
1701,4,0,1,NORMAL,0.02521551312143818,0.024964756106447855,0.02521551312143818,1.0,3300000000.0,6699999999.999996,83211193.300746,40507789.279462,925314.023886,115788753.212661,0.0,49623751.394565,49623751.37389,0.0,221649.12291699997,499995.46259935666,110824.561463,332616.386619716,300000.0,False,True
1702,4,0,1,NORMAL,0.02523281571665394,0.024982050274848247,0.02523281571665394,1.0,3300000000.0,6699999999.999996,83268291.864958,40538835.518753,926511.678299,115866330.408732,0.0,49656998.764323,49656998.743632,0.0,221649.13164200002,499995.50774684176,110824.56582900001,332844.77320298395,300000.0,False,True
1703,4,0,1,NORMAL,0.025250118893214546,0.02499934502442027,0.025250118893214546,1.0,3300000000.0,6699999999.999996,83325392.347608,40569887.713025,927710.153993,115943907.607827,0.0,49690246.135376,49690246.114672,0.0,221649.14028300002,499995.55244511,110824.570148,333073.16745983204,300000.0,False,True
1704,4,0,1,NORMAL,0.02526742265113424,0.02501664035517601,0.02526742265113424,1.0,3300000000.0,6699999999.999996,83382494.748743,40600945.863411,928909.450995,116021484.809919,0.0,49723493.507706,49723493.486996,0.0,221649.148838,499995.59669863083,110824.57442199999,333301.56939043204,300000.0,False,True
1705,4,0,1,NORMAL,0.025284726990425152,0.02503393626712757,0.025284726990425152,1.0,3300000000.0,6699999999.999996,83439599.068403,40632009.971044,930109.569333,116099062.014975,0.0,49756740.881309,49756740.860589,0.0,221649.15730800005,499995.64051182946,110824.57865899998,333529.978994972,300000.0,False,True
1706,4,0,1,NORMAL,0.0253020319111,0.025051232760287083,0.0253020319111,1.0,3300000000.0,6699999999.999996,83496705.30663,40663080.037058,931310.509035,116176639.222964,0.0,49789988.256174,49789988.235439,0.0,221649.165693,499995.68388908706,110824.582854,333758.39627361204,300000.0,False,True
1707,4,0,1,NORMAL,0.025319337413172726,0.025068529834666804,0.025319337413172726,1.0,3300000000.0,6699999999.999996,83553813.46347,40694156.062587,932512.270128,116254216.433859,0.0,49823235.632282,49823235.611535,0.0,221649.173994,499995.7268347412,110824.58700300002,333986.82122652,300000.0,False,True
1708,4,0,1,NORMAL,0.025336643496656968,0.025085827490279072,0.025336643496656968,1.0,3300000000.0,6699999999.999996,83610923.538968,40725238.048764,933714.852639,116331793.64763,0.0,49856483.009625,49856482.988864,0.0,221649.182214,499995.76935308625,110824.59111400001,334215.25385388,300000.0,False,True
1709,4,0,1,NORMAL,0.025353950161565757,0.025103125727136282,0.025353950161565757,1.0,3300000000.0,6699999999.999996,83668035.533167,40756325.996723,934918.256597,116409370.864247,0.0,49889730.388189,49889730.367414,0.0,221649.19034799997,499995.81144837366,110824.595181,334443.694155872,300000.0,False,True
1710,4,0,1,NORMAL,0.02537125740791212,0.025120424545250854,0.02537125740791212,1.0,3300000000.0,6699999999.999996,83725149.44611,40787419.907603,936122.482029,116486948.083685,0.0,49922977.76796,49922977.747172,0.0,221649.19840500003,499995.85312481306,110824.59920899998,334672.142132668,300000.0,False,True
1711,4,0,1,NORMAL,0.025388565235711518,0.025137723944635416,0.025388565235711518,1.0,3300000000.0,6699999999.999996,83782265.277848,40818519.782536,937327.528962,116564525.305917,0.0,49956225.148924,49956225.128126,0.0,221649.20638199997,499995.89438657183,110824.603196,334900.59778444,300000.0,False,True
1712,4,0,1,NORMAL,0.02540587364497606,0.025155023925302555,0.02540587364497606,1.0,3300000000.0,6699999999.999996,83839383.028421,40849625.622656,938533.397424,116642102.53091,0.0,49989472.531077,49989472.510264,0.0,221649.21427700002,499995.9352377758,110824.607146,335129.06111139205,300000.0,False,True
1713,4,0,1,NORMAL,0.02542318263571909,0.025172324487264912,0.02542318263571909,1.0,3300000000.0,6699999999.999996,83896502.697873,40880737.429102,939740.087443,116719679.758639,0.0,50022719.914404,50022719.893576,0.0,221649.222097,499995.9756825102,110824.611056,335357.532113684,300000.0,False,True
1714,4,0,1,NORMAL,0.025440492207955155,0.025189625630535253,0.025440492207955155,1.0,3300000000.0,6699999999.999996,83953624.286252,40911855.203009,940947.599047,116797256.989077,0.0,50055967.298892,50055967.278048,0.0,221649.22983600004,499996.0157248192,110824.614926,335586.010791492,300000.0,False,True
1715,4,0,1,NORMAL,0.025457802361698183,0.025206927355126408,0.025457802361698183,1.0,3300000000.0,6699999999.999996,84010747.793604,40942978.945513,942155.932262,116874834.222199,0.0,50089214.684527,50089214.663669,0.0,221649.2375,499996.0553687069,110824.618757,335814.49714500806,300000.0,False,True
1716,4,0,1,NORMAL,0.02547511309696121,0.025224229661051235,0.02547511309696121,1.0,3300000000.0,6699999999.999996,84067873.219972,40974108.657751,943365.087117,116952411.457975,0.0,50122462.0713,50122462.050429,0.0,221649.245085,499996.0946181374,110824.622549,336042.99117441603,300000.0,False,True
1717,4,0,1,NORMAL,0.025492424413759696,0.02524153254832275,0.025492424413759696,1.0,3300000000.0,6699999999.999996,84125000.565407,41005244.340859,944575.063639,117029988.696383,0.0,50155709.459194,50155709.438316,0.0,221649.25259699998,499996.1334770358,110824.626302,336271.492879888,300000.0,False,True
1718,4,0,1,NORMAL,0.02550973631210606,0.02525883601695393,0.02550973631210606,1.0,3300000000.0,6699999999.999996,84182129.82995,41036385.995974,945785.861856,117107565.937392,0.0,50188956.848209,50188956.827317,0.0,221649.26003399998,499996.1719492875,110824.63002400001,336500.002261628,300000.0,False,True
1719,4,0,1,NORMAL,0.02552704879201485,0.025276140066957862,0.02552704879201485,1.0,3300000000.0,6699999999.999996,84239261.013649,41067533.624238,946997.481795,117185143.18098,0.0,50222204.238322,50222204.217425,0.0,221649.26739700005,499996.2100387399,110824.63370100003,336728.5193198,300000.0,False,True
1720,4,0,1,NORMAL,0.025544361853500605,0.025293444698347718,0.025544361853500605,1.0,3300000000.0,6699999999.999996,84296394.116552,41098687.226781,948209.923484,117262720.427117,0.0,50255451.629536,50255451.608623,0.0,221649.274686,499996.24774920143,110824.63735099998,336957.044054596,300000.0,False,True
1721,4,0,1,NORMAL,0.025561675496576064,0.025310749911136646,0.025561675496576064,1.0,3300000000.0,6699999999.999996,84353529.138701,41129846.804748,949423.186951,117340297.67578,0.0,50288699.021831,50288699.000905,0.0,221649.28190300005,499996.2850844433,110824.64095799999,337185.576466208,300000.0,False,True
1722,4,0,1,NORMAL,0.025578989721256665,0.025328055705337936,0.025578989721256665,1.0,3300000000.0,6699999999.999996,84410666.080147,41161012.359275,950637.272223,117417874.926945,0.0,50321946.415197,50321946.394258,0.0,221649.289049,499996.32204819884,110824.64453100001,337414.11655480403,300000.0,False,True
1723,4,0,1,NORMAL,0.025596304527556363,0.025345362080964932,0.025596304527556363,1.0,3300000000.0,6699999999.999996,84467804.940936,41192183.8915,951852.179328,117495452.180584,0.0,50355193.809626,50355193.788673,0.0,221649.296122,499996.35864416417,110824.64806800001,337642.664320588,300000.0,False,True
1724,4,0,1,NORMAL,0.0256136199154897,0.025362669038031048,0.0256136199154897,1.0,3300000000.0,6699999999.999996,84524945.721116,41223361.402562,953067.908293,117573029.436676,0.0,50388441.205104,50388441.184139,0.0,221649.30312799997,499996.39487599884,110824.65156999999,337871.219763744,300000.0,False,True
1725,4,0,1,NORMAL,0.025630935885069997,0.025379976576549692,0.025630935885069997,1.0,3300000000.0,6699999999.999996,84582088.420731,41254544.893602,954284.459146,117650606.695193,0.0,50421688.601624,50421688.580644,0.0,221649.310059,499996.43074732594,110824.655037,338099.782884464,300000.0,False,True
1726,4,0,1,NORMAL,0.025648252436312725,0.025397284696534406,0.025648252436312725,1.0,3300000000.0,6699999999.999996,84639233.039832,41285734.365757,955501.831914,117728183.956113,0.0,50454935.999173,50454935.97818,0.0,221649.31692499996,499996.46626173245,110824.658469,338328.353682924,300000.0,False,True
1727,4,0,1,NORMAL,0.025665569569231817,0.025414593397998755,0.025665569569231817,1.0,3300000000.0,6699999999.999996,84696379.578465,41316929.820168,956720.026626,117805761.21941,0.0,50488183.397745,50488183.376735,0.0,221649.32372100002,499996.5014227697,110824.661869,338556.932159328,300000.0,False,True
1728,4,0,1,NORMAL,0.02568288728384182,0.025431902680956374,0.02568288728384182,1.0,3300000000.0,6699999999.999996,84753528.036678,41348131.257977,957939.043308,117883338.485064,0.0,50521430.797323,50521430.776299,0.0,221649.33045,499996.5362339536,110824.665232,338785.51831386,300000.0,False,True
1729,4,0,1,NORMAL,0.025700205580157575,0.025449212545420968,0.025700205580157575,1.0,3300000000.0,6699999999.999996,84810678.41452,41379338.680324,959158.881989,117960915.753051,0.0,50554678.197899,50554678.176862,0.0,221649.337113,499996.5706987652,110824.668563,339014.112146712,300000.0,False,True
1730,4,0,1,NORMAL,0.025717524458193634,0.025466522991406303,0.025717524458193634,1.0,3300000000.0,6699999999.999996,84867830.712039,41410552.088346,960379.542696,118038493.023344,0.0,50587925.599467,50587925.578415,0.0,221649.343707,499996.604820651,110824.67186099998,339242.71365807997,300000.0,False,True
1731,4,0,1,NORMAL,0.025734843917964545,0.02548383401892619,0.025734843917964545,1.0,3300000000.0,6699999999.999996,84924984.929283,41441771.483187,961601.025456,118116070.295923,0.0,50621173.002015,50621172.980947,0.0,221649.350238,499996.6386030228,110824.675127,339471.322848156,300000.0,False,True
1732,4,0,1,NORMAL,0.025752163959485153,0.025501145627994513,0.025752163959485153,1.0,3300000000.0,6699999999.999996,84982141.066301,41472996.86599,962823.330297,118193647.570767,0.0,50654420.405529,50654420.384449,0.0,221649.356704,499996.67204925895,110824.67835800002,339699.93971713196,300000.0,False,True
1733,4,0,1,NORMAL,0.025769484582770303,0.025518457818625214,0.025769484582770303,1.0,3300000000.0,6699999999.999996,85039299.123142,41504228.237894,964046.457247,118271224.847851,0.0,50687667.810003,50687667.788911,0.0,221649.36310399996,499996.7051627039,110824.68155800001,339928.564265204,300000.0,False,True
1734,4,0,1,NORMAL,0.025786805787834547,0.02553577059083227,0.025786805787834547,1.0,3300000000.0,6699999999.999996,85096459.099854,41535465.600041,965270.406334,118348802.127153,0.0,50720915.215427,50720915.194324,0.0,221649.36944100002,499996.73794666893,110824.68472600002,340157.196492568,300000.0,False,True
1735,4,0,1,NORMAL,0.025804127574691818,0.025553083944629663,0.025804127574691818,1.0,3300000000.0,6699999999.999996,85153620.996483,41566708.953577,966495.177585,118426379.408651,0.0,50754162.621793,50754162.600678,0.0,221649.375716,499996.7704044322,110824.68786399999,340385.83639941603,300000.0,False,True
1736,4,0,1,NORMAL,0.02582144994335848,0.025570397880031525,0.02582144994335848,1.0,3300000000.0,6699999999.999996,85210784.813083,41597958.299641,967720.771028,118503956.692324,0.0,50787410.029088,50787410.007965,0.0,221649.38192800002,499996.8025392395,110824.690968,340614.483985932,300000.0,False,True
1737,4,0,1,NORMAL,0.02583877289384879,0.025587712397051997,0.02583877289384879,1.0,3300000000.0,6699999999.999996,85267950.549701,41629213.639375,968947.18669,118581533.978148,0.0,50820657.43731,50820657.416173,0.0,221649.38807799996,499996.8343543042,110824.694046,340843.139252332,300000.0,False,True
1738,4,0,1,NORMAL,0.025856096426178483,0.025605027495705323,0.025856096426178483,1.0,3300000000.0,6699999999.999996,85325118.206389,41660474.973922,970174.424599,118659111.266104,0.0,50853904.846442,50853904.825296,0.0,221649.39416700002,499996.8658528077,110824.69708800002,341071.80219880404,300000.0,False,True
1739,4,0,1,NORMAL,0.025873420540361517,0.025622343176005723,0.025873420540361517,1.0,3300000000.0,6699999999.999996,85382287.783193,41691742.304427,971402.484782,118736688.556169,0.0,50887152.25648,50887152.235323,0.0,221649.400195,499996.89703789976,110824.70010300001,341300.472825556,300000.0,False,True
1740,4,0,1,NORMAL,0.02589074523641303,0.025639659437967487,0.02589074523641303,1.0,3300000000.0,6699999999.999996,85439459.280163,41723015.632035,972631.367267,118814265.848323,0.0,50920399.667412,50920399.646245,0.0,221649.406162,499996.9279126989,110824.70308599998,341529.15113277204,300000.0,False,True
1741,4,0,1,NORMAL,0.025908070514348788,0.02565697628160499,0.025908070514348788,1.0,3300000000.0,6699999999.999996,85496632.697351,41754294.957886,973861.072082,118891843.142545,0.0,50953647.079229,50953647.058053,0.0,221649.41206899998,499996.9584802923,110824.70603899998,341757.837120652,300000.0,False,True
1742,4,0,1,NORMAL,0.025925396374183635,0.025674293706932645,0.025925396374183635,1.0,3300000000.0,6699999999.999996,85553808.034806,41785580.283126,975091.599255,118969420.438814,0.0,50986894.491927,50986894.470736,0.0,221649.417919,499996.9887437368,110824.70896700003,341986.530789404,300000.0,False,True
1743,4,0,1,NORMAL,0.025942722815933333,0.025691611713964946,0.025942722815933333,1.0,3300000000.0,6699999999.999996,85610985.29258,41816871.608899,976322.948813,119046997.737111,0.0,51020141.905493,51020141.884289,0.0,221649.42371299997,499997.0187060586,110824.71186300003,342215.232139224,300000.0,False,True
1744,4,0,1,NORMAL,0.025960049839611817,0.025708930302716357,0.025960049839611817,1.0,3300000000.0,6699999999.999996,85668164.470719,41848168.936352,977555.120783,119124575.037414,0.0,51053389.319919,51053389.298703,0.0,221649.42944600002,499997.0483702539,110824.714729,342443.94117032,300000.0,False,True
1745,4,0,1,NORMAL,0.02597737744523606,0.0257262494732015,0.02597737744523606,1.0,3300000000.0,6699999999.999996,85725345.569279,41879472.266627,978788.115194,119202152.339704,0.0,51086636.735198,51086636.713967,0.0,221649.43512299997,499997.0777392889,110824.717569,342672.657882876,300000.0,False,True
1746,4,0,1,NORMAL,0.025994705632819696,0.025743569225434932,0.025994705632819696,1.0,3300000000.0,6699999999.999996,85782528.588305,41910781.600872,980021.932072,119279729.643961,0.0,51119884.151317,51119884.130077,0.0,221649.440743,499997.1068161005,110824.720376,342901.382277116,300000.0,False,True
1747,4,0,1,NORMAL,0.02601203440237879,0.025760889559431312,0.02601203440237879,1.0,3300000000.0,6699999999.999996,85839713.52785,41942096.940231,981256.571446,119357306.950165,0.0,51153131.568275,51153131.547019,0.0,221649.44630800004,499997.13560359646,110824.72316200001,343130.11435322,300000.0,False,True
1748,4,0,1,NORMAL,0.026029363753929093,0.025778210475205364,0.026029363753929093,1.0,3300000000.0,6699999999.999996,85896900.387966,41973418.285851,982492.033343,119434884.258298,0.0,51186378.986057,51186378.964788,0.0,221649.451817,499997.1641046552,110824.72591499997,343358.8541114,300000.0,False,True
1749,4,0,1,NORMAL,0.02604669368748606,0.02579553197277186,0.02604669368748606,1.0,3300000000.0,6699999999.999996,85954089.168704,42004745.638875,983728.317791,119512461.568339,0.0,51219626.40466,51219626.383374,0.0,221649.45727100002,499997.1923221268,110824.728644,343587.60155186406,300000.0,False,True
1750,4,0,1,NORMAL,0.02606402420306545,0.02581285405214564,0.02606402420306545,1.0,3300000000.0,6699999999.999996,86011279.870116,42036079.000453,984965.424817,119590038.880272,0.0,51252873.824067,51252873.802773,0.0,221649.462672,499997.22025883326,110824.73134000003,343816.356674816,300000.0,False,True
1751,4,0,1,NORMAL,0.026081355300682427,0.025830176713341563,0.026081355300682427,1.0,3300000000.0,6699999999.999996,86068472.492252,42067418.37173,986203.354449,119667616.194076,0.0,51286121.244279,51286121.222972,0.0,221649.468019,499997.2479175677,110824.734016,344045.11948046397,300000.0,False,True
1752,4,0,1,NORMAL,0.02609868698035182,0.025847499956374486,0.02609868698035182,1.0,3300000000.0,6699999999.999996,86125667.035161,42098763.753853,987442.106715,119745193.509731,0.0,51319368.665288,51319368.643965,0.0,221649.473312,499997.2753010962,110824.73666400003,344273.88996900804,300000.0,False,True
1753,4,0,1,NORMAL,0.026116019242089696,0.02586482378125934,0.026116019242089696,1.0,3300000000.0,6699999999.999996,86182863.498896,42130115.147969,988681.681642,119822770.827219,0.0,51352616.087085,51352616.065744,0.0,221649.47855200002,499997.302412157,110824.73928499999,344502.66814064403,300000.0,False,True
1754,4,0,1,NORMAL,0.026133352085912425,0.025882148188011152,0.026133352085912425,1.0,3300000000.0,6699999999.999996,86240061.883511,42161472.555227,989922.079258,119900348.146525,0.0,51385863.509656,51385863.488303,0.0,221649.483742,499997.3292534611,110824.741877,344731.45399558404,300000.0,False,True
1755,4,0,1,NORMAL,0.026150685511835456,0.02589947317664498,0.026150685511835456,1.0,3300000000.0,6699999999.999996,86297262.189057,42192835.976772,991163.29959,119977925.467628,0.0,51419110.933,51419110.91163,0.0,221649.488877,499997.35582769266,110824.74444700002,344960.247534044,300000.0,False,True
1756,4,0,1,NORMAL,0.02616801951987424,0.025916798747175902,0.02616801951987424,1.0,3300000000.0,6699999999.999996,86354464.415585,42224205.413755,992405.342667,120055502.790511,0.0,51452358.357107,51452358.335721,0.0,221649.493964,499997.382137509,110824.74698999999,345189.04875622806,300000.0,False,True
1757,4,0,1,NORMAL,0.02618535411004485,0.025934124899619063,0.02618535411004485,1.0,3300000000.0,6699999999.999996,86411668.563148,42255580.867325,993648.208515,120133080.115158,0.0,51485605.781966,51485605.760568,0.0,221649.499,499997.408185541,110824.749506,345417.85766234,300000.0,False,True
1758,4,0,1,NORMAL,0.026202689282362426,0.025951451633989604,0.026202689282362426,1.0,3300000000.0,6699999999.999996,86468874.631796,42286962.338628,994891.897163,120210657.441549,0.0,51518853.207572,51518853.186162,0.0,221649.50398199997,499997.43397439335,110824.75199699998,345646.674252592,300000.0,False,True
1759,4,0,1,NORMAL,0.026220025036843637,0.02596877895030277,0.026220025036843637,1.0,3300000000.0,6699999999.999996,86526082.621584,42318349.828812,996136.408638,120288234.769667,0.0,51552100.633921,51552100.612498,0.0,221649.50892099997,499997.45950664504,110824.754467,345875.498527184,300000.0,False,True
1760,4,0,1,NORMAL,0.026237361373503333,0.025986106848573776,0.026237361373503333,1.0,3300000000.0,6699999999.999996,86583292.532561,42349743.33903,997381.742967,120365812.099494,0.0,51585348.061004,51585348.039566,0.0,221649.51380500002,499997.4847848491,110824.75691,346104.330486336,300000.0,False,True
1761,4,0,1,NORMAL,0.02625469829235909,0.026003435328817992,0.02625469829235909,1.0,3300000000.0,6699999999.999996,86640504.364785,42381142.870427,998627.900179,120443389.431016,0.0,51618595.48881,51618595.467358,0.0,221649.51864199995,499997.5098115334,110824.75932800001,346333.17013024405,300000.0,False,True
1762,4,0,1,NORMAL,0.026272035793425758,0.026020764391050753,0.026272035793425758,1.0,3300000000.0,6699999999.999996,86697718.118305,42412548.424156,999874.880301,120520966.764215,0.0,51651842.917333,51651842.895871,0.0,221649.52343399994,499997.53458920046,110824.761722,346562.01745914,300000.0,False,True
1763,4,0,1,NORMAL,0.026289373876719695,0.02603809403528746,0.026289373876719695,1.0,3300000000.0,6699999999.999996,86754933.793175,42443960.001364,1001122.68336,120598544.099072,0.0,51685090.346569,51685090.325094,0.0,221649.528173,499997.559120328,110824.76409299999,346790.87247322,300000.0,False,True
1764,4,0,1,NORMAL,0.026306712542257273,0.02605542426154358,0.026306712542257273,1.0,3300000000.0,6699999999.999996,86812151.389449,42475377.603205,1002371.309385,120676121.435574,0.0,51718337.776506,51718337.755022,0.0,221649.532869,499997.58340736915,110824.76643900001,347019.7351727,300000.0,False,True
1765,4,0,1,NORMAL,0.026324051790053638,0.026072755069834554,0.026324051790053638,1.0,3300000000.0,6699999999.999996,86869370.907177,42506801.230827,1003620.758402,120753698.773702,0.0,51751585.207144,51751585.185645,0.0,221649.53751700002,499997.6074527526,110824.76876599998,347248.605557796,300000.0,False,True
1766,4,0,1,NORMAL,0.02634139162012485,0.026090086460175868,0.02634139162012485,1.0,3300000000.0,6699999999.999996,86926592.346412,42538230.885383,1004871.03044,120831276.113441,0.0,51784832.63847,51784832.616961,0.0,221649.54212000003,499997.63125888264,110824.77106499996,347477.483628708,300000.0,False,True
1767,4,0,1,NORMAL,0.026358732032487578,0.026107418432583077,0.026358732032487578,1.0,3300000000.0,6699999999.999996,86983815.707209,42569666.568022,1006122.125526,120908853.454774,0.0,51818080.070481,51818080.048958,0.0,221649.54667400004,499997.65482814005,110824.77334399999,347706.369385648,300000.0,False,True
1768,4,0,1,NORMAL,0.02637607302715788,0.026124750987071777,0.02637607302715788,1.0,3300000000.0,6699999999.999996,87041040.989621,42601108.279895,1007374.043688,120986430.797684,0.0,51851327.503172,51851327.481632,0.0,221649.551185,499997.6781628815,110824.775601,347935.26282883604,300000.0,False,True
1769,4,0,1,NORMAL,0.026393414604152423,0.026142084123657625,0.026393414604152423,1.0,3300000000.0,6699999999.999996,87098268.193703,42632556.022154,1008626.784953,121064008.142159,0.0,51884574.936529,51884574.914977,0.0,221649.555652,499997.70126544073,110824.77783199999,348164.163958484,300000.0,False,True
1770,4,0,1,NORMAL,0.026410756763486972,0.026159417842356293,0.026410756763486972,1.0,3300000000.0,6699999999.999996,87155497.319507,42664009.795951,1009880.349349,121141585.488181,0.0,51917822.370551,51917822.348984,0.0,221649.56007300003,499997.7241381276,110824.780044,348393.072774812,300000.0,False,True
1771,4,0,1,NORMAL,0.026428099505177882,0.026176752143183494,0.026428099505177882,1.0,3300000000.0,6699999999.999996,87212728.367087,42695469.602439,1011134.736904,121219162.835735,0.0,51951069.805226,51951069.78365,0.0,221649.564449,499997.7467832295,110824.78222899999,348621.989278028,300000.0,False,True
1772,4,0,1,NORMAL,0.02644544282924121,0.02619408702615496,0.02644544282924121,1.0,3300000000.0,6699999999.999996,87269961.336496,42726935.44277,1012389.947645,121296740.184806,0.0,51984317.240553,51984317.218965,0.0,221649.568784,499997.769203011,110824.78439800002,348850.91346834804,300000.0,False,True
1773,4,0,1,NORMAL,0.026462786735693033,0.026211422491286454,0.026462786735693033,1.0,3300000000.0,6699999999.999996,87327196.227787,42758407.318096,1013645.9816,121374317.535377,0.0,52017564.676527,52017564.654923,0.0,221649.57307399999,499997.7913997138,110824.78654500002,349079.845345984,300000.0,False,True
1774,4,0,1,NORMAL,0.026480131224550906,0.02622875853859384,0.026480131224550906,1.0,3300000000.0,6699999999.999996,87384433.041018,42789885.229571,1014902.838797,121451894.887437,0.0,52050812.113133,52050812.09152,0.0,221649.57732300003,499997.8133755577,110824.78866600001,349308.784911148,300000.0,False,True
1775,4,0,1,NORMAL,0.02649747629583091,0.02624609516809301,0.02649747629583091,1.0,3300000000.0,6699999999.999996,87441671.776242,42821369.178346,1016160.519263,121529472.240969,0.0,52084059.550371,52084059.528746,0.0,221649.58152800004,499997.83513274026,110824.79076999999,349537.732164072,300000.0,False,True
1776,4,0,1,NORMAL,0.026514821949549395,0.026263432379799875,0.026514821949549395,1.0,3300000000.0,6699999999.999996,87498912.433513,42852859.165577,1017419.023026,121607049.59596,0.0,52117306.988231,52117306.966597,0.0,221649.585693,499997.85667343705,110824.79285099999,349766.687104968,300000.0,False,True
1777,4,0,1,NORMAL,0.02653216818572212,0.026280770173730345,0.02653216818572212,1.0,3300000000.0,6699999999.999996,87556155.012883,42884355.192416,1018678.350113,121684626.952391,0.0,52150554.426714,52150554.405066,0.0,221649.589814,499997.87799980224,110824.79491400001,349995.649734052,300000.0,False,True
1778,4,0,1,NORMAL,0.02654951500436545,0.02629810854990035,0.02654951500436545,1.0,3300000000.0,6699999999.999996,87613399.514406,42915857.26002,1019938.500552,121762204.310251,0.0,52183801.865808,52183801.844147,0.0,221649.593895,499997.8991139683,110824.79695400002,350224.620051532,300000.0,False,True
1779,4,0,1,NORMAL,0.02656686240549818,0.02631544750832602,0.02656686240549818,1.0,3300000000.0,6699999999.999996,87670645.938144,42947365.369538,1021199.474371,121839781.669528,0.0,52217049.305502,52217049.283836,0.0,221649.597937,499997.9200180466,110824.798971,350453.598057624,300000.0,False,True
1780,4,0,1,NORMAL,0.02658421038913394,0.026332787049023303,0.02658421038913394,1.0,3300000000.0,6699999999.999996,87727894.284142,42978879.522127,1022461.271598,121917359.030202,0.0,52250296.745805,52250296.724123,0.0,221649.601938,499997.94071412756,110824.80097699999,350682.583752576,300000.0,False,True
1781,4,0,1,NORMAL,0.02660155895529091,0.02635012717200831,0.02660155895529091,1.0,3300000000.0,6699999999.999996,87785144.55246,43010399.718942,1023723.89226,121994936.392263,0.0,52283544.186697,52283544.165006,0.0,221649.605897,499997.9612042808,110824.802953,350911.577136568,300000.0,False,True
1782,4,0,1,NORMAL,0.02661890810398515,0.026367467877297143,0.02661890810398515,1.0,3300000000.0,6699999999.999996,87842396.743151,43041925.961138,1024987.336385,122072513.755695,0.0,52316791.628181,52316791.606475,0.0,221649.609817,499997.9814905553,110824.80491599998,351140.57820984,300000.0,False,True
1783,4,0,1,NORMAL,0.026636257835233938,0.026384809164905973,0.026636257835233938,1.0,3300000000.0,6699999999.999996,87899650.856272,43073458.249871,1026251.604,122150091.120488,0.0,52350039.070245,52350039.048526,0.0,221649.613701,499998.0015749796,110824.80685699999,351369.586972604,300000.0,False,True
1784,4,0,1,NORMAL,0.02665360814905333,0.026402151034850965,0.02665360814905333,1.0,3300000000.0,6699999999.999996,87956906.891876,43104996.586295,1027516.695133,122227668.486624,0.0,52383286.512888,52383286.491155,0.0,221649.617544,499998.02145956206,110824.80877900003,351598.603425088,300000.0,False,True
1785,4,0,1,NORMAL,0.02667095904546061,0.026419493487148362,0.02667095904546061,1.0,3300000000.0,6699999999.999996,88014164.85002,43136540.971568,1028782.609812,122305245.854094,0.0,52416533.956098,52416533.934354,0.0,221649.621349,499998.04114629125,110824.81068000001,351827.627567504,300000.0,False,True
1786,4,0,1,NORMAL,0.026688310524472122,0.026436836521814413,0.026688310524472122,1.0,3300000000.0,6699999999.999996,88071424.730758,43168091.406845,1030049.348064,122382823.222883,0.0,52449781.399872,52449781.378119,0.0,221649.62511700002,499998.06063713564,110824.81256299998,352056.65940008004,300000.0,False,True
1787,4,0,1,NORMAL,0.026705662586104243,0.02645418013886537,0.026705662586104243,1.0,3300000000.0,6699999999.999996,88128686.534144,43199647.893283,1031316.909917,122460400.592976,0.0,52483028.844211,52483028.822441,0.0,221649.62884699996,499998.07993404457,110824.81443199998,352285.698923032,300000.0,False,True
1788,4,0,1,NORMAL,0.02672301523037424,0.026471524338317558,0.02672301523037424,1.0,3300000000.0,6699999999.999996,88185950.260235,43231210.432038,1032585.295399,122537977.964362,0.0,52516276.289101,52516276.26732,0.0,221649.632541,499998.0990389473,110824.81627600001,352514.746136576,300000.0,False,True
1789,4,0,1,NORMAL,0.026740368457299393,0.02648886912018736,0.026740368457299393,1.0,3300000000.0,6699999999.999996,88243215.909088,43262779.024265,1033854.504537,122615555.337028,0.0,52549523.734538,52549523.712747,0.0,221649.636196,499998.1179537547,110824.81810299998,352743.80104094,300000.0,False,True
1790,4,0,1,NORMAL,0.02675772226689606,0.02650621448449115,0.02675772226689606,1.0,3300000000.0,6699999999.999996,88300483.480757,43294353.671124,1035124.537359,122693132.710961,0.0,52582771.180519,52582771.158718,0.0,221649.63981799997,499998.1366803579,110824.81991399999,352972.863636352,300000.0,False,True
1791,4,0,1,NORMAL,0.026775076659180608,0.02652356043124531,0.026775076659180608,1.0,3300000000.0,6699999999.999996,88357752.975296,43325934.37377,1036395.393893,122770710.086146,0.0,52616018.627044,52616018.605224,0.0,221649.64340099998,499998.15522062976,110824.82171,353201.933923028,300000.0,False,True
1792,4,0,1,NORMAL,0.02679243163417121,0.026540906960466334,0.02679243163417121,1.0,3300000000.0,6699999999.999996,88415024.392765,43357521.133362,1037667.074166,122848287.462575,0.0,52649266.074096,52649266.052263,0.0,221649.64694900002,499998.1735764241,110824.823481,353431.01190118404,300000.0,False,True
1793,4,0,1,NORMAL,0.026809787191884545,0.026558254072170735,0.026809787191884545,1.0,3300000000.0,6699999999.999996,88472297.733219,43389113.951056,1038939.578206,122925864.840233,0.0,52682513.521675,52682513.499829,0.0,221649.65046100004,499998.1917495766,110824.82523699998,353660.09757106,300000.0,False,True
1794,4,0,1,NORMAL,0.026827143332336666,0.02657560176637499,0.026827143332336666,1.0,3300000000.0,6699999999.999996,88529572.996711,43420712.828012,1040212.906041,123003442.219108,0.0,52715760.969779,52715760.947915,0.0,221649.65394,499998.2097419045,110824.826979,353889.190932876,300000.0,False,True
1795,4,0,1,NORMAL,0.026844500055544545,0.026592950043095608,0.026844500055544545,1.0,3300000000.0,6699999999.999996,88586850.183297,43452317.765391,1041487.057698,123081019.599189,0.0,52749008.418397,52749008.396519,0.0,221649.65738399996,499998.22755520704,110824.828699,354118.29198684404,300000.0,False,True
1796,4,0,1,NORMAL,0.026861857361526062,0.026610298902349186,0.026861857361526062,1.0,3300000000.0,6699999999.999996,88644129.293036,43483928.764348,1042762.033205,123158596.980463,0.0,52782255.867525,52782255.845635,0.0,221649.660792,499998.24519126554,110824.830402,354347.40073318797,300000.0,False,True
1797,4,0,1,NORMAL,0.02687921525029788,0.02662764834415233,0.02687921525029788,1.0,3300000000.0,6699999999.999996,88701410.325983,43515545.826042,1044037.83259,123236174.362919,0.0,52815503.317157,52815503.295258,0.0,221649.664167,499998.2626518435,110824.832088,354576.517172144,300000.0,False,True
1798,4,0,1,NORMAL,0.02689657372187697,0.02664499836852166,0.02689657372187697,1.0,3300000000.0,6699999999.999996,88758693.282194,43547168.951634,1045314.45588,123313751.746544,0.0,52848750.767295,52848750.745379,0.0,221649.667509,499998.27993868705,110824.83376300002,354805.641303932,300000.0,False,True
1799,4,0,1,NORMAL,0.02691393277628091,0.02666234897547387,0.02691393277628091,1.0,3300000000.0,6699999999.999996,88815978.161727,43578798.142282,1046591.903103,123391329.131327,0.0,52881998.217926,52881998.195999,0.0,221649.67081699995,499998.29705352476,110824.835414,355034.773128776,300000.0,False,True
1800,4,0,1,NORMAL,0.026931292413525758,0.02667970016502561,0.026931292413525758,1.0,3300000000.0,6699999999.999996,88873264.964635,43610433.399147,1047870.174287,123468906.517256,0.0,52915245.669049,52915245.647108,0.0,221649.67409000001,499998.31399806816,110824.837052,355263.91264690796,300000.0,False,True
1801,4,0,1,NORMAL,0.026948652633629396,0.026697051937193593,0.026948652633629396,1.0,3300000000.0,6699999999.999996,88930553.690977,43642074.723388,1049149.269459,123546483.904321,0.0,52948493.120656,52948493.098705,0.0,221649.677334,499998.3307740117,110824.838672,355493.05985854,300000.0,False,True
1802,4,0,1,NORMAL,0.02696601343660909,0.026714404291994596,0.02696601343660909,1.0,3300000000.0,6699999999.999996,88987844.34081,43673722.116165,1050429.188647,123624061.292509,0.0,52981740.572749,52981740.550783,0.0,221649.68054699997,499998.34738303284,110824.84028100001,355722.21476390806,300000.0,False,True
1803,4,0,1,NORMAL,0.026983374822481816,0.026731757229445385,0.026983374822481816,1.0,3300000000.0,6699999999.999996,89045136.91419,43705375.578638,1051709.931878,123701638.681808,0.0,53014988.025319,53014988.003338,0.0,221649.68372300002,499998.3638267926,110824.841869,355951.37736324,300000.0,False,True
1804,4,0,1,NORMAL,0.027000736791265453,0.026749110749562807,0.027000736791265453,1.0,3300000000.0,6699999999.999996,89102431.411176,43737035.111969,1052991.499181,123779216.072211,0.0,53048235.478353,53048235.456368,0.0,221649.68687000003,499998.3801069353,110824.843437,356180.54765675997,300000.0,False,True
1805,4,0,1,NORMAL,0.027018099342976058,0.026766464852363666,0.027018099342976058,1.0,3300000000.0,6699999999.999996,89159727.831821,43768700.717318,1054273.890583,123856793.463703,0.0,53081482.931862,53081482.909862,0.0,221649.68998700002,499998.3962250889,110824.84500100001,356409.725644704,300000.0,False,True
1806,4,0,1,NORMAL,0.027035462477631816,0.026783819537864836,0.027035462477631816,1.0,3300000000.0,6699999999.999996,89217026.176185,43800372.395846,1055557.106111,123934370.856274,0.0,53114730.385835,53114730.363819,0.0,221649.69307200002,499998.41218286526,110824.84654400001,356638.911327284,300000.0,False,True
1807,4,0,1,NORMAL,0.027052826195249697,0.026801174806083218,0.027052826195249697,1.0,3300000000.0,6699999999.999996,89274326.444324,43832050.148716,1056841.145794,124011948.249915,0.0,53147977.840262,53147977.818234,0.0,221649.696124,499998.42798186,110824.84806799999,356868.10470474,300000.0,False,True
1808,4,0,1,NORMAL,0.027070190495846972,0.026818530657035718,0.027070190495846972,1.0,3300000000.0,6699999999.999996,89331628.636295,43863733.977089,1058126.009659,124089525.644614,0.0,53181225.295141,53181225.273104,0.0,221649.69914699998,499998.44362365315,110824.84957799998,357097.305777296,300000.0,False,True
1809,4,0,1,NORMAL,0.027087555379440603,0.02683588709073926,0.027087555379440603,1.0,3300000000.0,6699999999.999996,89388932.752154,43895423.882126,1059411.697733,124167103.040359,0.0,53214472.750474,53214472.728422,0.0,221649.70214100002,499998.45910980884,110824.85107800002,357326.51454518,300000.0,False,True
1810,4,0,1,NORMAL,0.027104920846048788,0.026853244107210843,0.027104920846048788,1.0,3300000000.0,6699999999.999996,89446238.791961,43927119.864992,1060698.210044,124244680.437144,0.0,53247720.206249,53247720.184183,0.0,221649.70510599998,499998.4744418757,110824.85255999997,357555.731008616,300000.0,False,True
1811,4,0,1,NORMAL,0.027122286895687877,0.026870601706467427,0.027122286895687877,1.0,3300000000.0,6699999999.999996,89503546.75577,43958821.926848,1061985.54662,124322257.834954,0.0,53280967.662465,53280967.640386,0.0,221649.708039,499998.48962138675,110824.854026,357784.955167844,300000.0,False,True
1812,4,0,1,NORMAL,0.027139653528376058,0.02688795988852605,0.027139653528376058,1.0,3300000000.0,6699999999.999996,89560856.643641,43990530.068854,1063273.707489,124399835.23378,0.0,53314215.119119,53314215.097025,0.0,221649.71094500003,499998.50464986014,110824.85548,358014.18702308,300000.0,False,True
1813,4,0,1,NORMAL,0.02715702074413091,0.026905318653403787,0.02715702074413091,1.0,3300000000.0,6699999999.999996,89618168.455632,44022244.292175,1064562.692678,124477412.633613,0.0,53347462.576205,53347462.554096,0.0,221649.713823,499998.5195287986,110824.856919,358243.426574564,300000.0,False,True
1814,4,0,1,NORMAL,0.02717438854296879,0.02692267800111766,0.02717438854296879,1.0,3300000000.0,6699999999.999996,89675482.191797,44053964.597978,1065852.502215,124554990.034443,0.0,53380710.033716,53380710.011594,0.0,221649.71666900002,499998.53425969003,110824.85834099998,358472.673822528,300000.0,False,True
1815,4,0,1,NORMAL,0.027191756924908182,0.026940037931684792,0.027191756924908182,1.0,3300000000.0,6699999999.999996,89732797.852197,44085690.987423,1067143.136128,124632567.436261,0.0,53413957.49165,53413957.469513,0.0,221649.719489,499998.54884400737,110824.859752,358701.92876718804,300000.0,False,True
1816,4,0,1,NORMAL,0.02720912588996606,0.026957398445122294,0.02720912588996606,1.0,3300000000.0,6699999999.999996,89790115.436888,44117423.461674,1068434.594444,124710144.839055,0.0,53447204.950003,53447204.92785,0.0,221649.72227800003,499998.5632832093,110824.86114700002,358931.191408788,300000.0,False,True
1817,4,0,1,NORMAL,0.027226495438160303,0.02697475954144733,0.027226495438160303,1.0,3300000000.0,6699999999.999996,89847434.945929,44149162.021895,1069726.877191,124787722.242817,0.0,53480452.408769,53480452.386603,0.0,221649.72504299998,499998.5775787396,110824.862528,359160.461747552,300000.0,False,True
1818,4,0,1,NORMAL,0.027243865569508488,0.02699212122067708,0.027243865569508488,1.0,3300000000.0,6699999999.999996,89904756.379378,44180906.669251,1071019.984397,124865299.647537,0.0,53513699.867945,53513699.845766,0.0,221649.727779,499998.5917320277,110824.86389600001,359389.73978371604,300000.0,False,True
1819,4,0,1,NORMAL,0.02726123628402697,0.02700948348282869,0.02726123628402697,1.0,3300000000.0,6699999999.999996,89962079.737289,44212657.404906,1072313.916089,124942877.053202,0.0,53546947.327532,53546947.305335,0.0,221649.73048600001,499998.60574448906,110824.86525199999,359619.02551751205,300000.0,False,True
1820,4,0,1,NORMAL,0.02727860758173515,0.02702684632791943,0.02727860758173515,1.0,3300000000.0,6699999999.999996,90019405.019726,44244414.230023,1073608.672295,125020454.459807,0.0,53580194.787519,53580194.765306,0.0,221649.73316799998,499998.61961752485,110824.86659199999,359848.318949156,300000.0,False,True
1821,4,0,1,NORMAL,0.027295979462650912,0.027044209755966626,0.027295979462650912,1.0,3300000000.0,6699999999.999996,90076732.226748,44276177.145768,1074904.253043,125098031.867344,0.0,53613442.247897,53613442.225678,0.0,221649.73582399997,499998.6333525225,110824.86791499998,360077.620078904,300000.0,False,True
1822,4,0,1,NORMAL,0.02731335192678939,0.02706157376698745,0.02731335192678939,1.0,3300000000.0,6699999999.999996,90134061.358405,44307946.153311,1076200.658361,125175609.2758,0.0,53646689.708672,53646689.686443,0.0,221649.738452,499998.64695085527,110824.86923100002,360306.928906992,300000.0,False,True
1823,4,0,1,NORMAL,0.02733072497416939,0.02707893836099919,0.02733072497416939,1.0,3300000000.0,6699999999.999996,90191392.414759,44339721.253812,1077497.888276,125253186.685166,0.0,53679937.16984,53679937.147598,0.0,221649.741055,499998.66041388316,110824.870534,360536.24543362,300000.0,False,True
1824,4,0,1,NORMAL,0.027348098604808486,0.027096303538019145,0.027348098604808486,1.0,3300000000.0,6699999999.999996,90248725.395868,44371502.44844,1078795.942816,125330764.095434,0.0,53713184.631393,53713184.609139,0.0,221649.74363,499998.67374295235,110824.87182100002,360765.569659036,300000.0,False,True
1825,4,0,1,NORMAL,0.02736547281872515,0.027113669298064694,0.02736547281872515,1.0,3300000000.0,6699999999.999996,90306060.301793,44403289.738358,1080094.822008,125408341.506595,0.0,53746432.093328,53746432.071064,0.0,221649.74618199997,499998.6869393958,110824.873096,360994.90158347203,300000.0,False,True
