day,stage,motor_b,throttle,throttle_name,price,ema30,p_kash,price_over_pkash,supply,tokens_burned_total,vault_core_usd,vault_sociedad_usd,r_op_usd,burned_total_usd,recirculated_total_usd,staking_total_usd,om_total_usd,deferred_queue_usd,fee_total_usd,users,buy_pressure,sell_pressure,lp_depth_usd,burn_cap_hit,kash_lock_hit
1,1,0,0,ACELERADO,0.00013000000000000002,0.00010193548387096775,1.25444209972e-05,10.36317260310515,9923076923.076923,76923076.92307663,125444.209972,53770.310136,1.804273,179200.0,0.0,76800.0,76800.0,0.0,512000.0,0.0,256000.0,4000.0,300000.0,True,False
2,1,0,0,ACELERADO,0.00016900000000000002,0.00010626222684703435,2.52837534165969e-05,6.684134163761623,9846745562.130178,153254437.86982155,250892.630057,107550.932387,5.412881,358400.0,0.0,153600.0,153600.0,0.0,512000.0,0.0,256000.0,5160.000000000001,300000.0,True,False
3,1,0,0,ACELERADO,0.00021970000000000003,0.0001135807928569031,3.822026861802896e-05,5.748258919780718,9771001365.498407,228998634.50159264,376345.260398,161341.86873,10.825884,537600.0,0.0,230400.0,230400.0,0.0,512000.0,0.0,256000.0,6656.4000000000015,300000.0,True,False
4,1,0,0,ACELERADO,0.00028561000000000005,0.0001246794513822642,5.135626148890663e-05,5.561347179870055,9695839816.533035,304160183.4669647,501802.101135,215143.121143,18.043343,716800.0,0.0,307200.0,307200.0,0.0,512000.0,0.0,256000.0,8586.756000000001,300000.0,True,False
5,1,0,0,ACELERADO,0.0003712930000000001,0.0001405900029059891,6.46940506731981e-05,5.739213979282053,9621256433.328936,378743566.6710644,627263.15241,268954.691604,27.065318,896000.0,0.0,384000.0,384000.0,0.0,512000.0,0.0,256000.0,11076.915240000002,300000.0,True,False
6,1,0,0,ACELERADO,0.0004826809000000001,0.00016266038336366722,7.823597880173717e-05,6.169551495267834,9547246768.457174,452753231.5428257,752728.414364,322776.582092,37.89187,1075200.0,0.0,460800.0,460800.0,0.0,512000.0,0.0,256000.0,14289.220659600005,300000.0,True,False
7,1,0,0,ACELERADO,0.0006274851700000002,0.0001926490792756887,9.198441272518987e-05,6.821646748723154,9473806408.699812,526193591.30018806,878197.887139,376608.794587,50.523059,1254400.0,0.0,537600.0,537600.0,0.0,512000.0,0.0,256000.0,18433.094650884006,300000.0,True,False
8,1,0,0,ACELERADO,0.0008157307210000002,0.00023284789487080558,0.00010594174374867179,7.699804554238585,9400930974.786736,599069025.2132645,1003671.570875,430451.331068,64.958946,1433600.0,0.0,614400.0,614400.0,0.0,512000.0,0.0,256000.0,23778.69209964037,300000.0,True,False
9,1,0,0,ACELERADO,0.0010604499373000004,0.00028624157502752783,0.00012011038786939027,8.82896105916458,9328616121.13453,671383878.8654709,1129149.465715,484304.193515,81.199591,1612800.0,0.0,691200.0,691200.0,0.0,512000.0,0.0,256000.0,30674.512808536078,300000.0,True,False
10,1,0,0,ACELERADO,0.0013785849184900006,0.00035671533912188093,0.0001344927860153403,10.250251774342445,9256857535.587341,743142464.4126587,1254631.571799,538167.383908,99.245055,1792000.0,0.0,768000.0,768000.0,0.0,512000.0,0.0,256000.0,39570.121523011534,300000.0,True,False
11,1,0,0,ACELERADO,0.0017921603940370008,0.0004493246975035016,0.0001490914042873873,12.020548083258026,9185650939.159746,814349060.8402538,1380117.889269,592040.904228,119.095399,1971200.0,0.0,844800.0,844800.0,0.0,512000.0,0.0,256000.0,51045.456764684895,300000.0,True,False
12,1,0,0,ACELERADO,0.002329808512248101,0.0005706462339386371,0.00016390873420275265,14.214059571506196,9114992085.781593,885007914.2184067,1505608.418266,645924.756456,140.750683,2150400.0,0.0,921600.0,921600.0,0.0,512000.0,0.0,256000.0,65848.63922644351,300000.0,True,False
13,1,0,0,ACELERADO,0.003028751065922532,0.0007292336424537271,0.0001789472929411914,16.92538074279721,9055825783.863869,944174216.1361313,1631103.158931,699818.942573,164.210968,2329600.0,0.0,998400.0,998400.0,0.0,512000.0,0.0,256000.0,84944.74460211213,300000.0,False,False
14,1,0,0,ACELERADO,0.003937376385699291,0.0009362105936308602,0.0001939748128255739,20.29838992158152,9010313243.927158,989686756.0728416,1756602.111406,753723.464561,189.476314,2508800.0,0.0,1075200.0,1075200.0,0.0,512000.0,0.0,256000.0,109711.36798274577,300000.0,False,False
15,1,0,0,ACELERADO,0.005118589301409079,0.0012060414780036485,0.00020888344554508313,24.504523506169082,8975303597.821997,1024696402.1780033,1882105.275832,807638.324403,216.546782,2688000.0,0.0,1152000.0,1152000.0,0.0,512000.0,0.0,256000.0,141907.9783775695,300000.0,False,False
16,1,0,0,ACELERADO,0.006654166091831803,0.001557533388573207,0.00022368186551797312,29.748348514632415,8948373100.818026,1051626899.1819744,2007612.652351,861563.524081,245.422433,2867200.0,0.0,1228800.0,1228800.0,0.0,512000.0,0.0,256000.0,183763.57189084037,300000.0,False,False
17,1,0,0,ACELERADO,0.008650415919381343,0.002015138713141474,0.00023838123612749206,36.28815782612559,8927657333.891893,1072342666.1081066,2133124.241103,915499.065578,276.103327,3046400.0,0.0,1305600.0,1305600.0,0.0,512000.0,0.0,256000.0,238175.84345809245,300000.0,False,False
18,1,0,0,ACELERADO,0.01059666928393713,0.0025687858467411937,0.0002529935858600406,41.88513020167771,8910746359.773674,1089253640.226326,2258640.042231,969444.950878,308.589524,3225600.0,0.0,1382400.0,1382400.0,0.0,512000.0,0.0,256000.0,308911.79649552016,300000.0,False,False
19,1,0,0,ACELERADO,0.012130433840083426,0.0031856663624406927,0.0002675600852738845,45.33723267305084,8895973598.76921,1104026401.2307892,2384160.055875,1023401.181964,342.881086,3404800.0,0.0,1459200.0,1459200.0,0.0,512000.0,0.0,256000.0,377696.9289902732,300000.0,False,False
20,1,0,0,ACELERADO,0.013122669894454222,0.003826763364506082,0.000282114627962163,46.515382733766735,8882317841.103941,1117682158.896059,2509684.282178,1077367.76082,378.978073,3584000.0,0.0,1536000.0,1536000.0,0.0,512000.0,0.0,256000.0,431648.0767319951,300000.0,False,False
21,1,0,0,ACELERADO,0.01366649018014557,0.004461584449386049,0.0002966807502750298,46.06463401308115,8869205476.653532,1130794523.346468,2635212.72128,1131344.689431,416.880545,3763200.0,0.0,1612800.0,1612800.0,0.0,512000.0,0.0,256000.0,466238.8997057132,300000.0,False,False
22,1,0,0,ACELERADO,0.01393620868782126,0.005072850529285095,0.00031127313270496755,44.77164015639714,8856346886.1994,1143653113.8006,2760745.373322,1185331.969782,456.588563,3942400.0,0.0,1689600.0,1689600.0,0.0,512000.0,0.0,256000.0,484843.63820951525,300000.0,False,False
23,1,0,0,ACELERADO,0.014067327145619021,0.005653139343242123,0.00032589986317548307,43.1645690444625,8843608147.834606,1156391852.1653938,2886282.238447,1239329.603858,498.102188,4121600.0,0.0,1766400.0,1766400.0,0.0,512000.0,0.0,256000.0,493695.5936712434,300000.0,False,False
24,1,0,0,ACELERADO,0.014135211351592538,0.006200369795393763,0.0003405649895888317,41.50518046102788,8830930587.128744,1169069412.8712559,3011823.316795,1293337.593645,541.42148,4300800.0,0.0,1843200.0,1843200.0,0.0,512000.0,0.0,256000.0,497623.71585300524,300000.0,False,False
25,1,0,0,ACELERADO,0.014175642843539627,0.006714903540435432,0.0003552704414958008,39.900991435864164,8818289185.114185,1181710814.8858147,3137368.608508,1347355.941128,586.5465,4480000.0,0.0,1920000.0,1920000.0,0.0,512000.0,0.0,256000.0,499308.2811212319,300000.0,False,False
26,1,0,0,ACELERADO,0.014204424824432219,0.007198098461983612,0.0003700171365706634,38.38855939505805,8805673397.97638,1194326602.0236206,3262918.113728,1401384.648294,633.477308,4659200.0,0.0,1996800.0,1996800.0,0.0,512000.0,0.0,256000.0,500019.6719169072,300000.0,False,False
27,1,0,0,ACELERADO,0.014228319690915717,0.007651661121914716,0.00038480553155363455,36.975351246822086,8793078797.637562,1206921202.3624382,3388471.832596,1455423.71713,682.213965,4838400.0,0.0,2073600.0,2073600.0,0.0,512000.0,0.0,256000.0,500318.10324023233,300000.0,False,False
28,1,0,0,ACELERADO,0.014250182420411315,0.008077372173430625,0.000399635877958482,35.65791563362026,8780503520.022636,1219496479.9773636,3514029.765252,1509473.149623,732.756532,5017600.0,0.0,2150400.0,2150400.0,0.0,512000.0,0.0,256000.0,500442.9448008001,300000.0,False,False
29,1,0,0,ACELERADO,0.014271211525535349,0.00847697471227609,0.0004145083369694517,34.429250880392075,8767946772.497778,1232053227.502222,3639591.911839,1563532.947761,785.105069,5196800.0,0.0,2227200.0,2227200.0,0.0,512000.0,0.0,256000.0,500495.107613545,300000.0,False,False
30,1,0,0,ACELERADO,0.014291908956627596,0.00885213176029877,0.00042942303029348757,33.28165456533583,8755408209.556759,1244591790.4432411,3765158.272498,1617603.113531,839.259637,5376000.0,0.0,2304000.0,2304000.0,0.0,512000.0,0.0,256000.0,500516.892139803,300000.0,False,False
31,1,0,0,ACELERADO,0.014312484741035613,0.009204412597765664,0.00044438006249944656,32.20775626281262,8742887672.19079,1257112327.8092098,3890728.847371,1671683.648922,895.220296,5555200.0,0.0,2380800.0,2380800.0,0.0,512000.0,0.0,256000.0,500525.98803638015,300000.0,False,False
32,1,0,0,ACELERADO,0.014333026736613809,0.009535290929304255,0.00045937953078980777,31.200838905406044,8730385079.173069,1269614920.826931,4016303.636599,1725774.555923,952.987108,5734400.0,0.0,2457600.0,2457600.0,0.0,512000.0,0.0,256000.0,500529.7856032763,300000.0,False,False
33,1,0,0,ACELERADO,0.014353571703587425,0.009846147753451558,0.0004744215292637829,30.254891100455733,8717900381.726286,1282099618.273714,4141882.640323,1779875.836522,1012.560132,5913600.0,0.0,2534400.0,2534400.0,0.0,512000.0,0.0,256000.0,500531.37104288745,300000.0,False,False
34,1,0,0,ACELERADO,0.014374135035784677,0.010138275965214986,0.0004895061507734242,29.364564700716038,8705433544.622427,1294566455.377573,4267465.858685,1833987.492709,1073.93943,6092800.0,0.0,2611200.0,2611200.0,0.0,512000.0,0.0,256000.0,500532.0329353617,300000.0,False,False
35,1,0,0,ACELERADO,0.014394723193646429,0.010412885463823468,0.0005046334877301664,28.525104939812202,8692984538.303286,1307015461.6967144,4393053.291826,1888109.526474,1137.125062,6272000.0,0.0,2688000.0,2688000.0,0.0,512000.0,0.0,256000.0,500532.3092618097,300000.0,False,False
36,1,0,0,ACELERADO,0.01441533890270473,0.010671108266331936,0.0005198036324553222,27.73227811936029,8680553335.595566,1319446664.4044342,4518644.939888,1942241.939807,1202.117088,6451200.0,0.0,2764800.0,2764800.0,0.0,512000.0,0.0,256000.0,500532.42462209635,300000.0,False,False
37,1,0,0,ACELERADO,0.014435983327033448,0.010914003431538486,0.0005350166773318216,26.98230529752278,8668139910.341436,1331860089.6585636,4644240.803012,1996384.734699,1268.915569,6630400.0,0.0,2841600.0,2841600.0,0.0,512000.0,0.0,256000.0,500532.4727824563,300000.0,False,False
38,1,0,0,ACELERADO,0.014456656977931002,0.011142561724854132,0.0005502727148703944,26.27180412050046,8655744236.827597,1344255763.1724033,4769840.88134,2050537.913141,1337.520566,6809600.0,0.0,2918400.0,2918400.0,0.0,512000.0,0.0,256000.0,500532.49288832874,300000.0,False,False
39,1,0,0,ACELERADO,0.014477360093821143,0.011357710006722971,0.0005655718377379208,25.597738656375213,8643366289.547243,1356633710.452757,4895445.175012,2104701.477124,1407.93214,6988800.0,0.0,2995200.0,2995200.0,0.0,512000.0,0.0,256000.0,500532.5012820789,300000.0,False,False
40,1,0,0,ACELERADO,0.014498092799080674,0.011560315348165404,0.00058091413877058,24.95737636850047,8631006043.100803,1368993956.8991966,5021053.684171,2158875.42864,1480.150351,7168000.0,0.0,3072000.0,3072000.0,0.0,512000.0,0.0,256000.0,500532.50478628074,300000.0,False,False
41,1,0,0,ACELERADO,0.014518855170441524,0.011751188885086446,0.0005962997109788829,24.348251228576714,8618663472.15452,1381336527.84548,5146666.408958,2213059.769681,1554.17526,7347200.0,0.0,3148800.0,3148800.0,0.0,512000.0,0.0,256000.0,500532.50624920614,300000.0,False,False
42,1,0,0,ACELERADO,0.014539647264751893,0.011931089425710023,0.0006117286475506182,23.76813203528905,8606338551.42316,1393661448.5768394,5272283.349515,2267254.502239,1630.006927,7526400.0,0.0,3225600.0,3225600.0,0.0,512000.0,0.0,256000.0,500532.50685994467,300000.0,False,False
43,1,0,0,ACELERADO,0.014560469130582558,0.012100726826024382,0.0006272010418519258,23.214995127543332,8594031255.662779,1405968744.3372211,5397904.505983,2321459.628307,1707.645413,7705600.0,0.0,3302400.0,3302400.0,0.0,512000.0,0.0,256000.0,500532.50711491413,300000.0,False,False
44,1,0,1,NORMAL,0.014581320813079222,0.012260765147769857,0.0006427169874281567,22.687000807970914,8581741559.667663,1418258440.3323374,5523529.878503,2375675.149879,1787.090779,7884800.0,0.0,3379200.0,3379200.0,0.0,512000.0,0.0,256000.0,500532.5072213582,300000.0,False,False
45,1,0,1,NORMAL,0.014602202355991233,0.012411825612816398,0.0006582765780044965,22.1824729056234,8569469438.269038,1430530561.7309618,5649159.467217,2429901.068948,1868.343085,8064000.0,0.0,3456000.0,3456000.0,0.0,512000.0,0.0,256000.0,500532.5072657961,300000.0,False,False
46,1,0,1,NORMAL,0.014623113802519763,0.01255448936699081,0.0006738799074862516,21.69988100263711,8557214866.334495,1442785133.6655054,5774793.272267,2484137.387509,1951.402392,8243200.0,0.0,3532800.0,3532800.0,0.0,512000.0,0.0,256000.0,500532.5072843481,300000.0,False,False
47,1,0,1,NORMAL,0.014644055195672495,0.012689300065615436,0.0006895270699590911,21.237824929108744,8544977818.7677145,1455022181.2322855,5900431.293794,2538384.107555,2036.26876,8422400.0,0.0,3609600.0,3609600.0,0.0,512000.0,0.0,256000.0,500532.50729209307,300000.0,False,False
48,1,0,1,NORMAL,0.014665026578411943,0.01281676629224747,0.000705218159689504,20.795021195807994,8532758270.508334,1467241729.4916658,6026073.531939,2592641.231082,2122.942251,8601600.0,0.0,3686400.0,3686400.0,0.0,512000.0,0.0,256000.0,500532.50729532633,300000.0,False,False
49,1,0,1,NORMAL,0.014686027993717503,0.01293736382137457,0.0007209532711253655,20.370291088066608,8520556196.531854,1479443803.4681463,6151719.986845,2646908.760085,2211.422925,8780800.0,0.0,3763200.0,3763200.0,0.0,512000.0,0.0,256000.0,500532.50729667617,300000.0,False,False
50,1,0,1,NORMAL,0.014707059484611458,0.013051537735131789,0.000736732498895682,19.96255018837429,8508371571.84957,1491628428.1504297,6277370.658652,2701186.696559,2301.710842,8960000.0,0.0,3840000.0,3840000.0,0.0,512000.0,0.0,256000.0,500532.5072972398,300000.0,False,False
51,1,0,1,NORMAL,0.014728121094169915,0.01315970440345683,0.0007525559378115047,19.570799131557607,8496204371.508521,1503795628.491479,6403025.547502,2755475.0425,2393.806063,9139200.0,0.0,3916800.0,3916800.0,0.0,512000.0,0.0,256000.0,500532.50729747495,300000.0,False,False
52,1,0,1,NORMAL,0.014749212865527394,0.013262253336493642,0.0007684236828660251,19.194115426683073,8484054570.591427,1515945429.4085732,6528684.653537,2809773.799905,2487.708649,9318400.0,0.0,3993600.0,3993600.0,0.0,512000.0,0.0,256000.0,500532.5072975732,300000.0,False,False
53,1,0,1,NORMAL,0.014770334841878825,0.013359548917486235,0.0007843358292347856,18.831646204775666,8471922144.216643,1528077855.7833567,6654347.976898,2864082.97077,2583.41866,9497600.0,0.0,4070400.0,4070400.0,0.0,512000.0,0.0,256000.0,500532.5072976143,300000.0,False,False
54,1,0,1,NORMAL,0.01479148706648043,0.013451932023872959,0.0008002924722761265,18.482601772339166,8459807067.538106,1540192932.461894,6780015.517726,2918402.557093,2680.936158,9676800.0,0.0,4147200.0,4147200.0,0.0,512000.0,0.0,256000.0,500532.5072976314,300000.0,False,False
55,1,0,1,NORMAL,0.014812669582650137,0.013539721543794066,0.0008162937075317521,18.146249868125995,8447709315.745283,1552290684.2547169,6905687.276164,2972732.560871,2780.261202,9856000.0,0.0,4224000.0,4224000.0,0.0,512000.0,0.0,256000.0,500532.5072976385,300000.0,False,False
56,1,0,1,NORMAL,0.014833882433767815,0.013623215794760115,0.0008323396307265896,17.821910535268636,8435628864.063122,1564371135.9368782,7031363.252353,3027072.984101,2881.393854,10035200.0,0.0,4300800.0,4300800.0,0.0,512000.0,0.0,256000.0,500532.5072976415,300000.0,False,False
57,1,0,1,NORMAL,0.014855125663275402,0.013702693850793361,0.0008484303377693555,17.50895153317083,8423565687.751997,1576434312.248003,7157043.446434,3081423.828782,2984.334174,10214400.0,0.0,4377600.0,4377600.0,0.0,512000.0,0.0,256000.0,500532.50729764276,300000.0,False,False
58,1,0,1,NORMAL,0.014876399314677043,0.013778416783947148,0.0008645659247530065,17.20678422403359,8411519762.107664,1588480237.892336,7282727.858549,3135785.096913,3089.082223,10393600.0,0.0,4454400.0,4454400.0,0.0,512000.0,0.0,256000.0,500532.50729764317,300000.0,False,False
59,1,0,1,NORMAL,0.014897703431539167,0.01385062882572728,0.0008807464879549521,16.914859877705407,8399491062.4612055,1600508937.5387945,7408416.48884,3190156.790493,3195.638062,10572800.0,0.0,4531200.0,4531200.0,0.0,512000.0,0.0,256000.0,500532.50729764346,300000.0,False,False
60,1,0,1,NORMAL,0.0149190380574906,0.013919558453582979,0.0008969721238371515,16.63266634604935,8387479564.17898,1612520435.8210201,7534109.337447,3244538.911521,3304.001751,10752000.0,0.0,4608000.0,4608000.0,0.0,512000.0,0.0,256000.0,500532.5072976435,300000.0,False,False
61,1,0,1,NORMAL,0.01494040323622264,0.013985419407301667,0.0009132429290470397,16.359725064406256,8375485242.662575,1624514757.3374252,7659806.404513,3298931.461997,3414.17335,10931200.0,0.0,4684800.0,4684800.0,0.0,512000.0,0.0,256000.0,500532.5072976435,300000.0,False,False
62,1,0,1,NORMAL,0.014961799011489151,0.014048411639829892,0.0009295590004172677,16.0955883432606,8363508073.348751,1636491926.651249,7785507.690179,3353334.443921,3526.152921,11110400.0,0.0,4761600.0,4761600.0,0.0,512000.0,0.0,256000.0,500532.50729764363,300000.0,False,False
63,1,0,1,NORMAL,0.014983225427106665,0.014108722206750976,0.0009459204349663941,15.839836917825945,8351548031.709398,1648451968.2906017,7911213.194587,3407747.859293,3639.940524,11289600.0,0.0,4838400.0,4838400.0,0.0,512000.0,0.0,256000.0,500532.5072976436,300000.0,False,False
64,1,0,1,NORMAL,0.015004682526954456,0.014166526098377008,0.0009623273298989815,15.592077727366991,8339605093.251481,1660394906.748519,8036922.917878,3462171.710115,3755.53622,11468800.0,0.0,4915200.0,4915200.0,0.0,512000.0,0.0,256000.0,500532.5072976436,300000.0,False,False
65,1,0,1,NORMAL,0.015026170354974637,0.014221987018157502,0.000978779782606171,15.351941899499447,8327679233.51699,1672320766.4830103,8162636.860194,3516605.998388,3872.94007,11648000.0,0.0,4992000.0,4992000.0,0.0,512000.0,0.0,256000.0,500532.5072976436,300000.0,False,False
66,1,0,1,NORMAL,0.015047688955172245,0.014275258110868131,0.000995277890665899,15.119082917741157,8315770428.08289,1684229571.9171104,8288355.021677,3571050.726113,3992.152134,11827200.0,0.0,5068800.0,5068800.0,0.0,512000.0,0.0,256000.0,500532.50729764363,300000.0,False,False
67,1,0,1,NORMAL,0.01506923837161535,0.014326482643819565,0.001011821751843115,14.89317495316296,8303878652.561072,1696121347.4389277,8414077.402468,3625505.895293,4113.172473,12006400.0,0.0,5145600.0,5145600.0,0.0,512000.0,0.0,256000.0,500532.5072976435,300000.0,False,False
68,1,0,1,NORMAL,0.015090818648435115,0.014375794644117344,0.0010284114640903576,14.673911343241517,8292003882.598306,1707996117.4016943,8539804.002709,3679971.50793,4236.001147,12185600.0,0.0,5222400.0,5222400.0,0.0,512000.0,0.0,256000.0,500532.5072976436,300000.0,False,False
69,1,0,1,NORMAL,0.015112429829825911,0.014423319494808219,0.0010450471255478535,14.461003202992783,8280146093.876182,1719853906.1238184,8665534.822541,3734447.566027,4360.638218,12364800.0,0.0,5299200.0,5299200.0,0.0,512000.0,0.0,256000.0,500532.5072976436,300000.0,False,False
70,1,0,1,NORMAL,0.015134071960045391,0.014469174492565457,0.001061728834544095,14.254178155144428,8268305262.11107,1731694737.8889303,8791269.862106,3788934.071587,4487.083746,12544000.0,0.0,5376000.0,5376000.0,0.0,512000.0,0.0,256000.0,500532.50729764363,300000.0,False,False
71,1,0,1,NORMAL,0.015155745083414596,0.014513469369394435,0.0010784566895960614,14.053179167622593,8256481363.054065,1743518636.9459352,8917009.121546,3843431.026614,4615.337791,12723200.0,0.0,5452800.0,5452800.0,0.0,512000.0,0.0,256000.0,500532.50729764363,300000.0,False,False
72,1,0,1,NORMAL,0.01517744924431804,0.01455630678067983,0.001095230789409436,13.857763487914667,8244674372.490938,1755325627.5090618,9042752.601002,3897938.433112,4745.400415,12902400.0,0.0,5529600.0,5529600.0,0.0,512000.0,0.0,256000.0,500532.5072976436,300000.0,False,False
73,1,0,1,NORMAL,0.015199184487203787,0.014597782761745892,0.0011120512328791888,13.667701665014024,8232884266.242088,1767115733.7579117,9168500.300616,3952456.293085,4877.271678,13081600.0,0.0,5606400.0,5606400.0,0.0,512000.0,0.0,256000.0,500532.50729764363,300000.0,False,False
74,1,0,1,NORMAL,0.015220950856583568,0.014637987154961226,0.0011289181190896752,13.482776650672658,8221111020.162492,1778888979.8375082,9294252.220529,4006984.608538,5010.951641,13260800.0,0.0,5683200.0,5683200.0,0.0,512000.0,0.0,256000.0,500532.5072976436,300000.0,False,False
75,1,0,1,NORMAL,0.015242748397032845,0.014677004009288428,0.0011458315473153423,13.302782972546238,8209354610.141653,1790645389.858347,9420008.360884,4061523.381476,5146.440364,13440000.0,0.0,5760000.0,5760000.0,0.0,512000.0,0.0,256000.0,500532.50729764363,300000.0,False,False
76,1,0,1,NORMAL,0.015264577153190927,0.014714911954056333,0.001162791617020584,13.127525972627225,8197615012.103555,1802384987.8964453,9545768.721822,4116072.613905,5283.737908,13619200.0,0.0,5836800.0,5836800.0,0.0,512000.0,0.0,256000.0,500532.5072976435,300000.0,False,False
77,1,0,1,NORMAL,0.015286437169761042,0.01475178454861793,0.0011797984278603282,12.956821105012308,8185892202.006609,1814107797.993391,9671533.303484,4170632.30783,5422.844334,13798400.0,0.0,5913600.0,5913600.0,0.0,512000.0,0.0,256000.0,500532.5072976436,300000.0,False,False
78,1,0,1,NORMAL,0.01530832849151044,0.014787690609449705,0.0011968520796805002,12.790493287689317,8174186155.843608,1825813844.156392,9797302.106012,4225202.465258,5563.759703,13977600.0,0.0,5990400.0,5990400.0,0.0,512000.0,0.0,256000.0,500532.5072976436,300000.0,False,False
79,1,0,1,NORMAL,0.015330251163270475,0.01482269451614782,0.0012139526725182465,12.62837630355812,8162496849.641675,1837503150.358325,9923075.129548,4279783.088196,5706.484075,14156800.0,0.0,6067200.0,6067200.0,0.0,512000.0,0.0,256000.0,500532.50729764363,300000.0,False,False
80,1,0,1,NORMAL,0.015352205229936716,0.014856856497682588,0.0012311003066021562,12.470312246374863,8150824259.462215,1849175740.5377846,10048852.374233,4334374.178651,5851.017511,14336000.0,0.0,6144000.0,6144000.0,0.0,512000.0,0.0,256000.0,500532.5072976435,300000.0,False,False
81,1,0,1,NORMAL,0.015374190736469014,0.014890232900184939,0.0012482950823528506,12.316151007733644,8139168361.400867,1860831638.5991325,10174633.840209,4388975.73863,5997.360072,14515200.0,0.0,6220800.0,6220800.0,0.0,512000.0,0.0,256000.0,500532.5072976436,300000.0,False,False
82,1,0,1,NORMAL,0.015396207727891605,0.014922876437456337,0.001265537100383208,12.165749801589849,8127529131.587453,1872470868.412547,10300419.527618,4443587.770141,6145.511818,14694400.0,0.0,6297600.0,6297600.0,0.0,512000.0,0.0,256000.0,500532.50729764363,300000.0,False,False
83,1,0,1,NORMAL,0.015418256249293215,0.014954836425316781,0.001282826461498585,12.018972723155214,8115906546.185928,1884093453.8140717,10426209.436601,4498210.275192,6295.472811,14873600.0,0.0,6374400.0,6374400.0,0.0,512000.0,0.0,256000.0,500532.5072976436,300000.0,False,False
84,1,0,1,NORMAL,0.015440336345827125,0.014986159000833579,0.0013001632666975343,11.87569033929576,8104300581.394337,1895699418.6056633,10552003.567301,4552843.255792,6447.243111,15052800.0,0.0,6451200.0,6451200.0,0.0,512000.0,0.0,256000.0,500532.50729764363,300000.0,False,False
85,1,0,1,NORMAL,0.015462448062711295,0.015016887327406334,0.0013175476171715357,11.735779307851907,8092711213.444758,1907288786.5552416,10677801.919858,4607486.71395,6600.822778,15232000.0,0.0,6528000.0,6528000.0,0.0,512000.0,0.0,256000.0,500532.5072976435,300000.0,False,False
86,1,0,1,NORMAL,0.01548459144522843,0.015047061786620663,0.0013349796143060835,11.599122023505394,8081138418.603263,1918861581.396737,10803604.494415,4662140.651675,6756.211873,15411200.0,0.0,6604800.0,6604800.0,0.0,512000.0,0.0,256000.0,500532.5072976435,300000.0,False,False
87,1,0,1,NORMAL,0.015506766538726083,0.015076720157724238,0.0013524593596804188,11.465606288081199,8069582173.16986,1930417826.83014,10929411.291113,4716805.070978,6913.410457,15590400.0,0.0,6681600.0,6681600.0,0.0,512000.0,0.0,256000.0,500532.5072976436,300000.0,False,False
88,1,0,1,NORMAL,0.015528973388616753,0.015105897785523757,0.001369986955068249,11.3351250033203,8058042453.47845,1941957546.5215502,11055222.310094,4771479.973868,7072.418591,15769600.0,0.0,6758400.0,6758400.0,0.0,512000.0,0.0,256000.0,500532.5072976436,300000.0,False,False
89,1,0,1,NORMAL,0.015551212040377967,0.015134627737449837,0.0013875625024378513,11.207575884369579,8046519235.896777,1953480764.1032228,11181037.551499,4826165.362356,7233.236336,15948800.0,0.0,6835200.0,6835200.0,0.0,512000.0,0.0,256000.0,500532.50729764363,300000.0,False,False
90,2,0,1,NORMAL,0.015573482539552388,0.015162940950488712,0.0014051861039527933,11.082861192367423,8035012496.826381,1964987503.1736193,11306857.015471,4880861.238452,7395.863752,16128000.0,0.0,6912000.0,6912000.0,0.0,512000.0,37784.01363419789,256000.0,500532.5072976435,300000.0,False,False
91,2,0,1,NORMAL,0.013945409524389855,0.015084390535901689,0.001417318314193043,9.839292546170013,8026721887.6454315,1973278112.3545685,11388170.366522,4916488.727981,7559.660704,16243615.940235,0.0,6961549.688684,6961549.688671,0.0,330331.25782500004,38139.61100103317,165165.62891900004,500532.5072976436,300000.0,False,False
92,2,0,2,CONSERVADOR,0.009761786667072898,0.014740996737912737,0.0014289158655618353,6.831603527080065,8014874676.3492565,1985125323.6507435,11469510.253709,4952133.254847,7724.627575,16359265.889508,0.0,7011113.952667,7011113.952644,0.0,330428.426502,38498.32584310436,165214.21325600002,1343231.0863391894,300000.0,False,False
93,2,0,3,DEFENSIVO,0.006833250666951028,0.01423081957204424,0.0014411799750822028,4.741427708611667,7998160734.596851,2001839265.4031487,11550876.886348,4987794.911657,7890.764748,16473476.443135,0.0,7060692.919557,7060692.919521,1473.702425,330526.445871,38860.18116407132,163789.520517,938873.9610461566,300000.0,False,False
94,2,0,3,DEFENSIVO,0.004859689289571075,0.013626230521562102,0.00145436818054674,3.3414436279430797,7974922681.923124,2025077318.0768757,11632270.475296,5023473.791694,8058.072612,16586406.158824,0.0,7110286.71789,7110286.717849,4262.8495,330625.322189,39225.20005534357,162523.51402200002,655841.2460887856,300000.0,False,False
95,2,0,3,DEFENSIVO,0.004537877524159722,0.013039885166890981,0.0014688156487714418,3.0894806492260134,7950034737.659377,2049965262.340623,11713691.232951,5059169.988916,8226.551557,16699344.601721,0.0,7159895.47716,7159895.477107,7078.178204,330725.06173,39593.40569473127,162547.20216699998,465067.7561099909,300000.0,False,False
96,2,0,3,DEFENSIVO,0.0044077235018573965,0.012482971511082365,0.0014836588470990362,2.970847045111291,7924409889.334747,2075590110.6652527,11795139.373273,5094883.597962,8396.201977,16812291.847913,0.0,7209519.32779,7209519.327723,9919.91679,330825.67080200004,39964.82134505439,162571.09682199996,432915.4074277622,300000.0,False,False
97,2,0,3,DEFENSIVO,0.00435224741562058,0.011958408666213864,0.0014987381114339405,2.90394124391519,7898456372.602544,2101543627.3974562,11876615.11177,5130614.714154,8567.024269,16925247.974037,0.0,7259158.401156,7259158.40108,12788.295168,330927.15572700003,40339.47035271003,162595.19948999997,419143.2924908633,300000.0,False,False
98,2,0,3,DEFENSIVO,0.004331261988142012,0.011466334686983423,0.0015139817328093687,2.8608416431186745,7872375040.290097,2127624959.7099028,11958118.665512,5166363.433498,8739.018833,17038213.057282,0.0,7308812.829594,7308812.829504,15683.544916,331029.522848,40717.37614619669,162619.511683,412512.43602061586,300000.0,False,False
99,2,0,3,DEFENSIVO,0.004327402449534757,0.011005758413599638,0.0015293542535158918,2.829561849117903,7846268358.640429,2153731641.3595715,12039650.25314,5202129.852688,8912.186072,17151187.175402,0.0,7358482.746382,7358482.746282,18605.899281,331132.77853600006,41098.56223459566,162644.03490800003,409167.82522087725,300000.0,False,False
100,2,0,3,DEFENSIVO,0.004332356371823345,0.010575216346388264,0.0015448375636450086,2.804409003106612,7820189425.699035,2179810574.3009653,12121210.094867,5237914.069105,9086.526393,17264170.406701,0.0,7408168.285767,7408168.285657,21555.593192,331236.92918000004,41483.052206008084,162668.77068400002,407447.5309786517,300000.0,False,False
101,2,0,3,DEFENSIVO,0.004341937273115677,0.010173069309402935,0.001560422356571396,2.782539775100316,7794165921.386657,2205834078.6133432,12202798.412484,5273716.180825,9262.040205,17377162.830052,0.0,7457869.582953,7457869.582832,24532.863255,331341.981189,41870.86972594806,162693.72053700004,406558.16984751314,300000.0,False,False
102,2,0,3,DEFENSIVO,0.0043539808820492595,0.009797644249573667,0.001576103915834715,2.7624960754845675,7768212271.6357155,2231787728.3642845,12284415.429363,5309536.286616,9438.727921,17490164.524887,0.0,7507586.77411,7507586.773978,27537.947766,331447.9409949999,42262.03853569024,162718.88599199997,406101.35432300065,300000.0,False,False
103,2,0,3,DEFENSIVO,0.004367353025322522,0.009447302880267142,0.0015918799510174992,2.743519084169,7742335946.626094,2257664053.373906,12366061.370465,5345374.485943,9616.589957,17603175.571202,0.0,7557319.996378,7557319.996233,30571.086715,331554.815051,42656.58245057231,162744.268583,405871.7726208283,300000.0,False,False
104,2,0,3,DEFENSIVO,0.00438145512528334,0.009120473992848833,0.0016077494632313644,2.7252101309847077,7716540754.133122,2283459245.8668776,12447736.462345,5381230.878973,9795.626732,17716196.049558,0.0,7607069.387861,7607069.387704,33632.521795,331662.60982599994,43054.5253582508,162769.86983899996,405762.1718347294,300000.0,False,False
105,2,0,3,DEFENSIVO,0.004395970132564489,0.008815667292185327,0.0016237121441292199,2.7073580427779596,7690828570.446137,2309171429.5538626,12529440.933154,5417105.566571,9975.838669,17829226.041089,0.0,7656835.087639,7656835.087473,36722.496395,331771.331809,43455.89121691062,162795.691309,405716.1244398521,300000.0,False,False
106,2,0,2,CONSERVADOR,0.0044107298336416925,0.0085314777787309,0.0016397680558255425,2.689849834537182,7665200252.533347,2334799747.466653,12611175.012648,5452998.650302,10157.226194,17942265.627493,0.0,7706617.235773,7706617.235596,39841.255617,331880.987509,43860.70405342692,162821.73453800005,405703.83228425833,300000.0,False,False
107,2,0,2,CONSERVADOR,0.004433204035487511,0.008267073021102295,0.0016559174599507674,2.6771890161840046,7639368318.878751,2360631681.121249,12692938.932189,5488910.232439,10339.789736,18056783.860015,0.0,7756415.973301,7756415.973111,41520.077302,331991.58345700003,44268.98796147916,164316.97004999997,405709.52921624004,300000.0,False,False
108,2,0,2,CONSERVADOR,0.004452416128623621,0.008020966124813348,0.0016722237221076912,2.662572040905951,7613642588.581523,2386357411.418477,12774732.924747,5524840.415962,10523.529727,18171325.516511,0.0,7806231.442238,7806231.442036,43214.514969,332103.12618799997,44680.76709961684,164357.12543300004,406402.54151794466,300000.0,False,False
109,2,0,2,CONSERVADOR,0.0044699130429572895,0.007791865925983925,0.0016886210608564002,2.6470788186725156,7588012273.277178,2411987726.722822,12856557.224912,5560789.304559,10708.446604,18285890.797185,0.0,7856063.785585,7856063.785375,44924.702087,332215.62227,45096.06568927596,164397.62402099997,406789.26070771285,300000.0,False,False
110,2,0,2,CONSERVADOR,0.004486524621577775,0.007578618099893206,0.0017051121694223413,2.631219635889246,7562471544.962686,2437528455.0373144,12938412.068891,5596757.002628,10894.540805,18400479.903621,0.0,7905913.147334,7905913.147115,46650.773046,332329.078279,45514.908012746135,164438.46818499998,407013.0603652998,300000.0,False,False
111,2,0,2,CONSERVADOR,0.0045026937422592075,0.007380171367142626,0.001721698735274414,2.6152622697614647,7537017196.582444,2462982803.417556,13020297.694511,5632743.615282,11081.812774,18515093.038786,0.0,7955779.672464,7955779.672234,48392.86316,332443.500807,45937.31841108729,164479.660295,407150.5774374769,300000.0,False,False
112,2,0,2,CONSERVADOR,0.004518656155650911,0.007195557482530257,0.0017383819088506282,2.599346054307782,7511647404.258318,2488352595.741682,13102214.341235,5668749.248346,11270.262956,18629730.407039,0.0,8005663.506942,8005663.506701,50151.108668,332558.896467,46363.32128199593,164521.202731,407242.5619962217,300000.0,False,False
113,2,0,2,CONSERVADOR,0.004534537225346651,0.007023878756260348,0.0017551625549770825,2.5835425969453065,7486361073.726488,2513638926.273512,13184162.250145,5704774.008362,11459.891801,18744392.214128,0.0,8055564.797735,8055564.79748,51925.646731,332675.2718759999,46792.94107761981,164563.097882,407310.62138797244,300000.0,False,False
114,2,0,2,CONSERVADOR,0.00455040362198267,0.006864299715339208,0.001772041387440789,2.5678878914642267,7461157495.627623,2538842504.3723774,13266141.663969,5740818.002587,11650.699763,18859078.667196,0.0,8105483.692797,8105483.69253,53716.615446,332792.6336779999,47226.20230232114,164605.34813000003,407366.19565438665,300000.0,False,False
115,2,0,2,CONSERVADOR,0.004566290849125689,0.0067160410788093036,0.0017890190409316873,2.5523992448664217,7436036163.812553,2563963836.1874466,13348152.827068,5776881.339002,11842.687298,18973789.974781,0.0,8155420.341084,8155420.340804,55524.15384,332910.98851900006,47663.129510387014,164647.955872,407415.33710744494,300000.0,False,False
116,2,0,2,CONSERVADOR,0.004582217872153273,0.006578375065476657,0.0018060961094837067,2.537084182891658,7410996679.605949,2589003320.3940506,13430195.985442,5812964.126303,12035.854866,19088526.346822,0.0,8205374.892552,8205374.892263,57348.401869,333030.3430670001,48103.7473036874,164690.923509,407461.24666301947,300000.0,False,False
117,2,0,2,CONSERVADOR,0.004598194884815405,0.006450621505433997,0.0018232731670112504,2.5219451303354985,7386038701.375845,2613961298.624155,13512271.386735,5849066.473912,12230.202931,19203287.994655,0.0,8255347.498164,8255347.49786,59189.50043,333150.703997,48548.080329279204,164734.25344499998,407505.6172291073,300000.0,False,False
118,2,0,2,CONSERVADOR,0.004614227430106212,0.006332144468316076,0.0018405507782823676,2.5069818689883063,7361161917.967846,2638838082.032154,13594379.280241,5885188.491975,12425.73196,19318075.131029,0.0,8305338.309875,8305338.309556,61047.591351,333272.077997,48996.1532769568,164777.94808499998,407549.3445085803,300000.0,False,False
119,2,0,2,CONSERVADOR,0.004630318586029562,0.006222349250104043,0.0018579295047867388,2.492192827607337,7336366034.718385,2663633965.2816153,13676519.916905,5921330.291358,12622.442425,19432887.970096,0.0,8355347.480648,8355347.480317,62922.8174,333394.47176600003,49447.99087674767,164822.00984,407592.9028720859,300000.0,False,False
120,2,0,2,CONSERVADOR,0.004646470124704949,0.006120679629110554,0.0018754099078761607,2.477575758340171,7311650766.087384,2688349233.912616,13758693.549317,5957491.983656,12820.3348,19547726.727414,0.0,8405375.164461,8405375.164116,64815.322282,333517.892012,49903.617896353426,164866.44113100003,407636.5440536705,300000.0,False,False
121,2,0,2,CONSERVADOR,0.004662683126818075,0.006026615338640072,0.0018929925504544511,2.4631280908626416,7287015831.776635,2712984168.223365,13840900.431728,5993673.681191,13019.409563,19662591.619955,0.0,8455421.516288,8455421.515932,66725.250647,333642.345455,50363.05913853487,164911.24436799999,407680.40216281306,300000.0,False,False
122,2,0,2,CONSERVADOR,0.0046789583075463265,0.005939669723730798,0.0019106779978893531,2.448847117470855,7262460954.68707,2737539045.31293,13923140.820047,6029875.49701,13219.667196,19777482.866104,0.0,8505486.692122,8505486.691752,68652.748083,333767.8388239999,50826.33943844148,164956.42198299998,407724.5491641732,300000.0,False,False
123,2,0,1,NORMAL,0.004695296189118286,0.0058593875602074115,0.001928466818509522,2.434730089235965,7236482270.754267,2763517729.2457333,14005414.971835,6066097.544897,13421.108184,19899460.481772,0.0,8555570.848957,8555570.848577,63538.165011,333894.378852,51293.483660883925,165001.97639099997,407769.0242059667,300000.0,False,False
124,2,0,1,NORMAL,0.004722914689944936,0.0057860667298678965,0.0019467639965415986,2.4260335091131404,7211728977.931956,2788271022.0680437,14087723.146316,6102339.939357,13623.733017,20016368.172067,0.0,8605674.144808,8605674.144417,63538.165011,334021.972281,51764.51669755002,167010.98614600004,407729.13154193456,300000.0,False,False
125,2,0,1,NORMAL,0.004745565166352219,0.005718937596737853,0.0019648638554974405,2.4152132235903916,7187084343.425778,2812915656.5742216,14170065.604382,6138602.79563,13827.542188,20133320.891117,0.0,8655796.738693,8655796.738293,63538.165011,334150.62586100004,52239.46346416275,167075.31293499997,408724.568757317,300000.0,False,False
126,2,0,1,NORMAL,0.004765600891225391,0.005657432002833824,0.001983063218343764,2.4031512697843174,7162533793.791121,2837466206.2088795,14252442.608582,6174886.229686,14032.536194,20250319.012336,0.0,8705938.790652,8705938.790242,63538.165011,334280.346346,52718.348897580756,167140.173178,409281.3252935614,300000.0,False,False
127,2,0,1,NORMAL,0.004784283387094818,0.0056010998340764685,0.00200136639293182,2.3905085065839833,7138069544.978495,2861930455.0215054,14334854.423132,6211190.358228,14238.715536,20367362.911508,0.0,8756100.461734,8756100.461314,63538.165011,334411.14049799996,53201.197952839975,167205.570254,409605.32917347533,300000.0,False,False
128,2,0,1,NORMAL,0.004802283902053298,0.005549563322333039,0.002019775966466496,2.3776319660118888,7113687384.809885,2886312615.190115,14417301.313914,6247515.298693,14446.080718,20484452.966783,0.0,8806281.914003,8806281.913574,63538.165011,334543.01507900003,53688.03560013687,167271.50754400002,409806.570479617,300000.0,False,False
129,2,0,1,NORMAL,0.004819958244079617,0.005502492026961851,0.0020382936111925463,2.364702620668864,7089384976.787807,2910615023.2121925,14499783.548479,6283861.169248,14654.632249,20601589.55868,0.0,8856483.310544,8856483.310098,63538.165011,334675.97685900005,54178.886821751905,167337.988438,409943.3569477456,300000.0,False,False
130,2,0,1,NORMAL,0.004837494690719368,0.005459588973010723,0.002056920514796225,2.35181411042449,7063847516.633484,2936152483.3665166,14582301.396043,6320228.088798,14864.37064,20725126.886591,0.0,8906704.81544,8906704.814986,57184.34851,334810.03260399995,54673.776608913664,167405.01630599998,410046.47477187094,300000.0,False,False
131,2,0,1,NORMAL,0.00485542315053614,0.005420610532851073,0.0020760435574181295,2.3387867432678457,7039703211.895584,2960296788.1044164,14664855.127491,6356616.176978,15075.296408,20842357.702769,0.0,8956946.593811,8956946.593347,57184.34851,334945.189088,55172.729958602606,167472.59454900003,410055.8982931881,300000.0,False,False
132,2,0,1,NORMAL,0.004873164136953988,0.005385291410535133,0.0020948958459578223,2.3262083154906894,7015637018.909048,2984362981.0909524,14747445.015376,6393025.554158,15287.410073,20959636.211344,0.0,9007208.811782,9007208.811306,57184.34851,335081.45307999995,55675.771870294186,167540.726546,410168.85537529737,300000.0,False,False
133,2,0,1,NORMAL,0.0048908410926931664,0.005353391390029201,0.002113859553159311,2.3137020079614383,6991647977.198762,3008352022.8012385,14830071.333919,6429456.341445,15500.712159,21076962.802315,0.0,9057491.636494,9057491.636007,57184.34851,335218.83135500003,56182.927342641415,167609.41568299997,410260.2086212124,300000.0,False,False
134,2,0,1,NORMAL,0.004908519332819153,0.0053246899669833914,0.0021329355264517852,2.301297564762612,6967735457.398501,3032264542.601499,14912734.359012,6465908.660676,15715.203194,21194337.868051,0.0,9107795.236105,9107795.235606,57184.34851,335357.330682,56694.22137009557,167678.66534700003,410340.47079034516,300000.0,False,False
135,2,0,1,NORMAL,0.004926233491705323,0.005298983097610613,0.002152124525952044,2.289009503075146,6943899003.963292,3056100996.0367084,14995434.368213,6502382.634423,15930.883709,21311761.803287,0.0,9158119.77979,9158119.779277,57184.34851,335496.957828,57209.678939465695,167748.47892100003,410415.17038332066,300000.0,False,False
136,2,0,1,NORMAL,0.004944002021998561,0.0052760810927324165,0.0021714272676111794,2.2768444035602142,6920138252.789992,3079861747.210008,15078171.640744,6538878.385997,16147.754241,21429235.005132,0.0,9208465.437728,9208465.437209,57184.34851,335637.71956,57729.325026415696,167818.859783,410487.2140361184,300000.0,False,False
137,2,0,1,NORMAL,0.004961834846190182,0.005255807141342595,0.0021908444461181914,2.264804721750885,6895300404.1730385,3104699595.826962,15160946.457495,6575396.039435,16365.81533,21552476.307904,0.0,9258832.381133,9258832.380602,51465.913659,335779.62263999996,58253.18459189935,167889.811326,410558.1301716397,300000.0,False,False
138,2,0,1,NORMAL,0.004980134626925653,0.005238021817831825,0.0022107461905204987,2.2526939764863414,6871692019.130729,3128307980.8692718,15243759.10102,6611935.719515,16585.06752,21670049.243739,0.0,9309220.782216,9309220.781672,51465.913659,335922.67382299993,58781.28257853236,167961.336918,410560.1018445004,300000.0,False,False
139,2,0,1,NORMAL,0.004998320555039239,0.005222557220232303,0.002230398250222486,2.2409991375040974,6848159433.204559,3151840566.795441,15326609.855537,6648497.551743,16805.511359,21787672.651687,0.0,9359630.814202,9359630.813649,51465.913659,336066.879859,59313.64390690163,168033.439934,410663.41644049913,300000.0,False,False
140,2,0,1,NORMAL,0.005016482783586432,0.005209262095287408,0.0022501665092975512,2.2293829202677355,6824701904.953088,3175298095.0469127,15409499.006927,6685081.662358,17027.147399,21905346.938306,0.0,9410062.651337,9410062.650769,51465.913659,336212.247493,59850.293471811085,168106.12375399997,410751.55271006655,300000.0,False,False
141,2,0,1,NORMAL,0.005034669017694872,0.00519799802576531,0.0022700517998431894,2.2178652566618333,6801318923.113717,3198681076.8862834,15492426.842732,6721688.178331,17249.976197,22023072.512514,0.0,9460516.468865,9460516.468283,51465.913659,336358.78345800005,60391.25613846412,168179.391736,410831.9953116803,300000.0,False,False
142,2,0,1,NORMAL,0.005052904588180794,0.005188637158824374,0.002290054889091338,2.2064556671764826,6778010097.266799,3221989902.7332015,15575393.652146,6758317.227364,17473.998313,22140849.785581,0.0,9510992.443048,9510992.442453,51465.913659,336506.494487,60936.55673858198,168253.24724999996,410908.6759399498,300000.0,False,False
143,2,0,1,NORMAL,0.005071203039363468,0.005181060764020445,0.0023101765121799063,2.195158254196875,6754775100.633182,3245224899.366819,15658399.726024,6794968.937888,17699.214311,22258679.171129,0.0,9561490.75115,9561490.750543,51465.913659,336655.387288,61486.220066458416,168327.69364999997,410983.659830582,300000.0,False,False
144,2,0,1,NORMAL,0.005089571709542243,0.00517515824437669,0.002330417389529138,2.1839743096710214,6730602436.922925,3269397563.077075,15741445.356874,6831643.439063,17925.624761,22381707.676493,0.0,9612011.571441,9612011.570827,46319.322294,336805.46857299993,62040.27087494974,168402.73428999996,411058.032246572,300000.0,False,False
145,2,0,1,NORMAL,0.005108381386071983,0.005170850059969935,0.002351131416116981,2.172733242835378,6707515895.053019,3292484104.9469814,15824530.838843,6868340.860781,18153.230236,22499642.53725,0.0,9662555.083204,9662555.082578,46319.322294,336956.7450280001,62598.733871400786,168478.37251999998,411070.605013668,300000.0,False,False
146,2,0,1,NORMAL,0.005127095206296207,0.0051680271661845335,0.002371616663550711,2.1618566293171844,6684503209.81536,3315496790.18464,15907656.467739,6905061.333652,18382.031314,22617630.765416,0.0,9713121.466712,9713121.466076,46319.322294,337109.223338,63161.633713505864,168554.61167400004,411174.59214084956,300000.0,False,False
147,2,0,1,NORMAL,0.0051457963707211875,0.005166592921315931,0.002392223032749011,2.1510520968473084,6661563705.40208,3338436294.5979204,15990822.541005,6941804.989017,18612.028576,22735672.783972,0.0,9763710.903243,9763710.902598,46319.322294,337262.910165,63728.99500510534,168631.455087,411265.0123621912,300000.0,False,False
148,2,0,1,NORMAL,0.005164528882684086,0.0051664597575332314,0.0024129513832747774,2.1403368996498218,6638696908.268084,3361303091.7319164,16074029.357723,6978571.958939,18843.222608,22853769.018225,0.0,9814323.575076,9814323.574418,46319.322294,337417.812159,64300.842291916895,168708.90608599997,411348.60406303214,300000.0,False,False
149,2,0,1,NORMAL,0.005183316108069853,0.005167547264019465,0.002433802513033562,2.129719268639105,6615902450.99081,3384097549.0091896,16157277.218611,7015362.376202,19075.614001,22971919.895805,0.0,9864959.665473,9864959.66481,46319.322294,337573.93594899995,64877.20005720214,168786.96797699996,411428.90311363275,300000.0,False,False
150,2,0,0,ACELERADO,0.006738310940490809,0.005268886856049875,0.002454777189706565,2.7449786354321963,6598360079.928547,3401639920.071453,16240566.426016,7052176.374313,19309.203349,23090125.846656,0.0,9915619.358704,9915619.358029,46319.322294,337731.288152,65458.09271736776,168865.64408200004,137169.25497455793,300000.0,False,False
151,2,0,0,ACELERADO,0.008600335479656395,0.005483819025314812,0.002473932475066255,3.4763824665125784,6584070708.439063,3415929291.560937,16323897.283916,7089014.087492,19543.991251,23213019.235259,0.0,9966302.840019,9966302.839331,41687.390065,337889.87536500004,66043.54461750182,168944.93768899998,177847.20766352135,300000.0,False,False
152,2,0,0,ACELERADO,0.010489525149747186,0.005806767807536256,0.0024919644433455362,4.209339815324446,6572791132.408507,3427208867.5914927,16407270.097903,7125875.65068,19779.978311,23331336.63171,0.0,10017010.295651,10017010.294952,41687.390065,338049.7041549999,66633.58002684453,169024.85208299998,226500.86765741956,300000.0,False,False
153,2,0,0,ACELERADO,0.012191599054756105,0.006218692404131085,0.0025089318742960295,4.859278635525683,6563081678.1487875,3436918321.8512125,16490685.17519,7162761.19953,20017.165137,23449710.405085,0.0,10067741.912822,10067741.912113,41687.390065,338210.78108200006,67228.2231341942,169105.39054599998,275781.8315497373,300000.0,False,False
154,2,0,0,ACELERADO,0.013541251748065903,0.006691115587610751,0.0025253598290237915,5.3621078439742345,6554335766.645597,3445664233.3544025,16574142.824599,7199670.870405,20255.552341,23568140.994516,0.0,10118497.879728,10118497.879012,41687.390065,338373.11266700004,67827.49804324738,169186.556337,320057.84153442347,300000.0,False,False
155,2,0,0,ACELERADO,0.014489340165999589,0.007194226850732612,0.002541469334135,5.701166632778238,6546158179.154619,3453841820.845381,16657643.356554,7236604.800381,20495.14054,23686628.84141,0.0,10169278.385551,10169278.384824,41687.390065,338536.7054229999,68431.42876787453,169268.352717,355015.6426300023,300000.0,False,False
156,2,0,0,ACELERADO,0.015093036414728022,0.007703827467764574,0.002557406439762655,5.90169641401574,6538303858.474698,3461696141.525302,16741187.083075,7273563.127241,20735.930354,23805174.389445,0.0,10220083.620433,10220083.619695,41687.390065,338701.5658229999,69040.03922732988,169350.782917,379398.05055284704,300000.0,False,False
157,2,0,0,ACELERADO,0.015453349758407118,0.008203796647806029,0.0025732628342092687,6.00535225277745,6530628907.932375,3469371092.067625,16824774.31778,7310545.989466,20977.92241,23923778.084554,0.0,10270913.775492,10270913.774741,41687.390065,338867.7003230001,69653.3532413969,169433.85016799998,394731.4329060614,300000.0,False,False
158,2,0,0,ACELERADO,0.015662434377395017,0.00868499908197306,0.0025890929670389544,6.049390491878528,6522786510.868463,3477213489.1315374,16908405.375869,7347553.526244,21221.117338,24046609.113929,0.0,10321769.0428,10321769.042041,37518.651059,339035.115346,70271.3945254683,169517.55767700003,403680.3706265733,300000.0,False,False
159,2,0,0,ACELERADO,0.015785064246296585,0.009143067802251999,0.002605033990581063,6.059446557461488,6515265392.538149,3484734607.461851,16992080.574116,7384585.877458,21465.515773,24165330.449977,0.0,10372649.615401,10372649.61463,37518.651059,339203.817286,70894.18668556171,169601.90864900002,408650.86273693887,300000.0,False,False
160,2,0,0,ACELERADO,0.015860042315792234,0.00957642099667395,0.002620890969449026,6.0513934004383225,6507776078.700964,3492223921.299036,17075800.230867,7421643.183686,21711.118355,24284111.284351,0.0,10423555.687287,10423555.686503,37518.651059,339373.81250699994,71521.75321327054,169686.90626,411375.5312115497,300000.0,False,False
161,2,0,0,ACELERADO,0.015909596922868457,0.009985012991912307,0.0026367785951009965,6.033724997778614,6500306323.927028,3499693676.0729723,17159564.666029,7458725.586203,21957.925727,24402952.071917,0.0,10474487.453396,10474487.452602,37518.651059,339545.10734,72154.11748065049,169772.553675,412854.415959591,300000.0,False,False
162,2,0,0,ACELERADO,0.015945788287776628,0.010369579140032587,0.0026527017869288298,6.011149977863849,6492849734.407453,3507150265.5925474,17243374.201066,7495833.226969,22205.938538,24521853.269745,0.0,10525445.109615,10525445.108811,37518.651059,339717.708084,72791.30273504212,169858.854047,413669.01395540725,300000.0,False,False
163,2,0,0,ACELERADO,0.0159750213574147,0.010731220573412078,0.0026686632014841028,5.98615117431478,6485402979.584256,3514597020.415744,17327229.158979,7532966.248626,22455.157442,24640815.337089,0.0,10576428.852775,10576428.851959,37518.651059,339891.62099599995,73433.33209382932,169945.810504,414134.42899683176,300000.0,False,False
164,2,0,0,ACELERADO,0.016000659541475223,0.011071184377803248,0.0026846643021452054,5.960022461165722,6477964323.821693,3522035676.1783066,17411129.864316,7570124.7945,22705.583096,24759838.735392,0.0,10627438.880632,10627438.879799,37518.651059,340066.852303,74080.22853913439,170033.42616,414417.8044411977,300000.0,False,False
165,2,0,0,ACELERADO,0.016024458607914318,0.011390750457165253,0.002700705926830997,5.933433347449786,6470298725.814511,3529701274.1854887,17495076.643145,7607309.008593,22957.216163,24882675.793363,0.0,10678475.39187,10678475.391026,33766.785954,340243.408197,74732.01491244987,170121.70410400003,414606.8066691747,300000.0,False,False
166,2,0,0,ACELERADO,0.016047612820249864,0.011691193190267488,0.0027168868962598115,5.9066179171248265,6462874104.188817,3537125895.811183,17579069.823052,7644519.035584,23210.057311,25001823.246549,0.0,10729538.586101,10729538.585245,33766.785954,340421.29482199997,75388.71390920739,170210.64741700003,414732.13645062153,300000.0,False,False
167,2,0,0,ACELERADO,0.01607018158589783,0.011973708570630737,0.0027330115747855764,5.880026902981062,6455456006.218996,3544543993.781004,17663109.73313,7681755.020816,23464.107212,25121033.427946,0.0,10780628.66385,10780628.662985,33766.785954,340600.51828300004,76050.34807328448,170300.25914600003,414854.8053201653,300000.0,False,False
168,2,0,0,ACELERADO,0.016092476256624345,0.012239435518114196,0.0027491778561997597,5.85355953611138,6448044258.162205,3551955741.8377953,17747196.703969,7719017.110301,23719.366542,25240306.80757,0.0,10831745.826556,10831745.82568,33766.785954,340781.08464899997,76716.9397914488,170390.54233000003,414961.4009588562,300000.0,False,False
169,2,0,0,ACELERADO,0.016114658459241742,0.012489449901412746,0.002765385961033588,5.827272824231285,6440638761.466458,3559361238.5335417,17831331.067645,7756305.450709,23975.835984,25359643.857543,0.0,10882890.276557,10882890.275668,33766.785954,340962.99993499997,77388.5112877414,170481.499974,415059.99650455284,300000.0,False,False
170,2,0,0,ACELERADO,0.016136812129586873,0.012724763593553014,0.002781636080088405,5.801194572179268,6433239456.474856,3566760543.5251436,17915513.157711,7793620.189366,24233.516223,25479045.052082,0.0,10934062.217083,10934062.216183,33766.785954,341146.27011900005,78065.0846177987,170573.13506500004,415154.7756015429,300000.0,False,False
171,2,0,0,ACELERADO,0.01615898091476795,0.012946326001373333,0.00279792838910509,5.775337559635097,6425846303.65036,3574153696.34964,17999743.309182,7830961.474246,24492.407951,25598510.867473,0.0,10985261.85226,10985261.851349,33766.785954,341330.9011249999,78746.68166311398,170665.450568,415247.9059751213,300000.0,False,False
172,2,0,0,ACELERADO,0.01618118757766296,0.01315502674823073,0.0028142630564084495,5.74970685160943,6418250594.584316,3581749405.4156833,18084021.858522,7868329.453974,24752.511864,25721418.460656,0.0,11036489.387098,11036489.386171,30390.107359,341516.89883600007,79433.32412523923,170758.44942599998,415340.5111276733,300000.0,False,False
173,2,0,0,ACELERADO,0.016203699039028057,0.013351715283120881,0.0028307322806888145,5.724207530881422,6410869780.247667,3589130219.752332,18168349.14364,7905724.277811,25013.828663,25841014.95483,0.0,11087745.027467,11087745.02653,30390.107359,341704.269076,80125.03351992747,170852.13454300002,415419.6671656625,300000.0,False,False
174,2,0,1,NORMAL,0.01622614395948238,0.013537162294499043,0.0028471527467467685,5.699077430258281,6403495104.140651,3596504895.859349,18252725.503868,7943146.095657,25276.359054,25960677.510997,0.0,11139028.980118,11139028.979171,30390.107359,341893.01762600004,80821.83117121685,170946.508818,415519.2179901326,300000.0,False,False
175,2,0,1,NORMAL,0.016248584961180566,0.01371209278912366,0.0028636160380745455,5.674149308126477,6396126517.715737,3603873482.284262,18337151.279949,7980595.058041,25540.103748,26080406.613566,0.0,11190341.452656,11190341.451698,30390.107359,342083.15020299994,81523.73820545655,171041.575107,415616.1336145073,300000.0,False,False
176,2,0,1,NORMAL,0.01627105461380779,0.013877187100393604,0.0028801223307582343,5.649431775880227,6388763987.246303,3611236012.753697,18421626.814028,8018071.316114,25805.06346,26200202.74893,0.0,11241682.653537,11241682.652566,30390.107359,342274.672477,82230.7755452758,171137.336245,415712.0205822566,300000.0,False,False
177,2,0,1,NORMAL,0.016293569924901025,0.014033082766490857,0.00289667179544921,5.624927874293142,6381407486.67163,3618592513.3283696,18506152.449638,8055575.021644,26071.238911,26320066.405446,0.0,11293052.792059,11293052.79107,30390.107359,342467.590058,82942.96390349642,171233.795038,415807.711004852,300000.0,False,False
178,2,0,1,NORMAL,0.01631613984559183,0.014180376771594146,0.002913264600405799,5.600637801083739,6374056993.901405,3625943006.098594,18590728.531685,8093106.327015,26338.630826,26439998.073419,0.0,11344452.078343,11344452.077342,30390.107359,342661.908502,83660.32377699004,171330.954257,415903.6364134844,300000.0,False,False
179,2,0,1,NORMAL,0.01633876915758284,0.014319627893270835,0.0029299009130758133,5.576560314604762,6366526488.928887,3633473511.071112,18675355.406429,8130665.385215,26607.239936,26563037.255805,0.0,11395880.723347,11395880.722333,27351.096624,342857.633297,84382.87544048051,171428.81665500003,416000.021185072,300000.0,False,False
180,2,0,1,NORMAL,0.016361692202171364,0.014451373977716031,0.0029466669861652004,5.552609873796601,6359188056.695267,3640811943.304733,18760033.421473,8168252.349832,26877.066977,26683106.425258,0.0,11447338.938837,11447338.93781,27351.096624,343054.769873,85110.63894029267,171527.38494300004,416084.82655298186,300000.0,False,False
181,2,0,1,NORMAL,0.016384567098791117,0.014576096114559586,0.002963391357157036,5.5289919973681245,6351855628.408781,3648144371.5912185,18844762.925747,8205867.375046,27148.112689,26803245.088515,0.0,11498826.937384,11498826.936348,27351.096624,343253.323599,85843.63408804848,171626.661804,416188.3105574889,300000.0,False,False
182,2,0,1,NORMAL,0.016407448737599552,0.014694247896691198,0.0029801597166071113,5.505560204095136,6344529159.995412,3655470840.0045877,18929544.269488,8243510.61563,27420.377818,26923453.743435,0.0,11550344.932356,11550344.931311,27351.096624,343453.29977499996,86581.88045431123,171726.649892,416289.6189819908,300000.0,False,False
183,2,0,1,NORMAL,0.01643036564467084,0.014806255493335047,0.002996972245651362,5.4823215892344255,6337208620.156543,3662791379.8434567,19014377.804232,8281182.226924,27693.863114,27043732.889704,0.0,11601893.137911,11601893.136853,27351.096624,343654.70363500004,87325.39736217915,171827.351824,416390.1478273211,300000.0,False,False
184,2,0,1,NORMAL,0.016453332713441828,0.01491251853979355,0.00301382912060708,5.459278563917921,6329893984.197186,3670106015.802813,19099263.88279,8318882.36485,27968.569333,27164083.028821,0.0,11653471.768972,11653471.767902,27351.096624,343857.54034400004,88074.20388082943,171928.77017799998,416490.6191829279,300000.0,False,False
185,2,0,1,NORMAL,0.01647635779009661,0.015013411394651812,0.003030730515728868,5.4364311523534345,6322585230.843919,3677414769.1560807,19184202.859235,8356611.185893,28244.497236,27284504.664069,0.0,11705081.041225,11705081.040151,27351.096624,344061.8149980001,88828.31881901367,172030.907501,416591.4070512408,300000.0,False,False
186,2,0,1,NORMAL,0.016499445078874183,0.015109284535569386,0.003047676604638987,5.4137781724477385,6315116570.808026,3684883429.191973,19269195.088879,8394368.847092,28521.647589,27407733.410144,0.0,11756721.171129,11756721.170041,24615.986962,344267.53262,89587.76071850625,172133.76631700003,416692.7056870599,300000.0,False,False
187,2,0,1,NORMAL,0.01652280749797949,0.015200479565402297,0.0030647480076185837,5.391245040997119,6307819618.13417,3692180381.86583,19354240.928263,8432155.506039,28800.021163,27528299.554496,0.0,11808392.375863,11808392.374761,24615.986962,344474.698158,90352.54784750637,172237.349086,416783.6761069412,300000.0,False,False
188,2,0,1,NORMAL,0.016546134143783246,0.015287295989813971,0.00308178450113624,5.369010759085446,6300528539.76404,3699471460.2359595,19439340.735129,8469971.320868,29079.618734,27648938.715261,0.0,11860094.873346,11860094.872231,24615.986962,344683.316483,91122.69819399557,172341.65824800002,416891.5571296376,300000.0,False,False
189,2,0,1,NORMAL,0.01656947506464125,0.015370017220447991,0.0030988661895884704,5.346947577249755,6293243294.645346,3706756705.354654,19524494.868412,8507816.450245,29360.441084,27769651.402595,0.0,11911828.882213,11911828.881088,24615.986962,344893.39239200007,91898.2294590517,172446.696201,416997.5615826823,300000.0,False,False
190,2,0,1,NORMAL,0.016592856243827836,0.015448910060666047,0.0031159932597698975,5.325061661093948,6285963853.183727,3714036146.8162723,19609703.688207,8545691.053365,29642.488999,27890438.128303,0.0,11963594.62181,11963594.620674,24615.986962,345104.930599,92679.15905012083,172552.465305,417102.9513853873,300000.0,False,False
191,2,0,1,NORMAL,0.016616291239524048,0.01552422497543108,0.003133165894007942,5.30335507331484,6278690191.705074,3721309808.294925,19694967.555762,8583595.289935,29925.763271,28011299.40581,0.0,12015392.31218,12015392.311032,24615.986962,345317.93574200006,93465.50407424844,172658.96787699996,417208.37827910273,300000.0,False,False
192,2,0,1,NORMAL,0.01663978719629843,0.01559619673161607,0.0031503842727550408,5.281827788502378,6271422289.603965,3728577710.3960347,19780286.833449,8621529.320176,30210.264697,28132235.750136,0.0,12067222.17404,12067222.172885,24615.986962,345532.41236499994,94257.28133127165,172766.206186,417314.1793124584,300000.0,False,False
193,2,0,1,NORMAL,0.016663347949212398,0.015665045197267448,0.0031676485759342,5.260478727283711,6264012402.539352,3735987597.460647,19865661.884746,8659493.304806,30495.994079,28255709.276558,0.0,12119084.428788,12119084.427623,22154.388266,345748.364938,95054.5073069735,172874.182474,417420.5292685305,300000.0,False,False
194,2,0,1,NORMAL,0.0166871670449689,0.015730988542280444,0.0031850340950999832,5.239242829658018,6256756046.267932,3743243953.7320676,19951093.074217,8697487.405032,30782.952225,28376797.305797,0.0,12170979.298474,12170979.297296,22154.388266,345965.79783700005,95857.19816620143,172982.89892500004,417517.6728867806,300000.0,False,False
195,2,0,1,NORMAL,0.016710961752795225,0.015794212620378174,0.0032023912422546093,5.218276122011266,6249505437.226789,3750494562.77321,20036580.767492,8735511.782546,31071.139947,28497961.956168,0.0,12222907.005785,12222907.004596,22154.388266,346184.71535300004,96665.36974595113,173092.357682,417630.1332147686,300000.0,False,False
196,2,0,1,NORMAL,0.016734777737917452,0.01585489424086458,0.0032197948355046427,5.197467103612702,6242260537.145727,3757739462.8542724,20122125.331241,8773566.599509,31360.558063,28619203.748758,0.0,12274867.774041,12274867.772848,22154.388266,346405.121688,97479.03754841763,173202.56084599998,417740.98534153076,300000.0,False,False
197,2,0,1,NORMAL,0.01675863868195504,0.01591320033383816,0.003237245067375541,5.176821134379361,6235021318.040202,3764978681.9597974,20207727.133148,8811652.018547,31651.207397,28740523.206087,0.0,12326861.827187,12326861.825989,22154.388266,346627.02094500005,98298.21673401534,173313.51047500002,417851.3706852278,300000.0,False,False
198,2,0,1,NORMAL,0.01678255693399844,0.01596928785642915,0.0032547421262507626,5.156339975029231,6227787757.23809,3772212242.76191,20293386.541897,8849768.202736,31943.088777,28861920.852084,0.0,12378889.389765,12378889.388557,22154.388266,346850.41714000003,99122.92211436876,173425.20857500003,417961.8777732914,300000.0,False,False
199,2,0,1,NORMAL,0.016806539002668583,0.016023304059412338,0.0032722861988119137,5.136023557099199,6220559834.823979,3779440165.17602,20379103.92714,8887915.315597,32236.203036,28983397.212045,0.0,12430950.686902,12430950.685683,22154.388266,347075.31418499997,99953.16814527579,173537.657098,418072.8104348268,300000.0,False,False
200,2,0,1,NORMAL,0.016830588387358812,0.016075386919279854,0.0032898774713032057,5.115870890076578,6213205900.63354,3786794099.3664594,20464879.659481,8926093.521082,32530.551015,29107168.251432,0.0,12483045.944295,12483045.943066,19938.94944,347301.71589799994,100788.96891964531,173650.85795399998,418184.3259296114,300000.0,False,False
201,2,0,1,NORMAL,0.016854881043787066,0.01612567686279645,0.0033075862025352338,5.0958251763379465,6205989274.851311,3794010725.148689,20550714.110446,8964302.983565,32826.133557,29228803.620529,0.0,12535175.388203,12535175.386962,19938.94944,347529.6259980001,101630.33816041122,173764.81300499997,418287.6443178884,300000.0,False,False
202,2,0,1,NORMAL,0.016879159827867987,0.016174288666994614,0.0033252728515151086,5.076022504492304,6198778272.166743,3801221727.8332562,20636607.652457,9002543.86783,33122.951513,29350519.287361,0.0,12587339.245426,12587339.244174,19938.94944,347759.048099,102477.28921342468,173879.524055,418404.8439465488,300000.0,False,False
203,2,0,1,NORMAL,0.01690346641617619,0.016221332392748266,0.003343007242549355,5.056365478671748,6191572856.898758,3808427143.1012416,20722560.658811,9040816.339062,33421.005738,29472315.782358,0.0,12639537.743292,12639537.742028,19938.94944,347989.98571399995,103329.83504032668,173994.99286300002,418520.67677367135,300000.0,False,False
204,2,0,1,NORMAL,0.016927822395834347,0.016266912392947367,0.0033607895739233245,5.036858756995343,6184373002.603678,3815626997.396322,20808573.503652,9079120.562837,33720.297093,29594193.637141,0.0,12691771.109637,12691771.108361,19938.94944,348222.442244,104187.98821140302,174111.22112800003,418636.17539958487,300000.0,False,False
205,2,0,1,NORMAL,0.016952239015231685,0.016311127013739907,0.0033786200400820203,5.017503837105089,6177178687.608861,3822821312.3911386,20894646.561939,9117456.705109,34020.826443,29716153.384484,0.0,12744039.572795,12744039.571506,19938.94944,348456.42098899995,105051.76089842388,174228.210501,418751.87127067137,300000.0,False,False
206,2,0,1,NORMAL,0.016976722203244976,0.016354068638869266,0.0033964988339287463,4.998300612871968,6169989892.720548,3830010107.279452,20980780.209433,9155824.932195,34322.59466,29838195.558279,0.0,12796343.361574,12796343.360273,19938.94944,348691.925136,105921.16486747003,174345.962574,418868.03820856236,300000.0,False,False
207,2,0,1,NORMAL,0.017001275152297223,0.016395823897800102,0.003414426148008954,4.9792481709440795,6162689320.907837,3837310679.092163,21066974.822656,9194225.410769,34625.602621,29962314.588436,0.0,12848682.705247,12848682.703934,17945.054496,348928.95775999996,106796.21147174788,174464.478886,418984.81762218405,300000.0,False,False
208,2,0,1,NORMAL,0.017026057841340186,0.01643648415222204,0.0034324674954977086,4.960296889532934,6155511579.95495,3844488420.0450497,21153230.778867,9232658.30785,34929.851208,30084523.22107,0.0,12901057.833531,12901057.832205,17945.054496,349167.521823,107676.9116443961,174583.76091799999,419094.30729151145,300000.0,False,False
209,2,0,1,NORMAL,0.017050836365443894,0.016476119778881516,0.0034504928112240583,4.94156553811081,6148339341.336624,3851660658.663376,21239548.456041,9271123.790783,35235.341309,30206815.888125,0.0,12953468.976568,12953468.975228,17945.054496,349407.6201699999,108563.2758912852,174703.810092,419216.38481340924,300000.0,False,False
210,2,0,1,NORMAL,0.017075648769833064,0.016514799068620325,0.0034685672095956287,4.922968977678761,6141172571.799458,3858827428.2005424,21325928.232827,9309622.027237,35542.073817,30329193.127556,0.0,13005916.364909,13005916.363555,17945.054496,349649.2555300001,109455.31428381382,174824.62777199998,419337.3121134075,300000.0,False,False
211,2,0,1,NORMAL,0.017100514734926426,0.016552587176123946,0.003486690894644058,4.904511254838995,6134011246.390587,3865988753.609413,21412370.488531,9348153.185185,35850.049631,30451655.478232,0.0,13058400.229493,13058400.228129,17945.054496,349892.43051000003,110353.03645170256,174946.21526,419458.02348391985,300000.0,False,False
212,2,0,1,NORMAL,0.01712544450638824,0.016589545713560354,0.003504864066841987,4.886193638265379,6126855344.445193,3873144655.5548067,21498875.603079,9386717.432894,36159.269655,30574203.479891,0.0,13110920.801637,13110920.800268,17945.054496,350137.147601,111256.45157578935,175068.573803,419578.9988124266,300000.0,False,False
213,2,0,1,NORMAL,0.017150443483883285,0.016625732666484414,0.00352308692526225,4.868015989303656,6119704847.531323,3880295152.4686766,21585443.956988,9425314.938907,36469.734798,30696837.673094,0.0,13163478.313019,13163478.31164,17945.054496,350383.40916000004,112165.56838082781,175191.70458499997,419700.4847998574,300000.0,False,False
214,2,0,1,NORMAL,0.017175514578220807,0.0166612024672416,0.0035413596686899814,4.849977462067378,6112455257.949658,3887544742.0503416,21672075.931334,9463945.872041,36781.445976,30821353.10464,0.0,13216072.995643,13216072.994251,16150.549047,350631.2174289999,113080.39512829167,175315.608721,419822.60850253014,300000.0,False,False
215,2,0,1,NORMAL,0.017200803255871904,0.016696015421346782,0.0035597433419952244,4.832034673103963,6105315579.688524,3894684420.3114758,21758771.90773,9502610.401364,37094.404109,30944161.30572,0.0,13268705.081824,13268705.080428,16150.549047,350880.574518,114000.9396091878,175440.28726100002,419938.25756654714,300000.0,False,False
216,2,0,1,NORMAL,0.017226096720626548,0.0167302142148487,0.003578116803815815,4.814291333993374,6098181286.828503,3901818713.1714973,21845532.268282,9541308.696181,37408.610123,31067057.32456,0.0,13321374.804192,13321374.802787,16150.549047,351131.482407,114927.20913688051,175565.741208,420065.32840492734,300000.0,False,False
217,2,0,1,NORMAL,0.017251429710374366,0.01676384102101165,0.003596540733043445,4.796672967408868,6091052348.41037,3908947651.58963,21932357.395562,9580040.926031,37724.06495,31190041.70459,0.0,13374082.39564,13374082.394228,16150.549047,351383.94294900005,115859.21053992986,175691.97147799996,420191.4426672906,300000.0,False,False
218,2,0,1,NORMAL,0.017276820168821982,0.01679693644990264,0.003615015339397721,4.77918308686911,6083928740.938429,3916071259.061571,22019247.672578,9618807.260658,38040.769526,31313114.989836,0.0,13426828.089326,13426828.087904,16150.549047,351637.95785400004,116796.95015494675,175818.978932,420317.44580324885,300000.0,False,False
219,2,0,1,NORMAL,0.017302277427316357,0.016829539093606755,0.0036335408292971195,4.761822761921008,6076810444.774101,3923189555.2258987,22106203.482734,9657607.870012,38358.724795,31436277.724881,0.0,13479612.118641,13479612.117207,16150.549047,351893.528708,117740.4338194675,175946.76436,420443.77110848314,300000.0,False,False
220,2,0,1,NORMAL,0.017327806401550835,0.016861685371538634,0.003652117407889956,4.744591826132482,6069697442.292669,3930302557.7073307,22193225.209807,9696442.924221,38677.931704,31559530.454813,0.0,13532434.717191,13532434.715749,16150.549047,352150.65695599996,118689.66686485094,176075.32848199995,420570.64075478085,300000.0,False,False
221,2,0,1,NORMAL,0.017353409743654978,0.0168934095245784,0.0036707452800947516,4.727489493143757,6062496648.494109,3937503351.5058913,22280313.237899,9735312.593587,38998.391207,31684488.780079,0.0,13585296.118787,13585296.11733,14535.494143,352409.343901,119644.65410920107,176204.67195800002,420698.16878414265,300000.0,False,False
222,2,0,1,NORMAL,0.01737921973607867,0.01692475211886874,0.003689481289358561,4.710477807870969,6055394237.763335,3944605762.2366652,22367467.951418,9774217.048566,39320.104263,31807923.136825,0.0,13638196.5574,13638196.555933,14535.494143,352669.590708,120605.39985031761,176334.79535899998,420819.9536434133,300000.0,False,False
223,2,0,1,NORMAL,0.017405042757225982,0.016955738611665983,0.003708212686631288,4.693647378958063,6048297099.8155,3951702900.1845,22454689.735028,9813156.459752,39643.071837,31931449.126261,0.0,13691136.267167,13691136.265691,14535.494143,352931.3983969999,121571.90785867824,176465.69920299997,420952.1081866945,300000.0,False,False
224,2,0,1,NORMAL,0.017430910531593305,0.01698639486456452,0.0037269959794657957,4.6769330119029915,6041205205.8768015,3958794794.123199,22541978.973627,9852130.997866,39967.294899,32055067.295006,0.0,13744115.482349,13744115.480866,14535.494143,353194.76784700004,122544.18137045506,176597.38392699996,421083.4785227788,300000.0,False,False
225,2,0,1,NORMAL,0.017456839419997015,0.017016746126205327,0.0037458313831623354,4.6603377553154735,6034118533.888498,3965881466.111502,22629336.052297,9891140.833738,40292.774425,32178778.189928,0.0,13797134.437325,13797134.435832,14535.494143,353459.699786,123522.2230805684,176729.84989800001,421214.8297865369,300000.0,False,False
226,2,0,1,NORMAL,0.017482837919429128,0.017046816564477832,0.0037647191099580363,4.643862505753849,6027037065.265122,3972962934.734878,22716761.356282,9930186.138291,40619.511396,32302582.358102,0.0,13850193.366556,13850193.365048,14535.494143,353726.194795,124506.03513578136,176863.097405,421346.55314927734,300000.0,False,False
227,2,0,1,NORMAL,0.017508910502509023,0.017076629076608875,0.00378365937093202,4.62750707344887,6019960783.240822,3980039216.7591786,22804255.270945,9969267.082525,40947.506799,32426480.346756,0.0,13903292.50456,13903292.503041,14535.494143,353994.25330499996,125495.61912783798,176997.12665800002,421478.8485856877,300000.0,False,False
228,2,0,1,NORMAL,0.017535059582766882,0.01710620523829649,0.0038026523769816457,4.61127072485267,6012806778.130153,3987193221.869848,22891818.181727,10008383.837505,41276.761626,32551926.252627,0.0,13956432.08591,13956432.084377,13081.944729,354263.8755999999,126490.97608664828,177131.937807,421611.8183295107,300000.0,False,False
229,2,0,1,NORMAL,0.017561405463684083,0.01713557299477311,0.0038217510261084908,4.595120232509242,6005740870.342612,3994259129.657388,22979450.474111,10047536.574342,41607.276875,32676013.524253,0.0,14009612.345189,14009612.343645,13081.944729,354535.061799,127492.1064735235,177267.53090500002,421739.7004567072,300000.0,False,False
230,2,0,1,NORMAL,0.017587771943184376,0.017164747120477063,0.0038408504515237397,4.5791347945367065,5998680127.540559,4001319872.4594417,23067152.53359,10086725.464172,41939.05355,32800196.258405,0.0,14062833.516981,14062833.515423,13081.944729,354807.81187400006,128499.01017446483,177403.905944,421877.0021356222,300000.0,False,False
231,2,0,1,NORMAL,0.01761418799854748,0.017193743306159026,0.003860003242932617,4.563257305754281,5991624523.048359,4008375476.9516416,23154924.745622,10125950.678148,42272.092659,32924475.002374,0.0,14116095.835836,14116095.834265,13081.944729,355082.125635,129511.68649350874,177541.062824,422013.6721731821,300000.0,False,False
232,2,0,1,NORMAL,0.017640668546921246,0.017222577192659815,0.0038792096210607968,4.547490409166722,5984574036.235845,4015425963.764156,23242767.495593,10165212.387417,42606.395218,33048850.303328,0.0,14169399.536255,14169399.534673,13081.944729,355358.002735,130530.13414613249,177679.001373,422150.40306272474,300000.0,False,False
233,2,0,1,NORMAL,0.01766722132317075,0.017251263910757295,0.003898469803784138,4.531834851207944,5977528649.604063,4022471350.3959374,23330681.168776,10204510.76311,42941.962246,33173322.708259,0.0,14222744.852662,14222744.85107,13081.944729,355635.44266599993,131554.35125272302,177817.72133799997,422287.5478709888,300000.0,False,False
234,2,0,1,NORMAL,0.017693850393779288,0.017279817877403875,0.00391778400791792,4.516290422856303,5970488347.301982,4029511652.6980186,23418666.15029,10243845.976315,43278.794769,33297892.763919,0.0,14276132.019385,14276132.017779,13081.944729,355914.44475200004,132584.33533211268,177957.222383,422425.2864725959,300000.0,False,False
235,2,0,1,NORMAL,0.017720557951456356,0.01730825272089113,0.003937152450132242,4.50085643771837,5963379290.822491,4036620709.17751,23506722.825066,10283218.198068,43616.893818,33423869.211244,0.0,14329561.270619,14329561.268999,11773.750257,356195.00816,133620.08329518532,178097.50408699998,422563.7103798553,300000.0,False,False
236,2,0,1,NORMAL,0.017747453413907096,0.017336588249472807,0.003956624327772334,4.4855037890087734,5956349155.667538,4043650844.332463,23594851.577802,10322627.599329,43956.26043,33548636.2074,0.0,14383032.840414,14383032.838778,11773.750257,356477.13188600005,134661.59143855592,178238.56595100003,422697.63323813863,300000.0,False,False
237,2,0,1,NORMAL,0.01777437640515347,0.0173648326466135,0.003976102168286137,4.47030173090722,5949324083.039572,4050675916.9604287,23683052.792919,10362074.350973,44296.895647,33673502.492563,0.0,14436546.962637,14436546.960989,11773.750257,356760.81476000004,135708.85543832774,178380.407386,422840.11662869796,300000.0,False,False
238,2,0,1,NORMAL,0.01780135339685967,0.01739299527566164,0.003995634886035823,4.455200213381075,5942304048.29193,4057695951.7080703,23771326.854526,10401558.623764,44638.800517,33798468.611964,0.0,14490103.870957,14490103.869303,11773.750257,357046.055436,136761.87034392974,178523.027721,422982.10243275954,300000.0,False,False
239,2,0,1,NORMAL,0.017828397988893557,0.017421085773289505,0.004015222706961331,4.440201525555193,5935289032.225096,4064710967.7749047,23859674.14637,10441080.588336,44981.976093,33923535.110302,0.0,14543703.798831,14543703.797159,11773.750257,357332.85240599996,137820.63057203888,178666.426212,423124.2174209381,300000.0,False,False
240,2,0,1,NORMAL,0.01785551721881174,0.017449113608484487,0.004034865854346951,4.425306283621586,5928279018.465308,4071720981.5346923,23948095.051805,10480640.415185,45326.423434,34048702.531694,0.0,14597346.979436,14597346.977756,11773.750257,357621.2039859999,138885.1299005894,178810.60199699996,423266.78018249554,300000.0,False,False
241,2,0,1,NORMAL,0.01788271478000039,0.017477087877614546,0.00405456455049825,4.41051426294418,5921273992.134177,4078726007.8658233,24036589.953732,10520238.274644,45672.143604,34173971.4196,0.0,14651033.645692,14651033.643999,11773.750257,357911.10831100005,139955.36146287434,178955.55416200001,423409.9523685107,300000.0,False,False
242,2,0,1,NORMAL,0.017909992660482297,0.017505017218444725,0.004074319017600245,4.395824819586955,5914208200.729738,4085791799.2702627,24125159.234574,10559874.336861,46019.137673,34300519.691794,0.0,14704764.030201,14704764.028499,10596.375232,358202.56334700005,141031.31774174116,179101.28167799997,423553.8157422791,300000.0,False,False
243,2,0,1,NORMAL,0.017937450383770346,0.0175329161323367,0.004094174985796632,4.381212441089675,5907213145.92978,4092786854.070221,24213803.276221,10599548.771786,46367.406716,34425993.1402,0.0,14758538.365242,14758538.363528,10596.375232,358495.566882,142112.99056388676,179247.783447,423693.7018705353,300000.0,False,False
244,2,0,1,NORMAL,0.01796494195382052,0.017560788765980818,0.0041140419110725765,4.3667377100533376,5900223057.061038,4099776942.938963,24302522.459994,10639261.749148,46716.951814,34551569.680979,0.0,14812356.882728,14812356.881004,10596.375232,358790.11652000004,143200.37109425376,179395.058265,423841.3708458855,300000.0,False,False
245,2,0,1,NORMAL,0.017992491555754067,0.017588640558869415,0.004133965263804377,4.352356734414372,5893237911.451962,4106762088.5480385,24391317.166588,10679013.438443,47067.774053,34677249.854366,0.0,14866219.814192,14866219.812453,10596.375232,359086.2096869999,144293.44983053333,179543.10485099998,423988.6589387801,300000.0,False,False
246,2,0,1,NORMAL,0.01802011158584567,0.0176164773993195,0.0041539452748836385,4.33807149429778,5886257691.34246,4113742308.6575413,24480187.776041,10718804.008908,47419.874525,34803034.199633,0.0,14920127.390747,14920127.388993,10596.375232,359383.843629,145392.21659777706,179691.921822,424136.1334313967,300000.0,False,False
247,2,0,1,NORMAL,0.018047808443773506,0.017644305208639115,0.004173982172717382,4.323882493255564,5879282381.5268,4120717618.473201,24569134.667684,10758633.629501,47773.254327,34928923.255022,0.0,14974079.843065,14974079.841302,10596.375232,359683.01540499995,146496.66054312178,179841.50770699998,424284.0816841338,300000.0,False,False
248,2,0,1,NORMAL,0.018075585479318177,0.017672129742231316,0.004194076184802589,4.30978949424329,5872311968.158881,4127688031.84112,24658158.220091,10798502.468889,48127.914562,35054917.55768,0.0,15028077.40136,15028077.399582,10596.375232,359983.721891,147606.77013063114,179991.860953,424432.6488345928,300000.0,False,False
249,2,0,1,NORMAL,0.018103444490130575,0.0176999565001603,0.004214227538527708,4.295791891781723,5865287905.776094,4134712094.223907,24747258.811041,10838410.695421,48483.856338,35182077.281122,0.0,15082120.295333,15082120.293545,9536.737709,360285.95977400005,148722.53313625787,180142.97989200003,424581.9077667161,300000.0,False,False
250,2,0,1,NORMAL,0.018131476005100212,0.01772779646822094,0.004234478718940677,4.281867310844839,5858327280.843767,4141672719.1562343,24836436.817469,10878358.477107,48841.080768,35308283.685063,0.0,15136208.754176,15136208.752375,9536.737709,360589.725555,149843.93664292942,180294.862784,424727.65608340694,300000.0,False,False
251,2,0,1,NORMAL,0.018159547095223792,0.017755651347382415,0.0042547456672355774,4.268068767321299,5851371531.629393,4148628468.370609,24925692.615418,10918345.981608,49199.588972,35434596.940504,0.0,15190343.006512,15190343.004705,9536.737709,360895.015548,150970.96703576145,180447.50777700002,424880.48209057096,300000.0,False,False
252,2,1,1,NORMAL,0.01818767985767305,0.01778352415449794,0.0042750706299829215,4.254357747943385,5844420637.395422,4155579362.6045794,25015026.579987,10958373.376209,49559.382073,35561017.579556,0.0,15244523.280402,15244523.278583,9536.737709,361201.82587199996,152103.60999740267,180600.91294200002,425033.0276011029,300000.0,False,False
253,2,1,1,NORMAL,0.018215853352588594,0.017811416360826372,0.004295453842707811,4.240728458417214,5838272146.966118,4161727853.0338836,25104439.085301,10998440.827797,49920.461201,35673017.579556,14528.553359,15298749.803279,15298749.801449,9536.737709,361510.15246099996,153241.85050351443,180755.076236,425185.8060261016,300343.261745,False,False
254,2,1,1,NORMAL,0.018242856774041145,0.01783925122619507,0.004315305945020417,4.227477033254668,5832132757.648576,4167867242.3514256,25193930.50445,11038548.502843,50282.827491,35785017.579556,29165.550224,15353022.801945,15353022.800104,9536.737709,361819.991051,154385.67281838853,180909.995531,425396.4370465495,300689.08565200004,False,False
255,2,1,1,NORMAL,0.01826929752582775,0.017866996148752017,0.004335206734839985,4.214169852387,5826002253.733926,4173997746.2660756,25283501.209439,11078696.567386,50646.482084,35897017.579556,43911.518235,15407342.502529,15407342.50068,9536.737709,362131.33718200005,155535.0604907076,181065.668595,425579.05033990636,301037.484187,False,False
256,2,1,1,NORMAL,0.018295482698518745,0.017894640442285357,0.0043551564977320715,4.200878362935072,5819828397.835652,4180171602.1643486,25373151.571151,11118885.187007,51011.426125,36009971.253326,58766.983405,15461709.13047,15461709.128607,8583.063939,362444.186208,156689.99634945058,181222.09311100002,425747.87423843244,301388.46977850003,False,False
257,2,1,1,NORMAL,0.018321648544561902,0.017922189352109652,0.004375194630956033,4.1876190866869845,5813715410.801348,4186284589.198653,25462881.959296,11159114.526807,51377.660765,36121971.253326,73732.470052,15516122.910466,15516122.908599,8583.063939,362758.533282,157850.46249994787,181379.26664299998,425906.27904380095,301742.05481450004,False,False
258,2,1,1,NORMAL,0.018347752929584883,0.017949645066785473,0.004395243133999895,4.174456877630679,5807611121.059175,4192388878.9408264,25552692.742354,11199384.751389,51745.187161,36233971.253326,88808.500722,15570584.066476,15570584.064601,8583.063939,363074.37335199997,159016.44032008873,181537.18667999998,426067.4019792225,302098.25164050004,False,False
259,2,1,1,NORMAL,0.018373855215258562,0.01797701346346116,0.004415341136488041,4.161367071599163,5801515503.199566,4198484496.800435,25642584.287538,11239696.024841,52114.006474,36345971.253326,103995.596134,15625092.821658,15625092.819776,8583.063939,363391.701181,160187.91045668547,181695.85059400002,426226.4558412129,302457.07255950005,False,False
260,2,1,1,NORMAL,0.018399985464382054,0.018004301979649605,0.0044354887867741385,4.148355761657573,5795428541.869254,4204571458.130747,25732556.960738,11280048.510707,52484.119871,36457971.253326,119294.275098,15679649.398362,15679649.396475,8583.063939,363710.511331,161364.85282199708,181855.25566800003,426384.823539467,302818.52982950007,False,False
261,2,1,1,NORMAL,0.01842615890215859,0.018031518555295348,0.004455686225775323,4.135425604156472,5789350226.763284,4210649773.236717,25822611.126472,11320442.371973,52855.528524,36569971.253326,134705.054449,15734254.018092,15734254.016196,8583.063939,364030.79815299995,162547.24659041612,182015.39908099998,426543.2037210366,303182.63566150004,False,False
262,2,1,1,NORMAL,0.018452383233332047,0.018058671115168685,0.004475933590621504,4.122577527065108,5783280550.094219,4216719449.9057817,25912747.147842,11360877.77104,53228.233611,36681971.253326,150228.448979,15788906.901475,15788906.899564,8583.063939,364352.55581099994,163735.0701953223,182176.277913,426701.9488743525,303549.40221850004,False,False
263,2,1,1,NORMAL,0.018478662346738374,0.01808576732365705,0.00449623101650522,4.109811590842425,5777173056.798693,4222826943.2013083,26002965.386485,11401354.869706,53602.236314,36794829.559719,165864.971367,15843608.268223,15843608.2663,7724.757546,364675.7782600001,164928.30132610616,182337.88913599995,426861.23622485565,303918.841613,False,False
264,2,1,1,NORMAL,0.018505071163969253,0.018112819184322358,0.004516614950941434,4.097110638158804,5771120661.808823,4228879338.1911783,26093266.202513,11441873.829147,53977.53782,36906829.559719,181615.132103,15898358.33712,15898358.335185,7724.757546,365000.459254,166126.9169253661,182500.22963300004,427017.7209410297,304290.9659065,False,False
265,2,1,1,NORMAL,0.01853150205177735,0.01813983098222268,0.004537013084433994,4.084515893365384,5765076899.156067,4234923100.843934,26183649.954474,11482434.809888,54354.139323,37018829.559719,197479.43942,15953157.32598,15953157.324034,7724.757546,365326.592343,167330.89318628213,182663.296177,427179.99417050235,304665.787107,False,False
266,2,1,1,NORMAL,0.01855797292879262,0.01816680788200139,0.0045574616711777415,4.071997587200083,5759041757.256154,4240958242.743847,26274116.999296,11523037.971789,54732.042021,37130829.559719,213458.399223,16008005.451624,16008005.449662,7724.757546,365654.170878,168540.20555016966,182827.08544700002,427342.13754145947,305043.31716700003,False,False
267,2,1,1,NORMAL,0.018584492890943466,0.018193755301933137,0.00457796084895905,4.059556973967845,5753015227.468269,4246984772.5317316,26364667.692239,11563683.474022,55111.247117,37242829.559719,229552.515018,16062902.929832,16062902.92786,7724.757546,365983.18799599994,169754.82870421646,182991.594003,427504.56410778395,305423.567983,False,False
268,2,1,1,NORMAL,0.018611066540808574,0.01822067860766704,0.004598510753202055,4.047194306950187,5746997302.608648,4253002697.3913527,26455302.386848,11604371.475045,55491.755819,37354829.559719,245762.287839,16117849.975338,16117849.973354,7724.757546,366313.63664199994,170974.73657940613,183156.81832700002,427667.4823854942,305806.5513925,False,False
269,2,1,1,NORMAL,0.018637696188840307,0.01824758296774273,0.0046191115180876045,4.034909336104674,5740987976.194847,4259012023.805154,26546021.434898,11645102.132583,55873.56934,37466829.559719,262088.216177,16172846.801777,16172846.799784,7724.757546,366645.50954500004,172199.902348631,183322.75477700005,427830.9968347878,306192.2791735,False,False
270,2,1,1,NORMAL,0.018664382974671948,0.018274473290770425,0.004639763277121338,4.022701560380456,5734945854.368102,4265054145.6318994,26636825.186344,11685875.603608,56256.688898,37579602.035473,278530.795906,16227893.621671,16227893.619665,6952.281792,366978.79923299997,173430.2984249976,183489.39962299998,427995.1588964189,306580.7630415,False,False
271,2,1,1,NORMAL,0.018691193192679933,0.01830135844573233,0.004660499796857273,4.010555521380779,5728953727.549582,4271046272.45042,26727713.98927,11726692.044317,56641.115717,37691602.035473,295090.520215,16282990.646384,16282990.644365,6952.281792,367313.4980309999,174665.89646032805,183656.749022,428156.90305973386,306972.014649,False,False
272,2,1,1,NORMAL,0.018718029412726947,0.018328240443602952,0.004681254111177999,3.9985074444114526,5722970191.701313,4277029808.2986884,26818688.18984,11767551.610108,57026.851025,37803602.035473,311767.87953,16338138.086099,16338138.084069,6952.281792,367649.5980490001,175906.66734385944,183824.79902999997,428323.92365421227,307366.0455835,False,False
273,2,1,1,NORMAL,0.018744907247455665,0.018355122172883775,0.0047020598100040644,3.986531010850639,5716995235.489396,4283004764.5106053,26909748.13225,11808454.455554,57413.896056,37915602.035473,328563.361444,16393336.149789,16393336.147744,6952.281792,367987.091193,177152.5812011454,183993.545604,428490.897505699,307762.867365,False,False
274,2,1,1,NORMAL,0.018771834647015016,0.01838200684863418,0.004722917030096426,3.9746272329987886,5711028850.098408,4288971149.9015937,27000894.158673,11849400.734393,57802.252047,38027602.035473,345477.45065,16448585.045172,16448585.043116,6952.281792,368325.96916700003,178403.60739316113,184162.98458899997,428658.1816935788,308162.491445,False,False
275,2,1,1,NORMAL,0.018798815636283144,0.01840889773815992,0.004743825906034457,3.962796276391556,5705071027.958601,4294928972.0414004,27092126.609207,11890390.599494,58191.920242,38139602.035473,362510.628859,16503884.978703,16503884.976632,6952.281792,368666.223465,179659.71451561624,184333.11174,428825.95695351844,308564.929205,False,False
276,2,1,1,NORMAL,0.018825852225955692,0.01843579802769513,0.004764786571211687,3.951037878527321,5699121762.0950575,4300878237.904943,27183445.821826,11931424.202848,58582.901888,38251602.035473,379663.374736,16559236.155516,16559236.153435,6952.281792,369007.84537,180920.87039847675,184503.92268999998,428994.31378597644,308970.1919545,False,False
277,2,1,1,NORMAL,0.018852945391720954,0.01846271076085809,0.004785799158343912,3.93935156239295,5693144169.425188,4306855830.574813,27274852.132334,11972501.695528,58975.198238,38364297.263652,396936.163821,16614638.779418,16614638.777326,6257.053613,369350.825963,182187.0421056995,184675.41298700002,429163.2964437191,309378.2909285,False,False
278,2,1,1,NORMAL,0.018880154808812544,0.018489642634919666,0.004806894935363469,3.9277236267251467,5687212014.676768,4312787985.323233,27366345.874304,12013623.227684,59368.81055,38476297.263652,414329.468458,16670093.052839,16670093.050741,6257.053613,369695.1561099999,183458.19593518166,184847.57805799998,429330.14453347045,309789.237287,False,False
279,2,1,1,NORMAL,0.018907392851039748,0.018516594261766123,0.00482801191659101,3.9161860363406036,5681288405.806821,4318711594.19318,27457927.379039,12054788.94851,59763.740086,38588297.263652,431843.757725,16725599.176818,16725599.17471,6257.053613,370040.82648199995,184734.29741892708,185020.41324599998,429501.77307054424,310203.042113,False,False
280,2,1,1,NORMAL,0.01893467336197132,0.018543567106940655,0.004849181208147904,3.9047155693328337,5675373331.495323,4324626668.504678,27549596.975507,12095999.006231,60159.988113,38700297.263652,449479.497357,16781157.350956,16781157.348836,6257.053613,370387.82752799994,186015.3113234325,185193.91376999998,429673.40715458756,310619.71641,False,False
281,2,1,1,NORMAL,0.018962003410534077,0.018570562997495068,0.004870402945460889,3.893313063184281,5669466782.615695,4330533217.384306,27641354.990305,12137253.548071,60557.555903,38812297.263652,467237.149679,16836767.77339,16836767.771258,6257.053613,370736.14950000006,187301.20165029576,185368.07475600005,429845.3609564277,311039.27110149997,False,False
282,2,1,1,NORMAL,0.01898938657407307,0.018597583873403326,0.004891677261896729,3.8819786256115374,5663568751.125151,4336431248.87485,27733201.7476,12178552.720239,60956.444732,38924297.263652,485117.173531,16892430.640762,16892430.63862,6257.053613,371085.7824380001,188591.9316370477,185542.89122400005,430017.79387147387,311461.717028,False,False
283,2,1,1,NORMAL,0.01901682462779197,0.018624631664009045,0.004913004289662261,3.870711993434726,5657679229.494062,4342320770.505939,27825137.569075,12219896.667907,61356.655881,39036297.263652,503120.024193,16948146.148195,16948146.146045,6257.053613,371436.71618200006,189887.46375821062,185718.358095,430190.78561582294,311887.0649465,False,False
284,2,1,1,NORMAL,0.019044318414618296,0.01865170822856448,0.004934384160266804,3.8595127164944047,5651765355.187353,4348234644.812648,27917162.773886,12261285.53518,61758.190636,39148922.969013,521246.153313,17003914.489259,17003914.487093,5631.348252,371788.94035199995,191187.75972658469,185894.470184,430364.3748303591,312315.325528,False,False
285,2,1,1,NORMAL,0.019071921635599242,0.018678818770953818,0.004955845814246212,3.848368643910302,5645892847.836497,4354107152.163504,28009277.678607,12302719.465086,62161.050287,39260922.969013,539496.008843,17059735.855923,17059735.853747,5631.348252,372142.44437800004,192492.7804947642,186071.22219399997,430536.07611558493,312746.509356,False,False
286,2,1,1,NORMAL,0.019099555509812873,0.018705963076686663,0.004977331903837047,3.8373079952914018,5640028837.025227,4359971162.974774,28101482.597182,12344198.599545,62565.236129,39372922.969013,557870.034957,17115610.438552,17115610.436366,5631.348252,372497.217476,193802.48625688622,186248.60874300002,430712.10382771166,313180.626925,False,False
287,2,1,1,NORMAL,0.019127232294098098,0.0187331417358745,0.004998871221329341,3.8263102703037077,5634173311.339236,4365826688.660765,28193777.840873,12385723.079349,62970.74946,39484922.969013,576368.671984,17171538.425857,17171538.423661,5631.348252,372853.248654,195116.8364506119,186426.624332,430888.17539883463,313617.6886385,False,False
288,2,1,1,NORMAL,0.01915495826119611,0.018760355705250087,0.0050204639004057215,3.815376156702995,5628326261.271427,4371673738.728574,28286163.718208,12427293.044144,63377.591585,39596922.969013,594992.356336,17227520.004873,17227520.002668,5631.348252,373210.52672699996,196435.78975934375,186605.263368,431064.5668447738,314057.704807,False,False
289,2,1,1,NORMAL,0.019182736580564595,0.018787606084302636,0.00504211007279566,3.8045057136026568,5622487678.255411,4377512321.74459,28378640.534937,12468908.632406,63785.763811,39708922.969013,613741.520438,17283555.360924,17283555.358709,5631.348252,373569.040296,197759.30411467885,186784.52015300002,431241.41846019257,314500.685648,False,False
290,2,1,1,NORMAL,0.01921056880974332,0.018814894002073004,0.005063809869088102,3.79369867873866,5616657554.165426,4383342445.834575,28471208.593976,12510569.981418,64195.267451,39820922.969013,632616.592652,17339644.677597,17339644.67537,5631.348252,373928.7777619999,199087.33669910033,186964.388887,431418.8002377751,314946.641282,False,False
291,2,1,1,NORMAL,0.01923845566704339,0.01884222056110335,0.005085563419151211,3.782954626933808,5610806609.74592,4389193390.254081,28563868.195363,12552277.227249,64606.103821,39933486.103838,651617.997213,17395788.136704,17395788.134466,5068.213427,374289.72732500004,200419.84394890783,187144.86366799998,431596.7457002381,315395.581732,False,False
292,2,1,1,NORMAL,0.019266445453574237,0.018869589909004697,0.005107397497256048,3.772262774519733,5604993394.211696,4395006605.788305,28656619.636204,12594030.504737,65018.274242,40045486.103838,670746.154155,17451985.91826,17451985.91601,5068.213427,374651.87698400003,201756.7815573884,187325.938498,431773.0168718037,315847.5169225,False,False
293,2,1,1,NORMAL,0.019294467361080724,0.018897001357525735,0.0051292590710836005,3.7616480457877515,5599188621.376872,4400811378.623129,28749463.210624,12635829.947461,65431.78004,40157486.103838,690001.47924,17508238.20045,17508238.198188,5068.213427,375015.21453799994,203098.10447822855,187507.607275,431953.19798889424,316302.456676,False,False
294,2,1,1,NORMAL,0.019322532221698566,0.01892445496166592,0.005151174779074596,3.7510923333822195,5593392279.638897,4406607720.361104,28842399.209718,12677675.687728,65846.622544,40269486.103838,709384.38389,17564545.159598,17564545.157322,5068.213427,375379.727582,204443.76692916875,187689.863798,432133.4484147625,316760.4107135,False,False
295,2,1,1,NORMAL,0.0193506455878306,0.0189519511310959,0.005173144752754233,3.7405961968352277,5587604359.0503235,4412395640.949677,28935427.92151,12719567.856541,66262.803087,40381486.103838,728895.275118,17620906.970136,17620906.967846,5068.213427,375745.40351800004,205793.72239590072,187872.70176599998,432314.0102076903,317221.3886515,False,False
296,2,1,1,NORMAL,0.01937881025648314,0.01897949042950798,0.005195169121785447,3.7301596545182614,5581824850.477937,4418175149.522064,29028549.630892,12761506.583589,66680.323007,40493486.103838,748534.555458,17677323.804578,17677323.802275,5068.213427,376112.22955099994,207147.92363620846,188056.11478199996,432495.0065480007,317685.39999999997,False,False
297,2,1,1,NORMAL,0.01940702758411879,0.019007073471740934,0.005217248014704991,3.719782446496586,5576053745.164949,4423946254.835052,29121764.619587,12803491.997218,67099.183645,40605486.103838,768302.622895,17733795.83349,17733795.831174,5068.213427,376480.19268499996,208506.32268435333,188240.096349,432676.4986493372,318152.4541625,False,False
298,2,1,1,NORMAL,0.019435298172194772,0.019034700871770217,0.005239381559301625,3.7094641709555827,5570264957.138895,4429735042.861106,29215073.166092,12845524.224419,67519.386348,40717992.92518,788199.870801,17790323.225455,17790323.223131,4561.392085,376849.279734,209868.87085570375,188424.63987099996,432858.5153717802,318622.560433,False,False
299,2,1,1,NORMAL,0.019463665441941717,0.01906237600532967,0.005261594515010822,3.699195250871909,5564510645.324705,4435489354.675296,29308475.545639,12887603.390796,67940.932464,40829992.92518,808226.687862,17846906.147056,17846906.144727,4561.392085,377219.477319,211235.51875160984,188609.73866200002,433039.0413604887,319095.72799499996,False,False
300,2,1,1,NORMAL,0.019492065768690933,0.019090097925546525,0.005283837861796437,3.6889977093399837,5558764717.657054,4441235282.342947,29401972.030136,12929729.620554,68363.823348,40941992.92518,828383.45801,17903544.762844,17903544.760503,4561.392085,377590.77186,212606.21626452272,188795.38593599998,433223.0941948931,319571.965919,False,False
301,2,1,1,NORMAL,0.01952050870624991,0.01911786636301126,0.005306136234629299,3.6788555444267947,5553027162.264138,4446972837.735863,29495562.888139,12971903.036475,68788.060356,41053992.92518,848670.560368,17960239.235288,17960239.232941,4561.392085,377963.149598,213980.91258335894,188981.57480199996,433407.2298769999,320051.28316299996,False,False
302,2,1,1,NORMAL,0.019548999156201334,0.01914568138192675,0.005328489762458962,3.668769206226263,5547297968.7077265,4452702031.292274,29589248.384781,13014123.759904,69213.64485,41165992.92518,869088.369167,18016989.724788,18016989.722424,4561.392085,378336.59658099996,215359.55619910976,189168.29829900005,433591.66026807745,320533.6885684999,False,False
303,2,1,1,NORMAL,0.01957753957549029,0.019173543200866332,0.005350898572457398,3.6587386791933363,5541577127.252234,4458422872.7477665,29683028.781754,13056391.910717,69640.578195,41277992.92518,889637.253696,18073796.389598,18073796.387222,4561.392085,378711.098666,216742.09491069484,189355.54933899996,433776.49323785893,321019.1908604999,False,False
304,2,1,1,NORMAL,0.0196061311351142,0.019201452099850067,0.005373362790676657,3.648763706990504,5535864628.481918,4464135371.518083,29776904.337242,13098707.607314,70068.861759,41389992.92518,910317.578229,18130659.385835,18130659.383448,4561.392085,379086.64152899996,218128.47583106018,189543.32077000002,433961.7820776496,321507.7986459999,False,False
305,2,1,1,NORMAL,0.019634774327259533,0.019229408372586163,0.005395882542394176,3.6388439097763423,5530137231.908184,4469862768.091817,29870875.305883,13141070.966591,70498.496916,41502449.064388,931129.701958,18187578.867441,18187578.865045,4105.252877,379463.210661,219518.6453935196,189731.60533499997,434147.551409027,321999.52041149995,False,False
306,2,1,1,NORMAL,0.019663508164850605,0.019257414810796774,0.005418480714334921,3.6289707764077845,5524441401.893467,4475558598.106534,29964941.93872,13183482.103924,70929.48504,41614449.064388,952073.978932,18244554.986158,18244554.983746,4105.252877,379840.7913660001,220912.549358339,189920.395691,434331.9861891716,322494.36452149996,False,False
307,2,1,1,NORMAL,0.019692275492980953,0.019285470338679625,0.005441112014124258,3.6191637742180185,5518753892.593695,4481246107.406306,30059104.483168,13225941.133152,71361.827511,41726449.064388,973150.758002,18301587.891479,18301587.889061,4105.252877,380219.36877600005,222310.1328195631,190109.68439099996,434519.5944494836,322992.33921899996,False,True
308,2,1,1,NORMAL,0.019721084720336,0.019313574492334874,0.005463799214424395,3.6094087550421805,5513074691.79981,4486925308.200191,30153363.182955,13268448.166551,71795.525713,41838449.064388,994360.382741,18358677.730663,18358677.728234,4105.252877,380598.927835,223711.34021208264,190299.463923,434707.2881236642,323493.45262049994,False,True
309,2,1,1,NORMAL,0.019749940160182007,0.01934172711606695,0.0054865424412043045,3.5997060756987174,5507403788.541794,4492596211.458207,30247718.278089,13311003.314824,72230.581032,41950449.064388,1015703.191399,18415824.648667,18415824.64623,4105.252877,380979.4533159999,225116.1153189424,190489.72666199997,434895.25226609735,323997.71271849994,False,True
310,2,1,1,NORMAL,0.019778843960225004,0.019369928202786827,0.005509341818724491,3.5900556928602687,5501741172.454361,4498258827.54564,30342170.004815,13353606.687074,72666.994857,42062449.064388,1037179.516832,18473028.788148,18473028.785699,4105.252877,381360.92981600005,226524.40127888726,190680.46491399995,435083.58104664047,324505.12737699994,False,True
311,2,1,1,NORMAL,0.019807797120422806,0.019398177810376248,0.005532197470131077,3.580457354851704,5496086833.44235,4503913166.557651,30436718.595568,13396258.390787,73104.768582,42174449.064388,1058789.686446,18530290.28942,18530290.28696,4105.252877,381743.341761,227936.14059414595,190871.67088599998,435272.3206380807,325015.70433149993,False,True
312,2,1,1,NORMAL,0.019836800031088474,0.019426476018164135,0.005555109517767456,3.5709107025959566,5490420066.367477,4509579933.632524,30531364.278932,13438958.531821,73543.903603,42286859.589675,1080534.022136,18587609.290438,18587609.287969,3694.72759,382126.6734070001,229351.2751384506,191063.33670799996,435461.49181221233,325529.4511874999,False,True
313,2,1,1,NORMAL,0.01986588772435424,0.01945482516049898,0.005578099108883589,3.5614081672941507,5484782261.4249525,4515217738.575048,30626107.279601,13481707.214381,73984.401321,42398859.589675,1102412.840228,18644985.92677,18644985.924292,3694.72759,382510.90883900004,230769.7461652907,191255.454424,435649.4597728287,326046.3754184999,False,True
314,2,1,1,NORMAL,0.019895008870729477,0.01948322410954611,0.005601124411884432,3.5519669637254205,5479152708.770429,4520847291.229572,30720947.818338,13524504.541001,74426.263137,42510859.589675,1124426.451417,18702420.331576,18702420.329085,3694.72759,382896.031977,232191.49431639872,191448.01599499997,435840.2743919914,326566.4843654999,False,True
315,2,1,1,NORMAL,0.019924170853263364,0.019511672286560124,0.005624206469478994,3.5425745767667496,5473531395.802133,4526468604.197868,30815886.11193,13567350.612536,74869.490458,42622859.589675,1146575.160719,18759912.635569,18759912.633069,3694.72759,383282.0265810001,233616.45963046682,191641.013295,436031.16698027647,327089.7852349999,False,True
316,2,1,1,NORMAL,0.01995337745521107,0.019540169394215025,0.005647345404260183,3.533231284234688,5467918310.987224,4532081689.012777,30910922.373157,13610245.528128,75314.084694,42734859.589675,1168859.267402,18817462.967015,18817462.964504,3694.72759,383668.876247,235044.58155209135,191834.43812900002,436222.2988026512,327616.2850974999,False,True
317,2,1,1,NORMAL,0.019982630542614056,0.019568715274756898,0.005670541337174056,3.52393702019506,5462313443.311711,4537686556.68829,31006056.810744,13653189.385209,75760.047256,42846859.589675,1191279.064944,18875071.451685,18875071.449163,3694.72759,384056.56441299996,236475.79894094364,192028.282212,436413.7518135531,328145.9908869999,False,True
318,2,1,1,NORMAL,0.020011930958649924,0.019597309835008063,0.005693794388055988,3.5146915386740067,5456716781.988453,4543283218.011548,31101289.629331,13696182.279467,76207.379559,42958859.589675,1213834.840969,18932738.212846,18932738.210316,3694.72759,384445.074364,237910.05008116423,192222.537186,436605.5657826078,328678.9093989999,False,True
319,2,1,1,NORMAL,0.02004127899925528,0.01962595300689498,0.0057171046759113275,3.5054945003365057,5451109880.714179,4548890119.285822,31196621.02943,13739224.304836,76656.083021,43071229.062434,1236526.877193,18990463.371241,18990463.368696,3325.254831,384834.38922300003,239347.27269097813,192417.19461900002,436797.75800823723,329215.0472894999,False,True
320,2,1,1,NORMAL,0.020070706103369494,0.019654646755054628,0.005740491733270704,3.4963391702219218,5445529608.678747,4554470391.321254,31292051.20739,13782315.553485,77106.159063,43183229.062434,1259355.449381,19048247.045046,19048247.042489,3325.254831,385224.49197400006,240787.4039325288,192612.245993,436988.8558999601,329754.4110739999,False,True
321,2,1,1,NORMAL,0.020100166184342176,0.019683389944040924,0.005763916939379858,3.487240776669617,5439957515.44465,4560042484.555351,31387580.355358,13825456.115796,77557.609108,43295229.062434,1282320.827286,19106089.349868,19106089.347304,3325.254831,385615.36544699996,242230.38042192732,192807.682727,437182.4974119513,330297.0071259999,False,True
322,2,1,1,NORMAL,0.020129665708837695,0.01971218192886652,0.005787399730946729,3.478188244229813,5434393587.974616,4565606412.025385,31483208.661246,13868646.080347,78010.434582,43407229.062434,1305423.274597,19163990.398723,19163990.396151,3325.254831,386006.992324,243676.13823951437,193003.496166,437376.20038479456,330842.8416754999,False,True
323,2,1,1,NORMAL,0.020159207982668046,0.01974102231943436,0.00581094022681294,3.4691817839820627,5428837814.151741,4571162185.84826,31578936.308696,13911885.533901,78464.636915,43519229.062434,1328663.048896,19221950.302006,19221950.299421,3325.254831,386399.355151,245124.61294033198,193199.677582,437570.1050247203,331391.9208079999,False,True
324,2,1,1,NORMAL,0.020188794616417854,0.01976991085472362,0.005834538544230612,3.460221311997538,5423290182.303085,4576709817.696916,31674763.477045,13955174.561393,78920.217537,43631229.062434,1352040.401608,19279969.167466,19279969.164867,3325.254831,386792.43632999994,246575.73956480093,193396.21817200002,437764.2823986317,331944.2504644999,False,True
325,2,1,1,NORMAL,0.020218426309902487,0.0197988473357029,0.005858194799341915,3.451306588878495,5417750680.945102,4582249319.054899,31770690.34129,13998513.245908,79377.177883,43743229.062434,1375555.57795,19338047.100197,19338047.097582,3325.254831,387186.21813000005,248029.45264960197,193593.10907299994,437958.7665430094,332499.8364379999,False,True
326,2,1,1,NORMAL,0.020248103271944196,0.01982783158965395,0.005881909107434046,3.4424372941011545,5412202876.097689,4587797123.902312,31866717.072058,14041901.668675,79835.519389,43855561.587917,1399208.816888,19396184.202605,19396184.199982,2992.729348,387580.682684,249485.68623875562,193790.34134599997,438153.5716324502,333058.6843749999,False,True
327,2,1,1,NORMAL,0.020277853700297773,0.01985686527421162,0.0059056995030125105,3.433607431254163,5406679609.106254,4593320390.893747,31962843.835573,14085339.909042,80295.243494,43967561.587917,1423000.351085,19454380.574413,19454380.571778,2992.729348,387975.811998,250944.37389489828,193987.90600499997,438347.37105575757,333620.7997719999,False,True
328,2,1,1,NORMAL,0.02030763622530087,0.01988594727105609,0.005929530342360622,3.42483047607041,5401164442.360236,4598835557.639765,32059070.793618,14128828.044477,80756.351639,44079561.587917,1446930.406862,19512636.312612,19512636.309968,2992.729348,388371.587943,252405.44871075035,194185.79397600002,438543.4324713591,334186.1879769999,False,True
329,2,1,1,NORMAL,0.020337456495715174,0.019915076898453447,0.005953419572144988,3.4160966230014402,5395657362.356225,4604342637.643776,32155398.103521,14172366.150538,81218.845267,44191561.587917,1470999.204156,19570951.511461,19570951.508807,2992.729348,388767.99227600003,253868.8433207722,194383.99614300003,438739.53075392684,334754.8541854999,False,True
330,2,1,1,NORMAL,0.020367317388337157,0.019944253704252398,0.005977367307108244,3.4074060270842788,5390158356.381872,4609841643.618129,32251825.918106,14215954.300875,81682.725824,44303561.587917,1495206.956472,19629326.262462,19629326.259799,2992.729348,389165.0066249999,255334.4899130046,194582.503317,438935.78749082005,335326.8034424999,False,True
331,2,1,1,NORMAL,0.020397220282908635,0.019973477354488286,0.006001373660455819,3.398758590439012,5384667412.103849,4615332587.896152,32348354.385676,14259592.567207,82147.994758,44415561.587917,1519553.870845,19687760.654348,19687760.651672,2992.729348,389562.61250499997,256802.32024108883,194781.30625899998,439132.26407130936,335902.0406394999,False,True
332,2,1,1,NORMAL,0.020427165748675622,0.020002747573468115,0.006025438744285858,3.3901540809866244,5379184517.346056,4620815482.653945,32444983.649984,14303281.019313,82614.653518,44527561.587917,1544040.147802,19746254.773052,19746254.770367,2992.729348,389960.791313,258272.26563646257,194980.39566100005,439328.9894195271,336480.5705144999,False,True
333,2,1,1,NORMAL,0.020457153915294273,0.020032064111650448,0.006049562669817692,3.3815921963018134,5373695030.714681,4626304969.28532,32541713.850198,14347019.725025,83082.703556,44639860.860851,1568665.981318,19804808.70171,19804808.699015,2693.456414,390359.52433800005,259744.25702072744,195179.762174,439525.97491415025,337062.3976499999,False,True
334,2,1,1,NORMAL,0.020487210057665284,0.02006142836623205,0.006073762082576019,3.373067594537091,5368228205.330221,4631771794.66978,32638545.120882,14390808.750207,83552.146326,44751860.860851,1593431.558782,19863422.520634,19863422.517925,2693.456414,390758.792762,261218.22491818247,195379.396388,439722.0253487289,337647.5264734999,False,True
335,2,1,1,NORMAL,0.020517297049094326,0.02009083924899736,0.0060980040974167775,3.3645922044863528,5362769396.612289,4637230603.387712,32735477.591972,14434648.158747,84022.983283,44863860.860851,1618337.060959,19922096.307294,19922096.304571,2693.456414,391158.57765999995,262694.09946852113,195579.288837,439920.0755203351,338235.96125599986,False,True
336,2,1,1,NORMAL,0.02054741980965135,0.020120296059362133,0.006122305279336381,3.3561573414187147,5357318590.572526,4642681409.427475,32832511.388743,14478538.012552,84495.215885,44975860.860851,1643382.66196,19980830.136302,19980830.13357,2693.456414,391558.860009,264171.81043968425,195779.43000899997,440118.13086434675,338827.70611099986,False,True
337,2,1,1,NORMAL,0.020577580831870182,0.020149798302749752,0.006146665738665147,3.3477631136550063,5351875773.901553,4648124226.098448,32929646.631786,14522478.371531,84968.845591,45087860.860851,1668568.529196,20039624.079415,20039624.076669,2693.456414,391959.6206840001,265651.28724086663,195979.81034899995,440316.2965381735,339422.76499399985,False,True
338,2,1,1,NORMAL,0.0206077812872584,0.020179345592072892,0.006171085584245201,3.339409412805767,5346440933.612887,4653559066.387114,33026883.436995,14566469.293586,85443.873862,45199860.860851,1693894.823358,20098478.205496,20098478.202737,2693.456414,392360.840473,267132.45893567114,196180.42024299997,440514.625358348,340021.1417014999,False,True
339,2,1,1,NORMAL,0.020638021627296946,0.020208937594345413,0.006195564923813742,3.3310960148236175,5341014056.850056,4658985943.149945,33124221.915534,14610510.834602,85920.30216,45311860.860851,1719361.698379,20157392.580514,20157392.577746,2693.456414,392762.50006899994,268615.25425540487,196381.25003899998,440713.14170056,340622.83987049985,False,True
340,2,1,1,NORMAL,0.02066830190992639,0.020238574001802248,0.006220103864212068,3.322822634657814,5335582098.959645,4664417901.040356,33221662.173824,14654603.048439,86398.131948,45424130.206492,1744969.301406,20216367.267532,20216367.264756,2424.110773,393164.580082,270099.6016125133,196582.29004500003,440911.8544678738,341227.86297799984,False,True
341,2,1,1,NORMAL,0.020698644776454733,0.020268255987263697,0.0062447177637858335,3.3145845111671255,5330171116.684738,4669828883.315263,33319204.313511,14698745.986923,86877.364693,45536130.206492,1770717.772767,20275402.326694,20275402.323908,2424.110773,393567.061036,271585.42911414645,196783.530523,441109.6867459868,341836.2143389998,False,True
342,2,1,1,NORMAL,0.020729016915521013,0.02029798249876417,0.0062693762920394995,3.3063922071229874,5324768062.576748,4675231937.423253,33416848.431457,14742939.699833,87358.001861,45648130.206492,1796607.245945,20334497.815212,20334497.81241,2424.110773,393969.9233760001,273072.664575852,196984.961696,441309.27416790574,342447.8971074998,False,True
343,2,1,1,NORMAL,0.020759422599562993,0.02032775282784797,0.006294094733490177,3.29823802763953,5319372922.154954,4680627077.845047,33514594.619721,14787184.2349,87840.04492,45760130.206492,1822637.847559,20393653.787343,20393653.78453,2424.110773,394373.147479,274561.2355353894,197186.57374500003,441508.82896151784,343062.9142744998,False,True
344,2,1,1,NORMAL,0.020789863977549512,0.02035756645040936,0.0063188731937829845,3.290122042329359,5313985681.520722,4686014318.479279,33612442.96554,14831479.637793,88323.49534,45872130.206492,1848809.697332,20452870.294394,20452870.291573,2424.110773,394776.71364000003,276051.06926666055,197388.35682400002,441708.44182274793,343681.2686694998,False,True
345,2,1,1,NORMAL,0.020820342034561557,0.020387422939709503,0.006343711777117919,3.2820441353690684,5308606327.050268,4691393672.949733,33710393.551299,14875825.952116,88808.35459,45984130.206492,1875122.908061,20512147.384717,20512147.381884,2424.110773,395180.6020920001,277542.0927937503,197590.301052,441908.15798984625,344302.9629569998,False,True
346,2,1,1,NORMAL,0.020850857116354368,0.020417321918847882,0.006368610586599231,3.274004091289321,5303234845.227003,4696765154.772998,33808446.45454,14920223.219395,89294.624143,46096130.206492,1901577.58561,20571485.103676,20571485.100833,2424.110773,395584.79300600005,279034.2329050713,197792.39650800006,442107.9978240966,344927.99963849975,False,True
347,2,1,1,NORMAL,0.02088140921683155,0.020447263034846827,0.0063935697244185755,3.266001641787129,5297859613.607743,4702140386.392258,33906601.747925,14964671.479082,89782.305471,46208372.617569,1928173.82888,20630883.493654,20630883.490804,2181.699696,395989.26648900006,280527.41616760875,197994.633248,442307.96804919967,345556.38105049974,False,True
348,2,1,1,NORMAL,0.020912018605960484,0.02047724726524126,0.006418603356701316,3.2580325413202824,5292503841.78531,4707496158.214691,34004859.499235,15009170.768533,90271.400048,46320372.617569,1954911.729784,20690342.594051,20690342.591191,2181.699696,396394.002592,282021.56894125696,198197.001301,442507.09826027346,346188.10936449975,False,True
349,2,1,1,NORMAL,0.02094265540227415,0.02050727359666274,0.006443683517450415,3.250106145895969,5287155904.866678,4712844095.133323,34103219.771355,15053721.123015,90761.909349,46432372.617569,1981791.373242,20749862.441257,20749862.438384,2181.699696,396798.981315,283516.6173932438,198399.49066400004,442707.75524612697,346823.18658699974,False,True
350,2,1,1,NORMAL,0.020973323304090713,0.02053734131972261,0.006468824305100841,3.242215635313002,5281815787.882063,4718184212.117938,34201682.622259,15098322.575697,91253.834849,46544372.617569,2008812.837156,20809443.068653,20809443.065775,2181.699696,397204.18261500006,285012.487512636,198602.09131000002,442908.33669488726,347461.6145589997,False,True
351,2,1,1,NORMAL,0.021004024154689684,0.020567449889720486,0.006494025820380217,3.234361047468075,5276483476.360464,4723516523.639537,34300248.104998,15142975.15764,91747.178024,46656372.617569,2035976.192391,20869084.506621,20869084.503731,2181.699696,397609.586394,286509.10512491997,198804.793203,443108.9206076045,348103.3949539997,False,True
352,2,1,1,NORMAL,0.021034758772555107,0.020597598849903365,0.00651928816261909,3.2265422616484716,5271158956.064746,4728841043.935255,34398916.267692,15187678.897804,92241.940351,46768372.617569,2063281.502771,20928786.782505,20928786.779607,2181.699696,398015.17251999996,288006.3959066509,199007.58626399998,443309.5455571848,348748.52928049973,False,True
353,2,1,1,NORMAL,0.021065527409796884,0.020627787789251336,0.006544611430059341,3.2187590714772014,5265842212.846253,4734157787.153748,34497687.153521,15232433.823031,92738.123308,46880372.617569,2090728.825056,20988549.920641,20988549.917727,2181.699696,398420.920826,289504.2854001662,199210.460421,443510.2283704614,349397.01887949975,False,True
354,2,1,1,NORMAL,0.021096330003929433,0.02065801631923057,0.006569995720023886,3.211011224806815,5260522890.957181,4739477109.04282,34596560.800721,15277239.958048,93235.728372,46992590.787538,2118318.208942,21048373.942315,21048373.939391,1963.529727,398826.81111,291002.69902835396,199413.40556,443710.97388151294,350048.86492499977,False,True
355,2,1,1,NORMAL,0.02112718469134609,0.020688285246463833,0.006595454094916971,3.2032949342530537,5255221664.048047,4744778335.951954,34695537.242568,15322097.325462,93734.757022,47104590.787538,2146049.697039,21108258.865795,21108258.86286,1963.529727,399232.82314299996,292501.56210947374,199616.411577,443910.9076034303,350704.06842399976,False,True
356,2,1,1,NORMAL,0.02115806467343517,0.020718593596591017,0.006620960776101505,3.1956184893596777,5249928174.226144,4750071825.773857,34794616.507381,15367005.945758,94235.210737,47216590.787538,2173923.324871,21168204.706301,21168204.703356,1963.529727,399638.93666600005,294000.7998720208,199819.46833799998,444112.1547612249,351362.6302154998,False,True
357,2,1,1,NORMAL,0.021188973141107792,0.0207489406639792,0.006646528763920367,3.187975843289627,5244642406.045961,4755357593.95404,34893798.61851,15411965.837291,94737.090996,47328590.787538,2201939.120861,21228211.476024,21228211.473063,1963.529727,400045.13141,295500.3374696278,200022.565713,444313.2793646647,352024.55097099976,False,True
358,2,1,1,NORMAL,0.021219911666206917,0.020779325889929378,0.006672158154003673,3.180367008158188,5239364344.489354,4760635655.510647,34993083.594333,15456977.016295,95240.399279,47440590.787538,2230097.106336,21288279.184098,21288279.181121,1963.529727,400451.387082,297000.0999960002,200225.69354900002,444514.3483056913,352689.83119449974,False,True
359,2,1,1,NORMAL,0.021250880920048183,0.020809748795098334,0.00669784904063209,3.172791860660194,5234093974.73756,4765906025.262441,35092471.44826,15502039.496874,95745.137065,47552590.787538,2258397.295519,21348407.836611,21348407.833627,1963.529727,400857.68338500004,298500.01249987504,200428.841696,444715.3943085528,353358.47122249973,False,True
360,2,1,1,NORMAL,0.021281881072134412,0.020840208942003887,0.006723601517010696,3.165250203821762,5228831282.045106,4771168717.954895,35191962.188722,15547153.290997,96251.305834,47664590.787538,2286839.695519,21408597.436611,21408597.433627,1963.529727,401264.0,300000.0,200632.0,444916.43112595833,354030.47122249973,False,True
361,2,1,1,NORMAL,0.02131291201184841,0.02087070591425192,0.0067494156754206325,3.1577418011849097,5223567038.805627,4776432961.194374,35291555.819165,15592318.40851,96758.907066,47776787.14051,2315424.306333,21468847.984106,21468847.981118,1767.176755,401670.31661399995,301499.987500125,200835.158309,445117.4619629602,354705.83119449974,False,True
362,2,1,1,NORMAL,0.021343989957258707,0.020901240368639457,0.006775303556965403,3.1502632727526803,5218319660.024796,4781680339.975205,35391252.338067,15637534.857119,97267.942241,47888787.14051,2344151.120851,21529159.476046,21529159.473054,1767.176755,402076.612912,302999.9000039998,201038.306458,445317.69874422357,355384.55097049975,False,True
363,2,1,1,NORMAL,0.021375090880372084,0.020931811369396404,0.006801241405506262,3.1428219652763514,5213079916.220813,4786920083.779188,35491051.738928,15682802.642402,97778.412839,48000787.14051,2373020.124854,21589531.906337,21589531.903341,1767.176755,402482.8685840001,304499.6625303722,201241.43429400004,445519.0496693396,356066.6302144998,False,True
364,2,1,1,NORMAL,0.021406217524733404,0.020962418218127825,0.0068272412052479,3.135412516007062,5207847791.494873,4792152208.505128,35590954.010273,15728121.767805,98290.320339,48112787.14051,2402031.297016,21649965.265844,21649965.262838,1767.176755,402889.063328,305999.2001279793,201444.531669,445720.22790344944,356752.06842249975,False,True
365,2,1,1,NORMAL,0.021437371222916172,0.02099306034746901,0.006853303046594836,3.1280349164725236,5202623270.314763,4797376729.685238,35690959.135654,15773492.234647,98803.666221,48224787.14051,2431184.608912,21710459.542379,21710459.539363,1767.176755,403295.17685200006,307498.4378905262,201647.588431,445921.29064176686,357440.86492299975,False,True
366,2,1,1,NORMAL,0.021468552516851043,0.021023737261622693,0.006879427018649692,3.1206890426559006,5197406337.318833,4802593662.681168,35791067.093659,15818914.042112,99318.451963,48336787.14051,2460480.02502,21771014.720717,21771014.717693,1767.176755,403701.188884,308997.30097164604,201850.594446,446122.26551487896,358133.01887699973,False,True
367,2,1,1,NORMAL,0.02149976150462825,0.021054448503106924,0.0069056132094578735,3.113374707286291,5192196977.2068205,4807803022.79318,35891277.857909,15864387.187262,99834.679045,48448787.14051,2489917.502727,21831630.782598,21831630.779566,1767.176755,404107.079168,310495.7145998338,202053.53958799999,446323.1636165752,358828.5292774997,False,True
368,2,1,1,NORMAL,0.02153099803479655,0.021085193634183676,0.006931861706146198,3.106091689005552,5186986967.085891,4813013032.91411,35991591.397068,15909911.665031,100352.348944,48560963.858185,2519496.99234,21892307.706728,21892307.703684,1590.45908,404512.827474,311993.6040933491,202256.41374300004,446523.98677999346,359527.3949504997,False,True
369,2,1,1,NORMAL,0.021562276602664777,0.021115973180537297,0.006958183605216751,3.0988369703982688,5181792710.372471,4818207289.62753,36092007.67485,15955487.468232,100871.463138,48672963.858185,2549218.437097,21953045.468777,21953045.465722,1590.45908,404918.413601,313490.8948750801,202459.206806,446724.02477936656,360229.6145544997,False,True
370,2,1,1,NORMAL,0.021593575669806273,0.0211467862443611,0.006984557019731586,3.091617064447146,5176605982.536719,4823394017.463282,36192526.650026,16001114.587559,101392.023105,48784963.858185,2579081.773177,22013844.041393,22013844.038325,1590.45908,405323.8173789999,314987.512487364,202661.90869599997,446924.990874893,360935.1865819997,False,True
371,2,1,1,NORMAL,0.02162489758692426,0.021177632137429694,0.00701099299403295,3.084427213852473,5171426767.257211,4828573232.74279,36293148.276434,16046793.011588,101914.03032,48896963.858185,2609086.929711,22074703.394206,22074703.391123,1590.45908,405729.018679,316483.38260675623,202864.509347,447125.731986714,361644.1093584997,False,True
372,2,1,1,NORMAL,0.02165624347663051,0.02120851028834588,0.007037491613226373,3.077267393957447,5166255048.527651,4833744951.47235,36393872.502987,16092522.726784,102437.48626,49008963.858185,2639233.828799,22135623.493825,22135623.49073,1590.45908,406133.997402,317978.43105874304,203066.998707,447326.2968808639,362356.3810434997,False,True
373,2,1,1,NORMAL,0.021687613768288625,0.021239420190277667,0.007064052961164538,3.070137481629715,5161090810.488528,4838909189.511473,36494699.273683,16138303.717505,102962.392399,49120963.858185,2669522.385523,22196604.30386,22196604.300752,1590.45908,406538.733505,319472.58383239125,203269.366759,447526.70877314557,363071.9996309997,False,True
374,2,1,1,NORMAL,0.02171900849911204,0.02127036137149279,0.007090677120667832,3.0630372994711186,5155934037.332674,4844065962.667327,36595628.52762,16184135.966002,103488.750212,49232963.858185,2699952.507966,22257645.784917,22257645.781797,1590.45908,406943.2069879999,320965.7670949287,203471.6035,447726.97648375557,363790.9629489997,False,True
375,2,1,1,NORMAL,0.021750427484399124,0.02130133337877707,0.007117364173648608,3.0559666407022,5150777400.940656,4849222599.059345,36696660.199007,16230019.452431,104016.561171,49345122.904093,2730524.09723,22318747.894608,22318747.89148,1431.413172,407347.39790200006,322457.9072062497,203673.69895499997,447927.1007107576,364513.2686609997,False,True
376,2,1,1,NORMAL,0.02178188367380268,0.021332336623617436,0.00714412434333754,3.0489228108292945,5145635513.228956,4854364486.771045,36797794.217173,16275954.154853,104545.826749,49457122.904093,2761237.047451,22379910.587571,22379910.584429,1431.413172,407751.28635400004,323948.9307333394,203875.643184,448126.4413897661,365238.91426549974,False,True
377,2,1,1,NORMAL,0.021813357765619514,0.02136337024568209,0.007170937469575329,3.041911585224202,5140501044.652251,4859498955.34775,36899030.506591,16321940.049243,105076.548416,49569122.904093,2792091.245828,22441133.815458,22441133.812303,1431.413172,408154.852515,325438.76446461055,204077.426264,448326.53670776426,365967.89709749975,False,True
378,2,1,1,NORMAL,0.021844851767016414,0.021394433569639146,0.007197813727784007,3.034928742695012,5135373978.504377,4864626021.495624,37000368.986886,16367977.109496,105608.727643,49681122.904093,2823086.572641,22502417.526959,22502417.523794,1431.413172,408558.07661799993,326927.335424148,204279.03831399998,448526.35352616163,366700.21432849974,False,True
379,2,1,1,NORMAL,0.02187636661765751,0.02142552602435001,0.007224753197752212,3.027974246160236,5130254298.35102,4869745701.648981,37101809.572853,16414065.307434,106142.365898,49793122.904093,2854222.901274,22563761.66781,22563761.664635,1431.413172,408960.938958,328414.5708858536,204480.46948399997,448725.9333144859,367435.86296699976,False,True
380,2,1,1,NORMAL,0.021907902649934186,0.021456647096968345,0.007251755958068979,3.0210479746712124,5125141987.885264,4874858012.114737,37203352.174476,16460204.612808,106677.464648,49905122.904093,2885500.09824,22625166.180807,22625166.177618,1431.413172,409363.41991199995,329900.39838748676,204681.70996300003,448925.2954901608,368174.83985899977,False,True
381,2,1,1,NORMAL,0.02193945985030038,0.021487796306860738,0.007278822086320146,3.0141497607880137,5120037030.846021,4879962969.15398,37304996.696946,16506394.993312,107214.025359,50017122.904093,2916918.02321,22686631.005807,22686631.002603,1431.413172,409765.49992500007,331384.7457445952,204882.74996999998,449124.44695072225,368917.1416889998,False,True
382,2,1,1,NORMAL,0.021971038008212387,0.021518973190818913,0.007305951659200209,3.0072794117854293,5114932895.971961,4885067104.02804,37406743.040676,16552636.414592,107752.049496,50129266.04541,2948476.529038,22748156.079746,22748156.076529,1288.271855,410167.15952100005,332867.54106432886,205083.57976699996,449323.3874811898,369662.76498049975,False,True
383,2,1,1,NORMAL,0.022002648687611523,0.021550178061579727,0.007333154092963219,3.000434520900757,5109842599.726716,4890157400.273285,37508591.101329,16598928.840248,108291.538521,50241266.04541,2980175.461794,22809741.33665,22809741.333423,1288.271855,410568.37930999993,334348.7127591333,205284.18965999997,449521.54026742326,370411.70609699975,False,True
384,2,1,1,NORMAL,0.022034274596673512,0.02158141009610191,0.007360410822017195,2.9936202108124714,5104759609.610177,4895240390.389824,37610540.769833,16645272.231842,108832.493897,50353266.04541,3012014.660787,22871386.707656,22871386.704416,1288.271855,410969.139985,335828.1895603158,205484.56999899997,449720.2862831139,371163.96124149975,False,True
385,2,1,1,NORMAL,0.022065917443462344,0.021612668634641296,0.007387731218802663,2.986832735238382,5099683908.575449,4900316091.424552,37712591.9324,16691666.548919,109374.917083,50465266.04541,3043993.958601,22933092.121015,22933092.117763,1288.271855,411369.422334,337305.90053147887,205684.711173,449918.6999526341,371919.5264584998,False,True
386,2,1,1,NORMAL,0.02209757800913145,0.021643953110414855,0.007415115357830523,2.980072047806502,5094615479.811277,4905384520.188724,37814744.470559,16738111.749001,109918.809537,50577266.04541,3076113.18113,22994857.502105,22994857.498847,1288.271855,411769.207232,338781.7750818175,205884.603619,450116.8164575169,372678.39763449976,False,True
387,2,1,1,NORMAL,0.022129256543758177,0.02167526300934023,0.0074425633124676135,2.9733380308216857,5089554306.618291,4910445693.38171,37916998.261173,16784607.787606,110464.172715,50689266.04541,3108372.147608,23056682.773459,23056682.770193,1288.271855,412168.47565599997,340255.74297927256,206084.23783199998,450314.6519666334,373440.5704984998,False,True
388,2,1,1,NORMAL,0.022160952992674697,0.021706597846974714,0.0074700751551116905,2.966630526804031,5084500372.3386135,4915499627.661387,38019353.176461,16831154.618257,111011.008072,50801266.04541,3140770.670644,23118567.854769,23118567.851492,1288.271855,412567.20868099993,341727.73436353746,206283.604346,450512.2117781817,374206.0406229998,False,True
389,2,1,1,NORMAL,0.022192667126562315,0.021737957155335205,0.007497650957295317,2.959949356533935,5079447855.372287,4920552144.627714,38121809.084033,16877752.192488,111559.31706,50913394.872595,3173308.556263,23180512.662899,23180512.659613,1159.44467,412965.387489,343197.6797589112,206482.69374900003,450709.4949705321,374974.80342549976,False,True
390,2,1,1,NORMAL,0.022224409268758377,0.021769341162652833,0.007525299389868513,2.9532923698264577,5074408351.345629,4925591648.654372,38224365.846902,16924400.459865,112109.10113,51025394.872595,3205985.603939,23242517.111914,23242517.108615,1159.44467,413362.99336900003,344665.51008699543,206681.49669100007,450905.98176403204,375746.85416799976,False,True
391,2,1,1,NORMAL,0.02225616393293031,0.021800749083315897,0.007553003359171806,2.946664111555581,5069376037.585831,4930623962.41417,38327023.323523,16971099.367987,112660.361731,51137394.872595,3238801.606637,23304581.113081,23304581.10977,1159.44467,413760.007718,346131.1566792278,206880.00386499998,451102.9119884428,376522.18795849977,False,True
392,2,1,1,NORMAL,0.022287932568165237,0.02183218027588682,0.007580771495917921,2.940061256320257,5064350896.754241,4935649103.24576,38429781.36782,17017848.862501,113213.100309,51249394.872595,3271756.350852,23366704.574898,23366704.571574,1159.44467,414156.412051,347594.5512892497,207078.206032,451299.4565207157,377300.79975299974,False,True
393,2,1,1,NORMAL,0.022319715819601873,0.021863634181932955,0.00760860386943225,2.9334837511086453,5059332911.717817,4940667088.282184,38532639.829207,17064648.887115,113767.318308,51361394.872595,3304849.616648,23428887.403104,23428887.399772,1159.44467,414552.1879960001,349055.6261051018,207276.094002,451495.6451535427,378082.68435499974,False,True
394,2,1,1,NORMAL,0.022351513868516772,0.021895110290744813,0.007636500547955618,2.9269314823136545,5054322065.443205,4945677934.556796,38635598.552623,17111499.383612,114323.017171,51473394.872595,3338081.177704,23491129.500709,23491129.497365,1159.44467,414947.3173100001,350514.31376124447,207473.658661,451691.4913052023,378867.83641749976,False,True
395,2,1,1,NORMAL,0.022383326627959384,0.021926608118952206,0.007664461598801001,2.9204043023010184,5049318340.9360485,4950681659.063952,38738657.378562,17158400.291857,114880.198337,51585394.872595,3371450.801354,23553430.767995,23553430.764643,1159.44467,415341.78186399996,351970.54735039803,207670.89093599995,451886.9989668166,379656.25044349977,False,True
396,2,1,1,NORMAL,0.022415153856699555,0.021958127198806875,0.007692487088445974,2.9139020448103,5044316548.613597,4955683451.386404,38841816.143104,17205351.549816,115438.863244,51697510.817062,3404958.248634,23615791.102552,23615791.09919,1043.500203,415735.563664,353424.2604351991,207867.78183700005,452082.1666948702,380447.92078649974,False,True
397,2,1,1,NORMAL,0.02244700476828342,0.0219896676871602,0.007720584999498265,2.9074227885247264,5039327018.778496,4960672981.221505,38945074.677947,17252353.093562,115999.013326,51809510.817062,3438603.274326,23678210.399287,23678210.395914,1043.500203,416128.644843,354875.387059668,208064.32242699998,452276.52615627786,381242.84165299975,False,True
398,2,1,1,NORMAL,0.022478865498758233,0.022021228836295557,0.0077487395965620655,2.9009705667140473,5034344560.922419,4965655439.077582,39048432.810434,17299404.857303,116560.650016,51921510.817062,3472385.627008,23740688.550446,23740688.547061,1043.500203,416521.00767,356323.8617604856,208260.503841,452471.1904778414,382041.0071029997,False,True
399,2,1,1,NORMAL,0.02251073727401417,0.022052810025825792,0.0077769588254840046,2.8945424270795463,5029369157.467762,4970630842.532239,39151890.363593,17346506.77338,117123.774745,52033510.817062,3506305.049097,23803225.445637,23803225.44224,1043.500203,416912.634548,357769.6195780727,208456.31728000005,452665.4170375205,382842.4110504997,False,True
400,2,1,1,NORMAL,0.022542620623665018,0.022084410709557356,0.007805242750551787,2.8881383121711854,5024400791.017838,4975599208.982163,39255447.156174,17393658.772284,117688.388939,52145510.817062,3540361.276901,23865820.971848,23865820.968441,1043.500203,417303.50801999995,359212.5960674712,208651.75401499998,452859.2310311471,383647.0472654997,False,True
401,2,1,1,NORMAL,0.022574515672431114,0.02211603038458147,0.007833591435029744,2.881758113077466,5019439444.266253,4980560555.7337475,39359103.002674,17440860.782681,118254.494023,52257510.817062,3574554.040668,23928475.013471,23928475.010055,1043.500203,417693.610771,360652.72730902187,208846.80539000002,453052.6435726302,384454.9093744997,False,True
402,2,1,1,NORMAL,0.0226064223097301,0.02214766857330074,0.00786200494129932,2.8754016918735275,5014485099.944737,4985514900.0552635,39462857.713374,17488112.731421,118822.091419,52369510.817062,3608883.064636,23991187.452325,23991187.448896,1043.500203,418082.925631,362089.9499188358,209041.46282199997,453245.6576056299,385265.9908619997,False,True
403,2,1,1,NORMAL,0.022638340288415503,0.022179324812985565,0.007890483330944796,2.8690688946306686,5009533131.355531,4990466868.64447,39566711.094385,17535414.543545,119391.182547,52481615.167082,3643348.067086,24053958.167672,24053958.16423,939.150183,418471.43558100006,363524.20105905633,209235.71779700005,453438.2713407995,386080.2850719997,False,True
404,2,1,1,NORMAL,0.022670277830691296,0.022210999201224643,0.007919033951361353,2.862758004313654,5004592741.968314,4995407258.031687,39670662.947674,17582766.142314,119961.768822,52593615.167082,3677948.760393,24116787.036246,24116787.032789,939.150183,418859.123747,364955.4184479086,209429.561881,453630.0628548728,386897.7852089997,False,True
405,2,1,1,NORMAL,0.02270222253010092,0.02224269102889408,0.007947642320135232,2.856472601010891,4999659304.290505,5000340695.709496,39774713.071109,17630167.449216,120533.851659,52705615.167082,3712684.851085,24179673.932265,24179673.928799,939.150183,419245.973413,366383.54036953324,209622.98671099998,453822.03155953134,387718.4843389997,False,True
406,2,1,1,NORMAL,0.02273417542160942,0.022274399699391843,0.007976315751008389,2.8502100633033867,4994732800.561079,5005267199.438922,39878861.258488,17677618.383987,121107.432467,52817615.167082,3747556.039888,24242618.727475,24242618.724,939.150183,419631.968017,367808.5056836013,209815.98401299998,454013.5124027704,388542.3753914997,False,True
407,2,1,1,NORMAL,0.02276613693766272,0.022306124682506093,0.008005054303424505,2.8439703310848907,4989813213.179756,5010186786.820245,39983107.299587,17725118.864622,121682.512654,52929615.167082,3782562.02179,24305621.291155,24305621.287671,939.150183,420017.0911549999,369230.2538347093,210008.54558199996,454204.52668808826,389369.4511599997,False,True
408,2,1,1,NORMAL,0.022798107157912764,0.02233786548737104,0.008033858035870102,2.8377533006087816,4984900524.629596,5015099475.370405,40087450.980195,17772668.807396,122259.093625,53041615.167082,3817702.486093,24368681.490151,24368681.486656,939.150183,420401.32658700005,370648.7248615494,210200.66329899998,454395.08361843665,390199.7043034997,False,True
409,2,1,1,NORMAL,0.02283008595551269,0.022369621646605987,0.008062727006000078,2.8315588433693857,4979994717.4321,5020005282.567901,40191892.082155,17820268.126879,122837.17678,53153615.167082,3852977.116473,24431799.188891,24431799.185389,939.150183,420784.658233,372063.8594058541,210392.32912,454585.18532816437,391033.1273484997,False,True
410,2,1,1,NORMAL,0.022862073083418998,0.022401392707045536,0.008091661270712668,2.8253868171875953,4975091666.225458,5024908333.774543,40296430.383399,17867916.735953,123416.763518,53265709.0821,3888385.591032,24494974.249426,24494974.245914,845.235165,421167.0701779999,373475.59872111276,210583.535094,454774.82982789597,391869.7126894997,False,True
411,2,1,1,NORMAL,0.022894075879113827,0.022433178718146717,0.008120667591367777,2.8192356874021165,4970199570.969402,5029800429.030599,40401065.658001,17915614.54583,123997.855233,53377709.0821,3923927.582367,24558206.531436,24558206.527912,845.235165,421548.5466780001,374883.8846810576,210774.273345,454963.63707982085,392709.4525909997,False,True
412,2,1,1,NORMAL,0.02292608324591046,0.022464979010260507,0.008149732641078964,2.813108632588862,4965314305.623435,5034685694.376566,40505797.676206,17963361.46607,124580.453317,53489709.0821,3959602.757619,24621495.892272,24621495.888731,845.235165,421929.072159,376288.65978791734,210964.53608799996,455152.50444844994,393552.3391884997,False,True
413,2,1,1,NORMAL,0.022958096056172796,0.02249679301322259,0.008178863150412592,2.807003324785383,4960435852.300217,5039564147.699784,40610626.20448,18011157.404598,125164.559158,53601709.0821,3995410.778542,24684842.186965,24684842.18341,845.235165,422308.631218,377689.86718043697,211154.31561599998,455340.8364513318,394398.3644904997,False,True
414,2,1,1,NORMAL,0.022990114661786323,0.022528620216355735,0.008208059174209194,2.8009197026776196,4955564193.256856,5044435806.743145,40715551.005549,18059002.267724,125750.174141,53713709.0821,4031351.301559,24748245.268268,24748245.264701,845.235165,422687.208628,379087.45064166095,211343.60431999998,455528.65111036703,395247.5203794997,False,True
415,2,1,1,NORMAL,0.023022139107500245,0.022560460144816673,0.008237320766420793,2.794857667962786,4950699310.8288145,5049300689.171186,40820571.838446,18106895.960153,126337.299647,53825709.0821,4067423.977824,24811704.986675,24811704.983097,845.235165,423064.789333,380481.3546064804,211532.39467199997,455715.956067271,396099.79861349973,False,True
416,2,1,1,NORMAL,0.023054169257396086,0.022592312345628248,0.008266647980221906,2.7888171012668708,4945841187.391377,5054158812.6086235,40925688.458549,18154838.385016,126925.937054,53937709.0821,4103628.453285,24875221.190453,24875221.186862,845.235165,423441.358465,381871.52416893985,211720.67923900002,455902.75285322627,396955.1908274997,False,True
417,2,1,1,NORMAL,0.023086204869535273,0.022624176379428703,0.008296040868078954,2.7827978714961605,4940986144.124223,5059013855.875778,41030900.617627,18202829.443878,127516.087735,54049793.605616,4139964.368746,24938793.725663,24938793.722058,760.711649,423816.90132799995,383257.90508930513,211908.45067099997,456089.0394172866,397813.6885344997,False,True
418,2,1,1,NORMAL,0.0231182524927369,0.02265605225770665,0.008325505650892549,2.776798606852002,4936141487.287155,5063858512.712846,41136208.063888,18250869.036767,128107.753062,54161793.605616,4176431.359939,25002422.43618,25002422.432568,760.711649,424191.403413,384640.44380089024,212095.70171000002,456274.47352314775,398675.28312849975,False,True
419,2,1,1,NORMAL,0.023150302207207495,0.022687939351222836,0.00835503006715634,2.77082213003774,4931303537.484274,5068696462.515727,41241610.542022,18298957.062181,128700.934401,54273793.605616,4213029.057575,25066107.163748,25066107.160124,760.711649,424564.85039599997,386019.08741664106,212282.42520399997,456459.8609719132,399539.9658839998,False,True
420,2,1,1,NORMAL,0.02318235474826956,0.02271983711877424,0.008384620309610551,2.7648663734597103,4926472276.759633,5073527723.240368,41347107.793245,18347093.417116,129295.633115,54385793.605616,4249757.08742,25129847.747976,25129847.74434,760.711649,424937.228134,387393.78373547725,212468.61407299998,456644.6686729293,400407.72795899975,False,True
421,2,1,1,NORMAL,0.0232144104019551,0.022751745072527845,0.008414276428773156,2.7589312757270417,4921647687.288665,5078352312.711336,41452699.555343,18395277.997085,129891.850564,54497793.605616,4286615.070353,25193644.026389,25193644.022736,760.711649,425308.522675,388764.48124839016,212654.261346,456828.91190942813,401278.56039649976,False,True
422,2,1,1,NORMAL,0.023246469187307446,0.022783662757352337,0.00844399847434478,2.753016744133327,4916829751.321806,5083170248.678195,41558385.562728,18443510.696133,130489.588103,54609793.605616,4323602.622441,25257495.834439,25257495.83077,760.711649,425678.7202600001,390131.1291442962,212839.360138,457012.59706620895,402152.45412549976,False,True
423,2,1,1,NORMAL,0.023278530965279733,0.022815589738508942,0.008473786495305903,2.7471226680274508,4912018451.151402,5087981548.8485985,41664165.546469,18491791.406861,131088.847084,54721793.605616,4360719.354996,25321403.005544,25321403.001864,760.711649,426047.80730900005,391493.67731564667,213023.90366000004,457195.7252533556,403029.39996249974,False,True
424,2,1,1,NORMAL,0.023310595503944456,0.022847525594343495,0.008503640539982885,2.7412489267792326,4907210505.719676,5092789494.280325,41770039.234355,18540120.020441,131689.628854,54833869.67678,4397964.874647,25385365.371122,25385365.367427,684.640485,426415.7704430001,392852.07636379154,213207.88522899998,457378.2944686133,403909.38861299976,False,True
425,2,1,1,NORMAL,0.023342668649930537,0.022879470307607175,0.008533566331038737,2.735394294062888,4902412425.359643,5097587574.640358,41876006.350929,18588496.426644,132291.934758,54945869.67678,4435338.783411,25449382.760602,25449382.756895,684.640485,426782.5964759999,394206.27760409925,213391.298244,457559.99660615233,404792.41067449976,False,True
426,2,1,1,NORMAL,0.02337474154066687,0.02291142329038522,0.00856355258900197,2.729561277020318,4897620928.529394,5102379071.470607,41982066.617544,18636920.51385,132895.766135,55057869.67678,4472840.678751,25513455.001475,25513454.997754,684.640485,427148.272412,395556.2330708313,213574.13621299996,457741.5553218899,405678.45663649973,False,True
427,2,1,1,NORMAL,0.023406814796893907,0.02294338403274062,0.008593605010800174,2.723748039091505,4892835997.261648,5107164002.738353,42088219.75241,18685392.169077,133501.124321,55169869.67678,4510470.153657,25577581.919304,25577581.915569,684.640485,427512.785456,396901.89552177145,213756.39273499997,457922.4934741419,406567.51688199973,False,True
428,2,1,1,NORMAL,0.023438888651800948,0.02297535207268,0.008623723642945275,2.717954519678442,4888057613.7101145,5111942386.289886,42194465.470639,18733911.277997,134108.010647,55281869.67678,4548226.796707,25641763.337765,25641763.334018,684.640485,427876.12301000004,398243.21844261163,213938.061511,458102.8240779164,407459.58169099974,False,True
429,2,1,1,NORMAL,0.023470963106861305,0.023007326978111052,0.008653908531201826,2.7121806317037347,4883285760.101463,5116714239.898538,42300803.484292,18782477.72496,134716.426442,55393869.67678,4586110.192138,25705999.078674,25705999.074916,684.640485,428238.27266899997,399580.15605109214,214119.13634,458282.5525253569,408354.64123999974,False,True
430,2,1,1,NORMAL,0.023503038025538322,0.023039308336009586,0.008684159720678087,2.7064262728349644,4878520418.706946,5121479581.293055,42407233.502434,18831091.393009,135326.373028,55505869.67678,4624119.919916,25770288.962017,25770288.958249,684.640485,428599.22223200003,400912.6633008997,214299.61112100002,458461.67966241046,409252.6856054997,False,True
431,2,1,1,NORMAL,0.023535113189695624,0.023071295745924817,0.008714477255882489,2.700691332209151,4873758662.808654,5126241337.191347,42513755.23118,18879752.163905,135937.851724,55617938.140828,4662255.555808,25834632.805979,25834632.802201,616.176437,428958.959698,402240.6958853211,214479.479854,458640.203636938,410153.70476399973,False,True
432,2,1,1,NORMAL,0.023567193821438945,0.023103289170151538,0.00874486640033643,2.6949747134538584,4869006293.865258,5130993706.134743,42620368.373744,18928459.918147,136550.863846,55729938.140828,4700516.671449,25899030.426977,25899030.423188,616.176437,429317.473267,403564.2102406562,214658.736639,458817.847153845,411057.6885944997,False,True
433,2,1,1,NORMAL,0.0235992720081894,0.023135288062928177,0.00877531677959018,2.6892786438293705,4864260384.755811,5135739615.24419,42727072.630486,18977214.534994,137165.410703,55841938.140828,4738902.834415,25963481.639687,25963481.635886,616.176437,429674.75133999996,404883.1635493881,214837.37567600003,458995.2601813146,411964.6268804997,False,True
434,2,1,1,NORMAL,0.02363134827564187,0.023167291947619385,0.008805833633659867,2.6836014917783824,4859520917.55768,5140479082.442321,42833867.698962,19026015.892486,137781.493602,55953938.140828,4777413.608293,26027986.257074,26027986.253261,616.176437,430030.78251799993,406197.5137431138,215015.391265,459172.01575404964,412874.5093109997,False,True
435,2,1,1,NORMAL,0.023663422815673015,0.02319930039071962,0.008836417005395742,2.6779431981563935,4854787874.461065,5145212125.538936,42940753.273983,19074863.867461,138399.113845,56065938.140828,4816048.552756,26092544.090424,26092544.086601,616.176437,430385.5556160001,407507.2195052358,215192.77781299996,459348.12502228917,413787.3254824997,False,True
436,2,1,1,NORMAL,0.023695495619204986,0.023231312986105774,0.00886706693697359,2.672303681434988,4850061237.728081,5149938762.27192,43047729.047654,19123758.335583,139018.272729,56177938.140828,4854807.22363,26157154.949375,26157154.945545,616.176437,430739.059643,408812.24027341534,215369.52982499998,459523.59261509875,414703.0649004997,False,True
437,2,1,1,NORMAL,0.023727566556865632,0.023263329345509638,0.008897783469975329,2.6666828471306263,4845340989.668442,5154659010.331559,43154794.709425,19172699.171357,139638.971547,56289938.140828,4893689.172962,26221818.641955,26221818.638114,616.176437,431091.2838129999,410112.53624178935,215545.641912,459698.4192458466,415621.7169814997,False,True
438,2,1,1,NORMAL,0.023759635427778928,0.02329534909275282,0.008928566645442499,2.661080593479896,4840624519.250214,5159375480.749787,43261949.946149,19221686.248153,140261.211587,56401999.758471,4932693.949104,26286534.974597,26286534.970744,554.558794,431442.21755599993,411408.0683629523,215721.10878399998,459872.6032922686,416543.27105449967,False,True
439,2,1,1,NORMAL,0.02379170689890196,0.02332737217702051,0.008959421303935728,2.655495940173128,4835916996.562753,5164083003.437248,43369194.442124,19270719.438229,140884.994133,56513999.758471,4971821.096774,26351303.75218,26351303.748315,554.558794,431791.85049399995,412698.79834970424,215895.925253,460045.8952806109,417467.7163624997,False,True
440,2,1,1,NORMAL,0.023823773911269608,0.02335939809535916,0.008990337904899942,2.649930866145209,4831215810.242855,5168784189.757146,43476527.879148,19319798.612752,141510.320464,56625999.758471,5011070.157134,26416124.77806,26416124.774181,554.558794,432140.172466,413984.68867656746,216070.08624000003,460218.87907855713,418395.0420649997,False,True
441,2,1,1,NORMAL,0.02385583691265671,0.023391426406152552,0.009021321267446368,2.6443839217588905,4826520942.466467,5173479057.533534,43583949.936567,19368923.641817,142137.191855,56737999.758471,5050440.66786,26480997.854096,26480997.850205,554.558794,432487.173512,415265.7025810729,216243.58676200002,460391.172719108,419325.2372384997,False,True
442,2,1,1,NORMAL,0.023887896063578436,0.023423456706631644,0.009052371431128945,2.6388550497865855,4821832375.515995,5178167624.484006,43691460.291329,19418094.394472,142765.609576,56849999.758471,5089932.163217,26545922.780687,26545922.776784,554.558794,432832.84388400003,416541.8040648183,216416.42194799997,460562.7858360087,420258.2908794997,False,True
443,2,1,1,NORMAL,0.023919951350366137,0.023455488619130646,0.00908348843490188,2.6333441740793626,4817150091.745452,5182849908.254549,43799058.618035,19467310.738732,143395.574892,56961999.758471,5129544.174126,26610899.356797,26610899.352887,554.558794,433177.174031,417812.9578943005,216588.587019,460733.7224892944,421194.19190499966,False,True
444,2,1,1,NORMAL,0.02395200265480126,0.0234875217827223,0.00911467231719051,2.6278512075115583,4812474073.559659,5187525926.440342,43906744.588984,19516572.541612,144027.089064,57073999.758471,5169276.228243,26675927.379997,26675927.376078,554.558794,433520.154625,419079.1296015233,216760.07731700002,460903.98336785194,422132.92915499967,False,True
445,2,1,1,NORMAL,0.02398404979598221,0.02351955584809391,0.009145923115938915,2.6223760567355288,4807801991.203586,5192198008.796415,44014517.874226,19565879.66914,144660.153348,57186055.21435,5209127.850026,26741006.646483,26741006.642556,499.102915,433861.77653,420340.2854843837,216930.888269,461073.5671442527,423074.49139399966,False,True
446,2,1,1,NORMAL,0.024016096948089403,0.023551590757771038,0.009177245282219162,2.616917845120735,4803138452.40117,5196861547.598831,44122378.141617,19615231.986383,145294.768995,57298055.21435,5249098.560813,26806136.951115,26806136.947177,499.102915,434202.0308270001,421596.3926068389,217101.01541899997,461242.24946499686,424018.8673129997,False,True
447,2,1,1,NORMAL,0.024048137818837922,0.02358362605203342,0.00920863004370705,2.61147833116304,4798481127.129511,5201518872.87049,44230325.056866,19664629.357466,145930.93725,57410055.21435,5289187.878892,26871318.08744,26871318.083495,499.102915,434540.908801,422847.41879885463,217270.454404,461410.55491185037,424966.04553099966,False,True
448,2,1,1,NORMAL,0.02408017279306788,0.023615661325648546,0.009240081831917,2.6060562266765195,4793829997.71435,5206170002.285651,44338358.283586,19714071.645593,146568.659356,57522055.21435,5329395.31957,26936549.847742,26936549.843783,499.102915,434878.40194599994,424093.33265614056,217439.20098,461578.1418652129,425916.0145959997,False,True
449,2,1,1,NORMAL,0.02411220200831735,0.023647696208401372,0.009271600683490578,2.6006514766379665,4789185046.5829115,5210814953.417089,44446477.483346,19763558.713073,147207.936549,57634055.21435,5369720.395254,27001832.023048,27001832.019072,499.102915,435214.50196300005,425334.1035396719,217607.25099,461745.018742215,426868.76298749965,False,True
450,2,1,1,NORMAL,0.024144225451486638,0.023679730353116553,0.00930318663454293,2.595264010058512,4784546256.234261,5215453743.76574,44554682.315723,19813090.421337,147848.770061,57746055.21435,5410162.615519,27067164.403166,27067164.399185,499.102915,435549.200761,426569.70157500234,217774.60038299998,461911.1891936796,427824.27911899966,False,True
451,2,1,1,NORMAL,0.024176243018679357,0.023711763428314155,0.009334839720725487,2.5898937466491843,4779913609.221511,5220086390.77849,44662972.438344,19862666.630962,148491.161118,57858055.21435,5450721.487173,27132546.776743,27132546.772749,499.102915,435882.4904489999,427800.097651369,217941.245231,462076.6539743454,428782.55133749964,False,True
452,2,1,1,NORMAL,0.024208254551179757,0.023743795113660322,0.009366559977271382,2.584540600809987,4775285026.435664,5224714973.564337,44771347.506949,19912287.20169,149135.110942,57970105.124641,5491396.514342,27197978.931257,27197978.927249,449.192624,436214.363352,429025.26342059387,218107.18168300003,462241.412099328,429743.56792699965,False,True
453,2,1,1,NORMAL,0.02424026378580672,0.023775825350572995,0.00939835149671367,2.579203788481718,4770664614.669949,5229335385.330052,44879807.175436,19961951.992454,149780.62075,58082105.124641,5532187.198538,27263460.653067,27263460.649045,449.192624,436544.811998,430245.17129578354,218272.406006,462405.26189756684,430707.31711049966,False,True
454,2,1,1,NORMAL,0.02427226511905837,0.023807853722733342,0.009430206214364212,2.5738848724311607,4766050294.603377,5233949705.396624,44988351.095908,20011660.861395,150427.691754,58194105.124641,5573093.038726,27328991.727443,27328991.723409,449.192624,436873.829116,431459.7944498303,218436.914564,462568.6747728541,431673.78704949963,False,True
455,2,1,1,NORMAL,0.024304258885279293,0.023839879862252437,0.009462128204939326,2.56858270770335,4761442048.75936,5238557951.240641,45096978.918726,20061413.665887,151076.32516,58306105.124641,5614113.531401,27394571.938599,27394571.934554,449.192624,437201.407651,432669.10681371787,218600.70383100002,462731.3452855177,432642.9658484996,False,True
456,2,1,1,NORMAL,0.02433624520642821,0.023871903432844423,0.00949411750256202,2.5632972416721187,4756839859.758963,5243160140.241038,45205690.292561,20111210.262554,151726.522171,58418105.124641,5655248.170657,27460201.069719,27460201.065662,449.192624,437527.54073999997,433873.0830746339,218763.77037600003,462893.2808812085,433614.84155449964,False,True
457,2,1,1,NORMAL,0.0243682240743108,0.023903924119390643,0.009526174140900796,2.558028408244754,4752243710.295692,5247756289.7043085,45314484.864442,20161050.507297,152378.283983,58530105.124641,5696496.448262,27525878.902986,27525878.89892,449.192624,437852.22173499997,435071.6986738939,218926.11087199996,463054.4849392228,434589.40215949964,False,True
458,2,1,1,NORMAL,0.024400195401640064,0.02393594162147125,0.009558298153227222,2.5527761334167725,4747653583.120216,5252346416.879785,45423362.279805,20210934.255308,153031.611787,58642105.124641,5737857.853724,27591605.219622,27591605.215544,449.192624,438175.444184,436264.9298046777,219087.72209799997,463214.95835287834,435566.63560199965,False,True
459,2,1,1,NORMAL,0.024432159053500477,0.02396795564934411,0.00959048957245562,2.547540338677902,4743067622.500992,5256932377.499009,45532322.182546,20260861.361099,153686.50677,58754150.043903,5779331.874367,27657379.799905,27657379.795816,404.273362,438497.201841,437452.7534095839,219248.600926,463374.7005097195,436546.52976949967,False,True
460,2,1,1,NORMAL,0.02446411837893452,0.023999966148027366,0.009622752161184365,2.5423203226220767,4738489488.996845,5261510511.003156,45641364.215065,20310831.678517,154342.970113,58866150.043903,5820917.995397,27723202.423213,27723202.419111,404.273362,438817.488663,438635.1471780029,219408.74433800002,463533.53021781036,437529.07249899965,False,True
461,2,1,1,NORMAL,0.02449606839298194,0.02403197274447605,0.009655078506465051,2.537117474143721,4733917326.713363,5266082673.286638,45750488.018324,20360845.060767,155001.002992,58978150.043903,5862615.699979,27789072.868044,27789072.863929,404.273362,439136.298813,439812.08954331453,219568.149413,463691.87118462304,438514.2515794996,False,True
462,2,1,1,NORMAL,0.024528009390247418,0.024063975108719365,0.009687472354681405,2.531930775357973,4729351118.415818,5270648881.584183,45859693.231883,20410901.360438,155660.606578,59090150.043903,5904424.469301,27854990.91205,27854990.907921,404.273362,439453.62664200005,440983.55967991124,219726.81332800005,463849.4504075711,439502.0547529996,False,True
463,2,1,1,NORMAL,0.02455994148304913,0.024095972939321288,0.009719933737836776,2.5267601760950975,4724790846.964142,5275209153.035859,45968979.493966,20461000.429516,156321.782038,59202150.043903,5946343.782652,27920956.33206,27920956.327927,404.273362,439769.466718,442149.5375000521,219884.73336100002,464006.27456912125,440492.4697169996,False,True
464,2,1,1,NORMAL,0.02459186467145707,0.02412796595429779,0.009752462687549037,2.521605614841622,4720236495.291493,5279763504.708508,46078346.441491,20511142.119406,156984.530531,59314150.043903,5988373.117475,27986968.904134,27986968.899993,404.273362,440083.813786,443310.00365054933,220041.90689699998,464162.34688434185,441485.4841249996,False,True
465,2,1,1,NORMAL,0.024623778886815884,0.024159953885427993,0.009785059235105068,2.516467023365085,4715688046.391151,5284311953.60885,46187793.710132,20561326.280958,157648.853213,59426150.043903,6030511.949455,28053028.403568,28053028.399411,404.273362,440396.662812,444464.9395092924,220198.33141400001,464317.6684379248,442481.0855889996,False,True
466,2,1,1,NORMAL,0.02465568401885565,0.024191936474681392,0.00981772341149616,2.511344329581014,4711143843.632457,5288856156.367544,46297320.934367,20611552.764484,158314.751233,59538190.471239,6072759.752583,28119134.604916,28119134.60075,363.846026,440708.00894299994,445614.32718161144,220354.00447599997,464472.2390141459,443479.2616814996,False,True
467,2,1,1,NORMAL,0.024687583072996268,0.024223913674572675,0.00985045867581399,2.506236905862276,4706607150.03759,5293392849.962411,46406927.747517,20661821.419777,158982.225737,59650190.471239,6115115.999217,28185287.282054,28185287.277877,363.846026,441017.847533,446758.14949648554,220508.923772,464625.89590391575,444479.9999359996,False,True
468,2,1,1,NORMAL,0.02471947161940777,0.024255885154884617,0.009883258215300695,2.5011459865673142,4702076308.856014,5297923691.143987,46516613.781802,20712132.096134,159651.277864,59762190.471239,6157580.160157,28251486.20818,28251486.203993,363.846026,441326.174122,447896.3900025973,220663.08706600004,464779.02003404486,445483.2878494996,False,True
469,2,1,1,NORMAL,0.02475134992217515,0.024287850623742075,0.009916125474307308,2.496070666542686,4697551303.135027,5302448696.864974,46626378.668384,20762484.642375,160321.908748,59874190.471239,6200151.70471,28317731.155856,28317731.151657,363.846026,441632.98444599996,449029.03296423855,220816.49222900002,464931.3674762236,446489.1128829996,False,True
470,2,1,1,NORMAL,0.024783218088957226,0.024319809815046278,0.009949060483112218,2.4910108980666945,4693032116.014211,5306967883.98579,46736222.037413,20812878.906867,160994.119518,59986190.471239,6242830.100761,28384021.897029,28384021.892821,363.846026,441938.27443899994,450156.06335707055,220969.13722399998,465082.9443250597,447497.4624644996,False,True
471,2,1,1,NORMAL,0.024815076130492,0.024351762480558908,0.009982063271679975,2.4859666238436535,4688518730.707189,5311481269.292812,46846143.51808,20863314.737538,161667.911297,60098190.471239,6285614.814836,28450358.203068,28450358.198852,363.846026,442242.04021999997,451277.4668637421,221121.02011399998,465233.75371864234,448508.3239899996,False,True
472,2,1,1,NORMAL,0.02484692399799679,0.02438370838490974,0.010015133869706736,2.4809377808870328,4684011130.490396,5315988869.509605,46956142.73866,20913791.981897,162343.285203,60210190.471239,6328505.31217,28516739.844791,28516739.840564,363.846026,442544.2781030001,452393.2298693689,221272.13905699996,465383.79696694645,449521.6848244996,False,True
473,2,1,1,NORMAL,0.02487876160666685,0.02441564730244246,0.010048272306652135,2.4759243029467535,4679507836.219832,5320492163.780169,47066219.326557,20964310.487059,163020.24235,60322226.855841,6371501.056774,28583166.592488,28583166.588248,327.461424,442844.984589,453503.33945687825,221422.49230099996,465533.07426026353,450537.5323044996,False,True
474,2,1,1,NORMAL,0.02491059165702428,0.024447579196286446,0.010081481762505113,2.470925628182095,4675011756.739182,5324988243.2608185,47176372.90835,21014870.099762,163698.783844,60434226.855841,6414601.5115,28649638.215947,28649638.211702,327.461424,443144.156365,454607.78340222297,221572.078185,465681.4395753706,451555.8537389996,False,True
475,2,1,1,NORMAL,0.02494241021764328,0.024479503778309472,0.010114755977174563,2.4659428535823804,4670521412.822026,5329478587.177975,47286603.109839,21065470.666388,164378.910788,60546226.855841,6457806.138104,28716154.484501,28716154.480247,327.461424,443441.7903070001,455706.55016946665,221720.89515800006,465829.23545567004,452576.6364109996,False,True
476,2,1,1,NORMAL,0.024974217529578728,0.024511420794520393,0.010148098117263058,2.46097517396829,4666036787.833582,5333963212.166419,47396909.556096,21116112.032977,165060.624278,60658226.855841,6501114.397316,28782715.167034,28782715.162765,327.461424,443737.8834750001,456799.6289057463,221868.94174499996,465976.24403557536,453599.86757949955,False,True
477,2,1,1,NORMAL,0.025006013699663574,0.02454333001420705,0.010181508211717165,2.456022543976928,4661557865.229396,5338442134.770605,47507291.871502,21166794.045252,165743.925406,60770226.855841,6544525.748902,28849320.032009,28849320.02773,327.461424,444032.43311200006,457887.00943611324,222016.21656099998,466122.47096149065,454625.53448049957,False,True
478,2,1,1,NORMAL,0.02503779875133351,0.02457523122305392,0.010214986289235674,2.4510849101890413,4657084628.539847,5342915371.460154,47617749.679797,21217516.548636,166428.815257,60882226.855841,6588039.651727,28915968.847512,28915968.843224,327.461424,444325.4366470001,458968.6822582588,222162.71832799996,466267.919358803,455653.62432849954,False,True
479,2,1,1,NORMAL,0.02506957265632374,0.024607124218748746,0.010248532378309479,2.446162214346151,4652617061.360486,5347382938.639515,47728282.604118,21268279.388272,167115.294912,60994226.855841,6631655.563815,28982661.381269,28982661.376974,327.461424,444616.891683,460044.63853712566,222308.44584499998,466412.5907892379,456684.1243184995,False,True
480,2,1,1,NORMAL,0.025101335355258922,0.024639008808201017,0.010282146507251832,2.4412543954275847,4648153842.78839,5351846157.211611,47838890.267048,21319082.409037,167803.365446,61106259.601983,6675372.942415,29049397.40068,29049397.396371,294.715282,444906.7960080001,461114.87009941053,222453.398011,466556.48584731267,457717.02162699954,False,True
481,2,1,1,NORMAL,0.025133089278738027,0.024670884967590505,0.010315831599475725,2.43636095029075,4643697566.094433,5356302433.905568,47949572.290661,21369925.455571,168493.027928,61218259.601983,6719191.244068,29116176.672827,29116176.668506,294.715282,445195.14758800005,462179.3694279612,222597.57379999998,466699.4735626674,458752.30341399956,False,True
482,2,1,1,NORMAL,0.02516483094203005,0.02470275244981241,0.010349581903754982,2.43148285370831,4639246910.325753,5360753089.674248,48060328.296562,21420808.372283,169184.283422,61330259.601983,6763109.924661,29182998.964519,29182998.960186,294.715282,445481.94455799996,463238.1296560702,222740.972285,466841.86204843945,459789.9568239996,False,True
483,2,1,1,NORMAL,0.025196560569346816,0.02473461103816947,0.010383400331357784,2.426619389146868,4634801859.1969795,5365198140.803021,48171157.905927,21471731.003378,169877.132987,61442259.601983,6807128.439491,29249864.042311,29249864.037969,294.715282,445767.18523500004,464291.1445616723,222883.59262199997,466983.4567867313,460829.9689874996,False,True
484,2,1,1,NORMAL,0.025228278270028125,0.024766460536999064,0.010417286910279978,2.421770513504085,4630362396.511448,5369637603.488553,48282060.739554,21522693.19287,170571.577677,61554259.601983,6851246.243327,29316771.672532,29316771.668184,294.715282,446050.868108,465338.4085614441,223025.43405699998,467124.26308871177,461872.3270224996,False,True
485,2,1,1,NORMAL,0.025259984081371364,0.024798300765668246,0.010451241668331123,2.416936176867196,4625928506.14797,5374071493.852031,48393036.417894,21573694.784605,171267.618539,61666259.601983,6895462.790467,29383721.621313,29383721.616957,294.715282,446332.9918339999,466379.91670481465,223166.49592099997,467264.28412106045,462917.01803549955,False,True
486,2,1,1,NORMAL,0.025291677995936374,0.024830131554717805,0.010485264633173407,2.4121163252206586,4621500172.052542,5378499827.947459,48504084.561102,21624735.622275,171965.256615,61778259.601983,6939777.5348,29450713.654605,29450713.650241,294.715282,446613.555242,467415.66466788726,223306.777625,467403.521707439,463964.0291239995,False,True
487,2,1,1,NORMAL,0.02532335997920545,0.024861952743394426,0.01051935583234666,2.4073109021882293,4617076214.425276,5382923785.574725,48615204.789072,21675815.549436,172664.492942,61890289.073511,6984189.929862,29517747.538212,29517747.533838,265.243754,446892.5573280001,468445.648747277,223446.27866900002,467541.97683886974,465013.3473769995,False,True
488,2,1,1,NORMAL,0.025355032222601857,0.02489376432269813,0.010553517953472069,2.4025194569608086,4612658945.339726,5387341054.6602745,48726396.721486,21726934.409527,173365.328551,62002289.073511,7028699.428901,29584823.037807,29584823.033424,265.243754,447169.99725899997,469469.8658538675,223584.99863400002,467679.5321172737,466064.9598759995,False,True
489,2,1,1,NORMAL,0.02538669164193765,0.024925566085229715,0.01058774571382148,2.3977428555728624,4608247184.974111,5391752815.02589,48837659.977841,21778092.045886,174067.764468,62114289.073511,7073305.484924,29651939.918968,29651939.914576,265.243754,447445.87435900007,470488.31350649125,223722.93718399998,467816.4647638459,467118.8536979995,False,True
490,2,1,1,NORMAL,0.025418338449637784,0.0249573578506754,0.01062204179001175,2.3929804600787272,4603840917.419608,5396159082.580393,48948994.177499,21829288.301768,174771.801714,62226289.073511,7118007.550763,29719097.947194,29719097.942792,265.243754,447720.18812,471500.9898255352,223860.09406499998,467952.6011790598,468175.0159149995,False,True
491,2,1,1,NORMAL,0.025449972759701987,0.024989139457709374,0.010656406209453628,2.3882322294663023,4599440126.854624,5400559873.145377,49060398.939727,21880523.02036,175477.441303,62338289.073511,7162805.079127,29786296.887935,29786296.883518,265.243754,447992.938195,472507.8935264765,223996.469105,468087.9464290501,469233.4335959995,False,True
492,2,1,1,NORMAL,0.025481594623854225,0.02502091075875098,0.010690838999432897,2.383498116958446,4595044797.533469,5404955202.466532,49171873.883734,21931796.0448,176184.684245,62450289.073511,7207697.522664,29853536.506598,29853536.502175,265.243754,448264.12439400004,473509.02391335176,224132.06220000004,468222.5037533217,470294.0938094995,False,True
493,2,1,1,NORMAL,0.025513204055541135,0.02505267161660841,0.01072534018714124,2.378778072338374,4590654913.779308,5409345086.220693,49283418.6287,21983107.218192,176893.531544,62562289.073511,7252684.334001,29920816.568612,29920816.564176,265.243754,448533.746689,474504.38087216206,224266.873351,468356.2752367927,471356.9836224995,False,True
494,2,1,1,NORMAL,0.025544801044303966,0.025084421902266188,0.010759909799703064,2.3740720433371023,4586269421.632365,5413730578.367636,49395032.793829,22034456.383626,177603.984199,62674315.597886,7297764.965817,29988136.839401,29988136.834954,238.719379,448801.80519899994,475493.96486421867,224400.902605,468489.26225529634,472422.09010349953,False,True
495,2,1,1,NORMAL,0.025576387569490253,0.02511616162273226,0.010794550308115642,2.369379625778502,4581890382.579422,5418109617.420579,49506715.998383,22085843.384186,178316.043202,62786315.597886,7342938.870887,30055497.084441,30055497.079982,238.719379,449068.30020799994,476477.77691943164,224534.15011,468621.3596446952,473489.4003234995,False,True
496,2,1,1,NORMAL,0.025607960905737765,0.025147890608732616,0.010829256860959379,2.3647015889019296,4577516742.662825,5422483257.337176,49618467.861712,22137268.062977,179029.709541,62898315.597886,7388205.502136,30122897.069272,30122897.0648,238.719379,449333.2321470001,477455.818629545,224666.61607999998,468752.81690308504,474558.90135699953,False,True
497,2,1,1,NORMAL,0.02563952125761963,0.025179608715112423,0.010864031919273329,2.360037364409235,4573148486.373066,5426851513.626935,49730288.003297,22188730.26313,179744.984198,63010315.597886,7433564.312691,30190336.559523,30190336.555036,238.719379,449596.60159700003,478428.09214132174,224798.300806,468883.4791658788,475630.58028299955,False,True
498,2,1,1,NORMAL,0.02567106874525713,0.02521131581383144,0.010898875510232449,2.355386913187122,4568785598.286426,5431214401.713575,49842176.042788,22240229.827826,180461.868149,63122315.597886,7479014.755939,30257815.320922,30257815.316427,238.719379,449858.40928600007,479394.6001496824,224929.204647,469013.351322453,476704.42418699956,False,True
499,2,1,1,NORMAL,0.025702603435511222,0.02524301178942369,0.010933787660941642,2.3507501912925988,4564428063.055373,5435571936.944628,49954131.600032,22291766.600307,181180.362366,63234315.597886,7524556.285569,30325333.119342,30325333.11484,238.719379,450118.65609299997,480355.3458907989,225059.32805,469142.4367038062,477780.4201614996,False,True
500,3,1,1,NORMAL,0.025734125361764955,0.02527469653602635,0.010968768398467062,2.346127151828771,4560075865.402431,5439924134.59757,50066154.295118,22343340.42389,181900.467814,63346315.597886,7570188.35563,30392889.720806,30392889.716292,238.719379,450377.34303800005,481310.3331351491,225188.67152499998,469270.73765852343,478858.5553074996,False,True
501,3,1,1,NORMAL,0.025939404080264305,0.025317580893719126,0.011004812744326421,2.3570963616475415,4555507316.327852,5444492683.672149,50182780.998676,22396895.985471,182622.250713,63464821.038392,7615910.420578,30463262.706608,30463262.702083,214.847442,469153.2386270001,482259.5661805325,234576.619319,469398.2559176999,479938.8167354996,False,True
502,3,1,1,NORMAL,0.026086884330415217,0.025367213373505972,0.011041466870152214,2.3626285019189295,4550965024.213234,5449034975.786767,50299483.10997,22450492.462923,183345.712148,63583315.287381,7661721.935325,30533679.462505,30533679.457968,214.847442,469445.03925399994,483203.0498450533,234722.519633,472668.58027531434,481021.1915669996,False,True
503,3,1,1,NORMAL,0.026195696832139518,0.02542066391922427,0.011078147146381312,2.3646279911254267,4546441118.8951435,5453558881.104857,50416260.196269,22504129.677523,184070.853197,63701822.139591,7707622.355288,30604139.722019,30604139.717468,214.847442,469735.0633600001,484140.78946007014,234867.53168699998,474881.9927136637,482105.6669349996,False,True
504,3,1,1,NORMAL,0.02627886133331597,0.02547603149432696,0.01111487216127245,2.3642972183593267,4541931053.683195,5458068946.316806,50533111.825272,22557807.450704,184797.674932,63820341.5179,7753611.136442,30674643.218939,30674643.214378,214.847442,470023.312756,485072.79086311953,235011.65638300002,476388.7728630014,483192.2299864996,False,True
505,3,1,1,NORMAL,0.02634510243088724,0.02553210058700827,0.011151652670743712,2.362439291173715,4537431855.865234,5462568144.134767,50650037.56514,22611525.604067,185526.178419,63938873.345271,7799687.735356,30745189.687361,30745189.682782,214.847442,470309.789396,485999.0603908122,235154.894707,477427.1053808895,484280.8678814996,False,True
506,3,1,1,NORMAL,0.026400210390336697,0.025588107671093974,0.011188495738820815,2.3595853282345787,4532941581.063016,5467058418.936985,50767036.984538,22665283.959406,186256.364718,64057417.54476,7845851.609252,30815778.861678,30815778.857087,214.847442,470594.49539200007,486919.6048717083,235297.24770200002,478156.4280637616,485371.5677959996,False,True
507,3,1,1,NORMAL,0.02644800531934812,0.025643584938723277,0.011225406006829503,2.3560845196385087,4528458955.877166,5471541044.122835,50884109.652672,22719082.338712,186988.234883,64175974.03952,7892102.216042,30886410.476638,30886410.472035,214.847442,470877.433008,487834.43161917216,235438.71651,478682.44570867636,486464.31692249957,False,True
508,3,1,1,NORMAL,0.02649099868498882,0.025698256793321057,0.011262386528452486,2.352165646070117,4523982333.480095,5476017666.519906,51001255.139321,22772920.5642,187721.78996,64294564.237554,7938439.014377,30957084.267347,30957084.262728,193.362698,471158.60465199995,488743.54842421063,235579.30233400004,479074.8262139557,487559.1024704996,False,True
509,3,1,1,NORMAL,0.026530840046508804,0.025751971841913815,0.011299441343210745,2.3479780318918,4519512785.77704,5480487214.222961,51118473.01488,22826798.458318,188457.030991,64413145.092744,7984861.463693,31027799.96929,31027799.964657,193.362698,471438.01288399997,489646.96354829747,235719.006449,479379.2401885354,488655.9116684996,False,True
510,3,1,1,NORMAL,0.02656860754135275,0.025804658016071166,0.011336567740581364,2.343620057616332,4515049137.451081,5484950862.54892,51235762.850385,22880715.843762,189193.959011,64531738.013319,8031369.024251,31098557.318363,31098557.313713,193.362698,471715.66039499996,490544.6857161862,235857.83020599996,479625.8832304082,489754.73176399956,False,True
511,3,1,1,NORMAL,0.026605009411435565,0.025856293589965645,0.011373768624487399,2.3391551463563043,4510591145.809853,5489408854.190148,51353124.21756,22934672.543493,189932.575049,64650342.92289,8077961.157186,31169356.05088,31169356.046213,193.362698,471991.55002900003,491436.7241087148,235995.77502300002,479834.2742514441,490855.55002549954,False,True
512,3,1,1,NORMAL,0.02664050993376468,0.02590688819279139,0.011411044589277828,2.3346249964527286,4506138647.618117,5493861352.381884,51470556.688838,22988668.380753,190672.880128,64768959.745197,8124637.324542,31240195.903606,31240195.898924,193.362698,472265.68476300006,492323.088355604,236132.842389,480017.27954163624,491958.35374299955,False,True
513,3,1,1,NORMAL,0.026675413604381817,0.025956470477410128,0.011448396037408822,2.3300568496422676,4501691531.607983,5498308468.392018,51588059.837406,23042703.179074,191414.875264,64887588.404114,8171396.989321,31311076.613774,31311076.609077,193.362698,472538.067713,493203.7885282521,236269.03386400003,480183.3256191656,493063.13022899954,False,True
514,3,1,1,NORMAL,0.02670992026086958,0.026005080140859123,0.011485823245370168,2.3254685093326777,4497249720.536094,5502750279.463907,51705633.237229,23096776.762297,192158.561467,65006228.823658,8218239.615518,31381997.919104,31381997.914392,193.362698,472808.702127,494078.83513253,236404.35107099998,480337.934099944,494169.8668194995,False,True
515,3,1,1,NORMAL,0.026744161159425794,0.026052762787218263,0.01152332640690262,2.320871614242021,4492812436.453987,5507187563.546014,51823276.463089,23150888.954582,192903.939742,65124900.26426,8265164.668167,31452959.557821,31452959.553098,174.026429,473077.591387,494948.2391015761,236538.79569899998,480484.7257149483,495278.55087499955,False,True
516,3,1,1,NORMAL,0.026778224046628045,0.026099566739438248,0.011560907521793883,2.3162735275018376,4488381085.322136,5511618914.677865,51940989.09061,23205039.580428,193651.011087,65243563.977698,8312171.613376,31523961.268683,31523961.263944,174.026429,473344.73900199996,495812.011788597,236672.369509,480625.9994383916,496389.16978099954,False,True
517,3,1,1,NORMAL,0.026812163753234898,0.026145540740328356,0.011598562979988515,2.31167980029035,4483954913.376141,5516045086.62386,52058770.696298,23259228.464679,194399.776494,65362239.224714,8359259.918371,31595002.790986,31595002.786233,174.026429,473610.148614,496670.16495967336,236805.07431400006,480763.4972376148,497501.7109499995,False,True
518,3,1,1,NORMAL,0.026846017849141316,0.026190732811864677,0.011636294714275177,2.307093323805829,4479533896.229428,5520466103.770573,52176620.857567,23313455.432542,195150.236949,65480925.929946,8406429.051533,31666083.864591,31666083.859829,174.026429,473873.82398899994,497522.71078657534,236936.91199899997,480898.13359825313,498616.1618219995,False,True
519,3,1,1,NORMAL,0.026879811110799057,0.02623518947631206,0.01167410278930628,2.3025162272360253,4475118013.7009115,5524881986.299089,52294539.152764,23367720.3096,195902.393432,65599624.0182,8453678.482429,31737204.229953,31737204.225177,174.026429,474135.76901000005,498369.6618395888,237067.884512,481030.5877360351,499732.50986399956,False,True
520,3,1,1,NORMAL,0.026913559898199903,0.026278955309982244,0.011711987259496195,2.297949895426852,4470707248.3950205,5529292751.60498,52412525.161207,23422022.921823,196656.246917,65718333.414457,8501007.681859,31808363.628119,31808363.623326,174.026429,474395.98768900003,499211.03108035465,237197.993853,481161.3076272591,500850.74257299956,False,True
521,3,1,1,NORMAL,0.026947275029662505,0.02632207271125194,0.011749948172534542,2.293395224725472,4466301584.768947,5533698415.231054,52530578.463216,23476363.095577,197411.798372,65837054.043877,8548416.121888,31879561.800754,31879561.795945,174.026429,474654.484152,500046.83185472427,237327.24208400006,481290.58926798345,501970.84747599956,False,True
522,3,1,1,NORMAL,0.026980963671577016,0.026364581805466462,0.011787985571702644,2.2888527906197558,4461900363.522239,5538099636.477762,52648698.640129,23530740.657648,198169.048759,65955803.234445,8595903.275884,31950798.49016,31950798.485339,156.623787,474911.262644,500877.07788563124,237455.631328,481418.62868074526,503092.81212999957,False,True
523,3,1,1,NORMAL,0.02701463188559008,0.02640652052031315,0.011826101206950226,2.284322737717949,4457504861.393286,5542495138.606715,52766885.274342,23585155.435241,198927.999034,66074546.106411,8643468.618548,32022073.439302,32022073.434463,156.623787,475166.327526,501701.7832659846,237583.163772,481545.4864575592,504216.62412399956,False,True
524,3,1,1,NORMAL,0.027048281102538447,0.026447924428843816,0.01186429170439618,2.2798058052227432,4453114420.415361,5546885579.58464,52885137.949334,23639607.255999,199688.650147,66193299.988146,8691111.625952,32093386.391804,32093386.386947,156.623787,475419.68326400005,502520.9624515823,237709.84164099998,481671.4118350714,505342.27107949957,False,True
525,3,1,1,NORMAL,0.027081913585671035,0.026488826955090736,0.01190255880394426,2.2753018096156477,4448729028.037002,5551270971.962999,53003456.249686,23694095.948013,200451.003041,66312064.805576,8738831.775573,32164737.09198,32164737.087111,156.623787,475671.33444199996,503334.63025404885,237835.667227,481796.3625006491,506469.7406509996,False,True
526,3,1,1,NORMAL,0.027115530855823394,0.026529259464815425,0.01194090254235151,2.2708108335740222,4444348672.000915,5555651327.999086,53121839.76112,23748621.339833,201215.058654,66430840.484832,8786628.546324,32236125.284854,32236125.27997,156.623787,475921.28574699996,504142.8018337986,237960.642881,481920.3804134575,507599.0205269996,False,True
527,3,1,1,NORMAL,0.02714913394287407,0.026569251366625662,0.011979322955898373,2.2663329173796414,4439973340.262121,5560026659.73788,53240288.070517,23803183.260482,201980.817919,66549626.952253,8834501.418592,32307550.716159,32307550.711262,156.623787,476169.54197500006,504945.49269302655,238084.770994,482043.4941987141,508730.0984304996,False,True
528,3,1,1,NORMAL,0.027182723552432647,0.02660883021732289,0.012017820080602752,2.261868073420958,4435603020.933785,5564396979.0662155,53358800.765943,23857781.539462,202748.281761,66668424.134391,8882449.87426,32379013.132373,32379013.127462,156.623787,476416.10802600003,505742.7186687284,238208.05402000004,482165.7236702653,509862.96211999963,False,True
529,3,1,1,NORMAL,0.02721630017569637,0.026648021827540534,0.012056393952364996,2.2574162957206276,4431237126.77345,5568762873.226551,53477377.436678,23912416.006767,203517.451101,66787247.620394,8930473.396747,32450512.280712,32450512.275794,140.961409,476660.9888950001,506534.4959257515,238330.49445100004,482287.08282551286,510997.59939049964,False,True
530,3,1,1,NORMAL,0.027249865328125573,0.026686850440481504,0.01209504617782851,2.2529773700308344,4426876797.257276,5573123202.742725,53596017.673233,23967086.492896,204288.326853,66906066.012496,8978571.471033,32522047.909174,32522047.904243,140.961409,476904.18968700006,507320.84094987914,238452.09485000002,482407.51916782605,512133.99807399965,False,True
531,3,1,1,NORMAL,0.027283417719301113,0.026725338652018257,0.01213377365745995,2.248551727559796,4422521445.262245,5577478554.737756,53714721.067381,24021792.828858,205060.909925,67024894.900291,9026743.58369,32593619.766525,32593619.761578,140.961409,477145.7155899999,508101.7705409483,238572.85780299996,482527.1861978585,513272.14603949967,False,True
532,3,1,1,NORMAL,0.027316957671595875,0.026763507621023266,0.012172577991645624,2.244139055041936,4418171059.235929,5581828940.764072,53833487.21218,24076534.846187,205835.20122,67143734.211227,9074989.222915,32665227.602321,32665227.59736,140.961409,477385.5719,508877.3018060044,238692.785957,482645.99985462846,514412.03119549964,False,True
533,3,1,1,NORMAL,0.027350485425915175,0.026801377156822744,0.012211459216638033,2.2397393252274322,4413825627.704999,5586174372.295002,53952315.70199,24131312.376952,206611.201634,67262583.872983,9123307.878556,32736871.166927,32736871.161958,140.961409,477623.76399800007,509647.45215249364,238811.88200300006,482763.9672440711,515553.64148799964,False,True
534,3,1,1,NORMAL,0.027384001169989697,0.026838965802833518,0.012250417368800707,2.2353525064159134,4409485139.265886,5590514860.734115,54071206.132495,24186125.253764,207388.912059,67381443.813478,9171699.042133,32808550.211543,32808550.20656,140.961409,477860.297362,510412.23928149376,238930.148688,482881.0940123059,516696.96490349964,False,True
535,3,1,1,NORMAL,0.02741750505667768,0.026876290915984754,0.012289452484640384,2.230978564012079,4405149582.578716,5594850417.421285,54190158.100736,24240973.309786,208168.333379,67500313.960872,9220162.206878,32880264.48819,32880264.483188,140.961409,478095.177553,511171.68118098634,239047.58878599998,482997.3848508369,517841.9894689996,False,True
536,3,1,1,NORMAL,0.027450997216495,0.026913368741824126,0.012328564600825912,2.2266174615864047,4400818432.861228,5599181567.138773,54309171.205123,24295856.37874,208949.466474,67619208.339711,9268696.867753,32952013.749732,32952013.744718,126.865269,478328.4102200001,511925.79611917055,239164.20511599997,483112.84382309415,518988.7032519996,False,True
537,3,1,1,NORMAL,0.0274844788078122,0.026950214552533037,0.012367755197314067,2.222268986515925,4396492706.0577345,5603507293.942266,54428245.045455,24350774.294919,209732.312217,67738098.68637,9317302.521475,33023797.74991,33023797.744879,126.865269,478560.001101,512674.6026378208,239280.000559,483227.4182030938,520137.09436149965,False,True
538,3,1,1,NORMAL,0.027517948560375167,0.026986842553038983,0.012407021430465598,2.2179335076188793,4392171877.44418,5607828122.555821,54547379.222944,24405726.893198,210516.871477,67856999.025896,9365978.666549,33095616.24332,33095616.238278,126.865269,478789.9560090001,513418.11954568874,239394.97801,483341.2424333788,521287.1509489996,False,True
539,3,1,1,NORMAL,0.02755140668754313,0.02702326604558764,0.012446364774788065,2.21361073583128,4387855935.869742,5612144064.130259,54666573.340236,24460714.009036,211303.145115,67975909.287453,9414724.803285,33167468.985457,33167468.980401,126.865269,479018.28084599995,514156.3659119515,239509.14043000003,483454.23916734144,522438.86120849964,False,True
540,3,1,1,NORMAL,0.027584853364189615,0.027059497485497443,0.012485785267825705,2.209300638484654,4383544870.24826,5616455129.751741,54785827.001424,24515735.478491,212091.133988,68094829.400465,9463540.433826,33239355.732702,33239355.727635,126.865269,479244.981585,514889.36105970736,239622.490798,483566.4135019898,523592.21337699966,False,True
541,3,1,1,NORMAL,0.027618288740426877,0.027095548534202568,0.012525282947306178,2.205003180895547,4379238669.553793,5620761330.446208,54905139.812072,24570791.138225,212880.838947,68213759.294619,9512425.062168,33311276.24235,33311276.237275,126.865269,479470.06428,515617.1245595195,239735.032144,483677.7698445754,524747.1957354996,False,True
542,3,1,1,NORMAL,0.027651712950586636,0.027131430109453153,0.012564857851156472,2.200718327111163,4374937322.8176775,5625062677.182323,55024511.379231,24625880.82551,213672.260836,68332698.899867,9561378.194187,33383230.27262,33383230.267529,126.865269,479693.53505800007,516339.67622301,239846.76753699998,483788.312155918,525903.7966099996,False,True
543,3,1,1,NORMAL,0.027685126118916777,0.027167152432644354,0.01260451001751599,2.19644604038109,4370640360.882955,5629359639.117046,55143941.31146,24681004.378242,214465.400495,68451660.832958,9610399.337662,33455217.582647,33455217.577544,114.178743,479915.400122,517057.03609650355,239957.700067,483898.04410944955,527062.0043704996,False,True
544,3,1,1,NORMAL,0.02771852929487238,0.02720272513343326,0.012644240810441954,2.192186127298499,4366348689.520795,5633651310.479206,55263429.218841,24736161.634936,215260.258758,68570619.651334,9659488.002289,33527237.93252,33527237.927401,114.178743,480135.66573600005,517769.22445472423,240067.832876,484006.9184458901,528221.8074329996,False,True
545,3,1,1,NORMAL,0.027751921365931947,0.027238157148433178,0.012684047622196033,2.187938912919909,4362061839.634284,5637938160.365717,55382974.712995,24791352.434752,216056.836454,68689587.972292,9708643.699713,33599291.083267,33599291.078133,114.178743,480354.33824300003,518476.2617945434,240177.16912899996,484115.05624843907,529383.1942589995,False,True
546,3,1,1,NORMAL,0.02778530254154011,0.02727345685121427,0.012723931811969761,2.183704137380058,4357779800.437081,5642220199.56292,55502577.407102,24846576.617486,216855.134405,68808565.726881,9757865.94354,33671376.796882,33671376.791738,114.178743,480571.42405199993,519178.1688287831,240285.712031,484222.3886674524,530546.1533569995,False,True
547,3,1,1,NORMAL,0.02781867300020999,0.02730863208663335,0.012763893418921979,2.1794817683897207,4353502561.20471,5646497438.795291,55622236.91591,24901834.023585,217655.153428,68927552.84643,9807154.249359,33743494.836335,33743494.831179,114.178743,480786.92962999997,519874.96648007253,240393.464821,484328.92065822636,531710.6732814995,False,True
548,3,1,1,NORMAL,0.02785203290014414,0.027343690203634047,0.012803932482431564,2.175271772040368,4349230111.270817,5650769888.729184,55741952.855758,24957124.494149,218456.894335,69046549.262553,9856508.134761,33815644.965572,33815644.960403,114.178743,481000.861511,520566.6758747607,240500.43076199997,484434.656622922,532876.7426349996,False,True
549,3,1,1,NORMAL,0.02788538238663849,0.02737863808640853,0.012844049042110482,2.1710741134056333,4344962440.024715,5655037559.975286,55861724.844586,25012447.870944,219260.357932,69165554.907151,9905927.119361,33887826.949528,33887826.944344,114.178743,481213.22629300004,521253.31833688606,240606.61315399996,484539.6005976494,534044.3500674996,False,True
550,3,1,1,NORMAL,0.027918721596810712,0.02741348218385383,0.012884243137815608,2.166888756924223,4340699127.941343,5659300872.058658,55981552.501955,25067803.9964,220065.545019,69284581.130287,9955410.724814,33960040.554132,33960040.548935,102.760869,481424.03062499996,521934.91538220126,240712.015319,484643.756382684,535213.4842774996,False,True
551,3,1,1,NORMAL,0.027952051495161986,0.027448228591035004,0.012924516027366342,2.162715527295287,4336440982.58022,5663559017.419781,56101435.449053,25123192.713628,220872.456392,69403605.028695,10004958.474831,34032285.546327,34032285.541115,102.760869,481633.281225,522611.4887122586,240816.64062,484747.08195405366,536384.1340119996,False,True
552,3,1,1,NORMAL,0.027985371117734564,0.027482882947596265,0.012964865320331373,2.1585547112354635,4332187584.480612,5667812415.519389,56221373.308718,25178613.866413,221681.092841,69522637.953024,10054569.895198,34104561.694068,34104561.688839,102.760869,481840.984857,523283.06020855124,240920.49243699998,484849.68660325266,537556.2880664996,False,True
553,3,1,1,NORMAL,0.028018680676228105,0.027517450542991873,0.013005292270187048,2.1544060751681307,4327938923.214345,5672061076.785656,56341365.705446,25234067.299229,222491.45515,69641679.836345,10104244.513795,34176868.766329,34176868.761086,102.760869,482047.148344,523949.6519267155,241023.57417899996,484951.5092133279,538729.9352864997,False,True
554,3,1,1,NORMAL,0.02805198035587233,0.02755193633737126,0.013045796917916372,2.1502695873908095,4323694988.412819,5676305011.587182,56461412.2654,25289552.857244,223303.544098,69760730.612029,10153981.860603,34249206.533123,34249206.527865,102.760869,482251.778557,524611.2860907926,241125.88928600005,485052.55470304494,539905.0645669997,False,True
555,3,1,1,NORMAL,0.028085270324440793,0.02758634498169833,0.013086379304753282,2.146145214837198,4319455769.76391,5680544230.236091,56581512.616431,25345070.38632,224117.360459,69879790.213748,10203781.467728,34321574.765498,34321574.760226,102.760869,482454.88242399995,525267.9850875501,241227.441219,485152.8275189601,541081.6648534996,False,True
556,3,1,1,NORMAL,0.028118550738462797,0.027620680836973457,0.013127039472193775,2.1420329235715827,4315221257.00984,5684778742.990161,56701666.388086,25400619.733025,224932.905001,69998858.575476,10253642.869418,34393973.235545,34393973.230259,102.760869,482656.46691599995,525919.7714608656,241328.23346499997,485252.33179313963,542259.7251409997,False,True
557,3,1,1,NORMAL,0.028151821747337807,0.027654947992480836,0.013167777462004293,2.1379326791153686,4310991074.921775,5689008925.078226,56821873.211616,25456200.744631,225750.178487,70117945.907578,10303565.602064,34466401.716414,34466401.711112,92.484783,482856.539046,526566.6679061707,241428.269531,485351.0714516976,543439.2344769996,False,True
558,3,1,1,NORMAL,0.02818508423989437,0.027689150331023645,0.01320859443463966,2.133844322298119,4306765943.505583,5693234056.494418,56942132.719993,25511813.269126,226569.181676,70237031.592468,10353549.20423,34538859.982308,34538859.976991,92.484783,483055.105885,527208.6972649578,241527.55294999998,485449.0091822481,544620.1819584996,False,True
559,3,1,1,NORMAL,0.02821833738461922,0.027723291431255622,0.013249488199832569,2.129768105682438,4302545487.600023,5697454512.399978,57062444.547918,25567457.155213,227389.915319,70356125.841128,10403593.216656,34611347.8085,34611347.803169,92.484783,483252.17454200005,527845.8825193495,241626.087278,485546.2436768521,545802.5567349996,False,True
560,3,1,1,NORMAL,0.028251581395479092,0.027757374654753912,0.01329045991416788,2.1257038189748707,4298329697.129085,5701670302.870916,57182808.331832,25623132.252319,228212.380164,70475228.588764,10453697.182274,34683864.971333,34683864.965991,92.484783,483447.752163,528478.2467867294,241723.87608700004,485642.7207270739,546986.3480074996,False,True
561,3,1,1,NORMAL,0.0282848164636347,0.027791403158552674,0.013331509620631855,2.1216514309723107,4294118562.074235,5705881437.925766,57303223.709924,25678838.410596,229036.576953,70594339.770894,10503860.64622,34756411.248231,34756411.24288,92.484783,483641.845939,529105.8133144383,241820.922974,485738.44521218934,548171.5450289996,False,True
562,3,1,1,NORMAL,0.02831804276515508,0.027825379907365732,0.013372637362486565,2.117610909318003,4289912072.4716563,5710087927.528345,57423690.322141,25734575.480928,229862.506422,70713459.323351,10554083.155845,34828986.417704,34828986.412341,92.484783,483834.46309800004,529728.6054745317,241917.23155499998,485833.42160542676,549358.1371049995,False,True
563,3,1,1,NORMAL,0.028351260466199738,0.027859307685355023,0.013413843183280816,2.1135822209057213,4285710218.410387,5714289781.589615,57544207.810198,25790343.31493,230690.169304,70832587.182283,10604364.260726,34901590.259351,34901590.253974,92.484783,484025.610906,530346.6467586032,242012.80545999997,485927.6541080297,550546.1135934995,False,True
564,3,1,1,NORMAL,0.028384469726653372,0.02789318910737427,0.013455127126859605,2.10956533216184,4281512664.202139,5718487335.797864,57664775.817593,25846141.764957,231519.566325,70951732.532633,10654703.512684,34974222.553859,34974222.54847,83.236305,484215.296664,530959.9607726701,242107.648338,486021.1467392266,551735.4639049995,False,True
565,3,1,1,NORMAL,0.02841767136734805,0.027927026672533873,0.013496490264467857,2.1055600982548115,4277320051.7935834,5722679948.206419,57785393.9896,25901970.684107,232350.698207,71070876.81423,10705100.465781,35046883.083025,35046883.077622,83.236305,484403.527706,531568.5712321255,242201.76386000004,486113.8664053146,552926.1775039996,False,True
566,3,1,1,NORMAL,0.028450864674146235,0.027960822672637897,0.013537930590209772,2.1015667412803145,4273132045.5663323,5726867954.43367,57906061.973294,25957829.926221,233183.565666,71190029.212656,10755554.676343,35119571.629745,35119571.624328,83.236305,484590.31140199996,532172.5019567526,242295.155708,486205.90225935273,554118.2439079996,False,True
567,3,1,1,NORMAL,0.02848404986275576,0.02799457926554873,0.013579449171890618,2.09758507154455,4268948635.789487,5731051364.210516,58026779.417545,26013719.34589,234018.169413,71309189.665336,10806065.702959,35192287.978029,35192287.972595,83.236305,484775.65514300007,532771.7768658058,242387.82758,486297.2062526616,555311.6526879997,False,True
568,3,1,1,NORMAL,0.028517227129187226,0.028028298482557668,0.013621046054651665,2.0936150582537993,4264769812.787371,5735230187.212631,58147545.973031,26069638.798462,234854.510155,71428358.11002,10856633.106499,35265031.912995,35265031.907546,83.236305,484959.56636500004,533366.4199731555,242479.78319000002,486387.7832134837,556506.3934684996,False,True
569,3,1,1,NORMAL,0.0285503966563013,0.02806198223570242,0.01366272128393418,2.0896566696323777,4260595566.937316,5739404433.062687,58268361.29225,26125588.14003,235692.588594,71547534.48478,10907256.450115,35337803.220884,35337803.21542,83.236305,485142.052515,533956.4553824981,242571.02626499996,486477.63761983503,557702.4559279997,False,True
570,3,1,1,NORMAL,0.028583558618363997,0.028095632324906396,0.01370447490548592,2.0857098732708073,4256425888.66792,5743574111.332083,58389225.029517,26181567.227457,236532.405425,71666718.728013,10957935.299258,35410601.689056,35410601.683577,83.236305,485323.12108099996,534541.9072826323,242661.56054800004,486566.77371255716,558899.8297999997,False,True
571,3,1,1,NORMAL,0.02861671318405747,0.02812925044485163,0.013746306965369054,2.0817746363551533,4252260477.5917664,5747739522.4082365,58510136.840973,26237575.918357,237373.96134,71785919.102073,11008669.22167,35483427.106005,35483427.100506,74.912675,485502.779562,535122.7999427979,242751.38979099997,486655.1955738463,560098.5048714997,False,True
572,3,1,1,NORMAL,0.02864986111262841,0.028162838229869487,0.01378821845311867,2.077850826779458,4248099906.054948,5751900093.945055,58631096.384598,26293614.071112,238217.257026,71905118.898752,11059457.787409,35556279.26134,35556279.255825,74.912675,485681.0354899999,535699.1577080832,242840.517753,486742.87388458726,561298.4709844997,False,True
573,3,1,1,NORMAL,0.028683001793900625,0.0281963971694844,0.013830207532658734,2.0739386394722144,4243943873.7413654,5756056126.258637,58752103.320208,26349681.544868,239062.293165,72024326.381058,11110300.568847,35629157.945812,35629157.940285,74.912675,485857.89641999995,536271.0049948947,242928.948216,486829.8892041762,562499.7180354997,False,True
574,3,1,1,NORMAL,0.028716135444762158,0.028229928671115224,0.01387227519047224,2.0700379029739104,4239792371.256941,5760207628.743062,58873157.309459,26405778.199541,239909.070432,72143541.4887,11161197.140673,35702062.951312,35702062.94577,74.912675,486033.369921,536838.3662864942,243016.68496800002,486916.19897494867,563702.2359754997,False,True
575,3,1,1,NORMAL,0.0287492622649657,0.02826343406426687,0.013914421473985859,2.066148586825171,4235645389.2607703,5764354610.739233,58994258.015859,26461903.895818,240757.589501,72262764.161716,11212147.079908,35774994.070861,35774994.065304,74.912675,486207.46358499984,537401.2661285992,243103.73179999998,487001.80796273454,564906.0148114997,False,True
576,3,1,1,NORMAL,0.028782382442845256,0.028296914604820315,0.01395664643094359,2.062270659736081,4231502918.463026,5768497081.536978,59115405.104769,26518058.495156,241607.851038,72381994.340475,11263149.965902,35847951.098626,35847951.093053,74.912675,486380.18502000003,537959.7291250502,243190.092518,487086.72062900243,566111.0446044997,False,True
577,3,1,1,NORMAL,0.028815496159093464,0.028330371479289553,0.013998950109415502,2.058404089869036,4227364949.6234937,5772635050.376511,59236598.24341,26574241.859788,242459.855705,72501231.965677,11314205.380347,35920933.829912,35920933.824328,74.912675,486551.5418549999,538513.7799335417,243275.77093299996,487170.9412288746,567317.3154714997,False,True
578,3,1,1,NORMAL,0.028848603589554312,0.028363805808984052,0.014041332557801201,2.054548845047215,4223231213.8752866,5776768786.124718,59357837.100856,26630453.852722,243313.60416,72620484.469621,11365312.907271,35993942.061182,35993942.055584,67.421408,486721.54172800004,539063.443261418,243360.77087099996,487254.47387584846,568524.8175839997,False,True
579,3,1,1,NORMAL,0.02888170543790898,0.028397218688269533,0.01408379469081359,2.0507048044904828,4219102221.500741,5780897778.499264,59479121.348055,26686694.337745,244169.097056,72739736.811138,11416472.133056,36066975.590036,36066975.584426,67.421408,486890.1923,539608.7438615359,243445.09615599999,487337.2926244816,569733.5411699997,False,True
580,3,1,1,NORMAL,0.02891480118573637,0.028430611107460944,0.014126334828791616,2.0468721388936366,4214977703.704858,5785022296.295147,59600450.657818,26742963.17942,245026.335041,72858996.423193,11467682.646429,36140034.21523,36140034.209607,67.421408,487057.50123100006,540149.7065281889,243528.750622,487419.4702952473,570943.4765124997,False,True
581,3,1,1,NORMAL,0.028947891050333716,0.028463984007001127,0.014168953883749382,2.0430506929332695,4210857651.4213386,5789142348.578667,59721824.704826,26799260.243095,245885.318759,72978263.247818,11518944.038474,36213117.736672,36213117.731034,67.421408,487223.47620900004,540686.3560930984,243611.73811200002,487500.9692197504,572154.6139499997,False,True
582,3,1,1,NORMAL,0.028980975234133198,0.028497338279719328,0.014211651905505622,2.0392404364270917,4206742055.634882,5793257944.365124,59843243.165635,26855585.394897,246746.048848,73097537.227379,11570255.902632,36286225.955418,36286225.94977,67.421408,487388.12492000003,541218.7174214676,243694.06246500005,487581.79408723605,573366.9438769997,False,True
583,3,1,1,NORMAL,0.02901405392974964,0.028530674773269673,0.014254428944211823,2.0354413384992975,4202630907.379391,5797369092.620615,59964705.718675,26911938.501737,247608.525943,73216818.304577,11621617.834702,36359358.67369,36359358.668027,67.421408,487551.455065,541746.8154081006,243775.72754,487661.94932296436,574580.4567429996,False,True
584,3,1,1,NORMAL,0.02904712732292936,0.02856399429260256,0.014297285050359463,2.031653367797899,4198524197.73665,5801475802.263356,60086212.044254,26968319.431311,248472.750673,73336106.422448,11673029.43285,36432515.694855,36432515.689176,67.421408,487713.47435199993,542270.6749735844,243856.73718400003,487741.43917415326,575795.1430544996,False,True
585,3,1,1,NORMAL,0.02908019559497297,0.02859729760243291,0.014340220274786063,2.0278764926717145,4194421685.9889426,5805578314.011064,60207761.824563,27024728.052097,249338.723662,73455408.266502,11724490.297606,36505696.823438,36505696.817747,60.679268,487874.1904939999,542790.3210605343,243937.09525299998,487820.2677602252,577010.9933734996,False,True
586,3,1,1,NORMAL,0.029113259399147415,0.02863058546028546,0.014383235463709178,2.0241106024165463,4190323827.070834,5809676172.9291725,60329354.743667,27081164.233361,250206.445532,73574710.296166,11776000.031862,36578901.865131,36578901.859425,60.679268,488033.611211,543305.7786299045,244016.805613,487898.412145419,578227.9983174996,False,True
587,3,1,1,NORMAL,0.029146318298008168,0.02866385854659015,0.014426329081534997,2.0203558461254043,4186230380.3364606,5813769619.663546,60450990.487521,27137627.845151,251075.916899,73694019.197622,11827558.240882,36652130.626777,36652130.621056,60.679268,488191.7442290001,543817.0726573586,244095.87212200003,487975.93817576533,579446.1485599997,False,True
588,3,1,1,NORMAL,0.029179372508499887,0.028697117511874648,0.0144695019721035,2.01661208276251,4182141337.037423,5817858662.962584,60572668.743958,27194118.758308,251947.138373,73813334.915248,11879164.5323,36725382.916374,36725382.910645,60.679268,488348.597274,544324.2281297059,244174.29864100003,488052.81253631314,580665.4348309997,False,True
589,3,1,1,NORMAL,0.029212422234934213,0.028730362977878492,0.014512754187711445,2.0128792823949015,4178056688.474241,5821943311.525766,60694389.202691,27250636.844457,252820.110563,73932657.393757,11930818.516115,36798658.543093,36798658.537353,60.679268,488504.17807499995,544827.2700413974,244252.089043,488129.03982644295,581885.8479154997,False,True
590,3,1,1,NORMAL,0.029245467672801014,0.02876359553884124,0.01455608578100267,2.0091574144863613,4173976425.9946985,5826023574.005308,60816151.555323,27307181.976008,253694.83407,74051986.578199,11982519.804698,36871957.31726,36871957.311504,60.679268,488658.4943680001,545326.2233910863,244329.24719200007,488204.62442080205,583107.3786554997,False,True
591,3,1,1,NORMAL,0.029278509011505173,0.028796815762884072,0.014599496804972948,2.005446448094854,4169900540.992696,5830099459.007311,60937955.495342,27363754.026161,254571.309493,74171322.41396,12034268.012794,36945279.05035,36945279.044581,60.679268,488811.553881,545821.1131782482,244405.776947,488279.57053384586,584330.0179484996,False,True
592,3,1,1,NORMAL,0.029311546436598095,0.02883002419344627,0.01464298731297221,2.0017463520323493,4165828817.8925467,5834171182.10746,61059800.718112,27420352.868905,255449.537425,74290670.914687,12086062.757512,37018623.555011,37018623.549229,54.611342,488963.36434699997,546311.9643998632,244481.68218,488353.8822661397,585553.7567484997,False,True
593,3,1,1,NORMAL,0.02934458055531657,0.028863221378083066,0.014686558088538366,1.9980570245534635,4161761662.266518,5838238337.733488,61181686.920886,27476978.379015,256329.518456,74410019.890586,12137903.658333,37091990.645045,37091990.639249,54.611342,489113.933494,546798.80204716,244556.96675400002,488427.53937030374,586778.5860649997,False,True
594,3,1,1,NORMAL,0.029377611001511185,0.02889640780540101,0.014730207728765687,1.9943785954994724,4157698858.610228,5842301141.389778,61303613.802799,27533630.432053,257211.253171,74529375.355976,12189790.337107,37165380.135412,37165380.129604,54.611342,489263.26905000006,547281.6511024192,244631.63453100002,488500.6014016321,588004.4969629997,False,True
595,3,1,1,NORMAL,0.029410637991284554,0.028929583946425756,0.014773937015102724,1.9907109365106537,4153640398.482795,5846359601.517212,61425581.064872,27590308.904365,258094.742151,74648737.257586,12241722.418051,37238791.842231,37238791.836412,54.611342,489411.3787350001,547760.5365358372,244705.689373,488573.03891871334,589231.4805644997,False,True
596,3,1,1,NORMAL,0.029443661729703457,0.02896275025502432,0.0148177460023936,1.987054017861235,4149586273.4900947,5850413726.5099125,61547588.409999,27647013.673091,258979.985972,74768105.542481,12293699.527747,37312225.582784,37312225.576948,54.611342,489558.270271,548235.48330245,244779.135144,488644.8564230096,590459.5280469997,False,True
597,3,1,1,NORMAL,0.029476682413932823,0.028995907168502286,0.014861634745839732,1.9834078093047154,4145536475.2834086,5854463524.7165985,61669635.54296,27703744.616154,259866.985207,74887480.15806,12345721.295144,37385681.175498,37385681.169651,54.611342,489703.95136899996,548706.5163391161,244851.97569000002,488716.05821945233,591688.6306434997,False,True
598,3,1,1,NORMAL,0.029509700236049062,0.029029055108344016,0.014905603301002586,1.979772280271552,4141490995.558367,5858509004.441641,61791722.170411,27760501.612261,260755.740423,75006861.052057,12397787.35155,37459158.439969,37459158.434109,54.611342,489848.429735,549173.6605615586,244924.21487400003,488786.64846921404,592918.7796429996,False,True
599,3,1,1,NORMAL,0.029542715384397112,0.029062194480992606,0.014949651723808376,1.9761473999657297,4137449641.1985693,5862550358.801438,61913848.000886,27817284.540907,261646.252185,75126253.633676,12449897.330636,37532657.196938,37532657.191066,49.150208,489991.7130679999,549636.9408614652,244995.85654,488856.6312368952,594149.9663904996,False,True
600,3,1,1,NORMAL,0.029575728424282962,0.029095325703140374,0.014993780740450756,1.9725330746295702,4133412773.7489424,5866587226.251065,62036012.744788,27874093.28237,262538.521052,75245646.929051,12502050.868426,37606177.268307,37606177.262421,49.150208,490133.80905400007,550096.3821036466,245066.904534,488925.98866882117,595382.1822859996,False,True
601,3,1,1,NORMAL,0.029608739052183444,0.029128449145014123,0.015037989070233227,1.968929416951906,4129380200.1634355,5870619799.836573,62158216.114399,27930927.71771,263432.54758,75365046.348053,12554247.603302,37679718.477124,37679718.471226,49.150208,490274.72537799994,550552.0091232524,245137.36269499996,488994.7746474435,596615.4187859996,False,True
602,3,1,1,NORMAL,0.029641747482684336,0.0291615651667993,0.015082277437519807,1.9653363098165333,4125351912.297858,5874648087.70215,62280457.823866,27987787.728775,264328.33232,75484451.839752,12606487.175998,37753280.64759,37753280.641681,49.150208,490414.46971100004,551003.8467230432,245207.234861,489062.9631755688,597849.6674024996,False,True
603,3,1,1,NORMAL,0.029674753920700934,0.029194674118663923,0.015126645899754796,1.961753723684506,4121327902.0526814,5878672097.947327,62402737.589206,28044673.198189,265225.875819,75603863.353552,12658769.229592,37826863.60506,37826863.599135,49.150208,490553.04971200007,551451.9196707208,245276.52486399995,489130.55864616827,599084.9197019996,False,True
604,3,1,1,NORMAL,0.029707758564275717,0.02922777634096146,0.015171094514745012,1.9581816285833764,4117308161.371888,5882691838.62812,62525055.128297,28101584.009362,266125.178621,75723280.839188,12711093.409512,37900467.176028,37900467.170085,49.150208,490690.47303,551896.2526963126,245345.236524,489197.56527972786,600321.1673074997,False,True
605,3,1,1,NORMAL,0.029740761606712914,0.029260872164558333,0.015215623340665826,1.954619994254634,4113292682.241991,5886707317.758018,62647410.160884,28158520.04648,267026.241265,75842704.246727,12763459.363525,37974091.188134,37974091.182176,49.150208,490826.747301,552336.8704896129,245413.373658,489263.98717103206,601558.4018969997,False,True
606,3,1,1,NORMAL,0.02977376323814212,0.02929396191124116,0.015260232436062074,1.9510687902618398,4109281291.6124387,5890718708.38757,62769802.408566,28215481.194506,267929.064286,75962138.441587,12815866.741731,38047735.470171,38047735.464194,44.235188,490961.8801470001,552773.7976976789,245480.94008299996,489329.8283247831,602796.6152034997,False,True
607,3,1,1,NORMAL,0.029806763985491615,0.029327045916031514,0.015304922474683584,1.9475279299712913,4105274311.7561507,5894725688.243858,62892231.594796,28272467.339187,268833.648216,76081573.544458,12868315.196568,38121399.852061,38121399.846068,44.235188,491095.8791800001,553207.0589223801,245547.93959799997,489395.0730215824,604035.7990149996,False,True
608,3,1,1,NORMAL,0.029839763600143922,0.02936012447629683,0.015349692288388794,1.9439975107980554,4101271569.691518,5898728430.308491,63014697.444884,28329478.367037,269739.993582,76201014.421419,12920804.3828,38195084.164868,38195084.158864,44.235188,491228.75198899995,553636.678718004,245614.37600000002,489459.7700248684,605275.9451749997,False,True
609,3,1,1,NORMAL,0.02987276229462815,0.029393197883931108,0.015394542549332558,1.9404774256136184,4097273057.5599003,5902726942.440108,63137199.685984,28386514.16535,270648.100908,76320461.023859,12973333.957514,38268788.2408,38268788.234784,44.235188,491360.50616000005,554062.6815889127,245680.25308599998,489523.89639834437,606517.0455814997,False,True
610,3,1,1,NORMAL,0.029905760272858566,0.029426266425152236,0.015439473317593301,1.9369676450543758,4093278767.5453305,5906721232.454678,63259738.04709,28443574.62219,271557.970713,76439913.303495,13025903.580111,38342511.913198,38342511.907167,44.235188,491491.149247,554485.0919872539,245745.57463100002,489587.45641868474,607759.0921869997,False,True
611,3,1,1,NORMAL,0.02993875773276205,0.029459330380481902,0.015484484653618716,1.933468139397547,4089288691.873444,5910711308.126564,63382312.259039,28500659.626394,272469.603512,76559371.212371,13078512.912312,38416255.016529,38416255.010483,44.235188,491620.68880100007,554903.934310724,245810.344408,489650.4542087705,609002.0769994997,False,True
612,3,1,1,NORMAL,0.02997175486801022,0.02949239002483857,0.015529576618229467,1.9299788786790062,4085302822.8105183,5914697177.189489,63504922.054508,28557769.067564,273382.999817,76678834.702861,13131161.618141,38490017.38639,38490017.380333,44.235188,491749.13234899996,555319.2329003832,245874.56618000002,489712.8937812899,610245.9920809997,False,True
613,3,1,1,NORMAL,0.030004751869321142,0.029525445627708414,0.015574749272619131,1.9264998327819236,4081321005.235778,5918678994.76423,63627567.167997,28614902.836076,274298.160137,76798308.15118,13183849.363927,38563798.859507,38563798.853441,39.81167,491876.4873990001,555731.0120385209,245938.24370399996,489774.7790674682,611490.8295474997,False,True
614,3,1,1,NORMAL,0.030037749228626964,0.029558497472928966,0.015620003242590361,1.9230309214484913,4077343526.3898215,5922656473.610186,63750247.335835,28672060.823069,275215.084975,76917782.663317,13236575.818294,38637599.273733,38637599.267656,39.81167,492002.76144900004,556139.2959465731,246001.38073,489836.0962445914,612736.5815699997,False,True
615,3,1,1,NORMAL,0.030070746745321186,0.029591545813083306,0.015665337463662932,1.9195722284995655,4073370231.2191725,5926629768.780834,63872962.296178,28729242.920442,276133.774832,77037262.616138,13289340.652157,38711418.468036,38711418.461947,39.81167,492127.96196199994,556544.1087830893,246063.980987,489896.889458652,613983.2403734997,False,True
616,3,1,1,NORMAL,0.03010374462915099,0.0296245908979909,0.015710752560254972,1.916123655674355,4069401112.1394386,5930598887.860568,63995711.788993,28786449.020859,277054.230205,77156747.963317,13342143.538712,38785256.282506,38785256.276403,39.81167,492252.096394,556945.4746417492,246126.04820399996,489957.1384916886,615230.7982364997,False,True
617,3,1,1,NORMAL,0.030136743082420696,0.029657632974405726,0.015756248595104078,1.9126851737909907,4065436161.606987,5934563838.39302,64118495.556062,28843679.017744,277976.451586,77276238.658848,13394984.153439,38859112.558344,38859112.552225,39.81167,492375.1721760001,557343.4175494276,246187.58609599996,490016.84749371477,616479.2474914996,False,True
618,3,1,1,NORMAL,0.030169742302063585,0.029690672285867525,0.01580182563131914,1.9092567533631875,4061475372.117783,5938524627.882223,64241313.340973,28900932.805279,278900.439465,77395734.65705,13447862.174086,38932987.13786,38932987.13173,39.81167,492497.19671900006,557737.9614643098,246248.59836499998,490076.0204813293,617728.5805249996,False,True
619,3,1,1,NORMAL,0.030202742481277096,0.029723709072668143,0.015847483732383306,1.9058383647089505,4057518736.206853,5942481263.793154,64364164.889112,28958210.278402,279826.194328,77515235.91256,13500777.280665,39006879.86448,39006879.858339,39.81167,492618.177407,558129.1302740519,246309.088709,490134.66137188533,618978.7897764996,False,True
620,3,1,1,NORMAL,0.030235743810505297,0.029756743571883446,0.015893222962157737,1.9024299780162621,4053566114.7766013,5946433885.223405,64487049.947668,29015511.332802,280753.716656,77634746.361505,13553729.155447,39080790.582731,39080790.576577,35.830503,492738.121609,558516.947793992,246369.060811,490192.7740104499,620229.8677389997,False,True
621,3,1,1,NORMAL,0.03026874674935649,0.029789776034946223,0.015939043902624433,1.899031518720681,4049617763.815373,5950382236.184633,64609968.265615,29072835.864921,281683.006928,77754257.996828,13606717.482954,39154719.138243,39154719.132073,35.830503,492857.0366679999,558901.4377654043,246428.518342,490250.3462613225,621481.8069594996,False,True
622,3,1,1,NORMAL,0.030301751139146484,0.029822806686830114,0.015984945584771308,1.8956430585547097,4045673544.2910566,5954326455.70895,64732919.593712,29130183.771951,282614.065619,77873774.755292,13659741.949951,39228665.37774,39228665.371555,35.830503,492974.929901,559282.6238538034,246487.464958,490307.41809849144,622734.6000364996,False,True
623,3,1,1,NORMAL,0.030334757186448798,0.02985583575132164,0.016030928589387212,1.892264507155936,4041733448.8822365,5958266551.11777,64855903.684503,29187554.951826,283546.8932,77993296.59281,13712802.245441,39302629.149042,39302629.142842,35.830503,493091.80860499997,559660.52964729,246545.90431,490363.9717173453,623988.2396224996,False,True
624,3,1,1,NORMAL,0.03036776509123973,0.029888863450671196,0.016076992981878428,1.8888958355253058,4037797470.3062077,5962202529.693799,64978920.292303,29244949.303227,284481.490138,78112823.465611,13765898.060657,39376610.301055,39376610.294847,35.830503,493207.6800519999,560035.1786549456,246603.84003,490420.0111367637,625242.7184224996,False,True
625,3,1,1,NORMAL,0.03040077504894091,0.029921890005398275,0.01612313882802224,1.8855370144245076,4033865601.3181777,5966134398.681829,65101969.173184,29302366.725578,285417.856898,78232355.330238,13819029.089045,39450608.683791,39450608.677566,35.830503,493322.551485,560406.5943052687,246661.27575099998,490475.5402570438,626498.0291934996,False,True
626,3,1,1,NORMAL,0.03043378725127771,0.02995491563416469,0.016169366193974313,1.8821880144330696,4029937834.710524,5970062165.289483,65225050.08499,29359807.11904,286355.993941,78351892.143548,13872195.026273,39524624.148324,39524624.142079,35.830503,493436.43012199993,560774.7999446564,246718.21507099998,490530.5628933387,627754.1647449996,False,True
627,3,1,1,NORMAL,0.030466801887487547,0.02998794055373391,0.016215675146268118,1.8788488060269997,4026014045.7071204,5973985954.292887,65348162.787321,29417270.384511,287295.901723,78471437.445763,13925395.570214,39598656.546806,39598656.540552,32.247453,493549.32316699997,561139.8188359287,246774.66158799996,490585.08278981945,629011.1179389996,False,True
628,3,1,1,NORMAL,0.03049981938762287,0.030020964994629973,0.016262066226849628,1.8755193197569122,4022094462.4144893,5977905537.585518,65471307.041516,29474756.423621,288237.580699,78590984.028263,13978630.420933,39672705.732484,39672705.726215,32.247453,493661.237779,561501.6741568956,246830.618897,490639.0893072043,630268.8816889996,False,True
629,3,1,1,NORMAL,0.030532839629515043,0.03005398916462256,0.01630853855463236,1.8721996166138593,4018178960.119988,5981821039.880019,65594482.61066,29532265.138734,289181.031319,78710535.43189,14031899.280687,39746771.559665,39746771.553378,32.247453,493772.1811059999,561860.3889989669,246886.09056200003,490692.61865440005,631527.4489599996,False,True
630,3,1,1,NORMAL,0.030565862816032106,0.03008701327116511,0.016355092670540135,1.8688896132694706,4014267531.753788,5985732468.24622,65717689.259577,29589796.432943,290126.25403,78830091.614746,14085201.853919,39820853.883714,39820853.877414,32.247453,493882.16026100004,562215.9863658021,246941.08013700004,490745.6551681405,632786.8127689996,False,True
631,3,1,1,NORMAL,0.0305988891444084,0.030120037521051777,0.016401728642647006,1.8655892809277799,4010360170.282927,5989639829.717081,65840926.754814,29647350.210063,291073.249275,78949652.53524,14138537.847236,39894952.561075,39894952.55476,32.247453,493991.182329,562568.4891720033,246995.59117200001,490798.20272975235,634046.9661844996,False,True
632,3,1,1,NORMAL,0.03063191880757112,0.03015306212018206,0.016448446539401296,1.8622985905808271,4006456868.710534,5993543131.2894745,65964194.864643,29704926.374634,292022.017495,79069218.152087,14191906.969414,39969067.449243,39969067.442912,32.247453,494099.25437000004,562917.9202418469,247049.62719299996,490850.2651185523,635307.9023254996,False,True
633,3,1,1,NORMAL,0.03066495199529956,0.03018608727341545,0.0164952464296265,1.859017513083247,4002557620.0751433,5997442379.924866,66087493.35905,29762524.831917,292972.559127,79188788.424309,14245308.931384,40043198.406765,40043198.400421,32.247453,494206.38341500005,563264.3023080551,247103.19171400002,490901.8460335068,636569.6143624996,False,True
634,3,1,1,NORMAL,0.030697988895079808,0.03021911318449057,0.016542128382522815,1.8557460192071187,3998662312.402817,6001337687.597192,66210822.009728,29820145.487888,293924.874605,79308366.535977,14298743.446221,40117345.293243,40117345.286889,29.022708,494312.57646600006,563607.6580106087,247156.28823800004,490952.94911209896,637832.0955159996,False,True
635,3,1,1,NORMAL,0.030731029909559827,0.030252140069978912,0.016589092903473875,1.8524840440868546,3994771148.923951,6005228851.076057,66334180.59007,29877788.249238,294878.964359,79427945.997229,14352210.229138,40191507.96933,40191507.962959,29.022708,494417.840495,563948.0098955954,247208.920256,491003.56504526327,639095.3390579995,False,True
636,3,1,1,NORMAL,0.030764074948165167,0.03028516812663609,0.016636139192370832,1.849231639169818,3990884017.7258415,6009115982.274167,66457568.875166,29935453.023372,295834.828817,79547529.992741,14405708.997481,40265686.296706,40265686.290324,29.022708,494522.18245099986,564285.3804140991,247261.09123099997,491053.7266377145,640359.3383099996,False,True
637,3,1,1,NORMAL,0.030797124209890694,0.030318197551362197,0.016683267753727256,1.845988727418837,3987000911.979085,6012999088.020924,66580986.641791,29993139.718398,296792.468402,79667118.482744,14459239.470709,40339880.138102,40339880.131707,29.022708,494625.6092409999,564619.7919211249,247312.80462699998,491103.4201230093,641624.0866434996,False,True
638,3,1,1,NORMAL,0.030830177888552825,0.03035122854085837,0.016730478658277245,1.842755280244172,3983121824.889276,6016878175.110733,66704433.668398,30050848.243135,297751.883535,79786711.427768,14512801.370397,40414089.357272,40414089.350868,29.022708,494728.127755,564951.2666745622,247364.063882,491152.6492446695,642889.5774804995,False,True
639,3,1,1,NORMAL,0.03086323617427016,0.030384261291401066,0.016777771977126685,1.8395312688923378,3979246749.6963606,6020753250.303648,66827909.735109,30108578.507101,298713.074634,79906308.78864,14566394.420214,40488313.819011,40488313.81259,29.022708,494829.7448389999,565279.8268341834,247414.872428,491201.41765245417,644155.8042924996,False,True
640,3,1,1,NORMAL,0.030896299254136752,0.030417295998674338,0.016825147781757383,1.8363166644893292,3975375679.673986,6024624320.326023,66951414.623719,30166330.420513,299676.042114,80025910.526485,14620018.34593,40562553.389117,40562553.382685,29.022708,494930.467323,565605.4944606788,247465.23366700002,491249.7289263027,645422.7605999996,False,True
641,3,1,1,NORMAL,0.030929367313294993,0.030450332857682123,0.016872606144023777,1.8331114381076261,3971508514.2937365,6028491485.706273,67074948.11767,30224103.894285,300640.786386,80145519.504992,14673672.875387,40636807.934429,40636807.927981,26.120438,495030.30199599994,565928.2915147269,247515.15100600003,491297.58658729907,646690.4399724996,False,True
642,3,1,1,NORMAL,0.030962440728997644,0.030483372075186352,0.01692014753593222,1.8299155290014297,3967645434.590495,6032354565.409514,67198510.002061,30281898.840024,301607.307858,80265129.881335,14727357.738507,40711077.322783,40711077.316321,26.120438,495129.25562000007,566248.2398560996,247564.62781699997,491344.9825058778,647958.8360294997,False,True
643,3,1,1,NORMAL,0.03099551943815179,0.030516413840538964,0.016967771231951423,1.8267289801612363,3963786340.0948315,6036213659.905178,67322100.063628,30339715.170026,302575.606936,80384744.519789,14781072.667272,40785361.423031,40785361.416556,26.120438,495227.334921,566565.3612428007,247613.66746700002,491391.94640874525,649227.9424384997,False,True
644,3,1,1,NORMAL,0.031028603635415743,0.03054945834343424,0.01701547770335305,1.8235517201671794,3959931224.2066493,6040068775.79336,67445718.090739,30397552.797277,303545.684022,80504363.382652,14834817.395716,40859660.105031,40859660.098544,26.120438,495324.54660199996,566879.6773302394,247662.273307,491438.46621235955,650497.7529154996,False,True
645,3,1,1,NORMAL,0.031061693510884756,0.03058250577359234,0.01706326702351533,1.8203837206601663,3956080080.3591614,6043919919.640848,67569363.873394,30455411.635442,304517.539515,80623986.432509,14888591.659919,40933973.239639,40933973.233138,26.120438,495420.89732199995,567191.2096704355,247710.448668,491484.54551765905,651768.2612249996,False,True
646,3,1,1,NORMAL,0.03109478925123301,0.0306155563205369,0.017111139266185516,1.817224953143917,3952232902.018107,6047767097.981903,67693037.203208,30513291.598869,305491.173811,80743613.632236,14942395.197993,41008300.698704,41008300.692194,26.120438,495516.3937230001,567499.9797112583,247758.196866,491530.18784253043,653039.4611794995,False,True
647,3,1,1,NORMAL,0.031127891040629633,0.03064861017344611,0.017159094505482742,1.8140753890412764,3948389682.6814404,6051610317.318569,67816737.873407,30571192.602577,306466.587304,80863244.944993,14996227.750071,41082642.355076,41082642.348549,26.120438,495611.042397,567806.0087956968,247805.521207,491575.3966401683,654311.3466389995,False,True
648,3,1,1,NORMAL,0.031160999061074293,0.030681667521035027,0.017207132815897013,1.810934999716271,3944550332.0546036,6055449667.945406,67940465.678817,30629114.562266,307443.780383,80982882.946271,15050089.058303,41156998.082576,41156998.076033,23.508395,495704.849918,568109.3181611617,247852.42496700003,491620.1753138164,655583.9115114996,False,True
649,3,1,1,NORMAL,0.03119411366655251,0.03071472856268132,0.017255254638976373,1.807803728151938,3940715011.368051,6059284988.631958,68064220.415861,30687057.394302,308422.753436,81102522.375715,15103978.866841,41231367.756012,41231367.749452,23.508395,495797.82281900005,568409.9289388182,247898.91141799995,491664.5167740552,656857.1497519995,False,True
650,3,1,1,NORMAL,0.03122723481756659,0.030747793482351335,0.017303459317875157,1.8046816098390004,3936883630.3839207,6063116369.616089,68188001.882547,30745021.015721,309403.506848,81222165.809382,15157896.921832,41305751.251162,41305751.244589,23.508395,495889.96760300006,568707.8621529494,247944.98380799996,491708.447968419,658131.0553629996,False,True
651,3,1,1,NORMAL,0.03126036270422291,0.030780862464407567,0.01735174729353108,1.801568578391936,3933056182.7206907,6066943817.279319,68311809.878461,30803005.34422,310386.041,81341813.211566,15211842.971403,41380148.444784,41380148.438197,23.508395,495981.29074,569003.1387203492,247990.645377,491751.9583017309,659405.6223934996,False,True
652,3,1,1,NORMAL,0.031293497512502724,0.030813935693316932,0.017400118641941357,1.7984646056994507,3929232662.0283427,6070767337.971666,68435644.204761,30861010.298155,311370.356271,81461464.546841,15265816.765656,41454559.214594,41454559.207994,23.508395,496071.798663,569295.7794497451,248035.899338,491795.05123174086,660680.8449389996,False,True
653,3,1,1,NORMAL,0.031326639425416684,0.030847013353452402,0.017448573439469556,1.7953696635482097,3925413061.9878125,6074586938.012197,68559504.664164,30919035.796541,312356.453037,81581119.78006,15319818.056655,41528983.439274,41528983.432658,23.508395,496161.49778000003,569585.8050412496,248080.748898,491837.7301409136,661956.7171419996,False,True
654,3,1,1,NORMAL,0.03135978862347083,0.030880095628937464,0.017497111762848475,1.7922837236518603,3921597376.310568,6078402623.689442,68683391.060946,30977081.759045,313344.331671,81700778.876352,15373846.598418,41603420.998454,41603420.991821,23.508395,496250.3944529999,569873.2360858402,248125.19723499997,491879.99835485214,663233.2331904996,False,True
655,3,1,1,NORMAL,0.03139294528537003,0.03091318270354602,0.01754573368917739,1.7892067576936905,3917785523.853871,6082214476.146139,68807303.200922,31035148.105984,314333.992543,81820444.151961,15427902.146901,41677871.772721,41677871.766068,21.157556,496338.4950199999,570158.093064866,248169.24752,491921.8591498288,664510.3873184996,False,True
656,3,1,1,NORMAL,0.03142610974338807,0.030946274770632606,0.01759443963222374,1.7861387120185401,3913977648.1765075,6086022351.823503,68931240.891447,31093234.758325,315325.43602,81940110.870887,15481984.459995,41752335.643598,41752335.63693,21.157556,496425.80577900005,570440.396349584,248212.902897,491963.30636063736,665788.1738059996,False,True
657,3,1,1,NORMAL,0.03145928197842459,0.03097937200984499,0.017643228998401993,1.7830796154872763,3910173668.1900897,6089826331.80992,69055203.941405,31151341.637672,316318.662468,82059781.34992,15536093.297508,41826812.493558,41826812.486877,21.157556,496512.332999,570720.16620072,248256.16650599998,492004.36441905145,667066.5869779995,False,True
658,3,1,1,NORMAL,0.03149246217579147,0.03101247460119638,0.017692102200980275,1.7800294062311346,3906373577.721044,6093626422.278966,69179192.161201,31209468.666269,317313.672248,82179455.555281,15590228.421161,41901302.206008,41901302.19931,21.157556,496598.082911,570997.422768057,248299.041464,492045.02404881147,668345.6212044995,False,True
659,3,1,1,NORMAL,0.031525650517059335,0.03104558272480044,0.017741059318546047,1.7769880564067124,3902577370.625643,6097422629.374367,69303205.36275,31267615.767002,318310.46572,82299133.453461,15644389.594576,41975804.665275,41975804.658562,21.157556,496683.06170900003,571272.1860900486,248341.53086200004,492085.2885635647,669625.2709009995,False,True
660,3,1,1,NORMAL,0.03155884718114127,0.0310786965606934,0.01779010043005009,1.773955538094307,3898785040.7895417,6101214959.210468,69427243.359471,31325782.863385,319309.04324,82418815.011219,15698576.583261,42050319.75662,42050319.749893,21.157556,496767.27556199994,571544.47609346,248383.637788,492125.1612085134,670905.5305269995,False,True
661,3,1,1,NORMAL,0.03159205234468,0.03111181628869254,0.017839225614807986,1.7709318233217517,3894996582.1273694,6105003417.872641,69551305.966283,31383969.87956,320309.405162,82538500.19558,15752789.154606,42124847.366216,42124847.359479,21.157556,496850.7305939999,571814.3125930298,248425.365302,492164.6451775871,672186.3945869996,False,True
662,3,1,1,NORMAL,0.031625266182692825,0.031144942088305462,0.01788843495249659,1.7679168841027684,3891211921.681618,6108788078.318392,69675392.999582,31442176.740297,321311.551838,82658191.089588,15807027.077865,42199387.381162,42199387.374411,19.041801,496933.432902,572081.7152911611,248466.71645800004,492203.7436196702,673467.8576289995,False,True
663,3,1,1,NORMAL,0.03165848900745088,0.031178074147605168,0.017937728831558367,1.7649106698364834,3887431187.2419605,6112568812.758049,69799504.277252,31500403.370986,322315.483616,82777883.429286,15861290.124153,42273939.689454,42273939.682689,19.041801,497015.38854200003,572346.7037776322,248507.69427799998,492242.45118579536,674749.9142449995,False,True
664,3,1,1,NORMAL,0.0316917208171713,0.03121121264241589,0.017987106716672495,1.7619132035168177,3883654305.902871,6116345694.097138,69923639.618642,31558649.697635,323321.200843,82897579.298244,15915578.066429,42348504.179996,42348504.173216,19.041801,497096.603537,572609.2975293337,248548.30177599998,492280.7900340853,676032.5590709995,False,True
665,3,1,1,NORMAL,0.031724961792131565,0.031244357748849164,0.018036568995880107,1.7589244273330558,3879881271.6884475,6120118728.311562,70047798.844564,31616915.646869,324328.703862,83017278.664537,15969890.67949,42423080.742587,42423080.735794,19.041801,497177.083877,572869.5159100274,248588.541945,492318.752052316,677315.7867864995,False,True
666,3,1,1,NORMAL,0.03175821210944123,0.03127750964308091,0.01808611575032644,1.755944313740667,3876112078.6510844,6123887921.348925,70171981.777281,31675201.145923,325337.993013,83136981.496499,16024227.739955,42497669.267925,42497669.261119,19.041801,497256.83551699994,573127.3781701279,248628.417765,492356.34040929127,678599.5921134995,False,True
667,3,1,1,NORMAL,0.031791471943681406,0.03131066850118417,0.018135747061515207,1.7529728351331169,3872346720.8710465,6127653279.1289625,70296188.2405,31733506.122641,326349.068636,83256687.762721,16078589.026261,42572269.647593,42572269.640771,19.041801,497335.86437599995,573382.9034465062,248667.93219600004,492393.55821507314,679883.9698169995,False,True
668,3,1,1,NORMAL,0.031824741467311395,0.03134383449899883,0.018185463011309487,1.750009963866176,3868585192.456088,6131414807.5439205,70420418.059366,31791830.505467,327361.931066,83376397.432049,16132974.318646,42646881.774054,42646881.767217,19.041801,497414.17633299995,573636.1107623152,248707.088174,492430.4085311143,681168.9147044995,False,True
669,3,1,1,NORMAL,0.03185802085121297,0.0313770078120449,0.018235263681931374,1.7470556722895028,3864827427.770262,6135172572.229746,70544671.060452,31850174.223448,328376.580637,83496112.377764,16187383.399143,42721505.540648,42721505.5338,17.137621,497491.77724100003,573887.0190268367,248745.888626,492466.8943767364,682454.4216269995,False,True
670,3,1,1,NORMAL,0.031891310389191296,0.0314101886234737,0.018285149438745856,1.7441099125837203,3861073540.5315433,6138926459.468464,70668947.071743,31908537.206229,329393.01768,83615828.76086,16241816.051562,42796140.841596,42796140.834734,17.137621,497568.67291200004,574135.6470353483,248784.33646299999,492503.01112097915,683740.4854759995,False,True
671,3,1,1,NORMAL,0.031924610094223545,0.03144337710545756,0.018335119800099713,1.7411727025666845,3857323465.15375,6142676534.846257,70793245.922641,31966919.384047,330411.242523,83735548.45512,16296272.061492,42870787.571974,42870787.565099,17.137621,497644.86912299995,574382.0134690116,248822.43456800003,492538.77886634093,685027.1011859996,False,True
672,3,1,1,NORMAL,0.03195792014157591,0.03147657343036842,0.018385175131045768,1.7382439880929277,3853577195.8487196,6146422804.151287,70917567.443944,32025320.687728,331431.255492,83855271.430399,16350751.216274,42945445.627729,42945445.620838,17.137621,497720.3716160001,574626.1368947797,248860.18581600004,492574.190529331,686314.2637324996,False,True
673,3,1,1,NORMAL,0.031991240703517394,0.03150977777057158,0.01843531551525039,1.73532374192636,3849834726.8551106,6150165273.144896,71041911.467845,32083741.048687,332453.056911,83974997.656799,16405253.305005,43020114.905653,43020114.898749,17.137621,497795.1860969999,574868.0357653244,248897.593055,492609.2491373257,687601.9681319996,False,True
674,3,1,1,NORMAL,0.032024571950144236,0.03154299029828595,0.01848554103673276,1.7324119367947068,3846096052.437998,6153903947.562008,71166277.827919,32142180.398921,333476.647101,84094727.104668,16459778.118517,43094795.3034,43094795.296481,17.137621,497869.31824099994,575107.7284189825,248934.65912800003,492643.957662328,688890.2094434996,False,True
675,3,1,1,NORMAL,0.0320579140496027,0.031576211185467676,0.01853585177986614,1.7295085454030432,3842361166.888466,6157638833.11154,71290666.359119,32200638.671001,334502.026381,84214459.7446,16514325.44937,43169486.719464,43169486.712531,17.137621,497942.773684,575345.233079721,248971.38684899997,492678.3190338655,690178.9827654996,False,True
676,3,1,1,NORMAL,0.032091267168528934,0.031609440603729694,0.018586247829376942,1.7266135404590004,3838630011.1206307,6161369988.879375,71415076.897763,32259115.798079,335529.195068,84334197.261193,16568895.091842,43244189.053181,43244189.046231,15.423859,498015.55802299996,575580.5678571202,249007.77902000002,492712.3361425663,691468.2832369996,False,True
677,3,1,1,NORMAL,0.03212463158330809,0.03164267873144443,0.018636729529619114,1.7237268766632488,3834902686.2951775,6165097313.704828,71539509.281534,32317611.713873,336558.153476,84453936.198002,16623486.84192,43318902.204712,43318902.197754,15.423859,498087.67682799994,575813.7507463744,249043.83841799997,492746.00499202136,692758.1060384996,False,True
678,3,1,1,NORMAL,0.03215800731962735,0.03167592573713365,0.01868729644837093,1.720848567285972,3831179133.3736343,6168820866.626371,71663963.349452,32376126.352675,337588.901916,84573678.240108,16678100.497279,43393626.075067,43393626.068095,15.423859,498159.13562600006,576044.7996283118,249079.56782,492779.34382028435,694048.4463894996,False,True
679,3,1,1,NORMAL,0.0321913945475103,0.03170918178941602,0.018737948929752085,1.7179785614847554,3827459346.7460537,6172540653.253952,71788438.941887,32434659.649338,338621.440698,84693423.359069,16732735.857285,43468360.566063,43468360.559078,15.423859,498229.939913,576273.7322694282,249114.96996299995,492812.3464553316,695339.2995494996,False,True
680,3,1,1,NORMAL,0.03222479343445239,0.03174244705683772,0.018788687059908653,1.7151168323631159,3823743320.8278556,6176256679.17215,71912935.900534,32493211.539279,339655.77013,84813171.52668,16787392.722972,43543105.580346,43543105.573347,15.423859,498300.095148,576500.5663219414,249150.04758099996,492845.01578263304,696630.6608174996,False,True
681,3,1,1,NORMAL,0.032258204145853536,0.03177572170774197,0.018839510925336797,1.712263352997676,3820031050.0594783,6179968949.940527,72037454.06842,32551781.958467,340691.890517,84932922.714971,16842070.897042,43617861.021372,43617861.014357,15.423859,498369.6067579999,576725.3193238584,249184.80338700002,492877.3546401787,697922.5255324997,False,True
682,3,1,1,NORMAL,0.03229162684529144,0.031809005910164515,0.018890420612879686,1.7094180964543833,3816322528.9059997,6183677471.094006,72161993.289884,32610370.843429,341729.802161,85052676.896207,16896770.183848,43692626.7934,43692626.786373,15.423859,498438.48012799997,576948.0086990608,249219.24007,492909.36582527164,699214.8890714997,False,True
683,3,1,1,NORMAL,0.032325061694998596,0.031842299831766716,0.018941416209726884,1.7065810358149924,3812617704.1420445,6187382295.857961,72286553.410566,32668978.131241,342769.505363,85172435.585271,16951490.389378,43767402.801503,43767402.794462,13.881474,498506.72060999996,577168.6517574048,249253.360312,492941.05209884595,700507.7468509997,False,True
684,3,1,1,NORMAL,0.032358508955371526,0.03187560364619283,0.018992498041108665,1.7037521280946062,3808916665.722284,6191083334.277721,72411134.277414,32727603.759524,343811.000422,85292195.670121,17006231.321261,43842188.951539,43842188.94449,13.881474,498574.33353,577387.2656948365,249287.16676899997,492972.41002334194,701801.0943259996,False,True
685,3,1,1,NORMAL,0.03239196866262675,0.03190891751822083,0.01904366572034205,1.7009313825555297,3805219360.466547,6194780639.533459,72535735.738655,32786247.666445,344854.287633,85411958.666101,17060992.788735,43916985.150175,43916985.143111,13.881474,498641.32416499994,577603.8675935224,249320.66208999997,493003.4561521535,703094.9269889996,False,True
686,3,1,1,NORMAL,0.032425440981613304,0.031942241612633246,0.019094919572493797,1.6981187513521714,3801525782.9339266,6198474217.066079,72660357.643805,32844909.790707,345899.367291,85531724.546396,17115774.602654,43991791.304851,43991791.297773,13.881474,498707.69776600006,577818.4744219937,249353.84889,493034.185114612,704389.2403714996,False,True
687,3,1,1,NORMAL,0.03245892607487317,0.031975576094068085,0.019146259686149567,1.6953142079418262,3797835927.707425,6202164072.292581,72784999.843646,32903590.071551,346946.239688,85651493.28442,17170576.575467,44066607.323792,44066607.316702,13.881474,498773.459544,578031.1030353061,249386.72977800004,493064.5996584214,705684.0300419995,False,True
688,3,1,1,NORMAL,0.03249242410308709,0.03200892112690802,0.019197686150238494,1.6925177257720425,3794149789.3937674,6205850210.606238,72909662.190227,32962288.448748,347994.905113,85771264.85381,17225398.521209,44141433.116007,44141433.108899,13.881474,498838.61467599997,578241.770175211,249419.30734700005,493094.7024878107,706979.2916069996,False,True
689,3,1,1,NORMAL,0.032525935225150626,0.03204227687518174,0.01924919905403168,1.6897292782859024,3790467362.6229796,6209532637.377026,73034344.536853,33021004.8626,349045.363854,85891039.228428,17280240.255496,44216268.59126,44216268.584143,13.881474,498903.168307,578450.492470343,249451.584158,493124.4962704834,708275.0207099996,False,True
690,3,1,1,NORMAL,0.03255945959885518,0.032075643502515516,0.019300798487141807,1.6869488389584655,3786788599.4140162,6213211400.58599,73159046.738074,33079739.253932,350097.616197,86010817.770504,17335101.595506,44291113.6601,44291113.65297,12.493327,498967.1255450001,578657.2864364183,249483.56277900006,493153.98363889026,709571.2130314996,False,True
691,3,1,1,NORMAL,0.03259299746967466,0.03210902117781611,0.01935248475740453,1.6841763669238454,3783113579.721352,6216886420.278654,73283768.649673,33138491.564092,351151.662425,86130597.678048,17389982.35997,44365968.233831,44365968.226685,12.493327,499030.491462,578862.168476447,249515.245739,493183.1616481042,710867.8642884997,False,True
692,3,1,1,NORMAL,0.032626548882503624,0.0321424100619895,0.019404257520093265,1.681411867922211,3779442255.606982,6220557744.393024,73408510.128675,33197261.734941,352207.502819,86250380.313729,17444882.36917,44440832.224505,44440832.217346,12.493327,499093.27109700005,579065.1548809579,249546.63555500002,493212.0453253995,712164.9702349997,False,True
693,3,1,1,NORMAL,0.032660113997175805,0.03217581031587249,0.019456117082943362,1.6786552968376214,3775774621.7901387,6224225378.2098675,73533271.033313,33256049.708862,353265.137659,86370165.652287,17499801.444916,44515705.544938,44515705.537761,12.493327,499155.46945599996,579266.2618282342,249577.73473700002,493240.63000464387,713462.5266609996,False,True
694,3,1,1,NORMAL,0.03269369297118986,0.03220922210008652,0.01950806353693798,1.6759066274971504,3772110673.0126925,6227889326.987314,73658051.22304,33314855.428747,354324.567223,86489953.668679,17554739.410546,44590588.108675,44590588.101482,12.493327,499217.09150199994,579465.5053845624,249608.54575900003,493268.91830123716,714760.5293924996,False,True
695,3,1,1,NORMAL,0.03272728596042137,0.032242645574946834,0.019560096973396182,1.6731658337345652,3768450404.0389724,6231549595.961035,73782850.558511,33373678.837991,355385.791785,86609744.338074,17609696.090907,44665479.830015,44665479.822804,12.493327,499278.14217400004,579662.9015044931,249639.07109599994,493296.9127873013,716058.9742914996,False,True
696,3,1,1,NORMAL,0.03276089311916347,0.032276080900380165,0.019612217483973467,1.6704328893932936,3764793809.655319,6235206190.344688,73907668.90158,33432519.880495,356448.811619,86729537.635857,17664671.31235,44740380.623982,44740380.616755,12.493327,499338.62636999995,579858.4660311105,249669.31319299998,493324.61600259563,717357.8572549996,False,True
697,3,1,1,NORMAL,0.03279451460047518,0.03230952823587017,0.019664425160660245,1.6677077683451635,3761140846.5742536,6238859153.425754,74032506.115284,33491378.500662,357513.626997,86849334.786954,17719664.902718,44815290.406334,44815290.399097,11.243995,499398.54896,580052.2146963156,249699.274485,493352.0304552247,718657.1742154995,False,True
698,3,1,1,NORMAL,0.0328281506360024,0.03234298774555612,0.019716720295487867,1.664990431675143,3757491585.826052,6242508414.173955,74157362.063839,33550254.643388,358580.238188,86969133.268506,17774676.691329,44890209.093561,44890209.086308,11.243995,499457.91476400004,580244.1631211183,249728.95738999997,493379.1536296918,719956.9211404995,False,True
699,3,1,1,NORMAL,0.03286180127802022,0.03237645958636026,0.01976910258238348,1.6622808820519668,3753845984.1641574,6246154015.83585,74282236.612638,33609148.254066,359648.645459,87088934.305858,17829706.508982,44965136.602861,44965136.595593,11.243995,499516.728595,580434.3268159406,249758.36430499997,493405.9991720367,721257.0940324995,False,True
700,3,1,1,NORMAL,0.03289546668108821,0.03240994391505239,0.019821572313335523,1.6595790768301895,3750204036.459525,6249795963.540482,74407129.628234,33668059.278573,360718.849076,87208737.87523,17884754.187928,45040072.852152,45040072.84487,11.243995,499574.99520400004,580622.7211809297,249787.49760899998,493432.56303958717,722557.6889274995,False,True
701,3,1,1,NORMAL,0.03292914699783188,0.03244344088813494,0.019874129581677606,1.6568849902332317,3746565737.6045356,6253434262.395472,74532040.978327,33726987.663282,361790.849303,87328543.953048,17939819.56187,45115017.760059,45115017.752766,11.243995,499632.719323,580809.3615062801,249816.35966699995,493458.84771454736,723858.7018969995,False,True
702,3,1,1,NORMAL,0.03296284237932204,0.032476950661759915,0.01992677448107554,1.654198596497735,3742931082.5127416,6257068917.487266,74656970.53177,33785933.355041,362864.646402,87448352.515942,17994902.465951,45189971.245915,45189971.238609,11.243995,499689.905649,580994.2629725662,249844.952831,493484.85564248066,725160.1290459995,False,True
703,3,1,1,NORMAL,0.03299655297513829,0.0325104733916553,0.019979507105525082,1.6515198698777462,3739300066.118627,6260699933.88138,74781918.158554,33844896.301179,363940.240632,87568163.540744,18050002.736742,45264933.229748,45264933.222432,11.243995,499746.558842,581177.4406510837,249873.279426,493510.5892381309,726461.9665129995,False,True
704,3,1,1,NORMAL,0.033030278933748713,0.03254400923308068,0.020032327549349877,1.6488487846645992,3735672649.335913,6264327350.664094,74906883.729794,33903876.449501,365017.632252,87687978.128886,18105120.21223,45339903.632288,45339903.624958,10.119596,499802.68352799997,581358.9095041995,249901.34177099998,493536.05088648555,727764.2104699995,False,True
705,3,1,1,NORMAL,0.03306402047374902,0.03257755834538186,0.02008523609023166,1.6461853037330998,3732048895.23096,6267951104.769047,75031867.117733,33962873.748285,366096.821518,87807794.008804,18160254.731816,45414882.37494,45414882.367602,10.119596,499858.2843039999,581538.6843857112,249929.142156,493561.23845096503,729066.8571229995,False,True
706,3,1,1,NORMAL,0.033097777653516534,0.03261112088139055,0.020138232457715396,1.6435294270742244,3728428764.756421,6271571235.243586,75156868.195721,34021888.146277,367177.808684,87927612.282327,18215406.136294,45489869.37981,45489869.372458,10.119596,499913.365728,581716.7800412135,249956.682871,493586.16432379547,730369.9027099995,False,True
707,3,1,1,NORMAL,0.033131550622491415,0.03264469699371964,0.020191316929487366,1.640881114302463,3724812252.9268885,6275187747.073118,75281886.838214,34080919.592694,368260.594003,88047432.927084,18270574.267849,45564864.569669,45564864.562303,10.119596,499967.932328,581893.2111084744,249983.96617099998,493610.82501153334,731673.3435024995,False,True
708,3,1,1,NORMAL,0.033165339528445456,0.032678286834669695,0.02024448960119175,1.6382403400524892,3721199354.7772937,6278800645.222713,75406922.92077,34139968.037205,369345.177726,88167255.920897,18325758.970041,45639867.867973,45639867.860589,10.119596,500021.9886,582067.9921178183,250010.994309,493635.22286849405,732977.1758044995,False,True
709,3,1,1,NORMAL,0.03319914451751853,0.03271189055614381,0.020297750568794893,1.6356070789714907,3717590065.362509,6282409934.637499,75531976.32003,34199033.429947,370431.560102,88287081.241784,18380960.0878,45714879.198835,45714879.191434,10.119596,500075.538999,582241.1374925165,250037.76950800003,493659.36021688447,734281.3959519996,False,True
710,3,1,1,NORMAL,0.03323296573462386,0.03274550830959414,0.020351099928588696,1.6329813057396003,3713984379.7572017,6286015620.2428055,75657046.913721,34258115.721507,371519.741378,88406908.867955,18436177.467412,45789898.487037,45789898.479625,10.119596,500128.587959,582412.6615491861,250064.29398499997,493683.2393474443,735586.0003134996,False,True
711,3,1,1,NORMAL,0.033266803323644595,0.032779140245984495,0.020404537777186663,1.6303629950803695,3710382262.636203,6289617737.363805,75782134.580637,34317214.862926,372609.7218,88526739.789768,18491410.95651,45864925.658029,45864925.650603,9.107637,500181.139874,582582.5784981955,250090.569944,493706.8625255973,736890.9852889996,False,True
712,3,1,1,NORMAL,0.03330065749115966,0.032812786519866764,0.020458064379250344,1.6277521115308913,3706783769.958999,6293216230.041008,75907239.20064,34376330.805695,373701.501612,88646571.961896,18546660.404065,45939960.637905,45939960.630465,9.107637,500233.199104,582750.9024440759,250116.59955899997,493730.2279466319,738196.3473099996,False,True
713,3,1,1,NORMAL,0.03333452830032493,0.03284644727989632,0.020511679497153136,1.6251486527444767,3703188866.4373307,6296811133.562676,76032360.654648,34435463.501747,374795.081055,88766406.375076,18601925.660373,46015003.353414,46015003.345959,9.107637,500284.76997900003,582917.6473859417,250142.384997,493753.3468687768,739502.0828399996,False,True
714,3,1,1,NORMAL,0.0333684158956048,0.03288012267445816,0.020565383395607272,1.6225525804071432,3699597547.2218213,6300402452.778186,76157498.824628,34494612.903462,375890.460371,88886243.008273,18657206.577052,46090053.731943,46090053.724476,9.107637,500335.856798,583082.8272179144,250167.92840500004,493776.21627881355,740808.1883724995,False,True
715,3,1,1,NORMAL,0.0334023204198844,0.03291381285158244,0.02061917617251983,1.6199638695750258,3696009807.482229,6303990192.517778,76282653.593589,34553778.963656,376987.639798,89006081.840638,18712503.007024,46165111.701524,46165111.694047,9.107637,500386.463826,583246.4557295563,250193.231918,493798.8384082286,742114.6604329995,False,True
716,3,1,1,NORMAL,0.03343624201464994,0.03294751795887711,0.020673057926115197,1.6173824953303921,3692425642.407294,6307574357.592714,76407824.84557,34612961.635578,378086.619573,89125922.851504,18767814.804506,46240177.190828,46240177.183338,9.107637,500436.5952910001,583408.5466063061,250218.29765200004,493821.2154582267,743421.4955769995,False,True
717,3,1,1,NORMAL,0.03347018082015619,0.03298123814347576,0.020727028754935727,1.614808432790249,3688845047.204419,6311154952.795589,76533012.465638,34672160.872913,379187.399931,89245766.020388,18823141.825007,46315250.129149,46315250.121644,9.107637,500486.2553970001,583569.1134299246,250243.127706,493843.3496025182,744728.6903904995,False,True
718,3,1,1,NORMAL,0.03350413697558467,0.03301497355199892,0.020781088757841213,1.6122416571144638,3685267989.9159317,6314732010.084077,76658216.339878,34731376.629772,380289.981106,89365612.237751,18878483.925312,46390330.446408,46390330.438888,8.196874,500535.448313,583728.1696789422,250267.72416399996,493865.242989878,746036.2414899996,False,True
719,3,1,1,NORMAL,0.03353811067631017,0.033048724334212555,0.02083523818769435,1.609682134381279,3681694520.1593704,6318305479.840638,76783436.355384,34790608.860696,381394.36333,89485459.661945,18933840.963477,46465418.073143,46465418.065612,8.196874,500584.178177,583885.7287291143,250292.08909399997,493886.89410352387,747344.1455219996,False,True
720,3,1,1,NORMAL,0.033572101989400575,0.03308249063454727,0.020889476837128475,1.6071298602237034,3678124606.0121765,6321875393.987832,76908672.400252,34849857.520643,382500.546835,89605309.183788,18989212.798813,46540512.940515,46540512.932973,8.196874,500632.4490910001,584041.8038538805,250316.22455100002,493908.3131738786,748652.3991624996,False,True
721,3,1,1,NORMAL,0.03360611105443192,0.03311627259712047,0.0209438049590955,1.60458479822872,3674558242.7536645,6325441757.246344,77033924.363569,34909122.564994,383608.531848,89725160.783514,19044599.29188,46615614.980293,46615614.972739,8.196874,500680.26513,584196.40822483,250340.13257099997,493929.4976110584,749960.9991164996,False,True
722,3,1,1,NORMAL,0.03364013800950333,0.033150070365661304,0.020998222653722025,1.6020469238876496,3670995425.6812987,6329004574.318709,77159192.135411,34968403.949546,384718.318598,89845014.441531,19100000.304478,46690724.124854,46690724.117288,8.196874,500727.63034000003,584349.5549121702,250363.81517600003,493950.4495278314,751269.9421189995,False,True
723,3,1,1,NORMAL,0.033674182991400424,0.033183884083450924,0.021052730021447738,1.5995162127236904,3667436150.1103783,6332563849.889629,77284475.606838,35027701.630504,385829.90731,89964870.138423,19155415.699637,46765840.307173,46765840.299594,8.196874,500774.54872699996,584501.2568852016,250387.27437,493971.17100869725,752579.2249339996,False,True
724,3,1,1,NORMAL,0.033708246135813136,0.033217713893280744,0.02110732716302265,1.5969926403029224,3663880411.3739552,6336119588.626053,77409774.669876,35087015.564486,386943.298208,90084727.854945,19210845.341605,46840963.460828,46840963.45323,8.196874,500821.02427099994,584651.5270127954,250410.51214500002,493991.6641123758,753888.8443539996,False,True
725,3,1,1,NORMAL,0.0337423275773295,0.033251559937412925,0.021162014179507662,1.5944761822342999,3660328180.5300007,6339671819.470007,77535089.217516,35146345.70852,388058.491515,90204588.391712,19266289.095846,46916093.519977,46916093.512364,7.377187,500867.060925,584800.378063877,250433.53047,494011.93087511027,755198.7972004996,False,True
726,3,1,1,NORMAL,0.033776427500895184,0.0332854223608634,0.021216791313082777,1.5919668060300822,3656779501.5368533,6343220498.463154,77660419.143701,35205692.020033,389175.487452,90324450.090448,19321746.829016,46991230.41938,46991230.411751,7.377187,500912.66260199994,584947.8227079122,250456.33130900003,494031.970031895,756509.0803229996,False,True
727,3,1,1,NORMAL,0.03381054597661278,0.03331930130381497,0.02127165838428064,1.5894645055788479,3653234345.4857826,6346765654.514225,77785764.343332,35265054.456853,390294.286239,90444313.752107,19377218.408972,47066374.094371,47066374.086727,7.377187,500957.8331970001,585093.8735153978,250478.91660599998,494051.7908816766,757819.6905994996,False,True
728,3,1,1,NORMAL,0.03384468313920597,0.03335319690609826,0.021326615635408108,1.5869692462133742,3649692707.7779045,6350307292.222103,77911124.712247,35324432.977206,391414.888094,90564179.358124,19432703.70475,47141524.480862,47141524.473208,7.377187,501002.57656200003,585238.5429583563,250501.28828600005,494071.3912055518,759130.6249354996,False,True
729,3,1,1,NORMAL,0.03387883912214329,0.03338710930713343,0.021381663168768557,1.584481003873867,3646154583.8314834,6353845416.168524,78036500.147218,35383827.539707,392537.293234,90684046.890099,19488202.586556,47216681.51535,47216681.507683,7.377187,501046.89652499993,585381.8434108333,250523.44826900001,494090.7730008553,760441.8802644996,False,True
730,3,1,1,NORMAL,0.03391301405763347,0.03342103864587537,0.021436801086971265,1.5819997545363673,3642619969.081662,6357380030.9183445,78161890.545944,35443238.103369,393661.501874,90803916.329798,19543714.925765,47291845.134892,47291845.127212,7.377187,501090.79688700003,585523.7871493985,250545.39844999995,494109.93824036856,761753.4535474996,False,True
731,3,1,1,NORMAL,0.033947208076822846,0.03345498506077521,0.02149202949293059,1.579525474222393,3639088858.980333,6360911141.019674,78287295.807041,35502664.627588,394787.514228,90923787.65915,19599240.594901,47367015.277116,47367015.269419,7.377187,501134.2814069999,585664.3863536502,250567.14071199996,494128.8888723313,763065.3417724996,False,True
732,3,1,1,NORMAL,0.03398142130988383,0.03348894868974996,0.021547348489867085,1.5770581390032294,3635561227.286477,6364438772.71353,78412715.830042,35562107.072147,395915.330508,91043661.597965,19654779.46764,47442191.880202,47442191.872489,6.639469,501177.353828,585803.6531067233,250588.67692199996,494147.6268234128,764377.5419549996,False,True
733,3,1,1,NORMAL,0.034015653931995765,0.03352292967312066,0.02160275831030484,1.5745977177261565,3632037112.9085894,6367962887.091417,78538150.515385,35621565.397207,397044.950925,91163536.65306,19710331.418791,47517374.882892,47517374.875165,6.639469,501220.017858,585941.5993957978,250610.00893600003,494166.15104920045,765690.0511374995,False,True
734,3,1,1,NORMAL,0.03404990601555238,0.03355692814682594,0.021658258800502185,1.5721442027815675,3628516489.6372285,6371483510.362778,78663599.764403,35681039.563312,398176.375688,91283413.544566,19765896.324292,47592564.224477,47592564.216738,6.639469,501262.27717200003,586078.2371126135,250631.13859199994,494184.4700034545,767002.8663884995,False,True
735,3,1,1,NORMAL,0.034084177690653125,0.0335909442464277,0.021713850193138894,1.5696975611180641,3624999352.988781,6375000647.011225,78789063.479317,35740529.531381,399309.605006,91403292.255054,19821474.061197,47667759.844799,47667759.837047,6.639469,501304.1354170001,586213.5780539846,250652.067715,494202.5817921186,768315.9848029995,False,True
736,3,1,1,NORMAL,0.034118469086160376,0.03362497810705562,0.021769532592652917,1.567257769129832,3621485698.495777,6378514301.504229,78914541.563235,35800035.262703,400444.639085,91523172.767253,19877064.507669,47742961.684244,47742961.676476,6.639469,501345.5962159999,586347.6339223175,250672.79811600002,494220.48830308893,769629.4035024996,False,True
737,3,1,1,NORMAL,0.03415278032973049,0.033659029863357226,0.021825306103782798,1.5648248032503458,3617975521.7067256,6382024478.29328,79040033.920142,35859556.71894,401581.47813,91643055.064048,19932667.542975,47818169.683727,47818169.675947,6.639469,501386.6631560001,586480.4163261317,250693.331584,494238.19140040036,770943.1196344995,False,True
738,3,1,1,NORMAL,0.03418711154819243,0.03369309964947563,0.02188117083156683,1.5623986399700538,3614468818.185985,6385531181.81402,79165540.454892,35919093.862119,402720.122346,91762939.128478,19988283.047474,47893383.784707,47893383.776913,6.639469,501427.33980400005,586611.9367805806,250713.669909,494255.69292476744,772257.1303724996,False,True
739,3,1,1,NORMAL,0.03422146286737539,0.033727187599017557,0.021937126881341664,1.5599792558287113,3610965564.112142,6389034435.887863,79291061.073199,35978646.654629,403860.571935,91882825.607681,20043910.902603,47968603.929173,47968603.921361,5.975523,501467.62968599994,586742.2067079778,250733.814852,494272.9946991501,773571.4329149995,False,True
740,3,1,1,NORMAL,0.03425583445333421,0.033761293847683144,0.02199317447691081,1.5575666209212844,3607465793.8877935,6392534206.112211,79416595.681635,36038215.059222,405002.827098,92002713.157111,20099550.990878,48043830.059633,48043830.051803,5.975523,501507.53631199995,586871.2374383217,250753.76816500002,494290.09587053955,774886.0244864995,False,True
741,3,1,1,NORMAL,0.03429022638011862,0.033795418527195115,0.022049313488264517,1.5551607263586316,3603969483.7214217,6396030516.278584,79542144.187623,36097799.039006,406146.888035,92122602.424211,20155203.19588,48119062.119115,48119062.111271,5.975523,501547.063154,586999.0402098238,250773.53158399998,494307.0041259445,776200.9023359995,False,True
742,3,1,1,NORMAL,0.03432463877330245,0.03382956176887946,0.0221055441393907,1.5527615405828477,3600476629.238471,6399523370.761534,79667706.499421,36157398.557444,407292.754945,92242493.392626,20210867.402242,48194300.051174,48194300.043316,5.975523,501586.21365799994,587125.6261694379,250793.106836,494323.7178553871,777516.0637379995,False,True
743,3,1,1,NORMAL,0.034359071757271376,0.03386372370361442,0.022161866536820406,1.550369040450007,3596987226.0796204,6403012773.920384,79793282.526124,36217013.578357,408440.428024,92362386.046151,20266543.495651,48269543.799869,48269543.792001,5.975523,501624.991248,587251.0063733918,250812.49562899998,494340.2388413125,778831.5059919995,False,True
744,3,1,1,NORMAL,0.034393525455436814,0.03389790446179652,0.02221828078737969,1.5479832028665712,3593501269.9006777,6406498730.099327,79918872.177655,36276644.065908,409589.907469,92482280.368728,20322231.362829,48344793.309776,48344793.301896,5.975523,501663.39931199996,587375.191787719,250831.69966199994,494356.5688434328,780147.2264209995,False,True
745,3,1,1,NORMAL,0.03442799999020013,0.03393210417330643,0.02227478699819004,1.5456040047879072,3590018756.372412,6409981243.627592,80044475.364763,36336289.984608,410741.193475,92602176.344445,20377930.891535,48420048.525965,48420048.518077,5.975523,501701.441216,587498.1932887917,250850.720612,494372.7096018939,781463.2223734995,False,True
746,3,1,1,NORMAL,0.03446249548321637,0.03396632296749417,0.022331385276664978,1.543231423230502,3586539663.841217,6413460336.158787,80170091.999006,36395951.299311,411894.286235,92722074.555087,20433641.970545,48495309.394018,48495309.386119,5.377971,501739.120295,587620.0216638563,250869.560153,494388.66283683083,782779.4912214995,False,True
747,3,1,1,NORMAL,0.034497012092074605,0.03400056097553162,0.02238807583874607,1.540865429460987,3583064022.6894274,6416935977.310576,80295721.992748,36455627.975217,413049.185941,92841973.789928,20489364.489652,48570575.860007,48570575.852097,5.377971,501776.43986299995,587740.6876115683,250888.21993699996,494404.42786201724,784096.0303614995,False,True
748,3,1,1,NORMAL,0.03453154989198416,0.03403481832498017,0.022444858576318484,1.5385060135071786,3579591811.2918487,6420408188.708155,80421365.259159,36515319.977861,414205.892784,92961874.631039,20545098.339655,48645847.870495,48645847.862572,5.377971,501813.403191,587860.2017425287,250906.70160199996,494420.0116695786,785412.8372129995,False,True
749,3,1,1,NORMAL,0.0345661090040893,0.03406909514298721,0.022501733705535036,1.536153145194614,3576123025.3770723,6423876974.622931,80547021.712203,36575027.273108,415364.406954,93081777.063081,20600843.41235,48721125.372534,48721125.3646,5.377971,501850.01354099996,587978.5745798221,250925.006776,494435.4128982497,786729.9092194994,False,True
750,3,1,1,NORMAL,0.03460068954851979,0.034103391556247385,0.022558701334980426,1.53380680185107,3572657660.688144,6427342339.311859,80672691.266628,36634749.827164,416524.728639,93201681.070855,20656599.600523,48796408.313663,48796408.305718,5.377971,501886.274141,588095.8165595535,250943.13707599996,494450.63322887,788047.2438479995,False,True
751,3,1,1,NORMAL,0.03463529164445152,0.034137707690970236,0.022615761573529857,1.5314669608557276,3569195712.9823794,6430804287.017624,80798373.837968,36694487.606558,417686.858026,93321586.639302,20712366.79794,48871696.641902,48871696.633943,5.377971,501922.188192,588211.9380313868,250961.09410299998,494465.67432244576,789364.8385889995,False,True
752,3,1,1,NORMAL,0.03466991541010675,0.03417204367285001,0.022672914530346325,1.5291335996394801,3565737178.031295,6434262821.968708,80924069.342528,36754240.57815,418850.795302,93441493.753499,20768144.899342,48946990.305742,48946990.297768,5.377971,501957.7588629999,588326.9492590842,250978.879439,494480.53782108315,790682.6909549994,False,True
753,3,1,1,NORMAL,0.034704560962936844,0.03420639962704916,0.022730160314881644,1.5268066956930106,3562282036.1238937,6437717963.876109,81049777.697385,36814008.709122,420016.540651,93561402.93646,20823933.800434,49022289.254145,49022289.246162,4.840174,501992.989309,588440.860421045,250996.494659,494495.22534807096,792000.7984819994,False,True
754,3,1,1,NORMAL,0.03473922845267043,0.03424077568031505,0.02278749913600462,1.524486221385386,3558830314.055761,6441169685.9442425,81175498.820378,36873791.966976,421184.094257,93681313.09794,20879733.397878,49097593.43655,49097593.428554,4.840174,502027.88264499995,588553.6816108451,251013.941329,494509.73635934584,793319.1587284994,False,True
755,3,1,1,NORMAL,0.03477391795526676,0.034275171956118386,0.022844930905807203,1.5221721658360192,3555381992.142876,6444618007.857127,81301232.630096,36933590.319539,422353.456302,93801224.761222,20935543.589283,49172902.802857,49172902.794846,4.840174,502062.44197300007,588665.4228377765,251031.220994,494524.07721708773,794637.7692754994,False,True
756,3,1,1,NORMAL,0.03480862958757876,0.03430958857750293,0.022902455833389894,1.5198645001568192,3551937066.2114687,6448062933.788534,81426979.045882,36993403.73495,423524.626968,93921137.911925,20991364.273202,49248217.303419,49248217.295397,4.840174,502096.67035699997,588776.0940273873,251048.335184,494538.24677763716,795956.6277259993,False,True
757,3,1,1,NORMAL,0.034843363465626616,0.034344025667059304,0.02296007402935406,1.5175632021516992,3548495532.1014423,6451504467.898561,81552737.987822,37053232.181661,424697.606434,94041052.5358,21047195.349119,49323536.889057,49323536.881021,4.840174,502130.57084599993,588885.7050220204,251065.28543,494552.2466245849,797275.7317049993,False,True
758,3,1,1,NORMAL,0.034878119704414075,0.034378483346888644,0.023017785604585346,1.515268249673246,3545057385.6662197,6454942614.333783,81678509.37674,37113075.628436,425872.39488,94160968.618729,21103036.717446,49398861.511035,49398861.502986,4.840174,502164.146455,588994.265581354,251082.073234,494566.0783246507,798595.0788594993,False,True
759,3,1,1,NORMAL,0.03491289841819604,0.0344129617385859,0.023075590670251896,1.5129796206345572,3541622622.7726154,6458377377.227387,81804293.134187,37172934.044348,427048.992484,94280886.146724,21158888.279511,49474191.121071,49474191.113009,4.840174,502197.400179,589101.7853829404,251098.70009600004,494579.7434251345,799914.6668584993,False,True
760,3,1,1,NORMAL,0.034947699720442676,0.03444746096322183,0.023133489337806047,1.5106972930075526,3538191225.4509525,6461808774.549049,81930089.182443,37232807.398772,428227.399422,94400805.589943,21214749.93755,49549525.671328,49549525.663255,4.356157,502230.33498499996,589208.2740227451,251115.167498,494593.2434577814,801234.4933919993,False,True
761,3,1,1,NORMAL,0.03498252375350088,0.03448198114323983,0.023191481809761636,1.5084212401976067,3534763217.296824,6465236782.703178,82055897.444504,37292695.661392,429407.615871,94520725.966622,21270621.594704,49624865.114411,49624865.106324,4.356157,502262.953818,589313.7410156848,251131.476916,494606.5780022599,802554.5561714993,False,True
762,3,1,1,NORMAL,0.03501737059362661,0.034516522398103495,0.02324956801687064,1.5061514505653126,3531338580.3661222,6468661419.633881,82181717.844075,37352598.802191,430589.642004,94640647.747173,21326503.155007,49700209.403361,49700209.395258,4.356157,502295.25959199993,589418.1957961663,251147.629804,494619.7528483494,803874.8529299994,False,True
763,3,1,1,NORMAL,0.035052240353648303,0.03455108484684832,0.023307748161899986,1.5038878964269253,3527917310.577513,6472082689.422489,82307550.305575,37412516.791446,431773.477995,94760570.918118,21382394.52338,49775558.491652,49775558.483534,4.356157,502327.25520300004,589521.6477186242,251163.62760900002,494632.7670410072,805195.3814204993,False,True
764,3,1,1,NORMAL,0.035087133145512324,0.034585668608052456,0.023366022357429576,1.5016305560606402,3524499403.8626027,6475500596.1374,82433394.754117,37472449.599733,432959.124017,94880495.466103,21438295.605623,49850912.333191,49850912.325057,4.356157,502358.94351799996,589624.1060580567,251179.47176699998,494645.62207263807,806516.1394174993,False,True
765,3,1,1,NORMAL,0.03512204908031834,0.03462027379981155,0.023424390716318435,1.4993794078003835,3521084856.165777,6478915143.834225,82559251.115509,37532397.197921,434146.580241,95000421.377898,21494206.308408,49926270.88231,49926270.874162,4.356157,502390.32738399995,589725.5800105634,251195.16369900003,494658.31941842387,807837.1247164994,False,True
766,3,1,1,NORMAL,0.035156988268376516,0.034654900539718966,0.02348285335170493,1.4971344300382476,3517673663.444105,6482326336.555897,82685119.31625,37592359.55717,435335.846837,95120348.640395,21550126.539273,50001634.093761,50001634.085602,4.356157,502421.40961499995,589826.0786938795,251210.70481300002,494670.86053688027,809158.3351324993,False,True
767,3,1,1,NORMAL,0.035191950819388064,0.034689548944858914,0.023541410377005495,1.4948956012322205,3514265809.288946,6485734190.711056,82810999.283522,37652336.648924,436526.923975,95240277.676223,21606056.206611,50077001.922723,50077001.914552,3.920542,502452.19301399996,589925.6111479116,251226.096513,494683.24687072576,810479.7685009993,False,True
768,3,1,1,NORMAL,0.03522693686873544,0.03472421913349611,0.023600061989038308,1.4926628957626276,3510861314.4414124,6489138685.55859,82936890.945177,37712328.44492,437719.811823,95360207.601287,21661995.219664,50152374.324786,50152374.3166,3.920542,502482.68034499994,590024.186335271,251241.34018000003,494695.4781070144,811801.4226779994,False,True
769,3,1,1,NORMAL,0.035261946492726286,0.03475891122118838,0.023658808135793456,1.4904363013696544,3507460162.517121,6492539837.482882,83062794.229749,37772334.917171,438914.510547,95480138.838455,21717943.488521,50227751.255951,50227751.247751,3.920542,502512.874366,590121.8131418063,251256.43719000003,494707.55951485265,813123.2955389994,False,True
770,3,1,1,NORMAL,0.03529697980024403,0.03479362532306293,0.023717649014358817,1.4882157914924456,3504062349.5222774,6495937650.477725,83188709.066427,37832356.037975,440111.020314,95600071.375099,21773900.924101,50303132.672629,50303132.664417,3.920542,502542.777792,590218.5003771355,251271.388902,494719.4903041911,814445.3849794994,False,True
771,3,1,1,NORMAL,0.03533203689941846,0.034828361553795546,0.023776584739259737,1.4860013448894718,3500667871.4752736,6499332128.524729,83314635.385066,37892391.779906,441309.34129,95720005.19871,21829867.438154,50378518.531637,50378518.523414,3.920542,502572.393333,590314.2567751769,251286.196672,494731.27187953383,815767.6889144994,False,True
772,3,1,1,NORMAL,0.03536711789756795,0.03486312002758732,0.02383561542529453,1.4837929403759427,3497276724.406707,6502723275.593296,83440573.116169,37952442.115817,442509.473638,95839940.296892,21885842.94325,50453908.790196,50453908.781959,3.920542,502601.72366,590409.0909946784,251300.86183699997,494742.9056302922,817090.2052779994,False,True
773,3,1,1,NORMAL,0.03540222290125879,0.03489790085814677,0.023894741187536307,1.4815905568261554,3493888904.359064,6506111095.640939,83566522.190893,38012507.01883,443711.417521,95959876.657368,21941827.352771,50529303.405921,50529303.39767,3.920542,502630.77142999996,590503.0116197461,251315.38572200004,494754.392930049,818412.9320234994,False,True
774,3,1,1,NORMAL,0.03543735201636649,0.03493270415867707,0.02395396214133058,1.4793941731761473,3490504396.3235145,6509495603.676488,83692482.541032,38072586.462345,444915.173102,96079814.660026,21997820.580911,50604702.336818,50604702.32856,3.528488,502659.539275,590596.0271603708,251329.76964099996,494765.73513741774,819735.8671239994,False,True
775,3,1,1,NORMAL,0.03547250537202408,0.03496753004340914,0.024013278478407726,1.4772037647387577,3487123218.4951057,6512876781.504896,83818454.099023,38132680.420023,446120.740542,96199753.508708,22053822.542658,50680105.5413,50680105.533029,3.528488,502688.0298089999,590688.1460529547,251344.014911,494776.9320287648,821059.0085709994,False,True
776,3,1,1,NORMAL,0.03550768304414562,0.03500237862410182,0.02407269016268311,1.4750193187460516,3483745355.8879375,6516254644.112064,83944436.797931,38192788.865798,447328.120001,96319693.58353,22109833.153797,50755512.978148,50755512.969868,3.528488,502716.245609,590779.3766608346,251358.12280900002,494787.9884039102,822382.3543744994,False,True
777,3,1,1,NORMAL,0.03554288513796073,0.03503725001209272,0.02413219738617179,1.4728408096946646,3480370804.5911465,6519629195.408855,84070430.571447,38252911.773864,448537.311638,96439634.872664,22165852.330898,50830924.606541,50830924.598254,3.528488,502744.189249,590869.7272748062,251372.094628,494798.9036135327,823705.9025634994,False,True
778,3,1,1,NORMAL,0.03557811175788926,0.03507214431827315,0.024191800265309347,1.4706682168217013,3476999560.7054334,6523000439.294569,84196435.353883,38313049.118677,449748.315612,96559577.364393,22221879.991307,50906340.386041,50906340.37774,3.528488,502771.86326199997,590959.2061136443,251385.93163800004,494809.67898038035,825029.6511849994,False,True
779,3,1,1,NORMAL,0.03561336300755114,0.03510706165306528,0.02425149891680118,1.468501519420665,3473631620.3429193,6526368379.6570835,84322451.080166,38373200.874959,450961.13208,96679521.047111,22277916.053148,50981760.276576,50981760.268262,3.528488,502799.27017499995,591047.8213246234,251399.63509400003,494820.31581163907,826353.5983044994,False,True
780,3,1,1,NORMAL,0.03564863898998425,0.03514200212641489,0.02431129345762093,1.4663406968504744,3470266979.627135,6529733020.372868,84448477.685828,38433367.017684,452175.761199,96799465.909319,22333960.435305,51057184.238461,51057184.23013,3.528488,502826.41248299996,591135.5809840362,251413.20625,494830.81539912184,827677.7420054994,False,True
781,3,1,1,NORMAL,0.03568393980749913,0.03517696584777516,0.024371184005014264,1.4641857285291233,3466905624.8047395,6533094375.195263,84574515.107018,38493547.522079,453392.203124,96919412.292473,22390013.057426,51132612.232372,51132612.224025,3.17564,502853.2926599999,591222.4930977094,251426.646338,494841.17902236304,829002.0803894994,False,True
782,3,1,1,NORMAL,0.03571926558312414,0.035211952927475094,0.024431170746173236,1.4620365906418549,3463547571.79993,6536452428.200072,84700563.280473,38553742.363631,454610.45801,97039359.479594,22446073.83991,51208044.219357,51208044.210996,3.17564,502879.91316599987,591308.5656015199,251439.95659,494851.4065352499,830326.6115759994,False,True
783,3,1,1,NORMAL,0.035754616392419725,0.035246963473600554,0.02449125365973982,1.4598932700286915,3460192806.8811703,6539807193.118832,84826622.143528,38613951.518074,455830.526011,97159307.812351,22502142.703901,51283480.160829,51283480.152458,3.17564,502906.27643,591393.8063619072,251453.13822,494861.5023076257,831651.3337019994,False,True
784,3,1,1,NORMAL,0.0357899923369948,0.03528199759381954,0.024551432933206035,1.4577557421745642,3456841326.2161407,6543158673.783861,84952691.634105,38674174.961388,457052.407279,97279257.27967,22558219.571279,51358920.018569,51358920.010184,3.17564,502932.38486000005,591478.2231763853,251466.192437,494871.4658153852,832976.2449214994,False,True
785,3,1,1,NORMAL,0.035825393517691664,0.035317055395359676,0.024611708684887844,1.4556239867932974,3453493125.983483,6546506874.01652,85078771.690713,38734412.669805,458276.101966,97399207.870581,22614304.364664,51434363.754707,51434363.746308,3.17564,502958.2408539999,591561.8237740527,251479.120434,494881.2983019305,834301.3434064994,False,True
786,3,1,1,NORMAL,0.0358608200346572,0.035352136984991775,0.024672081033366013,1.4534979836585236,3450148202.372699,6549851797.627304,85204862.252437,38794664.619795,459501.610224,97519159.574217,22670397.007396,51509811.331733,51509811.323322,3.17564,502983.846776,591644.6158160998,251491.923394,494891.00099600555,835626.6273454993,False,True
787,3,1,1,NORMAL,0.03589627198747336,0.03538724246902285,0.02473255009748657,1.4513777126088303,3446806551.5840635,6553193448.415939,85330963.258936,38854930.788075,460728.932203,97639112.379813,22726497.423539,51585262.712489,51585262.704065,3.17564,503009.204977,591726.6068963151,251504.602495,494900.5751127337,836952.0949444993,False,True
788,3,1,1,NORMAL,0.035931749475079794,0.03542237195328459,0.024793115996359624,1.4492631535445426,3443468160.9905524,6556531839.00945,85457074.650436,38915211.151601,461958.068052,97759066.594269,22782605.537869,51660717.860165,51660717.85173,2.858076,503034.3177849999,591807.8045415895,251517.158898,494910.02185546665,838277.7444264994,False,True
789,3,1,1,NORMAL,0.03596725261491845,0.03545752554435774,0.024853778913149303,1.4471542834836024,3440133044.4914055,6559866955.508596,85583196.367728,38975505.687566,463189.017919,97879021.571894,22838721.275868,51736176.7383,51736176.729854,2.858076,503059.18750700005,591888.2162124183,251529.59375900004,494919.3411445051,839603.5740304993,False,True
790,3,1,1,NORMAL,0.03600278148195957,0.03549270334678367,0.024914538840119304,1.445051088964373,3436801189.4803114,6563198810.5196905,85709328.352159,39035814.373401,464421.781953,97998977.619788,22894844.563721,51811639.310776,51811639.302314,2.858076,503083.81643,591967.8493034011,251541.90822300003,494928.5369606035,840929.5820124993,False,True
791,3,1,1,NORMAL,0.03603833617423419,0.03552790546468371,0.024975395960746112,1.4429535463972512,3433472592.1994314,6566527407.8005705,85835470.545634,39096137.186766,465656.3603,98118934.727585,22950975.328308,51887105.541806,51887105.533333,2.858076,503108.2068170001,592046.7111437408,251554.103414,494937.6088871935,842255.7666449994,False,True
792,3,1,1,NORMAL,0.03607391678931137,0.03556313200175647,0.02503635039519458,1.440861635976916,3430147248.901319,6569852751.098682,85961622.890602,39156474.105558,466892.753106,98238892.885017,23007113.497197,51962575.395953,51962575.387468,2.858076,503132.3609240001,592124.8089977383,251566.180468,494946.5580908096,843582.1262169994,False,True
793,3,1,1,NORMAL,0.03610952342395805,0.03559838306125335,0.02509740226389233,1.4387753379523613,3426825155.848814,6573174844.151188,86087785.33006,39216825.1079,468130.960516,98358852.081913,23063258.998638,52038048.838104,52038048.829611,2.858076,503156.280968,592202.1500652881,251578.14048799998,494955.385727806,844908.6590329994,False,True
794,3,1,1,NORMAL,0.036145156174525815,0.0356336587459806,0.025158551687526082,1.4366946326424277,3423506309.314972,6576493690.68503,86213957.807537,39277190.172145,469370.982675,98478812.308198,23119411.761557,52113525.833488,52113525.824981,2.858076,503179.969162,592278.7414823686,251589.98458800002,494964.0929397258,846235.3634134994,False,True
795,3,1,1,NORMAL,0.03618081513664505,0.035668959158281534,0.02521979878704569,1.4346195004231974,3420190697.6835885,6579809302.316413,86340140.267105,39337569.276867,470612.819726,98598773.839698,23175571.715553,52189006.347651,52189006.339133,2.572269,503203.42769299995,592354.590321533,251601.713852,494972.6808586566,847562.2376954994,False,True
796,3,1,1,NORMAL,0.03621650042255775,0.03570428440113806,0.025281143742048224,1.4325499191051856,3416878333.048261,6583121666.95174,86466332.653355,39397962.40087,471856.471812,98718736.094913,23231738.790886,52264490.346472,52264490.337938,2.572269,503226.65872200014,592429.7035923968,251613.32936899996,494981.14945985185,848889.2802309995,False,True
797,3,1,1,NORMAL,0.036252212106363584,0.03573963457566874,0.025342586557409605,1.4304858750009575,3413569203.8124223,6586430796.187579,86592534.911413,39458369.523176,473101.939075,98838699.349858,23287912.918481,52339977.796141,52339977.787598,2.572269,503249.6644090001,592504.0882421223,251624.832209,494989.50237068307,850216.4893884994,False,True
798,3,1,1,NORMAL,0.03628795028301733,0.03577500978259446,0.025404127413049874,1.4284273454075236,3410263306.2888813,6589736693.711121,86718746.986914,39518790.623029,474349.221657,98958663.594833,23344094.029907,52415468.663185,52415468.654626,2.572269,503272.446874,592577.7511559026,251636.223445,494997.7392654344,851543.8635504994,False,True
799,3,1,1,NORMAL,0.036323715046663145,0.0358104101222118,0.025465766430957933,1.4263743109850229,3406960636.800315,6593039363.199687,86844968.826019,39579225.679887,475598.319697,99078628.820229,23400282.057389,52490962.914428,52490962.905858,2.572269,503295.00823100004,592650.6991574421,251647.50412100003,495005.861242437,852871.4011164994,False,True
800,3,1,1,NORMAL,0.03635950649107782,0.0358458356943967,0.02552750373337802,1.4243267524641121,3403661191.6791763,6596338808.320826,86971200.375392,39639674.673426,476849.233336,99198595.016528,23456476.933785,52566460.517029,52566460.50844,2.572269,503317.35057300003,592722.9390094355,251658.67529600006,495013.86938533065,854199.1004994995,False,True
801,3,1,1,NORMAL,0.03639532470924903,0.035881286598580725,0.025589339442813636,1.422284650628998,3400364967.2675414,6599635032.73246,87097441.58221,39700137.583535,478101.962712,99318562.174304,23512678.592597,52641961.438433,52641961.429832,2.572269,503339.475972,592794.4774140435,251669.73799199998,495021.76476915466,855526.9601284994,False,True
802,3,1,1,NORMAL,0.03643116979378275,0.03591676293375505,0.02565127368202333,1.4202479863334847,3397071952.8565555,6602928047.143446,87223692.394144,39760614.390316,479356.507963,99438530.541444,23568886.967948,52717465.646412,52717465.637801,2.315043,503361.38647800003,592865.3210133679,251680.69324400002,495029.5484546285,856854.9784469994,False,True
803,3,1,1,NORMAL,0.03646704185215739,0.03595226479945843,0.02571330662746649,1.4182167381461532,3393782158.9300733,6606217841.069928,87349952.759367,39821105.074077,480612.869227,99558499.594246,23625101.994588,52792973.109046,52792973.100417,2.315043,503383.08413399995,592935.4763899217,251691.54207600004,495037.22046485724,858183.1539134994,False,True
804,3,1,1,NORMAL,0.03650294095745949,0.035987792293523016,0.02577543829569834,1.4161908922243804,3390495574.797912,6609504425.202089,87476222.626544,39881609.61534,481871.04664,99678469.580774,23681323.60789,52868483.794696,52868483.786059,2.315043,503404.570952,593004.9500671002,251702.28548000002,495044.78410723223,859511.4850014994,False,True
805,3,1,1,NORMAL,0.03653886720156891,0.03602334551339695,0.02583766886351046,1.414170426697098,3387212196.839937,6612787803.160065,87602501.944826,39942127.99483,483131.040339,99798440.491953,23737551.743835,52943997.672045,52943997.663396,2.315043,503425.848934,593073.7485096466,251712.924473,495052.23913350346,860839.9701979994,False,True
806,3,1,1,NORMAL,0.036574820675629116,0.036058924556121606,0.025899998454686605,1.412155322696975,3383932021.4453673,6616067978.554634,87728790.66385,40002660.193476,484392.850458,99918412.318794,23793786.339012,53019514.710064,53019514.701401,2.315043,503446.92006000003,593141.8781241175,251723.460037,495059.5865754758,862168.6080044993,False,True
807,3,1,1,NORMAL,0.036610801470276885,0.036094529518325175,0.0259624271932637,1.4101455614202376,3380655045.0127044,6619344954.987297,87855088.733729,40063206.192412,485656.477133,100038385.052393,23850027.330613,53095034.87802,53095034.869343,2.315043,503467.78629799996,593209.3452593446,251733.89315599998,495066.8274515338,863497.3969374993,False,True
808,3,1,1,NORMAL,0.03664680967563224,0.03613016049621595,0.026024955203533158,1.4081411241260102,3377381263.9496074,6622618736.050394,87981396.105054,40123765.972973,486921.920496,100158358.683932,23906274.656426,53170558.145471,53170558.136776,2.315043,503488.449588,593276.1562068943,251744.22480300002,495073.9627698004,864826.3355269993,False,True
809,3,1,1,NORMAL,0.03668284538121594,0.03616581758557079,0.026087582610040683,1.4061419921329665,3374110668.361937,6625889331.638064,88107712.728889,40184339.516688,488189.180681,100278333.436179,23962528.254832,53246084.482257,53246084.473553,2.083539,503508.91186100006,593342.3172015256,251754.455935,495080.99352803006,866155.4223174993,False,True
810,3,1,1,NORMAL,0.03671890868994335,0.03620150088262709,0.02615030958649464,1.4041481447281554,3370843267.298712,6629156732.70129,88234038.556759,40244926.805288,489458.257821,100398308.837473,24018788.064795,53321613.858517,53321613.849805,2.083539,503529.17502599995,593407.8344216441,251764.587517,495087.9197865284,867484.6558664993,False,True
811,3,1,1,NORMAL,0.0367549996741668,0.03623721048208127,0.026213136160276665,1.4021595679903902,3367579050.883569,6632420949.116433,88360373.540653,40305527.820697,490729.152047,100518285.110748,24075054.025859,53397146.244676,53397146.235949,2.083539,503549.24098099995,593472.7139897556,251774.620498,495094.7445602068,868814.0347454993,False,True
812,3,1,1,NORMAL,0.03679111842258048,0.03627294647824251,0.026276062505438524,1.4001762408262497,3364318015.5600443,6635681984.439958,88486717.633022,40366142.545033,492001.86349,100638262.247516,24131326.078145,53472681.611427,53472681.602685,2.083539,503569.11159499985,593536.9619729151,251784.55580499998,495101.4676718261,870143.5575399993,False,True
813,3,1,1,NORMAL,0.03682726502343581,0.03630870896502918,0.02633908874753564,1.3981981448345082,3361060157.780553,6638939842.219449,88613070.786769,40426770.960607,493276.39228,100758240.23937,24187604.162346,53548219.929745,53548219.920993,2.083539,503588.788736,593600.584383174,251794.394373,495108.0900867622,871473.2228489992,False,True
814,3,1,1,NORMAL,0.03686343956450104,0.03634449803596285,0.026402215012373158,1.3962252616769208,3357805474.0063744,6642194525.993628,88739432.955243,40487413.049919,494552.738547,100878219.077981,24243888.219715,53623761.17089,53623761.162126,2.083539,503608.27423800004,593663.5871780261,251804.13712499998,495114.61276118155,872803.0292839992,False,True
815,3,1,1,NORMAL,0.036899642133072584,0.036380313784163475,0.02646544142600808,1.3942575730783249,3354553960.7074833,6645446039.292519,88865804.092245,40548068.795656,495830.90242,100998198.755101,24300178.192069,53699305.306391,53699305.297613,2.083539,503627.569936,593725.9762608492,251813.78497500002,495121.0366415391,874132.9754704993,False,True
816,3,1,1,NORMAL,0.03693587281590993,0.03641615630234067,0.026528768114745523,1.3922950608241704,3351305608.72157,6648694391.278432,88992184.15201,40608738.180696,497110.884028,101118179.470914,24356474.021775,53774852.308048,53774852.299254,1.875186,503646.67763,593787.757481345,251823.33882300003,495127.36266474944,875463.0600469992,False,True
817,3,1,1,NORMAL,0.03697213171164801,0.03645202568358631,0.026592195249902698,1.3903377048866732,3348060425.8188434,6651939574.181158,89118573.089218,40669421.188098,498392.683498,101238160.800622,24412775.651755,53850402.147927,53850402.139118,1.875186,503665.59911899996,593848.9366359768,251832.79956699998,495133.5909239421,876793.2816644992,False,True
818,3,1,1,NORMAL,0.037008418891519186,0.03648792201958198,0.026655722868906148,1.3883854913081137,3344818402.853942,6655181597.146059,89244970.858979,40730117.801106,499676.300957,101358142.944563,24469083.025473,53925954.798364,53925954.78954,1.875186,503684.33617699996,593909.5194684044,251842.16809599998,495139.7241677224,878123.6389879992,False,True
819,3,1,1,NORMAL,0.037044734441525715,0.03652384540164287,0.026719351143422772,1.3864383997455205,3341579536.330944,6658420463.669057,89371377.416837,40790828.003143,500961.736531,101478125.894799,24525396.086932,54001510.23196,54001510.223121,1.875186,503702.890567,593969.5116699159,251851.44529100004,495145.76227552345,879454.1306939991,False,True
820,3,1,1,NORMAL,0.03708107844707392,0.036559795920702944,0.026783080200755486,1.3844964122546277,3338343822.762358,6661656177.237642,89497792.718755,40851551.777818,502248.990347,101598109.643468,24581714.78067,54077068.421571,54077068.412723,1.875186,503721.264027,594028.9188798574,251860.632018,495151.7061544658,880784.7554719992,False,True
821,3,1,1,NORMAL,0.03711745099328483,0.03659577366732113,0.02684691016845629,1.382559510959883,3335111258.6690774,6664888741.330923,89624216.721122,40912289.108912,503538.062529,101718094.182783,24638039.051753,54152629.340326,54152629.331464,1.875186,503739.458292,594087.7466860613,251869.729153,495157.5567006226,882115.5120239991,False,True
822,3,1,1,NORMAL,0.037153852164654375,0.03663177873166521,0.026910841174325097,1.3806276780415863,3331881840.580308,6668118159.419693,89750649.380747,40973039.980387,504828.953202,101838079.505031,24694368.845779,54228192.961594,54228192.952721,1.875186,503757.47507299995,594146.0006252693,251878.73754200002,495163.3148032079,883446.3990649991,False,True
823,3,1,1,NORMAL,0.037190282045280194,0.03666781120351134,0.026974873346407226,1.378700895744282,3328655559.991365,6671344440.008636,89877090.654848,41033804.376376,506121.66249,101958065.790091,24750704.108855,54303759.259011,54303759.250128,1.687668,503775.3160600001,594203.6861835553,251887.65803500003,495168.98134006915,884777.4153219991,False,True
824,3,1,1,NORMAL,0.03722674072995856,0.03670387117295955,0.027039006853953516,1.3767791447012945,3325432423.533103,6674567576.466898,90003540.501057,41094582.281189,507416.190516,102078052.65536,24807044.787612,54379328.206464,54379328.197564,1.687668,503792.982941,594260.808796745,251896.491479,495174.5564306758,886108.5595334991,False,True
825,3,1,1,NORMAL,0.037263228288745766,0.036739958728816725,0.02710324174371658,1.374862410965456,3322212422.716903,6677787577.283098,90129998.877411,41155373.679307,508712.537403,102198040.280864,24863390.829187,54454899.778082,54454899.769168,1.687668,503810.47738000005,594317.3738508323,251905.238697,495180.0425834583,887439.8304504991,False,True
826,3,1,1,NORMAL,0.037299744804995344,0.03677607395953793,0.0271675781853059,1.372950674902985,3318995554.104442,6681004445.895559,90256465.742356,41216178.55538,510010.703273,102318028.65918,24919742.181229,54530473.948245,54530473.939319,1.687668,503827.80103,594373.386682394,251913.90052099997,495185.4397256285,888771.2268364991,False,True
827,3,1,1,NORMAL,0.03733629036160622,0.036812216953219755,0.027232016307751232,1.3710439190277268,3315781814.265377,6684218185.734625,90382941.054726,41276996.89423,511310.688247,102438017.782958,24976098.79188,54606050.691586,54606050.682643,1.687668,503844.9555229999,594428.8525790008,251922.47776999997,495190.74870803923,890102.7474659991,False,True
828,3,1,1,NORMAL,0.03737286504092024,0.03684838779758753,0.027296556240330512,1.3691421259104486,3312571199.7773623,6687428800.222639,90509424.77376,41337828.680842,512612.492446,102558007.644917,25032460.609784,54681629.98297,54681629.974012,1.687668,503861.9424789999,594483.7767796272,251930.971247,495195.9703725823,891434.3911254992,False,True
829,3,1,1,NORMAL,0.03740946892494679,0.036884586579997804,0.02736119811256514,1.3672452781871112,3309363707.225925,6690636292.774076,90635916.859086,41398673.900372,513916.115991,102677998.237847,25088827.584078,54757211.797506,54757211.788533,1.687668,503878.76350500004,594538.1644750579,251939.38175999996,495201.1055508744,892766.1566134992,False,True
830,3,1,1,NORMAL,0.0374461020952795,0.03692081338743533,0.02742594205422124,1.3653533585555,3306159328.697562,6693840671.30244,90762417.270721,41459532.538136,515221.559001,102797989.723372,25145199.664384,54832796.110545,54832796.101557,1.518902,503895.420193,594592.0208082913,251947.710104,495206.15506725974,894098.0427399991,False,True
831,3,1,1,NORMAL,0.03748276464298266,0.03695706830714806,0.027490788232781886,1.3634663482760987,3302958069.8080993,6697041930.191902,90888925.969061,41520404.579614,516528.821596,102917981.756887,25201576.800805,54908382.897675,54908382.888671,1.518902,503911.91411599994,594645.3508749412,251955.95706600003,495211.11906267866,895430.0483254992,False,True
832,4,1,1,NORMAL,0.03751945663707058,0.03699335142520758,0.02755573670366998,1.3615842334592199,3300000000.0,6700000000.000002,91015442.914894,41581290.010446,517837.903894,103037974.500153,25257958.943929,54983972.134711,54983972.125691,1.518902,503928.246836,594698.1597236353,251964.123426,495215.99982502917,896762.1722029991,False,True
833,4,1,1,NORMAL,0.03755565132859021,0.03702962883832904,0.02761877820284182,1.3597868469332197,3300000000.0,6700000000.000002,91141968.069378,41642188.816433,519148.806013,103157967.946232,25314346.044812,55059563.797707,55059563.788673,1.518902,503944.419902,594750.4523564117,251972.20995800002,495256.82760933175,898094.4132159991,False,True
834,4,1,1,NORMAL,0.03758496202663072,0.037065456785961404,0.0276571216345597,1.3589614466483533,3300000000.0,6700000000.000002,91268501.394047,41703100.983535,520461.528071,103277962.088253,25370738.054983,55135157.862944,55135157.853896,1.518902,503960.43484400003,594802.2337291121,251980.217429,495734.59753739083,899426.7702189991,False,True
835,4,1,1,NORMAL,0.0376087176797948,0.03710050587588614,0.02769546753054727,1.3579376350413117,3300000000.0,6700000000.000002,91395042.850806,41764026.497868,521776.070185,103397956.91941,25427134.926439,55210754.306929,55210754.29787,1.518902,503976.2931850001,594853.5087517728,251988.14659799996,496121.4987515255,900759.2420784992,False,True
836,4,1,1,NORMAL,0.03762799221574129,0.03713453725265099,0.027733815879371515,1.3567549586181933,3300000000.0,6700000000.000002,91521592.401926,41824965.345703,523092.432471,103517952.432963,25483536.611631,55286353.106403,55286353.097328,1.518902,503991.996422,594904.2822890135,251995.99821900006,496435.07337329135,902091.8276704992,False,True
837,4,1,1,NORMAL,0.037643652621139986,0.037167383405456736,0.02777216666971,1.3554452941619577,3300000000.0,6700000000.000002,91648150.010043,41885917.513465,524410.615045,103637948.774127,25539943.063472,55361954.238322,55361954.229232,1.367012,504007.546053,594954.5591604222,252003.77303399998,496689.49724778504,903424.5258824992,False,True
838,4,1,1,NORMAL,0.03765639831175943,0.03719893275425046,0.027810519890350303,1.3540343172378253,3300000000.0,6700000000.000002,91774715.638156,41946882.987731,525730.618023,103757945.632512,25596354.235328,55437557.679864,55437557.670761,1.367012,504022.94355300005,595004.3441409396,252011.47178300002,496896.21459904785,904757.3356129992,False,True
839,4,1,1,NORMAL,0.03766679323186958,0.03722911730119363,0.02784887553018697,1.3525426974974417,3300000000.0,6700000000.000002,91901289.249617,42007861.755229,527052.441519,103877943.153459,25652770.08101,55513163.408435,55513163.399314,1.367012,504038.19038200006,595053.641961239,252019.09519999995,497064.45771522453,906090.2557704991,False,True
840,4,1,1,NORMAL,0.037675291938703684,0.037257902761678154,0.027887233578223335,1.3509870684385015,3300000000.0,6700000000.000002,92027870.808137,42068853.802839,528376.085647,103997941.330485,25709190.554779,55588771.401643,55588771.39251,1.367012,504053.2879940001,595102.457308104,252026.64400300002,497201.67066067853,907423.2852744991,False,True
841,4,1,1,NORMAL,0.0376822607452857,0.03728528069610445,0.027925594023567573,1.3493808122213649,3300000000.0,6700000000.000002,92154460.277773,42129859.117585,529701.550522,104117940.157167,25765615.61133,55664381.637328,55664381.628179,1.367012,504068.23782,595150.7948248048,252034.11891800005,497313.8535908886,908756.4230544991,False,True
842,4,1,1,NORMAL,0.03768799482337104,0.037311262252702294,0.027963956855433333,1.347734693563166,3300000000.0,6700000000.000002,92281057.62293,42190877.686646,531028.836256,104237939.627145,25822045.2058,55739994.093527,55739994.08437,1.367012,504083.04128599993,595198.6591114702,252041.52064699997,497405.8418377713,910089.668050499,False,True
843,4,1,1,NORMAL,0.03769273201866847,0.037335873205345274,0.02800232206313909,1.346057371016576,3300000000.0,6700000000.000002,92407662.808359,42251909.497335,532357.942963,104357939.73412,25878479.293752,55815608.748508,55815608.739337,1.367012,504097.699802,595246.054725459,252048.849908,497481.5316684978,911423.019212999,False,True
844,4,1,1,NORMAL,0.03769666399660847,0.03735915003058806,0.02804068963610697,1.3443558088552805,3300000000.0,6700000000.000002,92534275.799153,42312954.537118,533688.870754,104477940.608555,25934917.831183,55891225.58073,55891225.571549,1.230311,504112.214764,595292.9861817266,252056.107387,497544.0626464238,912756.475501999,False,True
845,4,1,1,NORMAL,0.03769994522820185,0.037381136817530886,0.02807905956385909,1.3426356086628315,3300000000.0,6700000000.000002,92660896.560735,42374012.793603,535021.619742,104597941.970869,25991360.774508,55966844.568875,55966844.559678,1.230311,504126.58755199995,595339.457953191,252063.29378399998,497595.9647552318,914090.035887499,False,True
846,4,1,1,NORMAL,0.03770270022917204,0.03740188284408838,0.028117431836022423,1.3409012760855894,3300000000.0,6700000000.000002,92787525.058874,42435084.254534,536356.190037,104717943.951645,26047808.080567,56042465.691818,56042465.682605,1.230311,504140.81953999994,595385.474471095,252070.40977799997,497639.2770122644,915423.699349999,False,True
847,4,1,1,NORMAL,0.03770502939024814,0.0374214406857761,0.028155806442322122,1.3391564353693026,3300000000.0,6700000000.000002,92914161.259663,42496168.907803,537692.581751,104837946.544824,26104259.706616,56118088.928641,56118088.919414,1.230311,504154.9120879999,595431.0401253665,252077.456051,497675.64302507095,916757.4648794989,False,True
848,4,1,1,NORMAL,0.03770701367106751,0.0374398647493433,0.028194183372583333,1.3374040018387152,3300000000.0,6700000000.000002,93040805.129525,42557266.741434,539030.794994,104957949.744404,26160715.610319,56193714.258631,56193714.24939,1.230311,504168.86653199996,595476.1592649759,252084.433273,497706.38795127545,918091.331475999,False,True
849,4,1,1,NORMAL,0.03770871837899798,0.037457210144804895,0.028232562616730305,1.3356463205593747,3300000000.0,6700000000.000002,93167456.63521,42618377.743592,540370.829875,105077953.544442,26217175.749753,56269341.661274,56269341.652019,1.230311,504182.684216,595520.8361982914,252091.34211499998,497732.58045809116,919425.298148999,False,True
850,4,1,1,NORMAL,0.03771019621073187,0.037473531826477606,0.028270944164784245,1.3338852777936454,3300000000.0,6700000000.000002,93294115.743788,42679501.902578,541712.686504,105197957.939052,26273640.083398,56344971.116251,56344971.106984,1.230311,504196.366452,595565.0751934309,252098.18323200004,497755.0826027734,920759.363916999,False,True
851,4,1,1,NORMAL,0.03771148970101612,0.03748888394741558,0.02830932800686333,1.332122390608259,3300000000.0,6700000000.000002,93420782.422649,42740639.206831,543056.36499,105317963.045436,26330108.570135,56420602.603443,56420602.594163,1.10728,504209.91455100005,595608.8804786123,252104.957282,497774.5899816607,922093.527808999,False,True
852,4,1,1,NORMAL,0.03771263319383373,0.03750331938266836,0.02834771413318212,1.330358878908321,3300000000.0,6700000000.000002,93547456.639501,42801789.644915,544401.865441,105437968.611759,26386581.16924,56496236.102927,56496236.093629,1.10728,504223.329806,595652.2562425011,252111.664912,497791.6640534128,923427.788862499,False,True
853,4,1,1,NORMAL,0.03771365442954665,0.037516889385692774,0.028386102534048788,1.3285957233582728,3300000000.0,6700000000.000002,93674138.362361,42862953.205539,545749.187966,105557974.755335,26443057.840387,56571871.594962,56571871.585652,1.10728,504236.613504,595695.2066345551,252118.306758,497806.75815860525,924762.1461249989,False,True
854,4,1,1,NORMAL,0.03771457582331761,0.0375296433494105,0.02842449319986727,1.3268337119725222,3300000000.0,6700000000.000002,93800827.559562,42924129.877533,547098.332671,105677981.470503,26499538.543635,56647509.06001,56647509.050685,1.10728,504249.7669130001,595737.7357653668,252124.88346400004,497820.23847001576,926096.5986524989,False,True
855,4,1,1,NORMAL,0.037715415494487085,0.03754162864909286,0.028462886121133027,1.3250734775797832,3300000000.0,6700000000.000002,93927524.199739,42985319.649862,548449.299664,105797988.751655,26556023.239431,56723148.478718,56723148.469375,1.10728,504262.791294,595779.8477070029,252131.39565599998,497832.4008677924,927431.1455109989,False,True
856,4,1,1,NORMAL,0.03771618809611144,0.037552890548900514,0.028501281288436663,1.323315527972891,3300000000.0,6700000000.000002,94054228.251841,43046522.511618,549802.089052,105917996.593239,26612511.888608,56798789.831913,56798789.822555,1.10728,504275.687897,595821.5464933427,252137.84395600003,497843.48452722956,928765.785774999,False,True
857,4,1,1,NORMAL,0.037716905483466845,0.03756347215758221,0.028539678692456973,1.3215602701734483,3300000000.0,6700000000.000002,94180939.685108,43107738.452023,551156.70094,106038004.989756,26669004.452373,56874433.100613,56874433.091244,1.10728,504288.45795300003,595862.8361204123,252144.22898199994,497853.6828686711,930100.5185274989,False,True
858,4,1,1,NORMAL,0.03771757725296728,0.03757341442180061,0.02857807832396424,1.3198080299660697,3300000000.0,6700000000.000002,94307658.469082,43168967.460421,552513.135434,106158014.046487,26725500.892306,56950078.266028,56950078.256644,0.996552,504301.10268699995,595903.720546717,252150.55135099997,497863.15238176234,931435.3428614989,False,True
859,4,1,1,NORMAL,0.03771821117647804,0.03758275614790883,0.028616480173818484,1.3180590676203017,3300000000.0,6700000000.000002,94434384.573601,43230209.52629,553871.39264,106278023.536584,26782001.170366,57025725.309534,57025725.300139,0.996552,504313.6233149999,595944.2036935721,252156.81166299997,497872.0197391681,932770.257877499,False,True
860,4,1,1,NORMAL,0.03771881355193826,0.03759153404494299,0.028654884232970305,1.3163135905654437,3300000000.0,6700000000.000002,94561117.968802,43291464.639221,555231.472662,106398033.565433,26838505.248876,57101374.212699,57101374.203291,0.996552,504326.0210349999,595984.2894454291,252163.010524,497880.38752951013,934105.262685499,False,True
861,4,1,1,NORMAL,0.037719389485959695,0.037599782783073105,0.02869329049245667,1.3145717635931629,3300000000.0,6700000000.000002,94687858.625107,43352732.788936,556593.375605,106518044.127746,26895013.090525,57177024.957263,57177024.947844,0.996552,504338.297041,596023.9816502022,252169.14852599998,497888.3388855851,935440.356403999,False,True
862,4,1,1,NORMAL,0.03771994312207947,0.037607535063009,0.028731698943401517,1.312833717086618,3300000000.0,6700000000.000002,94814606.513225,43414013.965276,557957.101573,106638055.218284,26951524.658362,57252677.525148,57252677.515719,0.996552,504350.45251,596063.2841195902,252175.22625999997,497895.941214668,936775.5381599991,False,True
863,4,1,1,NORMAL,0.037720477824942825,0.03761482169281118,0.028770109577016364,1.3110995536519146,3300000000.0,6700000000.000002,94941361.604154,43475308.158205,559322.650669,106758066.83186,27008039.915797,57328331.898447,57328331.889007,0.996552,504362.488609,596102.200629397,252181.24430999998,497903.24921144906,938110.8070889991,False,True
864,4,1,1,NORMAL,0.03772099632901155,0.03762167166934024,0.02880852238459788,1.3093693534653,3300000000.0,6700000000.000002,95068123.869173,43536615.357801,560690.022997,106878078.963337,27064558.82659,57403988.059428,57403988.049978,0.996552,504374.40649200004,596140.7349198487,252187.20325100003,497910.3072892453,939446.1623349991,False,True
865,4,1,1,NORMAL,0.03772150085883182,0.03762811226221066,0.02884693735752788,1.307643178591645,3300000000.0,6700000000.000002,95194893.279842,43597935.554263,562059.21866,106998091.707282,27121081.354857,57479645.99053,57479645.981073,0.896897,504386.20731100003,596178.8906959106,252193.103659,497917.1515429524,940781.6030499991,False,True
866,4,1,1,NORMAL,0.03772199322612015,0.03763416909859192,0.02888535448727,1.305921076466087,3300000000.0,6700000000.000002,95321669.807991,43659268.737913,563430.237759,107118104.859348,27177607.465057,57555305.674368,57555305.6649,0.896897,504397.89219700004,596216.6716275985,252198.946104,497923.81133658,942117.1283939991,False,True
867,4,1,1,NORMAL,0.03772247490812821,0.037639866247594266,0.028923773765374243,1.3042030827003366,3300000000.0,6700000000.000002,95448453.425735,43720614.899183,564803.080397,107238118.514201,27234137.121999,57630967.093715,57630967.084238,0.896897,504409.462275,596254.0813502901,252204.73114200003,497930.310584786,943452.737535999,False,True
868,4,1,1,NORMAL,0.03772294711131489,0.03764522630331818,0.028962195183470908,1.302489223359832,3300000000.0,6700000000.000002,95575244.105454,43781974.028622,566177.746676,107358132.6669,27290670.29083,57706630.231522,57706630.222034,0.896897,504420.918663,596291.1234650334,252210.45933699995,497936.6687872924,944788.429652499,False,True
869,4,1,1,NORMAL,0.03772341082248423,0.03765027046584502,0.029000618733271817,1.3007795167902723,3300000000.0,6700000000.000002,95702041.819797,43843346.11689,567554.236696,107478147.312552,27347206.937033,57782295.070902,57782295.061399,0.896897,504432.26245499996,596327.801538852,252216.13123499998,497942.9018693565,946124.203927499,False,True
870,4,1,1,NORMAL,0.03772386685044023,0.03765501861968988,0.02903904440657212,1.2990739751030704,3300000000.0,6700000000.000002,95828846.541688,43904731.154765,568932.550558,107598162.446312,27403747.026434,57857961.595125,57857961.585608,0.896897,504443.494754,596364.1191050495,252221.74738399996,497949.02285679185,947460.059553999,False,True
871,4,1,1,NORMAL,0.0377243158595756,0.037659489409359925,0.029077472195243637,1.2973726053720163,3300000000.0,6700000000.000002,95955658.244304,43966129.133135,570312.688363,107718178.063382,27460290.525182,57933629.787632,57933629.778099,0.896897,504454.61663400003,596400.0796635097,252227.30832500002,497955.042425811,948795.9957319989,False,True
872,4,1,1,NORMAL,0.03772475839709412,0.03766370031179439,0.029115902091239695,1.2956754106012958,3300000000.0,6700000000.000002,96082476.901091,44027540.043,571694.650211,107838194.248699,27516837.399762,58009299.632018,58009299.622471,0.807208,504465.62917399994,596435.6866809959,252232.814594,497960.96934639796,950132.011669999,False,True
873,4,1,1,NORMAL,0.037725194915071605,0.037667667705554214,0.029154334086592425,1.2939823905091619,3300000000.0,6700000000.000002,96209302.485755,44088963.875464,573078.436201,107958210.81818,27573387.616978,58084971.112044,58084971.102481,0.807208,504476.53343000007,596470.9435914471,252238.26672299995,497966.8108416424,951468.106582999,False,True
874,4,1,1,NORMAL,0.03772562578828718,0.03767140693669828,0.029192768173409697,1.2922935421605428,3300000000.0,6700000000.000002,96336134.972252,44150400.621749,574464.046433,108078227.856854,27629941.14396,58160644.211625,58160644.202046,0.807208,504487.330458,596505.8537962731,252243.66523700004,497972.57287894515,952804.279694999,False,True
875,4,1,1,NORMAL,0.037726051328715364,0.03767493238134455,0.029231204343879696,1.2906088604800945,3300000000.0,6700000000.000002,96462974.334803,44211850.273175,575851.481006,108198245.360107,27686497.948159,58236318.91483,58236318.905237,0.807208,504498.0213,596540.420664645,252249.010657,497978.26040539076,954140.530236999,False,True
876,4,1,1,NORMAL,0.03772647179728846,0.037678257504953835,0.029269642590263937,1.288928338668459,3300000000.0,6700000000.000002,96589820.547871,44273312.821175,577240.740018,108318263.323369,27743057.997338,58311995.20589,58311995.196281,0.807208,504508.606986,596574.6475337859,252254.30350099996,497983.87753904285,955476.857446999,False,True
877,4,1,1,NORMAL,0.03772688741333835,0.037681394918398003,0.029308082904900605,1.2872519685356163,3300000000.0,6700000000.000002,96716673.586172,44334788.257288,578631.823567,108438281.742115,27799621.259577,58387673.069182,58387673.059559,0.807208,504519.0885399999,596608.5377092578,252259.544277,497989.4277242077,956813.260570999,False,True
878,4,1,1,NORMAL,0.037727298362393476,0.03768435643091384,0.02934652528020303,1.2855797407757865,3300000000.0,6700000000.000002,96843533.42467,44396276.573157,580024.731751,108558300.611864,27856187.703265,58463352.489238,58463352.479601,0.807208,504529.466972,596642.0944652461,252264.73349299995,497994.91385606624,958149.738862499,False,True
879,4,1,1,NORMAL,0.03772770480245072,0.03768715310004525,0.02938496970865909,1.2839116451882273,3300000000.0,6700000000.000002,96970400.038575,44457777.760526,581419.464667,108678320.008898,27912757.297098,58539033.450744,58539033.441091,0.726488,504539.74329,596675.3210448435,252269.87165299998,498000.3383835939,959486.291581499,False,True
880,4,1,1,NORMAL,0.03772810686895639,0.037689795278684685,0.029423416182829697,1.2822476708524746,3300000000.0,6700000000.000002,97097273.403338,44519291.811244,582816.022413,108798339.767383,27969330.010079,58614715.938527,58614715.928859,0.726488,504549.91848299996,596708.2206603297,252274.959249,498005.7033923495,960822.9179954991,False,True
881,4,1,1,NORMAL,0.037728504679056536,0.03769229265935384,0.029461864695349393,1.2805878062773144,3300000000.0,6700000000.000002,97224153.494653,44580818.717259,584214.405085,108918359.963687,28025905.81151,58690399.937568,58690399.927885,0.726488,504559.993537,596740.79649345,252279.99677599999,498011.0106702244,962159.6173794991,False,True
882,4,1,1,NORMAL,0.03772889833488468,0.037694654315839696,0.02950031523892333,1.2789320395161197,3300000000.0,6700000000.000002,97351040.288447,44642358.470623,585614.61278,109038380.593501,28082484.670991,58766085.432993,58766085.423296,0.726488,504569.96942599997,596773.0516956908,252284.98472000004,498016.2617635463,963496.3890149991,False,True
883,4,1,1,NORMAL,0.03772928792630153,0.037696888742321105,0.029538767806328487,1.27728035826255,3300000000.0,6700000000.000002,97477933.760884,44703911.063491,587016.645594,109158401.652558,28139066.558422,58841772.410068,58841772.40036,0.726488,504579.84711500007,596804.9893885547,252289.923563,498021.4580204778,964833.2321909992,False,True
884,4,1,1,NORMAL,0.03772967353316261,0.037699003890117336,0.029577222390413334,1.2756327499296105,3300000000.0,6700000000.000002,97604833.888364,44765476.48811,588420.503622,109278423.136632,28195651.443992,58917460.85421,58917460.844492,0.726488,504589.6275619999,596836.6126638307,252294.81378599998,498026.6006271802,966170.1462029992,False,True
885,4,1,1,NORMAL,0.03773005522709364,0.03770100720218032,0.029615678984096668,1.2739892017115095,3300000000.0,6700000000.000002,97731740.647519,44827054.736825,589826.186961,109398445.041538,28252239.298182,58993150.750978,58993150.741245,0.726488,504599.311713,596867.924583865,252299.65586399997,498031.6906377465,967507.1303534992,False,True
886,4,1,1,NORMAL,0.03773043307283896,0.03770290564544862,0.02965413758036515,1.2723497006306923,3300000000.0,6700000000.000002,97858654.015205,44888645.802085,591233.695704,109518467.43578,28308830.091761,59068842.086064,59068842.076318,0.65384,504608.900505,596898.9281818268,252304.450259,498036.72899763606,968844.1839524992,False,True
887,4,1,1,NORMAL,0.03773080712965787,0.037704705741204055,0.029692598172275455,1.270714233585926,3300000000.0,6700000000.000002,97985573.968509,44950249.676429,592643.029947,109638490.169959,28365423.795782,59144534.845306,59144534.835547,0.65384,504618.39487099997,596929.626461975,252309.197442,498041.71656147426,970181.3063154991,False,True
888,4,1,1,NORMAL,0.037731177452094034,0.03770641359351954,0.029731060752953332,1.2690827873790549,3300000000.0,6700000000.000002,98112500.484746,45011866.352493,594054.189784,109758513.31266,28422020.381583,59220229.01467,59220229.004904,0.65384,504627.795725,596960.0223999203,252313.897866,498046.65411148395,971518.4967654991,False,True
889,4,1,1,NORMAL,0.03773154409102245,0.03770803491593908,0.02976952531558879,1.2674553487510383,3300000000.0,6700000000.000002,98239433.541443,45073495.823009,595467.175309,109878536.859858,28478619.820776,59295924.580276,59295924.570499,0.65384,504637.10398300004,596990.1189428855,252318.551997,498051.5423676413,972855.7546314991,False,True
890,4,1,1,NORMAL,0.03773190709405476,0.03770957505646268,0.02980799185344091,1.2658319043957718,3300000000.0,6700000000.000002,98366373.116355,45135138.080802,596881.986616,109998560.807569,28535222.085254,59371621.528368,59371621.518577,0.65384,504646.320548,597019.9190099657,252323.16028100002,498056.3820014964,974193.079249999,False,True
891,4,1,1,NORMAL,0.03773226650612646,0.03771103902095712,0.029846460359835757,1.2642124409801907,3300000000.0,6700000000.000002,98493319.187458,45196793.118785,598298.623799,110118585.151847,28591827.147184,59447319.845323,59447319.835519,0.65384,504655.4463130001,597049.4254923838,252327.72316299996,498061.1736415228,975530.469962999,False,True
892,4,1,1,NORMAL,0.03773262236997546,0.03771243149508734,0.029884930828162726,1.2625969451606456,3300000000.0,6700000000.000002,98620271.732937,45258460.929969,599717.08695,110238609.888785,28648434.979001,59523019.517655,59523019.507842,0.65384,504664.482165,597078.6412537448,252332.24108700003,498065.9178808693,976867.926118999,False,True
893,4,1,1,NORMAL,0.037732974726505046,0.03771375686485622,0.029923403251876972,1.2609854035950343,3300000000.0,6700000000.000002,98747230.731194,45320141.507451,601137.376163,110358635.079897,28705045.553412,59598720.53201,59598720.522186,0.588456,504673.428977,597107.5691302891,252336.714494,498070.6152836761,978205.447073499,False,True
894,4,1,1,NORMAL,0.0377333236150259,0.037715019235834917,0.02996187762449788,1.2593778029509677,3300000000.0,6700000000.000002,98874196.160843,45381834.844423,602559.491529,110478660.590585,28761658.843388,59674422.875164,59674422.865326,0.588456,504682.2876219999,597136.2119311421,252341.143818,498075.2663898666,979543.032187999,False,True
895,4,1,1,NORMAL,0.03773366907345343,0.03771622245116515,0.03000035393961,1.2577741299122807,3300000000.0,6700000000.000002,99001168.000713,45443540.934159,603983.433141,110598686.482438,28818274.822168,59750126.534017,59750126.524168,0.588456,504691.058961,597164.5724385628,252345.529486,498079.87171834183,980880.680829999,False,True
896,4,1,1,NORMAL,0.03773401113858984,0.03771737010841836,0.030038832190858487,1.2561743711885436,3300000000.0,6700000000.000002,99128146.229833,45505259.770029,605409.201091,110718712.751699,28874893.463249,59825831.495602,59825831.48574,0.588456,504699.743841,597192.6534081895,252349.87192700003,498084.43176958524,982218.392373499,False,True
897,4,1,1,NORMAL,0.03773434984623336,0.037718465575374165,0.030077312371952124,1.254578513518436,3300000000.0,6700000000.000002,99255130.827442,45566991.345484,606836.795471,110838739.394648,28931514.740386,59901537.747079,59901537.737203,0.588456,504708.34311200003,597220.4575692851,252354.171563,498088.9470293859,983556.166197999,False,True
898,4,1,1,NORMAL,0.03773468523129431,0.03771951200478837,0.03011579447666212,1.2529865436734986,3300000000.0,6700000000.000002,99382121.772985,45628735.654065,608266.216372,110958766.407601,28988138.627593,59977245.27573,59977245.265842,0.588456,504716.85761000006,597247.9876249776,252358.42881100005,498093.41797028034,984894.001689999,False,True
899,4,1,1,NORMAL,0.03773501732791657,0.037720512348215995,0.03015427849882091,1.2513984484620344,3300000000.0,6700000000.000002,99509119.046109,45690492.689397,609697.463884,111078793.78691,29044765.099137,60052954.068962,60052954.059063,0.588456,504725.288159,597275.2462525014,252362.644085,498097.84505308483,986231.898241499,False,True
900,4,1,1,NORMAL,0.03773534616957689,0.03772146936894896,0.0301927644323203,1.2498142147322726,3300000000.0,6700000000.000002,99636122.626657,45752262.445191,611130.538099,111198821.587808,29101394.129535,60128664.114307,60128664.104395,0.529611,504733.63557900005,597302.2361034353,252366.81779599996,498102.22872849874,987569.855249999,False,True
901,4,1,1,NORMAL,0.037735671789139225,0.03772238565412253,0.03023125227111182,1.24823382937393,3300000000.0,6700000000.000002,99763132.494669,45814044.915242,612565.439107,111318849.689027,29158025.69355,60204375.399423,60204375.389496,0.529611,504741.900685,597328.9598039379,252370.95035000003,498106.56943841494,988907.872119499,False,True
902,4,1,1,NORMAL,0.03773599421888585,0.037723263626042745,0.030269742009209698,1.2466572793188826,3300000000.0,6700000000.000002,99890148.630392,45875840.093427,614002.166998,111438878.145871,29214659.766201,60280087.912075,60280087.902135,0.529611,504750.084281,597355.4199549822,252375.042147,498110.8676166378,990245.948259999,False,True
903,4,1,1,NORMAL,0.037736313490609394,0.03772410555278898,0.030308233640684846,1.2450845515442155,3300000000.0,6700000000.000002,100017171.01426,45937647.973706,615440.721862,111558906.954831,29271296.322745,60355801.640157,60355801.630206,0.529611,504758.187161,597381.6191325885,252379.093586,498115.1236892932,991584.083086499,False,True
904,4,1,1,NORMAL,0.03773662963571469,0.03772491355813903,0.03034672715966545,1.2435156330752968,3300000000.0,6700000000.000002,100144199.626896,45999468.550125,616881.103789,111678936.112435,29327935.338678,60431516.571687,60431516.561719,0.529611,504766.2101170001,597407.5598880529,252383.10506699997,498119.33807604405,992922.2760204991,False,True
905,4,1,1,NORMAL,0.03773694268504971,0.03772568963084295,0.030385222560339698,1.2419505109798288,3300000000.0,6700000000.000002,100271234.449121,46061301.816806,618323.312867,111798965.615244,29384576.789742,60507232.694786,60507232.684805,0.529611,504774.15393100004,597433.244748177,252387.07697199998,498123.51119143394,994260.526488499,False,True
906,4,1,1,NORMAL,0.03773725266916519,0.037726435633315354,0.03042371983695182,1.2403891723763032,3300000000.0,6700000000.000002,100398275.461941,46123147.767952,619767.349186,111918995.459852,29441220.651912,60582949.997703,60582949.987707,0.529611,504782.019375,597458.6762154939,252391.00969499996,498127.64344265615,995598.833922999,False,True
907,4,1,1,NORMAL,0.0377375596181827,0.03772715330975841,0.030462218983803635,1.2388316044293186,3300000000.0,6700000000.000002,100525322.646552,46185006.397846,621213.212835,112039025.695847,29497866.901402,60658668.468795,60658668.458784,0.47665,504789.807217,597483.8567684925,252394.903616,498131.7352329805,996937.197761999,False,True
908,4,1,1,NORMAL,0.03773786356189831,0.03772784429376744,0.030500719995253032,1.2372777943527768,3300000000.0,6700000000.000002,100652375.984335,46246877.700846,622660.903902,112159056.213969,29554515.514652,60734388.09654,60734388.086512,0.47665,504797.5182170001,597508.7888618396,252398.75911699995,498135.7869600117,998275.617448499,False,True
909,4,1,1,NORMAL,0.037738164529722104,0.037728510115441934,0.030539222865712125,1.2357277294076983,3300000000.0,6700000000.000002,100779435.45685,46308761.671397,624110.422476,112279087.063871,29611166.468339,60810108.869522,60810108.859475,0.47665,504805.153123,597533.4749266016,252402.57657100004,498139.7990170577,999614.0924319989,False,True
910,4,1,1,NORMAL,0.037738462550694685,0.037729152208038894,0.03057772758965,1.23418139690238,3300000000.0,6700000000.000002,100906501.045845,46370658.304013,625561.768644,112399118.24228,29667819.739367,60885830.776432,60885830.766373,0.47665,504812.71268200007,597557.9173704623,252406.356347,498143.77179233177,1000952.6221664989,False,True
911,4,1,1,NORMAL,0.037738757653685145,0.03772977191420962,0.030616234161588485,1.2326387841987656,3300000000.0,6700000000.000002,101033572.733242,46432567.593285,627014.942494,112519149.745953,29724475.30486,60961553.80609,60961553.796013,0.47665,504820.19763000007,597582.1185779402,252410.09882400004,498147.70566916984,1002291.2061114989,False,True
912,4,1,1,NORMAL,0.037739049867079544,0.03773037049181414,0.030654742576105152,1.2310998787018517,3300000000.0,6700000000.000002,101160650.501147,46494489.533885,628469.944114,112639181.57168,29781133.142175,61037277.947403,61037277.937315,0.47665,504827.608699,597606.0809106036,252413.804355,498151.6010286439,1003629.8437324988,False,True
913,4,1,1,NORMAL,0.03773933921915641,0.037730949119384606,0.030693252827830912,1.2295646678717775,3300000000.0,6700000000.000002,101287734.331842,46556424.120551,629926.77359,112759213.716281,29837793.228885,61113003.189407,61113003.179303,0.47665,504834.94661399996,597629.8067072834,252417.47331499998,498155.45824545,1004968.5344989988,False,True
914,4,1,1,NORMAL,0.03773962573772526,0.03773150890121304,0.03073176491144909,1.22803313921178,3300000000.0,6700000000.000002,101414824.207782,46618371.348106,631385.43101,112879246.224274,29894455.542787,61188729.521227,61188729.511114,0.428985,504842.212091,597653.2982842849,252421.10605,498159.27769286465,1006307.2778869987,False,True
915,4,1,1,NORMAL,0.03773990945043302,0.03773205087213046,0.030770278821694242,1.2265052802779584,3300000000.0,6700000000.000002,101541920.111591,46680331.21144,632845.91646,112999278.997212,29951120.061888,61264456.932111,61264456.921987,0.428985,504849.4058350001,597676.5579355974,252424.70292299998,498163.05973797344,1007646.0733764988,False,True
916,4,1,1,NORMAL,0.03774019038459658,0.037732576001966986,0.030808794553355452,1.2249810786734014,3300000000.0,6700000000.000002,101669022.026073,46742303.705516,634308.230027,113119312.079673,30007786.764418,61340185.411402,61340185.401267,0.428985,504856.528553,597699.5879331016,252428.26428200005,498166.80474571587,1008984.9204529987,False,True
917,4,1,1,NORMAL,0.03774046856726149,0.03773308519972793,0.030847312101271816,1.223460522050006,3300000000.0,6700000000.000002,101796129.934197,46804288.82537,635772.371798,113239345.468601,30064455.628816,61415914.948551,61415914.938405,0.428985,504863.58093900006,597722.3905267756,252431.790475,498170.51307667483,1010323.8186074988,False,True
918,4,1,1,NORMAL,0.037740744025210944,0.03773357931750103,0.03088583146033394,1.2219435981084281,3300000000.0,6700000000.000002,101923243.819102,46866286.566109,637238.341857,113359379.16097,30121126.633734,61491645.533111,61491645.522954,0.428985,504870.563683,597744.9679448996,252435.281847,498174.18508785166,1011662.7673354988,False,True
919,4,1,1,NORMAL,0.03774101678497314,0.03773405915411213,0.030924352625481513,1.2204302945981391,3300000000.0,6700000000.000002,102050363.664089,46928296.922913,638706.140291,113479413.153782,30177799.758031,61567377.154742,61567377.14457,0.428985,504877.477465,597767.3223942574,252438.73873999997,498177.8211327845,1013001.7661374988,False,True
920,4,1,1,NORMAL,0.03774128687280135,0.037734525458543694,0.030962875591706664,1.2189205993163719,3300000000.0,6700000000.000002,102177489.452632,46990319.891029,640175.767185,113599447.444071,30234474.980777,61643109.803198,61643109.793011,0.428985,504884.32296699996,597789.4560603384,252442.16149099998,498181.4215616454,1014340.8145184987,False,True
921,4,1,1,NORMAL,0.037741554314670495,0.03773497893313252,0.031001400354049396,1.2174145001079186,3300000000.0,6700000000.000002,102304621.168363,47052355.465776,641647.222625,113719482.071796,30291152.281245,61718843.468336,61718843.458136,0.386087,504891.10085300007,597811.3711075351,252445.55043300003,498184.9867209779,1015679.9119894988,False,True
922,4,1,1,NORMAL,0.03774181913632627,0.03773542023656438,0.03103992690759909,1.2159119848663835,3300000000.0,6700000000.000002,102431758.795077,47114403.642539,643120.506695,113839516.948252,30347831.63891,61794578.140114,61794578.129901,0.386087,504897.81178499997,597833.069679341,252448.90589900003,498188.5169536506,1017019.0580649987,False,True
923,4,1,1,NORMAL,0.03774208136331265,0.03773584998667717,0.031078455247493936,1.214413041534812,3300000000.0,6700000000.000002,102558902.31673,47176464.416774,644595.619481,113959552.113456,30404513.033452,61870313.808589,61870313.798361,0.386087,504904.45642699994,597854.5538985466,252452.22822099997,498192.0125995068,1018358.2522654987,False,True
924,4,1,1,NORMAL,0.037742341020864864,0.037736268763076376,0.03111698536892,1.2129176581020071,3300000000.0,6700000000.000002,102686051.717436,47238537.784002,646072.561067,114079587.564555,30461196.444746,61946050.463916,61946050.453671,0.386087,504911.03542299994,597875.825867432,252455.51772,498195.47399572696,1019697.4941149987,False,True
925,4,1,1,NORMAL,0.03774259813391198,0.037736677109581895,0.03115551726711121,1.2114258226023522,3300000000.0,6700000000.000002,102813206.981467,47300623.739813,647551.331537,114199623.298725,30517881.852868,62021788.096337,62021788.086081,0.386087,504917.549415,597896.8876679601,252458.77471299996,498198.9014754162,1021036.7831429987,False,True
926,4,1,1,NORMAL,0.037742852727285725,0.03773707553653053,0.03119405093734879,1.2099375231222702,3300000000.0,6700000000.000002,102940368.093251,47362722.279859,649031.930975,114319659.313168,30574569.238087,62097526.696204,62097526.685936,0.386087,504923.999046,597917.7413619664,252461.999529,498202.2953676382,1022376.1188834987,False,True
927,4,1,1,NORMAL,0.037743104825531115,0.037737464522917666,0.03123258637496,1.2084527477939122,3300000000.0,6700000000.000002,103067535.037368,47424833.399862,650514.359465,114439695.605115,30631258.580865,62173266.25396,62173266.243675,0.386087,504930.38494499994,597938.3889913476,252465.19248099998,498205.65600017156,1023715.5008744987,False,True
928,4,1,1,NORMAL,0.03774335445289223,0.0377378445183999,0.031271123575319096,1.2069714847944055,3300000000.0,6700000000.000002,103194707.798553,47486957.095609,651998.617091,114559732.210432,30687949.861861,62249006.760132,62249006.749831,0.347479,504936.707738,597958.8325782496,252468.353877,498208.9836970107,1025054.9286589987,False,True
929,4,1,1,NORMAL,0.037743601633429234,0.03773821594517599,0.031309662533845754,1.205493722349399,3300000000.0,6700000000.000002,103321886.361691,47549093.362946,653484.703937,114679769.049188,30744643.061915,62324748.205352,62324748.195033,0.347479,504942.968042,597979.0741252518,252471.48403,498212.27877817745,1026394.4017844987,False,True
930,4,1,1,NORMAL,0.037743846390934845,0.03773857919974108,0.03134820324600545,1.2040194487301075,3300000000.0,6700000000.000002,103449070.711818,47611242.197789,654972.620085,114799806.157301,30801338.162065,62400490.580333,62400490.569999,0.347479,504949.166473,597999.1156155521,252474.58324399998,498215.5415612659,1027733.9198029987,False,True
931,4,1,1,NORMAL,0.037744088749045175,0.03773893465453489,0.03138674570730848,1.2025486522566233,3300000000.0,6700000000.000002,103576260.834118,47673403.596112,656462.365619,114919843.53211,30858035.143528,62476233.875889,62476233.86554,0.347479,504955.303641,598018.9590131475,252477.65182800003,498218.77236033994,1029073.4822709986,False,True
932,4,1,1,NORMAL,0.03774432873103628,0.03773928265947046,0.031425289913309395,1.2010813212911877,3300000000.0,6700000000.000002,103703456.713921,47735577.553954,657953.940621,115039881.170978,30914733.987708,62551978.082914,62551978.072561,0.347479,504961.38014200004,598038.6062630169,252480.69007300003,498221.97148739634,1030413.0887489986,False,True
933,4,1,1,NORMAL,0.03774456636018132,0.03773962354338729,0.03146383585960637,1.1996174442493273,3300000000.0,6700000000.000002,103830658.336701,47797764.067415,659447.345174,115159919.071294,30971434.67619,62627723.192409,62627723.182044,0.347479,504967.39657399995,598058.0592912979,252483.69829299996,498225.13924967893,1031752.7388014985,False,True
934,4,1,1,NORMAL,0.03774480165934186,0.037739957615384366,0.03150238354184243,1.1981570095865306,3300000000.0,6700000000.000002,103957865.68808,47859963.132657,660942.57936,115279957.230474,31028137.190742,62703469.195447,62703469.185071,0.347479,504973.353529,598077.3200054658,252486.67677,498228.27595439344,1033092.4319979985,False,True
935,4,1,1,NORMAL,0.03774503465121814,0.03774028516608332,0.03154093295570212,1.1967000058060873,3300000000.0,6700000000.000002,104085078.753817,47922174.745903,662439.643262,115399995.680706,31084841.513309,62779216.083195,62779216.072805,0.312732,504979.25158599997,598096.3902945089,252489.6258,498231.3819033126,1034432.1679119985,False,True
936,4,1,1,NORMAL,0.037745265358300514,0.03774060646880701,0.03157948409691485,1.1952464214571519,3300000000.0,6700000000.000002,104212297.519819,47984398.903432,663938.536961,115520034.349961,31141547.626014,62854963.846908,62854963.836501,0.312732,504985.091329,598115.2720291024,252492.545673,498234.45739607944,1035771.9461209985,False,True
937,4,1,1,NORMAL,0.037745493802791186,0.03774092178067696,0.03161803696125152,1.1937962451321371,3300000000.0,6700000000.000002,104339521.97213,48046635.60159,665439.26054,115640073.270478,31198255.51116,62930712.477915,62930712.467497,0.312732,504990.8733290001,598133.9670617817,252495.43667,498237.5027295668,1037111.7662069985,False,True
938,4,1,1,NORMAL,0.03774572000680668,0.03774123134365307,0.03165659154452515,1.1923494654728426,3300000000.0,6700000000.000002,104466752.096933,48108884.836772,666941.81408,115760112.439771,31254965.151217,63006461.967649,63006461.957217,0.312732,504996.598154,598152.4772271136,252498.29908399997,498240.5181968436,1038451.6277554985,False,True
939,4,1,1,NORMAL,0.03774594399211312,0.03774153538548921,0.0316951478425897,1.19090607116187,3300000000.0,6700000000.000002,104593987.880546,48171146.605441,668446.197662,115880151.855381,31311676.528831,63082212.307611,63082212.297169,0.312732,505002.26636199997,598170.8043418657,252501.133186,498243.5040898482,1039791.5303569986,False,True
940,4,1,1,NORMAL,0.03774616578040244,0.0377418341206449,0.03173370585134091,1.189466050931063,3300000000.0,6700000000.000002,104721229.309425,48233420.904111,669952.411367,116000191.514871,31368389.626818,63157963.489398,63157963.478943,0.312732,505007.87851499993,598188.950205175,252503.93926400002,498246.46069589315,1041131.4736049986,False,True
941,4,1,1,NORMAL,0.03774638539310236,0.03774212775112603,0.031772265566714544,1.1880293935553168,3300000000.0,6700000000.000002,104848476.370158,48295707.729357,671460.455277,116120231.415829,31425104.428162,63233715.504686,63233715.494213,0.312732,505013.43516199995,598206.9165987137,252506.71759000001,498249.3883013122,1042471.4570979986,False,True
942,4,1,1,NORMAL,0.03774660285133327,0.03774241646726843,0.03181082698468788,1.186596087850925,3300000000.0,6700000000.000002,104975729.04947,48358007.07781,672970.329472,116240271.587141,31481820.916016,63309468.345222,63309468.334738,0.281459,505018.93684700003,598224.7052868557,252509.46842900003,498252.28718895116,1043811.4804374985,False,True
943,4,1,1,NORMAL,0.03774681817617597,0.03774270044848828,0.03184939010127727,1.1851661226838437,3300000000.0,6700000000.000002,105102987.334215,48420318.946157,674482.034033,116360311.963894,31538539.073699,63385222.002849,63385221.99235,0.281459,505024.38411099993,598242.3180168391,252512.192063,498255.15763759916,1045151.5432294986,False,True
944,4,1,1,NORMAL,0.03774703138838806,0.03774297986396569,0.031887954912539394,1.1837394869604725,3300000000.0,6700000000.000002,105230251.21138,48482643.331138,675995.569041,116480352.575021,31595258.884691,63460976.469481,63460976.458972,0.281459,505029.77749199996,598259.7565189295,252514.88875100002,498257.99992552283,1046491.6450839986,False,True
945,4,1,1,NORMAL,0.03774724250862327,0.03774325487329844,0.0319265214145703,1.1823161696343332,3300000000.0,6700000000.000002,105357520.668082,48544980.229551,677510.934576,116600393.418203,31651980.332637,63536731.737118,63536731.726597,0.281459,505035.11751799996,598277.0225065798,252517.558765,498260.8143267224,1047831.7856139985,False,True
946,4,1,1,NORMAL,0.037747451557247784,0.03774352562710163,0.03196508960350333,1.1808961597001346,3300000000.0,6700000000.000002,105484795.691561,48607329.638249,679028.130717,116720434.491144,31708703.401343,63612487.797832,63612487.7873,0.281459,505040.4047109999,598294.1176765903,252520.202361,498263.6011138272,1049171.9644374985,False,True
947,4,1,1,NORMAL,0.03774765855452774,0.037743792267580734,0.03200365947551121,1.179479446199325,3300000000.0,6700000000.000002,105612076.269187,48669691.554135,680547.157545,116840475.791571,31765428.07477,63688244.643784,63688244.633235,0.281459,505045.63959499996,598311.0437092661,252522.81980600004,498266.36055567075,1050512.1811749984,False,True
948,4,1,1,NORMAL,0.03774786352038255,0.03774405492905182,0.032042231026805756,1.17806601821214,3300000000.0,6700000000.000002,105739362.388459,48732065.974169,682068.015139,116960517.317233,31822154.337044,63764002.267194,63764002.256635,0.281459,505050.82268199994,598327.8022685747,252525.411346,498269.0929197662,1051852.4354519984,False,True
949,4,1,1,NORMAL,0.037748066474720024,0.03774431373844977,0.03208080425363485,1.176655864867947,3300000000.0,6700000000.000002,105866654.036995,48794452.895364,683590.703579,117080559.094046,31878882.172443,63839760.660376,63839760.649804,0.253314,505055.954485,598344.395002299,252527.97724900002,498271.7984690496,1053192.7268964984,False,True
950,4,1,1,NORMAL,0.037748267437137654,0.037744568815784474,0.03211937915228485,1.1752489753355768,3300000000.0,6700000000.000002,105993951.20254,48856852.314783,685115.222944,117200601.063514,31935611.565399,63915519.815711,63915519.805125,0.253314,505061.035504,598360.8235421934,252530.51775899998,498274.4774663043,1054533.0551409984,False,True
951,4,1,1,NORMAL,0.037748466427075515,0.03774482027457744,0.03215795571907879,1.1738453388279269,3300000000.0,6700000000.000002,106121253.87296,48919264.229539,686641.573313,117320643.251596,31992342.500496,63991279.72566,63991279.715057,0.253314,505066.066239,598377.0895041343,252533.03312799998,498277.1301702171,1055873.4198209986,False,True
952,4,1,1,NORMAL,0.037748663463743046,0.03774506822226555,0.03219653395037545,1.1724449445994745,3300000000.0,6700000000.000002,106248562.036239,48981688.636805,688169.754766,117440685.656129,32049074.962475,64067040.382748,64067040.372134,0.253314,505071.04718899995,598393.1944882722,252535.52359999996,498279.7568373968,1057213.8205764985,False,True
953,4,1,1,NORMAL,0.03774885856628301,0.03774531276058926,0.032235113842570905,1.1710477819510736,3300000000.0,6700000000.000002,106375875.680484,49044125.533798,689699.767381,117560728.274971,32105808.936223,64142801.779587,64142801.768956,0.253314,505075.9788409999,598409.1400791804,252537.989429,498282.3577214082,1058554.2570499985,False,True
954,4,1,1,NORMAL,0.037749051753508525,0.037745553985938894,0.03227369539209727,1.1696538402215937,3300000000.0,6700000000.000002,106503194.793921,49106574.917788,691231.611237,117680771.106001,32162544.406779,64218563.908848,64218563.898205,0.253314,505080.86168200005,598424.9278460039,252540.430847,498284.93307493575,1059894.7288879985,False,True
955,4,1,1,NORMAL,0.037749243044145654,0.037745791989694175,0.03231227859542151,1.1682631087952595,3300000000.0,6700000000.000002,106630519.364891,49169036.786094,692765.286412,117800814.147118,32219281.359326,64294326.763285,64294326.752629,0.253314,505085.696189,598440.5593426061,252542.848101,498287.48314631253,1061235.2357404984,False,True
956,4,1,1,NORMAL,0.03774943245672377,0.0377460268585348,0.03235086344904606,1.1668755770979862,3300000000.0,6700000000.000002,106757849.381852,49231511.136083,694300.792985,117920857.421574,32276019.779194,64370090.33572,64370090.325052,0.227983,505090.482844,598456.0361077138,252545.24142800004,498290.0081827226,1062575.7772609985,False,True
957,4,1,1,NORMAL,0.03774962000960876,0.03774625867473312,0.032389449949508486,1.165491234598185,3300000000.0,6700000000.000002,106885184.833378,49293997.965173,695838.131034,118040900.876647,32332759.651858,64445854.619048,64445854.608364,0.227983,505095.222114,598471.3596650625,252547.61106500003,498292.50842875376,1063916.3531064985,False,True
958,4,1,1,NORMAL,0.03774980572091899,0.03774648751642254,0.03242803809338091,1.1641100708039545,3300000000.0,6700000000.000002,107012525.708157,49356497.270829,697377.300636,118160944.53563,32389500.962935,64521619.606228,64521619.595531,0.227983,505099.914467,598486.5315235383,252549.95723999996,498294.98412683565,1065256.9629369986,False,True
959,4,1,1,NORMAL,0.03774998960865368,0.03774671345785681,0.03246662787726878,1.1627320752668617,3300000000.0,6700000000.000002,107139871.994987,49419009.050567,698918.30187,118280988.396504,32446243.698185,64597385.290292,64597385.279582,0.227983,505104.560363,598501.5531773198,252552.28018800003,498297.43551613064,1066597.6064159987,False,True
960,4,1,1,NORMAL,0.03775017169063877,0.0377469365696492,0.03250521929781212,1.161357237579987,3300000000.0,6700000000.000002,107267223.68278,49481533.301947,700461.134814,118401032.45727,32502987.843506,64673151.664343,64673151.653619,0.227983,505109.16026200005,598516.4261060192,252554.58013800002,498299.8628342286,1067938.2832099986,False,True
961,4,1,1,NORMAL,0.03775035198453126,0.037747156918996425,0.03254381235168515,1.1599855473778413,3300000000.0,6700000000.000002,107394580.760561,49544070.022577,702005.799544,118521076.715949,32559733.384939,64748918.721548,64748918.710809,0.227983,505113.71461900003,598531.1517748199,252556.85731700002,498302.2663164317,1069278.9929894987,False,True
962,4,1,1,NORMAL,0.037750530507736545,0.037747374569882884,0.03258240703559363,1.1586169943336955,3300000000.0,6700000000.000002,107521943.217459,49606619.210116,703552.296139,118641121.170581,32616480.308661,64824686.455137,64824686.444388,0.227983,505118.223876,598545.7316346157,252559.111943,498304.6461958126,1070619.7354279987,False,True
963,4,1,1,NORMAL,0.037750707277660105,0.03774758958328787,0.03262100334627757,1.1572515681669826,3300000000.0,6700000000.000002,107649311.042716,49669180.862262,705100.624675,118761165.842024,32673228.600981,64900454.858423,64900454.847656,0.205185,505122.6884840001,598560.1671221461,252561.34425099997,498307.0027021224,1071960.5102019988,False,True
964,4,1,1,NORMAL,0.03775088231133817,0.037747802017355635,0.032659601280509695,1.1558892586317888,3300000000.0,6700000000.000002,107776684.225682,49731754.976764,706650.78523,118881210.682761,32729978.24835,64976223.924763,64976223.913984,0.205185,505127.1088800001,598574.459660133,252563.55444600002,498309.33606511337,1073301.3169914987,False,True
965,4,1,1,NORMAL,0.03775105562579455,0.037748011927577506,0.032698200835093026,1.1545300555276605,3300000000.0,6700000000.000002,107904062.755807,49794341.551416,708202.77788,119001255.713688,32786729.237345,65051993.647598,65051993.636806,0.205185,505131.485501,598588.6106574131,252565.742757,498311.64650966384,1074642.1554789988,False,True
966,4,1,1,NORMAL,0.037751227237821657,0.037748219366948096,0.03273680200686515,1.1531739486925126,3300000000.0,6700000000.000002,108031446.622655,49856940.584052,709756.602702,119121300.93292,32843481.554682,65127764.020424,65127764.009618,0.205185,505135.81877600006,598602.6215090719,252567.909395,498313.934260488,1075983.0253509989,False,True
967,4,1,1,NORMAL,0.03775139716405593,0.03774842438611634,0.032775404792693634,1.1518209280048786,3300000000.0,6700000000.000002,108158835.815889,49919552.072556,711312.259773,119241346.338593,32900235.187205,65203535.036802,65203535.025985,0.205185,505140.10913699993,598616.4935965751,252570.054574,498316.19953924586,1077323.9262964989,False,True
968,4,1,1,NORMAL,0.037751565421003774,0.03774862703352844,0.03281400918947727,1.150470983384434,3300000000.0,6700000000.000002,108286230.325275,49982176.014854,712869.749169,119361391.928861,32956990.121884,65279306.690363,65279306.679532,0.205185,505144.3570019999,598630.2282878982,252572.17850799998,498318.4425655382,1078664.8580074988,False,True
969,4,1,1,NORMAL,0.037751732024953105,0.03774882735555584,0.032852615194146666,1.1491241047890552,3300000000.0,6700000000.000002,108413630.140684,50044812.408916,714429.070967,119481437.701894,33013746.345825,65355078.974791,65355078.963948,0.205185,505148.562792,598643.8269376568,252574.28140200005,498320.6635572499,1080005.8201794988,False,True
970,4,1,1,NORMAL,0.03775189699210741,0.037749025396623684,0.03289122280366212,1.1477802822187595,3300000000.0,6700000000.000002,108541035.252085,50107461.252756,715990.225243,119601483.676401,33070503.846256,65430851.88384,65430851.872982,0.184667,505152.72692299995,598657.2908872342,252576.363469,498322.86272938095,1081346.8125109987,False,True
971,4,1,1,NORMAL,0.03775206033842891,0.037749221199320795,0.03292983201501576,1.146439505710635,3300000000.0,6700000000.000002,108668445.649552,50170122.544427,717553.212073,119721529.809553,33127262.610533,65506625.411319,65506625.400449,0.184667,505156.849804,598670.6214649075,252578.42490800002,498325.04029581783,1082687.8347024987,False,True
972,4,1,1,NORMAL,0.037752222079800425,0.037749414804513035,0.03296844282522848,1.145101765343653,3300000000.0,6700000000.000002,108795861.323254,50232796.282028,719118.031532,119841576.120093,33184022.626134,65582399.551106,65582399.540221,0.184667,505160.931841,598683.8199859747,252580.46592800002,498327.1964672616,1084028.8864589988,False,True
973,4,1,1,NORMAL,0.037752382231904615,0.037749606251441525,0.03300705523135121,1.1437670512347353,3300000000.0,6700000000.000002,108923282.263459,50295482.4637,720684.683697,119961622.606264,33240783.880664,65658174.297132,65658174.286234,0.184667,505164.97344100004,598696.8877528778,252582.48672699998,498329.3314533656,1085369.967487499,False,True
974,4,1,1,NORMAL,0.037752540810293556,0.03774979557781908,0.03304566923046576,1.1424353535406206,3300000000.0,6700000000.000002,109050708.460537,50358181.087623,722253.168643,120081669.266326,33297546.361849,65733949.643391,65733949.632481,0.184667,505168.975,598709.8260553265,252584.487506,498331.44546114095,1086711.0774974988,False,True
975,4,1,1,NORMAL,0.03775269783034958,0.03774998281991782,0.033084284819680905,1.1411066624565984,3300000000.0,6700000000.000002,109178139.904947,50420892.15202,723823.486445,120201716.098555,33354310.057535,65809725.583937,65809725.573015,0.184667,505172.9369099999,598722.6361704214,252586.46846099998,498333.5386958749,1088052.2162019988,False,True
976,4,1,1,NORMAL,0.03775285330733754,0.037750168012654586,0.033122901996136364,1.1397809682177376,3300000000.0,6700000000.000002,109305576.58725,50483615.655155,725395.637179,120321763.101247,33411074.955689,65885502.112881,65885502.101947,0.184667,505176.8595680001,598735.319362774,252588.42979,498335.6113606145,1089393.3833169988,False,True
977,4,1,1,NORMAL,0.0377530072563757,0.03775035118966885,0.033161520757,1.1384582610978868,3300000000.0,6700000000.000002,109433018.4981,50546351.595331,726969.62092,120441810.291178,33467841.044398,65961279.224394,65961279.213447,0.166201,505180.7433609999,598747.8768846268,252590.37168699998,498337.6636568555,1090734.578560999,False,True
978,4,1,1,NORMAL,0.03775315969236306,0.03775053238339106,0.033200141099466667,1.1371385314073117,3300000000.0,6700000000.000002,109560465.62824,50609099.970892,728545.437743,120561857.629744,33524608.311862,66037056.912702,66037056.901744,0.166201,505184.588665,598760.3099759727,252592.29433799995,498339.6957841592,1092075.801654999,False,True
979,4,1,1,NORMAL,0.03775331063014834,0.03775071162511734,0.03323876302076121,1.1358217694974782,3300000000.0,6700000000.000002,109687917.968512,50671860.780219,730123.087724,120681905.133754,33581376.746402,66112835.172092,66112835.161122,0.166201,505188.39586799993,598772.6198646721,252594.19794,498341.70793919236,1093417.0523229989,False,True
980,4,1,1,NORMAL,0.03775346008440545,0.03775088894507141,0.03327738651813515,1.134507965757196,3300000000.0,6700000000.000002,109815375.509846,50734634.021737,731702.570936,120801952.80157,33638146.336452,66188613.996905,66188613.985921,0.166201,505192.1653439999,598784.80776657,252596.082679,498343.70031795814,1094758.3302919988,False,True
981,4,1,1,NORMAL,0.037753608069613906,0.03775106437246125,0.03331601158886788,1.1331971106117875,3300000000.0,6700000000.000002,109942838.243264,50797419.693907,733283.887455,120922000.631568,33694917.070562,66264393.381534,66264393.370536,0.166201,505195.89746,598796.8748856117,252597.94873700003,498345.673114152,1096099.6352914989,False,True
982,4,1,1,NORMAL,0.03775375460015092,0.03775123793553801,0.033354638230266666,1.131889194525648,3300000000.0,6700000000.000002,110070306.15988,50860217.795227,734867.037355,121042048.622141,33751688.937394,66340173.32043,66340173.309422,0.166201,505199.592592,598808.8224139569,252599.796301,498347.6265189036,1097440.9670534988,False,True
983,4,1,1,NORMAL,0.03775389969029607,0.037751409661651435,0.03339326643966394,1.130584208002265,3300000000.0,6700000000.000002,110197779.250891,50923028.324237,736452.020711,121162096.771697,33808461.92572,66415953.808105,66415953.797085,0.166201,505203.25110200007,598820.6515320931,252601.62555700002,498349.5607219922,1098782.3253124987,False,True
984,4,1,1,NORMAL,0.03775404335415115,0.03775157957729658,0.03343189621442151,1.1292821415814636,3300000000.0,6700000000.000002,110325257.507591,50985851.279509,738038.837597,121282145.09528,33865236.024425,66491734.83912,66491734.828085,0.149581,505206.87335099996,598832.3634089486,252603.436683,498351.47591190814,1100123.7098059987,False,True
985,4,1,1,NORMAL,0.03775418560568118,0.0377517477081601,0.03347052755192546,1.127982985840607,3300000000.0,6700000000.000002,110452740.921354,51048686.659659,739627.488086,121402193.558091,33922011.222504,66567516.408088,66567516.397036,0.149581,505210.45969900006,598843.9592020035,252605.229858,498353.37227479514,1101465.1202739987,False,True
986,4,1,1,NORMAL,0.03775432645866483,0.03775191407916041,0.0335091604495894,1.126686731392802,3300000000.0,6700000000.000002,110580229.483645,51111534.463338,741217.972253,121522242.175205,33978787.509062,66643298.509671,66643298.498607,0.149581,505214.010498,598855.4400573997,252607.00525500003,498355.24999499164,1102806.5564594986,False,True
987,4,1,1,NORMAL,0.03775446592685638,0.03775207871449564,0.03354779490485242,1.1253933688916018,3300000000.0,6700000000.000002,110707723.186013,51174394.689228,742810.290173,121642290.945092,34035564.873306,66719081.138598,66719081.127519,0.149581,505217.5261010001,598866.8071100507,252608.76305799995,498357.1092543758,1104148.0181069986,False,True
988,4,1,1,NORMAL,0.03775460402375058,0.03775224163767338,0.03358643091518,1.1241028890237545,3300000000.0,6700000000.000002,110835222.020094,51237267.336052,744404.441918,121762339.866238,34092343.304556,66794864.289633,66794864.278544,0.149581,505221.00685199996,598878.0614837495,252610.50343100002,498358.9502345042,1105489.5049644986,False,True
989,4,1,1,NORMAL,0.03775474076282782,0.03775240287155431,0.03362506847806182,1.1228152825163862,3300000000.0,6700000000.000002,110962725.977604,51300152.402569,746000.427563,121882388.937143,34149122.792233,66870647.957606,66870647.946507,0.149581,505224.4531,598889.2042912764,252612.22655499997,498360.7731135077,1106831.0167814987,False,True
990,4,1,1,NORMAL,0.0377548761574133,0.03775256243838392,0.03366370759101303,1.1215305401325568,3300000000.0,6700000000.000002,111090235.050343,51363049.887574,747598.247181,122002438.156323,34205903.325864,66946432.137394,66946432.12628,0.149581,505227.8651829999,598900.2366345043,252613.93259899996,498362.57806932717,1108172.5533109987,False,True
991,4,1,1,NORMAL,0.03775501022063076,0.037752720359819206,0.033702348251575455,1.1202486526696507,3300000000.0,6700000000.000002,111217749.230199,51425959.789894,749197.900845,122122487.537265,34262684.89508,67022216.82392,67022216.812792,0.134623,505231.243438,598911.1596045049,252615.62172599998,498364.36527785554,1109514.1143079987,False,True
992,4,1,1,NORMAL,0.037755142965554,0.037752876656963384,0.033740990457313026,1.1189696109638343,3300000000.0,6700000000.000002,111345268.509133,51488882.108396,750799.388629,122242537.048599,34319467.489614,67098002.012161,67098002.001018,0.134623,505234.5882030001,598921.974281653,252617.29410899998,498366.13491232606,1110855.6995299987,False,True
993,4,1,1,NORMAL,0.037755274405072384,0.03775303135038977,0.03377963420581637,1.1176934058857118,3300000000.0,6700000000.000002,111472792.879194,51551816.841976,752402.710606,122362586.703841,34376251.0993,67173787.697142,67173787.685984,0.134623,505237.89980300004,598932.6817357284,252618.949909,498367.88714531285,1112197.3087369986,False,True
994,4,1,1,NORMAL,0.03775540455197994,0.03775318446016978,0.03381827949469939,1.1164200283428862,3300000000.0,6700000000.000002,111600322.332508,51614763.989567,754007.866849,122482636.501564,34433035.714073,67249573.873938,67249573.862768,0.134623,505241.178572,598943.2830260203,252620.58929199996,498369.6221469555,1113538.9416904985,False,True
995,4,1,1,NORMAL,0.037755533418943325,0.03775333600589711,0.033856926321599395,1.1151494692788095,3300000000.0,6700000000.000002,111727856.861278,51677723.550138,755614.857432,122602686.440356,34489821.323968,67325360.537671,67325360.526489,0.134623,505244.42482799996,598953.7792014271,252622.21242000003,498371.3400861352,1114880.5981554985,False,True
996,4,1,1,NORMAL,0.03775566101853416,0.037753486006712404,0.03389557468417849,1.1138817196734963,3300000000.0,6700000000.000002,111855396.457789,51740695.522687,757223.682427,122722736.518817,34546607.919117,67401147.683517,67401147.672319,0.134623,505247.63889600005,598964.1713005577,252623.819456,498373.04113005195,1116222.2778989985,False,True
997,4,1,1,NORMAL,0.03775578736316154,0.037753634481322025,0.03393422458012273,1.1126167705413645,3300000000.0,6700000000.000002,111982941.114405,51803679.906245,758834.341906,122842786.735563,34603395.48975,67476935.306694,67476935.295479,0.134623,505250.821095,598974.4603518305,252625.410556,498374.725444651,1117563.9806899985,False,True
998,4,1,1,NORMAL,0.037755912465086354,0.0377537814480165,0.033972876007139996,1.1113546129315424,3300000000.0,6700000000.000002,112110490.823562,51866676.699882,760446.835943,122962837.102685,34660184.026194,67552723.402465,67552723.391235,0.121161,505253.97173499997,598984.6473735721,252626.985875,498376.3931937323,1118905.7062999986,False,True
999,4,1,1,NORMAL,0.037756036336504026,0.037753926924693114,0.03401152896296212,1.1100952379300444,3300000000.0,6700000000.000002,112238045.577775,51929685.902696,762061.16461,123082887.591901,34716973.518872,67628511.966144,67628511.954903,0.121161,505257.0911350001,598994.7333741153,252628.54557299998,498378.0445391399,1120247.4545024985,False,True
1000,4,1,1,NORMAL,0.03775615898950786,0.037754070928874714,0.034050183445343635,1.1088386366585352,3300000000.0,6700000000.000002,112365605.369634,51992707.513816,763677.32798,123202938.215329,34773763.958299,67704300.993095,67704300.98184,0.121161,505260.179598,599004.7193518954,252630.089806,498379.67964185314,1121589.2250734984,False,True
1001,4,1,1,NORMAL,0.03775628043598776,0.03775421347772072,0.03408883945206182,1.1075848002711668,3300000000.0,6700000000.000002,112493170.191804,52055741.532408,765295.326125,123322988.971637,34830555.335089,67780090.478717,67780090.467453,0.121161,505263.23743100005,599014.6062955457,252631.61872,498381.2986615038,1122931.0177914985,False,True
1002,4,1,1,NORMAL,0.037756400687850744,0.037754354588051695,0.03412749698091576,1.106333719960895,3300000000.0,6700000000.000002,112620740.037022,52118787.957666,766915.159117,123443039.859508,34887347.639943,67855880.418469,67855880.407189,0.121161,505266.2649379999,599024.3951839933,252633.13247699998,498382.90175503853,1124272.8324364985,False,True
1003,4,1,1,NORMAL,0.03775651975674824,0.037754494276354696,0.03416615602972849,1.1050853869512194,3300000000.0,6700000000.000002,112748314.898104,52181846.788814,768536.827028,123563090.877637,34944140.863659,67931670.80784,67931670.79655,0.121161,505269.26242199994,599034.0869865526,252634.631216,498384.4890796298,1125614.6687909984,False,True
1004,4,1,1,NORMAL,0.03775663765431617,0.037754632558803826,0.034204816596342426,1.1038397925031864,3300000000.0,6700000000.000002,112875894.76793,52244918.02511,770160.32993,123683142.024731,35000934.997121,68007461.642377,68007461.631072,0.121161,505272.23017100006,599043.6826630182,252636.115093,498386.06078907684,1126956.5266399984,False,True
1005,4,1,1,NORMAL,0.03775675439201345,0.03775476945126897,0.03424347867862333,1.102596927910344,3300000000.0,6700000000.000002,113003479.639457,52308001.665843,771785.667896,123803193.311628,35057730.031307,68083252.91766,68083252.90634,0.109045,505275.16848500003,599053.1831637577,252637.58424999999,498387.6170369735,1128298.4057699984,False,True
1006,4,1,1,NORMAL,0.03775686998122036,0.03775490496933035,0.03428214227445909,1.1013567845014756,3300000000.0,6700000000.000002,113131069.505715,52371097.710327,773412.840997,123923244.712829,35114525.957282,68159044.629319,68159044.617985,0.109045,505278.077656,599062.5894298026,252639.038835,498389.1579745776,1129640.3059699985,False,True
1007,4,1,1,NORMAL,0.037756984433192586,0.0377550391282892,0.03432080738175606,1.1001193536391891,3300000000.0,6700000000.000002,113258664.359795,52434206.157916,775041.849305,124043296.239196,35171322.7662,68234836.773025,68234836.761676,0.109045,505280.95796699997,599071.9023929392,252640.47899099998,498390.6837521088,1130982.2270309986,False,True
1008,4,1,1,NORMAL,0.03775709775906937,0.03775517194317825,0.03435947399844636,1.098884626719741,3300000000.0,6700000000.000002,113386264.194873,52497327.007982,776672.692891,124163347.889488,35228120.449304,68310629.344489,68310629.333131,0.109045,505283.80971100007,599081.122975798,252641.90486000004,498392.19451814215,1132324.1687459985,False,True
1009,4,1,1,NORMAL,0.03775720996991526,0.03775530342877419,0.03439814212247818,1.0976525951743779,3300000000.0,6700000000.000002,113513869.004178,52560460.259939,778305.371827,124283399.662476,35284918.997921,68386422.33947,68386422.328104,0.109045,505286.633164,599090.2520919427,252643.31658599997,498393.6904197157,1133666.1309104986,False,True
1010,4,1,1,NORMAL,0.03775732107668536,0.03775543359960717,0.034436811751823636,1.0964232504678917,3300000000.0,6700000000.000002,113641478.781018,52623605.913219,779939.886185,124403451.556942,35341718.403465,68462215.753769,68462215.742393,0.109045,505289.42860799993,599099.2906459578,252644.714309,498395.17160288146,1135008.1133214985,False,True
1011,4,1,1,NORMAL,0.03775743109023103,0.03775556246997,0.03447548288447394,1.0951965840987574,3300000000.0,6700000000.000002,113769093.518764,52686763.967291,781576.236035,124523503.571681,35398518.657436,68538009.583227,68538009.571836,0.109045,505292.19632100005,599108.2395335365,252646.09816799997,498396.63821224676,1136350.1157779985,False,True
1012,4,1,1,NORMAL,0.03775754002122334,0.03775569005392183,0.03451415551844061,1.0939725875966986,3300000000.0,6700000000.000002,113896713.210854,52749934.421648,783214.42145,124643555.716404,35455319.751414,68613803.823724,68613803.812319,0.098141,505294.936574,599117.0996415663,252647.468294,498398.0903910496,1137692.1380809986,False,True
1013,4,1,1,NORMAL,0.03775764788027435,0.03775581636529941,0.03455282965175606,1.0927512525260117,3300000000.0,6700000000.000002,114024337.850795,52813117.275814,784854.4425,124763607.968121,35512121.677069,68689598.471178,68689598.459762,0.098141,505297.649641,599125.8718482149,252648.82482599997,498399.5282801481,1139034.1800334984,False,True
1014,4,1,1,NORMAL,0.03775775467791163,0.03775594141772601,0.03459150528247212,1.091532570484693,3300000000.0,6700000000.000002,114151967.432158,52876312.52934,786496.299256,124883660.336567,35568924.426148,68765393.521553,68765393.510129,0.098141,505300.335792,599134.5570230145,252650.16789999997,498400.95201962144,1140376.2414409984,False,True
1015,4,1,1,NORMAL,0.03775786042463785,0.03775606522462355,0.03463018240866,1.0903165331059796,3300000000.0,6700000000.000002,114279601.948578,52939520.181802,788139.99179,125003712.820583,35625727.990479,68841188.970862,68841188.959418,0.098141,505302.9952920001,599143.1560269465,252651.497656,498402.3617484335,1141718.3221099984,False,True
1016,4,1,1,NORMAL,0.03775796513064571,0.03775618779920562,0.03466886102841212,1.0891031320498812,3300000000.0,6700000000.000002,114407241.39376,53002740.232809,789785.520172,125123765.419023,35682532.361979,68916984.815131,68916984.803675,0.098141,505305.62840600003,599151.6697125236,252652.81420900003,498403.7576052196,1143060.4218499984,False,True
1017,4,1,1,NORMAL,0.03775806880618992,0.03775630915449493,0.034707541139837275,1.0878923590139105,3300000000.0,6700000000.000002,114534885.761463,53065972.681997,791432.884473,125243818.130752,35739337.532635,68992781.050448,68992781.03898,0.098141,505308.235392,599160.0989238729,252654.11770200002,498405.1397245233,1144402.5404714984,False,True
1018,4,1,1,NORMAL,0.037758171461381405,0.03775642930332632,0.034746222741065154,1.0866842057268156,3300000000.0,6700000000.000002,114662535.045515,53129217.529025,793082.084763,125363870.954645,35796143.494517,69068577.672934,69068577.661455,0.098141,505310.8165109999,599168.4444968172,252655.408261,498406.50824170694,1145744.6777869985,False,True
1019,4,1,1,NORMAL,0.03775827310620985,0.03775654825835107,0.034784905830245155,1.0854786639491023,3300000000.0,6700000000.000002,114790189.239809,53192474.773583,794733.121114,125483923.899404,35852950.239777,69144374.678741,69144374.667255,0.088327,505313.372017,599176.7072589552,252656.68601200002,498407.8632902346,1147086.8336109985,False,True
1020,4,1,1,NORMAL,0.0377583737506547,0.03775666603204808,0.034823590405543635,1.084275725476138,3300000000.0,6700000000.000002,114917848.338294,53255744.415383,796385.993596,125603976.944299,35909757.760638,69220172.064074,69220172.052577,0.088327,505315.902167,599184.8880297426,252657.951089,498409.20500197,1148429.0077599986,False,True
1021,4,1,1,NORMAL,0.037758473404491406,0.037756782636721845,0.03486227646514606,1.0830753821323416,3300000000.0,6700000000.000002,115045512.334982,53319026.454168,798040.702279,125724030.098052,35966566.049405,69295969.825163,69295969.813656,0.088327,505318.40720799996,599192.9876205705,252659.20360900002,498410.5335086421,1149771.2000519985,False,True
1022,4,1,1,NORMAL,0.037758572077483975,0.037756898084512956,0.03490096400725697,1.0818776257765492,3300000000.0,6700000000.000002,115173181.223948,53382320.889703,799697.247234,125844083.359583,36023375.098456,69371767.958284,69371767.946761,0.088327,505320.8873900001,599201.0068348437,252660.443703,498411.8489392866,1151113.4103069985,False,True
1023,4,1,1,NORMAL,0.037758669779203294,0.037757012387396205,0.034939653030099695,1.080682448296641,3300000000.0,6700000000.000002,115300854.999329,53445627.72178,801355.628531,125964136.727823,36080184.900249,69447566.459737,69447566.448202,0.088327,505323.34296000004,599208.9464680597,252661.67148599998,498413.15142278845,1152455.6383464986,False,True
1024,4,1,1,NORMAL,0.03775876651921758,0.03775712555719113,0.03497834353191394,1.0794898416149068,3300000000.0,6700000000.000002,115428533.655316,53508946.950219,803015.84624,126084190.201713,36136995.447313,69523365.32587,69523365.314323,0.088327,505325.77416200005,599216.8073078839,252662.88708699998,498414.44108548353,1153797.8839944985,False,True
1025,4,1,1,NORMAL,0.0377588623069898,0.037757237605565236,0.03501703551095697,1.0782997976848983,3300000000.0,6700000000.000002,115556217.186158,53572278.574863,804677.900431,126204243.780204,36193806.732249,69599164.553069,69599164.541504,0.088327,505328.181234,599224.5901342276,252664.090626,498415.718053672,1155140.1470759986,False,True
1026,4,1,1,NORMAL,0.03775895715180265,0.03775734854403217,0.03505572896550606,1.0771123084890488,3300000000.0,6700000000.000002,115683905.58617,53635622.595581,806341.791175,126324297.47109,36250618.747738,69674964.137741,69674964.126162,0.079495,505330.5644159999,599232.2957193223,252665.282215,498416.98245226534,1156482.4274179987,False,True
1027,4,1,1,NORMAL,0.037759051062957745,0.037757458383962855,0.03509442389385394,1.0759273660443378,3300000000.0,6700000000.000002,115811598.849718,53698979.012266,808007.518541,126444351.255679,36307431.486527,69750764.076344,69750764.06475,0.079495,505332.923947,599239.9248277948,252666.46198100003,498418.23440379504,1157824.7248489987,False,True
1028,4,1,1,NORMAL,0.037759144049590236,0.03775756713658398,0.03513312029431212,1.074744962396729,3300000000.0,6700000000.000002,115939296.97123,53762347.824834,809675.082599,126564405.141786,36364244.941437,69826564.365362,69826564.353756,0.079495,505335.260058,599247.4782167418,252667.63003499998,498419.47403104225,1159167.0391999986,False,True
1029,4,1,1,NORMAL,0.037759236120808524,0.037757674812985566,0.03517181816520758,1.0735650896250923,3300000000.0,6700000000.000002,116066999.945185,53825729.03323,811344.483419,126684459.128402,36421059.105362,69902365.001319,69902364.989701,0.079495,505337.572984,599254.9566358031,252668.786498,498420.7014545911,1160509.3703024986,False,True
1030,4,1,1,NORMAL,0.03775932728559599,0.03775778142412172,0.03521051750488636,1.0723877398381298,3300000000.0,6700000000.000002,116194707.766125,53889122.637418,813015.721071,126804513.214531,36477873.971264,69978165.98077,69978165.96914,0.079495,505339.86295199994,599262.3608272335,252669.93148199999,498421.91679467255,1161851.7179904985,False,True
1031,4,1,1,NORMAL,0.037759417552875776,0.03775788698081553,0.03524921831170939,1.0712129051761843,3300000000.0,6700000000.000002,116322420.428641,53952528.637388,814688.795624,126924567.399184,36534689.532174,70053967.30031,70053967.288665,0.079495,505342.130191,599269.6915259762,252671.06510300003,498423.12016986706,1163194.0820989986,False,True
1032,4,1,1,NORMAL,0.03775950693145199,0.03775799149375982,0.03528792058405546,1.070040577809317,3300000000.0,6700000000.000002,116450137.927383,54015947.033155,816363.707148,127044621.681384,36591505.781194,70129768.956561,70129768.9449,0.079495,505344.37492599996,599276.9494597326,252672.187471,498424.31169796025,1164536.4624654986,False,True
1033,4,1,1,NORMAL,0.037759595430050745,0.037758094973520534,0.03532662432031849,1.0688707499383945,3300000000.0,6700000000.000002,116577860.257051,54079377.824758,818040.455712,127164676.068111,36648322.711494,70205570.946181,70205570.934502,0.071546,505346.59737800003,599284.1353490344,252673.29869800003,498425.49149516626,1165878.8589284986,False,True
1034,4,1,1,NORMAL,0.037759683057298175,0.037758197430538445,0.0353653295189106,1.067703413794215,3300000000.0,6700000000.000002,116705587.412405,54142821.012255,819719.041386,127284730.542509,36705140.316311,70281373.265859,70281373.254163,0.071546,505348.797769,599291.2499073124,252674.39889300003,498426.65967666986,1167221.2713279985,False,True
1035,4,1,1,NORMAL,0.0377597698216793,0.03775829887512818,0.03540403617825939,1.0665385616362717,3300000000.0,6700000000.000002,116833319.388256,54206276.595731,821399.464239,127404785.111578,36761958.588951,70357175.91231,70357175.900609,0.071546,505350.976315,599298.2938409667,252675.48816,498427.81635633594,1168563.6995059985,False,True
1036,4,1,1,NORMAL,0.037759855731842096,0.03775839931749682,0.03544274429680727,1.0653761857612012,3300000000.0,6700000000.000002,116961056.179464,54269744.575289,823081.72434,127524839.774377,36818777.52278,70432978.88231,70432978.87059,0.071546,505353.13323700003,599305.2678494342,252676.566628,498428.96164616675,1169906.1433054984,False,True
1037,4,1,1,NORMAL,0.037759940796042175,0.03775849876772555,0.035481453873014546,1.0642162784868445,3300000000.0,6700000000.000002,117088797.780948,54333224.95106,824765.821759,127644894.529976,36875597.111239,70508782.172631,70508782.1609,0.071546,505355.268747,599312.1726252579,252677.634379,498430.0956603157,1171248.6025719985,False,True
1038,4,1,1,NORMAL,0.037760025022665025,0.03775859723578616,0.03552016490535515,1.0630588321669696,3300000000.0,6700000000.000002,117216544.187672,54396717.723195,826451.756565,127764949.377455,36932417.347826,70584585.780101,70584585.768355,0.071546,505357.38305700006,599319.0088541532,252678.69153599997,498431.2185077567,1172591.0771514985,False,True
1039,4,1,1,NORMAL,0.03776010841989089,0.037758694731534856,0.035558877392319395,1.0619038391815754,3300000000.0,6700000000.000002,117344295.394654,54460222.891868,828139.528826,127885004.3159,36989238.226108,70660389.701568,70660389.689808,0.071546,505359.476374,599325.777215075,252679.738194,498432.3302991784,1173933.5668919985,False,True
1040,4,1,1,NORMAL,0.03776019099584991,0.03775879126471647,0.035597591332414545,1.0607512919410966,3300000000.0,6700000000.000002,117472051.396968,54523740.457272,829829.138612,128005059.351563,37046059.739716,70736193.93391,70736193.922141,0.064392,505361.54890899995,599332.4783802838,252680.774459,498433.4311425598,1175276.0716434985,False,True
1041,4,1,1,NORMAL,0.0377602727586971,0.03775888684497329,0.03563630672416,1.0596011828884933,3300000000.0,6700000000.000002,117599812.189728,54587270.419623,831520.585991,128125114.469241,37102881.882338,70811998.474053,70811998.462267,0.064392,505363.60086899996,599339.113015411,252681.80044300001,498434.5211452188,1176618.5912564986,False,True
1042,4,1,1,NORMAL,0.03776035371636179,0.03775898148183707,0.03567502356609333,1.0584535044918773,3300000000.0,6700000000.000002,117727577.768108,54650812.77916,833213.871033,128245169.675204,37159704.647732,70887803.318932,70887803.307132,0.064392,505365.63245800004,599345.6817795234,252682.816236,498435.6004148018,1177961.1255834985,False,True
1043,4,1,1,NORMAL,0.037760433876772484,0.03775907518473613,0.03571374185676485,1.05730824925084,3300000000.0,6700000000.000002,117855348.127324,54714367.536142,834908.993806,128365224.968574,37216528.029715,70963608.465524,70963608.453709,0.064392,505367.64387499995,599352.185325188,252683.82194500003,498436.6690559757,1179303.6744784985,False,True
1044,4,1,1,NORMAL,0.037760513247778675,0.03775916796299694,0.03575246159474,1.056165409694031,3300000000.0,6700000000.000002,117983123.262642,54777934.690851,836605.954379,128485280.348484,37273352.022163,71039413.910836,71039413.899003,0.064392,505369.63532199996,599358.6242985348,252684.81767000002,498437.7271733968,1180646.2377964985,False,True
1045,4,1,1,NORMAL,0.03776059183708457,0.03775925982584131,0.0357911827786,1.0550249783771355,3300000000.0,6700000000.000002,118110903.16938,54841514.243586,838304.75282,128605335.814074,37330176.619016,71115219.651897,71115219.640048,0.064392,505371.606992,599364.9993393205,252685.80350399998,498438.7748706785,1181988.8153944984,False,True
1046,4,1,1,NORMAL,0.037760669652394024,0.0377593507823931,0.03582990540694061,1.0538869478868176,3300000000.0,6700000000.000002,118238687.842904,54905106.194668,840005.389199,128725391.364494,37387001.814274,71191025.68577,71191025.673907,0.064392,505373.55908800004,599371.3110809898,252686.77955099999,498439.81224951637,1183331.4071309983,False,True
1047,4,1,1,NORMAL,0.03776074670132135,0.037759440841678794,0.0358686294783694,1.0527513108381517,3300000000.0,6700000000.000002,118366477.278619,54968710.544442,841707.863583,128845447.005341,37443827.601993,71266832.00955,71266831.997673,0.057953,505375.4918,599377.5601507385,252687.745907,498440.83941160113,1184674.0128654984,False,True
1048,4,1,1,NORMAL,0.037760822991393744,0.03775953001262815,0.03590735499151121,1.0516180598743825,3300000000.0,6700000000.000002,118494271.471987,55032327.293267,843412.176041,128965502.722902,37500653.976291,71342638.620358,71342638.608467,0.057953,505377.40531999996,599383.7471695731,252688.702667,498441.85645744187,1186016.6324589984,False,True
1049,4,1,1,NORMAL,0.037760898530097856,0.03775961830407781,0.03594608194500334,1.0504871876682178,3300000000.0,6700000000.000002,118622070.418511,55095956.441528,845118.326641,129085558.522791,37557480.931343,71418445.515346,71418445.503438,0.057953,505379.29984099994,599389.8727523729,252689.649929,498442.86348639743,1187359.2657734985,False,True
1050,4,1,1,NORMAL,0.03776097332473029,0.03775970572476507,0.035984810337498487,1.0493586869174332,3300000000.0,6700000000.000002,118749874.113745,55159597.989626,846826.315452,129205614.404191,37614308.461385,71494252.691681,71494252.67977,0.057953,505381.175551,599395.9375079486,252690.58777699998,498443.8605972917,1188701.9126734985,False,True
1051,4,1,1,NORMAL,0.03776104738271504,0.037759792283342496,0.03602354016766,1.0482325503536958,3300000000.0,6700000000.000002,118877682.553278,55223251.937984,848536.142542,129325670.366291,37671136.560703,71570060.146584,71570060.134662,0.057953,505383.0326309999,599401.9420391027,252691.516321,498444.8478864398,1190044.5730234985,False,True
1052,4,1,1,NORMAL,0.03776112071125149,0.037759877988368884,0.03606227143416788,1.0471087707324505,3300000000.0,6700000000.000002,119005495.732754,55286918.287041,850247.807979,129445726.408291,37727965.223643,71645867.877285,71645867.86535,0.057953,505384.87126900005,599407.8869426874,252692.43564099996,498445.8254518385,1191387.2466899985,False,True
1053,4,1,1,NORMAL,0.03776119331751448,0.03775996284831376,0.03610100413571485,1.0459873408384561,3300000000.0,6700000000.000002,119133313.647859,55350597.037261,851961.311831,129565782.529397,37784794.444612,71721675.881042,71721675.869093,0.057953,505386.69165,599413.7728096639,252693.345832,498446.79338851967,1192729.9335404986,False,True
1054,4,1,1,NORMAL,0.03776126520860263,0.037760046871558206,0.036139738271006666,1.0448682534841942,3300000000.0,6700000000.000002,119261136.294322,55414288.189121,853676.654166,129685838.734618,37841624.218065,71797484.155147,71797484.143184,0.052158,505388.49395400006,599419.6002251593,252694.246984,498447.7517911911,1194072.6334444985,False,True
1055,4,1,1,NORMAL,0.037761336391549855,0.037760130066396384,0.03617847383876333,1.0437515015100103,3300000000.0,6700000000.000002,119388963.667919,55477991.743122,855393.835053,129805895.011587,37898454.538519,71873292.696911,71873292.684933,0.052158,505390.27835900005,599425.3697685238,252695.139187,498448.7007535547,1195415.3462724986,False,True
1056,4,1,1,NORMAL,0.03776140687329085,0.03776021244103474,0.03621721083771606,1.0426370777831042,3300000000.0,6700000000.000002,119516795.764463,55541707.69978,857112.854559,129925951.365329,37955285.400538,71949101.503677,71949101.491687,0.052158,505392.04504199995,599431.0820133877,252696.02252699996,498449.6403684581,1196758.0718959987,False,True
1057,4,1,1,NORMAL,0.03776147666072017,0.03776029400359509,0.03625594926661091,1.0415249751989184,3300000000.0,6700000000.000002,119644632.579816,55605436.059633,858833.712752,130046007.795081,38012116.798748,72024910.572809,72024910.560812,0.052158,505393.794181,599436.7375277171,252696.897094,498450.5707274392,1198100.8101879987,False,True
1058,4,1,1,NORMAL,0.037761545760709204,0.03776037476211858,0.03629468912420515,1.0404151866815632,3300000000.0,6700000000.000002,119772474.109877,55669176.823233,860556.4097,130166064.300088,38068948.727817,72100719.901712,72100719.889699,0.052158,505395.525942,599442.3368738696,252697.762979,498451.49192150624,1199443.5610219988,False,True
1059,4,1,1,NORMAL,0.037761614179999625,0.03776045472456252,0.0363334304092706,1.0393077051806432,3300000000.0,6700000000.000002,119900320.350593,55732929.991151,862280.94547,130286120.879603,38125781.182476,72176529.487801,72176529.475772,0.052158,505397.24051,599447.8806086489,252698.62026300002,498452.40404136153,1200786.3242739988,False,True
1060,4,1,1,NORMAL,0.03776168192527773,0.03776053389880221,0.03637217312059121,1.0382025236732386,3300000000.0,6700000000.000002,120028171.297951,55796695.56398,864007.32013,130406177.532886,38182614.157506,72252339.32852,72252339.316476,0.052158,505398.938049,599453.3692833596,252699.46903200002,498453.3071759951,1202129.099820999,False,True
1061,4,1,1,NORMAL,0.03776174900316076,0.0377606122926318,0.03641091725696273,1.0370996351633992,3300000000.0,6700000000.000002,120156026.947977,55860473.542329,865735.533748,130526234.264419,38239447.64774,72328149.421338,72328149.409281,0.046943,505400.618727,599458.8034438612,252700.30937,498454.201413666,1203471.887540499,False,True
1062,4,1,1,NORMAL,0.037761815420218184,0.03776068991376641,0.03644966281719303,1.03599903268258,3300000000.0,6700000000.000002,120283887.296737,55924263.926822,867465.586392,130646291.063046,38296281.648057,72403959.763756,72403959.751683,0.046943,505402.282708,599464.1836306211,252701.141362,498455.086841722,1204814.687311499,False,True
1063,4,1,1,NORMAL,0.03776188118294593,0.03776076676984251,0.03648840980010334,1.0349007092887612,3300000000.0,6700000000.000002,120411752.340341,55988066.718105,869197.478129,130766347.933265,38353116.153393,72479770.353291,72479770.341204,0.046943,505403.9301660001,599469.5103787676,252701.96508999998,498455.96354688,1206157.499014499,False,True
1064,4,1,1,NORMAL,0.03776194629778831,0.03776084286841966,0.036527158204526365,1.0338046580669649,3300000000.0,6700000000.000002,120539622.074937,56051881.916837,870931.209026,130886404.874364,38409951.158731,72555581.187491,72555581.175389,0.046943,505405.56125900004,599474.7842181424,252702.780637,498456.83161488635,1207500.3225309988,False,True
1065,4,1,1,NORMAL,0.03776201077111285,0.037760918216980514,0.03656590802930727,1.032710872128402,3300000000.0,6700000000.000002,120667496.496714,56115709.523696,872666.779151,131006461.885639,38466786.659105,72631392.263925,72631392.251808,0.046943,505407.17615099996,599480.0056733524,252703.588083,498457.69113080576,1208843.157743499,False,True
1066,4,1,1,NORMAL,0.037762074609221735,0.03776099282293156,0.03660465927330243,1.0316193446106865,3300000000.0,6700000000.000002,120795375.601898,56179549.539378,874404.188571,131126518.966394,38523622.649597,72707203.580186,72707203.568055,0.046943,505408.775002,599485.175263821,252704.387508,498458.5421786897,1210186.004535999,False,True
1067,4,1,1,NORMAL,0.0377621378183615,0.03776106669360446,0.0366434119353803,1.0305300686779397,3300000000.0,6700000000.000002,120923259.386755,56243401.964594,876143.437354,131246576.115938,38580459.125338,72783015.133893,72783015.121748,0.046943,505410.35797,599490.293503839,252705.17899199997,498459.3848417269,1211528.862792999,False,True
1068,4,1,1,NORMAL,0.037762200404731265,0.037761139836257805,0.036682166014421515,1.0294430375208796,3300000000.0,6700000000.000002,121051147.847591,56307266.800072,877884.525567,131366633.338282,38637296.08151,72858826.922686,72858826.910526,0.042249,505411.925215,599495.3609026147,252705.96261500003,498460.2192023718,1212871.732400999,False,True
1069,4,1,1,NORMAL,0.037762262374468,0.03776121225807782,0.03672092150931727,1.0283582443563273,3300000000.0,6700000000.000002,121179040.980747,56371144.046558,879627.453277,131486690.623361,38694133.513339,72934638.944233,72934638.932056,0.042249,505413.47689299996,599500.3779643243,252706.73845499998,498461.0453424527,1214214.613246999,False,True
1070,4,1,1,NORMAL,0.037762323733612234,0.03776128396617681,0.036759678418971514,1.0272756824260807,3300000000.0,6700000000.000002,121306938.782606,56435033.704813,881372.220551,131606747.9752,38750971.416102,73010451.196217,73010451.184025,0.042249,505415.013157,599505.345188161,252707.50658600003,498461.86334297765,1215557.505219999,False,True
1071,4,1,1,NORMAL,0.0377623844881657,0.03776135496759545,0.036798436742298185,1.026195344998433,3300000000.0,6700000000.000002,121434841.249584,56498935.775615,883118.827456,131726805.393135,38807809.78512,73086263.67635,73086263.664145,0.042249,505416.53415900003,599510.2630683839,252708.26708599998,498462.6732836815,1216900.408208999,False,True
1072,4,1,1,NORMAL,0.03776244464409713,0.03776142526930524,0.03683719647822182,1.0251172253681768,3300000000.0,6700000000.000002,121562748.378132,56562850.259759,884867.27406,131846862.87651,38864648.615759,73162076.382369,73162076.37015,0.042249,505418.040052,599515.1320943664,252709.02003299995,498463.4752437872,1218243.322104499,False,True
1073,4,1,1,NORMAL,0.037762504207282055,0.03776149487820697,0.03687595762568031,1.0240413168547617,3300000000.0,6700000000.000002,121690660.164745,56626777.158055,886617.560429,131966920.424674,38921487.903437,73237889.312026,73237889.299793,0.042249,505419.53098400007,599519.9527506441,252709.76549900003,498464.26930208213,1219586.246798499,False,True
1074,4,1,1,NORMAL,0.037762563183549015,0.03776156380113226,0.03691472018362151,1.0229676128035146,3300000000.0,6700000000.000002,121818576.605951,56690716.471324,888369.68663,132086978.036984,38978327.643611,73313702.463101,73313702.450854,0.042249,505421.0071040001,599524.7255169629,252710.50355900003,498465.0555361231,1220929.182183499,False,True
1075,4,1,1,NORMAL,0.037762621578708085,0.03776163204484683,0.03695348415100303,1.0218961065862877,3300000000.0,6700000000.000002,121946497.69831,56754668.20041,890123.65273,132207035.717027,39035167.831784,73389515.833399,73389515.821135,0.038025,505422.46856300003,599529.4508683254,252711.23429,498465.834022847,1222272.128152999,False,True
1076,4,1,1,NORMAL,0.03776267939841319,0.03776169961604467,0.03699224952679454,1.0208267915975373,3300000000.0,6700000000.000002,122074423.438422,56818632.34617,891879.458796,132327093.455724,39092008.463508,73465329.420734,73465329.408458,0.038025,505423.91549999994,599534.1292750376,252711.95775600002,498466.6048389467,1223615.084601999,False,True
1077,4,1,1,NORMAL,0.037762736648357664,0.03776176652135519,0.03703101630997667,1.0197596612595226,3300000000.0,6700000000.000002,122202353.822923,56882608.909473,893637.104895,132447151.256674,39148849.534376,73541143.222953,73541143.210665,0.038025,505425.348062,599538.761202755,252712.67403700002,498467.36805905413,1224958.051426999,False,True
1078,4,1,1,NORMAL,0.03776279333414988,0.03776183276734195,0.0370697844995403,1.0186947090188283,3300000000.0,6700000000.000002,122330288.848483,56946597.891207,895396.591094,132567209.119259,39205691.040027,73616957.237919,73616957.22562,0.038025,505426.7663929999,599543.3471125289,252713.383202,498468.12375832116,1226301.0285244992,False,True
1079,4,1,1,NORMAL,0.03776284946134725,0.03776189836050359,0.03710855409448485,1.0176319283472066,3300000000.0,6700000000.000002,122458228.5118,57010599.292276,897157.917459,132687267.042866,39262532.976138,73692771.463523,73692771.451211,0.038025,505428.1706310001,599547.8874608509,252714.085322,498468.8720107784,1227644.0157919992,False,True
1080,4,1,1,NORMAL,0.037762905035442204,0.03776196330727382,0.03714732509382273,1.01657131274095,3300000000.0,6700000000.000002,122586172.809615,57074613.113593,898921.084057,132807325.026889,39319375.338433,73768585.897671,73768585.885344,0.038025,505429.56091700005,599552.382699698,252714.780466,498469.61288978375,1228987.0131289992,False,True
1081,4,1,1,NORMAL,0.03776296006189309,0.037762027614023454,0.03718609749657515,1.0155128557217135,3300000000.0,6700000000.000002,122714121.738698,57138639.356089,900686.090954,132927383.070727,39376218.122677,73844400.538294,73844400.525948,0.038025,505430.937391,599556.833276577,252715.46870499998,498470.3464678371,1230330.0204349991,False,True
1082,4,1,1,NORMAL,0.03776301454602192,0.03776209128705561,0.03722487130177454,1.0144565508335746,3300000000.0,6700000000.000002,122842075.295856,57202678.020713,902452.938218,133047441.177589,39433061.324681,73920215.38333,73920215.370974,0.034223,505432.30019,599561.2396345685,252716.1501,498471.07281698886,1231673.0376114992,False,True
1083,4,1,1,NORMAL,0.037763068493227143,0.03776215433261507,0.03726364650846242,1.0134023916486892,3300000000.0,6700000000.000002,122970033.477926,57266729.108423,904221.625914,133167499.339282,39489904.940292,73996030.430756,73996030.418389,0.034223,505433.6494489999,599565.6022123701,252716.82472999996,498471.79200748936,1233016.0645599992,False,True
1084,4,1,1,NORMAL,0.03776312190880124,0.037762216756885146,0.03730242311568939,1.012350371762259,3300000000.0,6700000000.000002,123097996.281775,57330792.620196,905992.154109,133287557.559026,39546748.965399,74071845.678563,74071845.66618,0.034223,505434.98529999994,599569.9214443401,252717.492658,498472.5041105983,1234359.1011834992,False,True
1085,4,1,1,NORMAL,0.03776317479795678,0.037762278565986546,0.03734120112251758,1.0113004847930493,3300000000.0,6700000000.000002,123225963.704308,57394868.55702,907764.52287,133407615.836243,39603593.395937,74147661.124756,74147661.112358,0.034223,505436.30788100004,599574.1977605397,252718.15394800002,498473.2091961764,1235702.147385999,False,True
1086,4,1,1,NORMAL,0.03776322716584877,0.03776233976597766,0.0373799805280197,1.010252724383893,3300000000.0,6700000000.000002,123353935.742465,57458956.919895,909538.732263,133527674.170363,39660438.227876,74223476.767362,74223476.754952,0.034223,505437.61731799995,599578.431586775,252718.80866500002,498473.9073330295,1237045.203072499,False,True
1087,4,1,1,NORMAL,0.03776327901764702,0.037762400362859556,0.037418761331274544,1.0092070842036271,3300000000.0,6700000000.000002,123481912.393206,57523057.709842,911314.782354,133647732.56082,39717283.457226,74299292.604435,74299292.59201,0.034223,505438.913745,599582.6233446398,252719.45687999998,498474.5985892038,1238388.268148499,False,True
1088,4,1,1,NORMAL,0.03776333035839543,0.03776246036257155,0.03745754353137394,1.008163557943018,3300000000.0,6700000000.000002,123609893.653534,57587170.927889,913092.67321,133767791.007055,39774129.08004,74375108.634037,74375108.6216,0.034223,505440.19729,599586.7734515561,252720.09865099995,498475.2830329407,1239731.342520999,False,True
1089,4,1,1,NORMAL,0.037763381193157974,0.03776251977099648,0.03749632712741697,1.0071221393186998,3300000000.0,6700000000.000002,123737879.520476,57651296.575081,914872.404896,133887849.511935,39830975.092407,74450924.85426,74450924.841809,0.030801,505441.46808200004,599590.8823208156,252720.73404800004,498475.9607308197,1241074.426096999,False,True
1090,4,1,1,NORMAL,0.0377634315268882,0.03776257859395724,0.03753511211851424,1.0060828220694547,3300000000.0,6700000000.000002,123865869.991097,57715434.652474,916653.97748,134007908.068067,39887821.490458,74526741.263206,74526741.250741,0.030801,505442.726244,599594.9503616203,252721.363129,498476.6317496853,1242417.518785499,False,True
1091,4,1,1,NORMAL,0.037763481364530165,0.03776263683722001,0.03757389850378333,1.0050455999589116,3300000000.0,6700000000.000002,123993865.062485,57779585.161139,918437.391027,134127966.67833,39944668.270359,74602557.859002,74602557.846524,0.030801,505443.97190699994,599598.9779791227,252721.98596000002,498477.2961549242,1243760.620495999,False,True
1092,4,1,1,NORMAL,0.03776353071095613,0.03776269450649331,0.037612686282351815,1.0040104667736824,3300000000.0,6700000000.000002,124121864.731761,57843748.102163,920222.645603,134248025.342187,40001515.428316,74678374.639789,74678374.627299,0.030801,505445.20518999995,599602.9655744658,252722.602601,498477.95401179814,1245103.731138499,False,True
1093,4,1,1,NORMAL,0.037763579571019334,0.03776275160743048,0.037651475453357876,1.0029774163246359,3300000000.0,6700000000.000002,124249868.996081,57907923.476639,922009.741274,134368084.059105,40058362.960572,74754191.603731,74754191.591228,0.030801,505446.426219,599606.9135448221,252723.21311600003,498478.6053846209,1246446.850624499,False,True
1094,4,1,1,NORMAL,0.03776362794950376,0.037762808145628754,0.037690266015946064,1.001946442445555,3300000000.0,6700000000.000002,124377877.852622,57972111.28568,923798.678107,134488142.828556,40115210.863407,74830008.749009,74830008.73649,0.030801,505447.63511200005,599610.8222834332,252723.817564,498479.25033745525,1247789.9788659988,False,True
1095,4,1,1,NORMAL,0.037763675851144714,0.03776286412662978,0.037729057969271514,1.0009175389934568,3300000000.0,6700000000.000002,124505891.298596,58036311.530407,925589.456167,134608201.650018,40172059.133138,74905826.073821,74905826.061284,0.030801,505448.83199200005,599614.6921796484,252724.41600499995,498479.88893344963,1249133.1157759987,False,True
1096,4,1,1,NORMAL,0.037767851312498185,0.03776318588055678,0.037767851312498185,1.0,3300000000.0,6700000000.000002,124633909.331244,58100524.211959,927382.075521,134728260.526055,40228907.766122,74981643.576377,74981643.563826,0.027721,505450.0169800001,599618.5236189628,252725.008497,498480.52123511024,1250476.2612684986,False,True
1097,4,1,1,NORMAL,0.03780664604479879,0.03776598976212078,0.03780664604479879,1.0,3300000000.0,6700000000.000002,124761931.947836,58164749.331481,929176.536234,134848319.449995,40285756.758747,75057461.254916,75057461.242351,0.027721,505451.19019399997,599622.3169830557,252725.595104,498535.63732497604,1251819.4152579985,False,True
1098,4,1,1,NORMAL,0.03784544216535303,0.03777111572361964,0.03784544216535303,1.0,3300000000.0,6700000000.000002,124889959.145665,58228986.890136,930972.838373,134968378.424411,40342606.107438,75133279.10769,75133279.095109,0.027721,505452.35174600006,599626.0726498272,252726.175881,499047.727791344,1253162.5776604984,False,True
1099,4,1,1,NORMAL,0.037884239673351514,0.03777841404295718,0.037884239673351514,1.0,3300000000.0,6700000000.000002,125017990.92206,58293236.889097,932770.982003,135088437.448801,40399455.808659,75209097.132964,75209097.120369,0.027721,505453.5017560001,599629.7909934368,252726.750885,499559.83658266003,1254505.7483919985,False,True
1100,4,1,1,NORMAL,0.037923038567991514,0.03778774465747553,0.037923038567991514,1.0,3300000000.0,6700000000.000002,125146027.274372,58357499.32955,934570.96719,135208496.522669,40456305.858904,75284915.329027,75284915.316415,0.027721,505454.640335,599633.4723843394,252727.320176,500071.96368824,1255848.9273699985,False,True
1101,4,1,1,NORMAL,0.0379618388484806,0.03779897654076618,0.0379618388484806,1.0,3300000000.0,6700000000.000002,125274068.199986,58421774.212692,936372.793999,135328555.645524,40513156.254707,75360733.694176,75360733.681553,0.027721,505455.7676029999,599637.1171893214,252727.88380699998,500584.109097488,1257192.1145124985,False,True
1102,4,1,1,NORMAL,0.038000640514032125,0.037811987119686565,0.038000640514032125,1.0,3300000000.0,6700000000.000002,125402113.696306,58486061.539735,938176.462497,135448614.816878,40570006.992633,75436552.226732,75436552.2141,0.027721,505456.8836630001,599640.7257715383,252728.441836,501096.272799944,1258535.3097379985,False,True
1103,4,1,1,NORMAL,0.038039443563870304,0.03782666172898874,0.038039443563870304,1.0,3300000000.0,6700000000.000002,125530163.760772,58550361.311897,939981.972749,135568674.039021,40626858.069281,75512370.925037,75512370.912391,0.024949,505457.98863400007,599644.298490549,252728.994324,501608.45478522405,1259878.5129664985,False,True
1104,4,1,1,NORMAL,0.03807824799722515,0.037842893101133035,0.03807824799722515,1.0,3300000000.0,6700000000.000002,125658218.390843,58614673.530413,941789.324821,135688733.305932,40683709.481284,75588189.78744,75588189.774782,0.024949,505459.082622,599647.8357023515,252729.54131700002,502120.655043088,1261221.7241179985,False,True
1105,4,1,1,NORMAL,0.03811705381333697,0.03786058088901716,0.03811705381333697,1.0,3300000000.0,6700000000.000002,125786277.584012,58678998.196528,943598.518778,135808792.619911,40740561.225311,75664008.812309,75664008.79964,0.024949,505460.1657390001,599651.3377594191,252730.08287500002,502632.873563372,1262564.9431144984,False,True
1106,4,1,1,NORMAL,0.038155861011452116,0.037879631219496834,0.038155861011452116,1.0,3300000000.0,6700000000.000002,125914341.337792,58743335.3115,945409.554686,135928851.98049,40797413.298061,75739827.998033,75739827.98535,0.024949,505461.23809199996,599654.8050107335,252730.619053,503145.110336048,1263908.1698774984,False,True
1107,4,1,1,NORMAL,0.03819466959082606,0.037899956275711626,0.03819466959082606,1.0,3300000000.0,6700000000.000002,126042409.649726,58807684.876595,947222.432611,136048911.387205,40854265.696267,75815647.34301,75815647.330314,0.024949,505462.2997830001,599658.237801821,252731.14989799995,503657.3653511679,1265251.4043299984,False,True
1108,4,1,1,NORMAL,0.038233479550721816,0.037921473906357445,0.038233479550721816,1.0,3300000000.0,6700000000.000002,126170482.517382,58872046.893094,949037.152618,136168970.839599,40911118.416694,75891466.845658,75891466.83295,0.024949,505463.3509259999,599661.6364747847,252731.67546899998,504169.638598904,1266594.6463954984,False,True
1109,4,1,1,NORMAL,0.03827229089040939,0.03794410726016725,0.03827229089040939,1.0,3300000000.0,6700000000.000002,126298559.938351,58936421.362288,950853.714773,136289030.337217,40967971.45614,75967286.504412,75967286.491689,0.024949,505464.3916210001,599665.0013683398,252732.19581799998,504681.930069528,1267937.8959979983,False,True
1110,4,1,1,NORMAL,0.038311103609168784,0.0379677844439738,0.038311103609168784,1.0,3300000000.0,6700000000.000002,126426641.910257,59000808.285477,952672.119141,136409089.882104,41024824.811436,76043106.31771,76043106.304984,0.022455,505465.421971,599668.3328178459,252732.710987,505194.239753404,1269281.1530634982,False,True
1111,4,1,1,NORMAL,0.038349917706284244,0.03799243820283254,0.038349917706284244,1.0,3300000000.0,6700000000.000002,126554728.430738,59065207.663974,954492.365788,136529149.468826,41081678.479439,76118926.284032,76118926.271293,0.022455,505466.4420810001,599671.631155341,252733.22104699997,505706.5676410279,1270624.4175169982,False,True
1112,4,1,1,NORMAL,0.03838873318104939,0.03801800562078202,0.03838873318104939,1.0,3300000000.0,6700000000.000002,126682819.497463,59129619.499104,956314.454779,136649209.099437,41138532.457041,76194746.401852,76194746.389097,0.022455,505467.45205,599674.8967095736,252733.72603299996,506218.913722952,1271967.6892849982,False,True
1113,4,1,1,NORMAL,0.03842755003276576,0.03804442784091,0.03842755003276576,1.0,3300000000.0,6700000000.000002,126810915.108127,59194043.792203,958138.386179,136769268.773501,41195386.741169,76270566.669658,76270566.656891,0.022455,505468.451984,599678.1298060355,252734.22599799995,506731.27798985195,1273310.9682954983,False,True
1114,4,1,1,NORMAL,0.038466368260741214,0.038071649803479754,0.038466368260741214,1.0,3300000000.0,6700000000.000002,126939015.260446,59258480.544616,959964.160053,136889328.490586,41252241.328773,76346387.085964,76346387.073184,0.022455,505469.44197700004,599681.3307669936,252734.72099499995,507243.66043250804,1274654.2544759982,False,True
1115,4,1,1,NORMAL,0.038505187864291815,0.038099620000951503,0.038505187864291815,1.0,3300000000.0,6700000000.000002,127067119.952163,59322929.757696,961791.776467,137009388.250264,41309096.216836,76422207.649296,76422207.636499,0.022455,505470.4221290001,599684.499911522,252735.21107299998,507756.06104178407,1275997.5477554982,False,True
1116,4,1,1,NORMAL,0.038544008842740604,0.03812829024880887,0.038544008842740604,1.0,3300000000.0,6700000000.000002,127195229.181044,59387391.432813,963621.235486,137129448.052112,41365951.402375,76498028.358183,76498028.345379,0.022455,505471.392541,599687.6375555334,252735.69627399996,508268.479808652,1277340.8480634983,False,True
1117,4,1,1,NORMAL,0.03858283119541667,0.03815761547117067,0.03858283119541667,1.0,3300000000.0,6700000000.000002,127323342.944875,59451865.571342,965452.537176,137249507.897956,41422806.882429,76573849.21119,76573849.198371,0.02021,505472.35330499994,599690.7440118103,252736.17666,508780.916724176,1278684.1553299983,False,True
1118,4,1,1,NORMAL,0.038621654921658186,0.03818755350023438,0.038621654921658186,1.0,3300000000.0,6700000000.000002,127451461.241472,59516352.17467,967285.681602,137369567.782891,41479662.654073,76649670.206878,76649670.194046,0.02021,505473.3045210001,599693.8195900358,252736.65226699997,509293.37177950004,1280027.4694854983,False,True
1119,4,1,1,NORMAL,0.038660480020809095,0.03821806488865856,0.038660480020809095,1.0,3300000000.0,6700000000.000002,127579584.06867,59580851.244195,969120.668828,137489627.708751,41536518.714409,76725491.343826,76725491.330986,0.02021,505474.2462800001,599696.8645968246,252737.123144,509805.844965888,1281370.7904619982,False,True
1120,4,1,1,NORMAL,0.03869930649221909,0.038249112734049566,0.03869930649221909,1.0,3300000000.0,6700000000.000002,127707711.424323,59645362.781327,970957.49892,137609687.675129,41593375.060566,76801312.620633,76801312.607786,0.02021,505475.17867700005,599699.8793357523,252737.58934200002,510318.3362746801,1282714.118191498,False,True
1121,4,1,1,NORMAL,0.03873813433524697,0.03828066251477198,0.03873813433524697,1.0,3300000000.0,6700000000.000002,127835843.306315,59709886.787481,972796.171943,137729747.681622,41650231.689702,76877134.035913,76877134.023055,0.02021,505476.10180699994,599702.8641073866,252738.050909,510830.84569729195,1284057.4526069982,False,True
1122,4,1,1,NORMAL,0.038776963549257276,0.03831268193635168,0.038776963549257276,1.0,3300000000.0,6700000000.000002,127963979.712549,59774423.264085,974636.687962,137849807.727831,41707088.599005,76952955.588289,76952955.575415,0.02021,505477.01576,599705.8192093159,252738.507888,511343.37322526,1285400.793641498,False,True
1123,4,1,1,NORMAL,0.03881579413362121,0.038345140787788425,0.03881579413362121,1.0,3300000000.0,6700000000.000002,128092120.64095,59838972.212579,976479.047042,137969867.813362,41763945.78569,77028777.276397,77028777.263505,0.02021,505477.9206300001,599708.7449361801,252738.96032399999,511855.91885019606,1286744.141229998,False,True
1124,4,1,1,NORMAL,0.03885462608771818,0.038378010807138735,0.03885462608771818,1.0,3300000000.0,6700000000.000002,128220266.08947,59903533.634407,978323.249248,138089927.939845,41820803.247001,77104599.098885,77104599.085976,0.018189,505478.81650499994,599711.6415796978,252739.408261,512368.4825638,1288087.495306998,False,True
1125,4,1,1,NORMAL,0.03889345941093212,0.03841126555577057,0.03889345941093212,1.0,3300000000.0,6700000000.000002,128348416.056076,59968107.531028,980169.294645,138209988.102851,41877660.980207,77180421.054415,77180421.041494,0.018189,505479.703472,599714.5094286969,252739.85174199994,512881.06435788,1289430.855807998,False,True
1126,4,1,1,NORMAL,0.03893229410265424,0.03844488030073081,0.03893229410265424,1.0,3300000000.0,6700000000.000002,128476570.538759,60032693.903908,982017.183298,138330048.304018,41934518.982605,77256243.141669,77256243.128735,0.018189,505480.581625,599717.3487691423,252740.29081900002,513393.66422430397,1290774.222668998,False,True
1127,4,1,1,NORMAL,0.03897113016228303,0.03847883190470192,0.03897113016228303,1.0,3300000000.0,6700000000.000002,128604729.535534,60097292.75452,983866.915272,138450108.542966,41991377.251519,77332065.359337,77332065.346388,0.018189,505481.45104500005,599720.159884164,252740.72552999997,513906.282155036,1292117.595826998,False,True
1128,4,1,1,NORMAL,0.03900996758922182,0.038513098723058053,0.03900996758922182,1.0,3300000000.0,6700000000.000002,128732893.044432,60161904.084354,985718.490632,138570168.81932,42048235.7843,77407887.706123,77407887.693157,0.018189,505482.311825,599722.9430540855,252741.155921,514418.918142136,1293460.9752189978,False,True
1129,4,1,1,NORMAL,0.03904880638288212,0.038547660507562836,0.03904880638288212,1.0,3300000000.0,6700000000.000002,128861061.063511,60226527.894902,987571.909443,138690229.132708,42105094.578326,77483710.180739,77483710.16776,0.018189,505483.164047,599725.6985564518,252741.58203000002,514931.572177728,1294804.3607834978,False,True
1130,4,1,1,NORMAL,0.03908764654268,0.03858249831628008,0.03908764654268,1.0,3300000000.0,6700000000.000002,128989233.590844,60291164.187669,989427.171769,138810289.482762,42161953.630998,77559532.781916,77559532.768926,0.018189,505484.00779500004,599728.4266660557,252742.003903,515444.244254044,1296147.7524589978,False,True
1131,4,1,1,NORMAL,0.03912648806803818,0.038617594429296735,0.03912648806803818,1.0,3300000000.0,6700000000.000002,129117410.624526,60355812.964167,991284.277676,138930349.870935,42218812.939744,77635355.508402,77635355.495395,0.016371,505484.843157,599731.1276549663,252742.42158700008,515956.93436337606,1297491.1501844977,False,True
1132,4,1,1,NORMAL,0.03916533095838727,0.03865293226988322,0.03916533095838727,1.0,3300000000.0,6700000000.000002,129245592.162678,60420474.225915,993143.227228,139050410.29323,42275672.502019,77711178.358947,77711178.345925,0.016371,505485.67021500005,599733.8017925555,252742.83511499997,516469.64249810396,1298834.5538999976,False,True
1133,4,1,1,NORMAL,0.03920417521316182,0.038688496330739904,0.03920417521316182,1.0,3300000000.0,6700000000.000002,129373778.203434,60485147.974449,995004.02049,139170470.751108,42332532.315304,77787001.332316,77787001.319279,0.016371,505486.48904899997,599736.4493455236,252743.24453199998,516982.36865071196,1300177.9635459976,False,True
1134,4,1,1,NORMAL,0.039243020831803636,0.03872427210500208,0.039243020831803636,1.0,3300000000.0,6700000000.000002,129501968.744952,60549834.211306,996866.657527,139290531.244216,42389392.377102,77862824.427291,77862824.414237,0.016371,505487.29974499997,599739.0705779274,252743.64988100002,517495.1128137361,1301521.3790639977,False,True
1135,4,1,1,NORMAL,0.03928186781376,0.03876024602169614,0.03928186781376,1.0,3300000000.0,6700000000.000002,129630163.785408,60614532.938037,998731.138403,139410591.772203,42446252.684945,77938647.642659,77938647.62959,0.016371,505488.102381,599741.6657512053,252744.05119799994,518007.874979808,1302864.8003949977,False,True
1136,4,1,1,NORMAL,0.039320716158484245,0.038796405385359896,0.039320716158484245,1.0,3300000000.0,6700000000.000002,129758363.322998,60679244.156197,1000597.463183,139530652.334722,42503113.236385,78014470.977224,78014470.964143,0.016371,505488.89703600004,599744.2351242029,252744.44852400004,518520.655141632,1304208.2274814977,False,True
1137,4,1,1,NORMAL,0.03935956586543485,0.03883273831955828,0.03935956586543485,1.0,3300000000.0,6700000000.000002,129886567.355935,60743967.867353,1002465.631932,139650712.93143,42559974.029,78090294.429804,78090294.416708,0.016371,505489.6837910001,599746.7789532,252744.84190299996,519033.453291992,1305551.6602659978,False,True
1138,4,1,1,NORMAL,0.03939841693407758,0.0388692337140434,0.03939841693407758,1.0,3300000000.0,6700000000.000002,130014775.882456,60808704.07308,1004335.644714,139770773.563625,42616835.060393,78166117.999219,78166117.986114,0.014734,505490.46272300003,599749.297491934,252745.23136600002,519546.26942374,1306895.0986919978,False,True
1139,4,1,1,NORMAL,0.03943726936388303,0.03890588117532338,0.03943726936388303,1.0,3300000000.0,6700000000.000002,130142988.900814,60873452.774959,1006207.501594,139890834.227695,42673696.32819,78241941.684317,78241941.671197,0.014734,505491.23391499993,599751.7909916267,252745.61696500002,520059.103529824,1308238.542703498,False,True
1140,4,1,1,NORMAL,0.03947612315432788,0.038942670980420445,0.03947612315432788,1.0,3300000000.0,6700000000.000002,130271206.409282,60938213.974582,1008081.202637,140010894.924945,42730557.83004,78317765.483944,78317765.470808,0.014734,505491.99743800005,599754.2597010083,252745.99872700003,520571.95560325606,1309581.992244998,False,True
1141,4,1,1,NORMAL,0.03951497830489333,0.038979594033612244,0.03951497830489333,1.0,3300000000.0,6700000000.000002,130399428.406148,61002987.673549,1009956.747907,140130955.655044,42787419.563615,78393589.396961,78393589.383811,0.014734,505492.753368,599756.7038663424,252746.376691,521084.82563712803,1310925.447261498,False,True
1142,4,1,1,NORMAL,0.03955383481506758,0.039016641825964204,0.03955383481506758,1.0,3300000000.0,6700000000.000002,130527654.889723,61067773.87347,1011834.137468,140251016.417666,42844281.526614,78469413.422239,78469413.409075,0.014734,505493.501784,599759.1237314503,252746.750899,521597.713624592,1312268.907698498,False,True
1143,4,1,1,NORMAL,0.03959269268434424,0.03905380639747259,0.03959269268434424,1.0,3300000000.0,6700000000.000002,130655885.858336,61132572.575958,1013713.371386,140371077.212488,42901143.716755,78545237.558661,78545237.545487,0.014734,505494.24276,599761.5195377346,252747.12138500003,522110.6195588921,1313612.3735019981,False,True
1144,4,1,1,NORMAL,0.039631551912221515,0.03909108030164994,0.039631551912221515,1.0,3300000000.0,6700000000.000002,130784121.310331,61197383.782637,1015594.449724,140491138.039189,42958006.131779,78621061.805126,78621061.791939,0.014734,505494.976367,599763.891524204,252747.48819000003,522623.54343334393,1314955.844618498,False,True
1145,4,1,1,NORMAL,0.03967041249820364,0.03912845657239534,0.03967041249820364,1.0,3300000000.0,6700000000.000002,130912361.244072,61262207.495142,1017477.372547,140611198.898926,43014868.769451,78696886.160537,78696886.147338,0.013261,505495.70268200006,599766.2399274968,252747.85134700002,523136.485241324,1316299.3209954982,False,True
1146,4,1,1,NORMAL,0.0397092744418,0.039165928693002096,0.0397092744418,1.0,3300000000.0,6700000000.000002,131040605.65794,61327043.715109,1019362.13992,140731259.788439,43071731.627556,78772710.623811,78772710.610601,0.013261,505496.42177300004,599768.5649819032,252748.210892,523649.44497628807,1317642.8025804982,False,True
1147,4,1,1,NORMAL,0.03974813774252424,0.039203490567164816,0.03974813774252424,1.0,3300000000.0,6700000000.000002,131168854.55033,61391892.44419,1021248.751907,140851320.70889,43128594.703902,78848535.193879,78848535.180656,0.013261,505497.13371699996,599770.8669193903,252748.56686500003,524162.42263176,1318986.2893219981,False,True
1148,4,1,1,NORMAL,0.039787002399898484,0.039241136491857315,0.039787002399898484,1.0,3300000000.0,6700000000.000002,131297107.919665,61456753.684037,1023137.208572,140971381.659971,43185457.996322,78924359.869676,78924359.856441,0.013261,505497.83858400007,599773.1459696238,252748.919298,524675.41820132,1320329.781168498,False,True
1149,4,1,1,NORMAL,0.03982586841344545,0.03927886113195978,0.03982586841344545,1.0,3300000000.0,6700000000.000002,131425365.76437,61521627.436317,1025027.50998,141091442.641378,43242321.502664,79000184.650154,79000184.636904,0.013261,505498.536439,599775.4023599911,252749.268227,525188.43167866,1321673.278069498,False,True
1150,4,1,1,NORMAL,0.03986473578269727,0.03931665949652349,0.03986473578269727,1.0,3300000000.0,6700000000.000002,131553628.082901,61586513.702697,1026919.656195,141211503.652809,43299185.220803,79076009.534269,79076009.521005,0.013261,505499.227356,599777.6363156241,252749.61368500002,525701.4630574799,1323016.779974498,False,True
1151,4,1,1,NORMAL,0.03990360450718909,0.039354526916566435,0.03990360450718909,1.0,3300000000.0,6700000000.000002,131681894.873724,61651412.484858,1028813.647281,141331564.693966,43356049.148634,79151834.52099,79151834.507713,0.013261,505499.911405,599779.8480594212,252749.95570899994,526214.512331604,1324360.286833998,False,True
1152,4,1,1,NORMAL,0.03994247458646152,0.0393924590243016,0.03994247458646152,1.0,3300000000.0,6700000000.000002,131810166.135323,61716323.784486,1030709.483303,141451625.765879,43412913.284072,79227659.609298,79227659.596007,0.011935,505500.588652,599782.0378120691,252750.294333,526727.579494896,1325703.798598498,False,True
1153,4,1,1,NORMAL,0.03998134602006,0.039430451733705366,0.03998134602006,1.0,3300000000.0,6700000000.000002,131938441.866198,61781247.603274,1032607.164325,141571686.865604,43469777.625052,79303484.798181,79303484.784879,0.011935,505501.25916500005,599784.2057920657,252750.629588,527240.664541292,1327047.3152189981,False,True
1154,4,1,1,NORMAL,0.04002021880753485,0.039468501222339525,0.04002021880753485,1.0,3300000000.0,6700000000.000002,132066722.064865,61846183.942921,1034506.690411,141691747.994177,43526642.169529,79379310.086642,79379310.073328,0.011935,505501.92300999997,599786.3522157406,252750.961511,527753.767464792,1328390.8366474982,False,True
1155,4,1,1,NORMAL,0.04005909294844152,0.03950660391434611,0.04005909294844152,1.0,3300000000.0,6700000000.000002,132195006.729857,61911132.805137,1036408.061626,141811809.151311,43583506.915481,79455135.473689,79455135.460365,0.011935,505502.5802559999,599788.4772972773,252751.290133,528266.88825946,1329734.3628364983,False,True
1156,4,1,1,NORMAL,0.0400979684423394,0.03954475646453923,0.0400979684423394,1.0,3300000000.0,6700000000.000002,132323295.85972,61976094.191636,1038311.278033,141931870.336722,43640371.860902,79530960.958348,79530960.945004,0.011935,505503.230962,599790.581248734,252751.615491,528780.026919428,1331077.8937379983,False,True
1157,4,1,1,NORMAL,0.04013684528879455,0.03958295574352344,0.04013684528879455,1.0,3300000000.0,6700000000.000002,132451589.453022,62041068.104142,1040216.339697,142051931.550129,43697237.003812,79606786.539641,79606786.526282,0.011935,505503.875205,599792.6642800649,252751.93761,529293.1834388801,1332421.4293054983,False,True
1158,4,1,1,NORMAL,0.040175723487377274,0.039621198823772075,0.040175723487377274,1.0,3300000000.0,6700000000.000002,132579887.508345,62106054.544385,1042123.246682,142171992.791254,43754102.342249,79682612.216603,79682612.203236,0.011935,505504.51304,599794.7265991411,252752.256524,529806.357812088,1333764.9694929982,False,True
1159,4,1,1,NORMAL,0.04021460303766091,0.03965948296660362,0.04021460303766091,1.0,3300000000.0,6700000000.000002,132708190.024281,62171053.5141,1044031.999052,142292054.061014,43810967.874265,79758437.98829,79758437.974914,0.010742,505505.144531,599796.7684117708,252752.57227,530319.55003338,1335108.5142539982,False,True
1160,4,1,1,NORMAL,0.04025348393922515,0.03969780560999856,0.04025348393922515,1.0,3300000000.0,6700000000.000002,132836496.999443,62236065.015031,1045942.596872,142412115.35675,43867833.597937,79834263.85376,79834263.840372,0.010742,505505.769744,599798.7899217202,252752.88487799998,530832.760097124,1336452.0635429982,False,True
1161,4,1,1,NORMAL,0.040292366191653634,0.03973616435720212,0.040292366191653634,1.0,3300000000.0,6700000000.000002,132964808.432457,62301089.048927,1047855.040205,142532176.679385,43924699.511358,79910089.812079,79910089.798681,0.010742,505506.38874,599800.7913307329,252753.19437500005,531345.9879977719,1337795.6173154982,False,True
1162,4,1,1,NORMAL,0.04033124979453485,0.039774556966062295,0.04033124979453485,1.0,3300000000.0,6700000000.000002,133093124.321965,62366125.617545,1049769.329116,142652238.028651,43981565.612642,79985915.862328,79985915.848914,0.010742,505507.00158200006,599802.7728385513,252753.500799,531859.2337298279,1339139.1755264981,False,True
1163,4,1,1,NORMAL,0.04037013474746121,0.03981298133905578,0.04037013474746121,1.0,3300000000.0,6700000000.000002,133221444.666622,62431174.722653,1051685.463668,142772299.404284,44038431.899921,80061742.003586,80061741.990159,0.010742,505507.608327,599804.734642935,252753.80417000002,532372.49728786,1340482.738131998,False,True
1164,4,1,1,NORMAL,0.0404090210500303,0.03985143551395737,0.0404090210500303,1.0,3300000000.0,6700000000.000002,133349769.4651,62496236.366018,1053603.443926,142892360.806021,44095298.371344,80137568.234954,80137568.221511,0.010742,505508.20904,599806.6769396812,252754.104528,532885.778666488,1341826.305087998,False,True
1165,4,1,1,NORMAL,0.04044790870184394,0.039889917655111344,0.04044790870184394,1.0,3300000000.0,6700000000.000002,133478098.716085,62561310.549418,1055523.269954,143012422.233603,44152165.025082,80213394.555535,80213394.542073,0.010742,505508.8037830001,599808.5999226439,252754.40190099995,533399.0778604001,1343169.876351498,False,True
1166,4,1,1,NORMAL,0.04048679770250909,0.039928426045266044,0.04048679770250909,1.0,3300000000.0,6700000000.000002,133606432.41828,62626397.274635,1057444.941816,143132483.687847,44209031.85932,80289220.964439,80289220.95096,0.009668,505509.3926070001,599810.5037837534,252754.69631200001,533912.39486434,1344513.451879498,False,True
1167,4,1,1,NORMAL,0.04052568805163546,0.03996695907793504,0.04052568805163546,1.0,3300000000.0,6700000000.000002,133734770.570397,62691496.543463,1059368.459575,143252545.166351,44265898.872265,80365047.460786,80365047.447292,0.009668,505509.97557700006,599812.3887130345,252754.987796,534425.7296731201,1345857.031629998,False,True
1168,4,1,1,NORMAL,0.04056457974883818,0.040005515250251374,0.04056457974883818,1.0,3300000000.0,6700000000.000002,133863113.171166,62756608.357697,1061293.823296,143372606.669936,44322766.06214,80440874.043708,80440874.030204,0.009668,505510.552754,599814.2548986267,252755.276382,534939.082281588,1347200.615560498,False,True
1169,4,1,1,NORMAL,0.04060347279373606,0.04004409315628265,0.04060347279373606,1.0,3300000000.0,6700000000.000002,133991460.219329,62821732.719142,1063221.033043,143492668.198353,44379633.427186,80516700.712345,80516700.698828,0.009668,505511.12418700004,599816.1025268019,252755.5621,535452.452684664,1348544.203629998,False,True
1170,4,1,1,NORMAL,0.040642367185953335,0.04008269148077753,0.040642367185953335,1.0,3300000000.0,6700000000.000002,134119811.713646,62886869.629603,1065150.088879,143612729.751356,44436500.965658,80592527.465847,80592527.452315,0.009668,505511.68993899995,599817.9317819827,252755.84497700003,535965.840877316,1349887.795796998,False,True
1171,4,1,1,NORMAL,0.04068126292511637,0.04012130899331552,0.04068126292511637,1.0,3300000000.0,6700000000.000002,134248167.652884,62952019.090899,1067080.990869,143732791.328699,44493368.675833,80668354.30337,80668354.289821,0.009668,505512.250065,599819.7428467618,252756.12504100002,536479.2468545841,1351231.3920204982,False,True
1172,4,1,1,NORMAL,0.04072016001085757,0.04015994454283437,0.04072016001085757,1.0,3300000000.0,6700000000.000002,134376528.03583,63017181.104852,1069013.739077,143852852.930141,44550236.556005,80744181.224073,80744181.210509,0.009668,505512.80461899994,599821.535901919,252756.402317,536992.670611536,1352574.9922604982,False,True
1173,4,1,1,NORMAL,0.04075905844281212,0.04019859705251036,0.04075905844281212,1.0,3300000000.0,6700000000.000002,134504892.86128,63082355.673291,1070948.333566,143972914.556408,44607104.604483,80820008.227132,80820008.213554,0.008702,505513.35366200004,599823.3111264402,252756.67683800004,537506.11214332,1353918.5964769982,False,True
1174,4,1,1,NORMAL,0.040797958220620004,0.04023726551496905,0.040797958220620004,1.0,3300000000.0,6700000000.000002,134633262.128046,63147542.798049,1072884.7744,144092976.20533,44663972.819592,80895835.311733,80895835.298135,0.008702,505513.8972440001,599825.0686975336,252756.94863199996,538019.57144512,1355262.204630498,False,True
1175,4,1,1,NORMAL,0.040836859343925454,0.04027594898780495,0.040836859343925454,1.0,3300000000.0,6700000000.000002,134761635.834954,63212742.480967,1074823.061644,144213037.877639,44720841.199676,80971662.477058,80971662.463443,0.008702,505514.4354189999,599826.8087906493,252757.217718,538533.0485121841,1356605.816681998,False,True
1176,4,1,1,NORMAL,0.040875761812376066,0.040314646589390185,0.040875761812376066,1.0,3300000000.0,6700000000.000002,134890013.980841,63277954.723892,1076763.195361,144333099.573103,44777709.743095,81047489.722303,81047489.708677,0.008702,505514.968245,599828.5315794948,252757.484128,539046.543339816,1357949.4325924981,False,True
1177,4,1,1,NORMAL,0.04091466562562333,0.04035335749495361,0.04091466562562333,1.0,3300000000.0,6700000000.000002,135018396.564557,63343179.528674,1078705.175614,144453161.291491,44834578.448222,81123317.04668,81123317.033039,0.008702,505515.495769,599830.2372360541,252757.74789199998,539560.055923364,1359293.052323498,False,True
1178,4,1,1,NORMAL,0.04095357078332273,0.04039208093291292,0.04095357078332273,1.0,3300000000.0,6700000000.000002,135146783.584965,63408416.897173,1080649.002468,144573223.032575,44891447.31345,81199144.449399,81199144.435743,0.008702,505516.018047,599831.9259306032,252758.00903099997,540073.5862582279,1360636.675836998,False,True
1179,4,1,1,NORMAL,0.04099247728513424,0.04043081618144333,0.04099247728513424,1.0,3300000000.0,6700000000.000002,135275175.040943,63473666.831253,1082594.675986,144693284.796129,44948316.337189,81274971.929681,81274971.916009,0.008702,505516.5351339999,599833.5978317276,252758.267575,540587.13433986,1361980.303095998,False,True
1180,4,1,1,NORMAL,0.041031385130721514,0.04046956256526773,0.041031385130721514,1.0,3300000000.0,6700000000.000002,135403570.931381,63538929.332781,1084542.196233,144813346.5828,45005185.517861,81350799.486753,81350799.473067,0.007832,505517.0470760001,599835.2531063391,252758.523545,541100.700163772,1363323.934062498,False,True
1181,4,1,1,NORMAL,0.041070294319750913,0.04050831945265374,0.041070294319750913,1.0,3300000000.0,6700000000.000002,135531971.255178,63604204.403637,1086491.563272,144933408.390627,45062054.853905,81426627.119854,81426627.106153,0.007832,505517.5539290001,599836.8919196931,252758.77697199996,541614.283725524,1364667.5686999978,False,True
1182,4,1,1,NORMAL,0.041109204851893934,0.04054708625260472,0.041109204851893934,1.0,3300000000.0,6700000000.000002,135660376.01125,63669492.0457,1088442.777166,145053470.22026,45118924.343778,81502454.828225,81502454.814511,0.007832,505518.055741,599838.5144354033,252759.027877,542127.885020712,1366011.2069719979,False,True
1183,4,1,1,NORMAL,0.04114811672682485,0.040585862412231825,0.04114811672682485,1.0,3300000000.0,6700000000.000002,135788785.198522,63734792.260856,1090395.83798,145173532.071483,45175793.985948,81578282.611122,81578282.59739,0.007832,505518.55256200006,599840.1208154596,252759.27628999998,542641.504045,1367354.848842498,False,True
1184,4,1,1,NORMAL,0.04118702994422212,0.040624647414295716,0.04118702994422212,1.0,3300000000.0,6700000000.000002,135917198.815933,63800105.050998,1092350.745777,145293593.944081,45232663.778902,81654110.467797,81654110.454053,0.007832,505519.044442,599841.711220243,252759.52222699998,543155.140794088,1368698.494275498,False,True
1185,4,1,1,NORMAL,0.04122594450376788,0.04066344077490683,0.04122594450376788,1.0,3300000000.0,6700000000.000002,136045616.862434,63865430.418025,1094307.500621,145413655.837842,45289533.721141,81729938.397517,81729938.383764,0.007832,505519.53143100004,599843.2858085426,252759.76572,543668.795263732,1370042.1432354979,False,True
1186,4,1,1,NORMAL,0.04126486040514606,0.04070224204137388,0.04126486040514606,1.0,3300000000.0,6700000000.000002,136174039.336982,63930768.363841,1096266.102575,145533717.752554,45346403.811178,81805766.399562,81805766.385797,0.007832,505520.01357599994,599844.8447375704,252760.00679400002,544182.467449736,1371385.7956874978,False,True
1187,4,1,1,NORMAL,0.041303777648046665,0.04074105079019148,0.041303777648046665,1.0,3300000000.0,6700000000.000002,136302466.238554,63996118.890353,1098226.551704,145653779.688793,45403274.047544,81881594.473212,81881594.459431,0.007049,505520.4909280001,599846.3881629778,252760.245472,544696.157347928,1372729.4515964978,False,True
1188,4,1,1,NORMAL,0.04134269623216212,0.040779866625157334,0.04134269623216212,1.0,3300000000.0,6700000000.000002,136430897.566135,64061481.999477,1100188.848071,145773841.644787,45460144.428783,81957422.617749,81957422.603958,0.007049,505520.96353000007,599847.9162388701,252760.48177,545209.864954216,1374073.1109284977,False,True
1189,4,1,1,NORMAL,0.04138161615718939,0.04081868917561102,0.04138161615718939,1.0,3300000000.0,6700000000.000002,136559333.318725,64126857.69313,1102152.991739,145893903.621114,45517014.953456,82033250.832472,82033250.81867,0.007049,505521.431435,599849.4291178229,252760.715723,545723.5902645399,1375416.7736494977,False,True
1190,4,1,1,NORMAL,0.04142053742282667,0.04085751809478622,0.04142053742282667,1.0,3300000000.0,6700000000.000002,136687773.495328,64192245.973238,1104118.982773,146013965.617571,45573885.620136,82109079.116681,82109079.10287,0.007049,505521.894683,599850.9269508964,252760.947346,546237.3332749,1376760.4397254977,False,True
1191,4,1,1,NORMAL,0.04145946002877788,0.04089635305826956,0.04145946002877788,1.0,3300000000.0,6700000000.000002,136816218.094967,64257646.841729,1106086.821235,146134027.633959,45630756.427408,82184907.469691,82184907.455865,0.007049,505522.3533250001,599852.4098876507,252761.17666999996,546751.093981312,1378104.1091234977,False,True
1192,4,1,1,NORMAL,0.04149838397474939,0.04093519376255858,0.04149838397474939,1.0,3300000000.0,6700000000.000002,136944667.116673,64323060.300539,1108056.50719,146254089.67008,45687627.373877,82260735.890812,82260735.876972,0.007049,505522.807408,599853.878076161,252761.40371100002,547264.8723798681,1379447.7818099977,False,True
1193,4,1,1,NORMAL,0.041537309260449996,0.04097403992371287,0.041537309260449996,1.0,3300000000.0,6700000000.000002,137073120.559485,64388486.351611,1110028.040701,146374151.725737,45744498.458158,82336564.379366,82336564.365514,0.007049,505523.256972,599855.3316630316,252761.62849199996,547778.668466692,1380791.4577524976,False,True
1194,4,1,1,NORMAL,0.041576235885593636,0.04101289127609228,0.041576235885593636,1.0,3300000000.0,6700000000.000002,137201578.422459,64453924.996887,1112001.421831,146494213.80144,45801369.678879,82412392.934688,82412392.92082,0.006345,505523.7020679999,599856.7707934111,252761.851042,548292.48223794,1382135.1369189976,False,True
1195,4,1,1,NORMAL,0.04161516384989576,0.04105174757117638,0.04161516384989576,1.0,3300000000.0,6700000000.000002,137330040.704656,64519376.238319,1113976.650644,146614275.895588,45858241.034684,82488221.55611,82488221.542226,0.006345,505524.14273400005,599858.1956110067,252762.071375,548806.3136898361,1383478.8192769976,False,True
1196,4,1,1,NORMAL,0.041654093153076666,0.04109060857646027,0.041654093153076666,1.0,3300000000.0,6700000000.000002,137458507.405153,64584840.077865,1115953.727204,146734338.008696,45915112.524232,82564050.242967,82564050.229079,0.006345,505524.579022,599859.6062580983,252762.28951300003,549320.162818624,1384822.5047949976,False,True
1197,4,1,1,NORMAL,0.04169302379485879,0.04112947407442147,0.04169302379485879,1.0,3300000000.0,6700000000.000002,137586978.523034,64650316.517481,1117932.651575,146854400.140574,45971984.146189,82639878.994621,82639878.980721,0.006345,505525.0109659999,599861.0028755527,252762.505489,549834.029620612,1386166.1934409977,False,True
1198,4,1,1,NORMAL,0.04173195577496758,0.04116834386155348,0.04173195577496758,1.0,3300000000.0,6700000000.000002,137715454.057393,64715805.559135,1119913.423819,146974462.291036,46028855.899239,82715707.810422,82715707.796511,0.006345,505525.438615,599862.3856028381,252762.71931300004,550347.9140921361,1387509.8851844978,False,True
1199,4,1,1,NORMAL,0.04177088909313334,0.04120721774746186,0.04177088909313334,1.0,3300000000.0,6700000000.000002,137843934.00734,64781307.204797,1121896.044001,147094524.459897,46085727.782081,82791536.68973,82791536.675809,0.006345,505525.862012,599863.7545780366,252762.931011,550861.816229572,1388853.5799944978,False,True
1200,4,1,1,NORMAL,0.041809823749087274,0.04124609555401834,0.041809823749087274,1.0,3300000000.0,6700000000.000002,137972418.371988,64846821.456442,1123880.512183,147214586.646974,46142599.793422,82867365.631916,82867365.617986,0.006345,505526.2811990001,599865.1099378599,252763.14060400001,551375.7360293601,1390197.277840498,False,True
1201,4,1,1,NORMAL,0.04184875974256455,0.04128497711456971,0.04184875974256455,1.0,3300000000.0,6700000000.000002,138100907.150463,64912348.316049,1125866.828429,147334648.85272,46199471.931982,82943194.636359,82943194.622414,0.005711,505526.69621499995,599866.4518176614,252763.348115,551889.673487952,1391540.9786924978,False,True
1202,4,1,1,NORMAL,0.041887697073304246,0.041323862273197745,0.041887697073304246,1.0,3300000000.0,6700000000.000002,138229400.341904,64977887.785602,1127854.992803,147454711.075687,46256344.196497,83019023.702436,83019023.688476,0.005711,505527.10710300005,599867.7803514499,252763.55355900002,552403.6286018521,1392884.682519998,False,True
1203,4,1,1,NORMAL,0.041926635741048185,0.04136275088402681,0.041926635741048185,1.0,3300000000.0,6700000000.000002,138357897.945459,65043439.867091,1129845.005368,147574773.316332,46313216.585717,83094852.829532,83094852.815557,0.005711,505527.51390699996,599869.0956719033,252763.756961,552917.6013676161,1394228.389293998,False,True
1204,4,1,1,NORMAL,0.04196557574554,0.04140164281057605,0.04196557574554,1.0,3300000000.0,6700000000.000002,138486399.960282,65109004.562509,1131836.866188,147694835.574479,46370089.098398,83170682.017044,83170682.00305,0.005711,505527.9166610001,599870.397910382,252763.95833999995,553431.591781836,1395572.098984998,False,True
1205,4,1,1,NORMAL,0.042004517086527575,0.04144053792515357,0.042004517086527575,1.0,3300000000.0,6700000000.000002,138614906.385541,65174581.873855,1133830.575326,147814897.849954,46426961.733313,83246511.264369,83246511.250359,0.005711,505528.31541400007,599871.6871969413,252764.15771499998,553945.599841128,1396915.811563998,False,True
1206,4,1,1,NORMAL,0.04204345976376091,0.04147943610828953,0.04204345976376091,1.0,3300000000.0,6700000000.000002,138743417.220411,65240171.803133,1135826.132846,147934960.142585,46483834.489246,83322340.570912,83322340.556885,0.005711,505528.71019700007,599872.9636603446,252764.35510699998,554459.625542164,1398259.527001998,False,True
1207,4,1,1,NORMAL,0.04208240377699424,0.041518337248205965,0.04208240377699424,1.0,3300000000.0,6700000000.000002,138871932.464081,65305774.35235,1137823.53881,148055022.452201,46540707.364996,83398169.936082,83398169.922039,0.005711,505529.1010559999,599874.2274280762,252764.55053599997,554973.668881644,1399603.245270998,False,True
1208,4,1,1,NORMAL,0.04212134912598303,0.04155724124032061,0.04212134912598303,1.0,3300000000.0,6700000000.000002,139000452.115744,65371389.523517,1139822.793283,148175084.779204,46597580.35937,83473999.359296,83473999.34524,0.00514,505529.48802700004,599875.4786263545,252764.74402000004,555487.7298563239,1400946.966342998,False,True
1209,4,1,1,NORMAL,0.04216029581048727,0.04159614798678298,0.04216029581048727,1.0,3300000000.0,6700000000.000002,139128976.174608,65437017.318649,1141823.896327,148295147.122285,46654453.471187,83549828.839978,83549828.825909,0.00514,505529.87114700006,599876.7173801438,252764.93558,556001.808462976,1402290.690189498,False,True
1210,4,1,1,NORMAL,0.042199243830268185,0.04163505739604009,0.042199243830268185,1.0,3300000000.0,6700000000.000002,139257504.639885,65502657.739771,1143826.848007,148415209.481849,46711326.699282,83625658.377552,83625658.363476,0.00514,505530.25045899994,599877.9438131669,252765.12523299997,556515.904698432,1403634.416783498,False,True
1211,4,1,1,NORMAL,0.0422381931850906,0.04167396938243045,0.0422381931850906,1.0,3300000000.0,6700000000.000002,139386037.510799,65568310.788904,1145831.648385,148535271.857733,46768200.042494,83701487.971462,83701487.957373,0.00514,505530.625999,599879.1580479176,252765.313006,557030.01855954,1404978.146097498,False,True
1212,4,1,1,NORMAL,0.04227714387472152,0.04171288386580407,0.04227714387472152,1.0,3300000000.0,6700000000.000002,139514574.786581,65633976.468079,1147838.297525,148655334.249773,46825073.49968,83777317.621145,83777317.607038,0.00514,505530.9978,599880.3602056734,252765.49890899996,557544.1500431959,1406321.878103998,False,True
1213,4,1,1,NORMAL,0.04231609589893182,0.04175180077116716,0.04231609589893182,1.0,3300000000.0,6700000000.000002,139643116.466475,65699654.779332,1149846.79549,148775396.65781,46881947.069709,83853147.326038,83853147.31192,0.00514,505531.36590699997,599881.550406506,252765.68295900003,558058.299146324,1407665.612776498,False,True
1214,4,1,1,NORMAL,0.042355049257493636,0.041790720028349514,0.042355049257493636,1.0,3300000000.0,6700000000.000002,139771662.549729,65765345.7247,1151857.142343,148895459.081684,46938820.751454,83928977.085601,83928977.07147,0.00514,505531.730351,599882.7287692953,252765.865182,558572.4658659,1409009.350088498,False,True
1215,4,1,1,NORMAL,0.04239400395018303,0.04182964157169361,0.04239400395018303,1.0,3300000000.0,6700000000.000002,139900213.035604,65831049.306225,1153869.338148,149015521.521752,46995694.543806,84004806.899284,84004806.885143,0.004626,505532.09116799996,599883.8954117392,252766.04558900002,559086.650198916,1410353.090013998,False,True
1216,4,1,1,NORMAL,0.04243295997677879,0.04186856533976362,0.04243295997677879,1.0,3300000000.0,6700000000.000002,140028767.92337,65896765.525952,1155883.382968,149135583.976829,47052568.445665,84080636.766556,84080636.752399,0.004626,505532.44840000005,599885.0504503673,252766.22420799997,559600.852142416,1411696.832526498,False,True
1217,4,1,1,NORMAL,0.042471917337061814,0.041907491275073185,0.042471917337061814,1.0,3300000000.0,6700000000.000002,140157327.212304,65962494.385935,1157899.276867,149255646.447276,47109442.455943,84156466.686875,84156466.672708,0.004626,505532.802078,599886.1940005507,252766.401044,560115.07169348,1413040.577600998,False,True
1218,4,1,1,NORMAL,0.04251087603081515,0.04194641932383073,0.04251087603081515,1.0,3300000000.0,6700000000.000002,140285890.90169,66028235.888225,1159917.019907,149375708.932939,47166316.573559,84232296.659722,84232296.64554,0.004626,505533.152237,599887.3261765145,252766.576126,560629.308849216,1414384.3252114982,False,True
1219,4,1,1,NORMAL,0.04254983605782546,0.04198534943570136,0.04254983605782546,1.0,3300000000.0,6700000000.000002,140414458.990824,66093990.034882,1161936.612152,149495771.433667,47223190.797447,84308126.684569,84308126.670374,0.004626,505533.49891300005,599888.4470913494,252766.74946300001,561143.56360676,1415728.0753324982,False,True
1220,4,1,1,NORMAL,0.04258879741788091,0.04202428156358392,0.04258879741788091,1.0,3300000000.0,6700000000.000002,140543031.479007,66159756.827969,1163958.053665,149615833.949311,47280065.126548,84383956.760901,84383956.746692,0.004626,505533.84213999996,599889.556857022,252766.921077,561657.8359632961,1417071.8279394982,False,True
1221,4,1,1,NORMAL,0.042627760110773634,0.04206321566340261,0.042627760110773634,1.0,3300000000.0,6700000000.000002,140671608.365553,66225536.269552,1165981.34451,149735896.479721,47336939.559818,84459786.888206,84459786.873982,0.004626,505534.181955,599890.6555843864,252767.09098500002,562172.125916028,1418415.5830074982,False,True
1222,4,1,1,NORMAL,0.042666724136296665,0.04210215169391191,0.042666724136296665,1.0,3300000000.0,6700000000.000002,140800189.649779,66291328.361704,1168006.48475,149855959.025213,47393814.096221,84535617.065975,84535617.051737,0.004164,505534.5183899999,599891.743383196,252767.259202,562686.433462212,1419759.3405124983,False,True
1223,4,1,1,NORMAL,0.04270568949424697,0.04214108961651417,0.04270568949424697,1.0,3300000000.0,6700000000.000002,140928775.331015,66357133.106499,1170033.474448,149976021.584718,47450688.734732,84611447.293701,84611447.279457,0.004164,505534.85147799994,599892.8203621128,252767.425742,563200.758599116,1421103.1004299982,False,True
1224,4,1,1,NORMAL,0.04274465618442212,0.042180029395088886,0.04274465618442212,1.0,3300000000.0,6700000000.000002,141057365.408593,66422950.506015,1172062.313667,150096084.158554,47507563.47433,84687277.570901,84687277.556641,0.004164,505535.18125200004,599893.8866287201,252767.590634,563715.10132406,1422446.8627354982,False,True
1225,4,1,1,NORMAL,0.04278362420662424,0.042218970995833105,0.04278362420662424,1.0,3300000000.0,6700000000.000002,141185959.88186,66488780.562334,1174093.00247,150216146.746578,47564438.314014,84763107.897074,84763107.8828,0.004164,505535.507748,599894.9422895311,252767.753881,564229.461634372,1423790.6274059983,False,True
1226,4,1,1,NORMAL,0.04282259356065667,0.042257914387112044,0.04282259356065667,1.0,3300000000.0,6700000000.000002,141314558.750167,66554623.277544,1176125.540921,150336209.348649,47621313.252788,84838938.271736,84838938.257444,0.004164,505535.8309960001,599895.9874500018,252767.915507,564743.8395274399,1425134.3944174983,False,True
1227,4,1,1,NORMAL,0.042861564246325756,0.04229685953931939,0.042861564246325756,1.0,3300000000.0,6700000000.000002,141443162.012875,66620478.653734,1178159.929083,150456271.964627,47678188.289667,84914768.694401,84914768.680094,0.004164,505536.151029,599897.0222145397,252768.075522,565258.2350006681,1426478.1637469982,False,True
1228,4,1,1,NORMAL,0.04290053626343909,0.042335806424746464,0.04290053626343909,1.0,3300000000.0,6700000000.000002,141571769.669349,66686346.692996,1180196.167019,150576334.594374,47735063.423672,84990599.164595,84990599.150272,0.004164,505536.4678759999,599898.0466865151,252768.233946,565772.6480515,1427821.9353709982,False,True
1229,4,1,1,NORMAL,0.04293950961180818,0.04237475501746013,0.04293950961180818,1.0,3300000000.0,6700000000.000002,141700381.718967,66752227.39743,1182234.254792,150696397.238169,47791938.653841,85066429.68184,85066429.667504,0.003748,505536.781573,599899.060968271,252768.39079299997,566287.078677396,1429165.7092674982,False,True
1230,4,1,1,NORMAL,0.04297848429124515,0.0424137052931882,0.04297848429124515,1.0,3300000000.0,6700000000.000002,141828998.161109,66818120.769136,1184274.192466,150816459.895044,47848813.979214,85142260.245674,85142260.231324,0.003748,505537.09215000004,599900.0651611337,252768.54608200002,566801.526875868,1430509.4854129981,False,True
1231,4,1,1,NORMAL,0.043017460301566064,0.04245265722921258,0.043017460301566064,1.0,3300000000.0,6700000000.000002,141957618.995168,66884026.810219,1186315.980103,150936522.565281,47905689.398846,85218090.85563,85218090.841266,0.003748,505537.399636,599901.0593654221,252768.69982500002,567315.992644436,1431853.2637854982,False,True
1232,4,1,1,NORMAL,0.04305643764258849,0.042491610804269095,0.04305643764258849,1.0,3300000000.0,6700000000.000002,142086244.220542,66949945.522786,1188359.617767,151056585.248747,47962564.911798,85293921.511255,85293921.496872,0.003748,505537.70406699996,599902.0436804591,252768.85204299996,567830.475980672,1433197.044362998,False,True
1233,4,1,1,NORMAL,0.04309541631413212,0.042530565998453805,0.04309541631413212,1.0,3300000000.0,6700000000.000002,142214873.836636,67015876.908952,1190405.105521,151176647.945311,48019440.517143,85369752.212088,85369752.197688,0.003748,505538.005467,599903.01820458,252769.002742,568344.9768821681,1434540.827123498,False,True
1234,4,1,1,NORMAL,0.04313439631601848,0.0425695227931354,0.04313439631601848,1.0,3300000000.0,6700000000.000002,142343507.842861,67081820.970833,1192452.443428,151296710.654842,48076316.213961,85445582.957682,85445582.943265,0.003748,505538.3038689999,599903.9830351428,252769.151943,568859.4953465441,1435884.612044998,False,True
1235,4,1,1,NORMAL,0.04317337764807303,0.04260848117087332,0.04317337764807303,1.0,3300000000.0,6700000000.000002,142472146.238641,67147777.710547,1194501.631551,151416773.377212,48133192.001345,85521413.747585,85521413.733158,0.003748,505538.59930400003,599904.9382685384,252769.29965700003,569374.031371444,1437228.3991064979,False,True
1236,4,1,1,NORMAL,0.04321236031012212,0.04264744111534099,0.04321236031012212,1.0,3300000000.0,6700000000.000002,142600789.023403,67213747.130215,1196552.669954,151536836.112666,48190067.878393,85597244.581365,85597244.566923,0.003374,505538.89180099993,599905.8840002,252769.44590800002,569888.584954564,1438572.188286498,False,True
1237,4,1,1,NORMAL,0.04325134430199333,0.042686402611254046,0.04325134430199333,1.0,3300000000.0,6700000000.000002,142729436.196578,67279729.231967,1198605.558699,151656898.860331,48246943.844212,85673075.458579,85673075.444129,0.003374,505539.18138799997,599906.8203246115,252769.590698,570403.156093612,1439915.979563998,False,True
1238,4,1,1,NORMAL,0.04329032962351757,0.042725365644303306,0.04329032962351757,1.0,3300000000.0,6700000000.000002,142858087.757608,67345724.017928,1200660.297849,151776961.620454,48303819.897917,85748906.378804,85748906.36434,0.003374,505539.468092,599907.7473353188,252769.73405300005,570917.744786312,1441259.7729174981,False,True
1239,4,1,1,NORMAL,0.043329316274527574,0.04276433020109197,0.043329316274527574,1.0,3300000000.0,6700000000.000002,142986743.705941,67411731.490237,1202716.887468,151897024.392913,48360696.038637,85824737.341606,85824737.327128,0.003374,505539.75194799993,599908.665124938,252769.87598100002,571432.351030432,1442603.568326998,False,True
1240,4,1,1,NORMAL,0.043368304254858485,0.04280329626907691,0.043368304254858485,1.0,3300000000.0,6700000000.000002,143115404.041033,67477751.651026,1204775.327619,152017087.177584,48417572.265504,85900568.346564,85900568.332072,0.003374,505540.03297799994,599909.5737851642,252770.016496,571946.974823764,1443947.365771998,False,True
1241,4,1,1,NORMAL,0.043407293564348186,0.042842263836513766,0.043407293564348186,1.0,3300000000.0,6700000000.000002,143244068.762349,67543784.502435,1206835.618365,152137149.974346,48474448.577662,85976399.393258,85976399.37875,0.003374,505540.31121200003,599910.4734067818,252770.155614,572461.616164132,1445291.1652319978,False,True
1242,4,1,1,NORMAL,0.04344628420283576,0.04288123289240551,0.04344628420283576,1.0,3300000000.0,6700000000.000002,143372737.869358,67609830.046609,1208897.759769,152257212.783079,48531324.974265,86052230.481266,86052230.46675,0.003374,505540.58668,599911.3640796726,252770.293344,572976.2750493961,1446634.966687498,False,True
1243,4,1,1,NORMAL,0.043485276170161215,0.04292020342645427,0.043485276170161215,1.0,3300000000.0,6700000000.000002,143501411.361532,67675888.285694,1210961.751894,152377275.604,48588201.45447,86128061.610185,86128061.59566,0.003037,505540.859407,599912.2458928255,252770.429708,573490.951477432,1447978.770117998,False,True
1244,4,1,1,NORMAL,0.04352426946616848,0.042959175429016484,0.04352426946616848,1.0,3300000000.0,6700000000.000002,143630089.238356,67741959.221839,1213027.594803,152497338.436318,48645078.017446,86203892.779606,86203892.765071,0.003037,505541.12942,599913.118934345,252770.56471499996,574005.645446128,1449322.575503998,False,True
1245,4,1,1,NORMAL,0.04356326409070242,0.04299814889106074,0.04356326409070242,1.0,3300000000.0,6700000000.000002,143758771.499318,67808042.857198,1215095.288559,152617401.280253,48701954.66237,86279723.989129,86279723.974579,0.003037,505541.396749,599913.9832914592,252770.69838199994,574520.3569534239,1450666.382826498,False,True
1246,4,1,1,NORMAL,0.04360226004361,0.043037123804128434,0.04360226004361,1.0,3300000000.0,6700000000.000002,143887458.143913,67874139.193926,1217164.833225,152737464.135689,48758831.388425,86355555.238355,86355555.223788,0.003037,505541.66141699994,599914.8390505302,252770.830717,575035.085997272,1452010.192065498,False,True
1247,4,1,1,NORMAL,0.043641257324740904,0.04307610016029698,0.043641257324740904,1.0,3300000000.0,6700000000.000002,144016149.171645,67940248.234183,1219236.228864,152857527.002512,48815708.194807,86431386.526886,86431386.512302,0.003037,505541.923455,599915.6862970614,252770.961736,575549.832575652,1453354.0032024982,False,True
1248,4,1,1,NORMAL,0.043680255933945755,0.043115077952145295,0.043680255933945755,1.0,3300000000.0,6700000000.000002,144144844.582021,68006369.980133,1221309.475539,152977589.880609,48872585.080716,86507217.854328,86507217.839733,0.003037,505542.182885,599916.525115706,252771.09144799996,576064.59668658,1454697.8162184982,False,True
1249,4,1,1,NORMAL,0.043719255871077875,0.0431540571727216,0.043719255871077875,1.0,3300000000.0,6700000000.000002,144273544.374557,68072504.433938,1223384.573314,153097652.769867,48929462.04536,86583049.220301,86583049.205689,0.003037,505542.43973300006,599917.3555902767,252771.21987499995,576579.378328084,1456041.631094498,False,True
1250,4,1,1,NORMAL,0.04375825713599242,0.043193037815513265,0.04375825713599242,1.0,3300000000.0,6700000000.000002,144402248.548775,68138651.59777,1225461.522251,153217715.670479,48986339.087958,86658880.624413,86658880.609789,0.002734,505542.694026,599918.1778037522,252771.347019,577094.1774982279,1457385.447812498,False,True
1251,4,1,1,NORMAL,0.04379725972854636,0.043232019874418624,0.04379725972854636,1.0,3300000000.0,6700000000.000002,144530957.104203,68204811.473799,1227540.322413,153337778.581729,49043216.207733,86734712.066289,86734712.051655,0.002734,505542.945792,599918.9918382873,252771.47290100003,577608.9941950999,1458729.266353998,False,True
1252,4,1,1,NORMAL,0.04383626364859727,0.04327100334372047,0.04383626364859727,1.0,3300000000.0,6700000000.000002,144659670.040371,68270984.064199,1229620.973864,153457841.50381,49100093.403916,86810543.545559,86810543.530909,0.002734,505543.19505200005,599919.7977752199,252771.59753399997,578123.828416812,1460073.0867004981,False,True
1253,4,1,1,NORMAL,0.04387526889600545,0.04330998821806144,0.04387526889600545,1.0,3300000000.0,6700000000.000002,144788387.356818,68337169.371152,1231703.476666,153577904.436615,49156970.675748,86886375.061845,86886375.04718,0.002734,505543.44183100003,599920.595695079,252771.72092299996,578638.680161484,1461416.9088344981,False,True
1254,4,1,1,NORMAL,0.043914275470634236,0.04334897449242098,0.043914275470634236,1.0,3300000000.0,6700000000.000002,144917109.053093,68403367.396836,1233787.830882,153697967.380038,49213848.022477,86962206.614779,86962206.600101,0.002734,505543.68615900003,599921.3856775939,252771.84308599998,579153.5494272719,1462760.7327379982,False,True
1255,4,1,1,NORMAL,0.04395328337234757,0.04338796216209366,0.04395328337234757,1.0,3300000000.0,6700000000.000002,145045835.128747,68469578.143436,1235874.036576,153818030.333973,49270725.443358,87038038.203994,87038038.189306,0.002734,505543.92805199994,599922.1678017009,252771.96403099998,579668.4362123719,1464104.5583934982,False,True
1256,4,1,1,NORMAL,0.04399229260101091,0.043426951222668965,0.04399229260101091,1.0,3300000000.0,6700000000.000002,145174565.583336,68535801.613138,1237962.09381,153938093.298315,49327602.937653,87113869.829135,87113869.814434,0.002734,505544.16754299996,599922.9421455521,252772.08377800003,580183.3405149879,1465448.3857834982,False,True
1257,4,1,1,NORMAL,0.044031303156492126,0.0434659416700124,0.044031303156492126,1.0,3300000000.0,6700000000.000002,145303300.416424,68602037.808132,1240052.002647,154058156.273233,49384480.504632,87189701.489844,87189701.475127,0.002461,505544.4046499999,599923.7087865224,252772.202333,580698.262333344,1466792.214890998,False,True
1258,4,1,1,NORMAL,0.0440703150386603,0.04350493350024775,0.0440703150386603,1.0,3300000000.0,6700000000.000002,145432039.627579,68668286.730613,1242143.76315,154178219.25808,49441358.143571,87265533.185762,87265533.171033,0.002461,505544.639396,599924.4678012179,252772.319704,581213.201665696,1468136.0456984981,False,True
1259,4,1,1,NORMAL,0.044109328247387274,0.043543926709740624,0.044109328247387274,1.0,3300000000.0,6700000000.000002,145560783.216378,68734548.382773,1244237.375383,154298282.253026,49498235.853755,87341364.916545,87341364.9018,0.002461,505544.87181,599925.2192654831,252772.435913,581728.158510316,1469479.878189498,False,True
1260,4,1,1,NORMAL,0.04414834278254545,0.04358292129508287,0.04414834278254545,1.0,3300000000.0,6700000000.000002,145689531.1824,68800822.766812,1246332.839408,154418345.257971,49555113.634476,87417196.681839,87417196.667085,0.002461,505545.101911,599925.9632544082,252772.55096,582243.132865512,1470823.712346998,False,True
1261,4,1,1,NORMAL,0.044187358644009085,0.04362191725307811,0.044187358644009085,1.0,3300000000.0,6700000000.000002,145818283.52523,68867109.884934,1248430.155288,154538408.272816,49611991.485031,87493028.481309,87493028.466538,0.002461,505545.329723,599926.6998423379,252772.66487,582758.1247295999,1472167.548153998,False,True
1262,4,1,1,NORMAL,0.04422637583165485,0.043660914580728225,0.04422637583165485,1.0,3300000000.0,6700000000.000002,145947040.244461,68933409.739339,1250529.323086,154658471.297462,49668869.404725,87568860.314614,87568860.299823,0.002461,505545.55527,599927.4291028769,252772.77764500002,583273.1341009199,1473511.385594998,False,True
1263,4,1,1,NORMAL,0.04426539434536061,0.043699913275220645,0.04426539434536061,1.0,3300000000.0,6700000000.000002,146075801.33969,68999722.332236,1252630.342865,154778534.331812,49725747.392871,87644692.181409,87644692.166606,0.002461,505545.77856999997,599928.1511088992,252772.889291,583788.160977844,1474855.224652998,False,True
1264,4,1,1,NORMAL,0.04430441418500606,0.04373891333391648,0.04430441418500606,1.0,3300000000.0,6700000000.000002,146204566.81052,69066047.665834,1254733.214688,154898597.376015,49782625.448789,87720524.081366,87720524.066549,0.002215,505545.99965,599928.8659325532,252772.99983199997,584303.20535876,1476199.065312498,False,True
1265,4,1,1,NORMAL,0.044343435350472124,0.04377791475433943,0.044343435350472124,1.0,3300000000.0,6700000000.000002,146333336.656558,69132385.742348,1256837.938618,155018660.429484,49839503.571804,87796356.014153,87796355.999325,0.002215,505546.21853099996,599929.5736452712,252773.10927100002,584818.26724208,1477542.907556998,False,True
1266,4,1,1,NORMAL,0.04438245784164182,0.04381691753416539,0.04438245784164182,1.0,3300000000.0,6700000000.000002,146462110.877418,69198736.56399,1258944.514717,155138723.49237,49896381.761247,87872187.979452,87872187.964605,0.002215,505546.43523700006,599930.274317775,252773.217628,585333.346626232,1478886.751370998,False,True
1267,4,1,1,NORMAL,0.0444214816583997,0.043855921671212765,0.0444214816583997,1.0,3300000000.0,6700000000.000002,146590889.472719,69265100.132979,1261052.943049,155258786.564579,49953260.01646,87948019.97693,87948019.962068,0.002215,505546.649785,599930.9680200833,252773.3249,585848.4435096721,1480230.596738998,False,True
1268,4,1,1,NORMAL,0.044460506800632425,0.04389492716343339,0.044460506800632425,1.0,3300000000.0,6700000000.000002,146719672.442087,69331476.451533,1263163.223677,155378849.646019,50010138.336787,88023852.006271,88023851.991394,0.002215,505546.8622009999,599931.6548215185,252773.431108,586363.5578908761,1481574.443645498,False,True
1269,4,1,1,NORMAL,0.04449953326822576,0.04393393400890387,0.04449953326822576,1.0,3300000000.0,6700000000.000002,146848459.785145,69397865.521881,1265275.356663,155498912.736598,50067016.721579,88099684.067158,88099684.052264,0.002215,505547.07249899994,599932.3347907144,252773.53625799998,586878.689768348,1482918.292074998,False,True
1270,4,1,1,NORMAL,0.04453856106107,0.04397294220581782,0.04453856106107,1.0,3300000000.0,6700000000.000002,146977251.501531,69464267.346245,1267389.342071,155618975.836225,50123895.170197,88175516.159274,88175516.144368,0.002215,505547.28070999996,599933.0079956222,252773.64036100003,587393.83914058,1484262.1420124979,False,True
1271,4,1,1,NORMAL,0.04457759017905636,0.04401195175247837,0.04457759017905636,1.0,3300000000.0,6700000000.000002,147106047.590886,69530681.926854,1269505.179963,155739038.945031,50180773.682006,88251348.282309,88251348.267392,0.001994,505547.48684699996,599933.6745035178,252773.74342900002,587909.0060061241,1485605.9934429978,False,True
1272,4,1,1,NORMAL,0.04461662062207697,0.04405096264729119,0.04461662062207697,1.0,3300000000.0,6700000000.000002,147234848.052854,69597109.265939,1271622.870402,155859102.062485,50237652.256377,88327180.435956,88327180.42103,0.001994,505547.69093499996,599934.3343810077,252773.845472,588424.190363544,1486949.8463519977,False,True
1273,4,1,1,NORMAL,0.044655652390024246,0.04408997488875784,0.044655652390024246,1.0,3300000000.0,6700000000.000002,147363652.88708,69663549.365735,1273742.413452,155979165.188719,50294530.892686,88403012.619914,88403012.604976,0.001994,505547.8929900001,599934.987694037,252773.94650100003,588939.392211416,1488293.7007239978,False,True
1274,4,1,1,NORMAL,0.04469468548279364,0.04412898847546983,0.04469468548279364,1.0,3300000000.0,6700000000.000002,147492462.093219,69730002.228477,1275863.809174,156099228.323646,50351409.590317,88478844.833884,88478844.818928,0.001994,505548.093038,599935.6345078946,252774.04652799998,589454.61154832,1489637.5565449977,False,True
1275,4,1,1,NORMAL,0.04473371990028303,0.04416800340610294,0.04473371990028303,1.0,3300000000.0,6700000000.000002,147621275.670934,69796467.856402,1277987.057632,156219291.46718,50408288.348662,88554677.077559,88554677.062587,0.001994,505548.29109199997,599936.274887221,252774.145554,589969.8483728761,1490981.4138004978,False,True
1276,4,1,1,NORMAL,0.044772755642390305,0.044207019679411805,0.044772755642390305,1.0,3300000000.0,6700000000.000002,147750093.619888,69862946.251752,1280112.158889,156339354.619235,50465167.167116,88630509.350648,88630509.335659,0.001994,505548.48717900005,599936.9088960134,252774.24359800006,590485.102683736,1492325.2724759977,False,True
1277,4,1,1,NORMAL,0.04481179270901485,0.04424603729422491,0.04481179270901485,1.0,3300000000.0,6700000000.000002,147878915.939749,69929437.416771,1282239.113007,156459417.779726,50522046.045081,88706341.652859,88706341.637852,0.001994,505548.68131600006,599937.5365976328,252774.34066699998,591000.374479552,1493669.1325574976,False,True
1278,4,1,1,NORMAL,0.04485083110005788,0.044285056249439944,0.04485083110005788,1.0,3300000000.0,6700000000.000002,148007742.630191,69995941.353706,1284367.92005,156579480.948769,50578924.981966,88782173.983897,88782173.968877,0.001795,505548.873521,599938.1580548108,252774.43676700004,591515.6637589961,1495012.9940314975,False,True
1279,4,1,1,NORMAL,0.04488987081542182,0.044324076544019424,0.04488987081542182,1.0,3300000000.0,6700000000.000002,148136573.690892,70062458.064807,1286498.58008,156699544.125882,50635803.977185,88858006.343476,88858006.328445,0.001795,505549.0638110001,599938.7733296549,252774.53191099997,592030.970520764,1496356.8568834974,False,True
1280,4,1,1,NORMAL,0.0449289118550097,0.04436309817698654,0.0449289118550097,1.0,3300000000.0,6700000000.000002,148265409.121532,70128987.552322,1288631.093161,156819607.311182,50692683.030154,88933838.73132,88933838.716273,0.001795,505549.25221000006,599939.3824836554,252774.62611299998,592546.2947635681,1497700.7210999974,False,True
1281,4,1,1,NORMAL,0.04496795421872849,0.04440212114742151,0.04496795421872849,1.0,3300000000.0,6700000000.000002,148394248.921804,70195529.818506,1290765.459355,156939670.504588,50749562.140303,89009671.147139,89009671.132079,0.001795,505549.438735,599939.9855776908,252774.71937399998,593061.636486128,1499044.5866674974,False,True
1282,4,1,1,NORMAL,0.04500699790648333,0.04444114545445776,0.04500699790648333,1.0,3300000000.0,6700000000.000002,148523093.091395,70262084.865615,1292901.678724,157059733.706018,50806441.307061,89085503.590662,89085503.575586,0.001795,505549.6234059999,599940.5826720347,252774.811711,593576.995687216,1500388.4535724975,False,True
1283,4,1,1,NORMAL,0.045046042918182726,0.044480171097278726,0.045046042918182726,1.0,3300000000.0,6700000000.000002,148651941.630003,70328652.695906,1295039.751332,157179796.915393,50863320.529865,89161336.061607,89161336.046519,0.001795,505549.806236,599941.1738263617,252774.903124,594092.3723655799,1501732.3218014974,False,True
1284,4,1,1,NORMAL,0.04508508925373667,0.04451919807511473,0.04508508925373667,1.0,3300000000.0,6700000000.000002,148780794.537331,70395233.31164,1297179.677242,157299860.132635,50920199.808158,89237168.559703,89237168.544604,0.001795,505549.987251,599941.7590997522,252774.99363100002,594607.766520012,1503076.1913414975,False,True
1285,4,1,1,NORMAL,0.045124136913055155,0.04455822638723992,0.045124136913055155,1.0,3300000000.0,6700000000.000002,148909651.813082,70461826.715081,1299321.456516,157419923.357844,50977079.141387,89313001.084683,89313001.06957,0.001616,505550.166464,599942.3385507002,252775.08323900003,595123.178149324,1504420.0621794974,False,True
1286,4,1,1,NORMAL,0.0451631858960506,0.04459725603296964,0.0451631858960506,1.0,3300000000.0,6700000000.000002,149038513.456967,70528432.908493,1301465.089217,157539986.590584,51033958.529006,89388833.636278,89388833.62115,0.001616,505550.343893,599942.9122371178,252775.171954,595638.6072523281,1505763.9343024974,False,True
1287,4,1,1,NORMAL,0.04520223620263667,0.044636287011657845,0.04520223620263667,1.0,3300000000.0,6700000000.000002,149167379.468701,70595051.894143,1303610.575408,157660049.830958,51090837.970474,89464666.214221,89464666.199081,0.001616,505550.51955799997,599943.480216341,252775.25978499997,596154.053827868,1507107.8076979974,False,True
1288,4,1,1,NORMAL,0.04524128783272697,0.044675319322694564,0.04524128783272697,1.0,3300000000.0,6700000000.000002,149296249.847999,70661683.674302,1305757.915152,157780113.078889,51147717.465255,89540498.818254,89540498.803098,0.001616,505550.69347399997,599944.0425451357,252775.346745,596669.517874804,1508451.6823529974,False,True
1289,4,1,1,NORMAL,0.045280340786238486,0.04471435296550385,0.045280340786238486,1.0,3300000000.0,6700000000.000002,149425124.594587,70728328.251243,1307907.108512,157900176.334303,51204597.01282,89616331.448113,89616331.432943,0.001616,505550.8656619999,599944.5992797039,252775.43283799998,597184.9993919961,1509795.5582549975,False,True
1290,4,1,1,NORMAL,0.045319395063088484,0.04475338793954157,0.045319395063088484,1.0,3300000000.0,6700000000.000002,149554003.708192,70794985.627239,1310058.15555,158020239.597125,51261476.612644,89692164.10354,89692164.08836,0.001616,505551.03613600007,599945.1504756886,252775.51807299998,597700.498378348,1511139.4353919975,False,True
1291,4,1,1,NORMAL,0.04535845066319515,0.044792424244293416,0.04535845066319515,1.0,3300000000.0,6700000000.000002,149682887.188544,70861655.804565,1312211.056329,158140302.867281,51318356.264205,89767996.784288,89767996.769093,0.001616,505551.20491500007,599945.6961881795,252775.60246499995,598216.014832768,1512483.3137509974,False,True
1292,4,1,1,NORMAL,0.04539750758647788,0.04483146187927307,0.04539750758647788,1.0,3300000000.0,6700000000.000002,149811775.035377,70928338.785502,1314365.810913,158260366.14486,51375235.966988,89843829.4901,89843829.474891,0.001455,505551.372012,599946.2364717182,252775.686013,598731.548754176,1513827.1933204974,False,True
1293,4,1,1,NORMAL,0.04543656583285758,0.04487050084402046,0.04543656583285758,1.0,3300000000.0,6700000000.000002,149940667.24843,70995034.572331,1316522.419363,158380429.429467,51432115.720485,89919662.220728,89919662.205505,0.001455,505551.53744999995,599946.7713803046,252775.76873200003,599247.100141508,1515171.0740879974,False,True
1294,4,1,1,NORMAL,0.04547562540225758,0.04490954113810028,0.04547562540225758,1.0,3300000000.0,6700000000.000002,150069563.82745,71061743.167334,1318680.881743,158500492.721191,51488995.524193,89995494.975921,89995494.960688,0.001455,505551.70123999997,599947.3009674012,252775.85062499996,599762.6689937201,1516514.9560419975,False,True
1295,4,1,1,NORMAL,0.0455146862945997,0.04494858276110024,0.0455146862945997,1.0,3300000000.0,6700000000.000002,150198464.772179,71128464.572796,1320841.198115,158620556.019962,51545875.377608,90071327.755442,90071327.740195,0.001455,505551.86340000003,599947.8252859392,252775.931707,600278.2553098,1517858.8391704976,False,True
1296,4,1,1,NORMAL,0.0455537485098097,0.04498762571262988,0.0455537485098097,1.0,3300000000.0,6700000000.000002,150327370.082372,71195198.791005,1323003.368543,158740619.32571,51602755.280239,90147160.559045,90147160.543784,0.001455,505552.02395000006,599948.3443883235,252776.01198200003,600793.8590887161,1519202.7234614976,False,True
1297,4,1,1,NORMAL,0.04559281204781333,0.045026669992319135,0.04559281204781333,1.0,3300000000.0,6700000000.000002,150456279.757784,71261945.824249,1325167.393089,158860682.638365,51659635.231595,90222993.386491,90222993.371214,0.001455,505552.18289800006,599948.8583264375,252776.091457,601309.480329488,1520546.6089039976,False,True
1298,4,1,1,NORMAL,0.04563187690853757,0.0450657155998171,0.04563187690853757,1.0,3300000000.0,6700000000.000002,150585193.798174,71328705.674821,1327333.271816,158980745.957859,51716515.231192,90298826.237541,90298826.22225,0.001455,505552.3402680001,599949.3671516494,252776.170141,601825.119031136,1521890.4954859975,False,True
1299,4,1,1,NORMAL,0.04567094309191121,0.04510476253479092,0.04567094309191121,1.0,3300000000.0,6700000000.000002,150714112.203307,71395478.345014,1329501.004786,159100809.284269,51773395.278551,90374659.111958,90374659.096659,0.00131,505552.49607399997,599949.8709148162,252776.248041,602340.775192696,1523234.3831964976,False,True
1300,4,1,1,NORMAL,0.04571001059786152,0.04514381079692451,0.04571001059786152,1.0,3300000000.0,6700000000.000002,150843034.972943,71462263.837125,1331670.592063,159220872.617237,51830275.373192,90450492.00952,90450491.994205,0.00131,505552.650326,599950.3696662891,252776.32517099997,602856.448813228,1524578.2720239975,False,True
1301,4,1,1,NORMAL,0.0457490794263206,0.04518286038591781,0.0457490794263206,1.0,3300000000.0,6700000000.000002,150971962.106858,71529062.153452,1333842.033709,159340935.956841,51887155.514652,90526324.929986,90526324.914658,0.00131,505552.80304699985,599950.8634559187,252776.40152999997,603372.1398917721,1525922.1619579976,False,True
1302,4,1,1,NORMAL,0.045788149577219696,0.04522191130148568,0.045788149577219696,1.0,3300000000.0,6700000000.000002,151100893.604825,71595873.296293,1336015.329787,159460999.303016,51944035.70246,90602157.873132,90602157.857792,0.00131,505552.954246,599951.3523330601,252776.47712899998,603887.848427432,1527266.0529869976,False,True
1303,4,1,1,NORMAL,0.04582722105049122,0.045260963543357006,0.04582722105049122,1.0,3300000000.0,6700000000.000002,151229829.466621,71662697.26795,1338190.480359,159581062.655696,52000915.936155,90677990.838735,90677990.82338,0.00131,505553.103941,599951.8363465777,252776.551978,604403.5744193,1528609.9450999976,False,True
1304,4,1,1,NORMAL,0.0458662938460697,0.04530001711127396,0.0458662938460697,1.0,3300000000.0,6700000000.000002,151358769.69203,71729534.070727,1340367.485489,159701126.014816,52057796.215284,90753823.826566,90753823.811199,0.00131,505553.252148,599952.3155448496,252776.62608000002,604919.317866484,1529953.8382864976,False,True
1305,4,1,1,NORMAL,0.04590536796388909,0.04533907200499107,0.04590536796388909,1.0,3300000000.0,6700000000.000002,151487714.280834,71796383.706933,1342546.345239,159821189.380313,52114676.539392,90829656.836407,90829656.821028,0.00131,505553.39888000005,599952.7899757732,252776.699446,605435.07876812,1531297.7325354975,False,True
1306,4,1,1,NORMAL,0.04594444340388576,0.0453781282242746,0.04594444340388576,1.0,3300000000.0,6700000000.000002,151616663.232823,71863246.178873,1344727.059672,159941252.752253,52171556.908033,90905489.868043,90905489.852646,0.001179,505553.544154,599953.2596867695,252776.772086,605950.8571233359,1532641.6278369976,False,True
1307,4,1,1,NORMAL,0.04598352016599636,0.045417185768901816,0.04598352016599636,1.0,3300000000.0,6700000000.000002,151745616.547788,71930121.488858,1346909.628851,160061316.130313,52228437.320761,90981322.921253,90981322.905839,0.001179,505553.6879789999,599953.7247247875,252776.84399800003,606466.6529312921,1533985.5241799976,False,True
1308,4,1,1,NORMAL,0.046022598250159696,0.04545624463866039,0.046022598250159696,1.0,3300000000.0,6700000000.000002,151874574.225527,71997009.6392,1349094.052838,160181379.514561,52285317.77714,91057155.995822,91057155.980392,0.001179,505553.830376,599954.1851363105,252776.91519599996,606982.466191152,1535329.4215544977,False,True
1309,4,1,1,NORMAL,0.046061677656315456,0.045495304833347815,0.046061677656315456,1.0,3300000000.0,6700000000.000002,152003536.265841,72063910.632212,1351280.331696,160301442.904935,52342198.276738,91132989.091535,91132989.076091,0.001179,505553.97135599994,599954.6409673583,252776.985685,607498.296902108,1536673.3199499976,False,True
1310,4,1,1,NORMAL,0.046100758384403334,0.04553436635277076,0.046100758384403334,1.0,3300000000.0,6700000000.000002,152132502.668531,72130824.470208,1353468.465488,160421506.301374,52399078.819122,91208822.208183,91208822.192728,0.001179,505554.11093100003,599955.0922634937,252777.05547099997,608014.1450633641,1538017.2193564975,False,True
1311,4,1,1,NORMAL,0.04613984043436454,0.04557342919674456,0.04613984043436454,1.0,3300000000.0,6700000000.000002,152261473.433403,72197751.155509,1355658.454277,160541569.703819,52455959.403868,91284655.345556,91284655.330095,0.001179,505554.24912200007,599955.5390698264,252777.12456399997,608530.010674124,1539361.1197639976,False,True
1312,4,1,1,NORMAL,0.04617892380614091,0.04561249336509272,0.04617892380614091,1.0,3300000000.0,6700000000.000002,152390448.560265,72264690.690433,1357850.298125,160661633.112209,52512840.030552,91360488.503454,91360488.487982,0.001179,505554.385933,599955.9814310174,252777.192972,609045.8937336119,1540705.0211619977,False,True
1313,4,1,1,NORMAL,0.04621800849967636,0.0456515588576465,0.04621800849967636,1.0,3300000000.0,6700000000.000002,152519428.048932,72331643.077301,1360043.997095,160781696.526602,52569720.698759,91436321.68167,91436321.666187,0.001062,505554.521387,599956.4193912835,252777.26069900003,609561.79424106,1542048.9235409978,False,True
1314,4,1,1,NORMAL,0.04625709451491485,0.04569062567424446,0.04625709451491485,1.0,3300000000.0,6700000000.000002,152648411.899219,72398608.318436,1362239.55125,160901759.946705,52626601.408074,91512154.880004,91512154.864507,0.001062,505554.65549000003,599956.8529944023,252777.327752,610077.712195728,1543392.8268914977,False,True
1315,4,1,1,NORMAL,0.046296181851801815,0.04572969381473203,0.046296181851801815,1.0,3300000000.0,6700000000.000002,152777400.110946,72465586.416164,1364436.960653,161021823.372578,52683482.15809,91587988.098253,91587988.082741,0.001062,505554.78826099983,599957.2822837153,252777.39413799997,610593.647596876,1544736.7312034976,False,True
1316,4,1,1,NORMAL,0.04633527051028364,0.045768763278961164,0.04633527051028364,1.0,3300000000.0,6700000000.000002,152906392.683936,72532577.372811,1366636.225366,161141886.804164,52740362.9484,91663821.336218,91663821.320695,0.001062,505554.91971100005,599957.7073021333,252777.45986099995,611109.600443784,1546080.6364674976,False,True
1317,4,1,1,NORMAL,0.04637436049030728,0.04580783406678995,0.04637436049030728,1.0,3300000000.0,6700000000.000002,153035389.618014,72599581.190706,1368837.345452,161261950.241405,52797243.778604,91739654.593705,91739654.57817,0.001062,505555.04985199997,599958.1280921409,252777.524932,611625.570735744,1547424.5426739976,False,True
1318,4,1,1,NORMAL,0.04641345179182182,0.04584690617808233,0.04641345179182182,1.0,3300000000.0,6700000000.000002,153164390.913012,72666597.872179,1371040.320974,161382013.684245,52854124.648307,91815487.870518,91815487.854972,0.001062,505555.178701,599958.5446957991,252777.58935599998,612141.5584720561,1548768.4498139976,False,True
1319,4,1,1,NORMAL,0.046452544414774546,0.045885979612707635,0.046452544414774546,1.0,3300000000.0,6700000000.000002,153293396.568756,72733627.419564,1373245.151995,161502077.132628,52911005.557112,91891321.166469,91891321.150909,0.001062,505555.306264,599958.9571547519,252777.65313900003,612657.563652048,1550112.3578774976,False,True
1320,4,1,1,NORMAL,0.04649163835911667,0.04592505437054048,0.04649163835911667,1.0,3300000000.0,6700000000.000002,153422406.585085,72800669.835197,1375451.838577,161622140.586606,52967886.504633,91967154.481363,91967154.46579,0.000956,505555.43256099994,599959.3655102282,252777.71628700002,613173.5862750241,1551456.2668559975,False,True
1321,4,1,1,NORMAL,0.0465307336248,0.04596413045146046,0.0465307336248,1.0,3300000000.0,6700000000.000002,153551420.96184,72867725.121409,1377660.380783,161742204.045912,53024767.490484,92042987.815013,92042987.799427,0.000956,505555.5576009999,599959.7698030471,252777.778807,613689.62634034,1552800.1767399975,False,True
1322,4,1,1,NORMAL,0.04656983021177546,0.04600320785535175,0.04656983021177546,1.0,3300000000.0,6700000000.000002,153680439.698859,72934793.28054,1379870.778676,161862267.510597,53081648.514284,92118821.167233,92118821.151632,0.000956,505555.68139499996,599960.1700736221,252777.84070500004,614205.6838473601,1554144.0875204974,False,True
1323,4,1,1,NORMAL,0.04660892811999636,0.04604228658210302,0.04660892811999636,1.0,3300000000.0,6700000000.000002,153809462.795988,73001874.31493,1382083.032318,161982330.980608,53138529.575655,92194654.53784,92194654.522223,0.000956,505555.80396199995,599960.5663619644,252777.901989,614721.758795436,1555487.9991889973,False,True
1324,4,1,1,NORMAL,0.04664802734941667,0.046081366631607126,0.04664802734941667,1.0,3300000000.0,6700000000.000002,153938490.253075,73068968.22692,1384297.141772,162102394.455892,53195410.674224,92270487.926646,92270487.911016,0.000956,505555.9253049999,599960.9587076876,252777.96265899998,615237.851183952,1556831.9117359973,False,True
1325,4,1,1,NORMAL,0.04668712789999182,0.04612044800376098,0.04668712789999182,1.0,3300000000.0,6700000000.000002,154067522.069973,73136075.018851,1386513.107101,162222457.936397,53252291.809622,92346321.33347,92346321.317829,0.000956,505556.04544300004,599961.3471500112,252778.02272699997,615753.9610123,1558175.8251534973,False,True
1326,4,1,1,NORMAL,0.046726229771676064,0.04615953069846518,0.046726229771676064,1.0,3300000000.0,6700000000.000002,154196558.246531,73203194.693071,1388730.928367,162342521.422071,53309172.981481,92422154.758136,92422154.742483,0.000956,505556.164386,599961.7317277645,252778.08219899997,616270.088279892,1559519.7394324972,False,True
1327,4,1,1,NORMAL,0.046765332964425754,0.04619861471562393,0.046765332964425754,1.0,3300000000.0,6700000000.000002,154325598.782605,73270327.251923,1390950.605634,162462584.912957,53366054.189435,92497988.200473,92497988.1848,0.000861,505556.2821440001,599962.112479391,252778.14108199996,616786.232986124,1560863.6545639972,False,True
1328,4,1,1,NORMAL,0.046804437478199394,0.04623770005514493,0.046804437478199394,1.0,3300000000.0,6700000000.000002,154454643.678058,73337472.697756,1393172.138964,162582648.408814,53422935.43313,92573821.660293,92573821.644606,0.000861,505556.39872999996,599962.4894429515,252778.19937200003,617302.39513042,1562207.5705399972,False,True
1329,4,1,1,NORMAL,0.04684354331295485,0.04627678671693912,0.04684354331295485,1.0,3300000000.0,6700000000.000002,154583692.932751,73404631.03292,1395395.528419,162702711.909687,53479816.712209,92649655.137426,92649655.121727,0.000861,505556.5141579999,599962.8626561287,252778.257085,617818.574712232,1563551.4873519973,False,True
1330,4,1,1,NORMAL,0.04688265046865121,0.046315874700920544,0.04688265046865121,1.0,3300000000.0,6700000000.000002,154712746.546549,73471802.259765,1397620.774063,162822775.415526,53536698.026319,92725488.631701,92725488.615991,0.000861,505556.6284369999,599963.23215623,252778.31422399997,618334.771731004,1564895.4049914973,False,True
1331,4,1,1,NORMAL,0.04692175894524849,0.04635496400700622,0.04692175894524849,1.0,3300000000.0,6700000000.000002,154841804.51932,73538986.380646,1399847.875957,162942838.926282,53593579.375113,92801322.142945,92801322.127227,0.000861,505556.74158000003,599963.5979801924,252778.370794,618850.986186196,1566239.3234504974,False,True
1332,4,1,1,NORMAL,0.04696086874270636,0.046394054635115915,0.04696086874270636,1.0,3300000000.0,6700000000.000002,154970866.850931,73606183.397919,1402076.834165,163062902.441906,53650460.758244,92877155.670995,92877155.655264,0.000861,505556.85359699995,599963.9601645848,252778.426805,619367.2180772801,1567583.2427209974,False,True
1333,4,1,1,NORMAL,0.04699997986098727,0.046433146585172135,0.04699997986098727,1.0,3300000000.0,6700000000.000002,155099933.541258,73673393.313936,1404307.64875,163182965.962349,53707342.175371,92952989.215681,92952989.199934,0.000861,505556.964496,599964.3187456133,252778.48225599996,619883.467403724,1568927.1627944973,False,True
1334,4,1,1,NORMAL,0.047039092300053945,0.0464722398571,0.047039092300053945,1.0,3300000000.0,6700000000.000002,155229004.590178,73740616.131058,1406540.319774,163303029.48765,53764223.626157,93028822.776836,93028822.761076,0.000775,505557.074299,599964.6737591231,252778.53715600003,620399.734165032,1570271.0836634974,False,True
1335,4,1,1,NORMAL,0.04707820605986939,0.046511334450827065,0.04707820605986939,1.0,3300000000.0,6700000000.000002,155358079.997569,73807851.851643,1408774.847299,163423093.017589,53821105.110266,93104656.354296,93104656.338523,0.000775,505557.18300300004,599965.0252406034,252778.59150799998,620916.0183607121,1571615.0053199974,False,True
1336,4,1,1,NORMAL,0.04711732114039697,0.04655043036628319,0.04711732114039697,1.0,3300000000.0,6700000000.000002,155487159.76331,73875100.478052,1411011.231389,163543156.552204,53877986.627365,93180489.947903,93180489.932114,0.000775,505557.29062600003,599965.3732251901,252778.645321,621432.319990276,1572958.9277554974,False,True
1337,4,1,1,NORMAL,0.04715643754160212,0.046589527603400537,0.04715643754160212,1.0,3300000000.0,6700000000.000002,155616243.887287,73942362.01265,1413249.472106,163663220.09145,53934868.177129,93256323.557489,93256323.541689,0.000775,505557.39718100004,599965.71774767,252778.69859600003,621948.63905324,1574302.8509629974,False,True
1338,4,1,1,NORMAL,0.047195555263450296,0.046628626162113426,0.047195555263450296,1.0,3300000000.0,6700000000.000002,155745332.369386,74009636.457798,1415489.569513,163783283.63528,53991749.759231,93332157.182902,93332157.167086,0.000775,505557.50267400005,599966.0588424839,252778.75134499997,622464.9755491479,1575646.7749344974,False,True
1339,4,1,1,NORMAL,0.04723467430590848,0.04666772604235827,0.04723467430590848,1.0,3300000000.0,6700000000.000002,155874425.209498,74076923.815864,1417731.523672,163903347.183649,54048631.373351,93407990.823979,93407990.80815,0.000775,505557.60711899993,599966.3965437296,252778.80356599996,622981.329477544,1576990.6996624975,False,True
1340,4,1,1,NORMAL,0.047273794668943034,0.04670682724407342,0.047273794668943034,1.0,3300000000.0,6700000000.000002,156003522.407512,74144224.089214,1419975.334647,164023410.736511,54105513.019169,93483824.480569,93483824.464725,0.000775,505557.71052500006,599966.7308851663,252778.85526999997,623497.700837992,1578334.6251394975,False,True
1341,4,1,1,NORMAL,0.04731291635252212,0.04674592976719914,0.04731291635252212,1.0,3300000000.0,6700000000.000002,156132623.963323,74211537.280219,1422221.0025,164143474.293899,54162394.69637,93559658.152513,93559658.136658,0.000698,505557.812901,599967.0619002173,252778.90645600003,624014.089630048,1579678.5513579973,False,True
1342,4,1,1,NORMAL,0.04735203935661515,0.0467850336116776,0.04735203935661515,1.0,3300000000.0,6700000000.000002,156261729.87683,74278863.391247,1424468.527293,164263537.855615,54219276.404643,93635491.839656,93635491.823796,0.000698,505557.914259,599967.3896219733,252778.95713199998,624530.495853292,1581022.4783104972,False,True
1343,4,1,1,NORMAL,0.04739116368119091,0.04682413877745266,0.04739116368119091,1.0,3300000000.0,6700000000.000002,156390840.14793,74346202.42467,1426717.909089,164383601.421692,54276158.143677,93711325.541854,93711325.525985,0.000698,505558.014609,599967.7140831959,252779.00730900004,625046.91950732,1582366.4059899973,False,True
1344,4,1,1,NORMAL,0.04743028932621909,0.046863245264469854,0.04743028932621909,1.0,3300000000.0,6700000000.000002,156519954.776523,74413554.382863,1428969.147951,164503664.992086,54333039.913166,93787159.258959,93787159.243075,0.000698,505558.11396099994,599968.0353163212,252779.05698800003,625563.36059172,1583710.3343889974,False,True
1345,4,1,1,NORMAL,0.04746941629167091,0.04690235307267637,0.04746941629167091,1.0,3300000000.0,6700000000.000002,156649073.762514,74480919.2682,1431222.243942,164623728.566754,54389921.712807,93862992.990818,93862992.974919,0.000698,505558.21232100006,599968.3533534624,252779.10616800003,626079.819106092,1585054.2634999973,False,True
1346,4,1,1,NORMAL,0.04750854457751818,0.04694146220202101,0.04750854457751818,1.0,3300000000.0,6700000000.000002,156778197.10581,74548297.083056,1433477.197124,164743792.145654,54446803.542299,93938826.737286,93938826.721371,0.000698,505558.3097040001,599968.6682264134,252779.15486,626596.295050056,1586398.1933164974,False,True
1347,4,1,1,NORMAL,0.04754767418373394,0.0469805726524541,0.04754767418373394,1.0,3300000000.0,6700000000.000002,156907324.806322,74615687.829809,1435734.00756,164863855.728744,54503685.401348,94014660.498213,94014660.482286,0.000698,505558.40612,599968.9799666516,252779.203066,627112.78842324,1587742.1238314973,False,True
1348,4,1,1,NORMAL,0.04758680511029061,0.04701968442392743,0.04758680511029061,1.0,3300000000.0,6700000000.000002,157036456.863959,74683091.510841,1437992.675313,164983919.316051,54560567.289658,94090494.27346,94090494.257519,0.000629,505558.501576,599969.2886053419,252779.25079499994,627629.2992252881,1589086.0550374973,False,True
1349,4,1,1,NORMAL,0.047625937357162425,0.047058797516394205,0.047625937357162425,1.0,3300000000.0,6700000000.000002,157165593.278636,74750508.12853,1440253.200445,165103982.907396,54617449.206939,94166328.062882,94166328.046929,0.000629,505558.5960840001,599969.5941733387,252779.29804799997,628145.8274558361,1590429.9869279973,False,True
1350,4,1,1,NORMAL,0.04766507092432273,0.04709791192980895,0.04766507092432273,1.0,3300000000.0,6700000000.000002,157294734.050265,74817937.685261,1442515.583019,165224046.502807,54674331.1529,94242161.866343,94242161.850373,0.000629,505558.689649,599969.8967011897,252779.34483300004,628662.3731145441,1591773.9194959973,False,True
1351,4,1,1,NORMAL,0.04770420581174849,0.04713702766412763,0.04770420581174849,1.0,3300000000.0,6700000000.000002,157423879.17877,74885380.183415,1444779.823097,165344110.102243,54731213.12726,94317995.683695,94317995.667712,0.000629,505558.782283,599970.1962191389,252779.39114800002,629178.9362010601,1593117.8527349972,False,True
1352,4,1,1,NORMAL,0.04774334201941424,0.047176144719307415,0.04774334201941424,1.0,3300000000.0,6700000000.000002,157553028.664067,74952835.625381,1447045.920743,165464173.705665,54788095.129734,94393829.514803,94393829.498808,0.000629,505558.8739959999,599970.4927571293,252779.437004,629695.51671508,1594461.7866384971,False,True
1353,4,1,1,NORMAL,0.04778247954729666,0.04721526309530672,0.04778247954729666,1.0,3300000000.0,6700000000.000002,157682182.506079,75020304.013543,1449313.876018,165584237.313033,54844977.160042,94469663.359532,94469663.343524,0.000629,505558.96479700005,599970.7863448061,252779.48240499996,630212.114656268,1595805.721199497,False,True
1354,4,1,1,NORMAL,0.04782161839537303,0.047254382792085194,0.04782161839537303,1.0,3300000000.0,6700000000.000002,157811340.704731,75087785.350289,1451583.688986,165704300.924307,54901859.217907,94545497.21775,94545497.201723,0.000629,505559.05469499994,599971.0770115199,252779.52735699998,630728.730024316,1597149.6564114972,False,True
1355,4,1,1,NORMAL,0.04786075856362182,0.04729350380960369,0.04786075856362182,1.0,3300000000.0,6700000000.000002,157940503.259952,75155279.638008,1453855.359709,165824364.539511,54958741.303056,94621331.089313,94621331.073275,0.000567,505559.14369699993,599971.3647863289,252779.571854,631245.362818924,1598493.5922684972,False,True
1356,4,1,1,NORMAL,0.047899900052021514,0.0473326261478242,0.047899900052021514,1.0,3300000000.0,6700000000.000002,158069670.171671,75222786.879088,1456128.88825,165944428.158482,55015623.415216,94697164.974098,94697164.958044,0.000567,505559.23181599996,599971.6496980026,252779.615916,631762.013039808,1599837.5287634972,False,True
1357,4,1,1,NORMAL,0.04793904286055151,0.047371749806709836,0.04793904286055151,1.0,3300000000.0,6700000000.000002,158198841.43982,75290307.075925,1458404.274672,166064491.781245,55072505.55412,94772998.871966,94772998.855899,0.000567,505559.31905700004,599971.9317750246,252779.65953500004,632278.680686684,1601181.4658904972,False,True
1358,4,1,1,NORMAL,0.04797818698919121,0.047410874786224765,0.04797818698919121,1.0,3300000000.0,6700000000.000002,158328017.064331,75357840.230914,1460681.519037,166184555.407761,55129387.719503,94848832.782787,94848832.76671,0.000567,505559.40543,599972.2110455944,252779.70271999997,632795.3657592799,1602525.4036429971,False,True
1359,4,1,1,NORMAL,0.048017332437920605,0.047450001086334175,0.048017332437920605,1.0,3300000000.0,6700000000.000002,158457197.045138,75425386.346448,1462960.621407,166304619.037993,55186269.911099,94924666.706434,94924666.690349,0.000567,505559.49094199995,599972.4875376319,252779.74547499997,633312.068257324,1603869.342014997,False,True
1360,4,1,1,NORMAL,0.048056479206721216,0.04748912870700431,0.048056479206721216,1.0,3300000000.0,6700000000.000002,158586381.38218,75492945.424922,1465241.581846,166424682.671904,55243152.128646,95000500.642786,95000500.626686,0.000567,505559.57560499996,599972.7612787785,252779.78781,633828.7881805521,1605213.280999997,False,True
1361,4,1,1,NORMAL,0.04809562729557515,0.04752825764820243,0.04809562729557515,1.0,3300000000.0,6700000000.000002,158715570.075398,75560517.468735,1467524.400416,166544746.309458,55300034.371888,95076334.59171,95076334.575596,0.000567,505559.659426,599973.0322964013,252779.82972,634345.52552872,1606557.220591997,False,True
1362,4,1,1,NORMAL,0.04813477670446485,0.04756738790989678,0.04813477670446485,1.0,3300000000.0,6700000000.000002,158844763.124734,75628102.480283,1469809.07718,166664809.950674,55356916.640568,95152168.553082,95152168.536954,0.000511,505559.74241,599973.3006175951,252779.87121200003,634862.280301592,1607901.160784997,False,True
1363,4,1,1,NORMAL,0.04817392743337333,0.04760651949205656,0.04817392743337333,1.0,3300000000.0,6700000000.000002,158973960.530132,75695700.461969,1472095.6122,166784873.595404,55413798.934435,95228002.526778,95228002.510637,0.000511,505559.82457299996,599973.5662691846,252779.912293,635379.0524989361,1609245.101572997,False,True
1364,4,1,1,NORMAL,0.048213079482283636,0.047645652394651856,0.048213079482283636,1.0,3300000000.0,6700000000.000002,159103162.291536,75763311.416196,1474384.00554,166904937.243669,55470681.253238,95303836.512673,95303836.496523,0.000511,505559.90591699997,599973.8292777286,252779.952963,635895.842120528,1610589.042949997,False,True
1365,4,1,1,NORMAL,0.04825223285118,0.04768478661765367,0.04825223285118,1.0,3300000000.0,6700000000.000002,159232368.408894,75830935.345365,1476674.257261,167025000.895434,55527563.596727,95379670.510648,95379670.494489,0.000511,505559.98644899996,599974.0896695209,252779.99322899999,636412.6491661441,1611932.984910497,False,True
1366,4,1,1,NORMAL,0.048291387540047276,0.04772392216103391,0.048291387540047276,1.0,3300000000.0,6700000000.000002,159361578.882156,75898572.25188,1478966.367427,167145064.550663,55584445.964658,95455504.520585,95455504.504414,0.000511,505560.066182,599974.3474705941,252780.03309699998,636929.473635576,1613276.927448497,False,True
1367,4,1,1,NORMAL,0.048330543548871514,0.047763059024765374,0.048330543548871514,1.0,3300000000.0,6700000000.000002,159490793.711276,75966222.138146,1481260.3361,167265128.209323,55641328.356787,95531338.542364,95531338.526178,0.000511,505560.145121,599974.6027067221,252780.07256800006,637446.3155286241,1614620.870557997,False,True
1368,4,1,1,NORMAL,0.04836970087763818,0.04780219720882169,0.04836970087763818,1.0,3300000000.0,6700000000.000002,159620012.896206,76033885.006569,1483556.163343,167385191.871379,55698210.772873,95607172.575867,95607172.559666,0.000511,505560.223275,599974.8554034223,252780.111645,637963.174845104,1615964.814233997,False,True
1369,4,1,1,NORMAL,0.04840885952633393,0.04784133671317732,0.04840885952633393,1.0,3300000000.0,6700000000.000002,159749236.436902,76101560.859561,1485853.849218,167505255.536848,55755093.212679,95683006.620977,95683006.60476,0.00046,505560.30065199995,599975.1055859579,252780.150334,638480.051584824,1617308.758469997,False,True
1370,4,1,1,NORMAL,0.04844801949494606,0.04788047753780756,0.04844801949494606,1.0,3300000000.0,6700000000.000002,159878464.333322,76169249.699527,1488153.393788,167625319.205595,55811975.675967,95758840.67758,95758840.661345,0.00046,505560.377258,599975.3532793411,252780.18863800005,638996.945747608,1618652.703260997,False,True
1371,4,1,1,NORMAL,0.04848718078346272,0.04791961968268854,0.04848718078346272,1.0,3300000000.0,6700000000.000002,160007696.585427,76236951.52888,1490454.797116,167745382.877638,55868858.162507,95834674.745553,95834674.729308,0.00046,505560.453102,599975.5985083356,252780.226556,639513.857333288,1619996.648601497,False,True
1372,4,1,1,NORMAL,0.04852634339187121,0.0479587631477971,0.04852634339187121,1.0,3300000000.0,6700000000.000002,160136933.193175,76304666.350031,1492758.059264,167865446.552944,55925740.672064,95910508.824794,95910508.808534,0.00046,505560.5281929999,599975.8412974583,252780.26410399997,640030.7863417079,1621340.594485497,False,True
1373,4,1,1,NORMAL,0.04856550732016031,0.04799790793311086,0.04856550732016031,1.0,3300000000.0,6700000000.000002,160266174.156529,76372394.165396,1495063.180295,167985510.231481,55982623.204411,95986342.915187,95986342.89891,0.00046,505560.6025369999,599976.0816709823,252780.301277,640547.7327727,1622684.5409079972,False,True
1374,4,1,1,NORMAL,0.04860467256832,0.04803705403860823,0.04860467256832,1.0,3300000000.0,6700000000.000002,160395419.475456,76440134.977384,1497370.160272,168105573.913216,56039505.759319,96062177.01662,96062177.000329,0.00046,505560.676138,599976.3196529396,252780.33807599996,641064.696626116,1624028.487863497,False,True
1375,4,1,1,NORMAL,0.04864383913634,0.048076201464268345,0.04864383913634,1.0,3300000000.0,6700000000.000002,160524669.149922,76507888.788416,1499678.999257,168225637.598118,56096388.336566,96138011.128983,96138011.112678,0.00046,505560.74901,599976.5552671228,252780.37451199998,641581.677901824,1625372.435346997,False,True
1376,4,1,1,NORMAL,0.048683007024211515,0.048115350210071135,0.048683007024211515,1.0,3300000000.0,6700000000.000002,160653923.179898,76575655.600905,1501989.697313,168345701.286201,56153270.93593,96213845.252166,96213845.235847,0.000414,505560.821154,599976.7885370881,252780.41058400003,642098.676599688,1626716.383352997,False,True
1377,4,1,1,NORMAL,0.04872217623192455,0.04815450027599716,0.04872217623192455,1.0,3300000000.0,6700000000.000002,160783181.565351,76643435.417272,1504302.254503,168465764.977342,56210153.557191,96289679.38606,96289679.369734,0.000414,505560.8925850001,599977.0194861572,252780.44629600007,642615.692719592,1628060.331876497,False,True
1378,4,1,1,NORMAL,0.04876134675947091,0.04819365166202773,0.04876134675947091,1.0,3300000000.0,6700000000.000002,160912444.306254,76711228.239933,1506616.670889,168585828.671556,56267036.200128,96365513.530567,96365513.514227,0.000414,505560.9633020001,599977.2481374197,252780.48165799998,643132.726261404,1629404.280911997,False,True
1379,4,1,1,NORMAL,0.04880051860684273,0.048232804368144824,0.04880051860684273,1.0,3300000000.0,6700000000.000002,161041711.402581,76779034.071311,1508932.946534,168705892.368813,56323918.864528,96441347.685574,96441347.669221,0.000414,505561.033315,599977.4745137359,252780.51666399997,643649.777225016,1630748.230454497,False,True
1380,4,1,1,NORMAL,0.04883969177403273,0.04827195839433115,0.04883969177403273,1.0,3300000000.0,6700000000.000002,161170982.854308,76846852.913827,1511251.0815,168825956.069082,56380801.550177,96517181.850977,96517181.834612,0.000414,505561.1026299999,599977.6986377382,252780.551321,644166.8456103241,1632092.180498997,False,True
1381,4,1,1,NORMAL,0.04887886626103363,0.04831111374057002,0.04887886626103363,1.0,3300000000.0,6700000000.000002,161300258.661411,76914684.769901,1513571.07585,168946019.772333,56437684.256861,96593016.02668,96593016.010298,0.000414,505561.17125899997,599977.9205318345,252780.585638,644683.931417232,1633436.131040497,False,True
1382,4,1,1,NORMAL,0.04891804206783909,0.04835027040684544,0.04891804206783909,1.0,3300000000.0,6700000000.000002,161429538.823869,76982529.641963,1515892.929647,169066083.478537,56494566.984375,96668850.21257,96668850.196175,0.000414,505561.2392029999,599978.1402182095,252780.619608,645201.034645644,1634780.082073997,False,True
1383,4,1,1,NORMAL,0.04895721919444363,0.0483894283931421,0.04895721919444363,1.0,3300000000.0,6700000000.000002,161558823.341664,77050387.532434,1518216.642953,169186147.187705,56551449.732509,96744684.408552,96744684.392144,0.000373,505561.306473,599978.3577188269,252780.653243,645718.155295476,1636124.033594997,False,True
1384,4,1,1,NORMAL,0.04899639764084182,0.04842858769944531,0.04899639764084182,1.0,3300000000.0,6700000000.000002,161688112.214778,77118258.443742,1520542.215831,169306210.899726,56608332.501061,96820518.61452,96820518.598103,0.000373,505561.373073,599978.5730554323,252780.686541,646235.2933666559,1637467.9855984969,False,True
1385,4,1,1,NORMAL,0.04903557740702818,0.04846774832574098,0.04903557740702818,1.0,3300000000.0,6700000000.000002,161817405.443193,77186142.378312,1522869.648344,169426274.614612,56665215.289823,96896352.830385,96896352.81395,0.000373,505561.439008,599978.786249555,252780.71951300002,646752.448859112,1638811.9380794968,False,True
1386,4,1,1,NORMAL,0.049074758492999096,0.0485069102720157,0.049074758492999096,1.0,3300000000.0,6700000000.000002,161946703.026897,77254039.338574,1525198.940555,169546338.332335,56722098.098596,96972187.056042,96972187.039591,0.000373,505561.50429,599978.99732251,252780.75215300004,647269.6217727719,1640155.8910329968,False,True
1387,4,1,1,NORMAL,0.049113940898750603,0.048546073538256664,0.049113940898750603,1.0,3300000000.0,6700000000.000002,162076004.965877,77321949.32696,1527530.092526,169666402.052867,56778980.927184,97048021.291385,97048021.274927,0.000373,505561.568919,599979.2062954002,252780.784463,647786.812107588,1641499.8444549968,False,True
1388,4,1,1,NORMAL,0.04915312462427848,0.048585238124451625,0.04915312462427848,1.0,3300000000.0,6700000000.000002,162205311.260119,77389872.345898,1529863.104319,169786465.77618,56835863.775385,97123855.536332,97123855.519859,0.000373,505561.6329070001,599979.413189119,252780.81646099995,648304.019863508,1642843.7983399967,False,True
1389,4,1,1,NORMAL,0.04919230966958,0.048624404030588944,0.04919230966958,1.0,3300000000.0,6700000000.000002,162334621.909614,77457808.397823,1532197.975997,169906529.502246,56892746.643007,97199689.790782,97199689.774294,0.000373,505561.69626099995,599979.6180243513,252780.848138,648821.245040476,1644187.7526839967,False,True
1390,4,1,1,NORMAL,0.04923149603465212,0.04866357125665754,0.04923149603465212,1.0,3300000000.0,6700000000.000002,162463936.914352,77525757.485168,1534534.707623,170026593.231074,56949629.529855,97275524.054642,97275524.038136,0.000336,505561.75898000004,599979.8208215768,252780.87949899997,649338.487638456,1645531.7074824967,False,True
1391,4,1,1,NORMAL,0.049270683719494245,0.048702739802647006,0.049270683719494245,1.0,3300000000.0,6700000000.000002,162593256.274331,77593719.610364,1536873.29926,170146656.962564,57006512.435739,97351358.327812,97351358.311295,0.000336,505561.8210770001,599980.0216010712,252780.91054399998,649855.747657408,1646875.6627304968,False,True
1392,4,1,1,NORMAL,0.049309872724104246,0.048741909668547474,0.049309872724104246,1.0,3300000000.0,6700000000.000002,162722579.989544,77661694.775849,1539213.75097,170266720.696725,57063395.36047,97427192.610203,97427192.593676,0.000336,505561.882556,599980.2203829087,252780.941283,650373.025097324,1648219.618423997,False,True
1393,4,1,1,NORMAL,0.04934906304848061,0.048781080854349616,0.04934906304848061,1.0,3300000000.0,6700000000.000002,162851908.059986,77729682.984059,1541556.062816,170386784.433531,57120278.303859,97503026.901729,97503026.885185,0.000336,505561.943425,599980.4171869636,252780.97172099998,650890.319958176,1649563.574558497,False,True
1394,4,1,1,NORMAL,0.04938825469262273,0.048820253360044655,0.04938825469262273,1.0,3300000000.0,6700000000.000002,162981240.485655,77797684.237434,1543900.23486,170506848.172956,57177161.265722,97578861.202288,97578861.185737,0.000336,505562.00368699996,599980.6120329128,252781.001847,651407.632239944,1650907.531128997,False,True
1395,4,1,1,NORMAL,0.0494274476565303,0.048859427185624374,0.0494274476565303,1.0,3300000000.0,6700000000.000002,163110577.26655,77865698.538411,1546246.267166,170626911.914974,57234044.245874,97654695.511797,97654695.495237,0.000336,505562.063349,599980.804940237,252781.031679,651924.9619426201,1652251.488131997,False,True
1396,4,1,1,NORMAL,0.04946664194020424,0.04889860233108114,0.04946664194020424,1.0,3300000000.0,6700000000.000002,163239918.402674,77933725.889429,1548594.159795,170746975.659559,57290927.244133,97730529.830165,97730529.813597,0.000336,505562.122416,599980.9959282234,252781.061212,652442.3090662,1653595.445562497,False,True
1397,4,1,1,NORMAL,0.04950583754364394,0.04893777879640778,0.04950583754364394,1.0,3300000000.0,6700000000.000002,163369263.894025,78001766.29293,1550943.912811,170867039.406718,57347810.260318,97806364.157311,97806364.140729,0.000303,505562.18090000004,599981.1850159672,252781.09045699995,652959.673610696,1654939.403416497,False,True
1398,4,1,1,NORMAL,0.04954503446685152,0.0489769565815977,0.04954503446685152,1.0,3300000000.0,6700000000.000002,163498613.74061,78069819.751355,1553295.526276,170987103.15636,57404693.294251,97882198.493144,97882198.476544,0.000303,505562.238798,599981.3722223742,252781.119408,653477.0555761,1656283.361689997,False,True
1399,4,1,1,NORMAL,0.04958423270982818,0.049016135686644834,0.04958423270982818,1.0,3300000000.0,6700000000.000002,163627967.942433,78137886.267149,1555649.000253,171107166.908493,57461576.345757,97958032.837571,97958032.820959,0.000303,505562.2961200001,599981.5575661613,252781.14806599997,653994.4549624401,1657627.320378497,False,True
1400,4,1,1,NORMAL,0.04962343227257576,0.04905531611154361,0.04962343227257576,1.0,3300000000.0,6700000000.000002,163757326.4995,78205965.842755,1558004.334804,171227230.663092,57518459.414659,98033867.190514,98033867.173887,0.000303,505562.352873,599981.7410658596,252781.176444,654511.871769732,1658971.279477997,False,True
1401,4,1,1,NORMAL,0.04966263315509697,0.04909449785628899,0.04966263315509697,1.0,3300000000.0,6700000000.000002,163886689.41182,78274058.480619,1560361.529992,171347294.420133,57575342.500786,98109701.551885,98109701.535242,0.000303,505562.409062,599981.9227398161,252781.20453900006,655029.3059980001,1660315.238984497,False,True
1402,4,1,1,NORMAL,0.049701835357394544,0.04913368092087645,0.049701835357394544,1.0,3300000000.0,6700000000.000002,164016056.679402,78342164.183188,1562720.585879,171467358.179592,57632225.603966,98185535.9216,98185535.904941,0.000303,505562.46469199995,599982.1026061949,252781.23235400004,655546.75764728,1661659.1988939971,False,True
1403,4,1,1,NORMAL,0.04974103887947091,0.0491728653053019,0.04974103887947091,1.0,3300000000.0,6700000000.000002,164145428.302254,78410282.952909,1565081.502529,171587421.941444,57689108.724028,98261370.299576,98261370.282904,0.000303,505562.519767,599982.2806829796,252781.25989,656064.2267176079,1663003.1592024972,False,True
1404,4,1,1,NORMAL,0.04978024372133061,0.049212051009561816,0.04978024372133061,1.0,3300000000.0,6700000000.000002,164274804.280391,78478414.792231,1567444.280004,171707485.705695,57745991.860807,98337204.685728,98337204.669047,0.000273,505562.574295,599982.4569879748,252781.287152,656581.713209016,1664347.1199059973,False,True
1405,4,1,1,NORMAL,0.04981944988297727,0.04925123803365314,0.04981944988297727,1.0,3300000000.0,6700000000.000002,164404184.613825,78546559.703602,1569808.918366,171827549.472262,57802875.014134,98413039.079979,98413039.063286,0.000273,505562.6282780001,599982.631538808,252781.314145,657099.2171215641,1665691.0810004973,False,True
1406,4,1,1,NORMAL,0.04985865736441606,0.04929042637757333,0.04985865736441606,1.0,3300000000.0,6700000000.000002,164533569.302573,78614717.689471,1572175.417678,171947613.241152,57859758.183844,98488873.482248,98488873.465543,0.000273,505562.68172600004,599982.8043529314,252781.34086899998,657616.7384553,1667035.0424819973,False,True
1407,4,1,1,NORMAL,0.04989786616565091,0.04932961604132027,0.04989786616565091,1.0,3300000000.0,6700000000.000002,164662958.346648,78682888.752293,1574543.778003,172067677.012341,57916641.369776,98564707.892458,98564707.875735,0.000273,505562.734644,599982.9754476238,252781.36733100002,658134.2772102919,1668379.0043464974,False,True
1408,4,1,1,NORMAL,0.049937076286687275,0.04936880702489234,0.049937076286687275,1.0,3300000000.0,6700000000.000002,164792351.746068,78751072.894519,1576913.999404,172187740.785807,57973524.571768,98640542.310524,98640542.293785,0.000273,505562.7870319999,599983.1448399916,252781.393524,658651.8333865921,1669722.9665904974,False,True
1409,4,1,1,NORMAL,0.04997628772753151,0.04940799932828842,0.04997628772753151,1.0,3300000000.0,6700000000.000002,164921749.500854,78819270.118602,1579286.081943,172307804.561527,58030407.789662,98716376.736364,98716376.719618,0.000273,505562.838901,599983.3125469714,252781.41945400002,659169.4069842721,1671066.9292104973,False,True
1410,4,1,1,NORMAL,0.05001550048818727,0.0494471929515077,0.05001550048818727,1.0,3300000000.0,6700000000.000002,165051151.611018,78887480.427,1581660.025683,172427868.339478,58087291.023294,98792211.169916,98792211.153153,0.000273,505562.89025299996,599983.4785853312,252781.445135,659686.998003416,1672410.8922019973,False,True
1411,4,1,1,NORMAL,0.05005471456866364,0.04948638789455002,0.05005471456866364,1.0,3300000000.0,6700000000.000002,165180558.07659,78955703.822165,1584035.830686,172547932.119666,58144174.272514,98868045.611089,98868045.594314,0.000246,505562.9410960001,599983.6429716724,252781.47055400006,660204.606444072,1673754.8555619973,False,True
1412,4,1,1,NORMAL,0.05009392996896545,0.04952558415741553,0.05009392996896545,1.0,3300000000.0,6700000000.000002,165309968.897586,79023940.306555,1586413.497015,172667995.902014,58201057.537162,98943880.059817,98943880.043024,0.000246,505562.9914299999,599983.8057224307,252781.49572399998,660722.23230636,1675098.8192864973,False,True
1413,4,1,1,NORMAL,0.0501331466891003,0.049564781740104875,0.0501331466891003,1.0,3300000000.0,6700000000.000002,165439384.074031,79092189.88263,1588793.024733,172788059.686528,58257940.817087,99019714.516015,99019714.499212,0.000246,505563.041264,599983.966853879,252781.520637,661239.875590344,1676442.7833719973,False,True
1414,4,1,1,NORMAL,0.05017236472907546,0.04960398064261911,0.05017236472907546,1.0,3300000000.0,6700000000.000002,165568803.605949,79160452.552847,1591174.413902,172908123.473186,58314824.112136,99095548.97962,99095548.962798,0.000246,505563.0906050001,599984.1263821279,252781.54531199997,661757.536296124,1677786.7478144972,False,True
1415,4,1,1,NORMAL,0.0502115840889,0.049643180864959814,0.0502115840889,1.0,3300000000.0,6700000000.000002,165698227.49337,79228728.319663,1593557.664585,173028187.261967,58371707.42216,99171383.450549,99171383.433712,0.000246,505563.1394529999,599984.2843231276,252781.569734,662275.214423796,1679130.7126109973,False,True
1416,4,1,1,NORMAL,0.050250804768581514,0.04968238240712896,0.050250804768581514,1.0,3300000000.0,6700000000.000002,165827655.736319,79297017.18554,1595942.776845,173148251.052849,58428590.747009,99247217.92873,99247217.911882,0.000246,505563.187813,599984.4406926701,252781.593912,662792.90997348,1680474.6777579973,False,True
1417,4,1,1,NORMAL,0.05029002676812819,0.04972158526912891,0.05029002676812819,1.0,3300000000.0,6700000000.000002,165957088.334823,79365319.152941,1598329.750744,173268314.845812,58485474.086535,99323052.414094,99323052.397233,0.000246,505563.235693,599984.59550639,252781.617853,663310.6229452761,1681818.6432514973,False,True
1418,4,1,1,NORMAL,0.0503292500875494,0.049760789450962496,0.0503292500875494,1.0,3300000000.0,6700000000.000002,166086525.288913,79433634.224327,1600718.586345,173388378.640859,58542357.440593,99398886.906569,99398886.889695,0.000222,505563.28309899993,599984.7487797664,252781.64155600002,663828.3533392921,1683162.6090884972,False,True
1419,4,1,1,NORMAL,0.05036847472685485,0.04979999495263297,0.05036847472685485,1.0,3300000000.0,6700000000.000002,166215966.598621,79501962.402163,1603109.283711,173508442.437922,58599240.809039,99474721.406082,99474721.389197,0.000222,505563.3300329999,599984.9005281243,252781.66502199997,664346.1011556521,1684506.5752654972,False,True
1420,4,1,1,NORMAL,0.05040770068605334,0.04983920177414397,0.05040770068605334,1.0,3300000000.0,6700000000.000002,166345412.263976,79570303.688913,1605501.842904,173628506.237004,58656124.191729,99550555.912564,99550555.895669,0.000222,505563.37649800006,599985.0507666364,252781.68825400004,664863.8663944841,1685850.5417789973,False,True
1421,4,1,1,NORMAL,0.05044692796515485,0.04987840991549951,0.05044692796515485,1.0,3300000000.0,6700000000.000002,166474862.285011,79638658.087042,1607896.263987,173748570.038085,58713007.58852,99626390.425949,99626390.409041,0.000222,505563.42250100005,599985.1995103244,252781.71125700002,665381.649055904,1687194.5086254973,False,True
1422,4,1,1,NORMAL,0.050486156564169694,0.04991761937670404,0.050486156564169694,1.0,3300000000.0,6700000000.000002,166604316.66176,79707025.599017,1610292.547022,173868633.841145,58769890.999274,99702224.946165,99702224.929245,0.000222,505563.468048,599985.3467740607,252781.73403000002,665899.449140044,1688538.4758019974,False,True
1423,4,1,1,NORMAL,0.050525386483108184,0.04995683015776237,0.050525386483108184,1.0,3300000000.0,6700000000.000002,166733775.394257,79775406.227306,1612690.692072,173988697.646164,58826774.423849,99778059.473147,99778059.456213,0.000222,505563.51313800004,599985.4925725696,252781.75657599999,666417.26664704,1689882.4433049974,False,True
1424,4,1,1,NORMAL,0.050564617721982424,0.0499960422586798,0.050564617721982424,1.0,3300000000.0,6700000000.000002,166863238.482542,79843799.974375,1615090.6992,174108761.453123,58883657.86211,99853894.006825,99853893.989878,0.000222,505563.55778300005,599985.6369204288,252781.778898,666935.101577028,1691226.4111314975,False,True
1425,4,1,1,NORMAL,0.05060385028080333,0.05003525567946196,0.05060385028080333,1.0,3300000000.0,6700000000.000002,166992705.926651,79912206.842695,1617492.568468,174228825.262025,58940541.313921,99929728.547133,99929728.530171,0.0002,505563.601983,599985.7798320713,252781.800999,667452.9539301681,1692570.3792779974,False,True
1426,4,1,1,NORMAL,0.05064308415958212,0.050074470420114876,0.05064308415958212,1.0,3300000000.0,6700000000.000002,167122177.726621,79980626.834738,1619896.29994,174348889.072807,58997424.779147,100005563.094003,100005563.077028,0.0002,505563.6457430001,599985.9213217862,252781.822878,667970.8237066041,1693914.3477414974,False,True
1427,4,1,1,NORMAL,0.05068231935833121,0.050113686480644966,0.05068231935833121,1.0,3300000000.0,6700000000.000002,167251653.882493,80049059.952971,1622301.893677,174468952.885471,59054308.257653,100081397.647373,100081397.630384,0.0002,505563.68906600005,599986.0614037208,252781.84454,668488.710906484,1695258.3165184974,False,True
1428,4,1,1,NORMAL,0.050721555877062424,0.050152903861059,0.050721555877062424,1.0,3300000000.0,6700000000.000002,167381134.394306,80117506.19987,1624709.349743,174589016.7,59111191.749308,100157232.207173,100157232.190176,0.0002,505563.73195999995,599986.2000918811,252781.865984,669006.615529972,1696602.2856064974,False,True
1429,4,1,1,NORMAL,0.05076079371578849,0.050192122561364134,0.05076079371578849,1.0,3300000000.0,6700000000.000002,167510619.262102,80185965.577906,1627118.6682,174709080.516374,59168075.253981,100233066.773347,100233066.756337,0.0002,505563.774429,599986.3374001345,252781.887221,669524.5375772241,1697946.2550019973,False,True
1430,4,1,1,NORMAL,0.05080003287452273,0.05023134258156792,0.05080003287452273,1.0,3300000000.0,6700000000.000002,167640108.485925,80254438.089553,1629529.84911,174829144.334575,59224958.771542,100308901.345827,100308901.328805,0.0002,505563.816472,599986.4733422097,252781.908242,670042.477048408,1699290.2247019974,False,True
1431,4,1,1,NORMAL,0.05083927335327848,0.05027056392167828,0.05083927335327848,1.0,3300000000.0,6700000000.000002,167769602.065819,80322923.737285,1631942.892537,174949208.154585,59281842.301864,100384735.92455,100384735.907517,0.0002,505563.85809899995,599986.6079316994,252781.92905500002,670560.4339436999,1700634.1947034975,False,True
1432,4,1,1,NORMAL,0.05087851515206848,0.05030978658170346,0.05087851515206848,1.0,3300000000.0,6700000000.000002,167899100.001826,80391422.52358,1634357.798543,175069271.976406,59338725.844818,100460570.509456,100460570.492412,0.00018,505563.8993110001,599986.7411820609,252781.949661,671078.408263276,1701978.1650034974,False,True
1433,4,1,1,NORMAL,0.05091775827090697,0.05034901056165208,0.05091775827090697,1.0,3300000000.0,6700000000.000002,168028602.293993,80459934.450914,1636774.567191,175189335.79998,59395609.40028,100536405.10048,100536405.083427,0.00018,505563.940111,599986.8731066172,252781.97006,671596.4000073039,1703322.1355989974,False,True
1434,4,1,1,NORMAL,0.05095700270980818,0.05038823586153312,0.05095700270980818,1.0,3300000000.0,6700000000.000002,168158108.942367,80528459.521763,1639193.198543,175309399.625309,59452492.968124,100612239.697565,100612239.680501,0.00018,505563.98050500004,599987.0037185596,252781.99025799998,672114.409175972,1704666.1064869973,False,True
1435,4,1,1,NORMAL,0.05099624846878636,0.05042746248135591,0.05099624846878636,1.0,3300000000.0,6700000000.000002,168287619.946995,80596997.738607,1641613.692662,175429463.452376,59509376.548227,100688074.300653,100688074.283573,0.00018,505564.0205,599987.1330309475,252782.01025799997,672632.435769468,1706010.0776644973,False,True
1436,4,1,1,NORMAL,0.051035495547856365,0.05046669042113014,0.051035495547856365,1.0,3300000000.0,6700000000.000002,168417135.307926,80665549.103927,1644036.049611,175549527.281164,59566260.14047,100763908.909677,100763908.892584,0.00018,505564.060097,599987.2610567105,252782.030055,673150.47978798,1707354.0491289974,False,True
1437,4,1,1,NORMAL,0.05107474394703333,0.05050591968086583,0.05107474394703333,1.0,3300000000.0,6700000000.000002,168546655.02521,80734113.6202,1646460.269452,175669591.111655,59623143.744729,100839743.524583,100839743.507474,0.00018,505564.099296,599987.3878086496,252782.04965600002,673668.5412317041,1708698.0208774973,False,True
1438,4,1,1,NORMAL,0.05111399366633273,0.05054515026057338,0.05111399366633273,1.0,3300000000.0,6700000000.000002,168676179.098898,80802691.28991,1648886.352248,175789654.943833,59680027.360886,100915578.145309,100915578.128188,0.00018,505564.13810999994,599987.5132994388,252782.069061,674186.62010084,1710041.9929069972,False,True
1439,4,1,1,NORMAL,0.05115324470577091,0.05058438216026355,0.05115324470577091,1.0,3300000000.0,6700000000.000002,168805707.529044,80871282.115536,1651314.298062,175909718.777699,59736910.988824,100991412.771794,100991412.754667,0.000162,505564.1765359999,599987.6375416252,252782.088271,674704.716395592,1711385.9652149973,False,True
1440,4,1,1,NORMAL,0.05119249706536273,0.050623615379947376,0.05119249706536273,1.0,3300000000.0,6700000000.000002,168935240.315697,80939886.099562,1653744.106956,176029782.6132,59793794.628423,101067247.40399,101067247.386851,0.000162,505564.21458,599987.760547632,252782.10729599997,675222.830116176,1712729.9377984973,False,True
1441,4,1,1,NORMAL,0.05123175074512424,0.05066284991963621,0.05123175074512424,1.0,3300000000.0,6700000000.000002,169064777.45891,81008503.244473,1656175.778993,176149846.450338,59850678.279567,101143082.041836,101143082.024684,0.000162,505564.252243,599987.8823297583,252782.12612800003,675740.961262788,1714073.9106544973,False,True
1442,4,1,1,NORMAL,0.05127100574507273,0.05070208577934179,0.05127100574507273,1.0,3300000000.0,6700000000.000002,169194318.95874,81077133.55275,1658609.314235,176269910.289096,59907561.942141,101218916.685278,101218916.668112,0.000162,505564.28953399986,599988.002900181,252782.14477399996,676259.10983564,1715417.8837804974,False,True
1443,4,1,1,NORMAL,0.05131026206522455,0.05074132295907617,0.05131026206522455,1.0,3300000000.0,6700000000.000002,169323864.815241,81145777.026882,1661044.712746,176389974.129459,59964445.616033,101294751.334258,101294751.317075,0.000162,505564.3264530001,599988.1222709556,252782.16323499999,676777.27583496,1716761.8571739974,False,True
1444,4,1,1,NORMAL,0.05134951970559637,0.05078056145885167,0.05134951970559637,1.0,3300000000.0,6700000000.000002,169453415.028468,81214433.669356,1663481.974588,176510037.97141,60021329.301129,101370585.988721,101370585.971523,0.000162,505564.363005,599988.2404540179,252782.18151000002,677295.4592609641,1718105.8308319973,False,True
1445,4,1,1,NORMAL,0.051388778666206364,0.05081980127868101,0.051388778666206364,1.0,3300000000.0,6700000000.000002,169582969.598481,81283103.482658,1665921.099823,176630101.814934,60078212.997319,101446420.64861,101446420.631398,0.000162,505564.399192,599988.357461185,252782.19960300002,677813.660113872,1719449.8047524972,False,True
1446,4,1,1,NORMAL,0.05142803894707243,0.050859042418577236,0.05142803894707243,1.0,3300000000.0,6700000000.000002,169712528.525339,81351786.469273,1668362.088514,176750165.66003,60135096.704493,101522255.313872,101522255.296647,0.000146,505564.435019,599988.4733041562,252782.21751600003,678331.878393924,1720793.7789324971,False,True
1447,4,1,1,NORMAL,0.051467300548210915,0.0508982848785536,0.051467300548210915,1.0,3300000000.0,6700000000.000002,169842091.809096,81420482.631696,1670804.940724,176870229.506652,60191980.422541,101598089.984454,101598089.967216,0.000146,505564.47049100004,599988.5879945148,252782.23525199998,678850.114101356,1722137.7533694971,False,True
1448,4,1,1,NORMAL,0.0515065634696406,0.05093752865862373,0.0515065634696406,1.0,3300000000.0,6700000000.000002,169971659.449814,81489191.972411,1673249.656516,176990293.3548,60248864.151352,101673924.660308,101673924.643054,0.000146,505564.50561,599988.7015437282,252782.252813,679368.3672363841,1723481.7280604972,False,True
1449,4,1,1,NORMAL,0.051545827711379395,0.05097677375880151,0.051545827711379395,1.0,3300000000.0,6700000000.000002,170101231.447552,81557914.493914,1675696.235952,177110357.204459,60305747.890822,101749759.341376,101749759.324109,0.000146,505564.540381,599988.8139631507,252782.27019700003,679886.637799256,1724825.703003497,False,True
1450,4,1,1,NORMAL,0.05158509327344667,0.0510160201791012,0.05158509327344667,1.0,3300000000.0,6700000000.000002,170230807.802374,81626650.198693,1678144.679095,177230421.055614,60362631.640844,101825594.027607,101825594.010326,0.000146,505564.57480199996,599988.9252640227,252782.28740800003,680404.925790208,1726169.6781959971,False,True
1451,4,1,1,NORMAL,0.05162436015586151,0.05105526791953736,0.05162436015586151,1.0,3300000000.0,6700000000.000002,170360388.514343,81695399.089241,1680594.986008,177350484.90825,60419515.401315,101901428.718946,101901428.701656,0.000146,505564.60888300004,599989.0354574731,252782.30444600002,680923.231209496,1727513.653634997,False,True
1452,4,1,1,NORMAL,0.051663628358642126,0.051094516980124766,0.051663628358642126,1.0,3300000000.0,6700000000.000002,170489973.583519,81764161.168051,1683047.156753,177470548.762352,60476399.172127,101977263.41535,101977263.398047,0.000146,505564.642623,599989.1445545201,252782.32131800003,681441.554057372,1728857.6293184971,False,True
1453,4,1,1,NORMAL,0.05170289788180849,0.05113376736087856,0.05170289788180849,1.0,3300000000.0,6700000000.000002,170619563.009968,81832936.437618,1685501.191393,177590612.61792,60533282.95318,102053098.116764,102053098.099448,0.000132,505564.676029,599989.2525660726,252782.33802100003,681959.8943340761,1730201.6052439972,False,True
1454,4,1,1,NORMAL,0.0517421687253797,0.05117301906181412,0.0517421687253797,1.0,3300000000.0,6700000000.000002,170749156.793753,81901724.900436,1687957.089991,177710676.474911,60590166.744371,102128932.823141,102128932.805811,0.000132,505564.709104,599989.3595029304,252782.35455899997,682478.2520398721,1731545.581408997,False,True
1455,4,1,1,NORMAL,0.05178144088937666,0.051212272082947194,0.05178144088937666,1.0,3300000000.0,6700000000.000002,170878754.934943,81970526.559001,1690414.852609,177830740.333325,60647050.545601,102204767.534425,102204767.517087,0.000132,505564.741848,599989.4653757865,252782.370928,682996.627175012,1732889.5578109971,False,True
1456,4,1,1,NORMAL,0.05182071437381879,0.05125152642429375,0.05182071437381879,1.0,3300000000.0,6700000000.000002,171008357.433602,82039341.415808,1692874.47931,177950804.193148,60703934.356767,102280602.250577,102280602.233223,0.000132,505564.7742659999,599989.5701952267,252782.387141,683515.019739772,1734233.534447997,False,True
1457,4,1,1,NORMAL,0.05185998917872666,0.05129078208587007,0.05185998917872666,1.0,3300000000.0,6700000000.000002,171137964.289798,82108169.473356,1695335.970157,178070868.054366,60760818.177773,102356436.97154,102356436.954174,0.000132,505564.806362,599989.673971732,252782.40318700005,684033.429734408,1735577.5113174971,False,True
1458,4,1,1,NORMAL,0.05189926530412061,0.05133003906769269,0.05189926530412061,1.0,3300000000.0,6700000000.000002,171267575.503598,82177010.734141,1697799.325212,178190931.916964,60817702.008519,102432271.697272,102432271.679892,0.000132,505564.83813799993,599989.7767156793,252782.41907600002,684551.857159192,1736921.488416997,False,True
1459,4,1,1,NORMAL,0.051938542750021514,0.05136929736977843,0.051938542750021514,1.0,3300000000.0,6700000000.000002,171397191.075071,82245865.200666,1700264.544538,178310995.780929,60874585.84891,102508106.427725,102508106.410328,0.000132,505564.869601,599989.878437342,252782.43480900006,685070.302014392,1738265.465744497,False,True
1460,4,1,1,NORMAL,0.05197782151645152,0.051408556992144444,0.05197782151645152,1.0,3300000000.0,6700000000.000002,171526811.00429,82314732.875426,1702731.628198,178431059.646261,60931469.698849,102583941.162849,102583941.145435,0.000119,505564.900747,599989.9791468912,252782.450382,685588.7643002841,1739609.443297497,False,True
1461,4,1,1,NORMAL,0.0520171016034303,0.05144781793480805,0.0520171016034303,1.0,3300000000.0,6700000000.000002,171656435.29132,82383613.760924,1705200.576254,178551123.51292,60988353.55824,102659775.9026,102659775.88517,0.000119,505564.9315859999,599990.0788543968,252782.46580099998,686107.24401716,1740953.421073997,False,True
1462,4,1,1,NORMAL,0.052056383010980305,0.05148708019778691,0.052056383010980305,1.0,3300000000.0,6700000000.000002,171786063.936235,82452507.859661,1707671.388769,178671187.380906,61045237.42699,102735610.646928,102735610.629483,0.000119,505564.96211299987,599990.1775698289,252782.481064,686625.74116528,1742297.399071497,False,True
1463,4,1,1,NORMAL,0.052095665739123026,0.05152634378109892,0.052095665739123026,1.0,3300000000.0,6700000000.000002,171915696.939106,82521415.17414,1710144.065806,178791251.250205,61102121.305007,102811445.395789,102811445.378331,0.000119,505564.9923410001,599990.2753030581,252782.49617699994,687144.25574494,1743641.377287997,False,True
1464,4,1,1,NORMAL,0.05213494978788061,0.05156560868476225,0.05213494978788061,1.0,3300000000.0,6700000000.000002,172045334.300006,82590335.706862,1712618.607427,178911315.120805,61159005.192196,102887280.149142,102887280.131668,0.000119,505565.02226799994,599990.3720638566,252782.51114199997,687662.7877564239,1744985.3557209969,False,True
1465,4,1,1,NORMAL,0.052174235157274845,0.051604874908795326,0.052174235157274845,1.0,3300000000.0,6700000000.000002,172174976.019007,82659269.460334,1715095.013695,179031378.992692,61215889.088469,102963114.906939,102963114.889448,0.000119,505565.05189699994,599990.4678619,252782.52595699998,688181.337200024,1746329.334368497,False,True
1466,4,1,1,NORMAL,0.052213521847329095,0.051644142453216864,0.052213521847329095,1.0,3300000000.0,6700000000.000002,172304622.096186,82728216.437057,1717573.284673,179151442.865854,61272772.993734,103038949.669132,103038949.65163,0.000119,505565.081229,599990.562706767,252782.54062000004,688699.904076028,1747673.3132284968,False,True
1467,4,1,1,NORMAL,0.052252809858065456,0.05168341131804581,0.052252809858065456,1.0,3300000000.0,6700000000.000002,172434272.531616,82797176.639539,1720053.420424,179271506.740289,61329656.907902,103114784.435683,103114784.418167,0.000108,505565.110272,599990.6566079413,252782.55514300006,689218.488384744,1749017.2922989968,False,True
1468,4,1,1,NORMAL,0.052292099189506364,0.05172268150330133,0.052292099189506364,1.0,3300000000.0,6700000000.000002,172563927.325371,82866150.070285,1722535.42101,179391570.615963,61386540.830883,103190619.206546,103190619.189018,0.000108,505565.1390239999,599990.7495748124,252782.569518,689737.090126464,1750361.2715774968,False,True
1469,4,1,1,NORMAL,0.05233138984167545,0.05176195300900289,0.05233138984167545,1.0,3300000000.0,6700000000.000002,172693586.477529,82935136.731804,1725019.286493,179511634.492874,61443424.762592,103266453.98168,103266453.964136,0.000108,505565.1674919999,599990.8416166758,252782.583754,690255.709301484,1751705.2510624968,False,True
1470,4,1,1,NORMAL,0.05237068181459576,0.051801225835170175,0.05237068181459576,1.0,3300000000.0,6700000000.000002,172823249.988166,83004136.626598,1727505.016937,179631698.371009,61500308.702938,103342288.761046,103342288.743485,0.000108,505565.19567700004,599990.9327427354,252782.59784700003,690774.345910116,1753049.2307514967,False,True
1471,4,1,1,NORMAL,0.05240997510829091,0.051840499981823135,0.05240997510829091,1.0,3300000000.0,6700000000.000002,172952917.85736,83073149.757181,1729992.612404,179751762.250357,61557192.651839,103418123.544592,103418123.527019,0.000108,505565.2235780001,599991.0229621028,252782.611795,691292.999952664,1754393.2106424968,False,True
1472,4,1,1,NORMAL,0.052449269722784846,0.05187977544898195,0.052449269722784846,1.0,3300000000.0,6700000000.000002,173082590.08519,83142176.126059,1732482.072957,179871826.130905,61614076.609208,103493958.332285,103493958.314696,0.000108,505565.2512040001,599991.1122837992,252782.62561000002,691811.67142944,1755737.1907334968,False,True
1473,4,1,1,NORMAL,0.05248856565810091,0.051919052236667054,0.05248856565810091,1.0,3300000000.0,6700000000.000002,173212266.671733,83211215.735745,1734973.398659,179991890.012642,61670960.574962,103569793.124077,103569793.106475,0.000108,505565.278553,599991.200716756,252782.639283,692330.36034076,1757081.1710229968,False,True
1474,4,1,1,NORMAL,0.05252786291426363,0.05195833034489909,0.05252786291426363,1.0,3300000000.0,6700000000.000002,173341947.61707,83280268.588748,1737466.589572,180111953.895566,61727844.549016,103645627.91993,103645627.902318,9.8e-05,505565.30563200003,599991.288269816,252782.652821,692849.066686932,1758425.1515084968,False,True
1475,4,1,1,NORMAL,0.05256716149129757,0.051997609773699,0.05256716149129757,1.0,3300000000.0,6700000000.000002,173471632.921282,83349334.687577,1739961.645759,180232017.779645,61784728.531288,103721462.719809,103721462.702179,9.8e-05,505565.33244200004,599991.3749517335,252782.66623,693367.79046828,1759769.1321879968,False,True
1476,4,1,1,NORMAL,0.052606461389227574,0.05203689052308794,0.052606461389227574,1.0,3300000000.0,6700000000.000002,173601322.584451,83418414.034747,1742458.567282,180352081.664877,61841612.521698,103797297.523665,103797297.506023,9.8e-05,505565.35898400005,599991.4607711763,252782.679498,693886.531685128,1761113.1130594967,False,True
1477,4,1,1,NORMAL,0.05264576260807697,0.052076172593087236,0.05264576260807697,1.0,3300000000.0,6700000000.000002,173731016.606654,83487506.632771,1744957.354205,180472145.551251,61898496.520162,103873132.331466,103873132.313809,9.8e-05,505565.385263,599991.5457367256,252782.69263900002,694405.290337804,1762457.0941214967,False,True
1478,4,1,1,NORMAL,0.052685065147871815,0.0521154559837185,0.052685065147871815,1.0,3300000000.0,6700000000.000002,173860714.987977,83556612.484163,1747458.00659,180592209.438756,61955380.526602,103948967.143168,103948967.125496,9.8e-05,505565.41127900005,599991.6298568771,252782.705647,694924.0664266159,1763801.0753719967,False,True
1479,4,1,1,NORMAL,0.05272436900863697,0.05215474069500357,0.05272436900863697,1.0,3300000000.0,6700000000.000002,173990417.728502,83625731.591437,1749960.5245,180712273.32738,62012264.540938,104024801.958733,104024801.941048,9.8e-05,505565.437037,599991.7131400425,252782.718525,695442.859951908,1765145.0568089967,False,True
1480,4,1,1,NORMAL,0.05276367419039727,0.05219402672696446,0.05276367419039727,1.0,3300000000.0,6700000000.000002,174120124.828311,83694863.957108,1752464.907997,180832337.217112,62069148.56309,104100636.778126,104100636.760425,9.8e-05,505565.46253799996,599991.7955945493,252782.731277,695961.670914008,1766489.0384309967,False,True
1481,4,1,1,NORMAL,0.05280298069317879,0.05223331407962345,0.05280298069317879,1.0,3300000000.0,6700000000.000002,174249836.28749,83764009.583693,1754971.157144,180952401.10795,62126032.592982,104176471.601305,104176471.58359,8.9e-05,505565.48778599995,599991.8772286422,252782.7439,696480.499313244,1767833.0202354968,False,True
1482,4,1,1,NORMAL,0.05284228851700728,0.05227260275300306,0.05284228851700728,1.0,3300000000.0,6700000000.000002,174379552.106124,83833168.473707,1757479.272004,181072464.999866,62182916.630537,104252306.428233,104252306.410504,8.9e-05,505565.51278399996,599991.9580504844,252782.756399,696999.34514996,1769177.0022214968,False,True
1483,4,1,1,NORMAL,0.05288159766190788,0.05231189274712595,0.05288159766190788,1.0,3300000000.0,6700000000.000002,174509272.284296,83902340.629671,1759989.25264,181192528.892857,62239800.675678,104328141.258873,104328141.241131,8.9e-05,505565.53753100004,599992.0380681573,252782.768772,697518.2084244961,1770520.9843864967,False,True
1484,4,1,1,NORMAL,0.052920908127907576,0.05235118406201509,0.052920908127907576,1.0,3300000000.0,6700000000.000002,174638996.822095,83971526.054099,1762501.099114,181312592.786913,62296684.72833,104403976.093188,104403976.075432,8.9e-05,505565.5620320001,599992.117289662,252782.78102299996,698037.0891371841,1771864.9667289967,False,True
1485,4,1,1,NORMAL,0.05296021991503182,0.052390476697693596,0.05296021991503182,1.0,3300000000.0,6700000000.000002,174768725.719605,84040724.749513,1765014.811489,181432656.682023,62353568.788418,104479810.931141,104479810.913371,8.9e-05,505565.58628800005,599992.1957229201,252782.793151,698555.98728838,1773208.9492469968,False,True
1486,4,1,1,NORMAL,0.05299953302330758,0.052429770654184825,0.05299953302330758,1.0,3300000000.0,6700000000.000002,174898458.976915,84109936.718432,1767530.389828,181552720.578176,62410452.855869,104555645.772697,104555645.754913,8.9e-05,505565.610306,599992.2733757746,252782.80516,699074.90287842,1774552.9319389968,False,True
1487,4,1,1,NORMAL,0.05303884745276122,0.05246906593151234,0.05303884745276122,1.0,3300000000.0,6700000000.000002,175028196.594112,84179161.963376,1770047.834193,181672784.475363,62467336.930608,104631480.617819,104631480.600022,8.9e-05,505565.634083,599992.3502559898,252782.817048,699593.8359076601,1775896.9148034968,False,True
1488,4,1,1,NORMAL,0.05307816320341939,0.0525083625296999,0.05307816320341939,1.0,3300000000.0,6700000000.000002,175157938.571284,84248400.486867,1772567.144647,181792848.373581,62524221.012563,104707315.466475,104707315.448661,8.1e-05,505565.65762499993,599992.4263712538,252782.828821,700112.786376448,1777240.8978379967,False,True
1489,4,1,1,NORMAL,0.0531174802753091,0.05254766044877147,0.0531174802753091,1.0,3300000000.0,6700000000.000002,175287684.90852,84317652.291427,1775088.321253,181912912.272804,62581105.101663,104783150.318623,104783150.300798,8.1e-05,505565.680931,599992.5017291772,252782.84047099997,700631.754285136,1778584.8810414968,False,True
1490,4,1,1,NORMAL,0.05315679866845758,0.052586959688751225,0.05315679866845758,1.0,3300000000.0,6700000000.000002,175417435.60591,84386917.379578,1777611.364073,182032976.173029,62637989.197836,104858985.174236,104858985.156395,8.1e-05,505565.704006,599992.5763372954,252782.852011,701150.7396340801,1779928.8644119967,False,True
1491,4,1,1,NORMAL,0.05319611838289243,0.05262626024966356,0.05319611838289243,1.0,3300000000.0,6700000000.000002,175547190.663545,84456195.753844,1780136.273171,182153040.074247,62694873.301013,104934820.033272,104934820.01542,8.1e-05,505565.726851,599992.6502030686,252782.863431,701669.74242364,1781272.8479479966,False,True
1492,4,1,1,NORMAL,0.053235439418640916,0.05266556213153307,0.053235439418640916,1.0,3300000000.0,6700000000.000002,175676950.081515,84525487.416748,1782663.048608,182273103.976448,62751757.411123,105010654.895703,105010654.877837,8.1e-05,505565.7494699999,599992.7233338831,252782.874742,702188.76265418,1782616.8316479966,False,True
1493,4,1,1,NORMAL,0.0532747617757303,0.05270486533438451,0.0532747617757303,1.0,3300000000.0,6700000000.000002,175806713.85991,84594792.370816,1785191.690448,182393167.879622,62808641.528097,105086489.761494,105086489.743613,8.1e-05,505565.77186299994,599992.7957370513,252782.885939,702707.80032606,1783960.8155099966,False,True
1494,4,1,1,NORMAL,0.05331408545418818,0.05274416985824282,0.05331408545418818,1.0,3300000000.0,6700000000.000002,175936481.998821,84664110.618574,1787722.198754,182513231.783759,62865525.651867,105162324.630609,105162324.612715,8.1e-05,505565.7940309999,599992.8674198132,252782.89702199996,703226.8554396401,1785304.7995324966,False,True
1495,4,1,1,NORMAL,0.05335341045404303,0.05278347570313316,0.05335341045404303,1.0,3300000000.0,6700000000.000002,176066254.498342,84733442.162546,1790254.573588,182633295.688858,62922409.782364,105238159.50302,105238159.485109,7.3e-05,505565.81598099996,599992.9383893366,252782.907999,703745.927995284,1786648.7837139966,False,True
1496,4,1,1,NORMAL,0.05339273677532364,0.05282278286908093,0.05339273677532364,1.0,3300000000.0,6700000000.000002,176196031.358568,84802787.005262,1792788.815013,182753359.594894,62979293.919525,105313994.378686,105313994.360762,7.3e-05,505565.837713,599993.0086527179,252782.91886300003,704265.0179933681,1787992.7680529966,False,True
1497,4,1,1,NORMAL,0.053432064418057576,0.05286209135611168,0.053432064418057576,1.0,3300000000.0,6700000000.000002,176325812.57959,84872145.149247,1795324.923091,182873423.501865,63036178.06328,105389829.257579,105389829.239643,7.3e-05,505565.85922600003,599993.0782169831,252782.92961899994,704784.1254342721,1789336.7525479966,False,True
1498,4,1,1,NORMAL,0.05347139338227334,0.05290140116425115,0.05347139338227334,1.0,3300000000.0,6700000000.000002,176455598.161502,84941516.597032,1797862.897885,182993487.409761,63093062.213566,105465664.139668,105465664.121719,7.3e-05,505565.88052899996,599993.1470890883,252782.940271,705303.2503183599,1790680.7371969966,False,True
1499,4,1,1,NORMAL,0.05351072366799969,0.05294071229352525,0.05351072366799969,1.0,3300000000.0,6700000000.000002,176585388.104399,85010901.351145,1800402.739458,183113551.318574,63149946.370317,105541499.024919,105541499.006957,7.3e-05,505565.90161700005,599993.2152759202,252782.950815,705822.392646008,1792024.7219989966,False,True
1500,4,1,1,NORMAL,0.05355005527526485,0.05298002474396006,0.05355005527526485,1.0,3300000000.0,6700000000.000002,176715182.408374,85080299.414115,1802944.447873,183233615.228294,63206830.533466,105617333.913305,105617333.895328,7.3e-05,505565.92249500006,599993.282784297,252782.96125500003,706341.552417596,1793368.7069519965,False,True
1501,4,1,1,NORMAL,0.053589388204098184,0.053019338515581875,0.053589388204098184,1.0,3300000000.0,6700000000.000002,176844981.073524,85149710.788475,1805488.023193,183353679.138912,63263714.702953,105693168.804791,105693168.7868,7.3e-05,505565.943168,599993.3496209692,252782.97159100004,706860.729633496,1794712.6920549965,False,True
1502,4,1,1,NORMAL,0.05362872245452879,0.05305865360841717,0.05362872245452879,1.0,3300000000.0,6700000000.000002,176974784.099945,85219135.476753,1808033.46548,183473743.050427,63320598.878713,105769003.699346,105769003.681342,6.6e-05,505565.96363300004,599993.41579262,252782.981823,707379.924294096,1796056.6773059964,False,True
1503,4,1,1,NORMAL,0.05366805802658576,0.053097970022492565,0.05366805802658576,1.0,3300000000.0,6700000000.000002,177104591.487733,85288573.481486,1810580.774797,183593806.962815,63377483.060687,105844838.596935,105844838.578925,6.6e-05,505565.98389599996,599993.4813058662,252782.99195099997,707899.13639978,1797400.6627039965,False,True
1504,4,1,1,NORMAL,0.0537073949202994,0.053137287757834946,0.0537073949202994,1.0,3300000000.0,6700000000.000002,177234403.236988,85358024.805201,1813129.951206,183713870.876075,63434367.24881,105920673.497535,105920673.479514,6.6e-05,505566.003955,599993.5461672589,252783.00198300002,708418.365950932,1798744.6482469966,False,True
1505,4,1,1,NORMAL,0.053746733135697874,0.05317660681447126,0.053746733135697874,1.0,3300000000.0,6700000000.000002,177364219.347803,85427489.450433,1815680.994771,183833934.790198,63491251.443019,105996508.401119,105996508.383081,6.6e-05,505566.0238149999,599993.6103832838,252783.011916,708937.612947952,1800088.6339339965,False,True
1506,4,1,1,NORMAL,0.05378607267281151,0.0532159271924287,0.05378607267281151,1.0,3300000000.0,6700000000.000002,177494039.820278,85496967.419718,1818233.905554,183953998.705176,63548135.643257,106072343.307649,106072343.289599,6.6e-05,505566.04347999993,599993.673960362,252783.02174599998,709456.877391212,1801432.6197634966,False,True
1507,4,1,1,NORMAL,0.05382541353167,0.053255248891734594,0.05382541353167,1.0,3300000000.0,6700000000.000002,177623864.654511,85566458.715589,1820788.683618,184074062.620999,63605019.849462,106148178.217102,106148178.199038,6.6e-05,505566.062948,599993.736904851,252783.03148099998,709976.159281112,1802776.6057339965,False,True
1508,4,1,1,NORMAL,0.05386475571230333,0.053294571912416454,0.05386475571230333,1.0,3300000000.0,6700000000.000002,177753693.850601,85635963.340582,1823345.329025,184194126.53766,63661904.061576,106224013.129444,106224013.111367,6.6e-05,505566.08222100005,599993.799223045,252783.04111700002,710495.458618044,1804120.5918439964,False,True
1509,4,1,1,NORMAL,0.05390409921474121,0.053333896254501925,0.05390409921474121,1.0,3300000000.0,6700000000.000002,177883527.408646,85705481.297232,1825903.841838,184314190.455156,63718788.279537,106299848.044653,106299848.026557,6e-05,505566.10130100005,599993.8609211752,252783.05066,711014.775402404,1805464.5780919965,False,True
1510,4,1,1,NORMAL,0.05394344403901394,0.053373221918018826,0.05394344403901394,1.0,3300000000.0,6700000000.000002,178013365.328746,85775012.588079,1828464.22212,184434254.373467,63775672.503289,106375682.962696,106375682.944583,6e-05,505566.120195,599993.9220054115,252783.060106,711534.1096345839,1806808.5644769964,False,True
1511,4,1,1,NORMAL,0.05398279018515243,0.05341254890299519,0.05398279018515243,1.0,3300000000.0,6700000000.000002,178143207.611003,85844557.215658,1831026.469934,184554318.292591,63832556.732775,106451517.883543,106451517.865414,6e-05,505566.13889799995,599993.9824818616,252783.06945700003,712053.461314984,1808152.5509974963,False,True
1512,4,1,1,NORMAL,0.05402213765318758,0.053451877209459216,0.05402213765318758,1.0,3300000000.0,6700000000.000002,178273054.255519,85914115.182507,1833590.585343,184674382.21252,63889440.967939,106527352.807166,106527352.789022,6e-05,505566.15741700004,599994.0423565729,252783.07871600002,712572.8304440121,1809496.5376519964,False,True
1513,4,1,1,NORMAL,0.05406148644314939,0.05349120683743923,0.05406148644314939,1.0,3300000000.0,6700000000.000002,178402905.262393,85983686.491167,1836156.568409,184794446.133245,63946325.208724,106603187.733535,106603187.715382,6e-05,505566.175749,599994.1016355327,252783.087879,713092.217022076,1810840.5244394965,False,True
1514,4,1,1,NORMAL,0.05410083655506879,0.05353053778696372,0.05410083655506879,1.0,3300000000.0,6700000000.000002,178532760.631727,86053271.144176,1838724.419195,184914510.054759,64003209.455072,106679022.662633,106679022.644463,6e-05,505566.19390300004,599994.1603246685,252783.09695999997,713611.621049572,1812184.5113584965,False,True
1515,4,1,1,NORMAL,0.05414018798897727,0.053569870058061374,0.05414018798897727,1.0,3300000000.0,6700000000.000002,178662620.363625,86122869.144072,1841294.137764,185034573.977054,64060093.706929,106754857.594424,106754857.57624,6e-05,505566.211872,599994.2184298491,252783.10594300003,714131.0425269081,1813528.4984074966,False,True
1516,4,1,1,NORMAL,0.054179540744905455,0.053609203650760995,0.054179540744905455,1.0,3300000000.0,6700000000.000002,178792484.458188,86192480.4934,1843865.724178,185154637.900128,64116977.964241,106830692.528883,106830692.510686,5.4e-05,505566.229665,599994.2759568845,252783.114839,714650.4814545,1814872.4855854965,False,True
1517,4,1,1,NORMAL,0.05421889482288454,0.05364853856509155,0.05421889482288454,1.0,3300000000.0,6700000000.000002,178922352.915519,86262105.194699,1846439.178501,185274701.823962,64173862.226952,106906527.465982,106906527.447775,5.4e-05,505566.24727799994,599994.3329115271,252783.123644,715169.937832752,1816216.4728909966,False,True
1518,4,1,1,NORMAL,0.05425825022294575,0.05368787480108215,0.05425825022294575,1.0,3300000000.0,6700000000.000002,179052225.735721,86331743.250512,1849014.500795,185394765.748554,64230746.495008,106982362.405702,106982362.38748,5.4e-05,505566.264721,599994.3892994723,252783.13236800002,715689.411662076,1817560.4603229966,False,True
1519,4,1,1,NORMAL,0.05429760694512091,0.05372721235876207,0.05429760694512091,1.0,3300000000.0,6700000000.000002,179182102.918899,86401394.663382,1851591.691122,185514829.673896,64287630.768357,107058197.348012,107058197.329773,5.4e-05,505566.28198499995,599994.4451263585,252783.141001,716208.902942884,1818904.4478794965,False,True
1520,4,1,1,NORMAL,0.054336964989441516,0.05376655123816075,0.054336964989441516,1.0,3300000000.0,6700000000.000002,179311984.465157,86471059.435854,1854170.749546,185634893.599981,64344515.046947,107134032.292882,107134032.274632,5.4e-05,505566.299079,599994.5003977681,252783.14954500002,716728.411675596,1820248.4355599964,False,True
1521,4,1,1,NORMAL,0.0543763243559397,0.05380589143930778,0.0543763243559397,1.0,3300000000.0,6700000000.000002,179441870.374601,86540737.570468,1856751.676129,185754957.526801,64401399.330725,107209867.240293,107209867.22203,5.4e-05,505566.3160050001,599994.555119228,252783.158009,717247.937860628,1821592.4233629964,False,True
1522,4,1,1,NORMAL,0.05441568504464667,0.05384523296223287,0.05441568504464667,1.0,3300000000.0,6700000000.000002,179571760.647334,86610429.069773,1859334.470934,185875021.454349,64458283.61964,107285702.190217,107285702.17194,5.4e-05,505566.33275999996,599994.6092962101,252783.166387,717767.481498404,1822936.4112874963,False,True
1523,4,1,1,NORMAL,0.05445504705559485,0.0538845758069659,0.05445504705559485,1.0,3300000000.0,6700000000.000002,179701655.283463,86680133.936313,1861919.134024,185995085.382623,64515167.91364,107361537.14263,107361537.124339,4.9e-05,505566.34935,599994.662934132,252783.17468199998,718287.042589336,1824280.3993319962,False,True
1524,4,1,1,NORMAL,0.05449441038881636,0.053923919973536905,0.05449441038881636,1.0,3300000000.0,6700000000.000002,179831554.283094,86749852.172634,1864505.665462,186115149.311606,64572052.212674,107437372.097506,107437372.0792,4.9e-05,505566.36577100004,599994.716038357,252783.18289300002,718806.621133852,1825624.3874954963,False,True
1525,4,1,1,NORMAL,0.05453377504434363,0.05396326546197605,0.05453377504434363,1.0,3300000000.0,6700000000.000002,179961457.646334,86819583.781282,1867094.06531,186235213.241295,64628936.516693,107513207.05482,107513207.036502,4.9e-05,505566.38203200005,599994.7686141953,252783.191022,719326.2171323759,1826968.3757769964,False,True
1526,4,1,1,NORMAL,0.054573141022208484,0.05400261227231363,0.054573141022208484,1.0,3300000000.0,6700000000.000002,180091365.373288,86889328.764807,1869684.333631,186355277.171684,64685820.825647,107589042.014551,107589041.996217,4.9e-05,505566.398132,599994.8206669044,252783.199074,719845.830585336,1828312.3641749963,False,True
1527,4,1,1,NORMAL,0.05461250832244364,0.054041960404580085,0.05461250832244364,1.0,3300000000.0,6700000000.000002,180221277.464064,86959087.125756,1872276.470488,186475341.102766,64742705.139487,107664876.976673,107664876.958323,4.9e-05,505566.414072,599994.8722016894,252783.20704399995,720365.4614931521,1829656.3526884962,False,True
1528,4,1,1,NORMAL,0.05465187694508121,0.054081309858805965,0.05465187694508121,1.0,3300000000.0,6700000000.000002,180351193.918768,87028858.866678,1874870.475943,186595405.034533,64799589.458163,107740711.941163,107740711.922797,4.9e-05,505566.42985,599994.9232237035,252783.21493299998,720885.109856256,1831000.3413159961,False,True
1529,4,1,1,NORMAL,0.05469124689015515,0.05412066063502204,0.05469124689015515,1.0,3300000000.0,6700000000.000002,180481114.737512,87098643.990122,1877466.35006,186715468.966979,64856473.78163,107816546.907992,107816546.889615,4.9e-05,505566.445473,599994.9737380483,252783.22274199998,721404.775675072,1832344.330056996,False,True
1530,4,1,1,NORMAL,0.05473061815769697,0.05416001273325914,0.05473061815769697,1.0,3300000000.0,6700000000.000002,180611039.9204,87168442.498639,1880064.092901,186835532.900101,64913358.109837,107892381.877146,107892381.858753,4.5e-05,505566.4609419999,599995.0237497756,252783.230479,721924.458950048,1833688.3189099962,False,True
1531,4,1,1,NORMAL,0.05476999074774,0.054199366153548235,0.05476999074774,1.0,3300000000.0,6700000000.000002,180740969.467542,87238254.394781,1882663.704529,186955596.833885,64970242.442739,107968216.848594,107968216.830188,4.5e-05,505566.47625500005,599995.0732638862,252783.23813399998,722444.1596815999,1835032.307873496,False,True
1532,4,1,1,NORMAL,0.05480936466031788,0.054238720895920474,0.05480936466031788,1.0,3300000000.0,6700000000.000002,180870903.379049,87308079.681097,1885265.185007,187075660.768328,65027126.780288,108044051.822319,108044051.803895,4.5e-05,505566.49141600006,599995.122285331,252783.24571699995,722963.877870168,1836376.2969469961,False,True
1533,4,1,1,NORMAL,0.05484873989546364,0.05427807696040714,0.05484873989546364,1.0,3300000000.0,6700000000.000002,181000841.65503,87377918.36014,1887868.534397,187195724.703423,65084011.122439,108119886.798295,108119886.779853,4.5e-05,505566.50642600004,599995.1708190122,252783.253222,723483.613516196,1837720.286129496,False,True
1534,4,1,1,NORMAL,0.0548881164532106,0.054317434347039624,0.0548881164532106,1.0,3300000000.0,6700000000.000002,181130784.295595,87447770.434464,1890473.752763,187315788.639164,65140895.469147,108195721.776495,108195721.758044,4.5e-05,505566.521289,599995.2188697831,252783.260649,724003.36662012,1839064.275419496,False,True
1535,4,1,1,NORMAL,0.054927494333591516,0.05435679305584942,0.054927494333591516,1.0,3300000000.0,6700000000.000002,181260731.300852,87517635.90662,1893080.840167,187435852.575544,65197779.820363,108271556.756907,108271556.738441,4.5e-05,505566.53600100003,599995.2664424483,252783.26800799998,724523.13718238,1840408.264815996,False,True
1536,4,1,1,NORMAL,0.054966873536640606,0.05439615308686821,0.054966873536640606,1.0,3300000000.0,6700000000.000002,181390682.670914,87587514.779165,1895689.796671,187555916.512558,65254664.176045,108347391.739504,108347391.721023,4.5e-05,505566.55057099997,599995.3135417649,252783.275293,725042.925203408,1841752.2543179959,False,True
1537,4,1,1,NORMAL,0.0550062540623909,0.05443551444012774,0.0550062540623909,1.0,3300000000.0,6700000000.000002,181520638.40589,87657407.054651,1898300.622339,187675980.450202,65311548.536147,108423226.724265,108423226.705768,4.1e-05,505566.56499,599995.360172443,252783.28250300002,725562.730683656,1843096.2439244958,False,True
1538,4,1,1,NORMAL,0.05504563591087727,0.05447487711565997,0.05504563591087727,1.0,3300000000.0,6700000000.000002,181650598.505895,87727312.735635,1900913.317233,187796044.388463,65368432.900628,108499061.711162,108499061.692656,4.1e-05,505566.579269,599995.406339145,252783.289639,726082.55362356,1844440.2336344959,False,True
1539,4,1,1,NORMAL,0.05508501908213182,0.05451424111349687,0.05508501908213182,1.0,3300000000.0,6700000000.000002,181780562.971035,87797231.824674,1903527.881416,187916108.327338,65425317.269442,108574896.700182,108574896.681663,4.1e-05,505566.593405,599995.4520464878,252783.296709,726602.39402358,1845784.223446996,False,True
1540,4,1,1,NORMAL,0.0551244035761903,0.054553606433670646,0.0551244035761903,1.0,3300000000.0,6700000000.000002,181910531.801428,87867164.324321,1906144.314952,188036172.266821,65482201.642546,108650731.691302,108650731.672772,4.1e-05,505566.60740300006,599995.4972990417,252783.30370699996,727122.2518841401,1847128.2133604959,False,True
1541,4,1,1,NORMAL,0.05516378939308515,0.054592973076213525,0.05516378939308515,1.0,3300000000.0,6700000000.000002,182040504.997181,87937110.237137,1908762.617902,188156236.206906,65539086.019898,108726566.684501,108726566.665957,4.1e-05,505566.62125799997,599995.542101332,252783.31063599995,727642.127205712,1848472.203374496,False,True
1542,4,1,1,NORMAL,0.05520317653285182,0.05463234104115794,0.05520317653285182,1.0,3300000000.0,6700000000.000002,182170482.558411,88007069.565677,1911382.79033,188276300.147587,65595970.401456,108802401.679755,108802401.661199,4.1e-05,505566.634974,599995.5864578385,252783.317493,728162.019988724,1849816.193487996,False,True
1543,4,1,1,NORMAL,0.05524256499552333,0.054671710328536356,0.05524256499552333,1.0,3300000000.0,6700000000.000002,182300464.485227,88077042.312502,1914004.832298,188396364.088859,65652854.787175,108878236.677051,108878236.658479,4.1e-05,505566.64855800004,599995.630372997,252783.32428700002,728681.930233644,1851160.183699496,False,True
1544,4,1,1,NORMAL,0.05528195478113515,0.054711080938381444,0.05528195478113515,1.0,3300000000.0,6700000000.000002,182430450.777746,88147028.480168,1916628.743869,188516428.030719,65709739.177016,108954071.676364,108954071.657776,3.7e-05,505566.66200400004,599995.6738511986,252783.33101000002,729201.8579409079,1852504.174008496,False,True
1545,4,1,1,NORMAL,0.05532134588972091,0.05475045287072593,0.05532134588972091,1.0,3300000000.0,6700000000.000002,182560441.436079,88217028.071239,1919254.525106,188636491.973153,65766623.570939,109029906.677674,109029906.659071,3.7e-05,505566.67531900003,599995.7168967911,252783.337667,729721.803110984,1853848.164413996,False,True
1546,4,1,1,NORMAL,0.05536073832131546,0.054789826125602674,0.05536073832131546,1.0,3300000000.0,6700000000.000002,182690436.460341,88287041.088274,1921882.176072,188756555.91616,65823507.968902,109105741.680962,109105741.662342,3.7e-05,505566.688499,599995.759514079,252783.34425799997,730241.765744316,1855192.1549149961,False,True
1547,4,1,1,NORMAL,0.05540013207595424,0.054829200703044714,0.05540013207595424,1.0,3300000000.0,6700000000.000002,182820435.850649,88357067.533832,1924511.696829,188876619.859734,65880392.370866,109181576.686206,109181576.667571,3.7e-05,505566.701549,599995.8017073236,252783.350782,730761.745841364,1856536.145510496,False,True
1548,4,1,1,NORMAL,0.05543952715367152,0.05486857660308516,0.05543952715367152,1.0,3300000000.0,6700000000.000002,182950439.607116,88427107.410476,1927143.087441,188996683.80387,65937276.77679,109257411.693388,109257411.674738,3.7e-05,505566.71446900006,599995.8434807443,252783.35724200006,731281.743402596,1857880.1361994962,False,True
1549,4,1,1,NORMAL,0.055478923554501826,0.05490795382575721,0.055478923554501826,1.0,3300000000.0,6700000000.000002,183080447.729856,88497160.720768,1929776.34797,189116747.748561,65994161.186635,109333246.702489,109333246.683824,3.7e-05,505566.727259,599995.8848385182,252783.36363700003,731801.7584284641,1859224.1269809962,False,True
1550,4,1,1,NORMAL,0.05551832127848061,0.054947332371094205,0.05551832127848061,1.0,3300000000.0,6700000000.000002,183210460.218986,88567227.467272,1932411.478478,189236811.693803,66051045.600363,109409081.713487,109409081.694811,3.7e-05,505566.739925,599995.9257847812,252783.36996799996,732321.790919424,1860568.1178544962,False,True
1551,4,1,1,NORMAL,0.055557720325642726,0.05498671223912959,0.055557720325642726,1.0,3300000000.0,6700000000.000002,183340477.074621,88637307.652551,1935048.479029,189356875.639593,66107930.017934,109484916.726365,109484916.707677,3.4e-05,505566.75246000005,599995.9663236273,252783.37623599998,732841.840875944,1861912.1088184963,False,True
1552,4,1,1,NORMAL,0.055597120696022725,0.055026093429896894,0.055597120696022725,1.0,3300000000.0,6700000000.000002,183470498.296875,88707401.27917,1937687.349686,189476939.585919,66164814.43931,109560751.741108,109560751.722405,3.4e-05,505566.764875,599996.0064591108,252783.38244500002,733361.9082984839,1863256.0998724964,False,True
1553,4,1,1,NORMAL,0.055636522389656974,0.05506547594342981,0.055636522389656974,1.0,3300000000.0,6700000000.000002,183600523.885868,88777508.349691,1940328.090511,189597003.532779,66221698.864454,109636586.757693,109636586.738976,3.4e-05,505566.7771639999,599996.0461952446,252783.38858899998,733881.9931875,1864600.0910154965,False,True
1554,4,1,1,NORMAL,0.055675925406579396,0.05510485977976204,0.055675925406579396,1.0,3300000000.0,6700000000.000002,183730553.841712,88847628.866684,1942970.701567,189717067.480168,66278583.293327,109712421.776102,109712421.757374,3.4e-05,505566.78933100007,599996.0855360026,252783.39467099996,734402.0955434721,1865944.0822464966,False,True
1555,4,1,1,NORMAL,0.05571532974682697,0.05514424493892752,0.05571532974682697,1.0,3300000000.0,6700000000.000002,183860588.164529,88917762.832712,1945615.182917,189837131.428081,66335467.725894,109788256.796315,109788256.777579,3.4e-05,505566.80137799995,599996.1244853187,252783.400693,734922.215366848,1867288.0735649965,False,True
1556,4,1,1,NORMAL,0.05575473541043394,0.055183631420960194,0.05575473541043394,1.0,3300000000.0,6700000000.000002,183990626.854432,88987910.250343,1948261.534624,189957195.376512,66392352.162117,109864091.818321,109864091.799571,3.4e-05,505566.8133060001,599996.1630470874,252783.40666,735442.352658116,1868632.0649699965,False,True
1557,4,1,1,NORMAL,0.055794142397435756,0.0552230192258941,0.055794142397435756,1.0,3300000000.0,6700000000.000002,184120669.911538,89058071.122143,1950909.75675,190077259.325456,66449236.601957,109939926.8421,109939926.823335,3.4e-05,505566.825111,599996.201225165,252783.412563,735962.507417728,1869976.0564604965,False,True
1558,4,1,1,NORMAL,0.0558335507078694,0.055262408353763476,0.0558335507078694,1.0,3300000000.0,6700000000.000002,184250717.335969,89128245.450679,1953559.849359,190197323.274911,66506121.045381,110015761.867632,110015761.848853,3.1e-05,505566.836802,599996.2390233693,252783.41840799997,736482.6796461521,1871320.0480354966,False,True
1559,4,1,1,NORMAL,0.0558729603417697,0.05530179880460259,0.0558729603417697,1.0,3300000000.0,6700000000.000002,184380769.12784,89198433.238522,1956211.812513,190317387.224866,66563005.492353,110091596.894901,110091596.876105,3.1e-05,505566.848375,599996.2764454797,252783.424196,737002.869343876,1872664.0396944967,False,True
1560,4,1,1,NORMAL,0.05591237129917363,0.055341190578445894,0.05591237129917363,1.0,3300000000.0,6700000000.000002,184510825.287273,89268634.48824,1958865.646275,190437451.175319,66619889.94284,110167431.923884,110167431.905076,3.1e-05,505566.859834,599996.3134952387,252783.42992300002,737523.07651136,1874008.0314364966,False,True
1561,4,1,1,NORMAL,0.05595178358011606,0.055380583675327846,0.05595178358011606,1.0,3300000000.0,6700000000.000002,184640885.814383,89338849.202402,1961521.350708,190557515.126265,66676774.396803,110243266.954571,110243266.93575,3.1e-05,505566.871179,599996.3501763508,252783.43559600002,738043.3011490919,1875352.0232604966,False,True
1562,4,1,1,NORMAL,0.05599119718463304,0.055419978095283026,0.05599119718463304,1.0,3300000000.0,6700000000.000002,184770950.709289,89409077.383581,1964178.925874,190677579.077699,66733658.85421,110319101.986942,110319101.968109,3.1e-05,505566.882412,599996.3864924841,252783.44121200003,738563.5432575321,1876696.0151659965,False,True
1563,4,1,1,NORMAL,0.05603061211276121,0.05545937383834614,0.05603061211276121,1.0,3300000000.0,6700000000.000002,184901019.972112,89479319.034345,1966838.371837,190797643.029616,66790543.315026,110394937.02098,110394937.002136,3.1e-05,505566.89353099995,599996.4224472704,252783.446771,739083.8028371561,1878040.0071519965,False,True
1564,4,1,1,NORMAL,0.05607002836453637,0.055498770904551964,0.05607002836453637,1.0,3300000000.0,6700000000.000002,185031093.60297,89549574.157266,1969499.688659,190917706.982011,66847427.779216,110470772.056672,110470772.037814,3.1e-05,505566.90454,599996.4580443046,252783.452277,739604.079888448,1879383.9992174965,False,True
1565,4,1,1,NORMAL,0.05610944593999515,0.0555381692939354,0.05610944593999515,1.0,3300000000.0,6700000000.000002,185161171.601984,89619842.754918,1972162.876403,191037770.934883,66904312.246748,110546607.093996,110546607.075128,2.8e-05,505566.91544,599996.4932871467,252783.45772500004,740124.37441188,1880727.9913619964,False,True
1566,4,1,1,NORMAL,0.056148864839173945,0.05557756900653144,0.056148864839173945,1.0,3300000000.0,6700000000.000002,185291253.969274,89690124.829873,1974827.935132,191157834.888221,66961196.717589,110622442.132938,110622442.11406,2.8e-05,505566.92623199994,599996.5281793206,252783.463121,740644.686407936,1882071.9835849963,False,True
1567,4,1,1,NORMAL,0.05618828506210939,0.05561697004237519,0.05618828506210939,1.0,3300000000.0,6700000000.000002,185421340.704961,89760420.384701,1977494.864909,191277898.842023,67018081.191703,110698277.173487,110698277.154595,2.8e-05,505566.9369160001,599996.5627243158,252783.46846499995,741165.0158770961,1883415.9758849964,False,True
1568,4,1,1,NORMAL,0.056227706608837275,0.05565637240150177,0.056227706608837275,1.0,3300000000.0,6700000000.000002,185551431.809163,89830729.421982,1980163.665797,191397962.796285,67074965.669061,110774112.215619,110774112.196716,2.8e-05,505566.9474930001,599996.5969255862,252783.47375199996,741685.362819844,1884759.9682619963,False,True
1569,4,1,1,NORMAL,0.056267129479394544,0.05569577608394647,0.056267129479394544,1.0,3300000000.0,6700000000.000002,185681527.282002,89901051.944287,1982834.337858,191518026.751002,67131850.149629,110849947.259322,110849947.240409,2.8e-05,505566.957966,599996.6307865522,252783.478988,742205.727236652,1886103.9607144962,False,True
1570,4,1,1,NORMAL,0.05630655367381788,0.05573518108974463,0.05630655367381788,1.0,3300000000.0,6700000000.000002,185811627.123599,89971387.954192,1985506.881155,191638090.70617,67188734.633374,110925782.304584,110925782.285655,2.8e-05,505566.9683339999,599996.6643105999,252783.48417500002,742726.109128008,1887447.9532424961,False,True
1571,4,1,1,NORMAL,0.056345979192144235,0.0557745874189317,0.056345979192144235,1.0,3300000000.0,6700000000.000002,185941731.334076,90041737.454274,1988181.295751,191758154.661784,67245619.120267,111001617.351385,111001617.332442,2.8e-05,505566.978602,599996.6975010813,252783.48930799996,743246.508494396,1888791.9458444961,False,True
1572,4,1,1,NORMAL,0.05638540603441031,0.05581399507154323,0.05638540603441031,1.0,3300000000.0,6700000000.000002,186071839.913554,90112100.447106,1990857.581709,191878218.617841,67302503.610274,111077452.399713,111077452.380753,2.6e-05,505566.988763,599996.7303613154,252783.49439,743766.925336304,1890135.9385199961,False,True
1573,4,1,1,NORMAL,0.056424834200653334,0.05585340404761485,0.056424834200653334,1.0,3300000000.0,6700000000.000002,186201952.862156,90182476.935269,1993535.739092,191998282.574334,67359388.103367,111153287.449546,111153287.430573,2.6e-05,505566.99882499996,599996.7628945884,252783.49941899997,744287.3596542161,1891479.9312684962,False,True
1574,4,1,1,NORMAL,0.0564642636909097,0.05589281434718226,0.0564642636909097,1.0,3300000000.0,6700000000.000002,186332070.180002,90252866.921339,1996215.767963,192118346.53126,67416272.599513,111229122.500877,111229122.481887,2.6e-05,505567.008789,599996.7951041533,252783.50440299997,744807.811448624,1892823.9240889961,False,True
1575,4,1,1,NORMAL,0.05650369450521667,0.05593222597028126,0.05650369450521667,1.0,3300000000.0,6700000000.000002,186462191.867215,90323270.407894,1998897.668384,192238410.488614,67473157.098682,111304957.553688,111304957.53468,2.6e-05,505567.01865,599996.8269932312,252783.50933399997,745328.2807200081,1894167.916980996,False,True
1576,4,1,1,NORMAL,0.05654312664361152,0.05597163891694773,0.05654312664361152,1.0,3300000000.0,6700000000.000002,186592317.923918,90393687.397513,2001581.440419,192358474.446392,67530041.600845,111380792.607961,111380792.588939,2.6e-05,505567.028414,599996.8585650108,252783.514214,745848.76746886,1895511.909943996,False,True
1577,4,1,1,NORMAL,0.056582560106132426,0.05601105318721771,0.056582560106132426,1.0,3300000000.0,6700000000.000002,186722448.350237,90464117.892773,2004267.08413,192478538.404591,67586926.105971,111456627.663682,111456627.644649,2.6e-05,505567.03808100004,599996.8898226492,252783.51904600003,746369.2716956721,1896855.902976996,False,True
1578,4,1,1,NORMAL,0.05662199489281515,0.056050468781127225,0.05662199489281515,1.0,3300000000.0,6700000000.000002,186852583.14629,90534561.896258,2006954.59958,192598602.363205,67643810.614031,111532462.720843,111532462.701792,2.6e-05,505567.047652,599996.920769272,252783.52383500006,746889.793400948,1898199.8960789961,False,True
1579,4,1,1,NORMAL,0.056661431003698186,0.05608988569871245,0.056661431003698186,1.0,3300000000.0,6700000000.000002,186982722.312204,90605019.410546,2009643.986832,192718666.322233,67700695.124997,111608297.779423,111608297.760358,2.4e-05,505567.0571300001,599996.951407974,252783.52857199998,747410.33258516,1899543.889249996,False,True
1580,4,1,1,NORMAL,0.05670086843881758,0.056129303940009555,0.05670086843881758,1.0,3300000000.0,6700000000.000002,187112865.848098,90675490.438222,2012335.245949,192838730.281667,67757579.638838,111684132.83941,111684132.82033,2.4e-05,505567.066509,599996.981741819,252783.533262,747930.8892488161,1900887.882488996,False,True
1581,4,1,1,NORMAL,0.05674030719821212,0.056168723505054884,0.05674030719821212,1.0,3300000000.0,6700000000.000002,187243013.7541,90745974.981865,2015028.376993,192958794.241505,67814464.155527,111759967.90079,111759967.881696,2.4e-05,505567.07580000005,599997.0117738401,252783.537907,748451.463392392,1902231.875794996,False,True
1582,4,1,1,NORMAL,0.056779747281918785,0.056208144393884815,0.056779747281918785,1.0,3300000000.0,6700000000.000002,187373166.030332,90816473.044057,2017723.380028,193078858.201742,67871348.675034,111835802.963551,111835802.944441,2.4e-05,505567.0849939999,599997.0415070405,252783.54250499996,748972.0550164,1903575.869167496,False,True
1583,4,1,1,NORMAL,0.05681918868997576,0.05624756660653585,0.05681918868997576,1.0,3300000000.0,6700000000.000002,187503322.67692,90886984.627381,2020420.255116,193198922.162375,67928233.197333,111911638.027674,111911638.008554,2.4e-05,505567.09410000005,599997.0709443936,252783.54705499997,749492.664121328,1904919.862605996,False,True
1584,4,1,1,NORMAL,0.05685863142242091,0.05628699014304457,0.05685863142242091,1.0,3300000000.0,6700000000.000002,187633483.693989,90957509.73442,2023119.00232,193318986.1234,67985117.722395,111987473.093148,111987473.074018,2.4e-05,505567.10311200004,599997.1000888429,252783.55156100003,750013.29070768,1906263.8561099959,False,True
1585,4,1,1,NORMAL,0.0568980754792906,0.056326415003447546,0.0568980754792906,1.0,3300000000.0,6700000000.000002,187763649.081659,91028048.367759,2025819.621703,193439050.084812,68042002.25019,112063308.159968,112063308.140819,2.4e-05,505567.112035,599997.1289433031,252783.55602699998,750533.9347759561,1907607.849678496,False,True
1586,4,1,1,NORMAL,0.05693752086062485,0.05636584118778157,0.05693752086062485,1.0,3300000000.0,6700000000.000002,187893818.840062,91098600.529983,2028522.113328,193559114.04661,68098886.780697,112139143.228107,112139143.208947,2.2e-05,505567.12087300007,599997.1575106592,252783.56044199996,751054.5963266359,1908951.843310996,False,True
1587,4,1,1,NORMAL,0.056976967566459695,0.05640526869608338,0.056976967566459695,1.0,3300000000.0,6700000000.000002,188023992.969317,91169166.223678,2031226.477258,193679178.008786,68155771.313885,112214978.297558,112214978.278386,2.2e-05,505567.12961799995,599997.185793768,252783.56481499996,751575.2753602479,1910295.837006996,False,True
1588,4,1,1,NORMAL,0.05701641559683364,0.056444697528389855,0.05701641559683364,1.0,3300000000.0,6700000000.000002,188154171.469551,91239745.451431,2033932.713556,193799241.971339,68212655.849727,112290813.368308,112290813.349124,2.2e-05,505567.138278,599997.2137954579,252783.569145,752095.9718772679,1911639.830765496,False,True
1589,4,1,1,NORMAL,0.05705586495178484,0.05648412768473792,0.05705586495178484,1.0,3300000000.0,6700000000.000002,188284354.34089,91310338.215825,2036640.822284,193919305.934264,68269540.388197,112366648.440348,112366648.421148,2.2e-05,505567.14685399993,599997.2415185289,252783.57343500003,752616.685878204,1912983.824585996,False,True
1590,4,1,1,NORMAL,0.05709531563135181,0.056523559165164626,0.05709531563135181,1.0,3300000000.0,6700000000.000002,188414541.583461,91380944.519449,2039350.803506,194039369.897558,68326424.929269,112442483.513658,112442483.494448,2.2e-05,505567.1553420001,599997.2689657531,252783.57767600002,753137.41736356,1914327.818467996,False,True
1591,4,1,1,NORMAL,0.05713476763557182,0.05656299196970703,0.05713476763557182,1.0,3300000000.0,6700000000.000002,188544733.197387,91451564.36489,2042062.657284,194159433.861217,68383309.472916,112518318.588233,112518318.569006,2.2e-05,505567.1637450001,599997.2961398754,252783.58188099996,753658.166333844,1915671.812410996,False,True
1592,4,1,1,NORMAL,0.05717422096448424,0.05660242609840234,0.05717422096448424,1.0,3300000000.0,6700000000.000002,188674929.182798,91522197.754737,2044776.383681,194279497.825238,68440194.019115,112594153.664053,112594153.644813,2.2e-05,505567.172067,599997.3230436132,252783.58604000002,754178.9327895481,1917015.806413996,False,True
1593,4,1,1,NORMAL,0.057213675618126666,0.05664186155128778,0.057213675618126666,1.0,3300000000.0,6700000000.000002,188805129.539818,91592844.691579,2047491.98276,194399561.789619,68497078.567839,112669988.741109,112669988.721856,2e-05,505567.1803049999,599997.3496796566,252783.59015899998,754699.716731192,1918359.800476996,False,True
1594,4,1,1,NORMAL,0.05725313159653788,0.0566812983284007,0.05725313159653788,1.0,3300000000.0,6700000000.000002,188935334.268575,91663505.178005,2050209.454584,194519625.754353,68553963.119063,112745823.819389,112745823.800122,2e-05,505567.188462,599997.3760506692,252783.594238,755220.5181592719,1919703.794598996,False,True
1595,4,1,1,NORMAL,0.057292588899755754,0.05672073642977844,0.057292588899755754,1.0,3300000000.0,6700000000.000002,189065543.369194,91734179.216607,2052928.799216,194639689.719437,68610847.672764,112821658.898875,112821658.879601,2e-05,505567.1965350001,599997.4021592883,252783.59827100002,755741.3370743,1921047.788779496,False,True
1596,4,1,1,NORMAL,0.057332047527818786,0.05676017585545847,0.057332047527818786,1.0,3300000000.0,6700000000.000002,189195756.841802,91804866.809974,2055650.016718,194759753.684869,68667732.228914,112897493.979566,112897493.960277,2e-05,505567.20453099994,599997.4280081245,252783.602273,756262.173476776,1922391.783017996,False,True
1597,4,1,1,NORMAL,0.05737150748076697,0.05679961660547838,0.05737150748076697,1.0,3300000000.0,6700000000.000002,189325974.686531,91875567.960694,2058373.107154,194879817.650645,68724616.787491,112973329.061443,112973329.042141,2e-05,505567.21244699997,599997.4535997626,252783.60623,756783.027367208,1923735.777313996,False,True
1598,4,1,1,NORMAL,0.05741096875863727,0.05683905867987573,0.05741096875863727,1.0,3300000000.0,6700000000.000002,189456196.903503,91946282.671363,2061098.070586,194999881.616761,68781501.34847,113049164.144496,113049164.12518,2e-05,505567.2202819999,599997.478936762,252783.610148,757303.898746124,1925079.771666496,False,True
1599,4,1,1,NORMAL,0.057450431361469094,0.056878502078688206,0.057450431361469094,1.0,3300000000.0,6700000000.000002,189586423.492848,92017010.944571,2063824.907077,195119945.583214,68838385.911826,113124999.228715,113124999.209383,2e-05,505567.22804,599997.5040216559,252783.614028,757824.787614012,1926423.766074996,False,True
1600,4,1,1,NORMAL,0.057489895289301214,0.05691794680195356,0.057489895289301214,1.0,3300000000.0,6700000000.000002,189716654.454694,92087752.782912,2066553.616691,195240009.550003,68895270.477538,113200834.314086,113200834.294737,1.8e-05,505567.23572299996,599997.528856953,252783.61787000002,758345.693971392,1927767.760539496,False,True
1601,4,1,1,NORMAL,0.05752936054217212,0.056957392849709604,0.05752936054217212,1.0,3300000000.0,6700000000.000002,189846889.789168,92158508.188981,2069284.19949,195360073.517121,68952155.045582,113276669.400594,113276669.381232,1.8e-05,505567.24332699995,599997.553445137,252783.62167,758866.617818776,1929111.7550589961,False,True
1602,4,1,1,NORMAL,0.057568827120120604,0.05699684022199419,0.057568827120120604,1.0,3300000000.0,6700000000.000002,189977129.496398,92229277.165372,2072016.655537,195480137.484566,69009039.615934,113352504.48823,113352504.468857,1.8e-05,505567.25085500005,599997.5777886664,252783.62543299998,759387.559156672,1930455.749632996,False,True
1603,4,1,1,NORMAL,0.057608295023185756,0.057036288918845254,0.057608295023185756,1.0,3300000000.0,6700000000.000002,190107373.576513,92300059.714677,2074750.984894,195600201.452335,69065924.18857,113428339.576987,113428339.557599,1.8e-05,505567.2583090001,599997.6018899755,252783.62916199997,759908.517985592,1931799.744260996,False,True
1604,4,1,1,NORMAL,0.057647764251407274,0.05707573894030087,0.057647764251407274,1.0,3300000000.0,6700000000.000002,190237622.029644,92370855.839491,2077487.187625,195720265.420424,69122808.763469,113504174.666848,113504174.647451,1.8e-05,505567.26568900014,599997.6257514744,252783.63284900005,760429.494306052,1933143.738942496,False,True
1605,4,1,1,NORMAL,0.05768723480482273,0.05711519028639906,0.05768723480482273,1.0,3300000000.0,6700000000.000002,190367874.855915,92441665.542414,2080225.263793,195840329.388831,69179693.340608,113580009.757805,113580009.738399,1.8e-05,505567.27299699996,599997.6493755495,252783.63650300002,760950.4881185761,1934487.733676996,False,True
1606,4,1,1,NORMAL,0.05772670668347212,0.057154642957177974,0.05772670668347212,1.0,3300000000.0,6700000000.000002,190498132.055458,92512488.826037,2082965.213461,195960393.357552,69236577.919963,113655844.849852,113655844.830429,1.8e-05,505567.28022899997,599997.6727645628,252783.64012299996,761471.4994236601,1935831.728463496,False,True
1607,4,1,1,NORMAL,0.05776617988739425,0.0571940969526758,0.05776617988739425,1.0,3300000000.0,6700000000.000002,190628393.628401,92583325.692962,2085707.036691,196080457.326586,69293462.501514,113731679.942967,113731679.923536,1.7e-05,505567.28739,599997.6959208535,252783.643699,761992.528221832,1937175.723301996,False,True
1608,4,1,1,NORMAL,0.05780565441662849,0.05723355227293082,0.05780565441662849,1.0,3300000000.0,6700000000.000002,190758659.574874,92654176.145783,2088450.733547,196200521.295927,69350347.085239,113807515.037146,113807515.017706,1.7e-05,505567.29448100005,599997.7188467368,252783.647245,762513.574513604,1938519.718191996,False,True
1609,4,1,1,NORMAL,0.05784513027121334,0.05727300891798131,0.05784513027121334,1.0,3300000000.0,6700000000.000002,190888929.895004,92725040.1871,2091196.304091,196320585.265573,69407231.671114,113883350.132382,113883350.112928,1.7e-05,505567.3015,599997.7415445057,252783.650757,763034.638299496,1939863.713132496,False,True
1610,4,1,1,NORMAL,0.057884607451189396,0.057312466887865704,0.057884607451189396,1.0,3300000000.0,6700000000.000002,191019204.588925,92795917.81951,2093943.748386,196440649.235521,69464116.25912,113959185.228662,113959185.209193,1.7e-05,505567.308453,599997.7640164295,252783.65423400005,763555.719580016,1941207.708123496,False,True
1611,4,1,1,NORMAL,0.057924085956595456,0.05735192618262246,0.057924085956595456,1.0,3300000000.0,6700000000.000002,191149483.656765,92866809.045615,2096693.066495,196560713.205768,69521000.849237,114035020.325969,114035020.306491,1.7e-05,505567.315333,599997.7862647556,252783.65767100002,764076.8183557,1942551.703164496,False,True
1612,4,1,1,NORMAL,0.057963565787470306,0.05739138680229007,0.057963565787470306,1.0,3300000000.0,6700000000.000002,191279767.098652,92937713.868012,2099444.258481,196680777.176311,69577885.441441,114110855.424302,114110855.404809,1.7e-05,505567.3221450001,599997.8082917089,252783.66108000002,764597.9346270601,1943895.698254996,False,True
1613,4,1,1,NORMAL,0.058003046943854546,0.05743084874690713,0.058003046943854546,1.0,3300000000.0,6700000000.000002,191410054.91472,93008632.289302,2102197.324407,196800841.147147,69634770.035713,114186690.523643,114186690.50414,1.7e-05,505567.32888799993,599997.830099492,252783.664449,765119.068394608,1945239.693393996,False,True
1614,4,1,1,NORMAL,0.05804252942578667,0.057470312016512266,0.05804252942578667,1.0,3300000000.0,6700000000.000002,191540347.105096,93079564.312087,2104952.264336,196920905.118274,69691654.632032,114262525.623988,114262525.604472,1.6e-05,505567.335567,599997.8516902855,252783.66779000004,765640.21965888,1946583.688581496,False,True
1615,4,1,1,NORMAL,0.058082013233306966,0.05750977661114419,0.058082013233306966,1.0,3300000000.0,6700000000.000002,191670643.669913,93150509.938967,2107709.078331,197040969.089687,69748539.230378,114338360.725325,114338360.705796,1.6e-05,505567.3421789999,599997.8730662484,252783.67109599998,766161.388420384,1947927.683816996,False,True
1616,4,1,1,NORMAL,0.058121498366454846,0.05754924253084165,0.058121498366454846,1.0,3300000000.0,6700000000.000002,191800944.609301,93221469.172546,2110467.766455,197161033.061385,69805423.830731,114414195.827642,114414195.808101,1.6e-05,505567.34872400004,599997.8942295187,252783.67436799998,766682.574679652,1949271.6790999959,False,True
1617,4,1,1,NORMAL,0.05816098482526939,0.05758870977564344,0.05816098482526939,1.0,3300000000.0,6700000000.000002,191931249.923389,93292442.015425,2113228.32877,197281097.033364,69862308.433069,114490030.930935,114490030.911378,1.6e-05,505567.35520399996,599997.9151822121,252783.67761000004,767203.7784372041,1950615.6744294958,False,True
1618,4,1,1,NORMAL,0.05820047260979061,0.05762817834558842,0.05820047260979061,1.0,3300000000.0,6700000000.000002,192061559.612309,93363428.470209,2115990.76534,197401161.005622,69919193.037374,114565866.035189,114565866.015616,1.6e-05,505567.36161799997,599997.9359264245,252783.680817,767724.999693556,1951959.6698054958,False,True
1619,4,1,1,NORMAL,0.058239961720058485,0.057667648240715526,0.058239961720058485,1.0,3300000000.0,6700000000.000002,192191873.676193,93434428.5395,2118755.076227,197521224.978156,69976077.643626,114641701.140395,114641701.12081,1.6e-05,505567.367972,599997.9564642297,252783.683992,768246.238449236,1953303.6652274958,False,True
1620,4,1,1,NORMAL,0.058279452156113035,0.05770711946106376,0.058279452156113035,1.0,3300000000.0,6700000000.000002,192322192.115173,93505442.225904,2121521.261495,197641288.950964,70032962.251806,114717536.246545,114717536.226946,1.6e-05,505567.374262,599997.9767976818,252783.68713799998,768767.494704772,1954647.6606954958,False,True
1621,4,1,1,NORMAL,0.058318943917993936,0.05774659200667216,0.058318943917993936,1.0,3300000000.0,6700000000.000002,192452514.92938,93576469.532024,2124289.321206,197761352.924043,70089846.861896,114793371.353626,114793371.334015,1.5e-05,505567.38048600004,599997.996928814,252783.69024899998,769288.768460692,1955991.6562084958,False,True
1622,4,1,1,NORMAL,0.058358437005741205,0.05778606587757985,0.058358437005741205,1.0,3300000000.0,6700000000.000002,192582842.118946,93647510.460466,2127059.255423,197881416.897389,70146731.473876,114869206.46163,114869206.44201,1.5e-05,505567.386651,599998.0168596394,252783.69332999998,769810.05971752,1957335.651765996,False,True
1623,4,1,1,NORMAL,0.058397931419393936,0.05782554107382592,0.058397931419393936,1.0,3300000000.0,6700000000.000002,192713173.684,93718565.013837,2129831.064209,198001480.871,70203616.087725,114945041.570555,114945041.550919,1.5e-05,505567.39275400003,599998.0365921512,252783.69638499996,770331.368475784,1958679.6473674958,False,True
1624,4,1,1,NORMAL,0.05843742715899272,0.05786501759544958,0.05843742715899272,1.0,3300000000.0,6700000000.000002,192843509.624676,93789633.194745,2132604.747627,198121544.844874,70260500.703427,115020876.680383,115020876.660735,1.5e-05,505567.398796,599998.0561283224,252783.699404,770852.6947359999,1960023.6430129958,False,True
1625,4,1,1,NORMAL,0.058476924224577884,0.05790449544249013,0.058476924224577884,1.0,3300000000.0,6700000000.000002,192973849.941107,93860715.005795,2135380.30574,198241608.819008,70317385.320964,115096711.791107,115096711.771448,1.5e-05,505567.40477900003,599998.0754701067,252783.702395,771374.038498704,1961367.6387019958,False,True
1626,4,1,1,NORMAL,0.05851642261618848,0.0579439746149868,0.05851642261618848,1.0,3300000000.0,6700000000.000002,193104194.633422,93931810.449594,2138157.738611,198361672.793399,70374269.940313,115172546.902727,115172546.88305,1.5e-05,505567.4107019999,599998.0946194383,252783.70536000002,771895.399764428,1962711.6344334958,False,True
1627,4,1,1,NORMAL,0.058555922333865765,0.057983455112979,0.058555922333865765,1.0,3300000000.0,6700000000.000002,193234543.701757,94002919.528752,2140937.046303,198481736.768045,70431154.561461,115248382.015222,115248381.995531,1.5e-05,505567.416564,599998.113578232,252783.708289,772416.7785336879,1964055.6302074958,False,True
1628,4,1,1,NORMAL,0.0585954233776497,0.05802293693650615,0.0585954233776497,1.0,3300000000.0,6700000000.000002,193364897.146244,94074042.245877,2143718.228879,198601800.742944,70488039.184389,115324217.128587,115324217.108884,1.4e-05,505567.42237000004,599998.1323483838,252783.711191,772938.174807028,1965399.6260234958,False,True
1629,4,1,1,NORMAL,0.0586349257475803,0.058062420085607705,0.0586349257475803,1.0,3300000000.0,6700000000.000002,193495254.967015,94145178.603577,2146501.286402,198721864.718092,70544923.809077,115400052.242816,115400052.223098,1.4e-05,505567.428115,599998.1509317706,252783.71406499998,773459.5885849759,1966743.6218809958,False,True
1630,4,1,1,NORMAL,0.058674429443697274,0.058101904560323166,0.058674429443697274,1.0,3300000000.0,6700000000.000002,193625617.164201,94216328.604465,2149286.218935,198841928.693487,70601808.43551,115475887.357899,115475887.338166,1.4e-05,505567.433807,599998.1693302508,252783.716911,773981.01986806,1968087.6177799958,False,True
1631,4,1,1,NORMAL,0.05871393446604273,0.05814139036069217,0.05871393446604273,1.0,3300000000.0,6700000000.000002,193755983.737941,94287492.251149,2152073.026541,198961992.669127,70658693.063672,115551722.473821,115551722.45408,1.4e-05,505567.43944,599998.1875456641,252783.719724,774502.468656804,1969431.6137199958,False,True
1632,4,1,1,NORMAL,0.05875344081465515,0.0581808774867543,0.05875344081465515,1.0,3300000000.0,6700000000.000002,193886354.688362,94358669.546242,2154861.709282,199082056.645009,70715577.693542,115627557.590587,115627557.570829,1.4e-05,505567.44501900004,599998.2055798322,252783.722518,775023.934951764,1970775.6096999957,False,True
1633,4,1,1,NORMAL,0.05879294848957576,0.05822036593854924,0.05879294848957576,1.0,3300000000.0,6700000000.000002,194016730.0156,94429860.492354,2157652.267222,199202120.621131,70772462.325105,115703392.70818,115703392.688405,1.4e-05,505567.450539,599998.2234345583,252783.725278,775545.4187534481,1972119.6057199957,False,True
1634,4,1,1,NORMAL,0.058832457490844856,0.05825985571611671,0.058832457490844856,1.0,3300000000.0,6700000000.000002,194147109.719788,94501065.092098,2160444.700423,199322184.597491,70829346.958343,115779227.826593,115779227.806803,1.4e-05,505567.456007,599998.241111628,252783.72801100003,776066.9200624,1973463.6017799957,False,True
1635,4,1,1,NORMAL,0.05887196781850242,0.05829934681949644,0.05887196781850242,1.0,3300000000.0,6700000000.000002,194277493.801058,94572283.348089,2163239.008949,199442248.574087,70886231.593241,115855062.945817,115855062.926013,1.3e-05,505567.46142,599998.2586128089,252783.730717,776588.4388791521,1974807.5978789958,False,True
1636,4,1,1,NORMAL,0.058911479472589394,0.05833883924872824,0.058911479472589394,1.0,3300000000.0,6700000000.000002,194407882.259545,94643515.262941,2166035.192862,199562312.550915,70943116.229784,115930898.065842,115930898.046027,1.3e-05,505567.466781,599998.2759398512,252783.733396,777109.975204232,1976151.5940169957,False,True
1637,4,1,1,NORMAL,0.05895099245314606,0.05837833300385197,0.05895099245314606,1.0,3300000000.0,6700000000.000002,194538275.095382,94714760.839263,2168833.252226,199682376.527973,71000000.867951,116006733.186668,116006733.166835,1.3e-05,505567.472084,599998.2930944875,252783.73605099999,777631.52903818,1977495.5901929957,False,True
1638,4,1,1,NORMAL,0.05899050676021364,0.058417828084907565,0.05899050676021364,1.0,3300000000.0,6700000000.000002,194668672.308705,94786020.079673,2171633.187103,199802440.50526,71056885.50773,116082568.308275,116082568.288434,1.3e-05,505567.477338,599998.3100784332,252783.73867299999,778153.100381528,1978839.5864074957,False,True
1639,4,1,1,NORMAL,0.05903002239383273,0.058457324491935,0.05903002239383273,1.0,3300000000.0,6700000000.000002,194799073.899648,94857292.986784,2174434.997557,199922504.482773,71113770.149103,116158403.430664,116158403.410811,1.3e-05,505567.48253800004,599998.3268933869,252783.74127499998,778674.6892348201,1980183.5826594958,False,True
1640,4,1,1,NORMAL,0.059069539354043035,0.05849682222497423,0.059069539354043035,1.0,3300000000.0,6700000000.000002,194929479.868342,94928579.56321,2177238.68365,200042568.460509,71170654.792051,116234238.553833,116234238.53396,1.3e-05,505567.48768599995,599998.3435410298,252783.74385300002,779196.295598592,1981527.5789484957,False,True
1641,4,1,1,NORMAL,0.059109057640886364,0.05853632128406534,0.059109057640886364,1.0,3300000000.0,6700000000.000002,195059890.214925,94999879.811571,2180044.245445,200162632.438467,71227539.436564,116310073.677761,116310073.657874,1.3e-05,505567.49278400006,599998.3600230269,252783.74639899997,779717.9194733681,1982871.5752744956,False,True
1642,4,1,1,NORMAL,0.05914857725440273,0.0585758216692484,0.05914857725440273,1.0,3300000000.0,6700000000.000002,195190304.939529,95071193.734484,2182851.683005,200282696.416645,71284424.082624,116385908.802448,116385908.782544,1.2e-05,505567.49783099996,599998.3763410263,252783.74892399998,780239.5608597,1984215.5716369955,False,True
1643,4,1,1,NORMAL,0.05918809819463333,0.05861532338056356,0.05918809819463333,1.0,3300000000.0,6700000000.000002,195320724.04229,95142521.334563,2185660.996394,200402760.395039,71341308.730216,116461743.927882,116461743.907964,1.2e-05,505567.50282600004,599998.3924966598,252783.75142000002,780761.219758116,1985559.5680359956,False,True
1644,4,1,1,NORMAL,0.0592276204616194,0.05865482641805103,0.0592276204616194,1.0,3300000000.0,6700000000.000002,195451147.523344,95213862.614427,2188472.185674,200522824.373649,71398193.379324,116537579.054057,116537579.034127,1.2e-05,505567.50777400006,599998.4084915428,252783.75389300004,781282.89616916,1986903.5644704956,False,True
1645,4,1,1,NORMAL,0.05926714405540121,0.05869433078175105,0.05926714405540121,1.0,3300000000.0,6700000000.000002,195581575.382824,95285217.576696,2191285.250908,200642888.352471,71455078.029934,116613414.18097,116613414.161023,1.2e-05,505567.512673,599998.4243272749,252783.75634499997,781804.590093376,1988247.5609404955,False,True
1646,4,1,1,NORMAL,0.05930666897602,0.05873383647170389,0.05930666897602,1.0,3300000000.0,6700000000.000002,195712007.620866,95356586.223987,2194100.192159,200762952.331504,71511962.682031,116689249.308608,116689249.288648,1.2e-05,505567.51752299996,599998.4400054398,252783.758768,782326.301531296,1989591.5574459955,False,True
1647,4,1,1,NORMAL,0.05934619522351667,0.05877334348794988,0.05934619522351667,1.0,3300000000.0,6700000000.000002,195842444.237605,95427968.558919,2196917.009491,200883016.310746,71568847.335599,116765084.436967,116765084.416992,1.2e-05,505567.522323,599998.455527605,252783.76116899998,782848.030483464,1990935.5539859955,False,True
1648,4,1,1,NORMAL,0.059385722797931514,0.05881285183052934,0.059385722797931514,1.0,3300000000.0,6700000000.000002,195972885.233174,95499364.584114,2199735.702966,201003080.290194,71625731.990624,116840919.566036,116840919.546052,1.2e-05,505567.5270749999,599998.4708953231,252783.76354199997,783369.77695042,1992279.5505604956,False,True
1649,4,1,1,NORMAL,0.059425251699306667,0.05885236149948272,0.059425251699306667,1.0,3300000000.0,6700000000.000002,196103330.607712,95570774.302192,2202556.272647,201123144.269848,71682616.647092,116916754.695813,116916754.675814,1.1e-05,505567.53178099997,599998.4861101303,252783.765898,783891.540932696,1993623.5471689955,False,True
1650,4,1,1,NORMAL,0.059464781927682425,0.05889187249485044,0.059464781927682425,1.0,3300000000.0,6700000000.000002,196233780.361352,95642197.715773,2205378.718597,201243208.249703,71739501.304988,116992589.82629,116992589.806276,1.1e-05,505567.536441,599998.5011735486,252783.76822800003,784413.322430848,1994967.5438114954,False,True
1651,4,1,1,NORMAL,0.059504313483099695,0.05893138481667298,0.059504313483099695,1.0,3300000000.0,6700000000.000002,196364234.494229,95713634.827478,2208203.040879,201363272.229758,71796385.964296,117068424.957461,117068424.937431,1.1e-05,505567.541052,599998.5160870841,252783.77053399998,784935.121445408,1996311.5404869954,False,True
1652,4,1,1,NORMAL,0.0595438463656003,0.05897089846499087,0.0595438463656003,1.0,3300000000.0,6700000000.000002,196494693.006481,95785085.639932,2211029.239556,201483336.210012,71853270.625006,117144260.089311,117144260.069272,1.1e-05,505567.545619,599998.530852228,252783.77281400003,785456.937976916,1997655.5371954953,False,True
1653,4,1,1,NORMAL,0.05958338057522516,0.0590104134398447,0.05958338057522516,1.0,3300000000.0,6700000000.000002,196625155.898243,95856550.155758,2213857.314691,201603400.190463,71910155.287102,117220095.221839,117220095.201791,1.1e-05,505567.5501410001,599998.5454704573,252783.77507499995,785978.772025924,1998999.5339369953,False,True
1654,4,1,1,NORMAL,0.059622916112015145,0.059049929741275056,0.059622916112015145,1.0,3300000000.0,6700000000.000002,196755623.16965,95928028.377577,2216687.266347,201723464.171108,71967039.95057,117295930.355039,117295930.334981,1.1e-05,505567.55461600004,599998.5599432334,252783.777313,786500.623592972,2000343.5307109954,False,True
1655,4,1,1,NORMAL,0.05966245297601212,0.05908944736932261,0.05966245297601212,1.0,3300000000.0,6700000000.000002,196886094.82084,95999520.308013,2219519.094587,201843528.151946,72023924.615396,117371765.488908,117371765.468833,1.1e-05,505567.5590489999,599998.5742720036,252783.779533,787022.4926786,2001687.5275169953,False,True
1656,4,1,1,NORMAL,0.05970199116725697,0.05912896632402806,0.05970199116725697,1.0,3300000000.0,6700000000.000002,197016570.851948,96071025.949691,2222352.799474,201963592.132975,72080809.281568,117447600.623431,117447600.603345,1e-05,505567.56343500013,599998.5884582008,252783.78172300002,787544.37928336,2003031.5243549952,False,True
1657,4,1,1,NORMAL,0.059741530685790606,0.05916848660543209,0.059741530685790606,1.0,3300000000.0,6700000000.000002,197147051.263109,96142545.305237,2225188.381071,202083656.114192,72137693.949071,117523435.758608,117523435.738509,1e-05,505567.567781,599998.6025032436,252783.78389700002,788066.283407792,2004375.5212244953,False,True
1658,4,1,1,NORMAL,0.05978107153165515,0.05920800821357552,0.05978107153165515,1.0,3300000000.0,6700000000.000002,197277536.054462,96214078.377274,2228025.839442,202203720.095596,72194578.617891,117599270.894431,117599270.874318,1e-05,505567.57208000007,599998.6164085367,252783.78604699997,788588.205052436,2005719.5181249953,False,True
1659,4,1,1,NORMAL,0.059820613704891515,0.059247531148499136,0.059820613704891515,1.0,3300000000.0,6700000000.000002,197408025.226142,96285625.16843,2230865.174649,202323784.077185,72251463.288017,117675106.030891,117675106.010765,1e-05,505567.57633699995,599998.6301754703,252783.788175,789110.144217848,2007063.5150564953,False,True
1660,4,1,1,NORMAL,0.05986015720554182,0.05928705541024383,0.05986015720554182,1.0,3300000000.0,6700000000.000002,197538518.778288,96357185.681331,2233706.386755,202443848.058957,72308347.959437,117750941.167979,117750941.147847,1e-05,505567.580554,599998.6438054213,252783.79027999996,789632.100904568,2008407.5120184952,False,True
1661,4,1,1,NORMAL,0.059899702033646064,0.05932658099885042,0.059899702033646064,1.0,3300000000.0,6700000000.000002,197669016.711032,96428759.918605,2236549.475823,202563912.040911,72365232.632134,117826776.305698,117826776.285553,1e-05,505567.584727,599998.6572997526,252783.79237,790154.075113152,2009751.5090104952,False,True
1662,4,1,1,NORMAL,0.05993924818924697,0.05936610791435988,0.05993924818924697,1.0,3300000000.0,6700000000.000002,197799519.024515,96500347.882878,2239394.441916,202683976.023044,72422117.306099,117902611.444036,117902611.423878,1e-05,505567.58885899995,599998.6706598137,252783.794436,790676.0668441281,2011095.506032495,False,True
1663,4,1,1,NORMAL,0.059978795672384545,0.05940563615681309,0.059978795672384545,1.0,3300000000.0,6700000000.000002,197930025.718869,96571949.576781,2242241.285097,202804040.005356,72479001.981316,117978446.582991,117978446.562816,9e-06,505567.592949,599998.6838869406,252783.79648299995,791198.07609806,2012439.503083995,False,True
1664,4,1,1,NORMAL,0.06001834448310151,0.059445165726251054,0.06001834448310151,1.0,3300000000.0,6700000000.000002,198060536.794235,96643565.002941,2245090.005429,202924103.987843,72535886.657776,118054281.72255,118054281.702363,9e-06,505567.59699999995,599998.6969824558,252783.798506,791720.102875476,2013783.500164995,False,True
1665,4,1,1,NORMAL,0.06005789462143969,0.05948469662271484,0.06005789462143969,1.0,3300000000.0,6700000000.000002,198191052.250751,96715194.163986,2247940.602975,203044167.970504,72592771.335465,118130116.862711,118130116.842511,9e-06,505567.601009,599998.7099476692,252783.80051099998,792242.14717694,2015127.497274995,False,True
1666,4,1,1,NORMAL,0.06009744608744,0.0595242288462455,0.06009744608744,1.0,3300000000.0,6700000000.000002,198321572.088552,96786837.062547,2250793.077798,203164231.953337,72649656.01437,118205952.00347,118205951.983255,9e-06,505567.604979,599998.7227838769,252783.802497,792764.209003004,2016471.494413495,False,True
1667,4,1,1,NORMAL,0.06013699888114454,0.05956376239688416,0.06013699888114454,1.0,3300000000.0,6700000000.000002,198452096.307777,96858493.701256,2253647.429961,203284295.936341,72706540.694482,118281787.144812,118281787.12459,9e-06,505567.608909,599998.7354923629,252783.804458,793286.288354208,2017815.4915804951,False,True
1668,4,1,1,NORMAL,0.060176553002595154,0.059603297274671965,0.060176553002595154,1.0,3300000000.0,6700000000.000002,198582624.908564,96930164.082741,2256503.659527,203404359.919515,72763425.375785,118357622.286742,118357622.266507,9e-06,505567.61280099995,599998.7480743979,252783.806407,793808.3852311079,2019159.488775995,False,True
1669,4,1,1,NORMAL,0.06021610845183303,0.059642833479650104,0.06021610845183303,1.0,3300000000.0,6700000000.000002,198713157.891049,97001848.209636,2259361.766559,203524423.902856,72820310.05827,118433457.429249,118433457.409003,9e-06,505567.6166550001,599998.7605312401,252783.80833299996,794330.499634256,2020503.4859989951,False,True
1670,4,1,1,NORMAL,0.0602556652288997,0.059682371011859754,0.0602556652288997,1.0,3300000000.0,6700000000.000002,198843695.255369,97073546.084572,2262221.751121,203644487.886363,72877194.741924,118509292.572332,118509292.552068,8e-06,505567.62046799995,599998.7728641351,252783.81024300004,794852.631564196,2021847.4832499952,False,True
1671,4,1,1,NORMAL,0.06029522333383697,0.05972190987134216,0.06029522333383697,1.0,3300000000.0,6700000000.000002,198974237.001662,97145257.710183,2265083.613275,203764551.870034,72934079.426735,118585127.715978,118585127.695701,8e-06,505567.62424299994,599998.7850743163,252783.81212800002,795374.781021476,2023191.4805279952,False,True
1672,4,1,1,NORMAL,0.060334782766687876,0.05976145005813866,0.060334782766687876,1.0,3300000000.0,6700000000.000002,199104783.13007,97216983.0891,2267947.353084,203884615.853867,72990964.112694,118660962.860184,118660962.839894,8e-06,505567.627983,599998.7971630045,252783.813998,795896.948006648,2024535.4778334952,False,True
1673,4,1,1,NORMAL,0.06037434352749182,0.059800991572290484,0.06037434352749182,1.0,3300000000.0,6700000000.000002,199235333.640723,97288722.223959,2270812.970612,204004679.837861,73047848.799785,118736798.004948,118736797.984644,8e-06,505567.631684,599998.8091314088,252783.81584899998,796419.13252028,2025879.4751654952,False,True
1674,4,1,1,NORMAL,0.06041390561629273,0.05984053441383902,0.06041390561629273,1.0,3300000000.0,6700000000.000002,199365888.533766,97360475.117392,2273680.465921,204124743.822014,73104733.488001,118812633.15026,118812633.129943,8e-06,505567.63534900005,599998.820980726,252783.81768100001,796941.334562892,2027223.4725239952,False,True
1675,4,1,1,NORMAL,0.06045346903313152,0.05988007858282563,0.06045346903313152,1.0,3300000000.0,6700000000.000002,199496447.809334,97432241.772035,2276549.839074,204244807.806325,73161618.177328,118888468.296119,118888468.275788,8e-06,505567.6389800001,599998.8327121409,252783.819497,797463.554135064,2028567.4699089953,False,True
1676,4,1,1,NORMAL,0.06049303377805091,0.059919624079291786,0.06049303377805091,1.0,3300000000.0,6700000000.000002,199627011.467568,97504022.190523,2279421.090135,204364871.790792,73218502.867757,118964303.442516,118964303.422169,8e-06,505567.6425699999,599998.8443268269,252783.821293,797985.791237336,2029911.4673199954,False,True
1677,4,1,1,NORMAL,0.06053259985109182,0.05995917090327889,0.06053259985109182,1.0,3300000000.0,6700000000.000002,199757579.508603,97575816.375492,2282294.219166,204484935.775415,73275387.559275,119040138.589445,119040138.569085,7e-06,505567.646125,599998.8558259452,252783.82306900003,798508.0458702721,2031255.4647564953,False,True
1678,4,1,1,NORMAL,0.060572167252297276,0.05999871905482847,0.060572167252297276,1.0,3300000000.0,6700000000.000002,199888151.932581,97647624.329578,2285169.226231,204604999.76019,73332272.251874,119115973.736901,119115973.716529,7e-06,505567.649648,599998.8672106457,252783.82483,799030.318034412,2032599.4622189952,False,True
1679,4,1,1,NORMAL,0.060611735981707576,0.06003826853398196,0.060611735981707576,1.0,3300000000.0,6700000000.000002,200018728.739635,97719446.05542,2288046.111392,204725063.745116,73389156.94554,119191808.884885,119191808.864494,7e-06,505567.653133,599998.8784820671,252783.826576,799552.607730324,2033943.4597064953,False,True
1680,4,1,1,NORMAL,0.06065130603936636,0.06007781934078096,0.06065130603936636,1.0,3300000000.0,6700000000.000002,200149309.929909,97791281.555653,2290924.874713,204845127.730192,73446041.640266,119267644.03338,119267644.012981,7e-06,505567.65658599994,599998.8896413363,252783.828297,800074.91495854,2035287.4572189953,False,True
1681,4,1,1,NORMAL,0.060690877425315155,0.06011737147526704,0.060690877425315155,1.0,3300000000.0,6700000000.000002,200279895.50354,97863130.832917,2293805.516256,204965191.715417,73502926.336039,119343479.182389,119343479.161977,7e-06,505567.66000100004,599998.9006895693,252783.83000699998,800597.2397196359,2036631.4547559954,False,True
1682,4,1,1,NORMAL,0.06073045013959545,0.06015692493748177,0.06073045013959545,1.0,3300000000.0,6700000000.000002,200410485.460665,97934993.889848,2296688.036085,205085255.700789,73559811.032847,119419314.331909,119419314.311481,7e-06,505567.66338399996,599998.911627871,252783.83169999998,801119.58201416,2037975.4523174954,False,True
1683,4,1,1,NORMAL,0.06077002418224969,0.060196479727466806,0.06077002418224969,1.0,3300000000.0,6700000000.000002,200541079.801424,98006870.729088,2299572.434263,205205319.686306,73616695.730683,119495149.481929,119495149.46149,7e-06,505567.666735,599998.9224573352,252783.833373,801641.94184266,2039319.4499034954,False,True
1684,4,1,1,NORMAL,0.060809599553320604,0.06023603584526383,0.060809599553320604,1.0,3300000000.0,6700000000.000002,200671678.525958,98078761.353276,2302458.710852,205325383.671968,73673580.429537,119570984.632445,119570984.611994,6e-06,505567.67005,599998.9331790447,252783.83503100002,802164.319205696,2040663.4475134953,False,True
1685,4,1,1,NORMAL,0.06084917625284939,0.06027559329091452,0.06084917625284939,1.0,3300000000.0,6700000000.000002,200802281.634403,98150665.765053,2305346.865916,205445447.657772,73730465.129397,119646819.783452,119646819.762992,6e-06,505567.67333300004,599998.943794072,252783.836671,802686.714103832,2042007.4451474953,False,True
1686,4,1,1,NORMAL,0.06088875428087878,0.06031515206446061,0.06088875428087878,1.0,3300000000.0,6700000000.000002,200932889.1269,98222583.967057,2308236.899518,205565511.643717,73787349.830253,119722654.93495,119722654.914477,6e-06,505567.676585,599998.9543034782,252783.838299,803209.1265376119,2043351.4428049952,False,True
1687,4,1,1,NORMAL,0.060928333637450004,0.0603547121659438,0.060928333637450004,1.0,3300000000.0,6700000000.000002,201063501.003585,98294515.961933,2311128.811721,205685575.629802,73844234.532095,119798490.08693,119798490.066445,6e-06,505567.67980200006,599998.9647083145,252783.839907,803731.5565076,2044695.4404854951,False,True
1688,4,1,1,NORMAL,0.06096791432260727,0.06039427359540596,0.06096791432260727,1.0,3300000000.0,6700000000.000002,201194117.264604,98366461.752319,2314022.602588,205805639.616026,73901119.234916,119874325.239382,119874325.218892,6e-06,505567.682989,599998.9750096214,252783.841497,804254.0040143401,2046039.4381894951,False,True
1689,4,1,1,NORMAL,0.06100749633639091,0.06043383635288886,0.06100749633639091,1.0,3300000000.0,6700000000.000002,201324737.91009,98438421.340859,2316918.272182,205925703.602387,73958003.938701,119950160.392315,119950160.371808,6e-06,505567.686141,599998.9852084288,252783.84307899998,804776.469058416,2047383.4359159952,False,True
1690,4,1,1,NORMAL,0.06104707967884424,0.060473400438434376,0.06104707967884424,1.0,3300000000.0,6700000000.000002,201455362.940186,98510394.730194,2319815.820566,206045767.588883,74014888.643443,120025995.545717,120025995.525193,6e-06,505567.68926300004,599998.9953057567,252783.84464000002,805298.95164036,2048727.4336649952,False,True
1691,4,1,1,NORMAL,0.061086664350008486,0.06051296585208432,0.061086664350008486,1.0,3300000000.0,6700000000.000002,201585992.355028,98582381.922973,2322715.247804,206165831.575515,74071773.349133,120101830.69958,120101830.679043,5e-06,505567.692355,599999.0053026149,252783.84618400002,805821.451760744,2050071.4314364952,False,True
1692,4,1,1,NORMAL,0.06112625034992697,0.060552532593880624,0.06112625034992697,1.0,3300000000.0,6700000000.000002,201716626.154759,98654382.921834,2325616.553958,206285895.562279,74128658.055761,120177665.853903,120177665.833352,5e-06,505567.69541600003,599999.0152000029,252783.84771499998,806343.9694201121,2051415.4292299952,False,True
1693,4,1,1,NORMAL,0.06116583767864121,0.06059210066386518,0.06116583767864121,1.0,3300000000.0,6700000000.000002,201847264.339516,98726397.729425,2328519.739091,206405959.549174,74185542.763318,120253501.008682,120253500.988114,5e-06,505567.69844500005,599999.0249989107,252783.849231,806866.504619036,2052759.4270454952,False,True
1694,4,1,1,NORMAL,0.06120542633619484,0.06063167006208,0.06120542633619484,1.0,3300000000.0,6700000000.000002,201977906.909443,98798426.34839,2331424.803266,206526023.5362,74242427.471796,120329336.163911,120329336.143327,5e-06,505567.70144999993,599999.034700318,252783.850733,807389.0573580641,2054103.4248829952,False,True
1695,4,1,1,NORMAL,0.061245016322628784,0.06067124078856702,0.061245016322628784,1.0,3300000000.0,6700000000.000002,202108553.864675,98870468.781376,2334331.746547,206646087.523355,74299312.181184,120405171.319586,120405171.298987,5e-06,505567.7044209999,599999.0443051951,252783.85221799999,807911.627637772,2055447.4227419952,False,True
1696,4,1,1,NORMAL,0.06128460763798697,0.06071081284336831,0.06128460763798697,1.0,3300000000.0,6700000000.000002,202239205.205357,98942525.031024,2337240.568996,206766151.510638,74356196.891472,120481006.475702,120481006.455088,5e-06,505567.707359,599999.0538145023,252783.853687,808434.2154587,2056791.420621995,False,True
1697,4,1,1,NORMAL,0.06132420028231061,0.060750386226525885,0.06132420028231061,1.0,3300000000.0,6700000000.000002,202369860.931625,99014595.099987,2340151.270677,206886215.498047,74413081.602655,120556841.632253,120556841.611626,5e-06,505567.710273,599999.0632291905,252783.85514299994,808956.820821428,2058135.418523495,False,True
1698,4,1,1,NORMAL,0.061363794255642125,0.060789960938081776,0.061363794255642125,1.0,3300000000.0,6700000000.000002,202500521.043619,99086678.99091,2343063.851653,207006279.485582,74469966.314721,120632676.789237,120632676.768596,4e-06,505567.713154,599999.0725502016,252783.85658400005,809479.4437265,2059479.416445495,False,True
1699,4,1,1,NORMAL,0.06140338955802485,0.06082953697807811,0.06140338955802485,1.0,3300000000.0,6700000000.000002,202631185.541482,99158776.706441,2345978.311987,207126343.473241,74526851.027662,120708511.946649,120708511.925994,4e-06,505567.71601000003,599999.081778467,252783.858012,810002.0841744761,2060823.414388495,False,True
1700,4,1,1,NORMAL,0.061442986189500906,0.060869114346557,0.061442986189500906,1.0,3300000000.0,6700000000.000002,202761854.425353,99230888.249228,2348894.651741,207246407.461022,74583735.741471,120784347.104482,120784347.083816,4e-06,505567.718835,599999.0909149101,252783.85942300002,810524.742165928,2062167.412351995,False,True
1701,4,1,1,NORMAL,0.06148258415011212,0.06090869304356056,0.06148258415011212,1.0,3300000000.0,6700000000.000002,202892527.69537,99303013.62192,2351812.870979,207366471.448925,74640620.456135,120860182.262739,120860182.242057,4e-06,505567.72163199994,599999.0999604443,252783.86082399997,811047.417701412,2063511.410335495,False,True
1702,4,1,1,NORMAL,0.06152218343990152,0.06094827306913094,0.06152218343990152,1.0,3300000000.0,6700000000.000002,203023205.351675,99375152.827165,2354732.969764,207486535.436948,74697505.171648,120936017.421413,120936017.400714,4e-06,505567.724403,599999.1089159743,252783.86221,811570.11078148,2064855.408338995,False,True
1703,4,1,1,NORMAL,0.06156178405891182,0.06098785442331035,0.06156178405891182,1.0,3300000000.0,6700000000.000002,203153887.394409,99447305.867615,2357654.94816,207606599.42509,74754389.888003,121011852.580495,121011852.559782,4e-06,505567.72714399995,599999.1177823953,252783.86357900003,812092.8214067001,2066199.406362495,False,True
1704,4,1,1,NORMAL,0.061601386007185455,0.06102743710614101,0.061601386007185455,1.0,3300000000.0,6700000000.000002,203284573.823712,99519472.745918,2360578.806229,207726663.41335,74811274.605188,121087687.739987,121087687.719257,4e-06,505567.729857,599999.1265605945,252783.864937,812615.5495776361,2067543.404405495,False,True
1705,4,1,1,NORMAL,0.06164098928476546,0.061067021117665175,0.06164098928476546,1.0,3300000000.0,6700000000.000002,203415264.639726,99591653.464728,2363504.544034,207846727.401728,74868159.323199,121163522.899881,121163522.879134,3e-06,505567.732547,599999.1352514492,252783.86628200006,813138.295294848,2068887.402467995,False,True
1706,4,1,1,NORMAL,0.06168059389169454,0.061106606457925136,0.06168059389169454,1.0,3300000000.0,6700000000.000002,203545959.842592,99663848.026695,2366432.161639,207966791.390221,74925044.042026,121239358.060172,121239358.039412,3e-06,505567.73520900006,599999.1438558288,252783.86761099994,813661.0585589041,2070231.400549995,False,True
1707,4,1,1,NORMAL,0.06172019982801424,0.06114619312696314,0.06172019982801424,1.0,3300000000.0,6700000000.000002,203676659.432447,99736056.434471,2369361.659106,208086855.378828,74981928.76166,121315193.220859,121315193.200085,3e-06,505567.737842,599999.1523745937,252783.86892799998,814183.839370368,2071575.398650995,False,True
1708,4,1,1,NORMAL,0.06175980709376879,0.06118578112482158,0.06175980709376879,1.0,3300000000.0,6700000000.000002,203807363.409437,99808278.690709,2372293.036499,208206919.367549,75038813.482096,121391028.381932,121391028.361149,3e-06,505567.740451,599999.1608085955,252783.87023,814706.637729788,2072919.3967709949,False,True
1709,4,1,1,NORMAL,0.061799415688999694,0.061225370451542756,0.061799415688999694,1.0,3300000000.0,6700000000.000002,203938071.773699,99880514.798063,2375226.29388,208326983.356382,75095698.203323,121466863.543395,121466863.5226,3e-06,505567.74303400004,599999.1691586779,252783.871523,815229.453637748,2074263.3949094948,False,True
1710,4,1,1,NORMAL,0.061839025613749696,0.061264961107169016,0.061839025613749696,1.0,3300000000.0,6700000000.000002,204068784.525374,99952764.759185,2378161.431313,208447047.345326,75152582.925333,121542698.705244,121542698.684435,3e-06,505567.74559199996,599999.1774256758,252783.872803,815752.287094796,2075607.3930664947,False,True
1711,4,1,1,NORMAL,0.06187863686806243,0.06130455309174279,0.06187863686806243,1.0,3300000000.0,6700000000.000002,204199501.664606,100025028.576729,2381098.448861,208567111.33438,75209467.64812,121618533.867467,121618533.846652,3e-06,505567.748122,599999.1856104161,252783.87406400003,816275.138101496,2076951.3912419947,False,True
1712,4,1,1,NORMAL,0.0619182494519797,0.061344146405306464,0.0619182494519797,1.0,3300000000.0,6700000000.000002,204330223.191533,100097306.253349,2384037.346587,208687175.323544,75266352.371673,121694369.030074,121694369.009241,2e-06,505567.750628,599999.1937137169,252783.875323,816798.006658424,2078295.3894354948,False,True
1713,4,1,1,NORMAL,0.06195786336554424,0.06138374104790245,0.06195786336554424,1.0,3300000000.0,6700000000.000002,204460949.106296,100169597.791704,2386978.124554,208807239.312815,75323237.095987,121770204.193051,121770204.172204,2e-06,505567.75311000005,599999.2017363887,252783.87656199996,817320.892766132,2079639.3876469948,False,True
1714,4,1,1,NORMAL,0.061997478608799395,0.061423337019573226,0.061997478608799395,1.0,3300000000.0,6700000000.000002,204591679.409038,100241903.194447,2389920.782826,208927303.302192,75380121.821055,121846039.356395,121846039.335534,2e-06,505567.755564,599999.209679234,252783.87778899996,817843.796425184,2080983.3858764947,False,True
1715,4,1,1,NORMAL,0.06203709518178818,0.06146293432036129,0.06203709518178818,1.0,3300000000.0,6700000000.000002,204722414.099901,100314222.464234,2392865.321465,209047367.291675,75437006.546868,121921874.520104,121921874.499231,2e-06,505567.757998,599999.2175430468,252783.87900499997,818366.717636152,2082327.3841234946,False,True
1716,4,1,1,NORMAL,0.06207671308455273,0.06150253295030913,0.06207671308455273,1.0,3300000000.0,6700000000.000002,204853153.179024,100386555.603726,2395811.740535,209167431.281263,75493891.27342,121997709.684174,121997709.663289,2e-06,505567.7604080001,599999.2253286134,252783.88021,818889.6563996039,2083671.3823879946,False,True
1717,4,1,1,NORMAL,0.06211633231713606,0.06154213290945926,0.06211633231713606,1.0,3300000000.0,6700000000.000002,204983896.646549,100458902.615575,2398760.040098,209287495.270954,75550776.000701,122073544.848606,122073544.827704,2e-06,505567.7627909999,599999.2330367127,252783.88140399999,819412.6127160961,2085015.3806694946,False,True
1718,4,1,1,NORMAL,0.06215595287958091,0.061581734197854204,0.06215595287958091,1.0,3300000000.0,6700000000.000002,205114644.502617,100531263.502443,2401710.220218,209407559.260748,75607660.728707,122149380.013387,122149379.992474,2e-06,505567.76515100006,599999.2406681153,252783.88258099998,819935.586586196,2086359.3789684947,False,True
1719,4,1,1,NORMAL,0.0621955747719306,0.061621336815536554,0.0621955747719306,1.0,3300000000.0,6700000000.000002,205245396.747371,100603638.266984,2404662.280958,209527623.250644,75664545.457427,122225215.178523,122225215.157594,1e-06,505567.76748599997,599999.2482235843,252783.88375100002,820458.578010468,2087703.3772839948,False,True
1720,4,1,1,NORMAL,0.062235197994228185,0.061660940762548924,0.062235197994228185,1.0,3300000000.0,6700000000.000002,205376153.380953,100676026.911861,2407616.222381,209647687.24064,75721430.186857,122301050.344005,122301050.323061,1e-06,505567.769801,599999.2557038753,252783.88490799998,820981.5869894839,2089047.3756164948,False,True
1721,4,1,1,NORMAL,0.06227482254651637,0.06170054603893393,0.06227482254651637,1.0,3300000000.0,6700000000.000002,205506914.403504,100748429.439732,2410572.04455,209767751.230736,75778314.91699,122376885.509828,122376885.488871,1e-06,505567.7720910001,599999.2631097364,252783.886052,821504.613523812,2090391.3739654948,False,True
1722,4,1,1,NORMAL,0.06231444842883758,0.06174015264473417,0.06231444842883758,1.0,3300000000.0,6700000000.000002,205637679.815164,100820845.853259,2413529.747528,209887815.22093,75835199.647818,122452720.675992,122452720.655022,1e-06,505567.774359,599999.2704419082,252783.887186,822027.6576140161,2091735.3723309948,False,True
1723,4,1,1,NORMAL,0.06235407564123606,0.061779760579992356,0.06235407564123606,1.0,3300000000.0,6700000000.000002,205768449.616079,100893276.155098,2416489.331378,210007879.211222,75892084.379333,122528555.842493,122528555.821509,1e-06,505567.77660199994,599999.2777011236,252783.888308,822550.719260656,2093079.3707124947,False,True
1724,4,1,1,NORMAL,0.06239370418375364,0.06181936984475116,0.06239370418375364,1.0,3300000000.0,6700000000.000002,205899223.806387,100965720.347914,2419450.796164,210127943.20161,75948969.11153,122604391.009328,122604390.988329,1e-06,505567.7788249999,599999.2848881091,252783.88942,823073.7984643161,2094423.3691104946,False,True
1725,4,1,1,NORMAL,0.06243333405643333,0.06185898043905323,0.06243333405643333,1.0,3300000000.0,6700000000.000002,206030002.38623,101038178.434371,2422414.141948,210248007.192094,76005853.844403,122680226.176491,122680226.155479,1e-06,505567.781027,599999.2920035829,252783.89052,823596.8952255481,2095767.3675239945,False,True
1726,4,1,1,NORMAL,0.06247296525931849,0.06189859236294132,0.06247296525931849,1.0,3300000000.0,6700000000.000002,206160785.355751,101110650.417127,2425379.368794,210368071.182674,76062738.577943,122756061.343981,122756061.322956,0.0,505567.7832049999,599999.2990482566,252783.891609,824120.00954492,2097111.3659534946,False,True
1727,4,1,1,NORMAL,0.06251259779245182,0.06193820561645813,0.06251259779245182,1.0,3300000000.0,6700000000.000002,206291572.715091,101183136.298845,2428346.476765,210488135.173346,76119623.312143,122831896.511799,122831896.490757,0.0,505567.785363,599999.306022835,252783.89269,824643.1414230041,2098455.3643984944,False,True
1728,4,1,1,NORMAL,0.06255223165587666,0.06197782019964643,0.06255223165587666,1.0,3300000000.0,6700000000.000002,206422364.464393,101255636.08219,2431315.465924,210608199.164111,76176508.046998,122907731.679937,122907731.658878,0.0,505567.787499,599999.3129280151,252783.89375800002,825166.290860364,2099799.3628589944,False,True
1729,4,1,1,NORMAL,0.06259186684963668,0.06201743611254903,0.06259186684963668,1.0,3300000000.0,6700000000.000002,206553160.603801,101328149.769825,2434286.336334,210728263.154968,76233392.782503,122983566.848387,122983566.827316,0.0,505567.78961199994,599999.3197644879,252783.89481199998,825689.4578575719,2101143.3613349944,False,True
1730,4,1,1,NORMAL,0.06263150337377364,0.06205705335520868,0.06263150337377364,1.0,3300000000.0,6700000000.000002,206683961.133453,101400677.364413,2437259.088059,210848327.145916,76290277.518647,123059402.017156,123059401.996069,0.0,505567.791706,599999.3265329368,252783.895861,826212.6424152042,2102487.3598259944,False,True
1731,4,1,1,NORMAL,0.06267114122833212,0.06209667192766826,0.06267114122833212,1.0,3300000000.0,6700000000.000002,206814766.053496,101473218.868621,2440233.721161,210968391.136954,76347162.255428,123135237.186236,123135237.165131,0.0,505567.79378,599999.3332340386,252783.89689899998,826735.844533812,2103831.358331994,False,True
1732,4,1,1,NORMAL,0.06271078041335425,0.06213629182997059,0.06271078041335425,1.0,3300000000.0,6700000000.000002,206945575.364069,101545774.285115,2443210.235704,211088455.128081,76404046.992839,123211072.355619,123211072.334503,0.0,505567.79583099997,599999.3398684635,252783.89792100003,827259.064213984,2105175.3568529943,False,True
1733,4,1,1,NORMAL,0.06275042092888394,0.062175913062158555,0.06275042092888394,1.0,3300000000.0,6700000000.000002,207076389.065317,101618343.616557,2446188.631751,211208519.119297,76460931.730871,123286907.525309,123286907.504179,0.0,505567.797862,599999.3464368748,252783.898938,827782.3014562761,2106519.355388494,False,True
1734,4,1,1,NORMAL,0.06279006277496364,0.062215535624275016,0.06279006277496364,1.0,3300000000.0,6700000000.000002,207207207.15738,101690926.865617,2449168.909364,211328583.1106,76517816.46952,123362742.695301,123362742.674157,0.0,505567.79987400013,599999.3529399295,252783.89994399995,828305.5562612681,2107863.3539384943,False,True
1735,4,1,1,NORMAL,0.06282970595163696,0.06225515951636289,0.06282970595163696,1.0,3300000000.0,6700000000.000002,207338029.640402,101763524.034962,2452151.068608,211448647.10199,76574701.208781,123438577.865588,123438577.844435,0.0,505567.80186700006,599999.3593782779,252783.90093799998,828828.82862952,2109207.3525034944,False,True
1736,4,1,1,NORMAL,0.06286935045894636,0.062294784738465045,0.06286935045894636,1.0,3300000000.0,6700000000.000002,207468856.514523,101836135.127259,2455135.109545,211568711.093465,76631585.948645,123514413.036175,123514413.015007,0.0,505567.80383700004,599999.3657525639,252783.901926,829352.118561608,2110551.3510824945,False,True
1737,4,1,1,NORMAL,0.06290899629693576,0.062334411290624454,0.06290899629693576,1.0,3300000000.0,6700000000.000002,207599687.779888,101908760.145174,2458121.032238,211688775.085025,76688470.689106,123590248.207056,123590248.185872,0.0,505567.805788,599999.3720634247,252783.90290199997,829875.4260580919,2111895.3496754947,False,True
1738,4,1,1,NORMAL,0.06294864346564757,0.06237403917288402,0.06294864346564757,1.0,3300000000.0,6700000000.000002,207730523.436637,101981399.09138,2461108.836751,211808839.076669,76745355.43016,123666083.378225,123666083.357027,0.0,505567.80772000004,599999.3783114916,252783.903867,830398.7511195521,2113239.3482824946,False,True
1739,4,1,1,NORMAL,0.06298829196512545,0.0624136683852867,0.06298829196512545,1.0,3300000000.0,6700000000.000002,207861363.484914,102054051.968545,2464098.523147,211928903.068396,76802240.171801,123741918.549682,123741918.528469,0.0,505567.809635,599999.3844973892,252783.90482500006,830922.0937465479,2114583.3469034946,False,True
1740,4,1,1,NORMAL,0.06302794179541334,0.06245329892787552,0.06302794179541334,1.0,3300000000.0,6700000000.000002,207992207.924864,102126718.779334,2467090.091488,212048967.060205,76859124.914022,123817753.721423,123817753.700194,0.0,505567.8115259999,599999.3906217363,252783.905771,831445.453939656,2115927.3455379945,False,True
1741,4,1,1,NORMAL,0.06306759295655363,0.06249293080069346,0.06306759295655363,1.0,3300000000.0,6700000000.000002,208123056.756627,102199399.526422,2470083.541839,212169031.052096,76916009.656818,123893588.893444,123893588.872202,0.0,505567.813403,599999.3966851452,252783.90670799997,831968.8316994561,2117271.3441859945,False,True
1742,4,1,1,NORMAL,0.0631072454485906,0.0625325640037836,0.0631072454485906,1.0,3300000000.0,6700000000.000002,208253909.980349,102272094.212477,2473078.874262,212289095.044068,76972894.400184,123969424.065743,123969424.044487,0.0,505567.81525999994,599999.4026882224,252783.90763700003,832492.227026508,2118615.3428474944,False,True
1743,4,1,1,NORMAL,0.06314689927156697,0.06257219853718898,0.06314689927156697,1.0,3300000000.0,6700000000.000002,208384767.596171,102344802.840172,2476076.08882,212409159.036119,77029779.144114,124045259.238318,124045259.217048,0.0,505567.81709799997,599999.4086315681,252783.908556,833015.6399213959,2119959.3415224943,False,True
1744,4,1,1,NORMAL,0.06318655442552576,0.06261183440095265,0.06318655442552576,1.0,3300000000.0,6700000000.000002,208515629.604235,102417525.412178,2479075.185577,212529223.028249,77086663.888602,124121094.411167,124121094.389882,0.0,505567.818919,599999.4145157766,252783.909467,833539.070384684,2121303.340210494,False,True
1745,4,1,1,NORMAL,0.0632262109105103,0.06265147159511766,0.0632262109105103,1.0,3300000000.0,6700000000.000002,208646496.004684,102490261.93117,2482076.164596,212649287.020458,77143548.633643,124196929.584281,124196929.562988,0.0,505567.82072,599999.4203414363,252783.91036400004,834062.51841694,2122647.338911994,False,True
1746,4,1,1,NORMAL,0.06326586872656334,0.06269111011972707,0.06326586872656334,1.0,3300000000.0,6700000000.000002,208777366.797659,102563012.399819,2485079.02594,212769351.012744,77200433.379228,124272764.757668,124272764.736361,0.0,505567.8225020001,599999.4261091297,252783.91125800007,834585.9840187359,2123991.337625994,False,True
1747,4,1,1,NORMAL,0.06330552787373031,0.06273074997482406,0.06330552787373031,1.0,3300000000.0,6700000000.000002,208908241.98331,102635776.820796,2488083.769672,212889415.005107,77257318.125357,124348599.931316,124348599.909999,0.0,505567.82427,599999.4318194339,252783.91213999997,835109.4671906361,2125335.3363529937,False,True
1748,4,1,1,NORMAL,0.06334518835205212,0.06277039116045167,0.06334518835205212,1.0,3300000000.0,6700000000.000002,209039121.561772,102708555.196778,2491090.395855,213009478.997546,77314202.872019,124424435.105232,124424435.083897,0.0,505567.82601600006,599999.4374729197,252783.913017,835632.9679332401,2126679.335092494,False,True
1749,4,1,1,NORMAL,0.06338485016157333,0.06281003367665308,0.06338485016157333,1.0,3300000000.0,6700000000.000002,209170005.533192,102781347.53044,2494098.904553,213129542.99006,77371087.619213,124500270.279407,124500270.258054,0.0,505567.82774800004,599999.4430701524,252783.91388299997,836156.486247088,2128023.3338444936,False,True
1750,4,1,1,NORMAL,0.06342451330233757,0.06284967752347144,0.06342451330233757,1.0,3300000000.0,6700000000.000002,209300893.897714,102854153.824457,2497109.295828,213249606.982649,77427972.366934,124576105.453834,124576105.43247,0.0,505567.82946300006,599999.448611692,252783.91473699998,836680.022132768,2129367.3326089936,False,True
1751,4,1,1,NORMAL,0.06346417777438819,0.06288932270094993,0.06346417777438819,1.0,3300000000.0,6700000000.000002,209431786.655481,102926974.081501,2500121.569744,213369670.975311,77484857.115175,124651940.628519,124651940.607139,0.0,505567.83116000006,599999.4540980924,252783.915588,837203.575590856,2130711.3313859934,False,True
1752,4,1,1,NORMAL,0.06350384357776818,0.06292896920913175,0.06350384357776818,1.0,3300000000.0,6700000000.000002,209562683.806635,102999808.304249,2503135.726364,213489734.968046,77541741.863929,124727775.803458,124727775.782061,0.0,505567.832839,599999.4595299022,252783.916428,837727.146621924,2132055.3301749933,False,True
1753,4,1,1,NORMAL,0.0635435107125212,0.06296861704806012,0.0635435107125212,1.0,3300000000.0,6700000000.000002,209693585.35132,103072656.495381,2506151.765751,213609798.960854,77598626.613194,124803610.978643,124803610.957233,0.0,505567.83450299996,599999.4649076648,252783.91725800003,838250.7352265401,2133399.328975993,False,True
1754,4,1,1,NORMAL,0.0635831791786912,0.06300826621777825,0.0635831791786912,1.0,3300000000.0,6700000000.000002,209824491.289681,103145518.657569,2509169.687969,213729862.953733,77655511.362963,124879446.154077,124879446.132652,0.0,505567.836149,599999.4702319177,252783.91808200002,838774.3414052799,2134743.3277889933,False,True
1755,4,1,1,NORMAL,0.06362284897632121,0.0630479167183294,0.06362284897632121,1.0,3300000000.0,6700000000.000002,209955401.62186,103218394.793495,2512189.493081,213849926.946683,77712396.113233,124955281.329754,124955281.308315,0.0,505567.83778,599999.4755031936,252783.91889700003,839297.965158724,2136087.3266139934,False,True
1756,4,1,1,NORMAL,0.06366252010545394,0.06308756854975679,0.06366252010545394,1.0,3300000000.0,6700000000.000002,210086316.347998,103291284.905836,2515211.181149,213969990.939703,77769280.863996,125031116.505675,125031116.484221,0.0,505567.83939300006,599999.4807220194,252783.919704,839821.6064874401,2137431.3254504935,False,True
1757,4,1,1,NORMAL,0.06370219256613424,0.06312722171210372,0.06370219256613424,1.0,3300000000.0,6700000000.000002,210217235.468243,103364188.99727,2518234.752237,214090054.932793,77826165.61525,125106951.681835,125106951.660365,0.0,505567.840992,599999.4858889173,252783.92050399998,840345.2653919919,2138775.3242984936,False,True
1758,4,1,1,NORMAL,0.06374186635840484,0.06316687620541347,0.06374186635840484,1.0,3300000000.0,6700000000.000002,210348158.982736,103437107.070477,2521260.206409,214210118.925951,77883050.366989,125182786.858232,125182786.836748,0.0,505567.84257399995,599999.4910044037,252783.92129400003,840868.9418729721,2140119.3231579936,False,True
1759,4,1,1,NORMAL,0.0637815414823097,0.06320653202972937,0.0637815414823097,1.0,3300000000.0,6700000000.000002,210479086.891622,103510039.128136,2524287.543727,214330182.919178,77939935.119208,125258622.034862,125258622.013367,0.0,505567.844141,599999.4960689902,252783.92207600002,841392.635930944,2141463.3220289936,False,True
1760,4,1,1,NORMAL,0.06382121793789212,0.06324618918509471,0.06382121793789212,1.0,3300000000.0,6700000000.000002,210610019.195044,103582985.172929,2527316.764255,214450246.912472,77996819.871904,125334457.211723,125334457.190218,0.0,505567.84569200006,599999.5010831833,252783.92285099995,841916.3475664881,2142807.3209109935,False,True
1761,4,1,1,NORMAL,0.06386089572519606,0.06328584767155286,0.06386089572519606,1.0,3300000000.0,6700000000.000002,210740955.893147,103655945.207533,2530347.868056,214570310.905833,78053704.62507,125410292.388817,125410292.367299,0.0,505567.8472289999,599999.5060474846,252783.923621,842440.076780176,2144151.3198039937,False,True
1762,4,1,1,NORMAL,0.06390057484426394,0.06332550748914713,0.06390057484426394,1.0,3300000000.0,6700000000.000002,210871896.986071,103728919.234635,2533380.855193,214690374.89926,78110589.378702,125486127.566138,125486127.544608,0.0,505567.84874800005,599999.5109623902,252783.92438,842963.823572588,2145495.318708494,False,True
1763,4,1,1,NORMAL,0.06394025529514,0.06336516863792087,0.06394025529514,1.0,3300000000.0,6700000000.000002,211002842.473962,103801907.256912,2536415.725729,214810438.892752,78167474.132794,125561962.743688,125561962.722142,0.0,505567.850252,599999.5158283918,252783.92513400005,843487.587944284,2146839.3176234937,False,True
1764,4,1,1,NORMAL,0.06397993707786818,0.06340483111791748,0.06397993707786818,1.0,3300000000.0,6700000000.000002,211133792.356965,103874909.277051,2539452.479728,214930502.886309,78224358.887345,125637797.921458,125637797.899899,0.0,505567.851743,599999.520645976,252783.925878,844011.369895848,2148183.316549494,False,True
1765,4,1,1,NORMAL,0.06401962019249151,0.06344449492918032,0.06401962019249151,1.0,3300000000.0,6700000000.000002,211264746.635222,103947925.297731,2542491.117252,215050566.87993,78281243.642347,125713633.09945,125713633.077877,0.0,505567.853216,599999.5254156244,252783.92661499997,844535.1694278601,2149527.315485994,False,True
1766,4,1,1,NORMAL,0.06405930463905303,0.06348416007175275,0.06405930463905303,1.0,3300000000.0,6700000000.000002,211395705.308875,104020955.321638,2545531.638365,215170630.873614,78338128.397796,125789468.277663,125789468.256075,0.0,505567.854677,599999.5301378141,252783.92734599998,845058.986540888,2150871.314432994,False,True
1767,4,1,1,NORMAL,0.06409899041759758,0.06352382654567823,0.06409899041759758,1.0,3300000000.0,6700000000.000002,211526668.378072,104093999.351454,2548574.04313,215290694.867361,78395013.153688,125865303.456094,125865303.43449,0.0,505567.8561239999,599999.5348130174,252783.92807000002,845582.8212355,2152215.313390494,False,True
1768,4,1,1,NORMAL,0.06413867752816849,0.06356349435100019,0.06413867752816849,1.0,3300000000.0,6700000000.000002,211657635.842956,104167057.389864,2551618.331611,215410758.86117,78451897.910019,125941138.634738,125941138.61312,0.0,505567.857554,599999.5394417016,252783.92878399996,846106.673512288,2153559.312358494,False,True
1769,4,1,1,NORMAL,0.0641783659708088,0.06360316348776203,0.0641783659708088,1.0,3300000000.0,6700000000.000002,211788607.703669,104240129.439556,2554664.50387,215530822.855041,78508782.666785,126016973.813593,126016973.791964,0.0,505567.8589730001,599999.5440243299,252783.92949199994,846630.5433718241,2154903.3113369937,False,True
1770,4,1,1,NORMAL,0.06421805574556363,0.0636428339560073,0.06421805574556363,1.0,3300000000.0,6700000000.000002,211919583.96036,104313215.50321,2557712.559971,215650886.848973,78565667.423982,126092808.992657,126092808.971017,0.0,505567.86037500005,599999.5485613601,252783.93019300004,847154.4308146761,2156247.3103254936,False,True
1771,4,1,1,NORMAL,0.06425774685247546,0.06368250575577944,0.06425774685247546,1.0,3300000000.0,6700000000.000002,212050564.613169,104386315.583517,2560762.499977,215770950.842965,78622552.181605,126168644.17193,126168644.150279,0.0,505567.8617649999,599999.5530532462,252783.930888,847678.33584144,2157591.3093239935,False,True
1772,4,1,1,NORMAL,0.06429743929158849,0.06372217888712196,0.06429743929158849,1.0,3300000000.0,6700000000.000002,212181549.662242,104459429.683161,2563814.323951,215891014.837017,78679436.93965,126244479.351411,126244479.329747,0.0,505567.8631430001,599999.5575004375,252783.93157800002,848202.2584526761,2158935.3083324935,False,True
1773,4,1,1,NORMAL,0.06433713306294515,0.0637618533500783,0.06433713306294515,1.0,3300000000.0,6700000000.000002,212312539.107719,104532557.804831,2566868.031957,216011078.831128,78736321.698111,126320314.531096,126320314.50942,0.0,505567.86450200004,599999.5619033785,252783.93225699998,848726.198648968,2160279.3073509936,False,True
1774,4,1,1,NORMAL,0.0643768281665909,0.06380152914469203,0.0643768281665909,1.0,3300000000.0,6700000000.000002,212443532.94975,104605699.951213,2569923.624058,216131142.825298,78793206.456986,126396149.710983,126396149.689295,0.0,505567.865852,599999.5662625096,252783.932932,849250.156430876,2161623.3063789937,False,True
1775,4,1,1,NORMAL,0.06441652460256819,0.06384120627100663,0.06441652460256819,1.0,3300000000.0,6700000000.000002,212574531.188475,104678856.124996,2572981.100317,216251206.819526,78850091.216268,126471984.891074,126471984.86937,0.0,505567.8671859999,599999.5705782666,252783.933601,849774.131799,2162967.305416994,False,True
1776,4,1,1,NORMAL,0.06445622237092181,0.06388088472906568,0.06445622237092181,1.0,3300000000.0,6700000000.000002,212705533.824042,104752026.328869,2576040.460797,216371270.813811,78906975.975958,126547820.071358,126547820.049642,0.0,505567.868506,599999.5748510812,252783.934259,850298.1247539002,2164311.304464494,False,True
1777,4,1,1,NORMAL,0.06449592147169424,0.06392056451891269,0.06449592147169424,1.0,3300000000.0,6700000000.000002,212836540.856591,104825210.565522,2579101.705561,216491334.808153,78963860.736047,126623655.251843,126623655.23011,0.0,505567.869815,599999.5790813807,252783.934916,850822.135296168,2165655.303521494,False,True
1778,4,1,1,NORMAL,0.06453562190493001,0.06396024564059123,0.06453562190493001,1.0,3300000000.0,6700000000.000002,212967552.286269,104898408.837643,2582164.834673,216611398.802551,79020745.496533,126699490.432523,126699490.410772,0.0,505567.87110999995,599999.5832695881,252783.93556400004,851346.163426364,2166999.302587494,False,True
1779,4,1,1,NORMAL,0.06457532367067302,0.0639999280941449,0.06457532367067302,1.0,3300000000.0,6700000000.000002,213098568.113221,104971621.147924,2585229.848196,216731462.797005,79077630.257413,126775325.613392,126775325.591627,0.0,505567.872392,599999.5874161221,252783.93620300002,851870.2091450761,2168343.3016629936,False,True
1780,4,1,1,NORMAL,0.06461502676896637,0.06403961187961725,0.06461502676896637,1.0,3300000000.0,6700000000.000002,213229588.337589,105044847.499056,2588296.746193,216851526.791514,79134515.018681,126851160.794454,126851160.772673,0.0,505567.873662,599999.5915213975,252783.93683900006,852394.2724528839,2169687.3007474937,False,True
1781,4,1,1,NORMAL,0.06465473119985454,0.06407929699705192,0.06465473119985454,1.0,3300000000.0,6700000000.000002,213360612.95952,105118087.893728,2591365.528728,216971590.786078,79191399.780334,126926995.975704,126926995.953907,0.0,505567.874918,599999.5955858247,252783.937467,852918.3533503561,2171031.299841494,False,True
1782,4,1,1,NORMAL,0.06469443696338151,0.06411898344649254,0.06469443696338151,1.0,3300000000.0,6700000000.000002,213491641.979159,105191342.334636,2594436.195864,217091654.780696,79248284.542371,127002831.157138,127002831.135329,0.0,505567.876166,599999.5996098103,252783.93808900003,853442.45183808,2172375.2989444938,False,True
1783,4,1,1,NORMAL,0.06473414405959001,0.0641586712279827,0.06473414405959001,1.0,3300000000.0,6700000000.000002,213622675.396647,105264610.82447,2597508.747663,217211718.775368,79305169.304784,127078666.338758,127078666.316936,0.0,505567.87739700003,599999.6035937567,252783.93870500004,853966.5679166359,2173719.298056494,False,True
1784,4,1,1,NORMAL,0.06477385248852485,0.06419836034156606,0.06477385248852485,1.0,3300000000.0,6700000000.000002,213753713.212132,105337893.365924,2600583.18419,217331782.770093,79362054.067572,127154501.520559,127154501.498725,0.0,505567.87861600006,599999.6075380621,252783.93931400002,854490.7015865882,2175063.297176994,False,True
1785,4,1,1,NORMAL,0.0648135622502297,0.0642380507872863,0.0648135622502297,1.0,3300000000.0,6700000000.000002,213884755.425758,105411189.96169,2603659.505507,217451846.76487,79418938.83073,127230336.702542,127230336.680694,0.0,505567.879822,599999.611443121,252783.93991800002,855014.8528485281,2176407.2963064937,False,True
1786,4,1,1,NORMAL,0.06485327334474818,0.06427774256518706,0.06485327334474818,1.0,3300000000.0,6700000000.000002,214015802.037669,105484500.614463,2606737.711678,217571910.759699,79475823.594255,127306171.884702,127306171.862843,0.0,505567.881017,599999.6153093242,252783.940514,855539.0217030322,2177751.2954444936,False,True
1787,4,1,1,NORMAL,0.06489298577212485,0.06431743567531209,0.06489298577212485,1.0,3300000000.0,6700000000.000002,214146853.048012,105557825.326935,2609817.802766,217691974.754579,79532708.358144,127382007.067039,127382007.04517,0.0,505567.882202,599999.6191370578,252783.94110599998,856063.2081506759,2179095.294590994,False,True
1788,4,1,1,NORMAL,0.06493269953240303,0.06435713011770505,0.06493269953240303,1.0,3300000000.0,6700000000.000002,214277908.45693,105631164.101805,2612899.778834,217812038.749511,79589593.122392,127457842.249551,127457842.227674,0.0,505567.883376,599999.622926705,252783.94169200002,856587.412192048,2180439.2937459936,False,True
1789,4,1,1,NORMAL,0.06497241462562516,0.06439682589240958,0.06497241462562516,1.0,3300000000.0,6700000000.000002,214408968.264563,105704516.941769,2615983.639946,217932102.744493,79646477.886994,127533677.432242,127533677.410352,0.0,505567.884537,599999.6266786448,252783.94227500004,857111.6338277201,2181783.2929094937,False,True
1790,4,1,1,NORMAL,0.06501213105183606,0.06443652299946935,0.06501213105183606,1.0,3300000000.0,6700000000.000002,214540032.471059,105777883.849523,2619069.386165,218052166.739525,79703362.651948,127609512.615106,127609512.593201,0.0,505567.885685,599999.630393252,252783.94285000005,857635.8730582522,2183127.292081494,False,True
1791,4,1,1,NORMAL,0.06505184881108121,0.06447622143892819,0.06505184881108121,1.0,3300000000.0,6700000000.000002,214671101.076568,105851264.827758,2622157.017554,218172230.734606,79760247.417252,127685347.798138,127685347.776223,0.0,505567.88682400004,599999.6340708983,252783.94341699994,858160.1298842361,2184471.2912614937,False,True
1792,4,1,1,NORMAL,0.06509156790340304,0.06451592121082979,0.06509156790340304,1.0,3300000000.0,6700000000.000002,214802174.08123,105924659.879176,2625246.534176,218292294.729736,79817132.1829,127761182.981341,127761182.959413,0.0,505567.887949,599999.6377119515,252783.94398100002,858684.404306272,2185815.2904494936,False,True
1793,4,1,1,NORMAL,0.06513128832884575,0.06455562231521791,0.06513128832884575,1.0,3300000000.0,6700000000.000002,214933251.485191,105998069.006475,2628337.936095,218412358.724915,79874016.94889,127837018.16471,127837018.142769,0.0,505567.8890630001,599999.6413167757,252783.94453799998,859208.69632492,2187159.2896454935,False,True
1794,4,1,1,NORMAL,0.06517101008745273,0.0645953247521363,0.06517101008745273,1.0,3300000000.0,6700000000.000002,215064333.288594,106071492.212353,2631431.223374,218532422.720142,79930901.715217,127912853.348245,127912853.326291,0.0,505567.890165,599999.6448857313,252783.94508900002,859733.005940764,2188503.2888494935,False,True
1795,4,1,1,NORMAL,0.06521073317926789,0.06463502852162865,0.06521073317926789,1.0,3300000000.0,6700000000.000002,215195419.491584,106144929.49951,2634526.396076,218652486.715416,79987786.481879,127988688.531948,127988688.509975,0.0,505567.89125900005,599999.6484191752,252783.94563899998,860257.333154376,2189847.2880614935,False,True
1796,4,1,1,NORMAL,0.06525045760433636,0.06467473362373884,0.06525045760433636,1.0,3300000000.0,6700000000.000002,215326510.09431,106218380.870642,2637623.454265,218772550.710737,80044671.248874,128064523.71581,128064523.693822,0.0,505567.89234099997,599999.651917461,252783.946178,860781.6779663361,2191191.2872814937,False,True
1797,4,1,1,NORMAL,0.06529018336270061,0.06471444005851057,0.06529018336270061,1.0,3300000000.0,6700000000.000002,215457605.096912,106291846.328451,2640722.398003,218892614.706105,80101556.016195,128140358.899835,128140358.87783,0.0,505567.8934109999,599999.655380938,252783.94671399996,861306.0403772399,2192535.2865089937,False,True
1798,4,1,1,NORMAL,0.06532991045440606,0.0647541478259877,0.06532991045440606,1.0,3300000000.0,6700000000.000002,215588704.49954,106365325.875638,2643823.227354,219012678.701519,80158440.783844,128216194.084015,128216194.061997,0.0,505567.894473,599999.658809953,252783.947243,861830.420387648,2193879.285744494,False,True
1799,4,1,1,NORMAL,0.06536963887949576,0.06479385692621403,0.06536963887949576,1.0,3300000000.0,6700000000.000002,215719808.302336,106438819.514902,2646925.942382,219132742.696978,80215325.551814,128292029.268356,128292029.246323,0.0,505567.895525,599999.6622048487,252783.94777,862354.81799816,2195223.284987494,False,True
1800,4,1,1,NORMAL,0.06540936863801393,0.06483356735923339,0.06540936863801393,1.0,3300000000.0,6700000000.000002,215850916.505446,106512327.248948,2650030.543149,219252806.692482,80272210.320104,128367864.452851,128367864.430803,0.0,505567.896563,599999.6655659649,252783.94828900005,862879.2332093441,2196567.284237994,False,True
1801,4,1,1,NORMAL,0.06544909973000484,0.06487327912508961,0.06544909973000484,1.0,3300000000.0,6700000000.000002,215982029.109016,106585849.080475,2653137.029719,219372870.688031,80329095.088709,128443699.637499,128443699.615439,0.0,505567.897592,599999.6688936373,252783.94880200003,863403.6660217838,2197911.283495994,False,True
1802,4,1,1,NORMAL,0.06548883215551182,0.06491299222382653,0.06548883215551182,1.0,3300000000.0,6700000000.000002,216113146.113189,106659385.012188,2656245.402155,219492934.683625,80385979.857627,128519534.822301,128519534.800227,0.0,505567.89861400006,599999.6721881989,252783.949314,863928.116436064,2199255.2827614937,False,True
1803,4,1,1,NORMAL,0.06552856591457909,0.06495270665548798,0.06552856591457909,1.0,3300000000.0,6700000000.000002,216244267.518111,106732935.046786,2659355.660521,219612998.679262,80442864.626853,128595370.007256,128595369.985166,0.0,505567.89962,599999.675449979,252783.94981799996,864452.5844527561,2200599.282033994,False,True
1804,4,1,1,NORMAL,0.06556830100725151,0.06499242242011789,0.06556830100725151,1.0,3300000000.0,6700000000.000002,216375393.32393,106806499.186974,2662467.80488,219733062.674943,80499749.396386,128671205.192355,128671205.170257,0.0,505567.900618,599999.6786793038,252783.95031299998,864977.0700724439,2201943.281313994,False,True
1805,4,1,1,NORMAL,0.06560803743357181,0.06503213951776009,0.06560803743357181,1.0,3300000000.0,6700000000.000002,216506523.530787,106880077.435461,2665581.835295,219853126.670667,80556634.166223,128747040.377605,128747040.355495,0.0,505567.90161000006,599999.6818764966,252783.950811,865501.57329572,2203287.280600994,False,True
1806,4,1,1,NORMAL,0.06564777519358425,0.06507185794845842,0.06564777519358425,1.0,3300000000.0,6700000000.000002,216637658.138828,106953669.794946,2668697.751829,219973190.666433,80613518.936358,128822875.563006,128822875.540879,0.0,505567.90258700005,599999.6850418766,252783.95130199997,866026.094123148,2204631.279894994,False,True
1807,4,1,1,NORMAL,0.06568751428733363,0.06511157771225683,0.06568751428733363,1.0,3300000000.0,6700000000.000002,216768797.148201,107027276.268135,2671815.554546,220093254.662241,80670403.706791,128898710.748549,128898710.726408,0.0,505567.9035540001,599999.6881757607,252783.95178399995,866550.6325553121,2205975.279195994,False,True
1808,4,1,1,NORMAL,0.06572725471486394,0.06515129880919923,0.06572725471486394,1.0,3300000000.0,6700000000.000002,216899940.559051,107100896.857734,2674935.243509,220213318.658091,80727288.477518,128974545.934237,128974545.912082,0.0,505567.90451600007,599999.6912784621,252783.95226499997,867075.188592804,2207319.278503994,False,True
1809,4,1,1,NORMAL,0.06576699647621909,0.06519102123932954,0.06576699647621909,1.0,3300000000.0,6700000000.000002,217031088.371523,107174531.56645,2678056.818782,220333382.653983,80784173.248536,129050381.120066,129050381.097898,0.0,505567.905465,599999.6943502912,252783.95273900003,867599.762236204,2208663.277818994,False,True
1810,4,1,1,NORMAL,0.06580673957144212,0.06523074500269165,0.06580673957144212,1.0,3300000000.0,6700000000.000002,217162240.585759,107248180.39699,2681180.280427,220453446.649915,80841058.019842,129126216.306038,129126216.283855,0.0,505567.90640499996,599999.6973915551,252783.95321000004,868124.353486092,2210007.277140994,False,True
1811,4,1,1,NORMAL,0.06584648400057788,0.06527047009932947,0.06584648400057788,1.0,3300000000.0,6700000000.000002,217293397.201907,107321843.352062,2684305.628508,220573510.645888,80897942.791434,129202051.492148,129202051.469951,0.0,505567.907336,599999.700402558,252783.95367499997,868648.962343036,2211351.276469494,False,True
1812,4,1,1,NORMAL,0.06588622976367091,0.06531019652928699,0.06588622976367091,1.0,3300000000.0,6700000000.000002,217424558.220114,107395520.434372,2687432.863088,220693574.641901,80954827.563309,129277886.678397,129277886.656186,0.0,505567.90826000005,599999.7033836008,252783.954137,869173.588807628,2212695.275804994,False,True
1813,4,1,1,NORMAL,0.06592597686076515,0.06534992429260816,0.06592597686076515,1.0,3300000000.0,6700000000.000002,217555723.640525,107469211.64663,2690561.984231,220813638.637954,81011712.335465,129353721.864778,129353721.842559,0.0,505567.909172,599999.7063349818,252783.95459,869698.232880456,2214039.2751469943,False,True
1814,4,1,1,NORMAL,0.06596572529190303,0.06538965338933687,0.06596572529190303,1.0,3300000000.0,6700000000.000002,217686893.46328,107542916.991545,2693692.992,220933702.634046,81068597.107895,129429557.0513,129429557.029068,0.0,505567.910075,599999.7092569962,252783.955044,870222.8945621,2215383.274495494,False,True
1815,4,1,1,NORMAL,0.0660054750571309,0.06542938381951714,0.0660054750571309,1.0,3300000000.0,6700000000.000002,217818067.688532,107616636.471825,2696825.886458,221053766.630177,81125481.880601,129505392.237954,129505392.215711,0.0,505567.9109710001,599999.712149936,252783.955491,870747.57385312,2216727.273850494,False,True
1816,4,1,1,NORMAL,0.06604522615649243,0.06546911558319297,0.06604522615649243,1.0,3300000000.0,6700000000.000002,217949246.316425,107690370.090179,2699960.667669,221173830.626346,81182366.653579,129581227.424742,129581227.402485,0.0,505567.911856,599999.7150140906,252783.955935,871272.270754128,2218071.273211994,False,True
1817,4,1,1,NORMAL,0.06608497859003061,0.06550884868040831,0.06608497859003061,1.0,3300000000.0,6700000000.000002,218080429.347101,107764117.84932,2703097.335696,221293894.622553,81239251.426824,129657062.611665,129657062.589391,0.0,505567.9127329999,599999.7178497465,252783.95637499998,871796.9852657001,2219415.2725794944,False,True
1818,4,1,1,NORMAL,0.0661247323577903,0.06554858311120715,0.0661247323577903,1.0,3300000000.0,6700000000.000002,218211616.780708,107837879.751959,2706235.890602,221413958.618798,81296136.200337,129732897.798715,129732897.776427,0.0,505567.91360200004,599999.7206571872,252783.95680800005,872321.7173884041,2220759.2719534943,False,True
1819,4,1,1,NORMAL,0.06616448745981605,0.06558831887563353,0.06616448745981605,1.0,3300000000.0,6700000000.000002,218342808.617393,107911655.800804,2709376.33245,221534022.61508,81353020.974112,129808732.985896,129808732.963591,0.0,505567.9144589999,599999.7234366932,252783.95723799997,872846.467122832,2222103.271333494,False,True
1820,4,1,1,NORMAL,0.06620424389615122,0.06562805597373145,0.06620424389615122,1.0,3300000000.0,6700000000.000002,218474004.857299,107985445.998571,2712518.661304,221654086.611399,81409905.748148,129884568.173206,129884568.150883,0.0,505567.915312,599999.7261885429,252783.957665,873371.234469572,2223447.2707199943,False,True
1821,4,1,1,NORMAL,0.06624400166684061,0.06566779440554495,0.06624400166684061,1.0,3300000000.0,6700000000.000002,218605205.500574,108059250.347971,2715662.877227,221774150.607755,81466790.522443,129960403.360638,129960403.338304,0.0,505567.91615500004,599999.7289130111,252783.958083,873896.0194291961,2224791.2701124945,False,True
1822,4,1,1,NORMAL,0.06628376077192819,0.06570753417111806,0.06628376077192819,1.0,3300000000.0,6700000000.000002,218736410.547363,108133068.851719,2718808.980283,221894214.604147,81523675.296996,130036238.548192,130036238.525849,0.0,505567.91698899993,599999.7316103706,252783.958499,874420.822002296,2226135.2695109947,False,True
1823,4,1,1,NORMAL,0.06632352121145758,0.0657472752704948,0.06632352121145758,1.0,3300000000.0,6700000000.000002,218867619.99781,108206901.512528,2721956.970535,222014278.600575,81580560.071801,130112073.735873,130112073.713518,0.0,505567.91781600006,599999.7342808908,252783.95891400002,874945.6421894521,2227479.2689154944,False,True
1824,4,1,1,NORMAL,0.06636328298547332,0.06578701770371922,0.06636328298547332,1.0,3300000000.0,6700000000.000002,218998833.852062,108280748.333109,2725106.848046,222134342.597038,81637444.846855,130187908.92368,130187908.901309,0.0,505567.918632,599999.736924839,252783.959324,875470.4799912402,2228823.2683259943,False,True
1825,4,1,1,NORMAL,0.0663889701511394,0.06582585334548828,0.0663889701511394,1.0,3300000000.0,6700000000.000002,219083601.49876,108334698.761622,2728257.944777,222209382.59485,81672997.831418,130235305.916137,130235305.893753,0.0,315979.949651,599999.7395424795,157989.97483199998,875995.3354082479,2229663.267960994,False,True
