day,stage,motor_b,throttle,throttle_name,price,ema30,p_kash,price_over_pkash,supply,tokens_burned_total,vault_core_usd,vault_sociedad_usd,r_op_usd,burned_total_usd,recirculated_total_usd,staking_total_usd,om_total_usd,deferred_queue_usd,fee_total_usd,users,buy_pressure,sell_pressure,lp_depth_usd,burn_cap_hit,kash_lock_hit
1,1,0,1,NORMAL,0.00010442050000000001,0.00010028519354838711,1.6170542691e-06,64.57451799568673,9904233364.138268,95766635.86173248,16170.542691,6931.329041,0.232581,23100.0,0.0,9900.0,9900.0,0.0,66000.0,0.0,33000.0,6000.0,300000.0,True,False
2,1,0,1,NORMAL,0.00010901140628008251,0.00010084817501494811,3.2654347795463047e-06,33.383427824955184,9809362099.259542,190637900.74045753,32341.628092,13863.987378,0.697752,46200.0,0.0,19800.0,19800.0,0.0,66000.0,0.0,33000.0,6205.2300000000005,300000.0,True,False
3,1,0,1,NORMAL,0.0001137773493704175,0.00010168231529594614,4.945607648091818e-06,23.005737103774628,9715377456.176544,284622543.8234558,48513.256221,20797.975265,1.395521,69300.0,0.0,29700.0,29700.0,0.0,66000.0,0.0,33000.0,6415.99414290495,300000.0,True,False
4,1,0,1,NORMAL,0.00011872294021893495,0.00010278171045226801,6.65804570010569e-06,17.83149974729827,9622270774.93546,377729225.06454086,64685.427097,27733.292958,2.325896,92400.0,0.0,39600.0,39600.0,0.0,66000.0,0.0,33000.0,6632.3393705812605,300000.0,True,False
5,1,0,1,NORMAL,0.00012385275783045128,0.00010414113286376371,8.403228575589773e-06,14.738711046159873,9530033484.624416,469966515.37558365,80858.140738,34669.940712,3.488885,115500.0,0.0,49500.0,49500.0,0.0,66000.0,0.0,33000.0,6854.305667898404,300000.0,True,False
6,1,0,0,ACELERADO,0.00012917133627963893,0.000105755984697046,1.0181642836570165e-05,12.686689010115796,9438657103.200907,561342896.7990932,97031.397161,41607.918782,4.884495,138600.0,0.0,59400.0,59400.0,0.0,66000.0,0.0,33000.0,7081.925575723679,300000.0,True,False
7,1,0,0,ACELERADO,0.00013468315112926727,0.0001076222534991248,1.1993782075906649e-05,11.22941456472029,9348133237.336231,651866762.6637688,113205.196385,48547.227423,6.512734,161700.0,0.0,69300.0,69300.0,0.0,66000.0,0.0,33000.0,7315.223704234601,300000.0,True,False
8,1,0,0,ACELERADO,0.00014039260529258359,0.00010973646974386408,1.3840147026602174e-05,10.143866609417854,9258453582.274855,741546417.7251453,129379.538429,55487.866891,8.37361,184800.0,0.0,79200.0,79200.0,0.0,66000.0,0.0,33000.0,7554.216249484093,300000.0,True,False
9,1,0,0,ACELERADO,0.00014630401438644626,0.00011209566617241777,1.5721245672026848e-05,9.30613371475825,9169609921.706343,830390078.2936573,145554.42331,62429.83744,10.46713,207900.0,0.0,89100.0,89100.0,0.0,66000.0,0.0,33000.0,7798.910516376121,300000.0,True,False
10,1,0,0,ACELERADO,0.00015242159162979913,0.0001146973387825714,1.7637593357614084e-05,8.64185881482517,9081594127.647337,918405872.352663,161729.851047,69373.139326,12.793303,231000.0,0.0,99000.0,99000.0,0.0,66000.0,0.0,33000.0,8049.304451420551,300000.0,True,False
11,1,0,0,ACELERADO,0.0001587494323502009,0.0001175394093353217,1.9589712902429386e-05,8.103714084064697,8994398160.330853,1005601839.6691475,177905.821657,76317.772804,15.352136,254100.0,0.0,108900.0,108900.0,0.0,66000.0,0.0,33000.0,8305.386188831066,300000.0,True,False
12,1,0,0,ACELERADO,0.00016529149816930824,0.00012062018926009503,2.1578134712335307e-05,7.660138393464477,8908014068.099947,1091985931.900053,194082.33516,83263.73813,18.143637,277200.0,0.0,118800.0,118800.0,0.0,66000.0,0.0,33000.0,8567.133613705286,300000.0,True,False
13,1,0,0,ACELERADO,0.0001720516009463462,0.0001239383448527564,2.360339689246222e-05,7.289272884331795,8822433987.302635,1177566012.6973648,210259.391573,90211.035559,21.167814,300300.0,0.0,128700.0,128700.0,0.0,66000.0,0.0,33000.0,8834.513946177087,300000.0,True,False
14,1,0,0,ACELERADO,0.00017903338656657318,0.00012749286367300265,2.5666045361279116e-05,6.975495603100216,8737650142.184761,1262349857.815239,226436.990915,97159.665346,24.424674,323400.0,0.0,138600.0,138600.0,0.0,66000.0,0.0,33000.0,9107.48335055325,300000.0,True,False
15,1,0,0,ACELERADO,0.0001862403186694314,0.00013128302205986904,2.7766633964053012e-05,6.707342305536211,8653654844.777336,1346345155.2226639,242615.133204,104109.627747,27.914226,346500.0,0.0,148500.0,148500.0,0.0,66000.0,0.0,33000.0,9385.986573535425,300000.0,True,False
16,1,0,0,ACELERADO,0.0001936756624183386,0.00013530835369589934,2.990572458689955e-05,6.47620698356795,8570440494.774731,1429559505.2252693,258793.818458,111060.923018,31.636477,369600.0,0.0,158400.0,158400.0,0.0,66000.0,0.0,33000.0,9669.9566156796,300000.0,True,False
17,1,0,0,ACELERADO,0.00020134246842077932,0.00013956861916202063,3.208388727074728e-05,6.275501055146606,8487999579.399962,1512000420.6000376,274973.046695,118013.551414,35.591435,392700.0,0.0,168300.0,168300.0,0.0,66000.0,0.0,33000.0,9959.314440254699,300000.0,True,False
18,1,0,0,ACELERADO,0.00020924355691335372,0.0001440637764363002,3.430170032531768e-05,6.100092850467635,8406324673.253218,1593675326.7467823,291152.817934,124967.51319,39.779108,415800.0,0.0,178200.0,178200.0,0.0,66000.0,0.0,33000.0,10253.96872362555,300000.0,True,False
19,1,0,0,ACELERADO,0.00021738150233159293,0.00014879395230051263,3.655975044240864e-05,5.945924129707253,8325408438.1396675,1674591561.8603325,307333.132192,131922.808603,44.199504,438900.0,0.0,188100.0,188100.0,0.0,66000.0,0.0,33000.0,10553.815651199937,300000.0,True,False
20,1,0,0,ACELERADO,0.00022575861838850723,0.00015375941462877037,3.885863280964627e-05,5.809741672961405,8245243622.872573,1754756377.127427,323513.989488,138879.437908,48.852631,462000.0,0.0,198000.0,198000.0,0.0,66000.0,0.0,33000.0,10858.73876284153,300000.0,True,False
21,1,0,0,ACELERADO,0.0002343769437888594,0.00015896054554232449,4.1198951222941913e-05,5.688905586954482,8165823063.047659,1834176936.952341,339695.38984,145837.401361,53.738496,485100.0,0.0,207900.0,207900.0,0.0,66000.0,0.0,33000.0,11168.608851458172,300000.0,True,False
22,1,0,0,ACELERADO,0.00024323822870791874,0.00016439781542397573,4.358131819894944e-05,5.5812499199205545,8087139680.784755,1912860319.2152452,355877.333267,152796.699218,58.857107,508200.0,0.0,217800.0,217800.0,0.0,66000.0,0.0,33000.0,11483.283918226158,300000.0,True,False
23,1,0,0,ACELERADO,0.0002523439221638285,0.00017007175779428885,4.600635508621465e-05,5.484979666199222,8009186484.432734,1990813515.5672665,372059.819786,159757.331735,64.208472,531300.0,0.0,227700.0,227700.0,0.0,66000.0,0.0,33000.0,11802.609187605643,300000.0,True,False
24,1,0,0,ACELERADO,0.00026169516041161107,0.00017598294505992253,4.847469217636753e-05,5.398593547731556,7931956568.233886,2068043431.7661142,388242.849416,166719.299168,69.792599,554400.0,0.0,237600.0,237600.0,0.0,66000.0,0.0,33000.0,12126.417184939686,300000.0,True,False
25,1,0,0,ACELERADO,0.0002712927564841474,0.000182131965151808,5.098696881355325e-05,5.320825355910017,7855443111.943975,2144556888.0560246,404426.422175,173682.601773,75.609496,577500.0,0.0,247500.0,247500.0,0.0,66000.0,0.0,33000.0,12454.527879011393,300000.0,True,False
26,1,0,0,ACELERADO,0.0002811371910011436,0.0001885193990775716,5.354383350335435e-05,5.250598857168702,7779639380.404415,2220360619.595585,420610.538081,180647.239806,81.65917,600600.0,0.0,257400.0,257400.0,0.0,66000.0,0.0,33000.0,12786.748891462143,300000.0,True,False
27,1,0,0,ACELERADO,0.0002912286043610895,0.00019514579941844374,5.614594402064607e-05,5.18699274615453,7704538723.063182,2295461276.936818,436795.197153,187613.213523,87.941629,623700.0,0.0,267300.0,267300.0,0.0,66000.0,0.0,33000.0,13122.875774452648,300000.0,True,False
28,1,0,0,ACELERADO,0.00030156679042351887,0.00020201166980586796,5.8793967515929804e-05,5.12921313469467,7630134573.441385,2369865426.5586147,452980.399409,194580.52318,94.456881,646800.0,0.0,277200.0,277200.0,0.0,66000.0,0.0,33000.0,13462.692357381966,300000.0,True,False
29,1,0,0,ACELERADO,0.0003121511917795098,0.00020911744541707067,6.14885806208519e-05,5.076571757352513,7556420448.542655,2443579551.457345,469166.144867,201549.169033,101.204934,669900.0,0.0,287100.0,287100.0,0.0,66000.0,0.0,33000.0,13805.971162873462,300000.0,True,False
30,1,0,0,ACELERADO,0.0003229808966973738,0.00021646347453192893,6.423046955236667e-05,5.028468559365733,7484899190.671964,2515100809.3280363,485352.433545,208519.151339,108.185796,693000.0,0.0,297000.0,297000.0,0.0,66000.0,0.0,33000.0,14152.473891597887,300000.0,False,False
31,1,0,0,ACELERADO,0.00033405353574402006,0.00022404993009399936,6.700681634924916e-05,4.985366473805963,7415748597.942716,2584251402.0572844,501539.265462,215490.470354,115.399474,716100.0,0.0,306900.0,306900.0,0.0,66000.0,0.0,33000.0,14504.87671375607,300000.0,False,False
32,1,0,0,ACELERADO,0.0003453659917312444,0.00023187677278027326,6.981448114066707e-05,4.946910527564862,7348863031.462343,2651136968.537657,517726.640635,222463.126334,122.845977,739200.0,0.0,316800.0,316800.0,0.0,66000.0,0.0,33000.0,14863.542235989142,300000.0,False,False
33,1,0,0,ACELERADO,0.00035691457061135526,0.00023994372747905278,7.265267522298028e-05,4.912614291434406,7284141661.414513,2715858338.5854874,533914.559083,229437.119536,130.525312,762300.0,0.0,326700.0,326700.0,0.0,66000.0,0.0,33000.0,15228.284213748428,300000.0,False,False
34,1,0,0,ACELERADO,0.00036869499498742863,0.00024825026086668995,7.552063735086326e-05,4.882042947737572,7221488247.850307,2778511752.1496925,550103.020824,236412.450216,138.437487,785400.0,0.0,336600.0,336600.0,0.0,66000.0,0.0,33000.0,15598.897760136268,300000.0,False,False
35,1,0,0,ACELERADO,0.0003807024006544719,0.0002567955602078372,7.84176344876797e-05,4.854805977529003,7160810931.499561,2839189068.5004387,566292.025877,243389.118631,146.582509,808500.0,0.0,346500.0,346500.0,0.0,66000.0,0.0,33000.0,15975.159440057665,300000.0,False,False
36,1,0,0,ACELERADO,0.00039293133634601046,0.0002655785135070742,8.134296238666662e-05,4.830551098916186,7102022034.144583,2897977965.8554173,582481.574259,250367.125037,154.960387,831600.0,0.0,356400.0,356400.0,0.0,66000.0,0.0,33000.0,16356.82747352801,300000.0,False,False
37,1,0,0,ACELERADO,0.0004053757668357708,0.00027459769114118363,8.429594601519822e-05,4.808959220443213,7045037868.119289,2954962131.8807106,598671.665989,257346.469691,163.571128,854700.0,0.0,366300.0,366300.0,0.0,66000.0,0.0,33000.0,16743.642051811454,300000.0,False,False
38,1,0,0,ACELERADO,0.00041802907951571627,0.0002838513291008309,8.727593983112837e-05,4.789740223073707,6989778554.516606,3010221445.4833937,614862.301086,264327.152849,172.414741,877800.0,0.0,376200.0,376200.0,0.0,66000.0,0.0,33000.0,17135.325769055406,300000.0,False,False
39,1,0,0,ACELERADO,0.0004308840945399638,0.00029333731396787173,9.02823279228539e-05,4.7726294220963545,6936167849.705924,3063832150.294076,631053.479567,271309.174768,181.491232,900900.0,0.0,386100.0,386100.0,0.0,66000.0,0.0,33000.0,17531.584170979626,300000.0,False,False
40,1,0,0,ACELERADO,0.00044393307858941474,0.0003030531697499068,9.331452402459402e-05,4.757384589695936,6884132979.780485,3115867020.219515,647245.20145,278292.535705,190.80061,924000.0,0.0,396000.0,396000.0,0.0,66000.0,0.0,33000.0,17932.10642098647,300000.0,False,False
41,1,0,0,ACELERADO,0.00045716776227470887,0.0003129960466869908,9.637197141638527e-05,4.743783441966413,6833604482.571796,3166395517.4282036,663437.466754,285277.235917,200.342883,947100.0,0.0,405900.0,405900.0,0.0,66000.0,0.0,33000.0,18336.56608279723,300000.0,False,False
42,1,0,0,ACELERADO,0.00047057936115587186,0.00032316271213659605,9.945414271930824e-05,4.73162151207717,6784516056.884661,3215483943.1153393,679630.275497,292263.27566,210.118058,970200.0,0.0,415800.0,415800.0,0.0,66000.0,0.0,33000.0,18744.622017406607,300000.0,False,False
43,1,0,0,ACELERADO,0.00048415860031636774,0.0003335495436320652,0.00010256053959676395,4.720710345518152,6736804418.622105,3263195581.3778954,695823.627697,299250.655192,220.126144,993300.0,0.0,425700.0,425700.0,0.0,66000.0,0.0,33000.0,19155.919390803232,300000.0,False,False
44,1,0,0,ACELERADO,0.0004978957423878415,0.000344152524196954,0.00010569069237112136,4.710875964739968,6690409163.484522,3309590836.515478,712017.523373,306239.374769,230.367148,1016400.0,0.0,435600.0,435600.0,0.0,66000.0,0.0,33000.0,19570.0907875512,300000.0,False,False
45,1,0,0,ACELERADO,0.0005117806188803442,0.00035496723998297916,0.00010884415956463419,4.701957559573391,6645272635.941651,3354727364.0583487,728211.962543,313229.434649,240.841078,1039500.0,0.0,445500.0,445500.0,0.0,66000.0,0.0,33000.0,19986.75742398926,300000.0,False,False
46,1,0,0,ACELERADO,0.000525802664632023,0.00036598888028291745,0.00011202052737442213,4.693806367064833,6601339804.189713,3398660195.8102875,744406.945225,320220.835088,251.547941,1062600.0,0.0,455400.0,455400.0,0.0,66000.0,0.0,33000.0,20405.53045350501,300000.0,False,False
47,1,0,0,ACELERADO,0.0005399509551528691,0.00037721223995194664,0.00011521940908923727,4.686284710370957,6558558140.819083,3441441859.180917,760602.471436,327213.576344,262.487746,1085700.0,0.0,465300.0,465300.0,0.0,66000.0,0.0,33000.0,20826.01235510633,300000.0,False,False
48,1,0,0,ACELERADO,0.0005542142465999198,0.00038863172425181587,0.00011844044445704759,4.6792651711207105,6516877508.930391,3483122491.0696087,776798.541196,334207.658673,273.6605,1108800.0,0.0,475200.0,475200.0,0.0,66000.0,0.0,33000.0,21247.798395365335,300000.0,False,False
49,1,0,0,ACELERADO,0.0005685810180870185,0.00040024135611215156,0.00012168329900881527,4.672629873766226,6476250053.448814,3523749946.5511856,792995.154523,341203.082333,285.066211,1131900.0,0.0,485100.0,485100.0,0.0,66000.0,0.0,33000.0,21670.478152774915,300000.0,False,False
50,1,0,0,ACELERADO,0.0005830395160015454,0.00041203478578243503,0.0001249476633478781,4.666269863552809,6436630097.397776,3563369902.6022243,809192.311435,348199.847581,296.704887,1155000.0,0.0,495000.0,495000.0,0.0,66000.0,0.0,33000.0,22093.637092656212,300000.0,False,False
51,1,0,0,ACELERADO,0.0005975777999740668,0.00042400530282705643,0.00012823325241009137,4.660084562645314,6397974042.904114,3602025957.095886,825390.01195,355197.954675,308.576536,1178100.0,0.0,504900.0,504900.0,0.0,66000.0,0.0,33000.0,22516.85818000667,300000.0,False,False
52,1,0,0,ACELERADO,0.0006121837901251506,0.00043614585039467545,0.00013153980470105087,4.653981291187518,6360240276.717202,3639759723.282798,841588.256086,362197.403871,320.681166,1201200.0,0.0,514800.0,514800.0,0.0,66000.0,0.0,33000.0,22939.723517098955,300000.0,False,False
53,1,0,0,ACELERADO,0.0006268453151971141,0.00044844904167225214,0.0001348670815160998,4.647874842033148,6323389080.034435,3676610919.9655647,857787.043862,369198.195427,333.018784,1224300.0,0.0,524700.0,524700.0,0.0,66000.0,0.0,33000.0,23361.815992244243,300000.0,False,False
54,1,0,0,ACELERADO,0.0006415501611675468,0.0004609071784138841,0.00013821486614773364,4.641687099575913,6287382542.435005,3712617457.564995,873986.375297,376200.329601,345.589399,1247400.0,0.0,534600.0,534600.0,0.0,66000.0,0.0,33000.0,23782.72092592905,300000.0,False,False
55,1,0,0,ACELERADO,0.0006562861199363006,0.00047351227141533036,0.0001415829630851831,4.63534669451329,6252184479.73296,3747815520.2670403,890186.250408,383203.80665,358.393018,1270500.0,0.0,544500.0,544500.0,0.0,66000.0,0.0,33000.0,24202.02770052719,300000.0,False,False
56,1,0,0,ACELERADO,0.0006710410376783608,0.0004862560627871388,0.00014497119721133264,4.628788687591141,6217760355.569227,3782239644.430773,906386.669213,390208.626832,371.429648,1293600.0,0.0,554400.0,554400.0,0.0,66000.0,0.0,33000.0,24619.331359979416,300000.0,False,False
57,1,0,0,ACELERADO,0.0006858028624615679,0.0004991300498629084,0.00014837941299951216,4.621954276526371,6184077206.570568,3815922793.429432,922587.631731,397214.790404,384.699298,1316700.0,0.0,564300.0,564300.0,0.0,66000.0,0.0,33000.0,25034.23416621929,300000.0,False,False
58,1,0,0,ACELERADO,0.0007005596907403895,0.0005121255105646813,0.0001518074737135459,4.61479052119868,6151103570.911362,3848896429.0886383,938789.137979,404222.297624,398.201976,1339800.0,0.0,574200.0,574200.0,0.0,66000.0,0.0,33000.0,25446.347099696595,300000.0,False,False
59,1,0,0,ACELERADO,0.0007152998123545566,0.0005252335300349959,0.00015525526061586155,4.607250082973862,6118809420.121693,3881190579.8783073,954991.187977,411231.148749,411.937689,1362900.0,0.0,584100.0,584100.0,0.0,66000.0,0.0,33000.0,25855.291292098616,300000.0,False,False
60,1,0,0,ACELERADO,0.0007300117536839907,0.0005384450283349311,0.00015872267218328964,4.599290974896065,6087166093.992454,3912833906.0075464,971193.781742,418241.344037,425.906445,1386000.0,0.0,594000.0,594000.0,0.0,66000.0,0.0,33000.0,26260.69938027804,300000.0,False,False
61,1,0,0,ACELERADO,0.0007446843186385483,0.0005517507889996806,0.00016220962333646224,4.590876319920254,6056146238.435092,3943853761.564908,987396.919293,425252.883746,440.108252,1409100.0,0.0,603900.0,603900.0,0.0,66000.0,0.0,33000.0,26662.21677144695,300000.0,False,False
62,1,0,0,ACELERADO,0.0007593066271921257,0.0005651414882379029,0.0001657160446817959,4.581974115120407,6025723746.160235,3974276253.8397646,1003600.600648,432265.768134,454.543118,1432200.0,0.0,613800.0,613800.0,0.0,66000.0,0.0,33000.0,27059.50281086666,300000.0,False,False
63,1,0,0,ACELERADO,0.0007738681512049373,0.0005786077245583569,0.00016924188176977893,4.572557000149858,5995873700.045749,4004126299.9542513,1019804.825825,439279.997459,469.211051,1455300.0,0.0,623700.0,623700.0,0.0,66000.0,0.0,33000.0,27452.231844530572,300000.0,False,False
64,1,0,0,ACELERADO,0.0007883587473146147,0.0005921400486071477,0.00017278709437026587,4.562602028744339,5966572319.070799,4033427680.929201,1036009.594842,446295.571979,484.112058,1478400.0,0.0,633600.0,633600.0,0.0,66000.0,0.0,33000.0,27840.09417067626,300000.0,False,False
65,1,0,0,ACELERADO,0.0008027686867154344,0.0006057289930012308,0.00017635165576638249,4.552090442399262,5937796906.698257,4062203093.3017426,1052214.907718,453312.491951,499.246147,1501500.0,0.0,643500.0,643500.0,0.0,66000.0,0.0,33000.0,28222.796875348264,300000.0,False,False
66,1,0,0,ACELERADO,0.0008170886816847296,0.0006193651019485533,0.0001799355520674251,4.541007445702291,5909525801.593276,4090474198.406724,1068420.764471,460330.757634,514.613326,1524600.0,0.0,653400.0,653400.0,0.0,66000.0,0.0,33000.0,28600.064548638773,300000.0,False,False
67,1,0,0,ACELERADO,0.0008313099087556517,0.0006330389604522371,0.0001835387815426023,4.529341983033113,5881738330.5710945,4118261669.4289055,1084627.165119,467350.369286,530.213604,1547700.0,0.0,663300.0,663300.0,0.0,66000.0,0.0,33000.0,28971.63987963447,300000.0,False,False
68,1,0,0,ACELERADO,0.0008454240284752084,0.000646741222905332,0.0001871613539757919,4.517086516613673,5854414763.672171,4145585236.3278294,1100834.109681,474371.327165,546.046987,1570800.0,0.0,673200.0,673200.0,0.0,66000.0,0.0,33000.0,29337.284129470056,300000.0,False,False
69,1,0,0,ACELERADO,0.0008594232017252623,0.0006604626408937147,0.00019080329004112748,4.504236806084498,5827536271.267466,4172463728.7325344,1117041.598174,481393.631529,562.113484,1593900.0,0.0,683100.0,683100.0,0.0,66000.0,0.0,33000.0,29696.77748321077,300000.0,False,False
70,1,0,0,ACELERADO,0.0008733001026213237,0.0006741940900374314,0.00019446462070162675,4.490791689873788,5801084883.101287,4198915116.898713,1133249.630617,488417.282636,578.413102,1617000.0,0.0,693000.0,693000.0,0.0,66000.0,0.0,33000.0,30049.91928253669,300000.0,False,False
71,1,0,0,ACELERADO,0.0008870479280389802,0.0006879265957149507,0.0001981453866288704,4.476752868843904,5775043449.183429,4224956550.816571,1149458.207029,495442.280744,594.94585,1640100.0,0.0,702900.0,702900.0,0.0,66000.0,0.0,33000.0,30396.52814236418,300000.0,False,False
72,1,0,0,ACELERADO,0.0009006604038502105,0.0007016513575301288,0.00020184563764482524,4.462124692707229,5749395602.446467,4250604397.5535326,1165667.327427,502468.626112,611.711734,1663200.0,0.0,712800.0,712800.0,0.0,66000.0,0.0,33000.0,30736.441955599475,300000.0,False,False
73,1,0,0,ACELERADO,0.0009141317879812689,0.0007153597723979444,0.00020556543218683558,4.446913949765771,5724125723.088029,4275874276.911971,1181876.99183,509496.318999,628.710763,1686300.0,0.0,722700.0,722700.0,0.0,66000.0,0.0,33000.0,31069.51779116436,300000.0,False,False
74,1,0,0,ACELERADO,0.0009274568704299988,0.000729043456141948,0.0002093048367934275,4.431129660636311,5699218904.521587,4300781095.478413,1198087.200256,516525.359662,645.942945,1709400.0,0.0,732600.0,732600.0,0.0,66000.0,0.0,33000.0,31395.6316912562,300000.0,False,False
75,1,0,0,ACELERADO,0.000940630970403143,0.000742694263513638,0.0002130639256126156,4.414782876540823,5674660920.862917,4325339079.137083,1214297.952723,523555.748361,663.408288,1732500.0,0.0,742500.0,742500.0,0.0,66000.0,0.0,33000.0,31714.678374498468,300000.0,False,False
76,1,0,0,ACELERADO,0.0009536499307533471,0.0007563043065613612,0.00021684277993157743,4.397886482797637,5650438195.882743,4349561804.117257,1230509.249249,530587.485353,681.106799,1755600.0,0.0,752400.0,752400.0,0.0,66000.0,0.0,33000.0,32026.570852200468,300000.0,False,False
77,1,0,0,ACELERADO,0.0009665101099110611,0.0007698659712936,0.00022064148772770183,4.380455008098255,5626537773.359355,4373462226.640645,1246721.089853,537620.570898,699.038486,1778700.0,0.0,762300.0,762300.0,0.0,66000.0,0.0,33000.0,32331.239965377874,300000.0,False,False
78,1,0,0,ACELERADO,0.0009792083715184582,0.0007833719325984296,0.00022446014323990909,4.36250444013953,5602947288.768033,4397052711.231967,1262933.474553,544655.005254,717.203357,1801800.0,0.0,772200.0,772200.0,0.0,66000.0,0.0,33000.0,32628.63385048973,300000.0,False,False
79,1,0,0,ACELERADO,0.0009917420719809346,0.000796815167397301,0.0002282988465608529,4.344052048097345,5579654942.247067,4420345057.752933,1279146.403367,551690.788679,735.60142,1824900.0,0.0,782100.0,782100.0,0.0,66000.0,0.0,33000.0,32918.717342029835,300000.0,False,False
80,1,0,0,ACELERADO,0.0010041090461568496,0.0008101889660269493,0.00023215770324899805,4.3251162124045655,5556649472.782955,4443350527.217045,1295359.876314,558727.921432,754.232683,1848000.0,0.0,792000.0,792000.0,0.0,66000.0,0.0,33000.0,33201.471320176606,300000.0,False,False
81,1,0,0,ACELERADO,0.0010163075914081617,0.0008234869418579953,0.00023603682395951462,4.305716262232372,5533920133.559981,4466079866.440019,1311573.893412,565766.403773,773.097153,1871100.0,0.0,801900.0,801900.0,0.0,66000.0,0.0,33000.0,33476.89201166433,300000.0,False,False
82,1,0,0,ACELERADO,0.0010283364502337152,0.0008367030391725578,0.0002399363240945133,4.285872320977308,5511456668.421942,4488543331.578058,1327788.454679,572806.23596,792.194838,1894200.0,0.0,811800.0,811800.0,0.0,66000.0,0.0,33000.0,33744.99025190087,300000.0,False,False
83,1,0,0,ACELERADO,0.0010401947917034456,0.000849831539335841,0.00024385632347134452,4.265605160022346,5489249289.396162,4510750710.603838,1344003.560133,579847.418251,811.525747,1917300.0,0.0,821700.0,821700.0,0.0,66000.0,0.0,33000.0,34005.79071613175,300000.0,False,False
84,1,0,0,ACELERADO,0.001051882191905964,0.0008628670653081069,0.0002477969460087372,4.2449360609507885,5467288655.232232,4532711344.767768,1360219.209793,586889.950906,831.089887,1940400.0,0.0,831600.0,831600.0,0.0,66000.0,0.0,33000.0,34259.33112715036,300000.0,False,False
85,1,0,0,ACELERADO,0.0010633986136141817,0.0008758045845536601,0.0002517583194294565,4.223886686343048,5445565850.910069,4554434149.089931,1376435.403677,593933.834184,850.887265,1963500.0,0.0,841500.0,841500.0,0.0,66000.0,0.0,33000.0,34505.661446689744,300000.0,False,False
86,1,0,0,ACELERADO,0.0010747443853641302,0.0008886394104124002,0.0002557405749799643,4.202478959188739,5424072368.073987,4575927631.926013,1392652.141803,600979.068343,870.91789,1986600.0,0.0,851400.0,851400.0,0.0,66000.0,0.0,33000.0,34744.843057214995,300000.0,False,False
87,1,0,0,ACELERADO,0.0010859201801312573,0.0009013672020071653,0.00025974384716575416,4.18073495091602,5402800086.351395,4597199913.648605,1408869.424189,608025.653643,891.18177,2009700.0,0.0,861300.0,861300.0,0.0,66000.0,0.0,33000.0,34976.94794037744,300000.0,False,False
88,1,0,0,ACELERADO,0.001096926993776492,0.0009139839627664767,0.0002637682735021177,4.158676777962401,5381741255.516654,4618258744.483346,1425087.250854,615073.590343,911.678912,2032800.0,0.0,871200.0,871200.0,0.0,66000.0,0.0,33000.0,35202.05785790327,300000.0,False,False
89,1,0,1,NORMAL,0.0011077661234215987,0.0009264860376474523,0.0002678139942790008,4.136326506775297,5360888478.462369,4639111521.537631,1441305.621816,622122.878702,932.409324,2055900.0,0.0,881100.0,881100.0,0.0,66000.0,0.0,33000.0,35420.263540180844,300000.0,False,False
90,2,0,1,NORMAL,0.0011184391459000023,0.0009388701091476169,0.00027188115234045174,4.1137060670519885,5340234694.942112,4659765305.057888,1457524.537093,629173.51898,953.373014,2079000.0,0.0,891000.0,891000.0,0.0,66000.0,549.8816827478415,33000.0,35631.663887290626,300000.0,False,False
91,2,0,1,NORMAL,0.0011128341718677618,0.0009500935970650456,0.0002748367436719763,4.0490734863164946,5327244798.588787,4672755201.411213,1467692.714002,633631.694254,974.482954,2093455.600551,0.0,897195.257389,897195.257376,0.0,41301.715867,555.3978543618113,20650.85794,35836.36518669969,300000.0,False,False
92,2,0,1,NORMAL,0.0011076033948220479,0.0009602555195009813,0.000277415702704237,3.9925764260104057,5314193392.109194,4685806607.890806,1477861.359278,638090.779002,995.73915,2107911.382675,0.0,903390.592595,903390.592571,0.0,41302.234649,560.9692581252148,20651.11733,35570.04032264637,300000.0,False,False
93,2,0,1,NORMAL,0.0011027256704912506,0.0009694471421455149,0.0002800105988648267,3.9381568946380643,5301084088.587168,4698915911.412832,1488030.474208,642550.773947,1017.141609,2122367.348191,0.0,909586.006396,909586.006363,0.0,41302.758624999995,566.5964449746552,20651.379316999995,35316.111851046226,300000.0,False,False
94,2,0,1,NORMAL,0.0010981814417061345,0.0009777525808268453,0.000282621447813007,3.8856974592838855,5287920370.649501,4712079629.350499,1498200.060095,647011.679811,1038.690338,2136823.498934,0.0,915781.499582,915781.499537,0.0,41303.287846,572.2799713001468,20651.643929,35073.84903550671,300000.0,False,False
95,2,0,1,NORMAL,0.0010939525912656155,0.0009852493556938627,0.0002852482663362669,3.8350893602837957,5274705595.218259,4725294404.781741,1508370.118252,651473.497327,1060.385344,2151279.83676,0.0,921977.072944,921977.07289,0.0,41303.82236699999,578.0203989982426,20651.911188,34842.576097602636,300000.0,False,False
96,2,0,1,NORMAL,0.0010900223109595619,0.0009920089011948756,0.00028789107232517783,3.78623172353314,5261442998.080891,4738557001.919109,1518540.650007,655936.227231,1082.226634,2165736.363541,0.0,928172.727286,928172.727224,0.0,41304.362238,583.8182955256674,20652.181123,34621.66712431353,300000.0,False,False
97,2,0,1,NORMAL,0.0010863749846887147,0.0009980970356138332,0.0002905498847473206,3.739030857415382,5248135698.271201,4751864301.728799,1528711.656697,660399.870266,1104.214214,2180193.081168,0.0,934368.463422,934368.463347,0.0,41304.907513,589.6742339534513,20652.453763,34410.54153450083,300000.0,False,False
98,2,0,1,NORMAL,0.0010829960839360436,0.0010035743935701048,0.0002932247236259395,3.6933996238243485,5234786702.278106,4765213297.721894,1538883.139677,664864.427182,1126.348091,2194649.991553,0.0,940564.282166,940564.282081,0.0,41305.458248,595.5887930215741,20652.729129000003,34208.66003312204,300000.0,False,False
99,2,0,1,NORMAL,0.0010798720741220238,0.0010084968245734544,0.00029591561001709446,3.649256874484052,5221398908.096323,4778601091.903677,1549055.100314,669329.89873,1148.628272,2209107.096624,0.0,946760.184348,946760.184252,0.0,41306.014495,601.5625571941218,20653.007253000003,34015.52099284599,300000.0,False,False
100,2,0,1,NORMAL,0.0010769903304988615,0.0010129157604396098,0.00029862256598883015,3.6065269445817627,5207975109.111699,4792024890.888301,1559227.539987,673796.285672,1171.054764,2223564.398329,0.0,952956.170803,952956.170697,0.0,41306.57631,607.5961167149645,20653.28816,33830.65721222668,300000.0,False,False
101,2,0,1,NORMAL,0.00107433906250165,0.0010168785541210318,0.0003013456146027329,3.5651391971240813,5194517997.839644,4805482002.160356,1569400.460091,678263.588773,1193.627574,2238021.898637,0.0,959152.242376,959152.242256,0.0,41307.143748,613.6900676639531,20653.571880999996,33653.633003952316,300000.0,False,False
102,2,0,1,NORMAL,0.0010719072455449747,0.0010204287922774152,0.0003040847798950608,3.525027612085315,5181030169.522326,4818969830.477674,1579573.862034,682731.808806,1216.346709,2252479.599537,0.0,965348.399913,965348.399784,0.0,41307.716865,619.8450120136453,20653.858436999995,33484.04157568195,300000.0,False,False
103,2,0,1,NORMAL,0.0010696845594711257,0.0010236065837092676,0.0003068400868591293,3.4861304154245643,5167514125.589573,4832485874.410427,1589747.747236,687200.946552,1239.212176,2266937.503037,0.0,971544.644278,971544.644139,0.0,41308.29572,626.0615576865604,20654.147865000003,33321.502668588546,300000.0,False,False
104,2,0,1,NORMAL,0.001067661332839079,0.0010264488255886102,0.00030961156143031565,3.448389743286049,5153972276.988993,4846027723.011007,1599922.117137,691671.002789,1262.223982,2281395.611163,0.0,977740.97634,977740.976192,0.0,41308.880367,632.3403186129755,20654.440188,33165.660425952614,300000.0,False,False
105,2,0,1,NORMAL,0.001065828492474967,0.0010289894492586976,0.00031239923046707505,3.4117513378039477,5140406947.3866415,4859593052.6133585,1610096.97318,696141.978314,1285.382133,2295853.925963,0.0,983937.396977,983937.396819,0.0,41309.470863999995,638.6819147892567,20654.735437,33016.181463994384,300000.0,False,False
106,2,0,1,NORMAL,0.0010641775176754259,0.0010312596472210672,0.0003152031217409234,3.3761642708288626,5126820376.253675,4873179623.746325,1620272.316835,700613.873919,1308.686637,2310312.449505,0.0,990133.907075,990133.906907,0.0,41310.06727,645.0869723367394,20655.03364,32872.75312464571,300000.0,False,False
107,2,0,1,NORMAL,0.0010627003985860496,0.0010332880827930017,0.0003180232639177069,3.341580692854717,5113214721.833824,4886785278.166176,1630448.149576,705086.690412,1332.137501,2324771.18388,0.0,996330.507526,996330.507352,0.0,41310.669646,651.556123561157,20655.33482599999,32735.081889416575,300000.0,False,False
108,2,0,1,NORMAL,0.0010613895983198089,0.0010351010837947312,0.0003208596865477614,3.30795560433179,5099592064.0115795,4900407935.9884205,1640624.472899,709560.428597,1355.734732,2339230.131194,0.0,1002527.199243,1002527.199057,0.0,41311.27805,658.0900070126238,20655.639031000002,32602.891937693174,300000.0,False,False
109,2,0,1,NORMAL,0.0010602380183934346,0.0010367228215107766,0.00032371242005020337,3.2752466470980823,5085954407.057993,4914045592.942007,1650801.28831,714035.089294,1379.478337,2353689.293578,0.0,1008723.983134,1008723.982936,0.0,41311.89253800001,664.6892675461802,20655.946275000002,32475.923834496814,300000.0,False,False
110,2,0,1,NORMAL,0.0010592389672105435,0.001038175476072052,0.00032658149570294814,3.243413913977556,5072303682.285208,4927696317.714792,1660978.597334,718510.673325,1403.368323,2368148.673188,0.0,1014920.860118,1014920.85991,0.0,41312.513178,671.3545563828994,20656.256594000002,32353.93333307113,300000.0,False,False
111,2,0,1,NORMAL,0.0010583861312199988,0.0010394793893074034,0.0003294669456297419,3.2124197746059275,5058641750.614455,4941358249.385545,1671156.401509,722987.181518,1427.404697,2382608.272194,0.0,1021117.831129,1021117.830911,0.0,41313.140024,678.0865311715651,20656.570017000002,32236.69028281212,300000.0,False,False
112,2,0,1,NORMAL,0.0010576735485252715,0.001040653206031137,0.00033236880278837184,3.1822287159686304,5044970405.030403,4955029594.969597,1681334.702387,727464.614709,1451.587466,2397068.092791,0.0,1027314.897109,1027314.89688,0.0,41313.773143000006,684.8858560509185,20656.886577000005,32123.977629964775,300000.0,False,False
113,2,0,1,NORMAL,0.0010570955846845188,0.0010417140046539359,0.00033528710096086405,3.1528071961465254,5031291372.9594145,4968708627.0405855,1691513.501536,731942.973742,1475.916638,2411528.137196,0.0,1033512.059008,1033512.058767,0.0,41314.412596,691.7532017124926,20657.206303999996,32015.5905029609,300000.0,False,False
114,2,0,1,NORMAL,0.0010566469105037343,0.0010426774179345681,0.0003382218747428776,3.124123510068698,5017606318.558312,4982393681.441688,1701692.80054,736422.259466,1500.392219,2425988.407649,0.0,1039709.317784,1039709.31753,0.0,41315.058445,698.6892454640217,20657.529229000003,31911.335373700244,300000.0,False,False
115,2,0,1,NORMAL,0.0010563224816293308,0.0010435577446245529,0.0003411731595337406,3.0961476661087253,5003916844.923617,4996083155.076383,1711872.600999,740902.472739,1525.014217,2440448.906411,0.0,1045906.674406,1045906.67414,0.0,41315.710756,705.6946712934443,20657.855384000002,31811.029287771944,300000.0,False,False
116,2,0,1,NORMAL,0.0010561175197705526,0.0010443680526984883,0.0003441409915270657,3.0688512725096047,4990224496.218767,5009775503.781233,1722052.904531,745383.614419,1549.782639,2454909.635765,0.0,1052104.129853,1052104.129577,0.0,41316.369592,712.7701699334958,20658.184801,31714.49915697916,300000.0,False,False
117,2,0,1,NORMAL,0.0010560274954049271,0.0010451202748085811,0.00034712540770030727,3.0422074327577158,4976530759.723341,5023469240.276659,1732233.712766,749865.685379,1574.697493,2469370.598019,0.0,1058301.685113,1058301.684826,0.0,41317.035016999995,719.916438926905,20658.517514,31621.58110826892,300000.0,False,False
118,2,0,1,NORMAL,0.0010560481118244093,0.001045825296551538,0.0003501264458065694,3.0161906490429256,4962837067.818512,5037162932.181488,1742415.027349,754348.686496,1599.758785,2483831.795499,0.0,1064499.341188,1064499.340887,0.0,41317.707096,727.1341826921883,20658.853555,31532.119883977317,300000.0,False,False
119,2,0,1,NORMAL,0.0010561752904074974,0.0010464930380906321,0.0003531441443670807,2.990776733111115,4949144799.884067,5050855200.115933,1752596.849948,758832.618654,1624.966523,2498293.230561,0.0,1070697.099081,1070697.098768,0.0,41318.38589800001,734.4241125900569,20659.192955000006,31445.968288571567,300000.0,False,False
120,2,0,1,NORMAL,0.0010564051570148558,0.0010471325296341305,0.00035617854266060126,2.9659427239037615,4935455284.150477,5064544715.849523,1762779.182239,763317.482746,1650.320714,2512754.905579,0.0,1076894.959813,1076894.959488,0.0,41319.071487999994,741.7869469904323,20659.53575,31362.986677717858,300000.0,False,False
121,2,0,1,NORMAL,0.001056734029394171,0.0010477519812315526,0.00035922968071752545,2.9416668112819915,4921769799.465849,5078230200.534151,1772962.025921,767803.27967,1675.821366,2527216.822954,0.0,1083092.924412,1083092.924075,0.0,41319.763935999996,749.2234113400881,20659.881974,31283.042486356713,300000.0,False,False
122,2,0,1,NORMAL,0.0010571584055152215,0.00104835884731437,0.00036229759931041914,2.9179282654021694,4908089577.015221,5091910422.984779,1783145.382705,772290.010333,1701.468486,2541678.985107,0.0,1089290.993918,1089290.993568,0.0,41320.46330499999,756.7342382309082,20660.231658999997,31206.009791640525,300000.0,False,False
123,2,0,1,NORMAL,0.0010576749527604569,0.0010489598863754079,0.00036538233994856824,2.8947073712137725,4894415801.964337,5105584198.035663,1793329.254327,776777.675645,1727.262082,2556141.394488,0.0,1095489.169376,1095489.169017,0.0,41321.16966899999,764.3201674687791,20660.584838999996,31131.768908179736,300000.0,False,False
124,2,0,1,NORMAL,0.0010582804978955093,0.0010495612161508985,0.00036848394486818496,2.871985367704637,4880749615.059485,5119250384.940515,1803513.642533,781266.276531,1753.202161,2570604.05357,0.0,1101687.451845,1101687.45148,0.0,41321.883096,771.9819461431106,20660.941551,31060.20601279599,300000.0,False,False
125,2,0,1,NORMAL,0.0010589720177532867,0.0010501683646413752,0.00037160245702603926,2.8497443914346388,4867092114.168494,5132907885.831506,1813698.549085,785755.813917,1779.28873,2585066.964846,0.0,1107885.842404,1107885.842025,0.0,41322.60365600001,779.720328697004,20661.301835000002,30991.212796370808,300000.0,False,False
126,2,0,1,NORMAL,0.0010597466305493674,0.0010507863172806006,0.0003747379200932992,2.827967423967983,4853444355.754294,5146555644.245706,1823883.975766,790246.288742,1805.521797,2599530.13084,0.0,1114084.342125,1114084.341735,0.0,41323.331419,787.5360769980579,20661.665715000003,30924.686140392725,300000.0,False,False
127,2,0,1,NORMAL,0.001060601587844179,0.001051419560542767,0.00037789037844896843,2.806638243072934,4839807356.316646,5160192643.683354,1834069.924377,794737.701947,1831.901369,2613993.554097,0.0,1120282.952103,1120282.9517,0.0,41324.066457,795.4299604098276,20662.033235000003,30860.52781541675,300000.0,False,False
128,2,0,1,NORMAL,0.0010615342670190471,0.001052072122250914,0.00038105987717320603,2.785741377165615,4826182093.765662,5173817906.234338,1844256.39674,799230.054483,1858.427454,2628457.237192,0.0,1126481.673436,1126481.673024,0.0,41324.80884700001,803.4027558639351,20662.404428000005,30798.644201816234,300000.0,False,False
129,2,0,1,NORMAL,0.0010625421642816509,0.0010527476088335423,0.00038424646203891107,2.765262062904958,4812569508.767891,5187430491.232109,1854443.394685,803723.34731,1885.100059,2642921.182717,0.0,1132680.507243,1132680.506819,0.0,41325.558652,811.4552479328485,20662.779332,30738.946028435894,300000.0,False,False
130,2,0,1,NORMAL,0.0010636228881315212,0.0010534492397559928,0.00038745017950782404,2.745186205572639,4798970506.017574,5201029493.982426,1864630.920066,808217.581399,1911.919192,2657385.393298,0.0,1138879.454645,1138879.454211,0.0,41326.31595599999,819.5882289033178,20663.157982999997,30681.3481296127,300000.0,False,False
131,2,0,1,NORMAL,0.00106477415326323,0.001054179879337105,0.00039067107672491585,2.7255003421022943,4785385955.489492,5214614044.510508,1874818.974757,812712.757722,1938.884861,2671849.871584,0.0,1145078.516778,1145078.516333,0.0,41327.080827,827.8024988504881,20663.540418999997,30625.7692180104,300000.0,False,False
132,2,0,1,NORMAL,0.0010659937748661707,0.001054942066145432,0.00039390920151124667,2.7061916065338094,4771816693.632578,5228183306.367422,1885007.56065,817208.877265,1965.997073,2686314.620253,0.0,1151277.694787,1151277.694331,0.0,41327.853344999996,836.0988657126843,20663.926678,30572.13167276446,300000.0,False,False
133,2,0,1,NORMAL,0.0010672796632895064,0.001055738040154727,0.00039716460235803165,2.6872476976872846,4758263524.536844,5241736475.463156,1895196.679652,821705.941016,1993.255836,2700779.642002,0.0,1157476.989833,1157476.989365,0.0,41328.633578,844.4781453668859,20664.316795000002,30520.361341288804,300000.0,False,False
134,2,0,1,NORMAL,0.0010686298190631777,0.0010565697678262401,0.0004004373284219194,2.6686568489369695,4744727221.036834,5255272778.963166,1905386.333693,826203.949976,2020.661157,2715244.939562,0.0,1163676.403087,1163676.402604,0.0,41329.421613,852.9411617048811,20664.710814,30470.387353862538,300000.0,False,False
135,2,0,1,NORMAL,0.0010700423282069577,0.0010574389652701574,0.0004037274295194154,2.650407799838378,4731208525.795834,5268791474.204166,1915576.52472,830702.905155,2048.213045,2729710.515692,0.0,1169875.935723,1169875.935229,0.0,41330.217521,861.4887467101192,20665.108766,30422.141950324356,300000.0,False,False
136,2,0,1,NORMAL,0.00107151535786606,0.0010583471196311835,0.0004070349561215055,2.632489769616244,4717708152.352928,5282291847.647072,1925767.254699,835202.80757,2075.911507,2744176.373173,0.0,1176075.588938,1176075.588434,0.0,41331.021382,870.1217405352601,20665.510695999998,30375.56031705109,300000.0,False,False
137,2,0,1,NORMAL,0.0010730471521898143,0.0010592955088285145,0.0004103599593481535,2.6148924322302856,4704226786.118948,5295773213.881052,1935958.525616,839703.658246,2103.756551,2758642.514818,0.0,1182275.363934,1182275.363424,0.0,41331.83327600001,878.8409915804258,20665.916641000003,30330.58043505646,300000.0,False,False
138,2,0,1,NORMAL,0.0010746360284835399,0.0010602852197740002,0.0004137024909640041,2.597605893016107,4690765085.355561,5309234914.644439,1946150.339477,844205.458214,2131.748184,2773108.943463,0.0,1188475.261936,1188475.261413,0.0,41332.653281000006,887.6473565721685,20666.326646999998,30287.142936599877,300000.0,False,False
139,2,0,1,NORMAL,0.0010762803735610514,0.0010613171651796165,0.00041706260337224046,2.580620666678283,4677323682.102862,5322676317.897138,1956342.698306,848708.208519,2159.886415,2787575.661977,0.0,1194675.284165,1194675.283633,0.0,41333.481477,896.5417006431468,20666.740743000002,30245.190971254524,300000.0,False,False
140,2,0,1,NORMAL,0.0010779786403626213,0.0010623920990623912,0.0004204403496118258,2.56392765670058,4663903183.088955,5336096816.911045,1966535.604151,853211.910212,2188.171251,2802042.673257,0.0,1200875.431864,1200875.431322,0.0,41334.317948,905.5248974125273,20667.158978999996,30204.67007903773,300000.0,False,False
141,2,0,1,NORMAL,0.0010797293447326133,0.0010635106310411153,0.00042383578335084357,2.5475181359069747,4650504170.606264,5349495829.393736,1976729.059077,857716.564351,2216.602701,2816509.980225,0.0,1207075.706289,1207075.705734,0.0,41335.162773,914.5978290671095,20667.581392999997,30165.5280725348,300000.0,False,False
142,2,0,1,NORMAL,0.0010815310624030727,0.0010646732395160805,0.00042724895888158603,2.5313837281996134,4637127203.347594,5362872796.652406,1986923.065166,862222.172008,2245.180772,2830977.585836,0.0,1213276.108703,1213276.108137,0.0,41336.016038999995,923.7613864431894,20668.008025,30127.714924829925,300000.0,False,False
143,2,0,1,NORMAL,0.0010833824261548932,0.0010658802838153588,0.0004306799311192624,2.515516391347445,4623772817.227128,5376227182.772872,1997117.624529,866728.734256,2273.905472,2845445.493071,0.0,1219476.640387,1219476.639809,0.0,41336.877825999996,933.0164691091547,20668.438919,30091.18266440828,300000.0,False,False
144,2,0,1,NORMAL,0.0010852821231306102,0.0010671320153840848,0.00043412875559417803,2.4999084007812833,4610441526.1594515,5389558473.8405485,2007312.739293,871236.252185,2302.776809,2859913.704945,0.0,1225677.302627,1225677.302041,0.0,41337.748219999994,942.3639854488282,20668.874114,30055.88527629943,300000.0,False,False
145,2,0,1,NORMAL,0.0010872288923173639,0.0010684285880894577,0.0004375954884487184,2.4845523343295977,4597133822.825556,5402866177.174444,2017508.411604,875744.726894,2331.794791,2874382.2245,0.0,1231878.09673,1231878.096135,0.0,41338.62730700001,951.8048527455568,20669.313658000003,30021.778608479162,300000.0,False,False
146,2,0,1,NORMAL,0.001089221522147522,0.001069770067706107,0.0004410801864335773,2.4694410577690937,4583850179.404268,5416149820.595732,2027704.643632,880254.159486,2360.959426,2888851.054807,0.0,1238079.024012,1238079.023408,0.0,41339.515169,961.3399972670633,20669.757589,29988.820284151905,300000.0,False,False
147,2,0,1,NORMAL,0.0010912588482590603,0.0010711564406450072,0.00044458290690356993,2.454567711249759,4570591048.276871,5429408951.723129,2037901.43757,884764.551074,2390.270723,2903320.19897,0.0,1244280.085805,1244280.085191,0.0,41340.411902,970.9703543510518,20670.205956,29956.96961824146,300000.0,False,False
148,2,0,1,NORMAL,0.0010933397513555182,0.0010725876219811693,0.0004481037078126123,2.4399256964254588,4557356862.714642,5442643137.285358,2048098.795628,889275.902785,2419.728689,2917789.660122,0.0,1250481.283453,1250481.282825,0.0,41341.317586,980.6968684915857,20670.658799999997,29926.187539234736,300000.0,False,False
149,2,0,1,NORMAL,0.0010954631551937206,0.001074063462833592,0.0004516426477113649,2.4255086643053416,4544148037.537457,5455851962.462543,2058296.720042,893788.215749,2449.333333,2932259.441427,0.0,1256682.618311,1256682.617669,0.0,41342.23231199999,990.520493426234,20671.116163,29896.436514712746,300000.0,False,False
150,2,0,1,NORMAL,0.0010976280246877846,0.0010755837571467658,0.0004551997857426645,2.411310503797777,4530964969.748061,5469035030.251939,2068495.21307,898301.491112,2479.084662,2946729.546084,0.0,1262884.091748,1262884.091091,0.0,41343.156173,1000.4421922240033,20671.578094000004,29867.68048120882,300000.0,False,False
151,2,0,1,NORMAL,0.0010998333640916465,0.0010771482479174034,0.00045877518163698873,2.397325330823808,4517808039.154351,5482191960.845649,2078694.276987,902815.730029,2508.982685,2961199.97732,0.0,1269085.705143,1269085.704477,0.0,41344.089253,1010.4629373740486,20672.044631,29839.884778044674,300000.0,False,False
152,2,0,1,NORMAL,0.0011020782153157234,0.0010787566329108435,0.0004623688957107619,2.3835474780836816,4504677608.959019,5495322391.040981,2088893.914097,907330.933662,2539.02741,2975670.738396,0.0,1275287.459898,1275287.459221,0.0,41345.031651,1020.5837108751792,20672.515831,29813.01608414049,300000.0,False,False
153,2,0,1,NORMAL,0.0011043616562823445,0.0010804085699025533,0.0004659809888610602,2.369971485277971,4491574026.338526,5508425973.661474,2099094.126723,911847.103181,2569.218846,2990141.832602,0.0,1281489.357423,1281489.356736,0.0,41345.983452,1030.8055043261559,20672.991731000002,29787.04235912553,300000.0,False,False
154,2,0,1,NORMAL,0.0011066827994094665,0.0010821036814836443,0.00046961152256249695,2.356592089927237,4478497622.991765,5521502377.008235,2109294.917211,916364.239772,2599.557001,3004613.263264,0.0,1287691.399143,1287691.398446,0.0,41346.94475400001,1041.1293190167994,20673.472382,29761.932786251837,300000.0,False,False
155,2,0,1,NORMAL,0.0011090407901482963,0.001083841559462009,0.00047326055886440677,2.343404218617859,4465448715.680552,5534551284.319448,2119496.28793,920882.344628,2630.041883,3019085.033739,0.0,1293893.586498,1293893.585792,0.0,41347.91565100001,1051.5561660199014,20673.957830000003,29737.65771936701,300000.0,False,False
156,2,0,1,NORMAL,0.001111434805602821,0.0010856217688904484,0.0004769281603883398,2.3304029787166116,4452427606.743667,5547572393.256333,2129698.241278,925401.418949,2660.6735,3033557.147419,0.0,1300095.92094,1300095.920225,0.0,41348.896235,1062.0870662839518,20674.448122,29714.188632030327,300000.0,False,False
157,2,0,1,NORMAL,0.001113864053221525,0.0010874438517505178,0.00048061439032223604,2.317583650532636,4439434584.598691,5560565415.401309,2139900.779669,929921.463951,2691.451861,3048029.607729,0.0,1306298.403938,1306298.403212,0.0,41349.88660500001,1072.7230507266863,20674.943307999998,29691.498069370682,300000.0,False,False
158,2,0,1,NORMAL,0.001116327769542779,0.0010893073303177604,0.000484319312419458,2.304941679831162,4426469924.224858,5573530075.775142,2150103.905544,934442.480857,2722.376974,3062502.418127,0.0,1312501.036972,1312501.036238,0.0,41350.886856,1083.4651603294644,20675.443431999996,29669.559602477493,300000.0,False,False
159,2,0,1,NORMAL,0.0011188252190254498,0.0010912117102343855,0.0004880429909945231,2.292472670789786,4413533887.62961,5586466112.37039,2160307.621366,938964.470902,2753.448848,3076975.582104,0.0,1318703.821545,1318703.820798,0.0,41351.89708699999,1094.3144462324774,20675.948549999997,29648.34778474878,300000.0,False,False
160,2,0,1,NORMAL,0.0011213556929019499,0.0010931564833097124,0.0004917854909211365,2.2801723792249335,4400626724.293645,5599373275.706355,2170511.929625,943487.435332,2784.667492,3091449.10319,0.0,1324906.759162,1324906.758405,0.0,41352.917396,1105.2719698307958,20676.458703,29627.83811102066,300000.0,False,False
161,2,0,1,NORMAL,0.0011239185081269774,0.0010951411300721167,0.000495546877629125,2.2680367062430276,4387748671.612476,5612251328.387524,2180716.832835,948011.375402,2816.032914,3105922.984947,0.0,1331109.851353,1331109.850585,0.0,41353.947885,1116.3388028712634,20676.973948,29608.00697773883,300000.0,False,False
162,2,0,1,NORMAL,0.0011265130063445063,0.0010971651220896903,0.0004993272171014861,2.256061692137938,4374899955.314944,5625100044.685056,2190922.333537,952536.292376,2847.545122,3120397.230971,0.0,1337313.099662,1337313.09888,0.0,41354.988652,1127.51602755024,20677.494332999995,29588.831646208924,300000.0,False,False
163,2,0,1,NORMAL,0.0011291385529128577,0.001099227924078282,0.0005031265758703603,2.244243510610739,4362080789.86385,5637919210.13615,2201128.434293,957062.187535,2879.204125,3134871.844898,0.0,1343516.505639,1343516.504849,0.0,41356.0398,1138.8047366122073,20678.019903999997,29570.290206709706,300000.0,False,False
164,2,0,1,NORMAL,0.001131794535998139,0.001101328995815047,0.000506945021015308,2.2325784633043333,4349291378.855398,5650708621.144602,2211335.137688,961589.062169,2911.009932,3149346.830396,0.0,1349720.070863,1349720.07006,0.0,41357.101430999996,1150.206033449233,20678.550722,29552.361544535055,300000.0,False,False
165,2,0,1,NORMAL,0.0011344803656722368,0.0011034677938703496,0.0005107826201620556,2.221062974523881,4336531915.393532,5663468084.606468,2221542.44634,966116.917573,2942.962552,3163822.19117,0.0,1355923.796923,1355923.796103,0.0,41358.17365100001,1161.7210322013095,20679.086833999994,29535.02530831411,300000.0,False,False
166,2,0,1,NORMAL,0.001137195473072013,0.0011056437731736828,0.0005146394414776198,2.209693586264834,4323802582.455813,5676197417.544187,2231750.362888,970645.75506,2975.061993,3178297.930962,0.0,1362127.685419,1362127.684584,0.0,41359.256561,1173.3508578575606,20679.628288,29518.26187874988,300000.0,False,False
167,2,0,1,NORMAL,0.0011399393096090918,0.0011078563884275802,0.0005185155536695718,2.1984669534822237,4311103553.244369,5688896446.755631,2241958.89,975175.575953,3007.308264,3192774.053554,0.0,1368331.737969,1368331.73712,0.0,41360.35026999999,1185.0966463583438,20680.175141999996,29502.05233935498,300000.0,False,False
168,2,0,1,NORMAL,0.0011427113461973636,0.0011101050953804697,0.0005224110259822235,2.1873798395599855,4298434991.533509,5701565008.466491,2252168.030366,979706.381586,3039.701374,3207250.562761,0.0,1374535.956212,1374535.955349,0.0,41361.454886,1196.95954469823,20680.727450000002,29486.378448832125,300000.0,False,False
169,2,0,1,NORMAL,0.0011455110725164873,0.0011123893519698902,0.0005263259281950602,2.1764291119854398,4285797051.9942636,5714202948.005736,2262377.786705,984238.173303,3072.241332,3221727.462437,0.0,1380740.341799,1380740.340922,0.0,41362.570512,1208.9407110298837,20681.285263,29471.222614302656,300000.0,False,False
170,2,0,1,NORMAL,0.0011483379963163104,0.0011147086193470787,0.0005302603306205368,2.1656117382427396,4273189880.51388,5726810119.48612,2272588.161763,988770.952462,3104.928146,3236204.756474,0.0,1386944.896397,1386944.895508,0.0,41363.697258,1221.0413147688382,20681.848635,29456.56786570769,300000.0,False,False
171,2,0,1,NORMAL,0.001151191642753568,0.0011170623627926588,0.0005342143041016652,2.154924781898927,4260613614.5001945,5739386385.499805,2282799.158313,993304.720433,3137.761826,3250682.448806,0.0,1393149.621689,1393149.620791,0.0,41364.835239,1233.2625366991895,20682.417624,29442.397831610655,300000.0,False,False
172,2,0,1,NORMAL,0.0011540715537511998,0.0011194500525319195,0.0005381879200097307,2.144365398856098,4248068383.1876817,5751931616.812319,2293010.779153,997839.478595,3170.74238,3265160.543399,0.0,1399354.519383,1399354.518471,0.0,41365.984560000004,1245.6055690801927,20682.992287000005,29428.696716088176,300000.0,False,False
173,2,0,1,NORMAL,0.001156977287378761,0.0011218711644575222,0.0005421812502424217,2.1339308337598357,4235554307.914171,5764445692.085829,2303223.027112,1002375.22834,3203.869818,3279639.044263,0.0,1405559.591194,1405559.590268,0.0,41367.145336000016,1258.0716157537847,20683.572675000003,29415.449276560532,300000.0,False,False
174,2,0,1,NORMAL,0.0011599084172770765,0.0011243251807684612,0.000546194367221623,2.1236184166037617,4223071502.4009657,5776928497.599034,2313435.905044,1006911.971077,3237.144149,3294117.955449,0.0,1411764.838854,1411764.837916,0.0,41368.31768,1270.6618922530272,20684.158845999995,29402.64080229578,300000.0,False,False
175,2,0,1,NORMAL,0.001162864532098298,0.0011268115905316764,0.0005502273438922176,2.1134255594649036,4210620073.025204,5789379926.974796,2323649.415833,1011449.708221,3270.565381,3308597.281044,0.0,1417970.264117,1417970.263168,0.0,41369.501704999995,1283.3776259114918,20684.750858,29390.257094386976,300000.0,False,False
176,2,0,1,NORMAL,0.0011658452349710966,0.0011293298901729294,0.0005542802537188279,2.1033497533947867,4198200119.0744905,5801799880.92551,2333863.56239,1015988.441201,3304.133524,3323077.025176,0.0,1424175.868755,1424175.867794,0.0,41370.697528000004,1296.220055973575,20685.34877,29378.28444637293,300000.0,False,False
177,2,0,1,NORMAL,0.001168850142984413,0.0011318795839027026,0.000558353170684908,2.0933885654318654,4185811732.997018,5814188267.002983,2344078.347655,1020528.171459,3337.848587,3337557.192014,0.0,1430381.654556,1430381.653581,0.0,41371.90526399999,1309.1904337057629,20685.952639,29366.70962566851,300000.0,False,False
178,2,0,1,NORMAL,0.001171878886696847,0.0011344601840829701,0.0005624461692915985,2.0835396357536395,4173455000.639789,5826544999.360212,2354293.7746,1025068.90045,3371.71058,3352037.785772,0.0,1436587.623321,1436587.622334,0.0,41373.125034000004,1322.2900225088424,20686.562523,29355.51985571639,300000.0,False,False
179,2,0,1,NORMAL,0.0011749311096678485,0.0011370712115400593,0.000566559324554481,2.0738006749633255,4161130001.488908,5838869998.511093,2364509.846221,1029610.629642,3405.719511,3366518.810701,0.0,1442793.776874,1442793.775874,0.0,41374.356951,1335.52009803108,20687.178482,29344.70279897487,300000.0,False,False
180,2,0,1,NORMAL,0.0011780064680054858,0.0011397121958281514,0.0005706927120030596,2.0641694614792456,4148836808.8882604,5851163191.11174,2374726.565547,1034153.360516,3439.87539,3381000.271097,0.0,1449000.117054,1449000.116042,0.0,41375.60114,1348.8819482823535,20687.800576,29334.24654072923,300000.0,False,False
181,2,0,1,NORMAL,0.0011811046299327653,0.001142382675447804,0.0005748464076792838,2.0546438390404327,4136575490.2607784,5863424509.739222,2384943.935637,1038697.094564,3474.178226,3395482.171297,0.0,1455206.645719,1455206.644697,0.0,41376.85771999999,1362.3768737492626,20688.428864999998,29324.139573417666,300000.0,False,False
182,2,0,1,NORMAL,0.0011842252753742732,0.0011450821980237055,0.0005790204881344989,2.045221714329378,4124346107.3180585,5875653892.681942,2395161.959576,1043241.833295,3508.628029,3409964.51568,0.0,1461413.364747,1461413.363717,0.0,41378.126814,1376.0061875112058,20689.063411000003,29314.370781680424,300000.0,False,False
183,2,0,1,NORMAL,0.0011873680955622947,0.00114781032044555,0.0005832150304299142,2.035901054688237,4112148716.262893,5887851283.737107,2405380.640483,1047787.578226,3543.224808,3424447.308668,0.0,1467620.276039,1467620.274994,0.0,41379.408545,1389.771215357456,20689.704279999998,29304.929428065236,300000.0,False,False
184,2,0,1,NORMAL,0.0011905327926324833,0.0011505666089737393,0.0005874301121342443,2.0266798858966446,4099983367.9838467,5900016632.016153,2415599.981507,1052334.330892,3577.968573,3438930.554728,0.0,1473827.381502,1473827.380447,0.0,41380.703036000006,1403.6732959052106,20690.351523,29295.80513938804,300000.0,False,False
185,2,0,1,NORMAL,0.001193719079285149,0.0011533506393164108,0.0005916658113227638,2.017556290123302,4087850108.245154,5912149891.754847,2425819.985828,1056882.092839,3612.859333,3453414.258372,0.0,1480034.68307,1480034.682007,0.0,41382.010416,1417.7137807186434,20691.005212,29286.987892995265,300000.0,False,False
186,2,0,1,NORMAL,0.0011969266784215109,0.0011561619966780302,0.0005959222065754147,2.0085284039000455,4075748977.8742433,5924251022.125757,2436040.656655,1061430.865629,3647.897098,3467898.424152,0.0,1486242.182702,1486242.181625,0.0,41383.33081000001,1431.8940344289604,20691.665412,29278.468004820606,300000.0,False,False
187,2,0,1,NORMAL,0.001200155322791137,0.0011590002757821017,0.0006001993769760762,1.9995944161717698,4063680012.930344,5936319987.069656,2446261.997231,1065980.650834,3683.081877,3482383.05667,0.0,1492449.882363,1492449.881275,0.0,41384.664347000005,1446.215434855455,20692.332179,29270.236117001317,300000.0,False,False
188,2,0,1,NORMAL,0.0012034047546851019,0.0011618650808726178,0.0006044974021125287,1.9907525664784993,4051643244.8806863,5948356755.119314,2456484.010833,1070531.450042,3718.41368,3496868.160572,0.0,1498657.784044,1498657.782946,0.0,41386.011156,1460.6793731275923,20693.005583,29262.283185829852,300000.0,False,False
189,2,0,1,NORMAL,0.0012066747256146558,0.001164756025694685,0.0006088163620735172,1.9820011431771354,4039638700.764938,5960361299.235063,2466706.700768,1075083.264855,3753.892517,3511353.740549,0.0,1504865.889756,1504865.888649,0.0,41387.37136900001,1475.2872538080985,20693.685689,29254.600471063157,300000.0,False,False
190,2,0,1,NORMAL,0.0012099649960133276,0.001167672733457178,0.0006131563374472013,1.973338481749799,4027666403.3549056,5972333596.645095,2476930.070371,1079636.09689,3789.518397,3525839.801337,0.0,1511074.201533,1511074.200413,0.0,41388.745117,1490.0404950170882,20694.372564999994,29247.179524967254,300000.0,False,False
191,2,0,1,NORMAL,0.001213275334934918,0.0011706148367783226,0.0006175174093229984,1.9647629631447405,4015726371.3037496,5984273628.696251,2487154.123017,1084189.947779,3825.29133,3540326.347723,0.0,1517282.721418,1517282.72029,0.0,41390.132534000004,1504.9405285572157,20695.066271000003,29240.01218206999,300000.0,False,False
192,2,0,1,NORMAL,0.001216605519795288,0.0011735819776181268,0.00062189965928809,1.956273012254064,4003818619.3033824,5996181380.696618,2497378.862108,1088744.819166,3861.211327,3554813.384535,0.0,1523491.451488,1523491.450351,0.0,41391.533755,1519.9888000398762,20695.766881999996,29233.090548903238,300000.0,False,False
193,2,0,1,NORMAL,0.0012199553360858527,0.00117657380719669,0.0006263031694278633,1.947867096378099,3991943158.2209444,6008056841.779057,2507604.291084,1093300.712708,3897.278397,3569300.916651,0.0,1529700.393833,1529700.392686,0.0,41392.94891200001,1535.186769012445,20696.474461,29226.40699502186,300000.0,False,False
194,2,0,1,NORMAL,0.0012233245771273934,0.0011795899859018968,0.0006307280223246215,1.939543723804578,3980099995.2371507,6019900004.76285,2517830.413417,1097857.630082,3933.49255,3583788.949,0.0,1535909.550564,1535909.549406,0.0,41394.378149,1550.53590908657,20697.18908,29219.954143338316,300000.0,False,False
195,2,0,1,NORMAL,0.0012267130438132726,0.0011826301831865018,0.0006351743010573201,1.9313014424092234,3968289133.9847407,6031710866.01526,2528057.232613,1102415.572976,3969.853796,3598277.486557,0.0,1542118.923813,1542118.922642,0.0,41395.821598999995,1566.0377080675191,20697.910806,29213.724861589366,300000.0,False,False
196,2,0,1,NORMAL,0.0012301205443705134,0.0011856940774564381,0.000639642089200338,1.9231388383281256,3956510574.6749988,6043489425.325002,2538284.752213,1106974.543096,4006.362145,3612766.534347,0.0,1548328.51573,1548328.51455,0.0,41397.279405,1581.6936680846022,20698.639707000002,29207.71225368934,300000.0,False,False
197,2,0,1,NORMAL,0.0012335468941354285,0.0011887813559518568,0.0006441314708222013,1.9150545346912926,3944764314.2264605,6055235685.7735405,2548512.975789,1111534.54216,4043.017608,3627256.097441,0.0,1554538.328492,1554538.327303,0.0,41398.751703,1597.505305722651,20699.375856,29201.909651561415,300000.0,False,False
198,2,0,1,NORMAL,0.0012369919153317592,0.0011918917146215282,0.0006486425304870845,1.9070471903883113,3933050346.379618,6066949653.620382,2558741.906955,1116095.571903,4079.820194,3641746.180964,0.0,1560748.364296,1560748.363096,0.0,41400.23864299999,1613.4741521545827,20700.119326999997,29196.310607461946,300000.0,False,False
199,2,0,1,NORMAL,0.0012404554368468323,0.0011950248579909028,0.0006531753532518962,1.8991154988795975,3921368661.8196034,6078631338.180397,2568971.549354,1120657.634074,4116.769914,3656236.790088,0.0,1566958.62536,1566958.624148,0.0,41401.740364,1629.6017532750382,20700.870188,29190.908886386176,300000.0,False,False
200,2,0,1,NORMAL,0.0012439372940314674,0.0011981804990257778,0.0006577300246672529,1.8912581870666132,3909719248.2836237,6090280751.716377,2579201.906668,1125220.730439,4153.866778,3670727.930039,0.0,1573169.113921,1573169.112698,0.0,41403.257012999995,1645.8896698351211,20701.628512,29185.698458609484,300000.0,False,False
201,2,0,1,NORMAL,0.0012474373285028789,0.0012013583589920425,0.0006623066307770737,1.8834740142028787,3898102090.6710706,6101897909.32893,2589432.982615,1129784.862783,4191.110796,3685219.606096,0.0,1579379.832238,1579379.831006,0.0,41404.788738999996,1662.3394775782215,20702.394373999996,29180.673492796042,300000.0,False,False
202,2,0,1,NORMAL,0.00125095538794881,0.0012045581673118342,0.0006669052581179215,1.875761770838546,3886517171.155465,6113482828.844536,2599664.780949,1134350.032899,4228.501979,3699711.823583,0.0,1585590.782598,1585590.781356,0.0,41406.335684000005,1678.9527673769408,20703.167846999997,29175.828349309242,300000.0,False,False
203,2,0,1,NORMAL,0.0012544913259472294,0.0012077796614173436,0.0006715259937171654,1.8681202778214399,3874964469.2768316,6125035530.723169,2609897.305459,1138916.242602,4266.040337,3714204.587881,0.0,1591801.967308,1591801.966053,0.0,41407.89800299999,1695.7311453711222,20703.949007999996,29171.157573674976,300000.0,False,False
204,2,0,1,NORMAL,0.0012580450017794054,0.0012110225866019929,0.0006761689250954561,1.8605483853044633,3863443962.044181,6136556037.95582,2620130.559974,1143483.493721,4303.725881,3728697.904423,0.0,1598013.388695,1598013.387427,0.0,41409.475845,1712.6762331070026,20704.73792899999,29166.65589036897,300000.0,False,False
205,2,0,1,NORMAL,0.001261616280265494,0.001214286695870606,0.0006808341402641315,1.8530449718283024,3851955624.0299077,6148044375.970093,2630364.548357,1148051.788103,4341.558621,3743191.778695,0.0,1604225.049111,1604225.047828,0.0,41411.069360999994,1729.789667677471,20705.534688,29162.318196627024,300000.0,False,False
206,2,0,1,NORMAL,0.0012652050315898236,0.001217571749787975,0.0006855217277270736,1.8456089434025043,3840499427.4577312,6159500572.542269,2640599.274513,1152621.127612,4379.538568,3757686.216241,0.0,1610436.950923,1610436.949633,0.0,41412.678709,1747.0731018634558,20706.339358,29158.139556818176,300000.0,False,False
207,2,0,1,NORMAL,0.001268811131158714,0.0012208775163280229,0.0006902317764801112,1.8382392326663248,3829075342.298766,6170924657.701234,2650834.742385,1157191.514124,4417.665733,3772181.222654,0.0,1616649.096535,1616649.095237,0.0,41414.304041999996,1764.5282042764381,20707.152025,29154.115196624152,300000.0,False,False
208,2,0,1,NORMAL,0.0012724344594234858,0.0012242037707212788,0.0006949643760084489,1.8309347980277142,3817683336.352489,6182316663.647511,2661070.95595,1161762.949536,4455.940126,3786676.803582,0.0,1622861.488368,1622861.487062,0.0,41415.94551399999,1782.1566595021109,20707.972760999997,29150.24049812423,300000.0,False,False
209,2,0,1,NORMAL,0.0012760749017463459,0.0012275502953035412,0.0006997196162891381,1.8236946228745519,3806323375.3289146,6193676624.671085,2671307.919226,1166335.435761,4494.361758,3801172.964729,0.0,1629074.12887,1629074.127553,0.0,41417.603287,1799.9601682451655,20708.801649,29146.51099405037,300000.0,False,False
210,2,0,1,NORMAL,0.00127973234824732,0.0012309168793644303,0.0007044975877910743,1.8165177147871758,3794995422.9255433,6205004577.074457,2681545.636272,1170908.97473,4532.93064,3815669.711859,0.0,1635287.020507,1635287.019177,0.0,41419.277520999996,1817.9404474752332,20709.638767,29142.922363125985,300000.0,False,False
211,2,0,1,NORMAL,0.0012834066936622689,0.001234303318996549,0.0007092983814749682,1.809403104788505,3783699440.9101844,6216300559.089816,2691784.111186,1175483.568392,4571.646783,3830167.050789,0.0,1641500.165769,1641500.164432,0.0,41420.968377000005,1836.0992305739792,20710.484192000004,29139.470425010026,300000.0,False,False
212,2,0,1,NORMAL,0.0012870978372265809,0.0012377094169468735,0.0007141220887930827,1.8023498466513872,3772435389.1926866,6227564610.807314,2702023.348108,1180059.218707,4610.510197,3844664.987393,0.0,1647713.567179,1647713.565831,0.0,41422.676017,1854.4382674833432,20711.338014,29136.15113562189,300000.0,False,False
213,2,0,1,NORMAL,0.001290805682522602,0.0012411349824678884,0.0007189688016873983,1.795357016178059,3761203225.8978477,6238796774.102153,2712263.351211,1184635.927662,4649.520894,3859163.527601,0.0,1653927.22728,1653927.225919,0.0,41424.400604999995,1872.9593248549652,20712.200309,29132.960583041528,300000.0,False,False
214,2,0,1,NORMAL,0.0012945301373649513,0.0012445798311709248,0.0007238386125934748,1.7884237105377945,3750002907.4305515,6249997092.569448,2722504.124716,1189213.697256,4688.678885,3873662.677405,0.0,1660141.148637,1660141.147261,0.0,41426.142306999995,1891.6641862007575,20713.071160999996,29129.8949826677,300000.0,False,False
215,2,0,1,NORMAL,0.0012982711136748193,0.0012480437848808536,0.0007287316144398507,1.7815490476185154,3738834388.5462656,6261165611.453734,2732745.672886,1193792.529507,4727.984181,3888162.442855,0.0,1666355.333839,1666355.332452,0.0,41427.901292999995,1910.5546520446644,20713.950652,29126.950673250234,300000.0,False,False
216,2,0,1,NORMAL,0.001302028527370476,0.0012515266714930872,0.0007336479006465246,1.7747321654203168,3727697622.416967,6272302377.583033,2742988.000022,1198372.426451,4767.436793,3902662.830058,0.0,1672569.785506,1672569.78411,0.0,41429.677731,1929.6325400755904,20714.83887,29124.124112782036,300000.0,False,False
217,2,0,1,NORMAL,0.001305802298247877,0.001255028324832106,0.0007385875651257514,1.767972221446149,3716592560.6909633,6283407439.309036,2753231.110466,1202953.390144,4807.036733,3917163.845182,0.0,1678784.506282,1678784.504876,0.0,41431.471789999996,1948.8996853015299,20715.7359,29121.41187478793,300000.0,False,False
218,2,0,1,NORMAL,0.0013095923498697396,0.0012585485845119533,0.0007435507022844693,1.7612683921166048,3705519153.553664,6294480846.446335,2763475.008607,1207535.422659,4846.784012,3931665.494456,0.0,1684999.498835,1684999.497422,0.0,41433.28364700001,1968.3579402048667,20716.641827000003,29118.81064440733,300000.0,False,False
219,2,0,1,NORMAL,0.0013133986094659063,0.001262087295799305,0.0007485374070218877,1.7546198722270423,3694477349.787101,6305522650.212898,2773719.698871,1212118.526089,4886.678641,3946167.784169,0.0,1691214.765863,1691214.76444,0.0,41435.113472,1988.0091748988837,20717.556740999997,29116.31721473803,300000.0,False,False
220,2,0,1,NORMAL,0.0013172210078202299,0.0012656443094780745,0.0007535477747325829,1.7480258743882322,3683467096.8258305,6316532903.174169,2783965.185732,1216702.702544,4926.720631,3960670.720671,0.0,1697430.310087,1697430.308654,0.0,41436.96144199999,2007.8552772854566,20718.480725999998,29113.92848348199,300000.0,False,False
221,2,0,1,NORMAL,0.0013210594791794538,0.0012692194817168732,0.0007585819013051229,1.7414856285215887,3672488340.8094788,6327511659.19052,2794211.473705,1221287.954155,4966.909995,3975174.310376,0.0,1703646.134254,1703646.13281,0.0,41438.827733000006,2027.8981532139749,20719.413872000005,29111.64144932146,300000.0,False,False
222,2,0,1,NORMAL,0.001324913961154441,0.001272812673938652,0.0007636398831237268,1.7349983813506178,3661541026.6387067,6338458973.361292,2804458.567349,1225874.283071,5007.246743,3989678.559758,0.0,1709862.24114,1709862.239688,0.0,41440.712528000004,2048.139726641448,20720.356268000003,29109.45320881432,300000.0,False,False
223,2,0,1,NORMAL,0.0013287843946307278,0.0012764237526929796,0.0007687218170694375,1.7285633959192037,3650625098.021084,6349374901.978914,2814706.471272,1230461.691459,5047.730888,4004183.475358,0.0,1716078.633546,1716078.632087,0.0,41442.616004999996,2068.581939793843,20721.308006,29107.360953200325,300000.0,False,False
224,2,0,1,NORMAL,0.0013326707236821053,0.0012800525895309879,0.0007738278005178731,1.7221799511341345,3639740497.5280814,6360259502.471916,2824955.190117,1235050.181509,5088.362441,4018689.063774,0.0,1722295.314311,1722295.312836,0.0,41444.538345999994,2089.2267533286267,20722.269181,29105.361965386124,300000.0,False,False
225,2,0,1,NORMAL,0.0013365728954636428,0.0012836990608814818,0.0007789579313438749,1.7158473412778,3628887166.6299057,6371112833.370092,2835204.728583,1239639.75543,5129.141414,4033195.331678,0.0,1728512.286283,1728512.284794,0.0,41446.479738,2110.076146498548,20723.239876000003,29103.45361713489,300000.0,False,False
226,2,0,1,NORMAL,0.001340490860146997,0.00128736304793087,0.0007841123079212552,1.709564875598938,3618065045.751432,6381934954.248566,2845455.091412,1244230.415448,5170.067819,4047702.285803,0.0,1734729.552345,1734729.550846,0.0,41448.440364,2131.132117316633,20724.220187000003,29101.633365680325,300000.0,False,False
227,2,0,1,NORMAL,0.0013444245708439124,0.0012910444365059049,0.0007892910291213136,1.7033318779013706,3607274074.315308,6392725925.6846895,2855706.283389,1248822.163811,5211.141667,4062209.932945,0.0,1740947.115417,1740947.113905,0.0,41450.420415,2152.3966827224212,20725.210214000002,29099.898751482724,300000.0,False,False
228,2,0,1,NORMAL,0.001348373983508751,0.0012947431169577014,0.0007944941943145763,1.6971476861099233,3596514190.781182,6403485809.218816,2865958.309345,1253415.002788,5252.362971,4076718.279968,0.0,1747164.97844,1747164.976914,0.0,41452.420078,2173.8718787494286,20726.210045999997,29098.247395666374,300000.0,False,False
229,2,0,1,NORMAL,0.001352339056869077,0.001298458984048758,0.0007997219033739645,1.6910116518800646,3585785332.6857934,6414214667.314204,2876211.174163,1258008.934668,5293.731743,4091227.333806,0.0,1753383.144379,1753383.142843,0.0,41454.43954399999,2195.559760693867,20727.219777,29096.676997016246,300000.0,False,False
230,2,0,1,NORMAL,0.0013563197523680532,0.0013021919368435514,0.0008049742566730857,1.6849231402425813,3575087436.689907,6424912563.310091,2886464.882768,1262603.961761,5335.247995,4105737.101454,0.0,1759601.616243,1759601.61469,0.0,41456.479007,2217.4624032845913,20728.239511999996,29095.185329635653,300000.0,False,False
231,2,0,1,NORMAL,0.0013603160340597874,0.0013059418785994375,0.0008102513550888163,1.6788815291900072,3564420438.6036654,6435579561.396333,2896719.440139,1267200.086399,5376.911739,4120247.589986,0.0,1765820.397047,1765820.395489,0.0,41458.53866699999,2239.581900854307,20729.269335999998,29093.77024095236,300000.0,False,False
232,2,0,1,NORMAL,0.0013643278685854406,0.0013097087166630507,0.0008155533000017768,1.6728862093776926,3553784273.441221,6446215726.558777,2906974.851297,1271797.310933,5418.722987,4134758.806532,0.0,1772039.489864,1772039.488293,0.0,41460.61871299999,2261.920367512018,20730.309362999997,29092.42964857792,300000.0,False,False
233,2,0,1,NORMAL,0.0013683552250598416,0.0013134923623660695,0.0008208801932966431,1.6669365837230725,3543178875.4405923,6456821124.559406,2917231.121317,1276395.637733,5460.681752,4149270.7583,0.0,1778258.897775,1778258.896192,0.0,41462.71934600001,2284.4799373167466,20731.359678999994,29091.16153917912,300000.0,False,False
234,2,0,1,NORMAL,0.0013723980750378292,0.001317292730925538,0.0008262321373647748,1.661032067107705,3532604178.1053457,6467395821.894653,2927488.255321,1280995.069197,5502.788046,4163783.452567,0.0,1784478.623898,1784478.622305,0.0,41464.84077,2307.262764452499,20732.42039,29089.963965184732,300000.0,False,False
235,2,0,1,NORMAL,0.001376456392445225,0.001321109741346163,0.0008316092351041751,1.6551720860492816,3522060114.2391324,6477939885.760866,2937746.25848,1285595.60774,5545.041882,4178296.896678,0.0,1790698.671386,1790698.669779,0.0,41466.983184000004,2330.2710234044994,20733.491599,29088.835043414216,300000.0,False,False
236,2,0,1,NORMAL,0.001380530153507066,0.001324943316324286,0.0008370115899216714,1.6493560783743242,3511546615.973174,6488453384.026825,2948005.136019,1290197.255798,5587.443272,4192811.098053,0.0,1796919.043414,1796919.041794,0.0,41469.146793,2353.50690913669,20734.573403,29087.772952924883,300000.0,False,False
237,2,0,1,NORMAL,0.0013846193367021654,0.001328793382155117,0.0008424393057320014,1.6435834929366928,3501063614.8022017,6498936385.197798,2958264.893206,1294800.015836,5629.992229,4207326.064181,0.0,1803139.743194,1803139.741562,0.0,41471.33180400001,2376.9726372704954,20735.665907999995,29086.775932779987,300000.0,False,False
238,2,0,1,NORMAL,0.0013887239227014809,0.0013326598686419792,0.0008478924869623404,1.637853789313222,3490611041.609855,6509388958.390144,2968525.535368,1299403.890336,5672.688766,4221841.802627,0.0,1809360.773966,1809360.772322,0.0,41473.538424,2400.670444264872,20736.769218,29085.84228047706,300000.0,False,False
239,2,0,1,NORMAL,0.0013928438943165238,0.0013365427090080788,0.0008533712385508859,1.6321664375304226,3480188826.7024746,6519811173.297525,2978787.067878,1304008.881802,5715.532895,4236358.321026,0.0,1815582.139007,1815582.137349,0.0,41475.766866000005,2424.6025875976175,20737.88344,29084.970349977244,300000.0,False,False
240,2,0,1,NORMAL,0.0013969792364412642,0.00134044183981022,0.0008588756659506215,1.626520917780408,3469796899.8317633,6530203100.168237,2989049.496168,1308614.992761,5758.524629,4250875.627091,0.0,1821803.841621,1821803.839945,0.0,41478.017340000006,2448.771345947969,20739.008679000006,29084.15855004677,300000.0,False,False
241,2,0,1,NORMAL,0.0014011299359926086,0.0013443572008542451,0.0008644058751284332,1.6209167201512011,3459435190.22507,6540564809.77493,2999312.825717,1313222.225766,5801.663981,4265393.728609,0.0,1828025.885139,1828025.883451,0.0,41480.29006,2473.179019380469,20740.145036,29083.405342399456,300000.0,False,False
242,2,0,1,NORMAL,0.0014052959818836482,0.0013482887351142067,0.0008699619725681861,1.6153533443940316,3449103626.6113043,6550896373.388696,3009577.06206,1317830.583391,5844.950965,4279912.633442,0.0,1834248.272933,1834248.271235,0.0,41482.58524400001,2497.8279295301345,20741.292627,29082.70923990378,300000.0,False,False
243,2,0,1,NORMAL,0.0014094773649620399,0.0013522363886527766,0.000875544065270649,1.6098302996621203,3438802137.2472725,6561197862.7527275,3019842.210783,1322440.068232,5888.385593,4294432.349526,0.0,1840471.00841,1840471.006698,0.0,41484.903108,2522.7204197888914,20742.451560999998,29082.068805463106,300000.0,False,False
244,2,0,1,NORMAL,0.0014136740779550458,0.0013562001105432457,0.0008811522607562911,1.6043471042583406,3428530649.9367003,6571469350.063299,3030108.277529,1327050.682911,5931.967879,4308952.884879,0.0,1846694.095,1846694.093276,0.0,41487.243874,2547.858855493306,20743.621943000002,29081.482650198697,300000.0,False,False
245,2,0,1,NORMAL,0.0014178861154376964,0.0013601798527945008,0.0008867866670662937,1.5989032854185878,3418289092.0598764,6581710907.940123,3040375.267992,1331662.430074,5975.697836,4323474.247593,0.0,1852917.536173,1852917.534438,0.0,41489.607763,2573.2456241135956,20744.803887000002,29080.949431739275,300000.0,False,False
246,2,0,1,NORMAL,0.0014221134737855338,0.0013641755702777933,0.0008924473927647439,1.5934983790808317,3408077390.5932255,6591922609.406774,3050643.187925,1336275.312389,6019.575477,4337996.445839,0.0,1859141.335433,1859141.333686,0.0,41491.994999999995,2598.883135443949,20745.997506,29080.46785310297,300000.0,False,False
247,2,0,1,NORMAL,0.001426356151130496,0.001368187220655387,0.0008981345469394413,1.588131929665847,3397895472.130232,6602104527.869767,3060912.043135,1340889.33255,6063.600816,4352519.487869,0.0,1865365.496316,1865365.494554,0.0,41494.405811000004,2624.7738217941182,20747.202913000005,29080.036661198817,300000.0,False,False
248,2,0,1,NORMAL,0.0014306141473115264,0.001372214764310622,0.0009038482392048374,1.5828034898536867,3387743262.9029613,6612256737.097038,3071181.839487,1345504.493275,6107.773866,4367043.382016,0.0,1871590.022386,1871590.020616,0.0,41496.840425999995,2650.9201381823164,20748.420217,29079.654645428505,300000.0,False,False
249,2,0,1,NORMAL,0.001434887463861658,0.0013762581642816568,0.0009095885797017273,1.5775126204115129,3377620688.807213,6622379311.192787,3081452.582898,1350120.797307,6152.094641,4381568.136688,0.0,1877814.917258,1877814.915475,0.0,41499.299075,2677.324562529396,20749.649544,29079.32063620973,300000.0,False,False
250,2,0,1,NORMAL,0.001439176103933909,0.0013803173861947056,0.0009153556790999005,1.5722588899531365,3367527675.414137,6632472324.585863,3091724.279345,1354738.247415,6196.563155,4396093.76038,0.0,1884040.184566,1884040.182771,0.0,41501.781988,2703.9895958543466,20750.891000000003,29079.03350429549,300000.0,False,False
251,2,0,1,NORMAL,0.001443480072289537,0.001384392398200824,0.0009211496486025221,1.5670418747696897,3357464147.9932427,6642535852.006758,3101996.934867,1359356.846389,6241.179421,4410620.261669,0.0,1890265.827984,1890265.82618,0.0,41504.289404999996,2730.9177624710637,20752.144707,29078.792158752785,300000.0,False,False
252,2,0,1,NORMAL,0.0014477993752583683,0.001388483170914214,0.0009269705999431758,1.5618611586463689,3347430031.5332828,6652569968.466718,3112270.555553,1363976.59705,6285.943453,4425147.649211,0.0,1896491.851228,1896491.849412,0.0,41506.82156000001,2758.1116101864286,20753.410786,29078.59554632889,300000.0,False,False
253,2,0,1,NORMAL,0.0014521340206935355,0.0013925896773515896,0.0009328186453915887,1.556716332662865,3337425250.753433,6662574749.246567,3122545.147558,1368597.502241,6330.855266,4439675.931751,0.0,1902718.258041,1902718.256212,0.0,41509.37869299999,2785.573710499672,20754.689352999998,29078.442650249923,300000.0,False,False
254,2,0,1,NORMAL,0.0014564840179445255,0.0013967118928737148,0.0009386938977541915,1.55160699502696,3327449730.1270523,6672550269.872948,3132820.717093,1373219.564832,6375.914873,4454205.118114,0.0,1908945.052207,1908945.050366,0.0,41511.961046000004,2813.3066588030565,20755.980529000004,29078.332488844284,300000.0,False,False
255,2,0,1,NORMAL,0.001460849377831091,0.0014008497951290295,0.0009445964703752224,1.5465327509119289,3317503393.8931465,6682496606.1068535,3143097.270429,1377842.78772,6421.122289,4468735.217213,0.0,1915172.237548,1915172.235692,0.0,41514.568864999994,2841.313074583832,20757.28444,29078.264114663256,300000.0,False,False
256,2,0,1,NORMAL,0.0014652301125926042,0.0014050033639976473,0.00095052647714083,1.5414932122669485,3307586166.0733547,6692413833.926645,3153374.8139,1382467.173827,6466.477527,4483266.238048,0.0,1921399.817915,1921399.816047,0.0,41517.20239199999,2869.5956016275027,20758.601201999998,29078.236613528017,300000.0,False,False
257,4,0,1,NORMAL,0.0014696262358780247,0.0014091725815383168,0.0009564840324794241,1.5364879976808599,3300000000.0,6700000000.0,3163653.353899,1387092.7261,6511.980602,4497798.189702,0.0,1927627.797205,1927627.795326,0.0,41519.861876999996,2898.1569082223705,20759.930944,29078.24910315241,300000.0,False,False
258,4,0,1,NORMAL,0.001474036081512599,0.0014133573234721417,0.0009618007160945454,1.5325795217724714,3300000000.0,6700000000.0,3173942.363112,1391723.50512,6557.631665,4512344.604088,0.0,1933861.97481,1933861.972917,0.0,41561.183968,2926.9996873654068,20780.591990999994,29098.599470384892,300000.0,False,False
259,4,0,1,NORMAL,0.0014783116659680437,0.001417547926213813,0.0009649189322248485,1.5320578927386646,3300000000.0,6700000000.0,3184232.476342,1396355.497442,6603.430731,4526892.102294,0.0,1940096.616913,1940096.615003,0.0,41564.28060099999,2956.126656969379,20782.140309,29185.91441394946,300000.0,False,False
260,4,0,1,NORMAL,0.0014824563419182737,0.0014217355659366816,0.0009680374851821212,1.5314038605017166,3300000000.0,6700000000.0,3194523.701101,1400988.706505,6649.377817,4541440.695001,0.0,1946331.728082,1946331.72616,0.0,41567.40774000001,2985.5405600712947,20783.703876000007,29270.570986167266,300000.0,False,False
261,4,0,1,NORMAL,0.0014864734356368338,0.0014259122026915301,0.0009711563772639394,1.530622122695326,3300000000.0,6700000000.0,3204816.044971,1405623.135773,6695.472939,4555990.392984,0.0,1952567.312947,1952567.311009,0.0,41570.56568000001,3015.244165042127,20785.282848000003,29352.63556998182,300000.0,False,False
262,4,0,1,NORMAL,0.0014903662428376058,0.0014300705278622447,0.0009742756107906061,1.529717285674638,3300000000.0,6700000000.0,3215109.515609,1410258.78875,6741.716112,4570541.20713,0.0,1958803.376167,1958803.374212,0.0,41573.75471500001,3045.2402657978164,20786.877366,29432.17402560931,300000.0,False,False
263,4,0,1,NORMAL,0.0014941380249153444,0.0014342039147688963,0.0009773951881045454,1.5286938621141712,3300000000.0,6700000000.0,3225404.120745,1414895.668967,6788.107353,4585093.148428,0.0,1965039.92245,1965039.920482,0.0,41576.975149000005,3075.531682011588,20788.487580999998,29509.251608184597,300000.0,False,False
264,4,0,1,NORMAL,0.0014977920055080623,0.0014383063722359394,0.000980515111571515,1.527556268977318,3300000000.0,6700000000.0,3235699.868186,1419533.779987,6834.646679,4599646.227974,0.0,1971276.956547,1971276.954572,0.0,41580.227279000006,3106.1212593275227,20790.113643000004,29583.93289332382,300000.0,False,False
265,4,0,1,NORMAL,0.0015013313674104346,0.0014423725009568749,0.0009836353835772727,1.526308825888727,3300000000.0,6700000000.0,3245996.765805,1424173.12541,6881.334106,4614200.456965,0.0,1977514.483271,1977514.48128,0.0,41583.51141400001,3137.0118695754213,20791.755715000007,29656.281709059633,300000.0,False,False
266,4,0,1,NORMAL,0.0015047592497352148,0.0014463974524909612,0.0009867560065342424,1.524955753773764,3300000000.0,6700000000.0,3256294.821563,1428813.708863,6928.169651,4628755.846713,0.0,1983752.50746,1983752.505457,0.0,41586.827862,3168.206410986936,20793.413937,29726.361074726607,300000.0,False,False
267,4,0,1,NORMAL,0.0015080787454492134,0.0014503768907463326,0.0009898769828769697,1.52350117391976,3300000000.0,6700000000.0,3266594.043494,1433455.53401,6975.15333,4643312.408637,0.0,1989991.034006,1989991.031995,0.0,41590.176932,3199.7078084129976,20795.088470000002,29794.23314475725,300000.0,False,False
268,4,0,1,NORMAL,0.0015112928991547659,0.0014543069558049413,0.000992998315060606,1.5219491072978575,3300000000.0,6700000000.0,3276894.4397,1438098.604552,7022.285161,4657870.154264,0.0,1996230.067855,1996230.065832,0.0,41593.55894,3231.519013542484,20796.779476,29859.959159894424,300000.0,False,False
269,4,0,1,NORMAL,0.0015144047051165407,0.001458184229954077,0.0009961200055675758,1.5203034741317671,3300000000.0,6700000000.0,3287196.018373,1442742.924216,7069.56516,4672429.095232,0.0,2002469.613993,2002469.61196,0.0,41596.974202000005,3263.6430051221773,20798.487106000004,29923.599403264365,300000.0,False,False
270,4,0,1,NORMAL,0.0015174171055882982,0.0014620057058014463,0.0009992420569018181,1.5185680937941086,3300000000.0,6700000000.0,3297498.787776,1447388.496768,7116.993345,4686989.243292,0.0,2008709.67746,2008709.675411,0.0,41600.423038,3296.082789177954,20800.211526999996,29985.213161307507,300000.0,False,False
271,4,0,1,NORMAL,0.0015203329893214484,0.001465768756351124,0.0010023644715924241,1.5167466848721647,3300000000.0,6700000000.0,3307802.756255,1452035.326009,7164.569733,4701550.610308,0.0,2014950.263335,2014950.261273,0.0,41603.905769000005,3328.8413992372693,20801.952891000004,30044.858690648307,300000.0,False,False
272,4,0,1,NORMAL,0.0015231551903559038,0.0014694711069320775,0.0010054872521924243,1.5148428655208959,3300000000.0,6700000000.0,3318107.932235,1456683.415773,7212.294341,4716113.208258,0.0,2021191.376753,2021191.374679,0.0,41607.422724,3361.92189655286,20803.711368,30102.59318856468,300000.0,False,False
273,4,0,1,NORMAL,0.0015258864869679295,0.0014731108088698744,0.001008610401279697,1.5128601539622502,3300000000.0,6700000000.0,3328414.324223,1461332.769931,7260.167186,4730677.049235,0.0,2027433.022893,2027433.020812,0.0,41610.97422699999,3395.327370327705,20805.487116999997,30158.472769046897,300000.0,False,False
274,4,0,1,NORMAL,0.0015285296008605924,0.0014766862148047595,0.0010117339214554544,1.5108019692190304,3300000000.0,6700000000.0,3338721.940803,1465983.392388,7308.188287,4745242.145446,0.0,2033675.206994,2033675.204901,0.0,41614.56061200001,3429.0609379412167,20807.280312000006,30212.552441965006,300000.0,False,False
275,4,0,1,NORMAL,0.0015310871964846235,0.001480195955558299,0.0010148578153469697,1.5086716319577833,3300000000.0,6700000000.0,3349030.790645,1470635.287085,7356.357661,4759808.509215,0.0,2039917.934338,2039917.932228,0.0,41618.18220899999,3463.1257451766865,20809.091113,30264.886097039733,300000.0,False,False
276,4,0,1,NORMAL,0.0015335618805676111,0.0014836389184621258,0.0010179820856063638,1.5064723655270817,3300000000.0,6700000000.0,3359340.882501,1475288.458004,7404.675325,4774376.15299,0.0,2046161.21025,2046161.208129,0.0,41621.839363000014,3497.524966449929,20810.919686999998,30315.526490395547,300000.0,False,False
277,4,0,1,NORMAL,0.0015359562018062926,0.0014870142270649754,0.0010211067349118182,1.504207297133278,3300000000.0,6700000000.0,3369652.225209,1479942.909154,7453.141298,4788945.089331,0.0,2052405.04012,2052405.037986,0.0,41625.532409,3532.261805039165,20812.766211,30364.525235238703,300000.0,False,False
278,4,0,1,NORMAL,0.001538272650670712,0.0014903212221363134,0.0010242317659654545,1.5018794591092532,3300000000.0,6700000000.0,3379964.827686,1484598.64459,7501.755598,4803515.330921,0.0,2058649.429383,2058649.427238,0.0,41629.261694999994,3567.3394933160976,20814.630852999995,30411.93279576459,300000.0,False,False
279,4,0,1,NORMAL,0.001540513659372724,0.0014935594438935014,0.0010273571814972727,1.499491790311502,3300000000.0,6700000000.0,3390278.698941,1489255.668398,7550.518243,4818086.890566,0.0,2064894.383526,2064894.381369,0.0,41633.027563999996,3602.761292978216,20816.513787999997,30457.798483280098,300000.0,False,False
280,4,0,1,NORMAL,0.0015426816019425008,0.0014967286153805335,0.0010304829842621211,1.4970471376071681,3300000000.0,6700000000.0,3400593.848065,1493913.984703,7599.429252,4832659.78119,0.0,2071139.908091,2071139.905921,0.0,41636.830364999994,3638.5304952822707,20818.415188999996,30502.170455579937,300000.0,False,False
281,4,0,1,NORMAL,0.0015447787944338578,0.001499828626932361,0.001033609177040909,1.4945482574529398,3300000000.0,6700000000.0,3410910.284235,1498573.597673,7648.488643,4847234.015847,0.0,2077386.008669,2077386.006485,0.0,41640.67045599999,3674.650421278953,20820.335235,30545.095718461514,300000.0,False,False
282,4,0,1,NORMAL,0.001546807495215885,0.0015028595216603304,0.0010367357626412121,1.4919978175299002,3300000000.0,6700000000.0,3421228.016716,1503234.511507,7697.696435,4861809.607709,0.0,2083632.690908,2083632.688711,0.0,41644.548188999994,3711.1244220487283,20822.274101,30586.620129790386,300000.0,False,False
283,4,0,1,NORMAL,0.0015487699053836552,0.0015058214819005451,0.0010398627438984848,1.4893983984629147,3300000000.0,6700000000.0,3431547.054865,1507896.730445,7747.052647,4876386.570078,0.0,2089879.96051,2089879.958296,0.0,41648.463925000004,3747.955878938866,20824.231971,30626.788405274525,300000.0,False,False
284,4,0,1,NORMAL,0.0015506681692190234,0.0015087148165662534,0.0010429901236748485,1.4867524955609677,3300000000.0,6700000000.0,3441867.408127,1512560.258769,7796.557297,4890964.916386,0.0,2096127.82322,2096127.820998,0.0,41652.41802799999,3785.1482038016075,20826.209017999998,30665.644126596373,300000.0,False,False
285,4,0,1,NORMAL,0.0015525043747883327,0.0015115399493547746,0.001046117904859091,1.4840625206557865,3300000000.0,6700000000.0,3452189.086035,1517225.100795,7846.210405,4905544.660184,0.0,2102376.284858,2102376.282623,0.0,41656.410859,3822.704839233479,20828.205436000004,30703.229750536662,300000.0,False,False
286,4,0,1,NORMAL,0.0015542805545444688,0.0015142974077541097,0.0010492460903672727,1.4813308039112316,3300000000.0,6700000000.0,3462512.098212,1521891.260882,7896.011989,4920125.815159,0.0,2108625.351287,2108625.34904,0.0,41660.442796,3860.629258815752,20830.221404000004,30739.586620808986,300000.0,False,False
287,4,0,1,NORMAL,0.0015559986860311206,0.0015169878128042395,0.0010523746831439394,1.478559595697056,3300000000.0,6700000000.0,3472836.454375,1526558.743431,7945.962069,4934708.395129,0.0,2114875.028424,2114875.026167,0.0,41664.51420400001,3898.9249673560075,20832.257107000005,30774.754979980484,300000.0,False,False
288,4,0,1,NORMAL,0.0015576606926449722,0.0015196118695681579,0.0010555036861612122,1.4757510684875648,3300000000.0,6700000000.0,3483162.164332,1531227.552878,7996.060665,4949292.414038,0.0,2121125.322252,2121125.319984,0.0,41668.625463,3937.5955011308397,20834.312737,30808.773983416188,300000.0,False,False
289,4,0,1,NORMAL,0.0015592684444238666,0.0015221703582685262,0.0010586331024196969,1.472907318748939,3300000000.0,6700000000.0,3493489.237985,1535897.693702,8046.307796,4963877.885967,0.0,2127376.238803,2127376.236523,0.0,41672.77694799999,3976.6444281296317,20836.388479999998,30841.68171437045,300000.0,False,False
290,4,0,1,NORMAL,0.0015608237589065158,0.0015246641260516225,0.0010617629349481818,1.4700303688626033,3300000000.0,6700000000.0,3503817.685329,1540569.170423,8096.703482,4978464.825128,0.0,2133627.784173,2133627.781878,0.0,41676.969047,4016.0753482994337,20838.484531000002,30873.51519959256,300000.0,False,False
291,4,0,1,NORMAL,0.0015623284020026725,0.001527094079338787,0.0010648931868057576,1.4671221690214924,3300000000.0,6700000000.0,3514147.516459,1545241.987606,8147.247743,4993053.245877,0.0,2139879.964503,2139879.962195,0.0,41681.202144999996,4055.891893790891,20840.601079,30904.310426349013,300000.0,False,False
292,4,0,1,NORMAL,0.0015637840889185124,0.0015294611767310276,0.0010680238610781818,1.4641845991529208,3300000000.0,6700000000.0,3524478.741558,1549916.149852,8197.940598,5007643.162694,0.0,2146132.786005,2146132.783687,0.0,41685.476628,4096.097729205266,20842.738319,30934.102359652916,300000.0,False,False
293,4,0,1,NORMAL,0.0015651924851097787,0.0015317664224328825,0.0010711549608812122,1.4612194708244026,3300000000.0,6700000000.0,3534811.370908,1554591.661807,8248.782068,5022234.590202,0.0,2152386.254949,2152386.252617,0.0,41689.792890000004,4136.696551842465,20844.896452,30962.924960586548,300000.0,False,False
294,4,0,1,NORMAL,0.0015665552072343899,0.001534010860162012,0.0010742864893612122,1.4582285291197217,3300000000.0,6700000000.0,3545145.414892,1559268.528162,8299.772174,5036827.543166,0.0,2158640.377657,2158640.375313,0.0,41694.151332,4177.692091950119,20847.075672,30990.81120517362,300000.0,False,False
295,4,0,1,NORMAL,0.0015678738241503563,0.0015361955675160988,0.0010774184496939393,1.4552134545271058,3300000000.0,6700000000.0,3555480.88399,1563946.753643,8350.910936,5051422.036484,0.0,2164895.160519,2164895.158163,0.0,41698.552348,4219.088112973643,20849.27618,31017.79310324092,300000.0,False,False
296,4,0,1,NORMAL,0.0015691498579232161,0.0015383216507681707,0.0010805508450842424,1.4521758648024392,3300000000.0,6700000000.0,3565817.788778,1568626.343028,8402.198374,5066018.085202,0.0,2171150.609982,2171150.607613,0.0,41702.996349,4260.888411807337,20851.498181000003,31043.901718177054,300000.0,False,False
297,4,0,1,NORMAL,0.0015703847848304064,0.0015403902400625085,0.0010836836787690908,1.4491173167931606,3300000000.0,6700000000.0,3576156.139938,1573307.301135,8453.634509,5080615.704507,0.0,2177406.732553,2177406.730169,0.0,41707.483736999995,4303.0968190464255,20853.741876,31069.167186879677,300000.0,False,False
298,4,0,1,NORMAL,0.001571580036383517,0.0015424024849864445,0.0010868169540142424,1.4460393082558796,3300000000.0,6700000000.0,3586495.948247,1577989.632825,8505.219363,5095214.909726,0.0,2183663.534801,2183663.532404,0.0,41712.014921,4345.717199240067,20856.007467000003,31093.61873964205,300000.0,False,False
299,4,0,1,NORMAL,0.0015727370003760924,0.0015443595504954543,0.001089950674118182,1.4429432796566741,3300000000.0,6700000000.0,3596837.22459,1582673.343004,8556.952956,5109815.716335,0.0,2189921.02336,2189921.020947,0.0,41716.590319999996,4388.753451145297,20858.295167999997,31117.284720393636,300000.0,False,False
300,4,0,1,NORMAL,0.0015738570218911698,0.0015462626131661457,0.0010930848424075758,1.439830615915109,3300000000.0,6700000000.0,3607179.979945,1587358.436627,8608.83531,5124418.139954,0.0,2196179.204923,2196179.202496,0.0,41721.21035000001,4432.209507981916,20860.605182000003,31140.192607446632,300000.0,False,False
301,4,0,1,NORMAL,0.0015749414043536346,0.001548112857758887,0.0010962194622439394,1.4367026481447072,3300000000.0,6700000000.0,3617524.225405,1592044.918688,8660.866446,5139022.196352,0.0,2202438.08625,2202438.083808,0.0,41725.87543500001,4476.089337688259,20862.937725,31162.36903344516,300000.0,False,False
302,4,0,1,NORMAL,0.001575991410540978,0.0015499114740674092,0.001099354537019091,1.4335606553408076,3300000000.0,6700000000.0,3627869.972163,1596732.794231,8713.046385,5153627.901449,0.0,2208697.674158,2208697.671703,0.0,41730.585997,4520.396943177846,20865.293005,31183.839806201962,300000.0,False,False
303,4,0,1,NORMAL,0.0015770082636269648,0.0015516596540389935,0.0011024900701560607,1.4304058660625711,3300000000.0,6700000000.0,3638217.231515,1601422.068342,8765.37515,5168235.271309,0.0,2214957.97554,2214957.97307,0.0,41735.342469,4565.13636259689,20867.671242000004,31204.62992871137,300000.0,False,False
304,4,0,1,NORMAL,0.0015779931481833555,0.0015533585891450814,0.0011056260651112122,1.4272394600471265,3300000000.0,6700000000.0,3648566.014867,1606112.746158,8817.852762,5182844.322153,0.0,2221218.997345,2221218.994859,0.0,41740.145282000005,4610.311669582665,20870.072649,31224.763619813904,300000.0,False,False
305,4,0,1,NORMAL,0.0015789472111980057,0.0015550094679872056,0.0011087625253730304,1.4240625698156484,3300000000.0,6700000000.0,3658916.333731,1610804.832862,8870.479244,5197455.070356,0.0,2227480.746587,2227480.744085,0.0,41744.994874,4655.926973522666,20872.497445,31244.264334030442,300000.0,False,False
306,4,0,1,NORMAL,0.0015798715630664785,0.0015566134741213523,0.0011118994544624243,1.4208762822267118,3300000000.0,6700000000.0,3669268.199726,1615498.333683,8923.254617,5212067.532442,0.0,2233743.230347,2233743.227836,0.0,41749.891683,4701.9864198145715,20874.945846000002,31263.154781720517,300000.0,False,False
307,4,0,1,NORMAL,0.001580767278609777,0.0015581717840883475,0.0011150368559351516,1.4176816400243828,3300000000.0,6700000000.0,3679621.624586,1620193.253893,8976.178905,5226681.725093,0.0,2240006.455781,2240006.453256,0.0,41754.836156000005,4748.494190126953,20877.418085,31281.456948716273,300000.0,False,False
308,4,0,1,NORMAL,0.001581635398018011,0.001559685565632197,0.0011181747333775757,1.4144796433027054,3300000000.0,6700000000.0,3689976.620146,1624889.598823,9029.252129,5241297.665149,0.0,2246270.430104,2246270.427562,0.0,41759.82874099999,4795.454502660775,20879.914378999998,31299.192116473587,300000.0,False,False
309,4,0,1,NORMAL,0.001582476927824248,0.0015611559760962004,0.0011213130904124242,1.4112712509600736,3300000000.0,6700000000.0,3700333.198361,1629587.373844,9082.474313,5255915.369608,0.0,2252535.160597,2252535.158043,0.0,41764.869891999995,4842.871612411561,20882.434952,31316.38088075662,300000.0,False,False
310,4,0,1,NORMAL,0.001583292841872934,0.001562584160985022,0.0011244519306945456,1.4080573821372462,3300000000.0,6700000000.0,3710691.371292,1634286.584379,9135.845479,5270534.855625,0.0,2258800.65462,2258800.652049,0.0,41769.96006300001,4890.749811432283,20884.980039999995,31333.043170920108,300000.0,False,False
311,4,0,1,NORMAL,0.001584084082226336,0.00156397125267801,0.0011275912579142423,1.4048389175670708,3300000000.0,6700000000.0,3721051.151117,1638987.2359,9189.365651,5285156.140521,0.0,2265066.91959,2265066.917003,0.0,41775.099716000004,4939.093429096886,20887.549866000005,31349.198269084096,300000.0,False,False
312,4,0,1,NORMAL,0.001584851560096679,0.001565318369285666,0.0011307310757966667,1.4016167009295801,3300000000.0,6700000000.0,3731412.550129,1643689.333928,9243.034852,5299779.241778,0.0,2271333.962995,2271333.960396,0.0,41780.28931200001,4987.906832364487,20890.144662000002,31364.86482808145,300000.0,False,False
313,4,0,1,NORMAL,0.0015855961567557632,0.0015666266136385757,0.0011338713881006062,1.398391540165644,3300000000.0,6700000000.0,3741775.580732,1648392.884035,9296.853105,5314404.177038,0.0,2277601.792401,2277601.789792,0.0,41785.529321999995,5037.194426044145,20892.764665999995,31380.06088991425,300000.0,False,False
314,4,0,1,NORMAL,0.0015863187244143273,0.0015678970723983017,0.001137012198620909,1.3951642087379412,3300000000.0,6700000000.0,3752140.255449,1653097.891843,9350.820434,5329030.964112,0.0,2283870.415442,2283870.412822,0.0,41790.820218999994,5086.96065306023,20895.410115,31394.80390376411,300000.0,False,False
315,4,0,1,NORMAL,0.0015870200870841242,0.001569130815281258,0.0011401535111869696,1.3919354468609575,3300000000.0,6700000000.0,3762506.586917,1657804.363026,9404.936863,5343659.620975,0.0,2290139.839824,2290139.837188,0.0,41796.16247399999,5137.2099947183215,20898.081244999998,31409.11074340368,300000.0,False,False
316,4,0,1,NORMAL,0.0015877010414334543,0.0015703288943878513,0.0011432953296660606,1.3887059626992422,3300000000.0,6700000000.0,3772874.587898,1662512.303309,9459.202415,5358290.165776,0.0,2296410.07332,2296410.07067,0.0,41801.55658,5187.946970971628,20900.778297,31422.99772426566,300000.0,False,False
317,4,0,1,NORMAL,0.0015883623576132759,0.0015714923436282015,0.001146437657959091,1.3854764335296759,3300000000.0,6700000000.0,3783244.271265,1667221.71847,9513.617115,5372922.616826,0.0,2302681.123781,2302681.121118,0.0,41807.00300899999,5239.176140687906,20903.501511,31436.480620382394,300000.0,False,False
318,4,0,1,NORMAL,0.0015890047800781514,0.0015726221782378757,0.0011495805000039394,1.382247506871164,3300000000.0,6700000000.0,3793615.650013,1671932.614339,9568.180988,5387556.992611,0.0,2308952.999129,2308952.996453,0.0,41812.502253,5290.9021019168,20906.251133,31449.574680742862,300000.0,False,False
319,4,0,1,NORMAL,0.0015896290283754883,0.0015737193943757865,0.0011527238597775758,1.3790198015700097,3300000000.0,6700000000.0,3803988.737266,1676644.996797,9622.894058,5402193.311792,0.0,2315225.707356,2315225.704673,0.0,41818.054808999994,5343.129492157621,20909.027407999998,31462.294645547398,300000.0,False,False
320,4,0,1,NORMAL,0.0015902357979405255,0.001574784968799318,0.0011558677412909092,1.375793908881392,3300000000.0,6700000000.0,3814363.54626,1681358.87178,9677.756349,5416831.593197,0.0,2321499.256544,2321499.253845,0.0,41823.66117,5395.8629886274675,20911.830593000002,31474.65476183467,300000.0,False,False
321,4,0,1,NORMAL,0.0015908257608164232,0.0015758198586068733,0.0011590121485939393,1.3725703934564797,3300000000.0,6700000000.0,3824740.09036,1686074.245278,9732.767887,5431471.855837,0.0,2327773.654831,2327773.652119,0.0,41829.321841,5449.107308529754,20914.660927,31486.668799222403,300000.0,False,False
322,4,0,1,NORMAL,0.00159139956642203,0.0015768250010465609,0.0011621570857739394,1.369349794362985,3300000000.0,6700000000.0,3835118.383054,1690791.123336,9787.928697,5446114.118897,0.0,2334048.910437,2334048.907716,0.0,41835.037323000004,5502.867209322986,20917.518666000004,31498.35006416518,300000.0,False,False
323,4,0,1,NORMAL,0.001591957842279712,0.0015778013133841836,0.0011653025569569697,1.366132626051122,3300000000.0,6700000000.0,3845498.437958,1695509.512051,9843.238804,5460758.40174,0.0,2340325.031666,2340325.028931,0.0,41840.80813,5557.147488989822,20920.404072,31509.711415156195,300000.0,False,False
324,4,0,1,NORMAL,0.0015925011946966404,0.001578749692823697,0.0011684485663054545,1.362919379268878,3300000000.0,6700000000.0,3855880.268808,1700229.417577,9898.698234,5475404.723908,0.0,2346602.026896,2346602.024143,0.0,41846.63477799999,5611.952986306381,20923.317398,31520.7652771383,300000.0,False,False
325,4,0,1,NORMAL,0.001593030209445219,0.0015796710164766984,0.0011715951180230303,1.359710521953459,3300000000.0,6700000000.0,3866263.889476,1704950.846124,9954.307012,5490053.105129,0.0,2352879.904572,2352879.901807,0.0,41852.517782,5667.288581111715,20926.258897000003,31531.523654993478,300000.0,False,False
326,4,0,1,NORMAL,0.0015935454524589473,0.001580566141378779,0.00117474221635,1.3565065001325958,3300000000.0,6700000000.0,3876649.313955,1709673.803959,10010.065165,5504703.565309,0.0,2359158.673232,2359158.670454,0.0,41858.457667,5723.159194577448,20929.22884,31541.998147015336,300000.0,False,False
327,4,0,1,NORMAL,0.0015940474704497817,0.00158143590454465,0.0011778898655672727,1.3533077387350532,3300000000.0,6700000000.0,3887036.556372,1714398.297403,10065.972718,5519356.124542,0.0,2365438.341483,2365438.338697,0.0,41864.45496,5779.569789477503,20932.227484,31552.19995868716,300000.0,False,False
328,4,0,1,NORMAL,0.00159453679156647,0.0015822811230621868,0.0011810380699948486,1.350114642429287,3300000000.0,6700000000.0,3897425.630983,1719124.332834,10122.029698,5534010.803104,0.0,2371718.918024,2371718.915222,0.0,41870.51019000001,5836.52537045791,20935.255103,31562.139914905674,300000.0,False,False
329,4,0,1,NORMAL,0.0015950139259748581,0.001583102594217843,0.0011841868339930303,1.3469275963798175,3300000000.0,6700000000.0,3907816.552177,1723851.916693,10178.236131,5548667.621466,0.0,2378000.411618,2378000.408805,0.0,41876.62390099999,5894.030984306609,20938.311955999998,31571.828473016107,300000.0,False,False
330,4,0,1,NORMAL,0.0015954793664834787,0.0015839010956543356,0.0011873361619627273,1.3437469670308617,3300000000.0,6700000000.0,3918209.334477,1728581.055471,10234.592044,5563326.600282,0.0,2384282.831122,2384282.828296,0.0,41882.796627,5952.091720223253,20941.398319999997,31581.27573430219,300000.0,False,False
331,4,0,1,NORMAL,0.0015959335891045589,0.0015846773855543502,0.0011904860583448484,1.3405731028244132,3300000000.0,6700000000.0,3928603.992538,1733311.755723,10291.097465,5577987.760399,0.0,2390566.18547,2390566.18263,0.0,41889.02891600001,6010.712710088898,20944.514465000004,31590.491456372878,300000.0,False,False
332,4,0,1,NORMAL,0.0015963770536231439,0.001585432202849111,0.0011936365276221212,1.3374063349111258,3300000000.0,6700000000.0,3939000.541153,1738044.024061,10347.75242,5592651.122858,0.0,2396850.483678,2396850.480827,0.0,41895.321323000004,6069.89912873562,20947.660666999996,31599.485064270266,300000.0,False,False
333,4,0,1,NORMAL,0.0015968102041402394,0.0015861662674485388,0.0011967875743172727,1.3342469778324413,3300000000.0,6700000000.0,3949398.995247,1742777.867159,10404.556937,5607316.708893,0.0,2403135.734846,2403135.731983,0.0,41901.67439400001,6129.656194215904,20950.837203000003,31608.26566173825,300000.0,False,False
334,4,0,1,NORMAL,0.0015972334696073857,0.001586880280491045,0.0011999392029960606,1.3310953301795152,3300000000.0,6700000000.0,3959799.369887,1747513.291749,10461.511043,5621984.539934,0.0,2409421.94816,2409421.945283,0.0,41908.088696,6189.98916807186,20954.044355,31616.842041976743,300000.0,False,False
335,4,0,1,NORMAL,0.0015976472643247672,0.0015875749246093496,0.0012030914182657576,1.3279516752166325,3300000000.0,6700000000.0,3970201.680277,1752250.304621,10518.614767,5636654.637606,0.0,2415709.132887,2415709.13,0.0,41914.564787999996,6250.903355604127,20957.282399,31625.22269822624,300000.0,False,False
336,4,0,1,NORMAL,0.0015980519884654083,0.0015882508642129664,0.0012062442247757574,1.3248162815142088,3300000000.0,6700000000.0,3980605.94176,1756988.91263,10575.868136,5651327.023736,0.0,2421997.298384,2421997.295483,0.0,41921.10323999999,6312.404106140485,20960.551626999993,31633.41583363039,300000.0,False,False
337,4,0,1,NORMAL,0.0015984480285367098,0.0015889087457822404,0.0012093976272181818,1.3216894035201718,3300000000.0,6700000000.0,3991012.16982,1761729.122692,10633.271178,5666001.72035,0.0,2428286.454092,2428286.451172,0.0,41927.70462499999,6374.496813304046,20963.852322,31641.429371615086,300000.0,False,False
338,4,0,1,NORMAL,0.0015988357578484538,0.0015895491981736092,0.0012125516303290909,1.3185712821271982,3300000000.0,6700000000.0,4001420.380086,1766470.941783,10690.823922,5680678.749679,0.0,2434576.609532,2434576.606597,0.0,41934.36952300001,6437.186915281054,20967.184769,31649.270965026855,300000.0,False,False
339,4,0,1,NORMAL,0.0015992155369850115,0.0015901728329356353,0.0012157062388866667,1.3154621452379478,3300000000.0,6700000000.0,4011830.588326,1771214.376946,10748.526397,5695358.134156,0.0,2440867.77432,2440867.771372,0.0,41941.09851700001,6500.479895088159,20970.549265000005,31656.948005399383,300000.0,False,False
340,4,0,1,NORMAL,0.0015995877142347815,0.0015907802446323547,0.0012188614577142425,1.3123622082812623,3300000000.0,6700000000.0,4022242.810457,1775959.435281,10806.378632,5710039.89642,0.0,2447159.95816,2447159.955197,0.0,41947.892193,6564.38128083914,20973.946104000002,31664.46763230323,300000.0,False,False
341,4,0,1,NORMAL,0.0015999526260080722,0.0015913720111727235,0.001222017291678485,1.3092716747162223,3300000000.0,6700000000.0,4032657.062539,1780706.123955,10864.380656,5724724.059317,0.0,2453453.170841,2453453.167864,0.0,41954.751141999994,6628.896646011057,20977.375578,31671.836741848678,300000.0,False,False
342,4,0,1,NORMAL,0.0016003105972698202,0.0015919486941467298,0.001225173745690606,1.3061907365373366,3300000000.0,6700000000.0,4043073.360779,1785454.450198,10922.532499,5739410.645902,0.0,2459747.422248,2459747.419255,0.0,41961.67596799999,6694.031609709668,20980.837991999997,31679.06199495983,300000.0,False,False
343,4,0,1,NORMAL,0.0016006619419136694,0.0015925108391639518,0.0012283308247069697,1.3031195747249305,3300000000.0,6700000000.0,4053491.721533,1790204.421308,10980.83419,5754099.679443,0.0,2466042.722347,2466042.719341,0.0,41968.667267,6759.791836934193,20984.33364,31686.149825942437,300000.0,False,False
344,4,0,1,NORMAL,0.001601006963174599,0.0015930589761968968,0.0012314885337284848,1.3000583597212645,3300000000.0,6700000000.0,4063912.161304,1794956.044643,11039.285759,5768791.183416,0.0,2472339.081206,2472339.078184,0.0,41975.72564799999,6826.183038841195,20987.862832,31693.106449890656,300000.0,False,False
345,4,0,1,NORMAL,0.001601345953979617,0.0015935936199248143,0.0012346468778024243,1.2970072518466889,3300000000.0,6700000000.0,4074334.696748,1799709.32763,11097.887236,5783485.181514,0.0,2478636.508976,2478636.505939,0.0,41982.851721,6893.2109730076845,20991.425868000002,31699.937870857062,300000.0,False,False
346,4,0,1,NORMAL,0.00160167919732829,0.0015941152700798772,0.0012378058620224242,1.2939664017355201,3300000000.0,6700000000.0,4084759.344674,1804464.277762,11156.638651,5798181.697648,0.0,2484935.015902,2484935.012852,0.0,41990.04610700001,6960.8814436932225,20995.023059999996,31706.649888796415,300000.0,False,False
347,4,0,1,NORMAL,0.001602006966632799,0.001594624411792969,0.0012409654915284847,1.2909359507327018,3300000000.0,6700000000.0,4095186.122044,1809220.902595,11215.540036,5812880.755945,0.0,2491234.612322,2491234.609263,0.0,41997.30942500001,7029.200302101094,20998.654717000005,31713.248107100142,300000.0,False,False
348,4,0,1,NORMAL,0.0016023295260749434,0.0015951215159401933,0.0012441257715060606,1.2879160312990412,3300000000.0,6700000000.0,4105615.04597,1813979.209757,11274.591421,5827582.38075,0.0,2497535.308677,2497535.305605,0.0,42004.64230699999,7098.173446638361,21002.321159999996,31719.73793932942,300000.0,False,False
349,4,0,1,NORMAL,0.001602647130904624,0.0015956070394862855,0.0012472867071875759,1.2849067673609116,3300000000.0,6700000000.0,4116046.133719,1818739.206943,11333.792837,5842286.596629,0.0,2503837.115495,2503837.112409,0.0,42012.04538000001,7167.806823174828,21006.022697000004,31726.124616283876,300000.0,False,False
350,4,0,1,NORMAL,0.0016029600277771639,0.0015960814258276325,0.0012504483038548485,1.2819082746848482,3300000000.0,6700000000.0,4126479.402721,1823500.901915,11393.144315,5856993.428373,0.0,2510140.0434,2510140.040298,0.0,42019.51928200001,7238.106425300759,21009.759649000003,31732.413191911553,300000.0,False,False
351,4,0,1,NORMAL,0.0016032684550532055,0.0015965451051325084,0.0012536105668360606,1.278920661222275,3300000000.0,6700000000.0,4136914.870559,1828264.302506,11452.645887,5871702.900999,0.0,2516444.10311,2516444.099991,0.0,42027.064655,7309.078294583355,21013.532336000004,31738.608549987846,300000.0,False,False
352,4,0,1,NORMAL,0.001603572643097988,0.0015969984946786686,0.0012567735015075758,1.2759440274436131,3300000000.0,6700000000.0,4147352.554975,1833029.416617,11512.297586,5886415.039747,0.0,2522749.305444,2522749.30231,0.0,42034.68214899999,7380.72852082183,21017.341082,31744.71541005347,300000.0,False,False
353,4,0,1,NORMAL,0.0016038728145687355,0.0015974419991877052,0.0012599371132951515,1.2729784666586086,3300000000.0,6700000000.0,4157792.473874,1837796.252218,11572.099443,5901129.870087,0.0,2529055.661318,2529055.65817,0.0,42042.372414,7453.0632423011075,21021.186214,31750.73833334016,300000.0,False,False
354,4,0,1,NORMAL,0.0016041691846923917,0.0015978760111557497,0.0012631014076751516,1.27002406532426,3300000000.0,6700000000.0,4168234.645328,1842564.81735,11632.05149,5915847.417724,0.0,2535363.181743,2535363.178583,0.0,42050.13611199999,7526.088646043944,21025.068062,31756.681728460964,300000.0,False,False
355,4,0,1,NORMAL,0.0016044619615302512,0.0015983009111799112,0.001266266390169394,1.2670809033442128,3300000000.0,6700000000.0,4178679.087559,1847335.120127,11692.15376,5930567.708585,0.0,2541671.877839,2541671.874665,0.0,42057.9739,7599.810968061519,21028.986957,31762.549856909354,300000.0,False,False
356,4,0,1,NORMAL,0.0016047513462280273,0.0015987170682797897,0.0012694320663527272,1.264149054339492,3300000000.0,6700000000.0,4189125.818964,1852107.168733,11752.406287,5945290.76884,0.0,2547981.760812,2547981.757631,0.0,42065.886449,7674.236493602305,21032.943227999996,31768.346838298974,300000.0,False,False
357,4,0,1,NORMAL,0.0016050375333005124,0.0015991248402166106,0.0012725984418478788,1.2612285859551382,3300000000.0,6700000000.0,4199574.858098,1856880.971428,11812.809103,5960016.624888,0.0,2554292.841989,2554292.838792,0.0,42073.874434000005,7749.371557399218,21036.937225,31774.07665531494,300000.0,False,False
358,4,0,1,NORMAL,0.001605320710822212,0.0015995245738040689,0.00127576552233,1.258319560078977,3300000000.0,6700000000.0,4210026.223689,1861656.536538,11873.362242,5974745.303369,0.0,2560605.132782,2560605.129568,0.0,42081.938531,7825.222543914881,21040.969273999995,31779.74315935015,300000.0,False,False
359,4,0,1,NORMAL,0.001605601060693967,0.0015999166052163205,0.0012789333135251515,1.255422033122598,3300000000.0,6700000000.0,4220479.934633,1866433.872468,11934.065737,5989476.831165,0.0,2566918.644707,2566918.641477,0.0,42090.079426,7901.795887585016,21045.039720999994,31785.3500742798,300000.0,False,False
360,4,0,1,NORMAL,0.0016058787588591717,0.001600301260290053,0.001282101821209697,1.2525360562579833,3300000000.0,6700000000.0,4230936.009992,1871212.987694,11994.919623,6004211.235395,0.0,2573233.389387,2573233.386146,0.0,42098.297809,7979.098073059757,21049.148909999996,31790.90100174055,300000.0,False,False
361,4,0,1,NORMAL,0.0016061539755275677,0.0016006788548215056,0.0012852710512115152,1.249661675654784,3300000000.0,6700000000.0,4241394.468998,1875993.89077,12055.923934,6018948.543421,0.0,2579549.378552,2579549.3753,0.0,42106.59437099999,8057.135635442896,21053.297190999998,31796.399425411604,300000.0,False,False
362,4,0,1,NORMAL,0.001606426875378197,0.0016010496948574212,0.0012884410094136363,1.2467989326956261,3300000000.0,6700000000.0,4251855.331065,1880776.590321,12117.078704,6033688.782856,0.0,2585866.62403,2585866.620771,0.0,42114.96981899999,8135.915160528911,21057.484912999997,31801.848715445838,300000.0,False,False
363,4,0,1,NORMAL,0.0016066976177703514,0.001601414076980836,0.0012916117017469696,1.243947864205018,3300000000.0,6700000000.0,4262318.615765,1885561.095051,12178.383968,6048431.981549,0.0,2592185.137769,2592185.134494,0.0,42123.424848,8215.443285037703,21061.712432,31807.252132488302,300000.0,False,False
364,4,0,1,NORMAL,0.0016069663569209592,0.0016017722885898764,0.001294783134198788,1.2411085026338022,3300000000.0,6700000000.0,4272784.342856,1890347.41374,12239.839762,6063178.167609,0.0,2598504.931806,2598504.928518,0.0,42131.960180999995,8295.72669684694,21065.980097,31812.612831852955,300000.0,False,False
365,4,0,1,NORMAL,0.0016072332421152124,0.0016021246081721562,0.001297955312808788,1.2382808762785091,3300000000.0,6700000000.0,4283252.532269,1895135.555242,12301.446121,6077927.369389,0.0,2604826.018297,2604826.014993,0.0,42140.57652599999,8376.772135221905,21070.288270999998,31817.933867034993,300000.0,False,True
366,4,0,1,NORMAL,0.0016074984178648332,0.0016024713055716837,0.0013011282436718183,1.2354650094508979,3300000000.0,6700000000.0,4293723.204117,1899925.528492,12363.20308,6092679.615502,0.0,2611148.409491,2611148.406184,0.0,42149.274610999986,8458.58639104277,21074.637306999994,31823.218193881206,300000.0,False,True
367,4,0,1,NORMAL,0.0016077620241246161,0.001602812642252518,0.0013043019329333333,1.2326609226966418,3300000000.0,6700000000.0,4304196.37868,1904717.342502,12425.110676,6107434.934803,0.0,2617472.117772,2617472.114455,0.0,42158.055153999994,8541.176307029173,21079.027581999995,31828.4686737237,300000.0,False,True
368,4,0,1,NORMAL,0.0016080241964244494,0.001603148871553933,0.0013074763867975756,1.2298686329341753,3300000000.0,6700000000.0,4314672.076432,1909511.006361,12487.168944,6122193.356415,0.0,2623797.155616,2623797.152286,0.0,42166.918899,8624.54877796199,21083.459456,31833.6880776674,300000.0,False,True
369,4,0,1,NORMAL,0.0016082850660436585,0.0016034802389403669,0.0013106516115218181,1.227088153636994,3300000000.0,6700000000.0,4325150.318022,1914306.529238,12549.377922,6136954.909715,0.0,2630123.535613,2630123.53227,0.0,42175.86658100001,8708.710750902228,21087.933297000007,31838.879089204103,300000.0,False,True
370,4,0,1,NORMAL,0.0016085447601717148,0.001603806982245615,0.0013138276134175757,1.2243194949963871,3300000000.0,6700000000.0,4335631.124278,1919103.920386,12611.737646,6151719.62434,0.0,2636451.270465,2636451.267108,0.0,42184.89894000001,8793.669225406897,21092.449477000006,31844.044307664437,300000.0,False,True
371,4,0,1,NORMAL,0.0016088034020632963,0.001604129331911272,0.0013170043988560607,1.221562664073628,3300000000.0,6700000000.0,4346114.516225,1923903.189131,12674.248154,6166487.530193,0.0,2642780.372984,2642780.369615,0.0,42194.016732,8879.431253741754,21097.008372,31849.186251399955,300000.0,False,True
372,4,0,1,NORMAL,0.0016090611111860042,0.0016044475112193192,0.0013201819742606061,1.2188176649565228,3300000000.0,6700000000.0,4356600.51506,1928704.344888,12736.909482,6181258.657438,0.0,2649110.8561,2649110.852717,0.0,42203.22070799999,8966.00394109087,21101.610361,31854.307360853265,300000.0,False,True
373,4,0,1,NORMAL,0.0016093180033478548,0.0016047617365179344,0.0013233603461136364,1.2160844988849797,3300000000.0,6700000000.0,4367089.142175,1933507.397148,12799.721669,6196033.036505,0.0,2655442.732851,2655442.729458,0.0,42212.51162599999,9053.394445762779,21106.255817999998,31859.410001482884,300000.0,False,True
374,4,0,1,NORMAL,0.0016095741908672171,0.0016050722174436947,0.0013265395209536362,1.2133631644160214,3300000000.0,6700000000.0,4377580.419147,1938312.355486,12862.684753,6210810.698093,0.0,2661776.0164,2661776.012993,0.0,42221.89026,9141.609979393248,21110.945137,31864.496466287525,300000.0,False,True
375,4,0,1,NORMAL,0.0016098297826691072,0.0016053791571356568,0.0013297195053775758,1.2106536575260611,3300000000.0,6700000000.0,4388074.367746,1943119.229561,12925.798772,6225591.673173,0.0,2668110.720016,2668110.716598,0.0,42231.357381,9230.657807144402,21115.678696000003,31869.568979170897,300000.0,False,True
376,4,0,1,NORMAL,0.0016100848844419558,0.0016056827524457407,0.001332900306039697,1.2079559717604293,3300000000.0,6700000000.0,4398571.009931,1947928.029115,12989.063765,6240375.992986,0.0,2674446.857094,2674446.853659,0.0,42240.913765,9320.545247900223,21120.456890999998,31874.629696848322,300000.0,False,True
377,4,0,1,NORMAL,0.0016103395987305587,0.0016059831941415356,0.0013360819296527272,1.2052700983308084,3300000000.0,6700000000.0,4409070.367854,1952738.763975,13052.479772,6255163.689049,0.0,2680784.441136,2680784.437685,0.0,42250.560194000005,9411.27967445817,21125.280104999998,31879.680711950725,300000.0,False,True
378,4,0,1,NORMAL,0.0016105940250821062,0.0016062806671054434,0.001339264382989697,1.202596026250402,3300000000.0,6700000000.0,4419572.463866,1957551.44405,13116.046831,6269954.793158,0.0,2687123.485765,2687123.482301,0.0,42260.297463,9502.86851371692,21130.148738,31884.724054865062,300000.0,False,True
379,4,0,1,NORMAL,0.001610848260155055,0.0016065753505279993,0.0013424476728806061,1.199933742444142,3300000000.0,6700000000.0,4430077.320506,1962366.079337,13179.764982,6284749.337381,0.0,2693464.004732,2693464.001251,0.0,42270.12636300001,9595.319246859975,21135.063190000004,31889.7616966257,300000.0,False,True
380,4,0,1,NORMAL,0.0016111023978109698,0.0016068674180946426,0.0013456318062163635,1.1972832318381759,3300000000.0,6700000000.0,4440584.960514,1967182.679921,13243.634265,6299547.354072,0.0,2699806.011895,2699806.008403,0.0,42280.047697,9688.639409535153,21140.023854,31894.795551070092,300000.0,False,True
381,4,0,1,NORMAL,0.0016113565292463288,0.0016071570381689451,0.0013488167899484847,1.194644477481535,3300000000.0,6700000000.0,4451095.40683,1972001.255966,13307.654721,6314348.875864,0.0,2706149.521242,2706149.517741,0.0,42290.062268999995,9782.836592029678,21145.031139,31899.827476657203,300000.0,False,True
382,4,0,1,NORMAL,0.0016116107430895299,0.0016074443739702731,0.001352002631087879,1.1920174606411522,3300000000.0,6700000000.0,4461608.68259,1976821.817731,13371.82639,6329153.935674,0.0,2712494.546886,2712494.543372,0.0,42300.170895,9877.918439440877,21150.085454000004,31904.85927907731,300000.0,False,True
383,4,0,1,NORMAL,0.001611865125486911,0.0016077295837455402,0.0013551893367066666,1.1894021608847727,3300000000.0,6700000000.0,4472124.811132,1981644.375562,13436.149314,6343962.566709,0.0,2718841.103055,2718841.099527,0.0,42310.374394000006,9973.89265184223,21155.187203999998,31909.892713172692,300000.0,False,True
384,4,0,1,NORMAL,0.0016121197602082624,0.0016080128209366837,0.001358376913939697,1.1867985561773393,3300000000.0,6700000000.0,4482643.816001,1986468.939887,13500.623533,6358774.802461,0.0,2725189.204105,2725189.200563,0.0,42320.67359,10070.766984444757,21160.336801999998,31914.92948464084,300000.0,False,True
385,4,0,1,NORMAL,0.001612374728735389,0.0016082942343430518,0.0013615653699824242,1.1842066229667714,3300000000.0,6700000000.0,4493165.720942,1991295.521234,13565.249089,6373590.676717,0.0,2731538.864511,2731538.860955,0.0,42331.069310000006,10168.549247753443,21165.534662,31919.9712521236,300000.0,False,True
386,4,0,1,NORMAL,0.0016126301103587845,0.0016085739682795508,0.0013647547120936364,1.1816263362702655,3300000000.0,6700000000.0,4503690.549909,1996124.130209,13630.026025,6388410.223551,0.0,2737890.098882,2737890.095312,0.0,42341.562395999994,10267.247307718764,21170.781205,31925.019628960705,300000.0,False,True
387,4,0,1,NORMAL,0.0016128859822482538,0.0016088521627291446,0.0013679449475933333,1.1790576697445703,3300000000.0,6700000000.0,4514218.327058,2000954.777518,13694.954383,6403233.477336,0.0,2744242.921944,2744242.918361,0.0,42352.153680999996,10366.869085882954,21176.076846999997,31930.07618510393,300000.0,False,True
388,4,0,1,NORMAL,0.0016131424195605204,0.0016091289534924593,0.0013711360838660606,1.1765005957775525,3300000000.0,6700000000.0,4524749.076758,2005787.473954,13760.034205,6418060.472741,0.0,2750597.348559,2750597.344962,0.0,42362.844026000006,10467.422559521048,21181.42202,31935.142448515424,300000.0,False,True
389,4,0,1,NORMAL,0.0016133994954921403,0.0016094044723311486,0.00137432812836,1.1739550855423637,3300000000.0,6700000000.0,4535282.823588,2010622.230402,13825.265535,6432891.244734,0.0,2756953.393711,2756953.390101,0.0,42373.63427699999,10568.915761776445,21186.817144999997,31940.219907298302,300000.0,False,True
390,4,0,1,NORMAL,0.0016136572813681663,0.0016096788471077306,0.0013775210885866667,1.1714211090762863,3300000000.0,6700000000.0,4545819.592336,2015459.05784,13890.648416,6447725.828583,0.0,2763311.072514,2763311.068892,0.0,42384.525292,10671.35678179085,21192.262652,31945.31001074438,300000.0,False,True
391,4,0,1,NORMAL,0.0016139158467238502,0.0016099522019216738,0.0013807149721233331,1.168898635351139,3300000000.0,6700000000.0,4556359.408007,2020297.967337,13956.182892,6462564.25986,0.0,2769670.400215,2769670.39658,0.0,42395.51794299999,10774.753764828512,21197.758977999998,31950.41417108969,300000.0,False,True
392,4,0,1,NORMAL,0.0016141752593645667,0.0016102246572405703,0.0013839097866103032,1.1663876323313438,3300000000.0,6700000000.0,4566902.295814,2025138.97006,14021.869008,6477406.57444,0.0,2776031.392192,2776031.388541,0.0,42406.613098,10879.1149123945,21203.306556999996,31955.533765132233,300000.0,False,True
393,4,0,1,NORMAL,0.0016144355854367642,0.0016104963300274217,0.0013871055397545453,1.1638880670337788,3300000000.0,6700000000.0,4577448.28119,2029982.077267,14087.706807,6492252.808508,0.0,2782394.063951,2782394.060281,0.0,42417.811635000005,10984.448482346965,21208.905826999995,31960.670135418422,300000.0,False,True
394,4,0,1,NORMAL,0.0016146968894944671,0.0016107673338640054,0.00139030223933,1.1613999055864321,3300000000.0,6700000000.0,4587997.389789,2034827.300309,14153.696335,6507102.998558,0.0,2788758.43113,2788758.427445,0.0,42429.11444300001,11090.76278900311,21214.557229000002,31965.82459164793,300000.0,False,True
395,4,0,1,NORMAL,0.0016149592345709141,0.0016110377790709027,0.0013934998931751515,1.158923113292214,3300000000.0,6700000000.0,4598549.647478,2039674.650639,14219.837637,6521957.181396,0.0,2795124.509503,2795124.505801,0.0,42440.522405,11198.066203238837,21220.261211,31970.998411990447,300000.0,False,True
396,4,0,1,NORMAL,0.001615222682226877,0.0016113077728229011,0.0013966985091960606,1.1564576546706553,3300000000.0,6700000000.0,4609105.080347,2044524.139801,14286.130758,6536815.394139,0.0,2801492.314977,2801492.311261,0.0,42452.03641999999,11306.367152581774,21226.018216999997,31976.1928445041,300000.0,False,True
397,4,0,1,NORMAL,0.0016154872926273888,0.0016115774192619005,0.0013998980953654546,1.1540034935226144,3300000000.0,6700000000.0,4619663.714706,2049375.77944,14352.575745,6551677.674223,0.0,2807861.863596,2807861.859865,0.0,42463.65739100001,11415.674121297632,21231.828703000003,31981.40910809216,300000.0,False,True
398,4,0,1,NORMAL,0.00161575312457988,0.001611846819604996,0.0014030986597245454,1.1515605929643484,3300000000.0,6700000000.0,4630225.577091,2054229.581292,14419.172644,6566544.059397,0.0,2814233.17154,2814233.167796,0.0,42475.386222999994,11525.995650469613,21237.693118,31986.6483940223,300000.0,False,True
399,4,0,1,NORMAL,0.0016160202356086395,0.0016121160722503923,0.0014063002103827274,1.1491289154887039,3300000000.0,6700000000.0,4640790.694263,2059085.557198,14485.921502,6581414.587736,0.0,2820606.255125,2820606.251368,0.0,42487.22383499999,11637.340338070813,21243.611923999997,31991.91186668163,300000.0,False,True
400,4,0,1,NORMAL,0.001616288681992639,0.0016123852728789244,0.0014095027555169695,1.1467084229997306,3300000000.0,6700000000.0,4651359.093206,2063943.719094,14552.822366,6596289.297632,0.0,2826981.130807,2826981.127036,0.0,42499.17114199999,11749.716839029306,21249.585578,31997.200665051063,300000.0,False,True
401,4,0,1,NORMAL,0.001616558518820844,0.0016126545145525968,0.0014127063033739394,1.144299076856986,3300000000.0,6700000000.0,4661930.801134,2068804.079018,14619.875284,6611168.227805,0.0,2833357.815176,2833357.811395,0.0,42511.229074,11863.133865285887,21255.614542000003,32002.515903454252,300000.0,False,True
402,4,0,1,NORMAL,0.0016168298000455216,0.0016129238878102047,0.001415910862269394,1.1419008379200501,3300000000.0,6700000000.0,4672505.845489,2073666.649109,14687.080304,6626051.417299,0.0,2839736.324965,2839736.321178,0.0,42523.39856000001,11977.600185844136,21261.699283,32007.858672652714,300000.0,False,True
403,4,0,1,NORMAL,0.0016171025785449294,0.0016131934807608324,0.0014191164405893937,1.1395136665975818,3300000000.0,6700000000.0,4683084.253945,2078531.441602,14754.437474,6640938.905484,0.0,2846116.677059,2846116.673256,0.0,42535.680542,12093.124626812767,21267.840278999996,32013.23004090133,300000.0,False,True
404,4,0,1,NORMAL,0.00161737690612336,0.0016134633791713181,0.001422323046791212,1.1371375228519238,3300000000.0,6700000000.0,4693666.054411,2083398.468839,14821.946843,6655830.732068,0.0,2852498.888462,2852498.884647,0.0,42548.07596200001,12209.716071439945,21274.037987,32018.631055189602,300000.0,False,True
405,4,0,1,NORMAL,0.0016176528336036432,0.0016137336665540487,0.001425530689401212,1.1347723662709297,3300000000.0,6700000000.0,4704251.275024,2088267.74326,14889.60846,6670726.937084,0.0,2858882.976338,2858882.972508,0.0,42560.585769000005,12327.383460139505,21280.292892,32024.062741242527,300000.0,False,True
406,4,0,1,NORMAL,0.0016179304108445744,0.0016140044242502118,0.0014287393770187878,1.1324181560814495,3300000000.0,6700000000.0,4714839.944162,2093139.277409,14957.422374,6685627.560903,0.0,2865268.957988,2865268.954144,0.0,42573.21092399999,12446.135790508753,21286.605468999995,32029.526105352135,300000.0,False,True
407,4,0,1,NORMAL,0.0016182096867841352,0.0016142757315104651,0.0014319491183142424,1.130074851185472,3300000000.0,6700000000.0,4725432.090437,2098013.083935,15025.388636,6700532.644235,0.0,2871656.850853,2871656.846999,0.0,42585.952384,12565.982117337815,21292.976197,32035.022134722574,300000.0,False,True
408,4,0,1,NORMAL,0.001618490709501912,0.0016145476655744296,0.001435159922029394,1.1277424102069953,3300000000.0,6700000000.0,4736027.742697,2102889.17559,15093.507296,6715442.228124,0.0,2878046.672534,2878046.668665,0.0,42598.811125,12686.931552610138,21299.40557,32040.55179832588,300000.0,False,True
409,4,0,1,NORMAL,0.0016187735262207094,0.0016148203017451574,0.0014383717969803029,1.1254207914943406,3300000000.0,6700000000.0,4746626.930035,2107767.56523,15161.778405,6730356.35396,0.0,2884438.440764,2884438.436878,0.0,42611.788114999996,12808.993265494177,21305.894065999997,32046.11604813786,300000.0,False,True
410,4,0,1,NORMAL,0.0016190581833647611,0.0016150937134625514,0.0014415847520548486,1.1231099531657367,3300000000.0,6700000000.0,4757229.681781,2112648.26582,15230.202014,6745275.063475,0.0,2890832.173426,2890832.169526,0.0,42624.88434,12932.176482325835,21312.442177,32051.715819170047,300000.0,False,True
411,4,0,1,NORMAL,0.0016193447265950517,0.0016153679723743255,0.0014447987962157576,1.1208098531341997,3300000000.0,6700000000.0,4767836.027512,2117531.290427,15298.778175,6760198.398746,0.0,2897227.888553,2897227.88464,0.0,42638.10078299999,13056.490486581657,21319.050397999996,32057.35203062227,300000.0,False,True
412,4,0,1,NORMAL,0.0016196332008433464,0.001615643148404585,0.0014480139384978788,1.1185204491356622,3300000000.0,6700000000.0,4778445.997043,2122416.652228,15367.50694,6775126.402196,0.0,2903625.60433,2903625.600402,0.0,42651.438439,13181.944618842395,21325.719226999994,32063.025586582025,300000.0,False,True
413,4,0,1,NORMAL,0.0016199236503374316,0.0016159193098196074,0.0014512301880127273,1.1162416987450545,3300000000.0,6700000000.0,4789059.620442,2127304.364503,15436.388362,6790059.1166,0.0,2910025.339087,2910025.335144,0.0,42664.898306999996,13308.548276746908,21332.449161,32068.737376698256,300000.0,False,True
414,4,0,1,NORMAL,0.0016202161186367728,0.0016161965232916826,0.0014544475539454546,1.113973559405178,3300000000.0,6700000000.0,4799676.92802,2132194.440647,15505.422493,6804996.585086,0.0,2916427.111303,2916427.10735,0.0,42678.481394,13436.31091493602,21339.240701999996,32074.48827668115,300000.0,False,True
415,4,0,1,NORMAL,0.0016205106486668762,0.00161647485396105,0.0014576660455560605,1.1117159884510412,3300000000.0,6700000000.0,4810297.950335,2137086.894158,15574.609387,6819938.85113,0.0,2922830.939616,2922830.935653,0.0,42692.18870399999,13565.242044986244,21346.094356999998,32080.2791490081,300000.0,False,True
416,4,0,1,NORMAL,0.0016208072827580723,0.0016167543654963417,0.0014608856721818181,1.10946894313599,3300000000.0,6700000000.0,4820922.7182,2141981.738642,15643.949098,6834885.958567,0.0,2929236.84282,2929236.838839,0.0,42706.021264,13695.351235333117,21353.010641000004,32086.11084360415,300000.0,False,True
417,4,0,1,NORMAL,0.0016211060626356143,0.0016170351201504885,0.0014641064432348485,1.1072323806279312,3300000000.0,6700000000.0,4831551.262675,2146878.987825,15713.44168,6849837.951595,0.0,2935644.839844,2935644.835849,0.0,42719.98009,13826.648111183891,21359.990051999994,32091.984198609833,300000.0,False,True
418,4,0,1,NORMAL,0.0016214070294895712,0.0016173171788175262,0.0014673283682063638,1.1050062580549374,3300000000.0,6700000000.0,4842183.615081,2151778.655532,15783.087189,6864794.874769,0.0,2942054.949783,2942054.945778,0.0,42734.066216,13959.14235441944,21367.033113,32097.900040185163,300000.0,False,True
419,4,0,1,NORMAL,0.0016217102239911027,0.0016176006010867891,0.001470551456661515,1.1027905325208764,3300000000.0,6700000000.0,4852819.806983,2156680.755706,15852.885679,6879756.773002,0.0,2948467.191895,2948467.187875,0.0,42748.280674999995,14092.843703485056,21374.140345,32103.85918389351,300000.0,False,True
420,4,0,1,NORMAL,0.001622015686298683,0.0016178854452940082,0.0014737757182457574,1.1005851611053656,3300000000.0,6700000000.0,4863459.870211,2161585.302398,15922.837206,6894723.691575,0.0,2954881.585584,2954881.581548,0.0,42762.62450799999,14227.761953270034,21381.312262,32109.862435023835,300000.0,False,True
421,4,0,1,NORMAL,0.0016223234560981583,0.0016181717685716953,0.0014770011626815153,1.0983901008939008,3300000000.0,6700000000.0,4874103.836849,2166492.309777,15992.941826,6909695.676139,0.0,2961298.150409,2961298.146358,0.0,42777.098762999995,14363.90695497566,21388.549389,32115.910588713923,300000.0,False,True
422,4,0,1,NORMAL,0.0016226335726262078,0.0016184596268977928,0.001480227799769697,1.0962053089927557,3300000000.0,6700000000.0,4884751.73924,2171401.792123,16063.199595,6924672.77271,0.0,2967716.906092,2967716.902028,0.0,42791.704495,14501.288615971564,21395.852254,32122.004430743535,300000.0,False,True
423,4,0,1,NORMAL,0.0016229460746929475,0.0016187490751426417,0.001483455639390909,1.0940307425433442,3300000000.0,6700000000.0,4895403.60999,2176313.763826,16133.610571,6939655.027673,0.0,2974137.872517,2974137.868439,0.0,42806.442762,14639.916899639997,21403.221388,32128.144737998915,300000.0,False,True
424,4,0,1,NORMAL,0.0016232610006961417,0.0016190401671138353,0.0014866846915036363,1.0918663587329818,3300000000.0,6700000000.0,4906059.481962,2181228.2394,16204.174811,6954642.487791,0.0,2980561.06972,2980561.06563,0.0,42821.31463000001,14779.801825207996,21410.657321000006,32134.332278920363,300000.0,False,True
425,4,0,1,NORMAL,0.0016235783886481502,0.0016193329555999202,0.0014899149661481818,1.0897121148098292,3300000000.0,6700000000.0,4916719.388289,2186145.233463,16274.892374,6969635.200196,0.0,2986986.517904,2986986.5138,0.0,42836.32116400001,14920.953467567015,21418.160589000006,32140.567813783604,300000.0,False,True
426,4,0,1,NORMAL,0.0016238982761886392,0.0016196274924120957,0.0014931464734439393,1.0875679680929904,3300000000.0,6700000000.0,4927383.362365,2191064.760757,16345.763317,6984633.212402,0.0,2993414.237425,2993414.233316,0.0,42851.463448999995,15063.38195707996,21425.731727,32146.852095233375,300000.0,False,True
427,4,0,1,NORMAL,0.0016242207006328241,0.0016199238284263363,0.001496379223590606,1.0854338760033426,3300000000.0,6700000000.0,4938051.437849,2195986.836136,16416.7877,6999636.572297,0.0,2999844.248818,2999844.244697,0.0,42866.74256399999,15207.097479375196,21433.371288,32153.185868535056,300000.0,False,True
428,4,0,1,NORMAL,0.001624545698947848,0.0016202220136212727,0.0014996132268703028,1.0833097960453975,3300000000.0,6700000000.0,4948723.648672,2200911.474574,16487.965582,7014645.328155,0.0,3006276.572766,3006276.568634,0.0,42882.15960100001,15352.110275127498,21441.079806,32159.569872529923,300000.0,False,True
429,4,0,1,NORMAL,0.001624873307796352,0.0016205220971164391,0.0015028484936457575,1.08119568583695,3300000000.0,6700000000.0,4959400.029031,2205838.691162,16559.297023,7029659.528629,0.0,3012711.230123,3012711.22598,0.0,42897.715651000006,15498.43063982545,21448.857831000005,32166.00483916739,300000.0,False,True
430,4,0,1,NORMAL,0.001625203563548132,0.0016208241272088065,0.00150608503436303,1.0790915031138868,3300000000.0,6700000000.0,4970080.613398,2210768.501107,16630.782084,7044679.222761,0.0,3019148.241904,3019148.237749,0.0,42913.411814,15646.068923525321,21456.705913,32172.491494367772,300000.0,False,True
431,4,0,1,NORMAL,0.0016255365023008538,0.0016211281514082936,0.0015093228595481818,1.076997205745271,3300000000.0,6700000000.0,4980765.436509,2215700.919742,16702.420826,7059704.459978,0.0,3025587.629294,3025587.625125,0.0,42929.2492,15795.035530590872,21464.624606999998,32179.030558253016,300000.0,False,True
432,4,0,1,NORMAL,0.0016258721598829437,0.0016214342164711743,0.0015125619798136364,1.0749127517295314,3300000000.0,6700000000.0,4991454.533385,2220635.962511,16774.21331,7074735.290097,0.0,3032029.413639,3032029.40946,0.0,42945.228918,15945.340919419117,21472.614464,32185.62274555691,300000.0,False,True
433,4,0,1,NORMAL,0.0016262105718886247,0.0016217423684335905,0.0015158024058530301,1.0728380992201034,3300000000.0,6700000000.0,5002147.939315,2225573.644983,16846.159598,7089771.763324,0.0,3038473.61646,3038473.612269,0.0,42961.35208400001,16096.995602151563,21480.676048000005,32192.268765682285,300000.0,False,True
434,4,0,1,NORMAL,0.0016265517736832186,0.001622052652643244,0.001519044148442727,1.070773206526423,3300000000.0,6700000000.0,5012845.689861,2230513.982849,16918.259753,7104813.930259,0.0,3044920.259446,3044920.255237,0.0,42977.619823999994,16250.01014437082,21488.809921,32198.969323394766,300000.0,False,True
435,4,0,1,NORMAL,0.0016268958004025647,0.0016223651137890066,0.0015222872184457576,1.068718032109349,3300000000.0,6700000000.0,5023547.820871,2235456.99192,16990.513837,7119861.841901,0.0,3051369.364444,3051369.360225,0.0,42994.03327,16404.39516478223,21497.01664,32205.725118927727,300000.0,False,True
436,4,0,1,NORMAL,0.001627242686996115,0.0016226797959314008,0.0015255316268078787,1.066672534610812,3300000000.0,6700000000.0,5034254.368466,2240402.688129,17062.921914,7134915.549641,0.0,3057820.953484,3057820.949253,0.0,43010.593548,16560.16133488029,21505.29678,32212.53684797078,300000.0,False,True
437,4,0,1,NORMAL,0.0016275924682247992,0.0016229967425309749,0.0015287773845609092,1.064636672848396,3300000000.0,6700000000.0,5044965.369051,2245351.087529,17135.484048,7149975.105269,0.0,3064275.048767,3064275.044519,0.0,43027.30180500001,16717.319378599626,21513.650911000004,32219.40520252308,300000.0,False,True
438,4,0,1,NORMAL,0.0016279451786627686,0.0016233159964749617,0.0015320245028218181,1.0626104058154915,3300000000.0,6700000000.0,5055680.859312,2250302.206302,17208.200304,7165040.560982,0.0,3070731.672654,3070731.668393,0.0,43044.159187000005,16875.88007195021,21522.0796,32226.330870851023,300000.0,False,True
439,4,0,1,NORMAL,0.0016283008527294628,0.0016236376001042844,0.0015352729927927272,1.0605936927005497,3300000000.0,6700000000.0,5066400.876216,2255256.060751,17281.070747,7180111.969373,0.0,3077190.84769,3077190.843415,0.0,43061.16683999999,17035.854242636546,21530.583426999998,32233.314537522816,300000.0,False,True
440,4,0,1,NORMAL,0.001628659524690121,0.0016239615952388547,0.0015385228657633335,1.0585864928839173,3300000000.0,6700000000.0,5077125.457019,2260212.667303,17354.095442,7195189.383443,0.0,3083652.596589,3083652.592301,0.0,43078.325925000005,17197.25276966062,21539.162968999994,32240.356884043365,300000.0,False,True
441,4,0,1,NORMAL,0.0016290212286657743,0.0016242880232018818,0.001541774133109697,1.056588765943364,3300000000.0,6700000000.0,5087854.639262,2265172.042511,17427.274456,7210272.856601,0.0,3090116.942236,3090116.937939,0.0,43095.63760100001,17360.086582908305,21547.818805000006,32247.4585888644,300000.0,False,True
442,4,0,1,NORMAL,0.0016293859986618842,0.0016246169248444627,0.0015450268062930303,1.0546004716715927,3300000000.0,6700000000.0,5098588.460767,2270134.203056,17500.607856,7225362.442661,0.0,3096583.907702,3096583.90339,0.0,43113.103037000015,17524.36666271887,21556.551526000003,32254.620327582335,300000.0,False,True
443,4,0,1,NORMAL,0.0016297538685503188,0.0016249483405674212,0.0015482808968648484,1.052621570059055,3300000000.0,6700000000.0,5109326.959654,2275099.16574,17574.095708,7240458.19585,0.0,3103053.516224,3103053.511897,0.0,43130.723407,17690.104039437527,21565.361711,32261.84277350531,300000.0,False,True
444,4,0,1,NORMAL,0.0016301248720919151,0.0016252823103431952,0.0015515364164621211,1.0506520213099444,3300000000.0,6700000000.0,5120070.174325,2280066.947499,17647.738081,7255560.170808,0.0,3109525.791214,3109525.786878,0.0,43148.499887,17857.309792950447,21574.249948,32269.126597296312,300000.0,False,True
445,4,0,1,NORMAL,0.001630499042962026,0.0016256188737379586,0.001554793376811515,1.0486917858537346,3300000000.0,6700000000.0,5130818.143478,2285037.56539,17721.535043,7270668.422586,0.0,3116000.756272,3116000.751925,0.0,43166.433660999995,18025.99505220229,21583.216836,32276.47246741992,300000.0,False,True
446,4,0,1,NORMAL,0.0016308764147370996,0.0016259580699314517,0.001558051789728182,1.046740824335257,3300000000.0,6700000000.0,5141570.906103,2290011.036601,17795.486663,7285783.006654,0.0,3122478.435169,3122478.430808,0.0,43184.525916000006,18196.170994695636,21592.262964999998,32283.881050648113,300000.0,False,True
447,4,0,1,NORMAL,0.0016312570209083845,0.0016262999377364153,0.0015613116671151514,1.044799097621855,3300000000.0,6700000000.0,5152328.50148,2294987.378449,17869.59301,7300903.978897,0.0,3128958.851856,3128958.847482,0.0,43202.77784699999,18367.8488459724,21601.388929999997,32291.35301179457,300000.0,False,True
448,4,0,1,NORMAL,0.0016316408948989466,0.0016266445156178692,0.0015645730209660606,1.042866566810333,3300000000.0,6700000000.0,5163090.969188,2299966.608379,17943.854154,7316031.395621,0.0,3135442.030465,3135442.026076,0.0,43221.190651,18541.039879076572,21610.595333,32298.889013986012,300000.0,False,True
449,4,0,1,NORMAL,0.0016320280700629374,0.0016269918417110994,0.0015678358633642424,1.0409431932249287,3300000000.0,6700000000.0,5173858.349102,2304948.743967,18018.270166,7331165.313555,0.0,3141927.995305,3141927.990901,0.0,43239.765533000005,18715.75541399832,21619.882774,32306.489718999146,300000.0,False,True
450,4,0,1,NORMAL,0.0016324185796982224,0.001627341953839301,0.0015711002064818182,1.0390289384238038,3300000000.0,6700000000.0,5184630.68139,2309933.802919,18092.841118,7346305.789847,0.0,3148416.770871,3148416.766452,0.0,43258.503701,18892.006817098943,21629.251858000003,32314.15578724616,300000.0,False,True
451,4,0,1,NORMAL,0.0016328124570528383,0.001627694889530497,0.0015743660625830303,1.0371237641987252,3300000000.0,6700000000.0,5195408.006524,2314921.80307,18167.567081,7361452.882073,0.0,3154908.381837,3154908.377403,0.0,43277.406369,19069.805500516584,21638.703191999997,32321.887878024805,300000.0,False,True
452,4,0,1,NORMAL,0.0016332097353274103,0.0016280506860335239,0.0015776334440224242,1.035227632575591,3300000000.0,6700000000.0,5206190.365274,2319912.762386,18242.448127,7376606.648231,0.0,3161402.853062,3161402.848613,0.0,43296.474750999994,19249.16292155218,21648.237383,32329.686649646203,300000.0,False,True
453,4,0,1,NORMAL,0.0016336104476870126,0.001628409380333749,0.0015809023632457576,1.0333405058191196,3300000000.0,6700000000.0,5216977.798711,2324906.698971,18317.48433,7391767.146755,0.0,3167900.209581,3167900.205121,0.0,43315.710074999995,19430.09058203566,21657.855043,32337.552759482725,300000.0,False,True
454,4,0,1,NORMAL,0.001634014627268788,0.0016287710091682677,0.0015841728327909092,1.031462346434808,3300000000.0,6700000000.0,5227770.34821,2329903.631054,18392.675763,7406934.436504,0.0,3174400.476619,3174400.472155,0.0,43335.113569999994,19612.600027671786,21667.556786999998,32345.48686420285,300000.0,False,True
455,4,0,1,NORMAL,0.0016344223072007338,0.00162913560904133,0.0015874448652851514,1.029593117180258,3300000000.0,6700000000.0,5238568.055441,2334903.577,18468.0225,7422108.576761,0.0,3180903.679601,3180903.675119,0.0,43354.686460000004,19796.702847365636,21677.343239000005,32353.489619922002,300000.0,False,True
456,4,0,1,NORMAL,0.0016348335205530723,0.0016295032162356362,0.001590718473450606,1.0277327810286703,3300000000.0,6700000000.0,5249370.962387,2339906.55531,18543.524616,7437289.627255,0.0,3187409.844104,3187409.839615,0.0,43374.429987,19982.410672527196,21687.214997000003,32361.56168257453,300000.0,False,True
457,4,0,1,NORMAL,0.001635248300424898,0.0016298738668284918,0.001593993670101212,1.0258813012231514,3300000000.0,6700000000.0,5260179.111334,2344912.584612,18619.182187,7452477.648139,0.0,3193918.995923,3193918.99142,0.0,43394.345391999996,20169.735176355014,21697.172702999997,32369.70370695083,300000.0,False,True
458,4,0,1,NORMAL,0.00163566667987888,0.0016302475967027105,0.0015972704681439392,1.0240386412324758,3300000000.0,6700000000.0,5270992.544875,2349921.683674,18694.995288,7467672.700007,0.0,3200431.16102,3200431.156505,0.0,43414.433917999995,20358.688073098347,21707.216965,32377.916348412982,300000.0,False,True
459,4,0,1,NORMAL,0.001636088691989015,0.0016306244415598917,0.0016005488805787879,1.0222047647788022,3300000000.0,6700000000.0,5281811.30591,2354933.871397,18770.963996,7482874.84389,0.0,3206946.365552,3206946.361025,0.0,43434.69681799999,20549.28111729783,21717.348414999997,32386.200261601825,300000.0,False,True
460,4,0,1,NORMAL,0.0016365143698293914,0.0016310044369321176,0.0016038289204990909,1.0203796358280715,3300000000.0,6700000000.0,5292635.437647,2359949.166818,18847.088389,7498084.141257,0.0,3213464.635864,3213464.631324,0.0,43455.135344999995,20741.526103004042,21727.567678999996,32394.556101382503,300000.0,False,True
461,4,0,1,NORMAL,0.0016369437464767282,0.0016313876181930603,0.001607110601092121,1.0185632185888973,3300000000.0,6700000000.0,5303464.983604,2364967.589111,18923.368544,7513300.654018,0.0,3219985.998487,3219985.993933,0.0,43475.750754,20935.43486297403,21737.875384000003,32402.984522621948,300000.0,False,True
462,4,0,1,NORMAL,0.0016373768550185558,0.001631774020568899,0.0016103939356396971,1.0167554775149723,3300000000.0,6700000000.0,5314299.987611,2369989.157583,18999.804539,7528524.444523,0.0,3226510.480143,3226510.475576,0.0,43496.544309000004,21131.01926784512,21748.272161,32411.48618023922,300000.0,False,True
463,4,0,1,NORMAL,0.0016378137285591949,0.0016321636791489182,0.0016136789375181817,1.0149563773064623,3300000000.0,6700000000.0,5325140.49381,2375013.89168,19076.396454,7543755.575569,0.0,3233038.107741,3233038.103166,0.0,43517.51728,21328.291225286153,21758.758644,32420.061729367404,300000.0,False,True
464,4,0,1,NORMAL,0.0016382544002255229,0.001632556628895796,0.0016169656201972728,1.013165882912002,3300000000.0,6700000000.0,5335986.546651,2380041.810983,19153.144369,7558994.110391,0.0,3239568.908389,3239568.903801,0.0,43538.670927,21527.2626791254,21769.33547,32428.711825472063,300000.0,False,True
465,4,0,1,NORMAL,0.0016386989031572442,0.001632952904654599,0.0016202539972430304,1.0113839595184453,3300000000.0,6700000000.0,5346838.190902,2385072.935213,19230.048364,7574240.112675,0.0,3246102.909376,3246102.904779,0.0,43560.00653299999,21727.94560845531,21780.003270999994,32437.437124465356,300000.0,False,True
466,4,0,1,NORMAL,0.0016391472705319314,0.0016333525411628142,0.0016235440823166667,1.0096105725648055,3300000000.0,6700000000.0,5357695.471645,2390107.284227,19307.10852,7589493.646552,0.0,3252640.138191,3252640.133582,0.0,43581.525372000004,21930.35202671346,21790.762691999997,32446.238282513437,300000.0,False,True
467,4,0,1,NORMAL,0.0016395995355470933,0.001633755573058574,0.0016268358891748484,1.0078456877286612,3300000000.0,6700000000.0,5368558.434277,2395144.878022,19384.324919,7604754.776604,0.0,3259180.622508,3259180.617887,0.0,43603.22872600001,22134.49398073958,21801.614369000003,32455.115956532245,300000.0,False,True
468,4,0,1,NORMAL,0.0016400557314335006,0.0016341620348892148,0.001630129431669091,1.0060892709324596,3300000000.0,6700000000.0,5379427.124508,2400185.736731,19461.697643,7620023.567856,0.0,3265724.390201,3265724.385564,0.0,43625.117874,22340.38354980842,21812.558945000004,32464.07080383245,300000.0,False,True
469,4,0,1,NORMAL,0.0016405158914546412,0.0016345719611192424,0.0016334247237475758,1.0043412883397504,3300000000.0,6700000000.0,5390301.588367,2405229.880631,19539.226775,7635300.085789,0.0,3272271.469331,3272271.464677,0.0,43647.19410900001,22548.03284463798,21823.597062999997,32473.103482383314,300000.0,False,True
470,4,0,1,NORMAL,0.0016409800489100288,0.001634985386138003,0.0016367217794560607,1.002601706354383,3300000000.0,6700000000.0,5401181.872205,2410277.330134,19616.912399,7650584.396338,0.0,3278821.88815,3278821.88348,0.0,43669.45872,22757.454006373067,21834.729368000004,32482.214650801896,300000.0,False,True
471,4,0,1,NORMAL,0.0016414482371345659,0.0016354023442668136,0.0016400206129357578,1.0008704916191586,3300000000.0,6700000000.0,5412068.022688,2415328.105792,19694.7546,7665876.565886,0.0,3285375.675107,3285375.670428,0.0,43691.913001,22968.659205543645,21845.956505000002,32491.404968418574,300000.0,False,True
472,4,0,1,NORMAL,0.0016433212384242423,0.0016359132406640671,0.0016433212384242423,1.0,3300000000.0,6700000000.0,5422960.0868,2420382.228299,19772.753462,7681176.661271,0.0,3291932.85885,3291932.854163,0.0,43714.558248,23181.660640997965,21857.279128,32500.675095264407,300000.0,False,True
473,4,0,1,NORMAL,0.0016466236702569698,0.0016366042361216737,0.0016466236702569698,1.0,3300000000.0,6700000000.0,5433858.111848,2425439.718487,19850.909072,7696484.749785,0.0,3298493.468224,3298493.463523,0.0,43737.39576200001,23396.470538809906,21868.697888000002,32537.7605208,300000.0,False,True
474,4,0,1,NORMAL,0.0016499279228642425,0.0016374638288147428,0.0016499279228642425,1.0,3300000000.0,6700000000.0,5444762.145452,2430500.597335,19929.221515,7711800.899178,0.0,3305057.532261,3305057.527546,0.0,43760.426846,23613.10115116057,21880.213430000003,32603.148671088,300000.0,False,True
475,4,0,1,NORMAL,0.0016532340107772727,0.0016384812599090997,0.0016532340107772727,1.0,3300000000.0,6700000000.0,5455672.235565,2435564.885956,20007.690879,7727125.177657,0.0,3311625.080188,3311625.075464,0.0,43783.652803,23831.564755193507,21891.826406,32668.572872712,300000.0,False,True
476,4,0,1,NORMAL,0.0016565419486233332,0.0016396464656325987,0.0016565419486233332,1.0,3300000000.0,6700000000.0,5466588.430457,2440632.605607,20086.317251,7742457.653886,0.0,3318196.141436,3318196.136703,0.0,43807.074945,24051.8736518437,21903.537477,32734.033413390003,300000.0,False,True
477,4,0,1,NORMAL,0.0016598517511272727,0.0016409500324387066,0.0016598517511272727,1.0,3300000000.0,6700000000.0,5477510.77872,2445703.777685,20165.10072,7757798.396986,0.0,3324770.745629,3324770.740887,0.0,43830.694577,24274.040164639602,21915.347293000003,32799.530582742,300000.0,False,True
478,4,0,1,NORMAL,0.001663163433111212,0.0016423831550627394,0.001663163433111212,1.0,3300000000.0,6700000000.0,5488439.329267,2450778.423732,20244.041376,7773147.476538,0.0,3331348.922591,3331348.917835,0.0,43854.513014000004,24498.0766384784,21927.256513999993,32865.06467232,300000.0,False,True
479,4,0,1,NORMAL,0.0016664770094960606,0.0016439375972842442,0.0016664770094960606,1.0,3300000000.0,6700000000.0,5499374.131337,2455856.56543,20323.139307,7788504.962584,0.0,3337930.702339,3337930.697566,0.0,43878.531571,24723.995438373837,21939.265794,32930.635975602,300000.0,False,True
480,4,0,1,NORMAL,0.001669792495301515,0.0016456056552208425,0.001669792495301515,1.0,3300000000.0,6700000000.0,5510315.234495,2460938.224606,20402.394605,7803870.925629,0.0,3344516.115084,3344516.110296,0.0,43902.75156499999,24951.808948176713,21951.37579,32996.244788022,300000.0,False,True
481,4,0,1,NORMAL,0.0016731099056457575,0.001647380122990192,0.0016731099056457575,1.0,3300000000.0,6700000000.0,5521262.688631,2466023.423226,20481.807362,7819245.436636,0.0,3351105.19124,3351105.18644,0.0,43927.17431400001,25181.529569267434,21963.587163,33061.891406970004,300000.0,False,True
482,4,0,1,NORMAL,0.0016764292557433333,0.001649254260587169,0.0016764292557433333,1.0,3300000000.0,6700000000.0,5532216.543953,2471112.183404,20561.377669,7834628.567032,0.0,3357697.961415,3357697.956609,0.0,43951.80113600001,25413.16971922074,21975.900571000006,33127.576131786,300000.0,False,True
483,4,0,1,NORMAL,0.001679750560909697,0.0016512217638337838,0.001679750560909697,1.0,3300000000.0,6700000000.0,5543176.851002,2476204.527391,20641.105618,7850020.388703,0.0,3364294.456427,3364294.45161,0.0,43976.633355,25646.741830441963,21988.316683,33193.299263718,300000.0,False,True
484,4,0,1,NORMAL,0.0016830738365584848,0.0016532767362676356,0.0016830738365584848,1.0,3300000000.0,6700000000.0,5554143.660643,2481300.477585,20720.991304,7865420.974003,0.0,3370894.70728,3370894.70245,0.0,44001.672293,25882.25834877501,22000.836153,33259.061106012,300000.0,False,True
485,4,0,1,NORMAL,0.0016863990982018183,0.0016554136628440345,0.0016863990982018183,1.0,3300000000.0,6700000000.0,5565117.024066,2486400.056524,20801.034821,7880830.395745,0.0,3377498.745183,3377498.740338,0.0,44026.91927500001,26119.731732081375,22013.459645000003,33324.861963858,300000.0,False,True
486,4,0,1,NORMAL,0.0016897263614512122,0.0016576273853348203,0.0016897263614512122,1.0,3300000000.0,6700000000.0,5576096.992789,2491503.286895,20881.236263,7896248.727211,0.0,3384106.601536,3384106.59668,0.0,44052.375626999994,26359.174448790378,22026.187819,33390.702144396004,300000.0,False,True
487,4,0,1,NORMAL,0.0016930556420169697,0.0016599130793143139,0.0016930556420169697,1.0,3300000000.0,6700000000.0,5587083.618656,2496610.191525,20961.595727,7911676.042144,0.0,3390718.307947,3390718.303078,0.0,44078.042675000004,26600.598976419988,22039.021343999997,33456.581956734,300000.0,False,True
488,4,0,1,NORMAL,0.001696386955708788,0.0016622662326300866,0.001696386955708788,1.0,3300000000.0,6700000000.0,5598076.953839,2501720.793385,21042.113309,7927112.414754,0.0,3397333.896218,3397333.891336,0.0,44103.921749,26844.017800068435,22051.960881,33522.501711936,300000.0,False,True
489,4,0,1,NORMAL,0.0016997203184342423,0.001664682625262613,0.0016997203184342423,1.0,3300000000.0,6700000000.0,5609077.050833,2506835.115592,21122.789106,7942557.919712,0.0,3403953.398355,3403953.393458,0.0,44130.014175,27089.443410875952,22065.007094999997,33588.461723034,300000.0,False,True
490,4,0,1,NORMAL,0.001703055746200909,0.0016671583104844387,0.001703055746200909,1.0,3300000000.0,6700000000.0,5620083.962463,2511953.181402,21203.623217,7958012.632153,0.0,3410576.846562,3410576.841645,0.0,44156.321276,27336.888304456832,22078.160647999997,33654.462304998,300000.0,False,True
491,4,0,1,NORMAL,0.0017063932551166666,0.001669689597234905,0.0017063932551166666,1.0,3300000000.0,6700000000.0,5631097.741885,2517075.01422,21284.61574,7973476.627685,0.0,3417204.273233,3417204.2683,0.0,44182.84439,27586.364979301303,22091.422203,33720.503774778,300000.0,False,True
492,4,0,1,NORMAL,0.0017097328613878786,0.001672273033631871,0.0017097328613878786,1.0,3300000000.0,6700000000.0,5642118.44258,2522200.637593,21365.766774,7988949.982377,0.0,3423835.710965,3423835.706024,0.0,44209.584839999996,27837.885935147093,22104.792424,33786.58645131,300000.0,False,True
493,4,0,1,NORMAL,0.001713074581319091,0.0016749053915471757,0.001713074581319091,1.0,3300000000.0,6700000000.0,5653146.118353,2527330.075211,21447.07642,8004432.772759,0.0,3430471.192567,3430471.187615,0.0,44236.543957,28091.463671320707,22118.271984000003,33852.71065548,300000.0,False,True
494,4,0,1,NORMAL,0.0017164184313145454,0.0016775836521773287,0.0017164184313145454,1.0,3300000000.0,6700000000.0,5664180.823338,2532463.350913,21528.544779,8019925.07583,0.0,3437110.751038,3437110.746073,0.0,44263.72307100001,28347.110685047785,22131.861542,33918.876710118,300000.0,False,True
495,4,0,1,NORMAL,0.0017197644278781818,0.0016803049925451258,0.0017197644278781818,1.0,3300000000.0,6700000000.0,5675222.611998,2537600.488675,21610.171953,8035426.969053,0.0,3443754.419575,3443754.414595,0.0,44291.123504999996,28604.839469732848,22145.561759999997,33985.084940028,300000.0,False,True
496,4,0,1,NORMAL,0.0017231125876127273,0.001683066772872068,0.0017231125876127273,1.0,3300000000.0,6700000000.0,5686271.539122,2542741.512622,21691.958045,8050938.530357,0.0,3450402.231575,3450402.22658,0.0,44318.74659299999,28864.662513207848,22159.373303999997,34051.335671988,300000.0,False,True
497,4,0,1,NORMAL,0.00172646292722,0.001685866524765483,0.00172646292722,1.0,3300000000.0,6700000000.0,5697327.659826,2547886.447021,21773.903158,8066459.838134,0.0,3457054.220633,3457054.215626,0.0,44346.593658,29126.592295949675,22173.296834999997,34117.629234732005,300000.0,False,True
498,4,0,1,NORMAL,0.001729815463500909,0.0016887019401677689,0.001729815463500909,1.0,3300000000.0,6700000000.0,5708391.029553,2553035.316284,21856.007396,8081990.971239,0.0,3463710.420548,3463710.415527,0.0,44374.666026,29390.64128926618,22187.33302,34183.965958956,300000.0,False,True
499,4,0,1,NORMAL,0.0017331702133548486,0.0016915708610185482,0.0017331702133548486,1.0,3300000000.0,6700000000.0,5719461.704071,2558188.144967,21938.270864,8097532.008993,0.0,3470370.865312,3470370.860276,0.0,44402.965021,29656.821953450813,22201.482517999997,34250.346177318,300000.0,False,True
500,4,0,1,NORMAL,0.001736527193780606,0.0016944712695838424,0.001736527193780606,1.0,3300000000.0,6700000000.0,5730539.739476,2563344.957768,22020.693669,8113083.03118,0.0,3477035.589118,3477035.584068,0.0,44431.491971999996,29925.146735905542,22215.745993,34316.770224426,300000.0,False,True
501,4,0,1,NORMAL,0.0017398864218760607,0.0016974012794091467,0.0017398864218760607,1.0,3300000000.0,6700000000.0,5741625.192191,2568505.779529,22103.275917,8128644.118046,0.0,3483704.626355,3483704.621294,0.0,44460.248195,30195.62806923206,22230.124103,34383.238436856,300000.0,False,True
502,4,0,1,NORMAL,0.0017432479148360607,0.0017003591268560446,0.0017432479148360607,1.0,3300000000.0,6700000000.0,5752718.118959,2573670.635235,22186.017715,8144215.350296,0.0,3490378.011618,3490378.006542,0.0,44489.235011000004,30468.27836929099,22244.617512999997,34449.751153146004,300000.0,False,True
503,4,0,1,NORMAL,0.0017466116899554544,0.0017033431631850388,0.0017466116899554544,1.0,3300000000.0,6700000000.0,5763818.576853,2578839.550018,22268.919172,8159796.809103,0.0,3497055.779687,3497055.774599,0.0,44518.45373999999,30743.110033229208,22259.226875999997,34516.308713754006,300000.0,False,True
504,4,0,1,NORMAL,0.0017499777646266667,0.001706351847149015,0.0017499777646266667,1.0,3300000000.0,6700000000.0,5774926.623268,2584012.549148,22351.980397,8175388.576094,0.0,3503737.965548,3503737.96045,0.0,44547.905694,31020.13543747487,22273.952852000002,34582.911461118,300000.0,False,True
505,4,0,1,NORMAL,0.0017533461563400002,0.0017093837380645627,0.0017533461563400002,1.0,3300000000.0,6700000000.0,5786042.315922,2589189.658038,22435.2015,8190990.733357,0.0,3510424.604388,3510424.599275,0.0,44577.59219099999,31299.366935700393,22288.796102999997,34649.559739608,300000.0,False,True
506,4,0,1,NORMAL,0.0017567168826848486,0.0017124374893303877,0.0017567168826848486,1.0,3300000000.0,6700000000.0,5797165.71286,2594370.902248,22518.582591,8206603.363443,0.0,3517115.731578,3517115.726454,0.0,44607.514541000004,31580.816856752932,22303.757276,34716.253895532005,300000.0,False,True
507,4,0,1,NORMAL,0.0017600899613466666,0.001715511842363696,0.0017600899613466666,1.0,3300000000.0,6700000000.0,5808296.872444,2599556.307479,22602.123783,8222226.549358,0.0,3523811.382691,3523811.37756,0.0,44637.674049,31864.49750255267,22318.837028,34782.99427716,300000.0,False,True
508,4,0,1,NORMAL,0.0017634654101099999,0.0017186056209279738,0.0017634654101099999,1.0,3300000000.0,6700000000.0,5819435.853363,2604745.899568,22685.825187,8237860.374563,0.0,3530511.593502,3530511.58836,0.0,44668.072021,32150.421145958448,22334.036016000002,34849.781234664,300000.0,False,True
509,4,0,1,NORMAL,0.0017668432468554544,0.0017217177258265208,0.0017668432468554544,1.0,3300000000.0,6700000000.0,5830582.714623,2609939.704501,22769.686918,8253504.922978,0.0,3537216.39997,3537216.394822,0.0,44698.709760000005,32438.60002860107,22349.354883000004,34916.615120178,300000.0,False,True
510,4,0,1,NORMAL,0.00177022348956,0.0017248471299383583,0.00177022348956,1.0,3300000000.0,6700000000.0,5841737.515548,2615137.748401,22853.709089,8269160.27897,0.0,3543925.838264,3543925.833101,0.0,44729.588557,32729.04635868388,22364.794286000004,34983.496287737995,300000.0,False,True
511,4,0,1,NORMAL,0.001773606156298788,0.001727992873574515,0.001773606156298788,1.0,3300000000.0,6700000000.0,5852900.315786,2620340.057535,22937.891816,8284826.527367,0.0,3550639.944734,3550639.939557,0.0,44760.70972,33021.77230875091,22380.354867000002,35050.425093288,300000.0,False,True
512,4,0,1,NORMAL,0.0017769912652430301,0.0017311540601337742,0.0017769912652430301,1.0,3300000000.0,6700000000.0,5864071.175302,2625546.658309,23022.235214,8300503.753448,0.0,3557358.755923,3557358.750735,0.0,44792.07452899999,33316.790013422265,22396.037269999997,35117.401894716,300000.0,False,True
513,4,0,1,NORMAL,0.001780378834659394,0.001734329852038653,0.001780378834659394,1.0,3300000000.0,6700000000.0,5875250.154376,2630757.577269,23106.7394,8316192.042937,0.0,3564082.308574,3564082.303373,0.0,44823.68426700001,33614.1115670971,22411.842139999997,35184.427051812,300000.0,False,True
514,4,0,1,NORMAL,0.001783768882911212,0.0017375194669336568,0.001783768882911212,1.0,3300000000.0,6700000000.0,5886437.313607,2635972.841098,23191.404492,8331891.482011,0.0,3570810.639618,3570810.634404,0.0,44855.540223,33913.74902162369,22427.770117999997,35251.500926256005,300000.0,False,True
515,4,0,1,NORMAL,0.0017871614284563637,0.0017407221741286701,0.0017871614284563637,1.0,3300000000.0,6700000000.0,5897632.713906,2641192.476624,23276.230608,8347602.157292,0.0,3577543.78618,3577543.780951,0.0,44887.643671,34215.714383937266,22443.821843,35318.623881642,300000.0,False,True
516,4,0,1,NORMAL,0.001790556489848485,0.001743937291271884,0.001790556489848485,1.0,3300000000.0,6700000000.0,5908836.4165,2646416.510811,23361.217868,8363324.155849,0.0,3584281.78557,3584281.780329,0.0,44919.99588199999,34520.01961366494,22459.997946999996,35385.796283436,300000.0,False,True
517,4,0,1,NORMAL,0.0017939540857342424,0.0017471641812371976,0.0017939540857342424,1.0,3300000000.0,6700000000.0,5920048.482923,2651644.97076,23446.366392,8379057.565188,0.0,3591024.6753,3591024.670042,0.0,44952.598121,34826.67662069845,22476.299068999997,35453.018499000005,300000.0,False,True
518,4,0,1,NORMAL,0.0017973542348569697,0.0017504022492126669,0.0017973542348569697,1.0,3300000000.0,6700000000.0,5931268.975028,2656877.883708,23531.676301,8394802.473263,0.0,3597772.493054,3597772.487787,0.0,44985.45164900001,35135.69726273415,22492.725829000003,35520.290897538005,300000.0,False,True
519,4,0,1,NORMAL,0.0018007569560518182,0.0017536509399764832,0.0018007569560518182,1.0,3300000000.0,6700000000.0,5942497.954971,2662115.277034,23617.147717,8410558.968464,0.0,3604525.276721,3604525.271444,0.0,45018.557726,35447.093342780856,22509.278868,35587.613850168,300000.0,False,True
520,4,0,1,NORMAL,0.0018041622682478788,0.0017569097353488314,0.0018041622682478788,1.0,3300000000.0,6700000000.0,5953735.485218,2667357.178248,23702.780764,8426327.139617,0.0,3611283.064373,3611283.059079,0.0,45051.917593,35760.87660663527,22525.958805000002,35654.987729825996,300000.0,False,True
521,4,0,1,NORMAL,0.0018075701904675756,0.0017601781518081054,0.0018075701904675756,1.0,3300000000.0,6700000000.0,5964981.628543,2672603.615,23788.575565,8442107.075987,0.0,3618045.894259,3618045.888949,0.0,45085.532496,36077.05874032524,22542.766256000003,35722.412911308,300000.0,False,True
522,4,0,1,NORMAL,0.0018109807418257577,0.0017634557382608573,0.0018109807418257577,1.0,3300000000.0,6700000000.0,5976236.448025,2677854.615075,23874.532245,8457898.867271,0.0,3624813.804816,3624813.799497,0.0,45119.40367299999,36395.65136752106,22559.701841,35789.889771258,300000.0,False,True
523,4,0,1,NORMAL,0.0018143939415275756,0.0017667420739554845,0.0018143939415275756,1.0,3300000000.0,6700000000.0,5987500.007041,2683110.206389,23960.650929,8473702.603588,0.0,3631586.834681,3631586.829345,0.0,45153.532347,36716.66604691466,22576.766182000003,35857.41868815,300000.0,False,True
524,4,0,1,NORMAL,0.001817809808871212,0.0017700367665306927,0.001817809808871212,1.0,3300000000.0,6700000000.0,5998772.369275,2688370.416994,24046.931745,8489518.375494,0.0,3638365.022655,3638365.017304,0.0,45187.919745,37040.114269567195,22593.959880000002,35925.000042246,300000.0,False,True
525,4,0,1,NORMAL,0.0018212283632457575,0.001773339450189729,0.0018212283632457575,1.0,3300000000.0,6700000000.0,6010053.598711,2693635.275075,24133.37482,8505346.273969,0.0,3645148.407726,3645148.402362,0.0,45222.567079,37366.007456224936,22611.283545999995,35992.63421565,300000.0,False,True
526,4,0,1,NORMAL,0.001824649624129394,0.0017766497839922881,0.001824649624129394,1.0,3300000000.0,6700000000.0,6021343.759627,2698904.808947,24219.980282,8521186.390409,0.0,3651937.029073,3651937.023691,0.0,45257.475556,37694.356954603696,22628.737787000002,36060.321592266,300000.0,False,True
527,4,0,1,NORMAL,0.001828073611090606,0.0017799674502566958,0.001828073611090606,1.0,3300000000.0,6700000000.0,6032642.916599,2704179.047057,24306.748261,8537038.816635,0.0,3658730.926043,3658730.920644,0.0,45292.64637500001,38025.17403664224,22646.323195999998,36128.062557762,300000.0,False,True
528,4,0,1,NORMAL,0.0018315003437878786,0.0017832921530651592,0.0018315003437878786,1.0,3300000000.0,6700000000.0,6043951.1345,2709458.017985,24393.678886,8552903.644886,0.0,3665530.138158,3665530.132751,0.0,45328.08072400001,38358.4698957244,22664.040365999997,36195.857499594,300000.0,False,True
529,4,0,1,NORMAL,0.0018349298419654545,0.0017866236168651783,0.0018349298419654545,1.0,3300000000.0,6700000000.0,6055268.478486,2714741.750438,24480.77229,8568780.967807,0.0,3672334.705135,3672334.699716,0.0,45363.779784000006,38694.2556438707,22681.889898,36263.706807,300000.0,False,True
530,4,0,1,NORMAL,0.0018383621254569695,0.0017899615851614229,0.0018383621254569695,1.0,3300000000.0,6700000000.0,6066595.014008,2720030.273256,24568.028604,8584670.878462,0.0,3679144.666851,3679144.661423,0.0,45399.744733,39032.54230889935,22699.872371,36331.610870915996,300000.0,False,True
531,4,0,1,NORMAL,0.0018417972141824242,0.0017933058192918102,0.0018417972141824242,1.0,3300000000.0,6700000000.0,6077930.806802,2725323.6154,24655.447962,8600573.470313,0.0,3685960.06337,3685960.057928,0.0,45435.97672600001,39373.34083155699,22717.988370000006,36399.570084048,300000.0,False,True
532,4,0,1,NORMAL,0.0018452351281490907,0.0017966560972826025,0.0018452351281490907,1.0,3300000000.0,6700000000.0,6089275.922892,2730621.805961,24743.030498,8616488.837233,0.0,3692780.93492,3692780.929462,0.0,45472.476924,39716.662062619616,22736.238469999997,36467.584840812,300000.0,False,True
533,4,0,1,NORMAL,0.001848675887449697,0.0018000122127772539,0.001848675887449697,1.0,3300000000.0,6700000000.0,6100630.428584,2735924.874155,24830.776346,8632417.073492,0.0,3699607.321902,3699607.316428,0.0,45509.246466,40062.516759963735,22754.623241,36535.655537351995,300000.0,False,True
534,4,0,1,NORMAL,0.0018521195122606063,0.0018033739740342444,0.0018521195122606063,1.0,3300000000.0,6700000000.0,6111994.39046,2741232.849325,24918.685643,8648358.273758,0.0,3706439.264887,3706439.259398,0.0,45546.286487000005,40410.915585608425,22773.143250999998,36603.782571504,300000.0,False,True
535,4,0,1,NORMAL,0.0018555660228439395,0.0018067412029897088,0.0018555660228439395,1.0,3300000000.0,6700000000.0,6123367.875385,2746545.760935,25006.758526,8664312.533094,0.0,3713276.804613,3713276.799111,0.0,45583.598111,40761.86910272828,22791.799062000002,36671.96634276,300000.0,False,True
536,4,0,1,NORMAL,0.0018590154395439393,0.0018101137343803043,0.0018590154395439393,1.0,3300000000.0,6700000000.0,6134750.950495,2751863.638571,25094.995132,8680279.946948,0.0,3720119.98199,3720119.976474,0.0,45621.182448,41115.3877726379,22810.591231000002,36740.20725231,300000.0,False,True
537,4,0,1,NORMAL,0.0018624677827872727,0.0018134914149226895,0.0018624677827872727,1.0,3300000000.0,6700000000.0,6146143.683198,2757186.511942,25183.395601,8696260.611155,0.0,3726968.838089,3726968.832561,0.0,45659.0406,41471.48195174821,22829.520306000002,36808.505702970004,300000.0,False,True
538,4,0,1,NORMAL,0.0018659230730827274,0.0018168741025459177,0.0018659230730827274,1.0,3300000000.0,6700000000.0,6157546.141173,2762514.410876,25271.960073,8712254.621932,0.0,3733823.414148,3733823.408606,0.0,45697.173658,41830.16188849502,22848.586835999995,36876.862099188,300000.0,False,True
539,4,0,1,NORMAL,0.001869381331019394,0.0018202616656732389,0.001869381331019394,1.0,3300000000.0,6700000000.0,6168958.392364,2767847.365321,25360.688688,8728262.075872,0.0,3740683.751565,3740683.746006,0.0,45735.582697000005,42191.437720240254,22867.791356999995,36945.276847038,300000.0,False,True
540,4,0,1,NORMAL,0.0018728425772660607,0.0018236539825501952,0.0018728425772660607,1.0,3300000000.0,6700000000.0,6180380.504978,2773185.405342,25449.581588,8744283.069942,0.0,3747549.891896,3747549.886321,0.0,45774.26878599999,42555.319470146336,22887.134401,37013.750354184,300000.0,False,True
541,4,0,1,NORMAL,0.001876306832570606,0.0018270509406160284,0.001876306832570606,1.0,3300000000.0,6700000000.0,6191812.547483,2778528.561123,25538.638916,8760317.70148,0.0,3754421.876853,3754421.871264,0.0,45813.232976,42921.81704402424,22906.616495,37082.283029868,300000.0,False,True
542,4,0,1,NORMAL,0.0018797741177590907,0.001830452435915581,0.0018797741177590907,1.0,3300000000.0,6700000000.0,6203254.588605,2783876.862958,25627.860816,8776366.068183,0.0,3761299.748312,3761299.742707,0.0,45852.476308000005,43290.94022715562,22926.238161999998,37150.875284898,300000.0,False,True
543,4,0,1,NORMAL,0.0018832444537345454,0.0018338583725490626,0.0018832444537345454,1.0,3300000000.0,6700000000.0,6214706.697324,2789230.341258,25717.247432,8792428.268111,0.0,3768183.548295,3768183.542674,0.0,45891.99980599999,43662.698681089576,22945.999911,37219.527531629996,300000.0,False,True
544,4,0,1,NORMAL,0.0018867178614760604,0.001837268662157256,0.0018867178614760604,1.0,3300000000.0,6700000000.0,6226168.942871,2794589.026545,25806.798911,8808504.399679,0.0,3775073.318978,3775073.313345,0.0,45931.80449000001,44037.101940414716,22965.902251000007,37288.240183944,300000.0,False,True
545,4,0,1,NORMAL,0.0018901943620363638,0.0018406832234397791,0.0018901943620363638,1.0,3300000000.0,6700000000.0,6237641.39472,2799952.949455,25896.515399,8824594.561651,0.0,3781969.10269,3781969.097045,0.0,45971.89135599999,44414.159409506836,22985.945684,37357.013657226,300000.0,False,True
546,4,0,1,NORMAL,0.0018936739765424242,0.001844101981704466,0.0018936739765424242,1.0,3300000000.0,6700000000.0,6249124.12259,2805322.140731,25986.397044,8840698.853133,0.0,3788870.941908,3788870.936249,0.0,46012.261386,44793.880359253126,23006.130699999998,37425.84836832,300000.0,False,True
547,4,0,1,NORMAL,0.0018971567261969696,0.001847524868445918,0.0018971567261969696,1.0,3300000000.0,6700000000.0,6260617.19645,2810696.631219,26076.443995,8856817.373577,0.0,3795778.879247,3795778.87358,0.0,46052.91555800001,45176.273923753186,23026.457782999998,37494.74473554,300000.0,False,True
548,4,0,1,NORMAL,0.001900642632270606,0.0018509518209507366,0.001900642632270606,1.0,3300000000.0,6700000000.0,6272120.686493,2816076.45188,26166.656401,8872950.222765,0.0,3802692.957477,3802692.951802,0.0,46093.854827999996,45561.34909699779,23046.927418,37563.7031787,300000.0,False,True
549,4,0,1,NORMAL,0.0019041317161054545,0.0018543827819284605,0.0019041317161054545,1.0,3300000000.0,6700000000.0,6283634.663148,2821461.633774,26257.034414,8889097.500806,0.0,3809613.219508,3809613.213818,0.0,46135.080129,45949.11472952585,23067.540072000003,37632.724118958,300000.0,False,True
550,4,0,1,NORMAL,0.0019076239991142423,0.0018578176991662528,0.0019076239991142423,1.0,3300000000.0,6700000000.0,6295159.197077,2826852.208067,26347.578185,8905259.308141,0.0,3816539.708376,3816539.702673,0.0,46176.592393000006,46339.57952506041,23088.296203,37701.807978888,300000.0,False,True
551,4,0,1,NORMAL,0.0019111195027775758,0.001861256525205693,0.0019111195027775758,1.0,3300000000.0,6700000000.0,6306694.359166,2832248.206025,26438.287867,8921435.745523,0.0,3823472.467263,3823472.46155,0.0,46218.392528,46732.75203712422,23109.196268999996,37770.955182462,300000.0,False,True
552,4,0,1,NORMAL,0.0019146182486430305,0.0018646992170403601,0.0019146182486430305,1.0,3300000000.0,6700000000.0,6318240.220522,2837649.659011,26529.163614,8937626.914019,0.0,3830411.539489,3830411.533761,0.0,46260.481429,47128.64066563582,23130.240722,37840.166154996004,300000.0,False,True
553,4,0,1,NORMAL,0.0019181202583227273,0.001868145735832771,0.0019181202583227273,1.0,3300000000.0,6700000000.0,6329796.852465,2843056.598493,26620.205581,8953832.915004,0.0,3837356.968496,3837356.962754,0.0,46302.859970000005,47527.25365348675,23151.429992,37909.44132313201,300000.0,False,True
554,4,0,1,NORMAL,0.0019216255534942426,0.00187159604664964,0.0019216255534942426,1.0,3300000000.0,6700000000.0,6341364.326531,2848469.056032,26711.413924,8970053.850152,0.0,3844308.797858,3844308.792102,0.0,46345.529006000004,47928.599083100715,23172.76451,37978.78111479,300000.0,False,True
555,4,0,1,NORMAL,0.0019251341559,0.0018750501182141796,0.0019251341559,1.0,3300000000.0,6700000000.0,6352942.71447,2853887.063282,26802.7888,8986289.821436,0.0,3851267.071273,3851267.065509,0.0,46388.48939,48332.684872975566,23194.244699000003,38048.185959186005,300000.0,False,True
556,4,0,1,NORMAL,0.0019286460873421212,0.001878507922674047,0.0019286460873421212,1.0,3300000000.0,6700000000.0,6364532.088229,2859310.651988,26894.330367,9002540.93111,0.0,3858231.832574,3858231.826795,0.0,46431.741935,48739.51877420882,23215.870974999998,38117.65628682,300000.0,False,True
557,4,0,1,NORMAL,0.0019321613696833334,0.0018819694353843237,0.0019321613696833334,1.0,3300000000.0,6700000000.0,6376132.519955,2864739.853991,26986.038784,9018807.281714,0.0,3865203.125703,3865203.11991,0.0,46475.287452000004,49149.10836700767,23237.643733,38187.192529374,300000.0,False,True
558,4,0,1,NORMAL,0.0019356800248466666,0.0018854346347044748,0.0019356800248466666,1.0,3300000000.0,6700000000.0,6387744.081994,2870174.701217,27077.914211,9035088.976065,0.0,3872180.994723,3872180.988916,0.0,46519.12672799999,49561.46105718438,23259.563370999997,38256.79511973,300000.0,False,True
559,4,0,1,NORMAL,0.0019392020748124244,0.0018889035018082136,0.0019392020748124244,1.0,3300000000.0,6700000000.0,6399366.846881,2875615.225682,27169.956809,9051386.117249,0.0,3879165.483809,3879165.477994,0.0,46563.26053199999,49976.584072637896,23281.630269999998,38326.464491964,300000.0,False,True
560,4,0,1,NORMAL,0.0019427275416172727,0.0018923760205055724,0.0019427275416172727,1.0,3300000000.0,6700000000.0,6411000.887337,2881061.459482,27262.16674,9067698.808609,0.0,3886156.637263,3886156.631432,0.0,46607.689612,50394.484459822655,23303.844814000004,38396.201081286,300000.0,False,True
561,4,0,1,NORMAL,0.0019462564473533334,0.0018958521770763956,0.0019462564473533334,1.0,3300000000.0,6700000000.0,6422646.276266,2886513.434798,27354.544168,9084027.153749,0.0,3893154.499479,3893154.493632,0.0,46652.414696,50815.16908020561,23326.207356000003,38466.005324022,300000.0,False,True
562,4,0,1,NORMAL,0.0019497888141642424,0.0018993319601143211,0.0019497888141642424,1.0,3300000000.0,6700000000.0,6434303.086742,2891971.183897,27447.089257,9100371.256519,0.0,3900159.114965,3900159.109104,0.0,46697.43649800001,51238.64460671234,23348.718256,38535.877657596,300000.0,False,True
563,4,0,1,NORMAL,0.0019533246642478787,0.0019028153603810024,0.0019533246642478787,1.0,3300000000.0,6700000000.0,6445971.392018,2897434.739115,27539.802172,9116731.22101,0.0,3907170.528333,3907170.522457,0.0,46742.75570300001,51664.91752016334,23371.377859000004,38605.818520452,300000.0,False,True
564,4,0,1,NORMAL,0.0019568640198524244,0.0019063023706694813,0.0019568640198524244,1.0,3300000000.0,6700000000.0,6457651.265513,2902904.132871,27632.683079,9133107.151551,0.0,3914188.784286,3914188.778403,0.0,46788.37298099999,52093.99410570151,23394.186493999998,38675.828352108,300000.0,False,True
565,4,0,1,NORMAL,0.0019604069032712118,0.0019097929856760447,0.0019604069032712118,1.0,3300000000.0,6700000000.0,6469342.780795,2908379.397658,27725.732146,9149499.152688,0.0,3921213.927646,3921213.921745,0.0,46834.288975999996,52525.88044921194,23417.144497,38745.907593078,300000.0,False,True
566,4,0,1,NORMAL,0.00196395333685,0.001913287201880816,0.00196395333685,1.0,3300000000.0,6700000000.0,6481046.011605,2913860.566035,27818.949542,9165907.329195,0.0,3928246.003306,3928245.99739,0.0,46880.504319,52960.58243373501,23440.252167,38816.056684769996,300000.0,False,True
567,4,0,1,NORMAL,0.0019675033429763637,0.0019167850174353674,0.0019675033429763637,1.0,3300000000.0,6700000000.0,6492761.031822,2919347.670639,27912.335436,9182331.786054,0.0,3935285.056258,3935285.050327,0.0,46927.01960700001,53398.10573587394,23463.509811000004,38886.27606963001,300000.0,False,True
568,4,0,1,NORMAL,0.0019710569440839396,0.001920286432057856,0.0019710569440839396,1.0,3300000000.0,6700000000.0,6504487.915477,2924840.744167,28005.889998,9198772.62845,0.0,3942331.131583,3942331.125638,0.0,46973.83542799999,53838.45582219805,23486.917720999998,38956.566190932,300000.0,False,True
569,4,0,1,NORMAL,0.0019746141626463634,0.001923791446934534,0.0019746141626463634,1.0,3300000000.0,6700000000.0,6516226.736733,2930339.819388,28099.613401,9215229.961765,0.0,3949384.274441,3949384.268485,0.0,47020.952334999994,54281.6379456426,23510.476173,39026.92749286201,300000.0,False,True
570,4,0,1,NORMAL,0.00197817502118,0.00192730006462779,0.00197817502118,1.0,3300000000.0,6700000000.0,6527977.569894,2935844.929124,28193.505817,9231703.891563,0.0,3956444.530083,3956444.524113,0.0,47068.370866,54727.65714190691,23534.18544,39097.36042039799,300000.0,False,True
571,4,0,1,NORMAL,0.001981739542238788,0.0019308122889897898,0.001981739542238788,1.0,3300000000.0,6700000000.0,6539740.489388,2941356.106267,28287.56742,9248194.523597,0.0,3963511.94382,3963511.937841,0.0,47116.091533,55176.51822585128,23558.045771,39167.865419364,300000.0,False,True
572,4,0,1,NORMAL,0.0019853077484139393,0.0019343281250816706,0.0019853077484139393,1.0,3300000000.0,6700000000.0,6551515.569766,2946873.383758,28381.798385,9264701.96378,0.0,3970586.561056,3970586.555061,0.0,47164.11482200001,55628.22578789468,23582.057419,39238.442936328,300000.0,False,True
573,4,0,1,NORMAL,0.001988879662331515,0.0019378475790977898,0.001988879662331515,1.0,3300000000.0,6700000000.0,6563302.885694,2952396.794601,28476.198888,9281226.318196,0.0,3977668.427246,3977668.421237,0.0,47212.44119800001,56082.784190413906,23606.220606000006,39309.093418596,300000.0,False,True
574,4,0,1,NORMAL,0.001992455306651212,0.001941370658294785,0.001992455306651212,1.0,3300000000.0,6700000000.0,6575102.511949,2957926.371849,28570.769106,9297767.693078,0.0,3984757.58792,3984757.581899,0.0,47261.071099999994,56540.197564145834,23630.535555999995,39379.81731416399,300000.0,False,True
575,4,0,1,NORMAL,0.001996034704064545,0.0019448973709250922,0.001996034704064545,1.0,3300000000.0,6700000000.0,6586914.523413,2963462.148601,28665.509217,9314326.194804,0.0,3991854.088673,3991854.082638,0.0,47310.00494399999,57000.4698045939,23655.002479,39450.615071694,300000.0,False,True
576,4,0,1,NORMAL,0.001999617877293636,0.0019484277261746757,0.001999617877293636,1.0,3300000000.0,6700000000.0,6598738.995069,2969004.158009,28760.4194,9330901.929894,0.0,3998957.975146,3998957.969104,0.0,47359.243119,57463.604568440256,23679.621563,39521.48714047799,300000.0,False,True
577,4,0,1,NORMAL,0.0020032048490845455,0.0019519617341043447,0.0020032048490845455,1.0,3300000000.0,6700000000.0,6610576.001979,2974552.433265,28855.499836,9347495.004983,0.0,4006069.293054,4006069.286998,0.0,47408.78597999999,57929.60526996493,23704.392996999995,39592.43397041399,300000.0,False,True
578,4,0,1,NORMAL,0.0020067956422124243,0.0019554994055951884,0.0020067956422124243,1.0,3300000000.0,6700000000.0,6622425.619301,2980107.007609,28950.750706,9364105.526835,0.0,4013188.088146,4013188.082076,0.0,47458.63387399999,58398.47507747338,23729.316944,39663.456011874,300000.0,False,True
579,4,0,1,NORMAL,0.0020103902794769697,0.001959040752297239,0.0020103902794769697,1.0,3300000000.0,6700000000.0,6634287.922274,2985667.91431,29046.172192,9380733.602319,0.0,4020314.406222,4020314.400139,0.0,47508.787107000004,58870.21690973375,23754.39356,39734.553715806,300000.0,False,True
580,4,0,1,NORMAL,0.0020139887836960607,0.001962585786581034,0.0020139887836960607,1.0,3300000000.0,6700000000.0,6646162.986197,2991235.186684,29141.764478,9397379.338402,0.0,4027448.293128,4027448.287031,0.0,47559.245964,59344.83343242547,23779.622989000003,39805.727533644,300000.0,False,True
581,4,0,1,NORMAL,0.002017591177710303,0.0019661345214926,0.002017591177710303,1.0,3300000000.0,6700000000.0,6658050.886444,2996808.858073,29237.527749,9414042.842142,0.0,4034589.794747,4034589.788631,0.0,47610.010699,59822.32705460054,23805.005359000002,39876.977917182005,300000.0,False,True
582,4,0,1,NORMAL,0.002021197484377273,0.001969686970710966,0.002021197484377273,1.0,3300000000.0,6700000000.0,6669951.698445,3002388.961853,29333.46219,9430724.220677,0.0,4041738.956989,4041738.950858,0.0,47661.081539,60302.699925158806,23830.540777000002,39948.305318664,300000.0,False,True
583,4,0,1,NORMAL,0.002024807726570303,0.0019732431485083427,0.002024807726570303,1.0,3300000000.0,6700000000.0,6681865.497682,3007975.531423,29429.567988,9447423.581214,0.0,4048895.825802,4048895.819658,0.0,47712.458687,60785.95392933912,23856.22935,40019.710190670005,300000.0,False,True
584,4,0,1,NORMAL,0.0020284219271754548,0.0019768030697126728,0.0020284219271754548,1.0,3300000000.0,6700000000.0,6693792.359679,3013568.600214,29525.845331,9464141.031022,0.0,4056060.447163,4056060.441001,0.0,47764.14232,61272.09068522753,23882.071168999995,40091.192986092006,300000.0,False,True
585,4,0,1,NORMAL,0.002032040109090909,0.001980366749672559,0.002032040109090909,1.0,3300000000.0,6700000000.0,6705732.36,3019168.201671,29622.294408,9480876.677418,0.0,4063232.867059,4063232.860884,0.0,47816.132571,61761.1115402842,23908.066292000003,40162.75415807401,300000.0,False,True
586,4,0,1,NORMAL,0.002035662295223939,0.0019839342042242613,0.002035662295223939,1.0,3300000000.0,6700000000.0,6717685.574239,3024774.369261,29718.915409,9497630.627758,0.0,4070413.131507,4070413.125314,0.0,47868.429557999996,62253.01756789068,23934.214787999997,40234.39416,300000.0,False,True
587,4,0,1,NORMAL,0.0020392885084896967,0.001987505449660741,0.0020392885084896967,1.0,3300000000.0,6700000000.0,6729652.078016,3030387.136466,29815.708525,9514402.989435,0.0,4077601.286521,4077601.280317,0.0,47921.033371000005,62747.80956391899,23960.516691000004,40306.113445434,300000.0,False,True
588,4,0,1,NORMAL,0.0020429187718057577,0.001991080502702355,0.0020429187718057577,1.0,3300000000.0,6700000000.0,6741631.946959,3036006.536781,29912.673949,9531193.869851,0.0,4084797.378142,4084797.371922,0.0,47973.944058,63245.48804332414,23986.972037,40377.912468095994,300000.0,False,True
589,4,0,1,NORMAL,0.0020465531080951518,0.0019946593804696326,0.0020465531080951518,1.0,3300000000.0,6700000000.0,6753625.256714,3041632.603708,30009.811873,9548003.376424,0.0,4092001.452398,4092001.446166,0.0,48027.161646,63746.05323676175,24013.580829,40449.791681754,300000.0,False,True
590,4,0,1,NORMAL,0.00205019154028,0.0019982421004573984,0.00205019154028,1.0,3300000000.0,6700000000.0,6765632.082924,3047265.370754,30107.122493,9564831.616567,0.0,4099213.555326,4099213.549082,0.0,48080.68613,64249.505087232414,24040.343071000003,40521.751540284,300000.0,False,True
591,4,0,1,NORMAL,0.0020538340912793942,0.0020018286805104308,0.0020538340912793942,1.0,3300000000.0,6700000000.0,6777652.501222,3052904.871432,30204.606003,9581678.697677,0.0,4106433.732958,4106433.7267,0.0,48134.517470000006,64755.84324675437,24067.258741999998,40593.792497544,300000.0,False,True
592,4,0,1,NORMAL,0.002057480784010606,0.0020054191388007648,0.002057480784010606,1.0,3300000000.0,6700000000.0,6789686.587235,3058551.13925,30302.2626,9598544.727134,0.0,4113662.03131,4113662.025038,0.0,48188.655604,65265.067073066246,24094.327809000002,40665.91500733201,300000.0,False,True
593,4,0,1,NORMAL,0.0020611316413812124,0.002009013493805955,0.0020611316413812124,1.0,3300000000.0,6700000000.0,6801734.416558,3064204.20772,30400.092482,9615429.812279,0.0,4120898.496384,4120898.490097,0.0,48243.100422999996,65777.17562636151,24121.550218999993,40738.11952341,300000.0,False,True
594,4,0,1,NORMAL,0.0020647866862924242,0.002012611764288953,0.0020647866862924242,1.0,3300000000.0,6700000000.0,6813796.064765,3069864.110335,30498.095848,9632334.060406,0.0,4128143.174167,4128143.167863,0.0,48297.85180299999,66292.16766605634,24148.925909999998,40810.406499348006,300000.0,False,True
595,4,0,1,NORMAL,0.0020684459416324243,0.0020162139692788544,0.0020684459416324243,1.0,3300000000.0,6700000000.0,6825871.607387,3075530.880588,30596.272897,9649257.578754,0.0,4135396.110614,4135396.104295,0.0,48352.909575,66810.04164759266,24176.454794999998,40882.77638859,300000.0,False,True
596,4,0,1,NORMAL,0.002072109430276364,0.0020198201280528876,0.002072109430276364,1.0,3300000000.0,6700000000.0,6837961.119912,3081204.551948,30694.623831,9666200.47449,0.0,4142657.351658,4142657.345322,0.0,48408.273542999996,67330.79571927796,24204.13678,40955.229644322,300000.0,False,True
597,4,0,1,NORMAL,0.00207577717508303,0.0020234302601193485,0.00207577717508303,1.0,3300000000.0,6700000000.0,6850064.677774,3086885.157873,30793.148851,9683162.854703,0.0,4149926.943193,4149926.93684,0.0,48463.94347899999,67854.42771916387,24231.971747999996,41027.766719472005,300000.0,False,True
598,4,0,1,NORMAL,0.0020794491988924244,0.0020270443852014827,0.0020794491988924244,1.0,3300000000.0,6700000000.0,6862182.356345,3092572.731798,30891.848161,9700144.826392,0.0,4157204.93107,4157204.924705,0.0,48519.91911999999,68380.93517196487,24259.959565999998,41100.388066643995,300000.0,False,True
599,4,0,1,NORMAL,0.0020831255245218182,0.0020306625232221496,0.0020831255245218182,1.0,3300000000.0,6700000000.0,6874314.230922,3098267.307137,30990.721965,9717146.496448,0.0,4164491.361101,4164491.354728,0.0,48576.200166,68910.31528601944,24288.100087,41173.09413807,300000.0,False,True
600,4,0,1,NORMAL,0.0020868061747666665,0.0020342846942895377,0.0020868061747666665,1.0,3300000000.0,6700000000.0,6886460.37673,3103968.917267,31089.770468,9734167.971645,0.0,4171786.279056,4171786.272668,0.0,48632.786289,69442.5649502947,24316.393152000004,41245.885385532005,300000.0,False,True
601,4,0,1,NORMAL,0.0020904911723954546,0.002037910918683468,0.0020904911723954546,1.0,3300000000.0,6700000000.0,6898620.868905,3109677.595541,31188.993876,9751209.358636,0.0,4179089.730634,4179089.724232,0.0,48689.677124,69977.68073143717,24344.838569000003,41318.76226038,300000.0,False,True
602,4,0,1,NORMAL,0.0020941805401472726,0.002041541216842423,0.0020941805401472726,1.0,3300000000.0,6700000000.0,6910795.782486,3115393.375271,31288.392396,9768270.763925,0.0,4186401.761489,4186401.755069,0.0,48746.872270000014,70515.65887087058,24373.436144,41391.72521343,300000.0,False,True
603,4,0,1,NORMAL,0.0020978743007306062,0.0020451756093513383,0.0020978743007306062,1.0,3300000000.0,6700000000.0,6922985.192411,3121116.289734,31387.966238,9785352.293873,0.0,4193722.417196,4193722.410759,0.0,48804.371293,71056.49528194338,24402.185655,41464.774694916,300000.0,False,True
604,4,0,1,NORMAL,0.002101572476819091,0.0020488141169299028,0.002101572476819091,1.0,3300000000.0,6700000000.0,6935189.173503,3126846.372163,31487.715611,9802454.054673,0.0,4201051.743265,4201051.736814,0.0,48862.17372400001,71600.18554712688,24431.086869000006,41537.911154466005,300000.0,False,True
605,4,0,1,NORMAL,0.002105275091050606,0.002052456760421561,0.002105275091050606,1.0,3300000000.0,6700000000.0,6947407.800467,3132583.655741,31587.640725,9819576.152341,0.0,4208389.78513,4208389.77867,0.0,48920.27905700001,72146.72491526666,24460.139533000005,41611.135041018,300000.0,False,True
606,4,0,1,NORMAL,0.0021089821660218184,0.002056103560782868,0.0021089821660218184,1.0,3300000000.0,6700000000.0,6959641.147872,3138328.173603,31687.741792,9836718.692699,0.0,4215736.588155,4215736.581679,0.0,48978.68675,72696.10829888853,24489.343383,41684.446802802006,300000.0,False,True
607,4,0,1,NORMAL,0.002112693724289091,0.002059754539073592,0.002112693724289091,1.0,3300000000.0,6700000000.0,6971889.290154,3144079.958831,31788.019025,9853881.781376,0.0,4223092.1976,4223092.191109,0.0,49037.396229,73248.33027156089,24518.698122,41757.84688723201,300000.0,False,True
608,4,0,1,NORMAL,0.0021164097883630303,0.0020634097164471043,0.0021164097883630303,1.0,3300000000.0,6700000000.0,6984152.301598,3149839.044447,31888.472638,9871065.523779,0.0,4230456.658643,4230456.652139,0.0,49096.406879,73803.38506531557,24548.203446,41831.335740924005,300000.0,False,True
609,4,0,1,NORMAL,0.002120130380707273,0.0020670691141413088,0.002120130380707273,1.0,3300000000.0,6700000000.0,6996430.256334,3155605.463413,31989.102846,9888270.025094,0.0,4237830.016361,4237830.009842,0.0,49155.71805100001,74361.26656812894,24577.859033000008,41904.913809588004,300000.0,False,True
610,4,0,1,NORMAL,0.0021238555237354543,0.0020707327534699635,0.0021238555237354543,1.0,3300000000.0,6700000000.0,7008723.228327,3161379.248623,32089.909865,9905495.390263,0.0,4245212.315725,4245212.309199,0.0,49215.329059,74921.96832146471,24607.664533,41978.58153800401,300000.0,False,True
611,4,0,1,NORMAL,0.00212758523980697,0.0020744006558142867,0.00212758523980697,1.0,3300000000.0,6700000000.0,7021031.291363,3167160.432903,32190.893912,9922741.723971,0.0,4252603.601611,4252603.595074,0.0,49275.239177,75485.48351788073,24637.619594000003,42052.339369962,300000.0,False,True
612,4,0,1,NORMAL,0.0021313195512260605,0.0020780728426150466,0.0021313195512260605,1.0,3300000000.0,6700000000.0,7033354.519046,3172949.049006,32292.055205,9940009.130642,0.0,4260003.918771,4260003.912217,0.0,49335.44764499999,76051.80499870134,24667.723831,42126.187748178,300000.0,False,True
613,4,0,1,NORMAL,0.0021350584802390907,0.002081749335364985,0.0021350584802390907,1.0,3300000000.0,6700000000.0,7045692.984789,3178745.129606,32393.393963,9957297.714421,0.0,4267413.311834,4267413.305262,0.0,49395.953665999994,76620.92525175722,24697.976842,42200.127114275994,300000.0,False,True
614,4,0,1,NORMAL,0.002138802049031818,0.0020854301556015547,0.002138802049031818,1.0,3300000000.0,6700000000.0,7058046.761805,3184548.707293,32494.910406,9974607.57916,0.0,4274831.825299,4274831.81872,0.0,49456.75640100001,77192.83640919426,24728.378204000004,42274.15790873399,300000.0,False,True
615,4,0,1,NORMAL,0.0021425502797224245,0.0020891153248996756,0.0021425502797224245,1.0,3300000000.0,6700000000.0,7070415.923084,3190359.814576,32596.604756,9991938.828398,0.0,4282259.503555,4282259.496962,0.0,49517.854974,77767.5302453538,24758.927494,42348.28057083,300000.0,False,True
616,4,0,1,NORMAL,0.0021463031943654547,0.0020928048648652096,0.0021463031943654547,1.0,3300000000.0,6700000000.0,7082800.541406,3196178.483872,32698.477235,10009291.565361,0.0,4289696.390837,4289696.384229,0.0,49579.248475,78344.99817472529,24789.624245000003,42422.49553850401,300000.0,False,True
617,4,0,1,NORMAL,0.0021500608149445455,0.002096498797128393,0.0021500608149445455,1.0,3300000000.0,6700000000.0,7095200.689317,3202004.747506,32800.528066,10026665.892945,0.0,4297142.531238,4297142.524619,0.0,49640.935959,78925.23124997393,24820.467985000003,42496.80324843601,300000.0,False,True
618,4,0,1,NORMAL,0.002153823163369394,0.0021001971433374897,0.002153823163369394,1.0,3300000000.0,6700000000.0,7107616.439119,3207838.637703,32902.757474,10044061.91369,0.0,4304597.968712,4304597.962079,0.0,49702.916423999995,79508.22016004437,24851.458219,42571.204135902,300000.0,False,True
619,4,0,1,NORMAL,0.0021575902614766667,0.0021038999251529206,0.0021575902614766667,1.0,3300000000.0,6700000000.0,7120047.862873,3213680.186585,33005.165684,10061479.729785,0.0,4312062.747047,4312062.740403,0.0,49765.188849000006,80093.95522834273,24882.59443,42645.698634714,300000.0,False,True
620,4,0,1,NORMAL,0.002161362131021818,0.0021076071642412366,0.002161362131021818,1.0,3300000000.0,6700000000.0,7132495.032372,3219529.426171,33107.752922,10078919.443038,0.0,4319536.90988,4319536.903226,0.0,49827.752162,80682.42641099854,24913.876086,42720.287177238,300000.0,False,True
621,4,0,1,NORMAL,0.002165138793679091,0.0021113188822694854,0.002165138793679091,1.0,3300000000.0,6700000000.0,7144958.019141,3225386.388371,33210.519416,10096381.154874,0.0,4327020.500678,4327020.494012,0.0,49890.605256,81273.62329520806,24945.302634000003,42794.970194232,300000.0,False,True
622,4,0,1,NORMAL,0.002168920271040606,0.0021150351008998804,0.002168920271040606,1.0,3300000000.0,6700000000.0,7157436.894434,3231251.104976,33313.465395,10113864.966317,0.0,4334513.562738,4334513.556056,0.0,49953.74698999999,81867.53509766115,24976.873503,42869.748114846,300000.0,False,True
623,4,0,1,NORMAL,0.0021727065846090907,0.0021187558417843457,0.0021727065846090907,1.0,3300000000.0,6700000000.0,7169931.72921,3237123.607662,33416.591088,10131370.977973,0.0,4342016.139177,4342016.13248,0.0,50017.17617499999,82464.15066305308,25008.588095,42944.621366604006,300000.0,False,True
624,4,0,1,NORMAL,0.0021764977557969696,0.002122481126559354,0.0021764977557969696,1.0,3300000000.0,6700000000.0,7182442.59413,3243003.927985,33519.896726,10148899.290023,0.0,4349528.272927,4349528.266212,0.0,50080.891582,83063.45846268305,25040.4458,43019.59037526,300000.0,False,True
625,4,0,1,NORMAL,0.0021802938059251515,0.0021262109768410186,0.0021802938059251515,1.0,3300000000.0,6700000000.0,7194969.559553,3248892.097367,33623.38254,10166450.002202,0.0,4357050.006732,4357050.0,0.0,50144.891951,83665.44659314107,25072.445983999994,43094.655564780005,300000.0,False,True
626,4,0,1,NORMAL,0.0021840947562166667,0.002129945414220093,0.0021840947562166667,1.0,3300000000.0,6700000000.0,7207512.695515,3254788.147105,33727.048763,10184023.213789,0.0,4364581.38314,4364581.376392,0.0,50209.175974000005,84270.10277508483,25104.587995,43169.817357318,300000.0,False,True
627,4,0,1,NORMAL,0.0021879006277966666,0.0021336844602572913,0.0021879006277966666,1.0,3300000000.0,6700000000.0,7220072.071729,3260692.108356,33830.895629,10201619.023593,0.0,4372122.444493,4372122.437735,0.0,50273.74230399999,84877.41435210823,25136.871156999998,43245.076173090005,300000.0,False,True
628,4,0,1,NORMAL,0.0021917114416866667,0.002137428136478542,0.0021917114416866667,1.0,3300000000.0,6700000000.0,7232647.757566,3266604.012142,33934.923372,10219237.529935,0.0,4379673.232934,4379673.226167,0.0,50338.58955699999,85487.36828970307,25169.294782999994,43320.432430374,300000.0,False,True
629,4,0,1,NORMAL,0.002195527218803333,0.0021411764643704642,0.002195527218803333,1.0,3300000000.0,6700000000.0,7245239.822051,3272523.889338,34039.132227,10236878.830638,0.0,4387233.790392,4387233.783608,0.0,50403.716304999994,86099.9511743155,25201.858161,43395.886545396,300000.0,False,True
630,4,0,1,NORMAL,0.0021993479799563634,0.0021449294653760062,0.0021993479799563634,1.0,3300000000.0,6700000000.0,7257848.333856,3278451.770672,34143.522432,10254543.023015,0.0,4394804.158564,4394804.151767,0.0,50469.121085000006,86715.1492124988,25234.560549,43471.438932306,300000.0,False,True
631,4,0,1,NORMAL,0.0022031737458436365,0.002148687160890047,0.0022031737458436365,1.0,3300000000.0,6700000000.0,7270473.361284,3284387.686718,34248.094224,10272230.203848,0.0,4402384.378931,4402384.372123,0.0,50534.802389000004,87332.94823016402,25267.401199999997,43547.090003136,300000.0,False,True
632,4,0,1,NORMAL,0.002207004537048182,0.0021524495722550882,0.002207004537048182,1.0,3300000000.0,6700000000.0,7283114.972259,3290331.667895,34352.847841,10289940.469378,0.0,4409974.49274,4409974.485921,0.0,50600.758666999995,87953.33367192972,25300.379339,43622.84016770401,300000.0,False,True
633,4,0,1,NORMAL,0.0022108403740363635,0.0021562167207571058,0.0022108403740363635,1.0,3300000000.0,6700000000.0,7295773.23432,3296283.744464,34457.783523,10307673.915292,0.0,4417574.540998,4417574.534166,0.0,50666.98833099999,88576.2906005727,25333.494172,43698.689833554,300000.0,False,True
634,4,0,1,NORMAL,0.0022146812771542423,0.0021599886276214373,0.0022146812771542423,1.0,3300000000.0,6700000000.0,7308448.214609,3302243.946514,34562.90151,10325430.636703,0.0,4425184.564472,4425184.557626,0.0,50733.489756,89201.80369658057,25366.744885,43774.63940592,300000.0,False,True
635,4,0,1,NORMAL,0.0022185272666239396,0.0021637653140086956,0.0022185272666239396,1.0,3300000000.0,6700000000.0,7321139.979859,3308212.303972,34668.202044,10343210.728143,0.0,4432804.603674,4432804.596813,0.0,50800.261269,89829.85725780812,25400.130641999996,43850.689287654,300000.0,False,True
636,4,0,1,NORMAL,0.0022223783625433336,0.00216754680101093,0.0022223783625433336,1.0,3300000000.0,6700000000.0,7333848.596393,3314188.846583,34773.685367,10361014.283547,0.0,4440434.698859,4440434.691985,0.0,50867.301165000004,90460.43519923837,25433.650589000004,43926.83987915401,300000.0,False,True
637,4,0,1,NORMAL,0.002226234584878788,0.0021713331096475663,0.002226234584878788,1.0,3300000000.0,6700000000.0,7346574.1301,3320173.603922,34879.351722,10378841.396234,0.0,4448074.890023,4448074.883133,0.0,50934.607686,91093.52105284976,25467.303851000004,44003.091578358006,300000.0,False,True
638,4,0,1,NORMAL,0.0022300959534654547,0.0021751242608616236,0.0022300959534654547,1.0,3300000000.0,6700000000.0,7359316.646436,3326166.605376,34985.201354,10396692.158898,0.0,4455725.21689,4455725.209986,0.0,51002.179048000005,91729.09796759083,25501.089530999994,44079.4447806,300000.0,False,True
639,4,0,1,NORMAL,0.002233962488002727,0.0021789202755158883,0.002233962488002727,1.0,3300000000.0,6700000000.0,7372076.210409,3332167.880146,35091.234507,10414566.663588,0.0,4463385.718912,4463385.711995,0.0,51070.01341099999,92367.14870946354,25535.006711999995,44155.899878616,300000.0,False,True
640,4,0,1,NORMAL,0.002237834208051515,0.0021827211743891545,0.002237834208051515,1.0,3300000000.0,6700000000.0,7384852.88657,3338177.457246,35197.451428,10432465.001703,0.0,4471056.435257,4471056.428328,0.0,51138.10890799999,93007.65566171626,25569.054459999996,44232.457262454,300000.0,False,True
641,4,0,1,NORMAL,0.002241711133031818,0.0021865269781725523,0.002241711133031818,1.0,3300000000.0,6700000000.0,7397646.739005,3344195.365488,35303.852364,10450387.263968,0.0,4478737.404809,4478737.397868,0.0,51206.463621999996,93650.60082514788,25603.231817,44309.117319419995,300000.0,False,True
642,4,0,1,NORMAL,0.002245593282218485,0.0021903377074658386,0.002245593282218485,1.0,3300000000.0,6700000000.0,7410457.831321,3350221.633489,35410.437563,10468333.540425,0.0,4486428.66616,4486428.659206,0.0,51275.075603,94295.96581852385,25637.537807999997,44385.880434030005,300000.0,False,True
643,4,0,1,NORMAL,0.00224948067474,0.0021941533827738494,0.00224948067474,1.0,3300000000.0,6700000000.0,7423286.226642,3356256.28966,35517.207274,10486303.920421,0.0,4494130.257594,4494130.250632,0.0,51343.942852,94943.73187910531,25671.97143,44462.746987926,300000.0,False,True
644,4,0,1,NORMAL,0.002253373329572727,0.0021979740245028096,0.002253373329572727,1.0,3300000000.0,6700000000.0,7436131.98759,3362299.362206,35624.161747,10504298.492585,0.0,4501842.217103,4501842.210129,0.0,51413.06333399999,95593.87986329234,25706.531672999998,44539.717359851995,300000.0,False,True
645,4,0,1,NORMAL,0.002257271265541212,0.0022017996529569003,0.002257271265541212,1.0,3300000000.0,6700000000.0,7448995.176286,3368350.879115,35731.301232,10522317.344822,0.0,4509564.582361,4509564.575373,0.0,51482.434976,96246.3902473821,25741.217494999997,44616.79192554,300000.0,False,True
646,4,0,1,NORMAL,0.002261174501312424,0.0022056302883346765,0.002261174501312424,1.0,3300000000.0,6700000000.0,7461875.854331,3374410.868164,35838.625981,10540360.564299,0.0,4517297.39072,4517297.383719,0.0,51552.055659,96901.24312844311,25776.027835999994,44693.97105771601,300000.0,False,True
647,4,0,1,NORMAL,0.0022650830553954545,0.0022094659507256947,0.0022650830553954545,1.0,3300000000.0,6700000000.0,7474774.082805,3380479.356904,35946.136246,10558428.237429,0.0,4525040.679207,4525040.672203,0.0,51621.923230999986,97558.41822530596,25810.961616999994,44771.255125986,300000.0,False,True
648,4,0,1,NORMAL,0.0022689969461336364,0.0022133066601068524,0.0022689969461336364,1.0,3300000000.0,6700000000.0,7487689.922241,3386556.372664,36053.83228,10576520.449846,0.0,4532794.484544,4532794.477523,0.0,51692.03549100001,98217.89487967188,25846.017754000004,44848.644496830006,300000.0,False,True
649,4,0,1,NORMAL,0.002272916191708182,0.002217152436339196,0.002272916191708182,1.0,3300000000.0,6700000000.0,7500623.432637,3392641.942542,36161.714338,10594637.286414,0.0,4540558.843086,4540558.83605,0.0,51762.390205,98879.65205733942,25881.19511,44926.139533446,300000.0,False,True
650,4,0,1,NORMAL,0.002276840810131212,0.0022210032991644875,0.002276840810131212,1.0,3300000000.0,6700000000.0,7513574.673433,3398736.0934,36269.782675,10612778.831195,0.0,4548333.79086,4548333.783811,0.0,51832.985097,99543.66834955016,25916.492555,45003.74059582201,300000.0,False,True
651,4,0,1,NORMAL,0.0022807708192433334,0.0022248592682018327,0.0022807708192433334,1.0,3300000000.0,6700000000.0,7526543.703503,3404838.851862,36378.037546,10630945.167439,0.0,4556119.363549,4556119.356485,0.0,51903.81785099999,100209.92197445392,25951.908933,45081.448040598,300000.0,False,True
652,4,0,1,NORMAL,0.002284706236709394,0.0022287203629442563,0.002284706236709394,1.0,3300000000.0,6700000000.0,7539530.581141,3410950.244318,36486.479209,10649136.377575,0.0,4563915.596475,4563915.589399,0.0,51974.886112,100878.3907786942,25987.443062000002,45159.262221018005,300000.0,False,True
653,4,0,1,NORMAL,0.002288647080019091,0.002232586602755536,0.002288647080019091,1.0,3300000000.0,6700000000.0,7552535.364063,3417070.296901,36595.107921,10667352.543192,0.0,4571722.524607,4571722.517518,0.0,52046.187485,101549.05223911427,26023.093749000003,45237.183486846,300000.0,False,True
654,4,0,1,NORMAL,0.0022925933664818183,0.002236458006866909,0.0022925933664818183,1.0,3300000000.0,6700000000.0,7565558.10939,3423199.035497,36703.92394,10685593.745028,0.0,4579540.182544,4579540.175446,0.0,52117.719537000004,102221.88346458437,26058.859773000004,45315.21218437801,300000.0,False,True
655,4,0,1,NORMAL,0.0022965451132221214,0.002240334594373697,0.0022965451132221214,1.0,3300000000.0,6700000000.0,7578598.873633,3429336.485742,36812.927525,10703860.062954,0.0,4587368.604519,4587368.597413,0.0,52189.479794,102896.86119795036,26094.739901,45393.34865634001,300000.0,False,True
656,4,0,1,NORMAL,0.0023005023371809093,0.002244216384232227,0.0023005023371809093,1.0,3300000000.0,6700000000.0,7591657.712697,3435482.673006,36922.118936,10722151.575963,0.0,4595207.82439,4595207.817273,0.0,52261.465748999995,103573.96181810423,26130.732879999996,45471.59324179801,300000.0,False,True
657,4,0,1,NORMAL,0.0023044650551087877,0.0022481033952565215,0.0023044650551087877,1.0,3300000000.0,6700000000.0,7604734.681859,3441637.622401,37031.498435,10740468.362156,0.0,4603057.875625,4603057.868496,0.0,52333.674843999994,104253.16134217667,26166.837428,45549.94627618201,300000.0,False,True
658,4,0,1,NORMAL,0.0023084332835657576,0.002251995646115182,0.0023084332835657576,1.0,3300000000.0,6700000000.0,7617829.835767,3447801.358767,37141.066282,10758810.498727,0.0,4610918.791309,4610918.784168,0.0,52406.10449800001,104934.43542785187,26203.052255000002,45628.408091154,300000.0,False,True
659,4,0,1,NORMAL,0.0023124070389163635,0.0022558931553281615,0.0023124070389163635,1.0,3300000000.0,6700000000.0,7630943.228424,3453973.906681,37250.82274,10777178.061953,0.0,4618790.604132,4618790.596976,0.0,52478.752083,105617.75937580492,26239.376049000002,45706.979014602,300000.0,False,True
660,4,0,1,NORMAL,0.002316386337329091,0.0022597959412637056,0.002316386337329091,1.0,3300000000.0,6700000000.0,7644074.913186,3460155.290436,37360.768072,10795571.127176,0.0,4626673.346384,4626673.339214,0.0,52551.61493600001,106303.10813226136,26275.807475000005,45785.659370543995,300000.0,False,True
661,4,0,1,NORMAL,0.002320371194772424,0.002263704022135236,0.002320371194772424,1.0,3300000000.0,6700000000.0,7657224.942749,3466345.534053,37470.902542,10813989.768797,0.0,4634567.049948,4634567.042765,0.0,52624.690357,106990.45629167947,26312.345184999995,45864.449479116,300000.0,False,True
662,4,0,1,NORMAL,0.0023243616270115152,0.0022676174159982215,0.0023243616270115152,1.0,3300000000.0,6700000000.0,7670393.369138,3472544.661266,37581.226415,10832434.060256,0.0,4642471.746295,4642471.739104,0.0,52697.97560399999,107679.77809955488,26348.987805999997,45943.349656494,300000.0,False,True
663,4,0,1,NORMAL,0.0023283576496057577,0.0022715361407470947,0.0023283576496057577,1.0,3300000000.0,6700000000.0,7683580.243699,3478752.695524,37691.739956,10850904.074019,0.0,4650387.466492,4650387.459287,0.0,52771.46790599999,108371.04745534742,26385.73396,46022.360214828004,300000.0,False,True
664,4,0,1,NORMAL,0.002332359277906667,0.0022754602141122284,0.002332359277906667,1.0,3300000000.0,6700000000.0,7696785.617092,3484969.659986,37802.44343,10869399.881573,0.0,4658314.241171,4658314.233951,0.0,52845.164451,109064.23791553009,26422.582233,46101.481462194,300000.0,False,True
665,4,0,1,NORMAL,0.0023363665270545453,0.002279389653656894,0.0023363665270545453,1.0,3300000000.0,6700000000.0,7710009.53928,3491195.577515,37913.337105,10887921.553405,0.0,4666252.10054,4666252.093305,0.0,52919.06238699999,109759.3226967598,26459.531200999998,46180.713702552006,300000.0,False,True
666,4,0,1,NORMAL,0.0023403794119769695,0.002283324476774318,0.0023403794119769695,1.0,3300000000.0,6700000000.0,7723252.059524,3497430.470675,38024.421248,10906469.158995,0.0,4674201.074377,4674201.067126,0.0,52993.158838,110456.2746791695,26496.579426999997,46260.05723568,300000.0,False,True
667,4,0,1,NORMAL,0.0023443979473848488,0.002287264700684675,0.0023443979473848488,1.0,3300000000.0,6700000000.0,7736513.22637,3503674.361728,38135.696128,10925042.7668,0.0,4682161.192022,4682161.184754,0.0,53067.45088299999,111155.06640978155,26533.725449999998,46339.512357144,300000.0,False,True
668,4,0,1,NORMAL,0.002348422147770303,0.0022912103424321353,0.002348422147770303,1.0,3300000000.0,6700000000.0,7749793.087642,3509927.272631,38247.162013,10943642.444242,0.0,4690132.482371,4690132.475085,0.0,53141.935564,111855.67010604132,26570.967791000003,46419.079358220006,300000.0,False,True
669,4,0,1,NORMAL,0.0023524520274042426,0.002295161418881949,0.0023524520274042426,1.0,3300000000.0,6700000000.0,7763091.690434,3516189.225031,38358.819173,10962268.257702,0.0,4698114.973868,4698114.966566,0.0,53216.60989800001,112558.0576594712,26608.304957000004,46498.758525852005,300000.0,False,True
670,4,0,1,NORMAL,0.0023564876003333334,0.0022991179467175223,0.0023564876003333334,1.0,3300000000.0,6700000000.0,7776409.0811,3522460.240262,38470.667878,10980920.272498,0.0,4706108.694509,4706108.687192,0.0,53291.470859,113262.20063944363,26645.735437,46578.55014260401,300000.0,False,True
671,4,0,1,NORMAL,0.0023605288803784847,0.0023030799424375845,0.0023605288803784847,1.0,3300000000.0,6700000000.0,7789745.305249,3528740.339339,38582.708399,10999598.552881,0.0,4714113.671829,4714113.664496,0.0,53366.51538999999,113968.07029707298,26683.257703,46658.4544866,300000.0,False,True
672,4,0,1,NORMAL,0.00236457588113,0.0023070474223532244,0.00236457588113,1.0,3300000000.0,6700000000.0,7803100.407729,3535029.542963,38694.941007,11018303.16202,0.0,4722129.932898,4722129.925553,0.0,53441.740404,114675.6375692253,26720.870207999997,46738.471831494004,300000.0,False,True
673,4,0,1,NORMAL,0.0023686286159484847,0.002311020402585177,0.0023686286159484847,1.0,3300000000.0,6700000000.0,7816474.43263,3541327.871503,38807.365975,11037034.16199,0.0,4730157.504323,4730157.496967,0.0,53517.142779,115384.87308264535,26758.571395000006,46818.602446374,300000.0,False,True
674,4,0,1,NORMAL,0.0023726870979596973,0.0023149988990609524,0.0023726870979596973,1.0,3300000000.0,6700000000.0,7829867.423267,3547635.345003,38919.983575,11055791.61376,0.0,4738196.412237,4738196.404868,0.0,53592.71935499999,116095.74715819936,26796.359683999995,46898.84659578,300000.0,False,True
675,4,0,1,NORMAL,0.0023767513400542424,0.0023189829275121325,0.0023767513400542424,1.0,3300000000.0,6700000000.0,7843279.422179,3553951.983178,39032.794081,11074575.577188,0.0,4746246.682293,4746246.674905,0.0,53668.466948999994,116808.22981523341,26834.233484,46979.20453960201,300000.0,False,True
676,4,0,1,NORMAL,0.0023808213548830305,0.0023229725034715452,0.0023808213548830305,1.0,3300000000.0,6700000000.0,7856710.471114,3560277.805408,39145.797767,11093386.111003,0.0,4754308.339657,4754308.332252,0.0,53744.382341000004,117522.29077604567,26872.191179,47059.676533074,300000.0,False,True
677,4,0,1,NORMAL,0.0023848971548569697,0.0023269676422706053,0.0023848971548569697,1.0,3300000000.0,6700000000.0,7870160.611028,3566612.830734,39258.994908,11112223.272796,0.0,4762381.409012,4762381.40159,0.0,53820.462279,118237.89947047182,26910.231147999995,47140.262826684004,300000.0,False,True
678,4,0,1,NORMAL,0.0023889787521436364,0.0023309683590366074,0.0023889787521436364,1.0,3300000000.0,6700000000.0,7883629.882074,3572957.077859,39372.385778,11131087.119012,0.0,4770465.914545,4770465.907109,0.0,53896.703484000005,118955.02504058211,26948.351749000005,47220.963666168,300000.0,False,True
679,4,0,1,NORMAL,0.0023930661586645456,0.0023349746686900227,0.0023930661586645456,1.0,3300000000.0,6700000000.0,7897118.323593,3579310.565138,39485.970653,11149977.704933,0.0,4778561.879955,4778561.8725,0.0,53973.102643,119673.63634548907,26986.551331000002,47301.779292444,300000.0,False,True
680,4,0,1,NORMAL,0.0023971593860945455,0.0023389865859419273,0.0023971593860945455,1.0,3300000000.0,6700000000.0,7910625.974112,3585673.310583,39599.74981,11168895.084677,0.0,4786669.328428,4786669.320959,0.0,54049.65642,120393.7019662644,27024.828217000002,47382.70994155801,300000.0,False,True
681,4,0,1,NORMAL,0.002401258445857273,0.0023430041252913048,0.002401258445857273,1.0,3300000000.0,6700000000.0,7924152.871329,3592045.331854,39713.723526,11187839.311179,0.0,4794788.282653,4794788.275173,0.0,54126.361443,121115.19021096366,27063.180727,47463.755844672,300000.0,False,True
682,4,0,1,NORMAL,0.0024053633491266666,0.0023470273010226185,0.0024053633491266666,1.0,3300000000.0,6700000000.0,7937699.052118,3598426.646254,39827.892077,11206810.436186,0.0,4802918.764811,4802918.757318,0.0,54203.214317,121838.06911975719,27101.607164999998,47544.917227974,300000.0,False,True
683,4,0,1,NORMAL,0.002409474106820909,0.002351056127203153,0.002409474106820909,1.0,3300000000.0,6700000000.0,7951264.552509,3604817.270733,39942.255742,11225808.510245,0.0,4811060.796564,4811060.789056,0.0,54280.21160899999,122562.30647016599,27140.105811999998,47626.194312708,300000.0,False,True
684,4,0,1,NORMAL,0.002413590729602727,0.002355090617680545,0.002413590729602727,1.0,3300000000.0,6700000000.0,7964849.407689,3611217.221884,40056.814799,11244833.582697,0.0,4819214.399056,4819214.391534,0.0,54357.34987400001,123287.86978240046,27178.674944000002,47707.587315054,300000.0,False,True
685,4,0,1,NORMAL,0.0024177132278766665,0.002359130786080295,0.0024177132278766665,1.0,3300000000.0,6700000000.0,7978453.651993,3617626.515933,40171.569527,11263885.701662,0.0,4827379.592909,4827379.585375,0.0,54434.62562399999,124014.72632480098,27217.312818,47789.09644613399,300000.0,False,True
686,4,0,1,NORMAL,0.002421841611788485,0.0023631766458034045,0.002421841611788485,1.0,3300000000.0,6700000000.0,7992077.318902,3624045.168742,40286.520205,11282964.914036,0.0,4835556.398222,4835556.390677,0.0,54512.035362999995,124742.84311937781,27256.017686999996,47870.721911958,300000.0,False,True
687,4,0,1,NORMAL,0.002425975891219697,0.0023672282100238107,0.002425975891219697,1.0,3300000000.0,6700000000.0,8005720.441025,3630473.195808,40401.667113,11302071.265475,0.0,4843744.834565,4843744.827007,0.0,54589.57555099999,125472.18694744914,27294.787781999996,47952.46391341201,300000.0,False,True
688,4,0,1,NORMAL,0.002430116075790606,0.0023712854916861847,0.002430116075790606,1.0,3300000000.0,6700000000.0,8019383.050109,3636910.612253,40517.010532,11321204.800394,0.0,4851944.920971,4851944.913399,0.0,54667.242635999995,126202.72435537518,27333.621325,48034.32264615,300000.0,False,True
689,4,0,1,NORMAL,0.0024342621748545457,0.0023753485035034982,0.0024342621748545457,1.0,3300000000.0,6700000000.0,8033065.17702,3643357.432829,40632.550742,11340365.561952,0.0,4860156.675939,4860156.668351,0.0,54745.03303599999,126934.4216603861,27372.516526,48116.298300654,300000.0,False,True
690,4,0,1,NORMAL,0.002438414197497576,0.0023794172579547296,0.002438414197497576,1.0,3300000000.0,6700000000.0,8046766.851742,3649813.671913,40748.288024,11359553.592048,0.0,4868380.117423,4868380.10982,0.0,54822.943145000005,127667.2449565023,27411.47158,48198.391062120005,300000.0,False,True
691,4,0,1,NORMAL,0.0024425721525375755,0.0023834917672826555,0.0024425721525375755,1.0,3300000000.0,6700000000.0,8060488.103374,3656279.3435,40864.22266,11378768.931311,0.0,4876615.262836,4876615.255216,0.0,54900.969335,128401.16012054442,27450.484676000004,48280.601110452,300000.0,False,True
692,4,0,1,NORMAL,0.002446736048521212,0.0023875720434915946,0.002446736048521212,1.0,3300000000.0,6700000000.0,8074228.96012,3662754.461208,40980.354932,11398011.619093,0.0,4884862.12904,4884862.121406,0.0,54979.107958,129136.13281823129,27489.553986,48362.92862024399,300000.0,False,True
693,4,0,1,NORMAL,0.002450905893721515,0.002391658098345138,0.002450905893721515,1.0,3300000000.0,6700000000.0,8087989.449281,3669239.038272,41096.685122,11417281.693458,0.0,4893120.732353,4893120.724703,0.0,55057.35534000001,129872.12851036372,27528.677678,48445.373760719995,300000.0,False,True
694,4,0,1,NORMAL,0.002455081696139697,0.002395749943364142,0.002455081696139697,1.0,3300000000.0,6700000000.0,8101769.597261,3675733.087537,41213.213513,11436579.191179,0.0,4901391.088534,4901391.080868,0.0,55135.707788,130609.11245909124,27567.853901999995,48527.936695685996,300000.0,False,True
695,4,0,1,NORMAL,0.002459263463501515,0.002399847589824618,0.002459263463501515,1.0,3300000000.0,6700000000.0,8115569.429555,3682236.621464,41329.940388,11455904.147732,0.0,4909673.212783,4909673.205102,0.0,55214.161589,131347.04973426057,27607.080802000004,48610.617583566,300000.0,False,True
696,4,0,1,NORMAL,0.0024634512032536363,0.0024039510487555227,0.0024634512032536363,1.0,3300000000.0,6700000000.0,8129388.970737,3688749.652125,41446.86603,11475256.597281,0.0,4917967.119745,4917967.112051,0.0,55292.71300899999,132085.90521984213,27646.356510999998,48693.41657733,300000.0,False,True
697,4,0,1,NORMAL,0.0024676449225660606,0.002408060330936848,0.0024676449225660606,1.0,3300000000.0,6700000000.0,8143228.244468,3695272.1912,41563.990724,11494636.572682,0.0,4926272.823499,4926272.815792,0.0,55371.358297000006,132825.64362043331,27685.679155000005,48776.333824422,300000.0,False,True
698,4,0,1,NORMAL,0.0024718446283284847,0.0024121754468975987,0.0024718446283284847,1.0,3300000000.0,6700000000.0,8157087.273484,3701804.249973,41681.314754,11514044.105466,0.0,4934590.337564,4934590.329841,0.0,55450.093682,133566.22946783557,27725.046848999995,48859.369466808,300000.0,False,True
699,4,0,1,NORMAL,0.00247605032715,0.002416296406913883,0.00247605032715,1.0,3300000000.0,6700000000.0,8170966.079595,3708345.839336,41798.838404,11533479.225844,0.0,4942919.674881,4942919.667143,0.0,55528.915375000004,134307.62712770244,27764.457695000005,48942.52364090399,300000.0,False,True
700,4,0,1,NORMAL,0.0024802620253572727,0.002420423221007005,0.0024802620253572727,1.0,3300000000.0,6700000000.0,8184864.683679,3714896.969778,41916.561958,11552941.96269,0.0,4951260.847826,4951260.840075,0.0,55607.81956899999,135049.80080625665,27803.909791,49025.796477569995,300000.0,False,True
701,4,0,1,NORMAL,0.0024844797289930304,0.0024245558989415875,0.0024844797289930304,1.0,3300000000.0,6700000000.0,8198783.105677,3721457.651395,42034.485702,11572432.343544,0.0,4959613.868201,4959613.860438,0.0,55686.802446,135792.71455707322,27843.401229000003,49109.188102074,300000.0,False,True
702,4,0,1,NORMAL,0.002488703443815152,0.0024286944502237527,0.002488703443815152,1.0,3300000000.0,6700000000.0,8212721.36459,3728027.893878,42152.609921,11591950.394599,0.0,4967978.747233,4967978.73946,0.0,55765.860164,136536.332287926,27882.930087,49192.698634062006,300000.0,False,True
703,4,0,1,NORMAL,0.0024929331752969698,0.0024328388840994444,0.0024929331752969698,1.0,3300000000.0,6700000000.0,8226679.47848,3734607.706513,42270.934901,11611496.140701,0.0,4976355.495575,4976355.487788,0.0,55844.98887400001,137280.6177676947,27922.494443999996,49276.328187540006,300000.0,False,True
704,4,0,1,NORMAL,0.0024971689286236365,0.002436989209552618,0.0024971689286236365,1.0,3300000000.0,6700000000.0,8240657.464458,3741197.098189,42389.460927,11631069.605347,0.0,4984744.123292,4984744.115491,0.0,55924.184712,138025.53463333027,27962.092363,49360.07687088,300000.0,False,True
705,4,0,1,NORMAL,0.0025014107086927273,0.0024411454353035927,0.0025014107086927273,1.0,3300000000.0,6700000000.0,8254655.338686,3747796.077385,42508.188286,11650670.810672,0.0,4993144.639872,4993144.632056,0.0,56003.44379499999,138771.04639687514,28001.721905,49443.944786748,300000.0,False,True
706,4,0,1,NORMAL,0.0025056585201139393,0.002445307569807486,0.0025056585201139393,1.0,3300000000.0,6700000000.0,8268673.116376,3754404.652171,42627.117263,11670299.777451,0.0,5001557.054216,5001557.046387,0.0,56082.762232999994,139517.11645253564,28041.381123,49527.932032116,300000.0,False,True
707,4,0,1,NORMAL,0.0025099123672060607,0.0024494756212525555,0.0025099123672060607,1.0,3300000000.0,6700000000.0,8282710.81178,3761022.830212,42746.248146,11689956.52509,0.0,5009981.374644,5009981.366802,0.0,56162.136121,140263.70808380438,28081.068067,49612.038698256,300000.0,False,True
708,4,0,1,NORMAL,0.0025141722539978786,0.0024536495975587057,0.0025141722539978786,1.0,3300000000.0,6700000000.0,8296768.438193,3767650.618762,42865.581221,11709641.071627,0.0,5018417.608888,5018417.601031,0.0,56241.561547000005,141010.78447062848,28120.780781000005,49696.26487068,300000.0,False,True
709,4,0,1,NORMAL,0.0025184381842281818,0.002457829506376091,0.0025184381842281818,1.0,3300000000.0,6700000000.0,8310846.007953,3774288.024663,42985.116774,11729353.433728,0.0,5026865.764086,5026865.756215,0.0,56321.03458399999,141758.3086966219,28160.517299,49780.61062915799,300000.0,False,True
710,4,0,1,NORMAL,0.0025227101613418184,0.0024620153550835577,0.0025227101613418184,1.0,3300000000.0,6700000000.0,8324943.532428,3780935.054348,43104.855093,11749093.62668,0.0,5035325.846793,5035325.838905,0.0,56400.551301,142506.243756318,28200.275659000003,49865.076047718,300000.0,False,True
711,4,0,1,NORMAL,0.002526988188492727,0.002466207150787375,0.002526988188492727,1.0,3300000000.0,6700000000.0,8339061.022026,3787591.713835,43224.796465,11768861.664391,0.0,5043797.862964,5043797.855064,0.0,56480.107752,143254.55256245998,28240.053882,49949.661194568005,300000.0,False,True
712,4,0,1,NORMAL,0.002531272268539697,0.002470404900319783,0.002531272268539697,1.0,3300000000.0,6700000000.0,8353198.486181,3794258.008728,43344.941177,11788657.559383,0.0,5052281.817973,5052281.810057,0.0,56559.69998599999,144003.19795332546,28279.850000999995,50034.366132156,300000.0,False,True
713,4,0,1,NORMAL,0.002535562404048788,0.002474608610237783,0.002535562404048788,1.0,3300000000.0,6700000000.0,8367355.933361,3800933.94422,43465.289517,11808481.322797,0.0,5060777.716589,5060777.70866,0.0,56639.324046999995,144752.1427000831,28319.66203,50119.19091708601,300000.0,False,True
714,4,0,1,NORMAL,0.002539858597291818,0.0024788182868219146,0.002539858597291818,1.0,3300000000.0,6700000000.0,8381533.371063,3807619.525085,43585.841772,11828332.964382,0.0,5069285.562999,5069285.55505,0.0,56718.97597,145501.34951417698,28359.487994999992,50204.135600165995,300000.0,False,True
715,4,0,1,NORMAL,0.0025441608502466666,0.0024830339360751245,0.0025441608502466666,1.0,3300000000.0,6700000000.0,8395730.805814,3814314.75568,43706.59823,11848212.492503,0.0,5077805.360778,5077805.352813,0.0,56798.651783999994,146250.78105473687,28399.3259,50289.200226377994,300000.0,False,True
716,4,0,1,NORMAL,0.0025484691645945457,0.002487255563721539,0.0025484691645945457,1.0,3300000000.0,6700000000.0,8409948.243162,3821019.639949,43827.559179,11868119.914129,0.0,5086337.112919,5086337.104936,0.0,56878.347516,147000.3999360104,28439.173767,50374.384834884,300000.0,False,True
717,4,0,1,NORMAL,0.0025527835417230305,0.002491483175205506,0.0025527835417230305,1.0,3300000000.0,6700000000.0,8424185.687686,3827734.181416,43948.724906,11888055.23484,0.0,5094880.821807,5094880.813811,0.0,56958.05918500001,147750.1687348139,28479.029598999998,50459.689458972,300000.0,False,True
718,4,0,1,NORMAL,0.0025571039827230304,0.0024957167756905077,0.0025571039827230304,1.0,3300000000.0,6700000000.0,8438443.142986,3834458.383191,44070.095699,11908018.458821,0.0,5103436.48924,5103436.481229,0.0,57037.78281300001,148500.0499980001,28518.89141400001,50545.114126116,300000.0,False,True
719,4,0,1,NORMAL,0.0025614304883906057,0.0024999563700582564,0.0025614304883906057,1.0,3300000000.0,6700000000.0,8452720.611689,3841192.247961,44191.671846,11928009.588863,0.0,5112004.116407,5112004.108389,0.0,57117.514411,149250.00624993752,28558.757209,50630.658857916,300000.0,False,True
720,4,0,1,NORMAL,0.002565763059226364,0.002504201962907812,0.002565763059226364,1.0,3300000000.0,6700000000.0,8467018.095447,3847935.777997,44313.453635,11948028.626363,0.0,5120583.703907,5120583.695889,0.0,57197.25,150000.0,28598.625,50716.323670134,300000.0,False,True
721,4,0,1,NORMAL,0.0025701016954306063,0.002508453558554444,0.0025701016954306063,1.0,3300000000.0,6700000000.0,8481335.594921,3854688.975156,44435.441354,11968075.571313,0.0,5129175.251757,5129175.243722,0.0,57276.985583,150749.9937500625,28638.492800000004,50802.108572682,300000.0,False,True
722,4,0,1,NORMAL,0.00257444639691303,0.0025127111610291917,0.00257444639691303,1.0,3300000000.0,6700000000.0,8495673.109813,3861451.840873,44557.63529,11988150.422326,0.0,5137778.759338,5137778.751298,0.0,57356.717182999986,151499.9500019999,28678.358593999994,50888.013569526,300000.0,False,True
723,4,0,1,NORMAL,0.0025787971632839396,0.0025169747740778855,0.0025787971632839396,1.0,3300000000.0,6700000000.0,8510030.638837,3868224.376165,44680.035732,12008253.176607,0.0,5146394.225467,5146394.217415,0.0,57436.440808,152249.8312651861,28718.220409999994,50974.038658877995,300000.0,False,True
724,4,0,1,NORMAL,0.00258315399386,0.0025212444011606023,0.00258315399386,1.0,3300000000.0,6700000000.0,8524408.179738,3875006.58163,44802.642967,12028383.829972,0.0,5155021.648344,5155021.640285,0.0,57516.152476999996,152999.60006398964,28758.076242,51060.183833022005,300000.0,False,True
725,4,0,1,NORMAL,0.0025875168876606063,0.002525520045450925,0.0025875168876606063,1.0,3300000000.0,6700000000.0,8538805.72928,3881798.457449,44925.457283,12048542.376842,0.0,5163661.025586,5163661.017512,0.0,57595.848209,153749.2189452631,28797.924112000004,51146.449078428,300000.0,False,True
726,4,0,1,NORMAL,0.0025918858434115155,0.0025298017098354794,0.0025918858434115155,1.0,3300000000.0,6700000000.0,8553223.283258,3888600.003384,45048.478968,12068728.810247,0.0,5172312.354199,5172312.346112,0.0,57675.524023,154498.65048582302,28837.762018,51232.83437568,300000.0,False,True
727,4,0,1,NORMAL,0.0025962608595430305,0.002534089396913386,0.0025962608595430305,1.0,3300000000.0,6700000000.0,8567660.836492,3895411.218779,45171.708309,12088943.121826,0.0,5180975.630599,5180975.622501,0.0,57755.175947,155247.8572999169,28877.587979,51319.339699548,300000.0,False,True
728,4,0,1,NORMAL,0.002600641934189091,0.0025383831089956896,0.002600641934189091,1.0,3300000000.0,6700000000.0,8582118.382824,3902232.102565,45295.145595,12109185.301827,0.0,5189650.850607,5189650.842499,0.0,57834.800008000006,155996.80204667454,28917.400009,51405.965018952,300000.0,False,True
729,4,0,1,NORMAL,0.0026050290651890907,0.0025426828481049414,0.0026050290651890907,1.0,3300000000.0,6700000000.0,8596595.915124,3909062.653254,45418.791112,12129455.339108,0.0,5198338.009453,5198338.001332,0.0,57914.392240999994,156745.44743754005,28957.196127,51492.710296944,300000.0,False,True
730,4,0,1,NORMAL,0.0026094222500903028,0.0025469886159749646,0.0026094222500903028,1.0,3300000000.0,6700000000.0,8611093.425298,3915902.86894,45542.645148,12149753.221147,0.0,5207037.101766,5207037.093633,0.0,57993.948692,157493.756243682,28996.974352,51579.575490744,300000.0,False,True
731,4,0,1,NORMAL,0.0026138214861463637,0.002551300414050539,0.0026138214861463637,1.0,3300000000.0,6700000000.0,8625610.904283,3922752.747304,45666.70799,12170078.934036,0.0,5215748.121588,5215748.113442,0.0,58073.465409000004,158241.69130337812,29036.732711000004,51666.560551788,300000.0,False,True
732,4,0,1,NORMAL,0.00261822677031697,0.002555618243487083,0.00261822677031697,1.0,3300000000.0,6700000000.0,8640148.342046,3929612.285613,45790.979925,12190432.462489,0.0,5224471.062365,5224471.054205,0.0,58152.93844599999,158989.21552937152,29076.46923,51753.665425698004,300000.0,False,True
733,4,0,1,NORMAL,0.002622638099269697,0.0025599421051504777,0.002622638099269697,1.0,3300000000.0,6700000000.0,8654705.72759,3936481.480721,45915.46124,12210813.789841,0.0,5233205.916956,5233205.908782,0.0,58232.363871999994,159736.29191619562,29116.181942999996,51840.890052276,300000.0,False,True
734,4,0,1,NORMAL,0.0026270554693821214,0.0025642719996170353,0.0026270554693821214,1.0,3300000000.0,6700000000.0,8669283.048961,3943360.329063,46040.152222,12231222.898054,0.0,5241952.677628,5241952.669444,0.0,58311.73776,160482.88354746436,29155.868885000004,51928.23436554,300000.0,False,True
735,4,0,1,NORMAL,0.002631478876739394,0.002568607927173317,0.002631478876739394,1.0,3300000000.0,6700000000.0,8683880.29324,3950248.826671,46165.053157,12251659.767721,0.0,5250711.336066,5250711.32787,0.0,58391.056198000006,161228.95360312486,29195.528104999998,52015.69829376601,300000.0,False,True
736,4,0,1,NORMAL,0.0026359083171372723,0.0025729498878161528,0.0026359083171372723,1.0,3300000000.0,6700000000.0,8698497.446553,3957146.96916,46290.164332,12272124.378066,0.0,5259481.883367,5259481.87516,0.0,58470.315280999996,161974.4653666697,29235.157646,52103.28175944,300000.0,False,True
737,4,0,1,NORMAL,0.00264034378608303,0.002577297881252726,0.00264034378608303,1.0,3300000000.0,6700000000.0,8713134.494074,3964054.751737,46415.486032,12292616.706954,0.0,5268264.310045,5268264.301825,0.0,58549.51111900001,162719.38223230527,29274.755566000003,52190.984679318,300000.0,False,True
738,4,0,1,NORMAL,0.0026447852787945454,0.0025816519069005854,0.0026447852787945454,1.0,3300000000.0,6700000000.0,8727791.420022,3970972.169204,46541.018544,12313136.730891,0.0,5277058.60603,5277058.597795,0.0,58628.639829,163463.667712074,29314.319921999995,52278.806964444004,300000.0,False,True
739,4,0,1,NORMAL,0.0026492327902036365,0.0025860119638878793,0.0026492327902036365,1.0,3300000000.0,6700000000.0,8742468.207672,3977899.215951,46666.762154,12333684.42503,0.0,5285864.760669,5285864.752425,0.0,58707.697546999996,164207.2854429268,29353.848777999992,52366.748520132,300000.0,False,True
740,4,0,1,NORMAL,0.0026536863149557574,0.002590378051053549,0.0026536863149557574,1.0,3300000000.0,6700000000.0,8757164.839354,3984835.885964,46792.717146,12354259.763175,0.0,5294682.762742,5294682.754486,0.0,58786.680424000006,164950.19919374338,29393.340217999998,52454.809246032004,300000.0,False,True
741,4,0,1,NORMAL,0.002658145847410606,0.0025947501669475524,0.002658145847410606,1.0,3300000000.0,6700000000.0,8771881.296455,3991782.172827,46918.883806,12374862.717788,0.0,5303512.600444,5303512.592176,0.0,58865.58461799999,165692.3728722976,29432.792315,52542.989036123996,300000.0,False,True
742,4,0,1,NORMAL,0.0026626113816445455,0.0025991283098312297,0.0026626113816445455,1.0,3300000000.0,6700000000.0,8786617.559427,3998738.06972,47045.262419,12395493.259993,0.0,5312354.261401,5312354.25312,0.0,58944.406311,166433.77053216443,29472.203162,52631.28777873,300000.0,False,True
743,4,0,1,NORMAL,0.002667082911450909,0.0026035124776776605,0.002667082911450909,1.0,3300000000.0,6700000000.0,8801373.607788,4005703.569422,47171.85327,12416151.359583,0.0,5321207.732665,5321207.724372,0.0,59023.14169599999,167174.35637956666,29511.570853999998,52719.70535656201,300000.0,False,True
744,4,0,1,NORMAL,0.002671560430342121,0.002607902668172142,0.002671560430342121,1.0,3300000000.0,6700000000.0,8816149.420129,4012678.664311,47298.656642,12436836.985023,0.0,5330073.000725,5330072.992416,0.0,59101.786984000006,167914.0947801579,29550.8935,52808.241646728005,300000.0,False,True
745,4,0,1,NORMAL,0.002676043931550303,0.0026122988787126685,0.002676043931550303,1.0,3300000000.0,6700000000.0,8830944.974116,4019663.34637,47425.67282,12457550.103462,0.0,5338950.051494,5338950.043173,0.0,59180.338403999995,168652.95026573943,29590.169207999996,52896.896520774,300000.0,False,True
746,4,0,1,NORMAL,0.002680533408027576,0.0026167011064104047,0.002680533408027576,1.0,3300000000.0,6700000000.0,8845760.246491,4026657.607187,47552.902087,12478290.68073,0.0,5347838.870336,5347838.862,0.0,59258.792205000005,169390.88754090876,29629.39611,52985.669844696,300000.0,False,True
747,4,0,1,NORMAL,0.00268502885245,0.0026211093480903785,0.00268502885245,1.0,3300000000.0,6700000000.0,8860595.213085,4033661.437954,47680.344727,12499058.681355,0.0,5356739.442043,5356739.433696,0.0,59337.14465299999,170127.87148963628,29668.572331999996,53074.561478946,300000.0,False,True
748,4,0,1,NORMAL,0.0026895302572175757,0.002625523600292133,0.0026895302572175757,1.0,3300000000.0,6700000000.0,8875449.848818,4040674.829472,47808.001022,12519854.068565,0.0,5365651.750857,5365651.742498,0.0,59415.392036000005,170863.86718176873,29707.696023999997,53163.57127851,300000.0,False,True
749,4,0,1,NORMAL,0.0026940376144551515,0.0026299438592703923,0.0026940376144551515,1.0,3300000000.0,6700000000.0,8890324.127702,4047697.772152,47935.871255,12540676.804292,0.0,5374575.780465,5374575.772094,0.0,59493.530657999996,171598.8398794556,29746.765335,53252.699092908006,300000.0,False,True
750,4,0,1,NORMAL,0.0026985509160142424,0.0026343701209958024,0.0026985509160142424,1.0,3300000000.0,6700000000.0,8905218.022847,4054730.256021,48063.955708,12561526.849185,0.0,5383511.514004,5383511.505617,0.0,59571.556848,172332.75504349772,29785.778432,53341.944766212,300000.0,False,True
751,4,0,1,NORMAL,0.0027030701534772727,0.0026388023811558976,0.0027030701534772727,1.0,3300000000.0,6700000000.0,8920131.506475,4061772.270713,48192.254663,12582404.162616,0.0,5392458.934059,5392458.925657,0.0,59649.466957000004,173065.5783396139,29824.733486000005,53431.30813708201,300000.0,False,True
752,4,0,1,NORMAL,0.0027075953181551517,0.0026432406351558496,0.0027075953181551517,1.0,3300000000.0,6700000000.0,8935064.549912,4068823.805488,48320.768401,12603308.702688,0.0,5401418.022671,5401418.014258,0.0,59727.257357,173797.27564462484,29863.628684000003,53520.78903885,300000.0,False,True
753,4,0,1,NORMAL,0.002712126401090909,0.002647684878119402,0.002712126401090909,1.0,3300000000.0,6700000000.0,8950017.1236,4075884.849221,48449.497203,12624240.42624,0.0,5410388.761346,5410388.752921,0.0,59804.92444200001,174527.8130525509,29902.462227000004,53610.387299472,300000.0,False,True
754,4,0,1,NORMAL,0.002716663393061515,0.0026521351048898606,0.002716663393061515,1.0,3300000000.0,6700000000.0,8964989.197103,4082955.390408,48578.441349,12645199.288856,0.0,5419371.131053,5419371.122612,0.0,59882.46463,175257.15688062223,29941.232322999997,53700.10274160001,300000.0,False,True
755,4,0,1,NORMAL,0.002721206284580909,0.002656591310031219,0.002721206284580909,1.0,3300000000.0,6700000000.0,8979980.739117,4090035.417172,48707.60112,12666185.244883,0.0,5428365.112216,5428365.103764,0.0,59959.874369000005,175985.27367519902,29979.937190000004,53789.935182618,300000.0,False,True
756,4,0,1,NORMAL,0.002725755065899394,0.002661053487829166,0.002725755065899394,1.0,3300000000.0,6700000000.0,8994991.717468,4097124.917257,48836.976795,12687198.247422,0.0,5437370.684742,5437370.676279,0.0,60037.15011899999,176712.13021759954,30018.575064999997,53879.884434702006,300000.0,False,True
757,4,0,1,NORMAL,0.0027303097270060606,0.0026655216322921914,0.0027303097270060606,1.0,3300000000.0,6700000000.0,9010022.09912,4104223.878043,48966.568653,12708238.248352,0.0,5446387.828011,5446387.819534,0.0,60114.28838400001,177437.693529834,30057.144199000002,53969.95030480799,300000.0,False,True
758,4,0,1,NORMAL,0.002734870257632424,0.0026699957371528514,0.002734870257632424,1.0,3300000000.0,6700000000.0,9025071.850187,4111332.286539,49096.376973,12729305.198335,0.0,5455416.520873,5455416.512382,0.0,60191.285676,178161.9308802428,30095.642844999995,54060.13259472,300000.0,False,True
759,4,0,1,NORMAL,0.002739436647252424,0.002674475795868953,0.002739436647252424,1.0,3300000000.0,6700000000.0,9040140.935933,4118450.129393,49226.402033,12750399.046825,0.0,5464456.741664,5464456.733161,0.0,60268.138549999996,178884.80978903634,30134.069281,54150.431101122,300000.0,False,True
760,4,0,1,NORMAL,0.0027440088850857578,0.002678961801624876,0.0027440088850857578,1.0,3300000000.0,6700000000.0,9055229.320783,4125577.392885,49356.64411,12771519.742072,0.0,5473508.468211,5473508.459693,0.0,60344.843573,179606.2980337356,30172.421794,54240.845615597995,300000.0,False,True
761,4,0,1,NORMAL,0.0027485869601009093,0.0026834537473330073,0.0027485869601009093,1.0,3300000000.0,6700000000.0,9070336.968333,4132714.062936,49487.103482,12792667.231144,0.0,5482571.677815,5482571.669295,0.0,60421.39735,180326.36365451093,30210.698676,54331.375924698004,300000.0,False,True
762,4,0,1,NORMAL,0.002753170861011515,0.0026879516256348465,0.002753170861011515,1.0,3300000000.0,6700000000.0,9085463.841338,4139860.125116,49617.780425,12813841.459919,0.0,5491646.347302,5491646.338767,0.0,60497.79650899999,181044.9749594179,30248.898262,54422.021809998005,300000.0,False,True
763,4,0,1,NORMAL,0.0027577605762875755,0.0026924554289027647,0.0027577605762875755,1.0,3300000000.0,6700000000.0,9100609.901749,4147015.564633,49748.675215,12835042.373115,0.0,5500732.45297,5500732.444421,0.0,60574.037714,181762.10052952816,30287.018863999998,54512.783048027995,300000.0,False,True
764,4,0,1,NORMAL,0.002762356094150909,0.0026969651492413545,0.002762356094150909,1.0,3300000000.0,6700000000.0,9115775.110698,4154180.366353,49879.788127,12856269.914291,0.0,5509829.970624,5509829.962067,0.0,60650.11765199999,182477.7092239543,30325.058829999998,54603.659410494,300000.0,False,True
765,4,0,1,NORMAL,0.0027669574025790907,0.0027014807784889504,0.0027669574025790907,1.0,3300000000.0,6700000000.0,9130959.428511,4161354.51479,50011.119436,12877524.025854,0.0,5518938.875587,5518938.867022,0.0,60726.033044,183191.77018476662,30363.016526000003,54694.650664188,300000.0,False,True
766,4,0,1,NORMAL,0.002771564489308182,0.0027060023082192235,0.002771564489308182,1.0,3300000000.0,6700000000.0,9146162.814717,4168537.994112,50142.669417,12898804.649073,0.0,5528059.142695,5528059.134114,0.0,60801.78063800001,183904.25284180066,30400.890327,54785.756571066,300000.0,False,True
767,4,0,1,NORMAL,0.002776177341835455,0.002710529729742852,0.002776177341835455,1.0,3300000000.0,6700000000.0,9161385.228057,4175730.788151,50274.438343,12920111.724095,0.0,5537190.746286,5537190.737693,0.0,60877.35721399999,184615.12691735465,30438.678612999993,54876.976888302,300000.0,False,True
768,4,0,1,NORMAL,0.002780795947420303,0.0027150630341091393,0.002780795947420303,1.0,3300000000.0,6700000000.0,9176626.626487,4182932.880399,50406.426487,12941445.189948,0.0,5546333.660234,5546333.651628,0.0,60952.75958900001,185324.3624307747,30476.379801000003,54968.31136834201,300000.0,False,True
769,4,0,1,NORMAL,0.0027854202930884847,0.002719602212107807,0.0027854202930884847,1.0,3300000000.0,6700000000.0,9191886.967192,4190144.25401,50538.634122,12962804.984556,0.0,5555487.857935,5555487.849314,0.0,61027.984603,186031.92970292704,30513.992308999997,55059.759758922,300000.0,False,True
770,4,0,1,NORMAL,0.002790050365631818,0.0027241472542706463,0.002790050365631818,1.0,3300000000.0,6700000000.0,9207166.206585,4197364.89181,50671.06152,12984191.044748,0.0,5564653.312318,5564653.303681,0.0,61103.029134,186737.79936055638,30551.514575,55151.321803152,300000.0,False,True
771,4,0,1,NORMAL,0.0027946861516145454,0.0027286981508734785,0.0027946861516145454,1.0,3300000000.0,6700000000.0,9222464.300328,4204594.776298,50803.708951,13005603.306278,0.0,5573829.995842,5573829.987192,0.0,61177.890094999995,187441.9423405288,30588.945054,55242.99723951,300000.0,False,True
772,4,0,1,NORMAL,0.002799327637370909,0.002733254891937829,0.002799327637370909,1.0,3300000000.0,6700000000.0,9237781.203324,4211833.889648,50936.576686,13027041.703823,0.0,5583017.880519,5583017.871854,0.0,61252.564429,188144.32989395867,30626.282222,55334.785801968,300000.0,False,True
773,4,0,1,NORMAL,0.002803974809012424,0.0027378174672329646,0.002803974809012424,1.0,3300000000.0,6700000000.0,9253116.869741,4219082.213714,51069.664996,13048506.171009,0.0,5592216.937892,5592216.929219,0.0,61327.04911000001,188844.93359021848,30663.524559000005,55426.687219944,300000.0,False,True
774,4,0,1,NORMAL,0.0028086276524272725,0.002742385866277759,0.0028086276524272725,1.0,3300000000.0,6700000000.0,9268471.25301,4226339.730028,51202.974149,13069996.640409,0.0,5601427.139077,5601427.130389,0.0,61401.34115500001,189543.72532083048,30700.670585,55518.701218446,300000.0,False,True
775,4,0,1,NORMAL,0.0028132861532842424,0.0027469600783426936,0.0028132861532842424,1.0,3300000000.0,6700000000.0,9283844.305838,4233606.419815,51336.504414,13091513.043569,0.0,5610648.454724,5610648.446028,0.0,61475.43760600001,190240.6773032402,30737.718807000005,55610.827518059996,300000.0,False,True
776,4,0,1,NORMAL,0.0028179502970333333,0.002751540092451767,0.0028179502970333333,1.0,3300000000.0,6700000000.0,9299235.98021,4240882.263984,51470.256058,13113055.311003,0.0,5619880.85507,5619880.846356,0.0,61549.335542,190935.76208446993,30774.66778,55703.065835028,300000.0,False,True
777,4,0,1,NORMAL,0.0028226200689133334,0.0027561258973847714,0.0028226200689133334,1.0,3300000000.0,6700000000.0,9314646.227414,4248167.243142,51604.229349,13134623.37223,0.0,5629124.309894,5629124.301165,0.0,61623.03208700001,191628.95254465257,30811.516051,55795.41588126001,300000.0,False,True
778,4,0,1,NORMAL,0.0028272954539484848,0.0027607174816792045,0.0028272954539484848,1.0,3300000000.0,6700000000.0,9330074.99803,4255461.337592,51738.424554,13156217.155764,0.0,5638378.788561,5638378.779819,0.0,61696.524389000006,192320.22190044512,30848.262200999998,55887.877364484004,300000.0,False,True
779,4,0,1,NORMAL,0.0028319764369536364,0.0027653148336323936,0.0028319764369536364,1.0,3300000000.0,6700000000.0,9345522.241947,4262764.527336,51872.841937,13177836.589133,0.0,5647644.260017,5647644.251261,0.0,61769.809636,193009.54370832053,30884.904824999998,55980.44998818,300000.0,False,True
780,4,0,1,NORMAL,0.0028366630025393937,0.0027699179413038133,0.0028366630025393937,1.0,3300000000.0,6700000000.0,9360987.90838,4270076.792082,52007.481764,13199481.5989,0.0,5656920.692785,5656920.684016,0.0,61842.88505699999,193696.89186773862,30921.44253499999,56073.133451682006,300000.0,False,True
781,4,0,1,NORMAL,0.002841355135109394,0.0027745267925170765,0.002841355135109394,1.0,3300000000.0,6700000000.0,9376471.945861,4277398.111248,52142.344299,13221152.110664,0.0,5666208.054982,5666208.046201,0.0,61915.74791,194382.24062419508,30957.873961,56165.92745028,300000.0,False,True
782,4,0,1,NORMAL,0.002846052818869091,0.002779141374862368,0.002846052818869091,1.0,3300000000.0,6700000000.0,9391974.302268,4284728.463963,52277.429806,13242848.049085,0.0,5675506.314314,5675506.305522,0.0,61988.395495,195065.5645721481,30994.197752999997,56258.831675166,300000.0,False,True
783,4,0,1,NORMAL,0.0028507560378242427,0.0027837616756986178,0.0028507560378242427,1.0,3300000000.0,6700000000.0,9407494.92482,4292067.829071,52412.738547,13264569.337884,0.0,5684815.438095,5684815.429292,0.0,62060.825149000004,195746.83865782333,31030.412580000004,56351.845813608,300000.0,False,True
784,4,0,1,NORMAL,0.0028554647757860607,0.0027883876821558724,0.0028554647757860607,1.0,3300000000.0,6700000000.0,9423033.760094,4299416.185138,52548.270785,13286315.899869,0.0,5694135.39324,5694135.384426,0.0,62133.034249000004,196426.03818189577,31066.517130000004,56444.96954892,300000.0,False,True
785,4,0,1,NORMAL,0.002860179016371515,0.002793019381137527,0.002860179016371515,1.0,3300000000.0,6700000000.0,9438590.754026,4306773.510453,52684.02678,13308087.656936,0.0,5703466.146279,5703466.137452,0.0,62205.020199,197103.13880204962,31102.510106,56538.202560564,300000.0,False,True
786,4,0,1,NORMAL,0.0028648987430090907,0.002797656759322789,0.0028648987430090907,1.0,3300000000.0,6700000000.0,9454165.85193,4314139.783034,52820.006793,13329884.530093,0.0,5712807.663356,5712807.654517,0.0,62276.78045599999,197778.11653541564,31138.390234,56631.544524156,300000.0,False,True
787,4,0,1,NORMAL,0.002869623938939394,0.0028022998031690216,0.002869623938939394,1.0,3300000000.0,6700000000.0,9469758.9985,4321514.98063,52956.211083,13351706.439467,0.0,5722159.910242,5722159.901391,0.0,62348.312507999995,198450.94776088573,31174.15626,56724.99511158,300000.0,False,True
788,4,0,1,NORMAL,0.002874354587219091,0.0028069484989141874,0.002874354587219091,1.0,3300000000.0,6700000000.0,9485370.137823,4328899.080728,53092.63991,13373553.304322,0.0,5731522.852334,5731522.84347,0.0,62419.613881,199121.60922130581,31209.806947,56818.55399100001,300000.0,False,True
789,4,0,1,NORMAL,0.002879090670724849,0.0028116028325793916,0.002879090670724849,1.0,3300000000.0,6700000000.0,9500999.213392,4336292.060551,53229.293531,13395425.043068,0.0,5740896.454666,5740896.445788,0.0,62490.682142000005,199790.07802554607,31245.341078000005,56912.220826938006,300000.0,False,True
790,4,0,1,NORMAL,0.0028838321721530303,0.0028162627899712394,0.0028838321721530303,1.0,3300000000.0,6700000000.0,9516646.168105,4343693.897072,53366.172203,13417321.573277,0.0,5750280.681913,5750280.673019,0.0,62561.514896,200456.33165044984,31280.757456000003,57005.99528035201,300000.0,False,True
791,4,0,1,NORMAL,0.002888579074025151,0.002820928356684395,0.002888579074025151,1.0,3300000000.0,6700000000.0,9532310.944283,4351104.567011,53503.276183,13439242.8117,0.0,5759675.498389,5759675.489485,0.0,62632.109788,201120.34794266056,31316.054899000002,57099.87700863001,300000.0,False,True
792,4,0,1,NORMAL,0.0028933313586912124,0.0028255995181041896,0.0028933313586912124,1.0,3300000000.0,6700000000.0,9547993.483681,4358524.046835,53640.605726,13461188.674272,0.0,5769080.868076,5769080.859156,0.0,62702.464501999995,201782.1051203281,31351.232258999997,57193.865665697995,300000.0,False,True
793,4,0,1,NORMAL,0.0028980890083309093,0.002830276259409139,0.0028980890083309093,1.0,3300000000.0,6700000000.0,9563693.727492,4365952.312771,53778.161087,13483159.076135,0.0,5778496.754603,5778496.745665,0.0,62772.57676200001,202441.58177469406,31386.288390000005,57287.96090208601,300000.0,False,True
794,4,0,1,NORMAL,0.0029028520049569698,0.0028349585655735154,0.0029028520049569698,1.0,3300000000.0,6700000000.0,9579411.616358,4373389.340808,53915.94252,13505153.931648,0.0,5787923.121265,5787923.112311,0.0,62842.444334,203098.7568715569,31421.222175000003,57382.162364952004,300000.0,False,True
795,4,0,1,NORMAL,0.002907620330419394,0.002839646421370024,0.002907620330419394,1.0,3300000000.0,6700000000.0,9595147.090384,4380835.106697,54053.950277,13527173.154401,0.0,5797359.931027,5797359.92206,0.0,62912.065017,203753.6097526179,31456.032515000003,57476.46969814801,300000.0,False,True
796,4,0,1,NORMAL,0.0029123939664057576,0.0028443398113723295,0.0029123939664057576,1.0,3300000000.0,6700000000.0,9610900.089139,4388289.585962,54192.184611,13549216.657228,0.0,5806807.146537,5806807.137555,0.0,62981.436659000006,204406.12013670767,31490.718337000006,57570.882542304,300000.0,False,True
797,4,0,1,NORMAL,0.0029171728944478786,0.0028490387199578493,0.0029171728944478786,1.0,3300000000.0,6700000000.0,9626670.551678,4395752.753894,54330.645773,13571284.352224,0.0,5816264.73012,5816264.721121,0.0,63050.557141,205056.26812089467,31525.278578999998,57665.400534834,300000.0,False,True
798,4,0,1,NORMAL,0.0029219570959215153,0.0028537431313103443,0.0029219570959215153,1.0,3300000000.0,6700000000.0,9642458.416541,4403224.585568,54469.334013,13593376.150757,0.0,5825732.643789,5825732.634776,0.0,63119.42439000001,205704.03418147616,31559.712202000002,57760.023310068,300000.0,False,True
799,4,0,1,NORMAL,0.002926746552051515,0.002858453029422678,0.002926746552051515,1.0,3300000000.0,6700000000.0,9658263.62177,4410705.055836,54608.24958,13615491.963483,0.0,5835210.849256,5835210.840228,0.0,63188.036371,206349.39917485212,31594.018193000004,57854.75049924601,300000.0,False,True
800,4,0,1,NORMAL,0.0029315412439136364,0.002863168398099514,0.0029315412439136364,1.0,3300000000.0,6700000000.0,9674086.104915,4418194.139335,54747.392723,13637631.700359,0.0,5844699.307929,5844699.298888,0.0,63256.39108500001,206992.34433828373,31628.195549000007,57949.581730620004,300000.0,False,True
801,4,0,1,NORMAL,0.0029363411524381817,0.0028678892209600734,0.0029363411524381817,1.0,3300000000.0,6700000000.0,9689925.803046,4425691.810494,54886.76369,13659795.270659,0.0,5854197.980927,5854197.971872,0.0,63324.486582000005,207632.85129053646,31662.243298,58044.516629490005,300000.0,False,True
802,4,0,1,NORMAL,0.0029411462584118184,0.002872615481440831,0.0029411462584118184,1.0,3300000000.0,6700000000.0,9705782.652759,4433198.04354,55026.362727,13681982.582987,0.0,5863706.829077,5863706.820011,0.0,63392.32094500001,208270.90203240915,31696.160477999998,58139.554818275996,300000.0,False,True
803,4,0,1,NORMAL,0.0029459565424836366,0.0028773471627984316,0.0029459565424836366,1.0,3300000000.0,6700000000.0,9721656.590196,4440712.812489,55166.190081,13704193.545292,0.0,5873225.81293,5873225.803855,0.0,63459.892306999995,208906.47894715026,31729.946158,58234.695916554,300000.0,False,True
804,4,0,1,NORMAL,0.0029507719851627275,0.0028820842481122573,0.0029507719851627275,1.0,3300000000.0,6700000000.0,9737547.551037,4448236.091168,55306.245995,13726428.064879,0.0,5882754.892763,5882754.883676,0.0,63527.19882799999,209539.56480076164,31763.59942,58329.939541176005,300000.0,False,True
805,4,0,1,NORMAL,0.0029555925668272726,0.00288682672028742,0.0029555925668272726,1.0,3300000000.0,6700000000.0,9753455.47053,4455767.853206,55446.530714,13748686.048429,0.0,5892294.028581,5892294.019482,0.0,63594.23872400001,210170.14274219185,31797.119368,58425.285306222,300000.0,False,True
806,4,0,1,NORMAL,0.0029604182677242423,0.0028915745620575377,0.0029604182677242423,1.0,3300000000.0,6700000000.0,9769380.28349,4463308.072044,55587.044481,13770967.402008,0.0,5901843.180127,5901843.171015,0.0,63661.010237,210798.19630341945,31830.505125,58520.73282318,300000.0,False,True
807,4,0,1,NORMAL,0.002965249067972121,0.002896327755987511,0.002965249067972121,1.0,3300000000.0,6700000000.0,9785321.924308,4470856.720942,55727.787538,13793272.031087,0.0,5911402.306884,5911402.297762,0.0,63727.511662000004,211423.70939942732,31863.755835999997,58616.28170094,300000.0,False,True
808,4,0,1,NORMAL,0.002970084947565757,0.0029010862844764305,0.002970084947565757,1.0,3300000000.0,6700000000.0,9801280.326967,4478413.772973,55868.760126,13815599.840548,0.0,5920971.368093,5920971.358957,0.0,63793.741326,212046.66632807028,31896.870670000004,58711.931545848005,300000.0,False,True
809,4,0,1,NORMAL,0.002974925886377273,0.002905850129760356,0.002974925886377273,1.0,3300000000.0,6700000000.0,9817255.425045,4485979.20104,56009.962485,13837950.734706,0.0,5930550.322744,5930550.313594,0.0,63859.69760400001,212667.05176983596,31929.848808999996,58807.681961801994,300000.0,False,True
810,4,0,1,NORMAL,0.0029797718641624243,0.002910619273915328,0.0029797718641624243,1.0,3300000000.0,6700000000.0,9833247.151736,4493552.977868,56151.394854,13860324.617321,0.0,5940139.129588,5940139.120428,0.0,63925.37890799999,213284.85078750117,31962.689458999997,58903.53255027001,300000.0,False,True
811,4,0,1,NORMAL,0.002984622860558182,0.0029153936988600285,0.002984622860558182,1.0,3300000000.0,6700000000.0,9849255.439842,4501135.076022,56293.057472,13882721.391609,0.0,5949737.747148,5949737.73798,0.0,63990.783688,213900.0488256845,31995.391848,58999.482910416,300000.0,False,True
812,4,0,1,NORMAL,0.0029894788550915152,0.002920173386358834,0.0029894788550915152,1.0,3300000000.0,6700000000.0,9865280.221802,4508725.467897,56434.950575,13905140.960258,0.0,5959346.133725,5959346.124541,0.0,64055.91043600001,214512.63171029693,32027.955226000002,59095.532639052006,300000.0,False,True
813,4,0,1,NORMAL,0.0029943398271787876,0.002924958318024638,0.0029943398271787876,1.0,3300000000.0,6700000000.0,9881321.42969,4516324.125731,56577.0744,13927583.225446,0.0,5968964.247388,5968964.238191,0.0,64120.757689000005,215122.58564789177,32060.378851000005,59191.681330812,300000.0,False,True
814,4,0,1,NORMAL,0.0029992057561303033,0.002929748475321778,0.0029992057561303033,1.0,3300000000.0,6700000000.0,9897378.99523,4523931.021606,56719.429183,13950048.08885,0.0,5978592.045998,5978592.036792,0.0,64185.32401899999,215729.89722491516,32092.662013999998,59287.928578139996,300000.0,False,True
815,4,0,1,NORMAL,0.0030040766211527274,0.002934543839568936,0.0030040766211527274,1.0,3300000000.0,6700000000.0,9913452.849804,4531546.127455,56862.015157,13972535.451663,0.0,5988229.487212,5988229.477995,0.0,64249.60804299999,216334.55340685893,32124.804027000002,59384.273971380004,300000.0,False,True
816,4,0,1,NORMAL,0.003008952401350909,0.0029393443919419667,0.003008952401350909,1.0,3300000000.0,6700000000.0,9929542.924458,4539169.415063,57004.832556,13995045.214604,0.0,5997876.52848,5997876.519256,0.0,64313.608411,216936.54153731695,32156.804209,59480.717098824,300000.0,False,True
817,4,0,1,NORMAL,0.0030138330757324247,0.002944150113476835,0.0030138330757324247,1.0,3300000000.0,6700000000.0,9945649.149917,4546800.856072,57147.881612,14017577.277935,0.0,6007533.127067,6007533.117825,0.0,64377.323818000004,217535.84933694694,32188.661918000005,59577.257546748006,300000.0,False,True
818,4,0,1,NORMAL,0.003018718623212727,0.0029489609850726992,0.003018718623212727,1.0,3300000000.0,6700000000.0,9961771.456602,4554440.421986,57291.162557,14040131.541482,0.0,6017199.240029,6017199.230772,0.0,64440.753003000005,218132.46490233886,32220.376509000005,59673.894899502004,300000.0,False,True
819,4,0,1,NORMAL,0.00302360902261303,0.0029537769874946563,0.00302360902261303,1.0,3300000000.0,6700000000.0,9977909.774623,4562088.084177,57434.67562,14062707.904638,0.0,6026874.824248,6026874.814979,0.0,64503.894737999995,218726.37670479194,32251.947375,59770.628739612,300000.0,False,True
820,4,0,1,NORMAL,0.0030285042526657572,0.002958598101376663,0.0030285042526657572,1.0,3300000000.0,6700000000.0,9994064.033797,4569743.813883,57578.421031,14085306.266376,0.0,6036559.836433,6036559.827149,0.0,64566.747831,219317.57358900146,32283.373923,59867.45864773799,300000.0,False,True
821,4,0,1,NORMAL,0.003033404292017879,0.002963424307224484,0.003033404292017879,1.0,3300000000.0,6700000000.0,10010234.163659,4577407.58222,57722.399018,14107926.525273,0.0,6046254.233115,6046254.223818,0.0,64629.31114500001,219906.04477165727,32314.655579,59964.384202782,300000.0,False,True
822,4,0,1,NORMAL,0.0030383091192345457,0.0029682555854186814,0.0030383091192345457,1.0,3300000000.0,6700000000.0,10026420.093474,4585079.360177,57866.609809,14130568.579518,0.0,6055957.970664,6055957.961348,0.0,64691.583568999995,220491.77983995562,32345.791794,60061.40498195401,300000.0,False,True
823,4,0,1,NORMAL,0.003043218712799091,0.0029730919162174177,0.003043218712799091,1.0,3300000000.0,6700000000.0,10042621.752237,4592759.118633,58011.05363,14153232.326926,0.0,6065671.005281,6065670.99595,0.0,64753.564034999996,221074.76875002604,32376.782024999997,60158.52056084401,300000.0,False,True
824,4,0,1,NORMAL,0.003048133051120303,0.002977933279759539,0.003048133051120303,1.0,3300000000.0,6700000000.0,10058839.068697,4600446.828348,58155.730706,14175917.664955,0.0,6075393.293017,6075393.283674,0.0,64815.251518,221655.00182527467,32407.625765,60255.730513422,300000.0,False,True
825,4,0,1,NORMAL,0.003053052112530303,0.0029827796560673303,0.003053052112530303,1.0,3300000000.0,6700000000.0,10075071.97135,4608142.459971,58300.641261,14198624.490709,0.0,6085124.789778,6085124.780424,0.0,64876.645019,222232.4697546462,32438.322515,60353.034412182,300000.0,False,True
826,4,0,1,NORMAL,0.003057975875290303,0.002987631025049458,0.003057975875290303,1.0,3300000000.0,6700000000.0,10091320.388458,4615845.984048,58445.785518,14221352.700963,0.0,6094865.45133,6094865.441957,0.0,64937.74359300001,222807.16359080572,32468.871805999996,60450.431828099994,300000.0,False,True
827,4,0,1,NORMAL,0.003062904317593939,0.0029924873665039407,0.003062904317593939,1.0,3300000000.0,6700000000.0,10107584.24806,4623557.371026,58591.163699,14244102.192175,0.0,6104615.233288,6104615.223902,0.0,64998.546327000004,223379.07474824277,32499.273170000004,60547.922330748006,300000.0,False,True
828,4,0,1,NORMAL,0.003067837417568788,0.0029973486601210277,0.003067837417568788,1.0,3300000000.0,6700000000.0,10123863.477977,4631276.59125,58736.776026,14266872.860494,0.0,6114374.091149,6114374.081752,0.0,65059.052349000005,223948.19500129865,32529.526180000004,60645.505488359995,300000.0,False,True
829,4,0,1,NORMAL,0.0030727751532793938,0.0030022148854860833,0.0030727751532793938,1.0,3300000000.0,6700000000.0,10140158.005822,4639003.614973,58882.622718,14289664.601776,0.0,6124141.980283,6124141.97087,0.0,65119.260815999995,224514.51648211927,32559.630416,60743.180867862,300000.0,False,True
830,4,0,1,NORMAL,0.003077717502729697,0.003007086022082446,0.003077717502729697,1.0,3300000000.0,6700000000.0,10156467.759008,4646738.412362,59028.703995,14312477.3116,0.0,6133918.855934,6133918.846505,0.0,65179.170934,225078.03167853528,32589.585475,60840.94803493199,300000.0,False,True
831,4,0,1,NORMAL,0.0030826644438672725,0.0030119620492943706,0.0030826644438672725,1.0,3300000000.0,6700000000.0,10172792.664762,4654480.953494,59175.020074,14335310.885277,0.0,6143704.673233,6143704.663795,0.0,65238.781942999994,225638.73343187105,32619.39097599999,60938.806554048,300000.0,False,True
832,4,0,1,NORMAL,0.003087615954586061,0.0030168429464099635,0.003087615954586061,1.0,3300000000.0,6700000000.0,10189132.650134,4662231.208361,59321.571172,14358165.217863,0.0,6153499.387212,6153499.377758,0.0,65298.09311399999,226196.61493468445,32649.046565,61036.755988572,300000.0,False,True
833,4,0,1,NORMAL,0.0030925720127260607,0.0030217286926239053,0.0030925720127260607,1.0,3300000000.0,6700000000.0,10205487.641996,4669989.146888,59468.357506,14381040.204178,0.0,6163302.952784,6163302.94332,0.0,65357.103764,226751.66972843913,32678.551887,61134.795900804005,300000.0,False,True
834,4,0,1,NORMAL,0.00309753259608,0.003026619267040428,0.00309753259608,1.0,3300000000.0,6700000000.0,10221857.567064,4677754.738914,59615.379289,14403935.738809,0.0,6173115.324781,6173115.315304,0.0,65415.813243,227303.89170111148,32707.906628,61232.925851976004,300000.0,False,True
835,4,0,1,NORMAL,0.0031024976823939396,0.0030315146486761383,0.0031024976823939396,1.0,3300000000.0,6700000000.0,10238242.3519,4685527.954215,59762.636736,14426851.716133,0.0,6182936.457932,6182936.448441,0.0,65474.22093599999,227853.27508473332,32737.110474999998,61331.145402384005,300000.0,False,True
836,4,0,1,NORMAL,0.0031074672493693937,0.0030364148164628,0.0031074672493693937,1.0,3300000000.0,6700000000.0,10254641.922919,4693308.762501,59910.130059,14449788.030324,0.0,6192766.306881,6192766.297379,0.0,65532.32626899999,228399.81445287314,32766.163139999997,61429.4541114,300000.0,False,True
837,4,0,1,NORMAL,0.003112441274667879,0.003041319749250225,0.003112441274667879,1.0,3300000000.0,6700000000.0,10271056.206404,4701097.133417,60057.85947,14472744.575365,0.0,6202604.826196,6202604.816682,0.0,65590.1287,228943.50471805662,32795.064356,61527.851537514,300000.0,False,True
838,4,0,1,NORMAL,0.003117419735913636,0.003046229425809155,0.003117419735913636,1.0,3300000000.0,6700000000.0,10287485.128515,4708893.036546,60205.82518,14495721.245064,0.0,6212451.970365,6212451.960838,0.0,65647.627723,229484.3411291294,32823.813868,61626.33723842401,300000.0,False,True
839,4,0,1,NORMAL,0.0031224026106933334,0.003051143824833941,0.0031224026106933334,1.0,3300000000.0,6700000000.0,10303928.615288,4716696.441423,60354.027398,14518717.933065,0.0,6222307.693806,6222307.684264,0.0,65704.822869,230022.31926856283,32852.411442,61724.91077109,300000.0,False,True
840,4,0,1,NORMAL,0.003127389876561515,0.003056062924945397,0.003127389876561515,1.0,3300000000.0,6700000000.0,10320386.592653,4724507.317528,60502.466332,14541734.532858,0.0,6232171.950871,6232171.941317,0.0,65761.713704,230557.43504970527,32880.856858,61823.57169172801,300000.0,False,True
841,4,0,1,NORMAL,0.0031323815110427273,0.003060986704693612,0.0031323815110427273,1.0,3300000000.0,6700000000.0,10336858.986441,4732325.63429,60651.14219,14564770.937794,0.0,6242044.695856,6242044.686287,0.0,65818.299827,231089.6847139806,32909.149921,61922.319555918,300000.0,False,True
842,4,0,1,NORMAL,0.00313737749163303,0.0030659151425606714,0.00313737749163303,1.0,3300000000.0,6700000000.0,10353345.722389,4740151.361098,60800.055178,14587827.041096,0.0,6251925.882999,6251925.873413,0.0,65874.580873,231619.0648280351,32937.290445,62021.153918646,300000.0,False,True
843,4,0,1,NORMAL,0.003142377795803636,0.0030708482169634435,0.003142377795803636,1.0,3300000000.0,6700000000.0,10369846.726152,4747984.467299,60949.205501,14610902.735872,0.0,6261815.466486,6261815.456888,0.0,65930.55651400001,232145.57228083615,32965.27826300001,62120.074334334,300000.0,False,True
844,4,0,1,NORMAL,0.003147382401002121,0.0030757859062562616,0.003147382401002121,1.0,3300000000.0,6700000000.0,10386361.923307,4755824.922205,61098.593364,14633997.915126,0.0,6271713.400462,6271713.390854,0.0,65986.22645,232669.20428072204,32993.11323,62219.080356911996,300000.0,False,True
845,4,0,1,NORMAL,0.0031523912846560605,0.003080728188733668,0.0031523912846560605,1.0,3300000000.0,6700000000.0,10402891.239365,4763672.695094,61248.218969,14657112.471769,0.0,6281619.639033,6281619.629415,0.0,66041.590418,233189.95835240732,33020.795214000005,62318.171539842,300000.0,False,True
846,4,0,1,NORMAL,0.0031574044241766664,0.003085675042633217,0.0031574044241766664,1.0,3300000000.0,6700000000.0,10419434.599783,4771527.755208,61398.082519,14680246.298633,0.0,6291534.136271,6291534.126639,0.0,66096.64819,233707.83233394363,33048.324102,62417.34743619,300000.0,False,True
847,4,0,1,NORMAL,0.0031624217969581816,0.0030906264461380535,0.0031624217969581816,1.0,3300000000.0,6700000000.0,10435991.929962,4779390.07177,61548.184214,14703399.288481,0.0,6301456.846211,6301456.836573,0.0,66151.39957,234222.8243736385,33075.699788,62516.607598698,300000.0,False,True
848,4,0,1,NORMAL,0.003167443380381515,0.0030955823773795676,0.003167443380381515,1.0,3300000000.0,6700000000.0,10452563.155259,4787259.613975,61698.524254,14726571.334013,0.0,6311387.722881,6311387.713228,0.0,66205.844389,234734.93292693375,33102.922202,62615.951579772,300000.0,False,True
849,4,0,1,NORMAL,0.003172469151819091,0.0031005428144401824,0.003172469151819091,1.0,3300000000.0,6700000000.0,10469148.201003,4795136.351,61849.102838,14749762.327892,0.0,6321326.720271,6321326.710603,0.0,66259.982523,235244.15675324562,33129.99126899999,62715.378931554005,300000.0,False,True
850,4,0,1,NORMAL,0.003177499088632424,0.003105507735355811,0.003177499088632424,1.0,3300000000.0,6700000000.0,10485746.992487,4803020.252008,61999.920164,14772972.16274,0.0,6331273.792363,6331273.782678,0.0,66313.813863,235750.4949127676,33156.90694,62814.889206018,300000.0,False,True
851,4,0,1,NORMAL,0.003182533168179697,0.0031104771181186424,0.003182533168179697,1.0,3300000000.0,6700000000.0,10502359.454993,4810911.286146,62150.976428,14796200.731157,0.0,6341228.893128,6341228.883426,0.0,66367.338347,236253.94676323826,33183.669182,62914.481954922005,300000.0,False,True
852,4,0,1,NORMAL,0.0031875713678142423,0.0031154509406796493,0.0031875713678142423,1.0,3300000000.0,6700000000.0,10518985.513787,4818809.422553,62302.271826,14819447.925731,0.0,6351191.976528,6351191.966813,0.0,66420.555935,236754.51195667588,33210.277974,63014.156729958006,300000.0,False,True
853,4,0,1,NORMAL,0.003192613664888485,0.0031204291809511873,0.003192613664888485,1.0,3300000000.0,6700000000.0,10535625.094132,4826714.630357,62453.806553,14842713.639044,0.0,6361162.996535,6361162.986802,0.0,66473.466622,237252.19043608103,33236.73332,63113.913082722,300000.0,False,True
854,4,0,1,NORMAL,0.0031976600367563638,0.003125411816809586,0.0031976600367563638,1.0,3300000000.0,6700000000.0,10552278.121296,4834626.878688,62605.580801,14865997.763692,0.0,6371141.907111,6371141.897365,0.0,66526.070435,237746.98243210933,33263.03522400001,63213.750564792004,300000.0,False,True
855,4,0,1,NORMAL,0.0032027104607742427,0.0031303988260976286,0.0032027104607742427,1.0,3300000000.0,6700000000.0,10568944.520555,4842546.136674,62757.594764,14889300.192286,0.0,6381128.662235,6381128.652475,0.0,66578.367422,238238.88845971582,33289.183718,63313.668727776,300000.0,False,True
856,4,0,1,NORMAL,0.0032077649143054544,0.0031353901866271656,0.0032077649143054544,1.0,3300000000.0,6700000000.0,10585624.217208,4850472.373443,62909.848632,14912620.81747,0.0,6391123.21589,6391123.206125,0.0,66630.357673,238727.9093147725,33315.178839,63413.66712333001,300000.0,False,True
857,4,0,1,NORMAL,0.003212823374719091,0.0031403858761814836,0.003212823374719091,1.0,3300000000.0,6700000000.0,10602317.136573,4858405.558134,63062.342595,14935959.531924,0.0,6401125.522095,6401125.512318,0.0,66682.04130600001,239214.04607066087,33341.020659,63513.745303248004,300000.0,False,True
858,4,0,1,NORMAL,0.0032178858193942423,0.0031453858725177908,0.0032178858193942423,1.0,3300000000.0,6700000000.0,10619023.204001,4866345.659896,63215.076843,14959316.22838,0.0,6411135.534871,6411135.525084,0.0,66733.418454,239697.3000748412,33366.709232,63613.902819438,300000.0,False,True
859,4,0,1,NORMAL,0.0032229522257242425,0.0031503901533698198,0.0032229522257242425,1.0,3300000000.0,6700000000.0,10635742.34489,4874292.647882,63368.051564,14982690.799631,0.0,6421153.20827,6421153.198477,0.0,66784.489294,240177.67294539945,33392.24465,63714.139224006,300000.0,False,True
860,4,0,1,NORMAL,0.0032280225711139392,0.0031553986964500858,0.0032280225711139392,1.0,3300000000.0,6700000000.0,10652474.484676,4882246.491268,63521.266945,15006083.138538,0.0,6431178.496384,6431178.486578,0.0,66835.254029,240655.16656757455,33417.627021,63814.454069340005,300000.0,False,True
861,4,0,1,NORMAL,0.0032330968329866666,0.003160411479452446,0.0032330968329866666,1.0,3300000000.0,6700000000.0,10669219.548856,4890207.159244,63674.723171,15029493.138044,0.0,6441211.353328,6441211.343508,0.0,66885.712886,241129.78309026625,33442.85645000001,63914.846908056,300000.0,False,True
862,4,0,1,NORMAL,0.0032381749887824243,0.0031654284800543804,0.0032381749887824243,1.0,3300000000.0,6700000000.0,10685977.462982,4898174.621023,63828.420428,15052920.691182,0.0,6451251.733256,6451251.723423,0.0,66935.86611900001,241601.52492252665,33467.933066,64015.317293135995,300000.0,False,True
863,4,0,1,NORMAL,0.0032432570159615154,0.003170449675919357,0.0032432570159615154,1.0,3300000000.0,6700000000.0,10702748.152673,4906148.845842,63982.358899,15076365.691082,0.0,6461299.59037,6461299.580522,0.0,66985.714013,242070.39473003507,33492.857014,64115.864777892006,300000.0,False,True
864,4,0,1,NORMAL,0.003248342892008485,0.0031754750446993008,0.003248342892008485,1.0,3300000000.0,6700000000.0,10719531.543628,4914129.802961,64136.538767,15099828.030985,0.0,6471354.878912,6471354.869049,0.0,67035.25687499999,242536.39543155977,33517.628444999995,64216.488916038004,300000.0,False,True
865,4,0,1,NORMAL,0.003253432594429394,0.003180504564036726,0.003253432594429394,1.0,3300000000.0,6700000000.0,10736327.561617,4922117.461676,64290.960213,15123307.604249,0.0,6481417.553179,6481417.543303,0.0,67084.49504899999,242999.5301954061,33542.247531,64317.189261768,300000.0,False,True
866,4,0,1,NORMAL,0.003258526100757879,0.003185538211567123,0.003258526100757879,1.0,3300000000.0,6700000000.0,10753136.132501,4930111.79131,64445.623418,15146804.304358,0.0,6491487.567523,6491487.557634,0.0,67133.428893,243459.80243585416,33566.714453,64417.965369702004,300000.0,False,True
867,4,0,1,NORMAL,0.0032636233885566667,0.003190575964921287,0.0032636233885566667,1.0,3300000000.0,6700000000.0,10769957.182237,4938112.761221,64600.528562,15170318.024934,0.0,6501564.876351,6501564.866449,0.0,67182.058795,243917.21580958608,33591.029404,64518.816795006,300000.0,False,True
868,4,0,1,NORMAL,0.0032687244354160606,0.0031956178017274015,0.0032687244354160606,1.0,3300000000.0,6700000000.0,10786790.636873,4946120.340806,64755.675822,15193848.659739,0.0,6511649.43414,6511649.424221,0.0,67230.385171,244371.77421210532,33615.192594,64619.743093421996,300000.0,False,True
869,4,0,1,NORMAL,0.003273829218959697,0.0032006636996133563,0.003273829218959697,1.0,3300000000.0,6700000000.0,10803636.422567,4954134.499506,64911.065377,15217396.102697,0.0,6521741.195419,6521741.185486,0.0,67278.40846,244823.48177414873,33639.204237000005,64720.743821238,300000.0,False,True
870,4,0,1,NORMAL,0.0032789377168454545,0.0032057136362089755,0.0032789377168454545,1.0,3300000000.0,6700000000.0,10820494.46559,4962155.206797,65066.697402,15240960.247887,0.0,6531840.114801,6531840.104851,0.0,67326.12912700001,245272.3428580931,33663.064572,64821.818535402,300000.0,False,True
871,4,0,1,NORMAL,0.0032840499067651515,0.0032107675891480834,0.0032840499067651515,1.0,3300000000.0,6700000000.0,10837364.692325,4970182.432208,65222.572073,15264540.989563,0.0,6541946.146962,6541946.136996,0.0,67373.54765800001,245718.3620543574,33686.773837,64922.96679354,300000.0,False,True
872,4,0,1,NORMAL,0.0032891657664500004,0.003215825536070788,0.0032891657664500004,1.0,3300000000.0,6700000000.0,10854247.029285,4978216.145309,65378.689564,15288138.222158,0.0,6552059.246655,6552059.236678,0.0,67420.664565,246161.544177802,33710.332288,65024.18815395,300000.0,False,True
873,4,0,1,NORMAL,0.0032942852736675757,0.0032208874546254193,0.0032942852736675757,1.0,3300000000.0,6700000000.0,10871141.403103,4986256.315727,65535.050048,15311751.840289,0.0,6562179.368725,6562179.358732,0.0,67467.480386,246601.89426412605,33733.74020100001,65125.48217571001,300000.0,False,True
874,4,0,1,NORMAL,0.003299408406228788,0.003225953322470798,0.003299408406228788,1.0,3300000000.0,6700000000.0,10888047.740555,4994302.913135,65691.653697,15335381.738771,0.0,6572306.468087,6572306.45808,0.0,67513.99567399999,247039.417566265,33756.997844,65226.848418618,300000.0,False,True
875,4,0,1,NORMAL,0.0033045351419839393,0.0032310231172780974,0.0033045351419839393,1.0,3300000000.0,6700000000.0,10904965.968547,5002355.907271,65848.500683,15359027.812623,0.0,6582440.49975,6582440.48973,0.0,67560.211017,247474.11955078805,33780.105515,65328.28644333,300000.0,False,True
876,4,0,1,NORMAL,0.003309665458830606,0.003236096816733098,0.003309665458830606,1.0,3300000000.0,6700000000.0,10921896.014141,5010415.267919,66005.591175,15382689.957073,0.0,6592581.418815,6592581.408777,0.0,67606.12701200001,247906.0058942985,33803.063515,65429.795811282,300000.0,False,True
877,4,0,1,NORMAL,0.003314799334710303,0.0032411743985380796,0.003314799334710303,1.0,3300000000.0,6700000000.0,10938837.804544,5018480.96493,66162.925342,15406368.067571,0.0,6602729.180469,6602729.170417,0.0,67651.74429000002,248335.08247983668,33825.872152,65531.37608484601,300000.0,False,True
878,4,0,1,NORMAL,0.003319936747611212,0.0032462558404137655,0.003319936747611212,1.0,3300000000.0,6700000000.0,10955791.267117,5026552.96822,66320.503352,15430062.039792,0.0,6612883.740001,6612883.729938,0.0,67697.063495,248761.35539328767,33848.531753,65633.026827264,300000.0,False,True
879,4,0,1,NORMAL,0.0033250776755727276,0.0032513411201014406,0.0033250776755727276,1.0,3300000000.0,6700000000.0,10972756.32939,5034631.247758,66478.325372,15453771.769642,0.0,6623045.052806,6623045.04273,0.0,67742.085297,249184.8309197944,33871.042655,65734.747602702,300000.0,False,True
880,4,0,1,NORMAL,0.003330222096682424,0.0032564302153647302,0.003330222096682424,1.0,3300000000.0,6700000000.0,10989732.919052,5042715.773589,66636.391567,15477497.153272,0.0,6633213.074372,6633213.064285,0.0,67786.810381,249605.51554017732,33893.405196,65836.53797634,300000.0,False,True
881,4,0,1,NORMAL,0.0033353699890803033,0.0032615231039915416,0.0033353699890803033,1.0,3300000000.0,6700000000.0,11006720.963965,5050806.515827,66794.702103,15501238.087081,0.0,6643387.7603,6643387.7502,0.0,67831.23946099999,250023.41592736213,33915.619737,65938.39751431199,300000.0,False,True
882,4,0,1,NORMAL,0.0033405213309603034,0.003266619763795978,0.0033405213309603034,1.0,3300000000.0,6700000000.0,11023720.392169,5058903.444651,66953.257143,15524994.467719,0.0,6653569.066303,6653569.056186,0.0,67875.373265,250438.53894281562,33937.686641,66040.32578379,300000.0,False,True
883,4,0,1,NORMAL,0.003345676100571515,0.003271720172620206,0.003345676100571515,1.0,3300000000.0,6700000000.0,11040731.131886,5067006.530317,67112.05685,15548766.192105,0.0,6663756.948194,6663756.938064,0.0,67919.212541,250850.8916329923,33959.606277,66142.32235301401,300000.0,False,True
884,4,0,1,NORMAL,0.0033508342762184847,0.0032768243083362244,0.0033508342762184847,1.0,3300000000.0,6700000000.0,11057753.111521,5075115.743156,67271.101385,15572553.157421,0.0,6673951.361915,6673951.351769,0.0,67962.758058,251260.48122579115,33981.379037,66244.386791316,300000.0,False,True
885,4,0,1,NORMAL,0.0033559958362636365,0.0032819321488476707,0.0033559958362636365,1.0,3300000000.0,6700000000.0,11074786.25967,5083231.053575,67430.390909,15596355.261128,0.0,6684152.263519,6684152.253354,0.0,68006.010603,251667.31512702443,34003.005311,66346.518669126,300000.0,False,True
886,4,0,1,NORMAL,0.0033611607591293936,0.0032870436720916526,0.0033611607591293936,1.0,3300000000.0,6700000000.0,11091830.505127,5091352.432062,67589.925582,15620172.400971,0.0,6694359.609175,6694359.598999,0.0,68048.97098700001,252071.4009168993,34024.485498999995,66448.71755802,300000.0,False,True
887,4,0,1,NORMAL,0.003366329023297273,0.0032921588560404025,0.003366329023297273,1.0,3300000000.0,6700000000.0,11108885.776881,5099479.849181,67749.705562,15644004.474975,0.0,6704573.35519,6704573.344999,0.0,68091.640023,252472.74634651328,34045.820019,66550.983030762,300000.0,False,True
888,4,0,1,NORMAL,0.0033715006073124242,0.0032972776787031136,0.0033715006073124242,1.0,3300000000.0,6700000000.0,11125952.004131,5107613.275582,67909.731007,15667851.38147,0.0,6714793.457982,6714793.447781,0.0,68134.018564,252871.3593343642,34067.00928699999,66653.314661286,300000.0,False,True
889,4,0,1,NORMAL,0.003376675489780606,0.003302400118127468,0.003376675489780606,1.0,3300000000.0,6700000000.0,11143029.116276,5115752.682002,68070.002074,15691713.019079,0.0,6725019.874114,6725019.863896,0.0,68176.10746500001,253267.24796287576,34088.05374099999,66755.712024786,300000.0,False,True
890,4,0,1,NORMAL,0.0033818536493739394,0.0033075261524014342,0.0033818536493739394,1.0,3300000000.0,6700000000.0,11160117.042934,5123898.03926,68230.518918,15715589.286736,0.0,6735252.560262,6735252.550034,0.0,68217.9076,253660.42047493957,34108.953805,66858.174697656,300000.0,False,True
891,4,0,1,NORMAL,0.0033870350648296968,0.003312655759654871,0.0033870350648296968,1.0,3300000000.0,6700000000.0,11177215.713938,5132049.318263,68391.281693,15739480.083684,0.0,6745491.473253,6745491.463011,0.0,68259.41986399998,254050.88527047416,34129.709939,66960.702257604,300000.0,False,True
892,4,0,1,NORMAL,0.003392219714951212,0.0033177889180610867,0.003392219714951212,1.0,3300000000.0,6700000000.0,11194325.059339,5140206.490012,68552.290553,15763385.309488,0.0,6755736.570039,6755736.559782,0.0,68300.645165,254438.6509030022,34150.322589999996,67063.294283628,300000.0,False,True
893,4,0,1,NORMAL,0.003397407578610303,0.003322925605838456,0.003397407578610303,1.0,3300000000.0,6700000000.0,11211445.009414,5148369.525599,68713.545651,15787304.864036,0.0,6765987.807716,6765987.797444,0.0,68341.58443500001,254823.72607624682,34170.792225000005,67165.950356034,300000.0,False,True
894,4,0,1,NORMAL,0.0034025986347481817,0.0033280658012519865,0.0034025986347481817,1.0,3300000000.0,6700000000.0,11228575.494669,5156538.396207,68875.047138,15811238.647545,0.0,6776245.143517,6776245.133232,0.0,68382.23860699999,255206.11964074688,34191.119309999995,67268.670056484,300000.0,False,True
895,4,0,1,NORMAL,0.003407792862376667,0.0033332094826148692,0.003407792862376667,1.0,3300000000.0,6700000000.0,11245716.445843,5164713.073113,69036.795165,15835186.560565,0.0,6786508.534823,6786508.524523,0.0,68422.60863700001,255585.84059049317,34211.30432599999,67371.452968014,300000.0,False,True
896,4,0,1,NORMAL,0.0034129902405772724,0.003338356628289863,0.0034129902405772724,1.0,3300000000.0,6700000000.0,11262867.793905,5172893.527693,69198.789881,15859148.503987,0.0,6796777.93916,6796777.928845,0.0,68462.69550300001,255962.89805958528,34231.347759,67474.298675058,300000.0,False,True
897,4,0,1,NORMAL,0.0034181907485063634,0.003343507216690928,0.0034181907485063634,1.0,3300000000.0,6700000000.0,11280029.470071,5181079.73142,69361.031435,15883124.379048,0.0,6807053.314201,6807053.303869,0.0,68502.500187,256337.3013189104,34251.250102000005,67577.20676343,300000.0,False,True
898,4,0,1,NORMAL,0.0034233943653921213,0.0033486612262845538,0.0034233943653921213,1.0,3300000000.0,6700000000.0,11297201.405794,5189271.655867,69523.519974,15907114.087335,0.0,6817334.617765,6817334.607419,0.0,68542.02368799999,256709.05977284437,34271.011850999996,67680.176820426,300000.0,False,True
899,4,0,1,NORMAL,0.00342860107053697,0.0033538186355911615,0.00342860107053697,1.0,3300000000.0,6700000000.0,11314383.532772,5197469.27271,69686.255645,15931117.530788,0.0,6827621.807827,6827621.797469,0.0,68581.267018,257078.18295597576,34290.633515,67783.208434764,300000.0,False,True
900,4,0,1,NORMAL,0.003433810843321212,0.0033589794231866487,0.003433810843321212,1.0,3300000000.0,6700000000.0,11331575.78296,5205672.553721,69849.238593,15955134.611707,0.0,6837914.842519,6837914.832146,0.0,68620.231207,257444.68052985368,34310.11561100001,67886.301196632,300000.0,False,True
901,4,0,1,NORMAL,0.0034390236631990905,0.0033641435677035808,0.0034390236631990905,1.0,3300000000.0,6700000000.0,11348778.088557,5213881.470784,70012.468963,15979165.232758,0.0,6848213.68012,6848213.669739,0.0,68658.91729600001,257808.56227975976,34329.458652,67989.45469776,300000.0,False,True
902,4,0,1,NORMAL,0.0034442395097036365,0.0033693110478326166,0.0034442395097036365,1.0,3300000000.0,6700000000.0,11365990.382022,5222095.995881,70175.946899,16003209.296972,0.0,6858518.279081,6858518.268685,0.0,68697.326335,258169.838111505,34348.663175,68092.668531342,300000.0,False,True
903,4,0,1,NORMAL,0.0034494583624460604,0.0033744818423238065,0.0034494583624460604,1.0,3300000000.0,6700000000.0,11383212.596072,5230316.101108,70339.672544,16027266.707757,0.0,6868828.597998,6868828.587591,0.0,68735.459393,258528.51804825178,34367.729702,68195.94229213201,300000.0,False,True
904,4,0,1,NORMAL,0.0034546802011169698,0.0033796559299878815,0.0034546802011169698,1.0,3300000000.0,6700000000.0,11400444.663686,5238541.758662,70503.646039,16051337.368896,0.0,6879144.595637,6879144.58522,0.0,68773.317546,258884.61222736211,34386.658778000005,68299.275576432,300000.0,False,True
905,4,0,1,NORMAL,0.0034599050054872726,0.0033848332896975197,0.0034599050054872726,1.0,3300000000.0,6700000000.0,11417686.518108,5246772.94085,70667.867525,16075421.184551,0.0,6889466.230931,6889466.220498,0.0,68810.901882,259238.1308972717,34405.450949000005,68402.667982116,300000.0,False,True
906,4,0,1,NORMAL,0.003465132755409091,0.003390013900388589,0.003465132755409091,1.0,3300000000.0,6700000000.0,11434938.09285,5255009.620091,70832.337141,16099518.059273,0.0,6899793.46297,6899793.452521,0.0,68848.21350599999,259589.08441439155,34424.106761,68506.119108648,300000.0,False,True
907,4,0,1,NORMAL,0.0034703634308160605,0.0033951977410613295,0.0034703634308160605,1.0,3300000000.0,6700000000.0,11452199.321693,5263251.768919,70997.055027,16123627.898004,0.0,6910126.251009,6910126.240547,0.0,68885.253527,259937.48324003626,34442.626769999995,68609.6285571,300000.0,False,True
908,4,0,1,NORMAL,0.003475597011724849,0.0034003847907815568,0.003475597011724849,1.0,3300000000.0,6700000000.0,11469470.138692,5271499.359976,71162.021321,16147750.606076,0.0,6920464.554476,6920464.544005,0.0,68922.02306899999,260283.33793738036,34461.011539,68713.19593015799,300000.0,False,True
909,4,0,1,NORMAL,0.0034808334782357574,0.003405575028681828,0.0034808334782357574,1.0,3300000000.0,6700000000.0,11486750.478178,5279752.366018,71327.236159,16171886.089218,0.0,6930808.332971,6930808.322493,0.0,68958.523267,260626.65916844303,34479.261637,68816.820832152,300000.0,False,True
910,4,0,1,NORMAL,0.003486072810531818,0.0034107684339624725,0.003486072810531818,1.0,3300000000.0,6700000000.0,11504040.274755,5288010.759917,71492.699678,16196034.253556,0.0,6941157.54627,6941157.535778,0.0,68994.75526,260967.45769110063,34497.377637,68920.502869068,300000.0,False,True
911,4,0,1,NORMAL,0.003491314988882727,0.0034159649858928115,0.003491314988882727,1.0,3300000000.0,6700000000.0,11521339.463313,5296274.514662,71658.412012,16220195.005625,0.0,6951512.154313,6951512.143806,0.0,69030.72020899999,261305.7443561293,34515.360111999995,69024.24164852999,300000.0,False,True
912,4,0,1,NORMAL,0.0034965599936436363,0.0034211646638122196,0.0034965599936436363,1.0,3300000000.0,6700000000.0,11538647.979024,5304543.603357,71824.373296,16244368.252366,0.0,6961872.117214,6961872.106692,0.0,69066.41926899999,261641.53010427562,34533.209642,69128.036779878,300000.0,False,True
913,4,0,1,NORMAL,0.0035018078052557575,0.0034263674471311577,0.0035018078052557575,1.0,3300000000.0,6700000000.0,11555965.757344,5312817.999224,71990.583663,16268553.901128,0.0,6972237.395268,6972237.384732,0.0,69101.85361800001,261974.82596335775,34550.926816,69231.887874144,300000.0,False,True
914,4,0,1,NORMAL,0.0035070584042478786,0.0034315733153322367,0.0035070584042478786,1.0,3300000000.0,6700000000.0,11573292.734018,5321097.675605,72157.043245,16292751.859677,0.0,6982607.948944,6982607.938396,0.0,69137.024438,262305.6430453963,34568.512225000006,69335.794544064,300000.0,False,True
915,4,0,1,NORMAL,0.0035123117712354546,0.0034367822479711542,0.0035123117712354546,1.0,3300000000.0,6700000000.0,11590628.845077,5329382.605963,72323.752174,16316962.036194,0.0,6992983.738889,6992983.728331,0.0,69171.932914,262633.99254377506,34585.966462,69439.756404108,300000.0,False,True
916,4,0,1,NORMAL,0.0035175678869227276,0.0034419942246777077,0.0035175678869227276,1.0,3300000000.0,6700000000.0,11607974.026845,5337672.763879,72490.71058,16341184.339276,0.0,7003364.725939,7003364.715365,0.0,69206.580248,262959.8857304328,34603.290131999995,69543.773070462,300000.0,False,True
917,4,0,1,NORMAL,0.0035228267321039393,0.0034472092251568195,0.0035228267321039393,1.0,3300000000.0,6700000000.0,11625328.215943,5345968.123057,72657.918593,16365418.677948,0.0,7013750.871097,7013750.860509,0.0,69240.967646,263283.33395308536,34620.483830000005,69647.84416107001,300000.0,False,True
918,4,0,1,NORMAL,0.003528088287661212,0.003452427229189361,0.003528088287661212,1.0,3300000000.0,6700000000.0,11642691.349282,5354268.657325,72825.376341,16389664.961657,0.0,7024142.135555,7024142.124953,0.0,69275.09632000001,263604.3486324789,34637.54816700001,69751.969295658,300000.0,False,True
919,4,0,1,NORMAL,0.003533352534567273,0.0034576482166330975,0.003533352534567273,1.0,3300000000.0,6700000000.0,11660063.364072,5362574.340633,72993.083952,16413923.100278,0.0,7034538.480689,7034538.470074,0.0,69308.967497,263922.9412596747,34654.483754999994,69856.148095692,300000.0,False,True
920,4,0,1,NORMAL,0.0035386194538857573,0.003462872167423592,0.0035386194538857573,1.0,3300000000.0,6700000000.0,11677444.197823,5370885.147052,73161.041553,16438193.004114,0.0,7044939.868059,7044939.857432,0.0,69342.5824,264239.1233933647,34671.291206,69960.38018443201,300000.0,False,True
921,4,0,1,NORMAL,0.0035438890267715153,0.003468099061575071,0.0035438890267715153,1.0,3300000000.0,6700000000.0,11694833.788346,5379201.050782,73329.24927,16462474.583904,0.0,7055346.25941,7055346.248768,0.0,69375.942267,264552.90665721917,34687.971141,70064.665186938,300000.0,False,True
922,4,0,1,NORMAL,0.003549161234470909,0.003473328879181254,0.003549161234470909,1.0,3300000000.0,6700000000.0,11712232.073754,5387522.026147,73497.707228,16486767.750822,0.0,7065757.616671,7065757.606015,0.0,69409.048344,264864.3027372658,34704.524179,70169.002730076,300000.0,False,True
923,4,0,1,NORMAL,0.0035544360583209087,0.003478561600416071,0.0035544360583209087,1.0,3300000000.0,6700000000.0,11729638.992459,5395848.047598,73666.415551,16511072.416473,0.0,7076173.901962,7076173.891294,0.0,69441.901872,265173.3233793016,34720.950942,70273.392442524,300000.0,False,True
924,4,0,1,NORMAL,0.003559713479753636,0.0034837972055346235,0.003559713479753636,1.0,3300000000.0,6700000000.0,11747054.483187,5404179.089713,73835.374362,16535388.492909,0.0,7086595.077588,7086595.066908,0.0,69474.50411200001,265479.98038633505,34737.252062,70377.833954754,300000.0,False,True
925,4,0,1,NORMAL,0.003564993480292424,0.0034890356748738366,0.003564993480292424,1.0,3300000000.0,6700000000.0,11764478.484965,5412515.127194,74004.583784,16559715.892617,0.0,7097021.106048,7097021.095354,0.0,69506.85632199999,265784.28561606276,34753.42816799999,70482.326899122,300000.0,False,True
926,4,0,1,NORMAL,0.003570276041554849,0.003494276988853257,0.003570276041554849,1.0,3300000000.0,6700000000.0,11781910.937131,5420856.134875,74174.043938,16584054.528533,0.0,7107451.950024,7107451.939316,0.0,69538.95977,266086.2509783763,34769.479892,70586.87090979,300000.0,False,True
927,4,0,1,NORMAL,0.003575561145251212,0.0034995211279757058,0.003575561145251212,1.0,3300000000.0,6700000000.0,11799351.779329,5429202.087719,74343.754945,16608404.314033,0.0,7117887.572395,7117887.561671,0.0,69570.81572599999,266385.8884329029,34785.407870999996,70691.46562278601,300000.0,False,True
928,4,0,1,NORMAL,0.003580848773186667,0.003504768072828026,0.003580848773186667,1.0,3300000000.0,6700000000.0,11816800.951516,5437552.960816,74513.716925,16632765.162942,0.0,7128327.936226,7128327.925486,0.0,69602.425464,266683.20998657774,34801.21274,70796.110675974,300000.0,False,True
929,4,0,1,NORMAL,0.003586138907261212,0.00351001780408178,0.003586138907261212,1.0,3300000000.0,6700000000.0,11834258.393962,5445908.729386,74683.929997,16657136.989533,0.0,7138773.00478,7138772.994023,0.0,69633.790273,266978.22769124905,34816.895145,70900.805709096,300000.0,False,True
930,4,0,1,NORMAL,0.003591431529469697,0.003515270302493904,0.003591431529469697,1.0,3300000000.0,6700000000.0,11851724.04725,5454269.368782,74854.394279,16681519.708533,0.0,7149222.741503,7149222.730736,0.0,69664.91143600001,267270.95364131615,34832.45572299999,71005.550363772,300000.0,False,True
931,4,0,1,NORMAL,0.0035967266219009094,0.0035205255489072595,0.0035967266219009094,1.0,3300000000.0,6700000000.0,11869197.852273,5462634.854483,75025.109888,16705913.235111,0.0,7159677.110051,7159677.099265,0.0,69695.790233,267561.39997139893,34847.895125999996,71110.3442835,300000.0,False,True
932,4,0,1,NORMAL,0.0036020241667406062,0.0035257835242513465,0.0036020241667406062,1.0,3300000000.0,6700000000.0,11886679.750244,5471005.162105,75196.07694,16730317.484899,0.0,7170136.074255,7170136.063457,0.0,69726.427972,267849.5788540416,34863.213992000005,71215.187113638,300000.0,False,True
933,4,0,1,NORMAL,0.003607324146269394,0.0035310442095428337,0.003607324146269394,1.0,3300000000.0,6700000000.0,11904169.682689,5479380.26739,75367.295551,16754732.373977,0.0,7180599.598156,7180599.587344,0.0,69756.825944,268135.50249744736,34878.412979,71320.07850146401,300000.0,False,True
934,4,0,1,NORMAL,0.0036126265428645457,0.00353630758588617,0.0036126265428645457,1.0,3300000000.0,6700000000.0,11921667.591453,5487760.146214,75538.765836,16779157.818882,0.0,7191067.645984,7191067.635158,0.0,69786.985452,268419.1831432471,34893.492733,71425.018096134,300000.0,False,True
935,4,0,1,NORMAL,0.003617931338998788,0.003541573634474081,0.003617931338998788,1.0,3300000000.0,6700000000.0,11939173.418696,5496144.774589,75710.487909,16803593.73661,0.0,7201540.182163,7201540.171325,0.0,69816.907802,268700.6330642996,34908.453907,71530.005548718,300000.0,False,True
936,4,0,1,NORMAL,0.003623238517242424,0.0035468423365881676,0.003623238517242424,1.0,3300000000.0,6700000000.0,11956687.1069,5504534.128655,75882.461883,16828040.044612,0.0,7212017.171318,7212017.160465,0.0,69846.59429900002,268979.8645625251,34923.297157,71635.040512176,300000.0,False,True
937,4,0,1,NORMAL,0.003628548060261212,0.0035521136735993317,0.003628548060261212,1.0,3300000000.0,6700000000.0,11974208.598862,5512928.184686,76054.68787,16852496.660797,0.0,7222498.578265,7222498.567401,0.0,69876.046253,269256.88996677083,34938.023131999995,71740.1226414,300000.0,False,True
938,4,0,1,NORMAL,0.003633859950819697,0.0035573876269683878,0.003633859950819697,1.0,3300000000.0,6700000000.0,11991737.837705,5521326.91909,76227.165981,16876963.503538,0.0,7232984.368021,7232984.357145,0.0,69905.26498200001,269531.721630709,34952.632497,71845.251593172,300000.0,False,True
939,4,0,1,NORMAL,0.0036391741717772728,0.003562664178246381,0.0036391741717772728,1.0,3300000000.0,6700000000.0,12009274.766865,5529730.30841,76399.896327,16901440.491664,0.0,7243474.5058,7243474.494912,0.0,69934.251798,269804.37193076796,34967.12590500001,71950.42702623,300000.0,False,True
940,4,0,1,NORMAL,0.003644490706092727,0.0035679433090751774,0.003644490706092727,1.0,3300000000.0,6700000000.0,12026819.330106,5538138.329321,76572.879018,16925927.544469,0.0,7253968.95701,7253968.946113,0.0,69963.008021,270074.85326409445,34981.504015,72055.64860119,300000.0,False,True
941,4,0,1,NORMAL,0.003649809536820303,0.0035732250011877667,0.003649809536820303,1.0,3300000000.0,6700000000.0,12044371.471507,5546550.958633,76746.114163,16950424.581705,0.0,7264467.687266,7264467.676357,0.0,69991.534972,270343.1780465492,34995.767492000006,72160.915980636,300000.0,False,True
942,4,0,1,NORMAL,0.0036551306471133333,0.0035785092364087716,0.0036551306471133333,1.0,3300000000.0,6700000000.0,12061931.135474,5554968.173292,76919.60187,16974931.523591,0.0,7274970.662369,7274970.651449,0.0,70019.833967,270609.3587107338,35009.916989,72266.228829042,300000.0,False,True
943,4,0,1,NORMAL,0.003660454020221818,0.0035837959966547746,0.003660454020221818,1.0,3300000000.0,6700000000.0,12079498.266732,5563389.950375,77093.342246,16999448.290805,0.0,7285477.84833,7285477.837395,0.0,70047.906335,270873.4077040503,35023.953175,72371.586812844,300000.0,False,True
944,4,0,1,NORMAL,0.0036657796394942424,0.0035890852639347405,0.0036657796394942424,1.0,3300000000.0,6700000000.0,12097072.810331,5571816.267096,77267.335398,17023974.804491,0.0,7295989.211352,7295989.200401,0.0,70075.7534,271135.3374867922,35037.876708,72476.989600392,300000.0,False,True
945,4,0,1,NORMAL,0.003671107488378182,0.0035943770203504468,0.003671107488378182,1.0,3300000000.0,6700000000.0,12114654.711648,5580247.100803,77441.581432,17048510.98626,0.0,7306504.717833,7306504.706871,0.0,70103.376489,271395.16053026717,35051.68825000001,72582.436861986,300000.0,False,True
946,4,0,1,NORMAL,0.0036764375504157575,0.0035996712480965963,0.0036764375504157575,1.0,3300000000.0,6700000000.0,12132243.916372,5588682.428978,77616.080453,17073056.758179,0.0,7317024.334382,7317024.323406,0.0,70130.776922,271652.88931495225,35065.388468000005,72687.928269888,300000.0,False,True
947,4,0,1,NORMAL,0.00368176980925,0.003604967929461332,0.00368176980925,1.0,3300000000.0,6700000000.0,12149840.370525,5597122.229243,77790.832565,17097612.042788,0.0,7327548.027798,7327548.016808,0.0,70157.95603600002,271908.5363286793,35078.978025,72793.463498232,300000.0,False,True
948,4,0,1,NORMAL,0.003687104248620909,0.0036102670468264662,0.003687104248620909,1.0,3300000000.0,6700000000.0,12167444.020449,5605566.47935,77965.837872,17122176.763088,0.0,7338075.765082,7338075.754077,0.0,70184.915153,272162.11406485294,35092.457584,72899.04222315001,300000.0,False,True
949,4,0,1,NORMAL,0.00369244085236697,0.0036155685826677894,0.00369244085236697,1.0,3300000000.0,6700000000.0,12185054.812811,5614015.157188,78141.096477,17146750.842546,0.0,7348607.513431,7348607.502415,0.0,70211.655603,272413.6350206987,35105.827806999994,73004.664122694,300000.0,False,True
950,4,0,1,NORMAL,0.0036977796044239397,0.003620872519555283,0.0036977796044239397,1.0,3300000000.0,6700000000.0,12202672.694599,5622468.24078,78316.608481,17171334.205091,0.0,7359143.240252,7359143.229221,0.0,70238.178717,272663.11169554316,35119.089366,73110.328876866,300000.0,False,True
951,4,0,1,NORMAL,0.0037031204888269696,0.0036261788401534567,0.0037031204888269696,1.0,3300000000.0,6700000000.0,12220297.613129,5630925.70829,78492.373985,17195926.775125,0.0,7369682.913133,7369682.902091,0.0,70264.485819,272910.5565891241,35132.242915,73216.03616759401,300000.0,False,True
952,4,0,1,NORMAL,0.0037084634897090905,0.003631487527221562,0.0037084634897090905,1.0,3300000000.0,6700000000.0,12237929.51604,5639387.538008,78668.39309,17220528.477507,0.0,7380226.499879,7380226.488825,0.0,70290.578244,273155.9821999316,35145.289128000004,73321.785678774,300000.0,False,True
953,4,0,1,NORMAL,0.003713808591300909,0.003636798563613778,0.003713808591300909,1.0,3300000000.0,6700000000.0,12255568.351293,5647853.708367,78844.665896,17245139.237566,0.0,7390773.968485,7390773.957419,0.0,70316.457318,273399.40102358,35158.228665,73427.57709624,300000.0,False,True
954,4,0,1,NORMAL,0.003719155777930909,0.0036421119322793995,0.003719155777930909,1.0,3300000000.0,6700000000.0,12273214.067172,5656324.19793,79021.192502,17269758.98109,0.0,7401325.287152,7401325.27607,0.0,70342.124366,273640.8255512096,35171.06219099999,73533.410107758,300000.0,False,True
955,4,0,1,NORMAL,0.0037245050340260605,0.0036474276162630553,0.0037245050340260605,1.0,3300000000.0,6700000000.0,12290866.612286,5664798.985401,79197.973006,17294387.634338,0.0,7411880.424269,7411880.413175,0.0,70367.58071800001,273880.2682679186,35183.790365,73639.284403032,300000.0,False,True
956,4,0,1,NORMAL,0.003729856344110909,0.0036527455987048524,0.003729856344110909,1.0,3300000000.0,6700000000.0,12308525.935566,5673278.049617,79375.007505,17319025.124031,0.0,7422439.34843,7422439.337328,0.0,70392.82770000001,274117.741651225,35196.413854,73745.199673716,300000.0,False,True
957,4,0,1,NORMAL,0.003735209692808182,0.0036580658628405515,0.003735209692808182,1.0,3300000000.0,6700000000.0,12326191.986267,5681761.369546,79552.296096,17343671.37735,0.0,7433002.028438,7433002.01732,0.0,70417.866638,274353.2581695581,35208.933327,73851.15561339601,300000.0,False,True
958,4,0,1,NORMAL,0.003740565064838485,0.003663388392001709,0.003740565064838485,1.0,3300000000.0,6700000000.0,12343864.713967,5690248.924298,79729.838876,17368326.321946,0.0,7443568.43328,7443568.422143,0.0,70442.698857,274586.8302807793,35221.349438,73957.15191760201,300000.0,False,True
959,4,0,1,NORMAL,0.0037459224450212118,0.0036687131696158705,0.0037459224450212118,1.0,3300000000.0,6700000000.0,12361544.06857,5698740.693111,79907.635939,17392989.885932,0.0,7454138.53214,7454138.52099,0.0,70467.32567899999,274818.4704307326,35233.662846,74063.188283802,300000.0,False,True
960,4,0,1,NORMAL,0.003751281818271212,0.003674040179206538,0.003751281818271212,1.0,3300000000.0,6700000000.0,12379230.000295,5707236.655362,80085.687381,17417661.997879,0.0,7464712.294412,7464712.283252,0.0,70491.748428,275048.1910518233,35245.874219,74169.26441142,300000.0,False,True
961,4,0,1,NORMAL,0.0037566431696018183,0.0036793694043933305,0.0037566431696018183,1.0,3300000000.0,6700000000.0,12396922.459686,5715736.790564,80263.993295,17442342.586825,0.0,7475289.68968,7475289.678514,0.0,70515.968422,275276.0045616262,35257.984214000004,74275.38000177,300000.0,False,True
962,4,0,1,NORMAL,0.0037620064841230303,0.003684700828892021,0.0037620064841230303,1.0,3300000000.0,6700000000.0,12414621.397606,5724241.078362,80442.553774,17467031.582264,0.0,7485870.687736,7485870.676559,0.0,70539.986979,275501.9233615216,35269.993494999995,74381.534758116,300000.0,False,True
963,4,0,1,NORMAL,0.0037673717470445454,0.0036900344365147645,0.0037673717470445454,1.0,3300000000.0,6700000000.0,12432326.765247,5732749.498534,80621.36891,17491728.914157,0.0,7496455.258557,7496455.247368,0.0,70563.805416,275725.9598353604,35281.902714,74487.728385636,300000.0,False,True
964,4,0,1,NORMAL,0.003772738943670303,0.0036953702111699608,0.003772738943670303,1.0,3300000000.0,6700000000.0,12450038.514112,5741262.030994,80800.438796,17516434.51292,0.0,7507043.372325,7507043.361122,0.0,70587.425048,275948.1263481563,35293.712531,74593.960591482,300000.0,False,True
965,4,0,1,NORMAL,0.003778108059403636,0.003700708136862456,0.003778108059403636,1.0,3300000000.0,6700000000.0,12467756.596032,5749778.65579,80979.763523,17541148.309433,0.0,7517634.999414,7517634.988197,0.0,70610.84719000001,276168.43524480646,35305.423602,74700.23108467199,300000.0,False,True
966,4,0,1,NORMAL,0.0037834790797424242,0.003706048197693422,0.0037834790797424242,1.0,3300000000.0,6700000000.0,12485480.96315,5758299.353106,81159.343181,17565870.235032,0.0,7528230.110395,7528230.099165,0.0,70634.073147,276386.89884883945,35317.03658,74806.539576192,300000.0,False,True
967,4,0,1,NORMAL,0.0037888519902824244,0.0037113903778604545,0.0037888519902824244,1.0,3300000000.0,6700000000.0,12503211.567932,5766824.103255,81339.177859,17590600.22151,0.0,7538828.676037,7538828.664798,0.0,70657.104231,276603.52946119005,35328.55212,74912.8857789,300000.0,False,True
968,4,0,1,NORMAL,0.0037942267767148486,0.0037167346616575124,0.0037942267767148486,1.0,3300000000.0,6700000000.0,12520948.363159,5775352.886688,81519.267647,17615338.201117,0.0,7549430.667311,7549430.656055,0.0,70679.94174499999,276818.339359002,35339.970881,75019.269407592,300000.0,False,True
969,4,0,1,NORMAL,0.0037996034248281817,0.0037220810334749753,0.0037996034248281817,1.0,3300000000.0,6700000000.0,12538691.301933,5783885.683986,81699.612633,17640084.106561,0.0,7560036.05537,7560036.0441,0.0,70702.586992,277031.34079445637,35351.29350299999,75125.69017895401,300000.0,False,True
970,4,0,1,NORMAL,0.003804981920507576,0.003727429477799659,0.003804981920507576,1.0,3300000000.0,6700000000.0,12556440.337675,5792422.47586,81880.212905,17664837.871004,0.0,7570644.811569,7570644.800288,0.0,70725.041273,277242.54599362693,35362.520641999996,75232.147811598,300000.0,False,True
971,4,0,1,NORMAL,0.0038103622497318184,0.0037327799792146376,0.0038103622497318184,1.0,3300000000.0,6700000000.0,12574195.424115,5800963.24316,82061.06855,17689599.428059,0.0,7581256.907464,7581256.896167,0.0,70747.30588399999,277451.967155362,35373.652949999996,75338.64202605,300000.0,False,True
972,4,0,1,NORMAL,0.0038157443985772726,0.003738132522399324,0.0038157443985772726,1.0,3300000000.0,6700000000.0,12591956.515305,5809507.966864,82242.179654,17714368.711797,0.0,7591872.314793,7591872.303481,0.0,70769.38211899999,277659.6164501916,35384.69106699999,75445.17254469001,300000.0,False,True
973,4,0,1,NORMAL,0.0038211283532142426,0.0037434870921293187,0.0038211283532142426,1.0,3300000000.0,6700000000.0,12609723.565607,5818056.628085,82423.546303,17739145.656738,0.0,7602491.005492,7602490.994167,0.0,70791.27126699999,277865.50601926044,35395.63564,75551.73909183,300000.0,False,True
974,4,0,1,NORMAL,0.003826514099909394,0.0037488436732764203,0.003826514099909394,1.0,3300000000.0,6700000000.0,12627496.529701,5826609.208062,82605.168582,17763930.197851,0.0,7613112.951698,7613112.940356,0.0,70812.97462099999,278069.64797328657,35406.48731899999,75658.341393642,300000.0,False,True
975,4,0,1,NORMAL,0.0038319016250230303,0.00375420225080846,0.0038319016250230303,1.0,3300000000.0,6700000000.0,12645275.362576,5835165.688173,82787.046575,17788722.270557,0.0,7623738.125732,7623738.11437,0.0,70834.49346,278272.05439154466,35417.24674,75764.979178206,300000.0,False,True
976,4,0,1,NORMAL,0.003837290915011212,0.0037595628097892827,0.003837290915011212,1.0,3300000000.0,6700000000.0,12663060.019537,5843726.049922,82969.180366,17813521.810727,0.0,7634366.500102,7634366.488726,0.0,70855.82906599999,278472.7373208746,35427.91454,75871.65217545601,300000.0,False,True
977,4,0,1,NORMAL,0.0038426819564242425,0.003764925335378635,0.0038426819564242425,1.0,3300000000.0,6700000000.0,12680850.4562,5852290.274942,83151.570038,17838328.754674,0.0,7644998.047519,7644998.036128,0.0,70876.982713,278671.7087747138,35438.491363999994,75978.36011722201,300000.0,False,True
978,4,0,1,NORMAL,0.0038480747359063636,0.0037702898128320374,0.0038480747359063636,1.0,3300000000.0,6700000000.0,12698646.628491,5860858.344999,83334.215674,17863143.039161,0.0,7655632.740879,7655632.729478,0.0,70897.955684,278868.9807321549,35448.977847,76085.1027372,300000.0,False,True
979,4,0,1,NORMAL,0.003853469240194849,0.003775656227500606,0.003853469240194849,1.0,3300000000.0,6700000000.0,12716448.492643,5869430.24199,83517.117356,17887964.601393,0.0,7666270.553272,7666270.54186,0.0,70918.749239,279064.56513702596,35459.374625000004,76191.87977094599,300000.0,False,True
980,4,0,1,NORMAL,0.00385886545612,0.00378102456483089,0.00385886545612,1.0,3300000000.0,6700000000.0,12734256.005196,5878005.947943,83700.275165,17912793.379017,0.0,7676911.457978,7676911.446554,0.0,70939.364648,279258.473896996,35469.68233000001,76298.69095585801,300000.0,False,True
981,4,0,1,NORMAL,0.0038642633706084846,0.0037863948103649286,0.0038642633706084846,1.0,3300000000.0,6700000000.0,12752069.123008,5886585.445007,83883.689181,17937629.310127,0.0,7687555.428461,7687555.417026,0.0,70959.80317500001,279450.7188827022,35479.901593,76405.536031176,300000.0,False,True
982,4,0,1,NORMAL,0.0038696629706769696,0.003791766949739899,0.0038696629706769696,1.0,3300000000.0,6700000000.0,12769887.803234,5895168.715465,84067.359485,17962472.33325,0.0,7698202.438382,7698202.426934,0.0,70980.066075,279641.3119269017,35490.033044,76512.414738048,300000.0,False,True
983,4,0,1,NORMAL,0.0038750642434357573,0.0037971409686880188,0.0038750642434357573,1.0,3300000000.0,6700000000.0,12787712.003338,5903755.74173,84251.286155,17987322.387357,0.0,7708852.461583,7708852.45012,0.0,71000.154601,279830.264823645,35500.077308,76619.326819404,300000.0,False,True
984,4,0,1,NORMAL,0.003880467176087576,0.0038025168530363774,0.003880467176087576,1.0,3300000000.0,6700000000.0,12805541.681089,5912346.506341,84435.469271,18012179.411856,0.0,7719505.472095,7719505.460616,0.0,71020.070006,280017.5893274728,35510.035011,76726.272020028,300000.0,False,True
985,4,0,1,NORMAL,0.00388587175592697,0.0038078945887067383,0.00388587175592697,1.0,3300000000.0,6700000000.0,12823376.794559,5920940.991965,84619.908911,18037043.34659,0.0,7730161.444131,7730161.432645,0.0,71039.81353300001,280203.29715263436,35519.90677,76833.25008653401,300000.0,False,True
986,4,0,1,NORMAL,0.003891277970340606,0.003813274161715375,0.003891277970340606,1.0,3300000000.0,6700000000.0,12841217.302124,5929539.181392,84804.605152,18061914.131834,0.0,7740820.352108,7740820.340603,0.0,71059.386423,280387.3999723282,35529.693221,76940.260767354,300000.0,False,True
987,4,0,1,NORMAL,0.0038966858068063635,0.0038186555581728584,0.0038966858068063635,1.0,3300000000.0,6700000000.0,12859063.162461,5938141.057546,84989.558072,18086791.708302,0.0,7751482.170605,7751482.159088,0.0,71078.78991800001,280569.90941796434,35539.394965,77047.303812744,300000.0,False,True
988,4,0,1,NORMAL,0.0039020952528933334,0.0038240387642838568,0.0039020952528933334,1.0,3300000000.0,6700000000.0,12876914.334548,5946746.60347,85174.767746,18111676.017133,0.0,7762146.874402,7762146.862871,0.0,71098.025242,280750.8370784478,35549.012628,77154.378974766,300000.0,False,True
989,4,0,1,NORMAL,0.0039075062962603034,0.0038294237663468534,0.0039075062962603034,1.0,3300000000.0,6700000000.0,12894770.777659,5955355.802339,85360.234251,18136566.999898,0.0,7772814.438454,7772814.426913,0.0,71117.09362399999,280930.19449948345,35558.54681700001,77261.486007288,300000.0,False,True
990,4,0,1,NORMAL,0.003912918924657576,0.0038348105507539972,0.003912918924657576,1.0,3300000000.0,6700000000.0,12912632.45137,5963968.637448,85545.957662,18161464.598597,0.0,7783484.837909,7783484.826353,0.0,71135.996293,281107.99318290106,35567.998154,77368.624665954,300000.0,False,True
991,4,0,1,NORMAL,0.003918333125925758,0.0038401991039908852,0.003918333125925758,1.0,3300000000.0,6700000000.0,12930499.315555,5972585.092217,85731.938054,18186368.755654,0.0,7794158.048087,7794158.036521,0.0,71154.73446,281284.2445860017,35577.367235000005,77475.79470822001,300000.0,False,True
992,4,0,1,NORMAL,0.003923748887993636,0.003845589412636224,0.003923748887993636,1.0,3300000000.0,6700000000.0,12948371.330379,5981205.150193,85918.1755,18211279.413919,0.0,7804834.044501,7804834.032919,0.0,71173.30934200001,281458.96012092347,35586.654679,77582.99589333002,300000.0,False,True
993,4,0,1,NORMAL,0.003929166198880606,0.0038509814633616683,0.003929166198880606,1.0,3300000000.0,6700000000.0,12966248.456306,5989828.795048,86104.670074,18236196.516668,0.0,7815512.80283,7815512.791238,0.0,71191.722146,281632.15115402755,35595.861078,77690.227982274,300000.0,False,True
994,4,0,1,NORMAL,0.003934585046695151,0.0038563752429315707,0.003934585046695151,1.0,3300000000.0,6700000000.0,12984130.654094,5998456.01057,86291.421849,18261120.007592,0.0,7826194.298949,7826194.287348,0.0,71209.974077,281803.8290053044,35604.987043,77797.490737836,300000.0,False,True
995,4,0,1,NORMAL,0.003940005419632424,0.0038617707382025937,0.003940005419632424,1.0,3300000000.0,6700000000.0,13002017.884787,6007086.780679,86478.430898,18286049.830804,0.0,7836878.508911,7836878.497294,0.0,71228.06633199999,281974.0049477977,35614.033174,77904.78392456399,300000.0,False,True
996,4,0,1,NORMAL,0.003945427305977879,0.00386716793612358,0.003945427305977879,1.0,3300000000.0,6700000000.0,13019910.109727,6015721.089411,86665.697292,18310985.930837,0.0,7847565.408939,7847565.397306,0.0,71246.000106,282142.69020704954,35623.000061,78012.107308722,300000.0,False,True
997,4,0,1,NORMAL,0.0039508506941042425,0.003872566823735236,0.0039508506941042425,1.0,3300000000.0,6700000000.0,13037807.290544,6024358.920926,86853.221103,18335928.252638,0.0,7858254.975438,7858254.963791,0.0,71263.776586,282309.89596056246,35631.88829999999,78119.460658362,300000.0,False,True
998,4,0,1,NORMAL,0.003956275572471819,0.0038779673881698543,0.003956275572471819,1.0,3300000000.0,6700000000.0,13055709.389157,6033000.259505,87041.002401,18360876.741571,0.0,7868947.184988,7868947.173331,0.0,71281.396956,282475.6333372811,35640.698483,78226.843743264,300000.0,False,True
999,4,0,1,NORMAL,0.0039617019296263635,0.00388336961665092,0.0039617019296263635,1.0,3300000000.0,6700000000.0,13073616.367767,6041645.089549,87229.041256,18385831.343403,0.0,7879642.014361,7879642.002686,0.0,71298.86239200001,282639.9134170917,35649.431205,78334.25633494201,300000.0,False,True
1000,4,0,1,NORMAL,0.003967129754202727,0.003888773496492972,0.003967129754202727,1.0,3300000000.0,6700000000.0,13091528.188869,6050293.395581,87417.337738,18410792.004324,0.0,7890339.44048,7890339.428793,0.0,71316.174068,282802.7472303394,35658.08704,78441.698206602,300000.0,False,True
1001,4,0,1,NORMAL,0.003972559034920303,0.003894179015101187,0.003972559034920303,1.0,3300000000.0,6700000000.0,13109444.815237,6058945.162243,87605.891917,18435758.670925,0.0,7901039.440461,7901039.428763,0.0,71333.333153,282964.14575736347,35666.666582,78549.169133214,300000.0,False,True
1002,4,0,1,NORMAL,0.003977989760585454,0.00389958615997114,0.003977989760585454,1.0,3300000000.0,6700000000.0,13127366.209932,6067600.374294,87794.703861,18460731.290205,0.0,7911741.991588,7911741.979882,0.0,71350.34080600002,283124.1199280498,35675.170407000005,78656.668891422,300000.0,False,True
1003,4,0,1,NORMAL,0.003983421920089394,0.003904994918688447,0.003983421920089394,1.0,3300000000.0,6700000000.0,13145292.336295,6076259.016613,87983.773638,18485709.809567,0.0,7922447.071327,7922447.059607,0.0,71367.19818800001,283282.68062140036,35683.599101,78764.197259592,300000.0,False,True
1004,4,0,1,NORMAL,0.003988855502408788,0.003910405278928469,0.003988855502408788,1.0,3300000000.0,6700000000.0,13163223.157949,6084921.074197,88173.101315,18510694.17682,0.0,7933154.657301,7933154.645572,0.0,71383.906445,283439.8386651197,35691.953227,78871.75401777,300000.0,False,True
1005,4,0,1,NORMAL,0.0039942904966048486,0.003915817228455978,0.0039942904966048486,1.0,3300000000.0,6700000000.0,13181158.638796,6093586.532161,88362.68696,18535684.340171,0.0,7943864.727317,7943864.715577,0.0,71400.466723,283595.60483521776,35700.233367,78979.33894769399,300000.0,False,True
1006,4,0,1,NORMAL,0.003999726891823031,0.003921230755124821,0.003999726891823031,1.0,3300000000.0,6700000000.0,13199098.743016,6102255.375736,88552.530638,18560680.248228,0.0,7954577.259351,7954577.247598,0.0,71416.88016900001,283749.98985562916,35708.440091,79086.951832776,300000.0,False,True
1007,4,0,1,NORMAL,0.004005164677292424,0.003926645846877569,0.004005164677292424,1.0,3300000000.0,6700000000.0,13217043.435065,6110927.590267,88742.632416,18585681.849992,0.0,7965292.231549,7965292.219781,0.0,71433.147909,283903.0043978484,35716.573962,79194.59245809601,300000.0,False,True
1008,4,0,1,NORMAL,0.0040106038423257575,0.003932062491745194,0.0040106038423257575,1.0,3300000000.0,6700000000.0,13234992.679675,6119603.161219,88932.99236,18610689.094864,0.0,7976009.622222,7976009.610439,0.0,71449.271075,284054.65908058087,35724.635545000005,79302.26061039,300000.0,False,True
1009,4,0,1,NORMAL,0.004016044376319394,0.0039374806778467554,0.004016044376319394,1.0,3300000000.0,6700000000.0,13252946.441854,6128282.074172,89123.610534,18635701.932638,0.0,7986729.409851,7986729.398055,0.0,71465.250793,284204.9644694091,35732.625403000005,79409.95607805,300000.0,False,True
1010,4,0,1,NORMAL,0.004021486268751818,0.003942900393389018,0.004021486268751818,1.0,3300000000.0,6700000000.0,13270904.686881,6136964.314818,89314.487003,18660720.313497,0.0,7997451.573088,7997451.561279,0.0,71481.088179,284353.9310764747,35740.544096000005,79517.678651124,300000.0,False,True
1011,4,0,1,NORMAL,0.004026929509183333,0.003948321626666071,0.004026929509183333,1.0,3300000000.0,6700000000.0,13288867.380305,6145649.868965,89505.621831,18685744.188013,0.0,8008176.090751,8008176.078926,0.0,71496.78434200001,284501.5693601746,35748.392178999995,79625.42812128601,300000.0,False,True
1012,4,0,1,NORMAL,0.004032374087256666,0.0039537443660590125,0.004032374087256666,1.0,3300000000.0,6700000000.0,13306834.487947,6154338.722533,89697.015081,18710773.507146,0.0,8018902.941821,8018902.929982,0.0,71512.340392,284647.88972487254,35756.17020300001,79733.20428182998,300000.0,False,True
1013,4,0,1,NORMAL,0.004037819992695455,0.003959168600035558,0.004037819992695455,1.0,3300000000.0,6700000000.0,13324805.975895,6163030.861557,89888.666816,18735808.222243,0.0,8029632.105447,8029632.093591,0.0,71527.75742899999,284792.9025206248,35763.878722999994,79841.00692768198,300000.0,False,True
1014,4,0,1,NORMAL,0.004043267215304546,0.003964594317149686,0.004043267215304546,1.0,3300000000.0,6700000000.0,13342781.810505,6171726.272181,90080.577099,18760848.28503,0.0,8040363.560941,8040363.549067,0.0,71543.03654399999,284936.6180429201,35771.51828100001,79948.83585537002,300000.0,False,True
1015,4,0,1,NORMAL,0.00404871574496909,0.003970021506041261,0.00404871574496909,1.0,3300000000.0,6700000000.0,13360761.958398,6180424.940663,90272.745992,18785893.647617,0.0,8051097.287776,8051097.275887,0.0,71558.178829,285079.046532433,35779.089422000005,80056.69086303,300000.0,False,True
1016,4,0,1,NORMAL,0.004054165571653333,0.003975450155435588,0.004054165571653333,1.0,3300000000.0,6700000000.0,13378746.386456,6189126.853372,90465.173557,18810944.26249,0.0,8061833.265593,8061833.253687,0.0,71573.18536300001,285220.198174792,35786.59269,80164.57175038799,300000.0,False,True
1017,4,0,1,NORMAL,0.004059616685403636,0.003980880254143204,0.004059616685403636,1.0,3300000000.0,6700000000.0,13396735.061832,6197831.996785,90657.859854,18836000.082516,0.0,8072571.47419,8072571.462269,0.0,71588.057231,285360.08310036,35794.028623,80272.478318736,300000.0,False,True
1018,4,0,1,NORMAL,0.004065069076343636,0.0039863117910593614,0.004065069076343636,1.0,3300000000.0,6700000000.0,13414727.951934,6206540.357493,90850.804944,18861061.060937,0.0,8083311.893523,8083311.881592,0.0,71602.795498,285498.7113840285,35801.397754,80380.410370992,300000.0,False,True
1019,4,0,1,NORMAL,0.004070522734676363,0.003991744755163684,0.004070522734676363,1.0,3300000000.0,6700000000.0,13432725.024432,6215251.922193,91044.008888,18886127.151364,0.0,8094054.503717,8094054.491774,0.0,71617.40123,285636.0930450243,35808.700620999996,80488.367711604,300000.0,False,True
1020,4,0,1,NORMAL,0.004075977650682424,0.003997179135519733,0.004075977650682424,1.0,3300000000.0,6700000000.0,13450726.247252,6223966.677693,91237.471745,18911198.307779,0.0,8104799.285052,8104799.273094,0.0,71631.87548500001,285772.23804673,35815.93775,80596.35014659198,300000.0,False,True
1021,4,0,1,NORMAL,0.004081433814721515,0.004002614921274687,0.004081433814721515,1.0,3300000000.0,6700000000.0,13468731.588581,6232684.610907,91431.193574,18936274.484538,0.0,8115546.217956,8115546.20599,0.0,71646.219318,285907.1562965149,35823.109662999996,80704.35748351201,300000.0,False,True
1022,4,0,1,NORMAL,0.00408689121723,0.004008052101658901,0.00408689121723,1.0,3300000000.0,6700000000.0,13486741.016859,6241405.708857,91625.174434,18961355.636357,0.0,8126295.283032,8126295.271053,0.0,71660.433777,286040.85764558055,35830.216895,80812.389531486,300000.0,False,True
1023,4,0,1,NORMAL,0.004092349848720606,0.004013490665985463,0.004092349848720606,1.0,3300000000.0,6700000000.0,13504754.500778,6250129.958675,91819.414383,18986441.71832,0.0,8137046.461026,8137046.449036,0.0,71674.51990300001,286173.3518888161,35837.259956999995,80920.44610115401,300000.0,False,True
1024,4,0,1,NORMAL,0.004097809699784243,0.0040189306036499005,0.004097809699784243,1.0,3300000000.0,6700000000.0,13522772.009288,6258857.347593,92013.913479,19011532.685872,0.0,8147799.732844,8147799.720843,0.0,71688.478729,286304.64876466687,35844.23937,81028.52700466801,300000.0,False,True
1025,4,0,1,NORMAL,0.004103270761086364,0.004024371904129673,0.004103270761086364,1.0,3300000000.0,6700000000.0,13540793.511585,6267587.862955,92208.67178,19036628.49482,0.0,8158555.079548,8158555.067533,0.0,71702.31128999998,286434.7579550137,35851.15565200001,81136.63205572801,300000.0,False,True
1026,4,0,1,NORMAL,0.004108733023368788,0.004029814556983809,0.004108733023368788,1.0,3300000000.0,6700000000.0,13558818.977117,6276321.492205,92403.689343,19061729.101326,0.0,8169312.48235,8169312.470318,0.0,71716.018599,286563.68908506393,35858.00930800001,81244.76106951,300000.0,False,True
1027,4,0,1,NORMAL,0.004114196477449091,0.0040352585518525375,0.004114196477449091,1.0,3300000000.0,6700000000.0,13576848.375582,6285058.222895,92598.966224,19086834.461912,0.0,8180071.922613,8180071.910569,0.0,71729.601686,286691.4517232531,35864.800849,81352.91386270199,300000.0,False,True
1028,4,0,1,NORMAL,0.004119661114218485,0.004040703878456792,0.004119661114218485,1.0,3300000000.0,6700000000.0,13594881.676921,6293798.04268,92794.50248,19111944.533452,0.0,8190833.381857,8190833.369799,0.0,71743.061554,286818.0553811576,35871.530784,81461.090253492,300000.0,False,True
1029,4,0,1,NORMAL,0.004125126924643333,0.004046150526597859,0.004125126924643333,1.0,3300000000.0,6700000000.0,13612918.851323,6302540.939317,92990.298166,19137059.273172,0.0,8201596.841748,8201596.829678,0.0,71756.39921,286943.50951341836,35878.19961099999,81569.290061526,300000.0,False,True
1030,4,0,1,NORMAL,0.004130593899762728,0.004051598486156883,0.004130593899762728,1.0,3300000000.0,6700000000.0,13630959.869217,6311286.900668,93186.353337,19162178.638646,0.0,8212362.284108,8212362.272023,0.0,71769.61565300002,287067.8235176742,35884.80783400001,81677.513107938,300000.0,False,True
1031,4,0,1,NORMAL,0.004136062030691818,0.004057047747094621,0.004136062030691818,1.0,3300000000.0,6700000000.0,13649004.701283,6320035.914692,93382.668048,19187302.5878,0.0,8223129.690898,8223129.678803,0.0,71782.71187800002,287191.0067345058,35891.355944,81785.75921530202,300000.0,False,True
1032,4,0,1,NORMAL,0.0041415313086157575,0.004062498299450823,0.0041415313086157575,1.0,3300000000.0,6700000000.0,13667053.318432,6328787.969455,93579.242354,19212431.0789,0.0,8233899.044239,8233899.03213,0.0,71795.68886799998,287313.0684473899,35897.844441,81894.02820769801,300000.0,False,True
1033,4,0,1,NORMAL,0.004147001724793334,0.004067950133343888,0.004147001724793334,1.0,3300000000.0,6700000000.0,13685105.691818,6337543.053122,93776.076309,19237564.070559,0.0,8244670.326393,8244670.314267,0.0,71808.547609,287434.0178826622,35904.27381299999,82002.31991059199,300000.0,False,True
1034,4,0,1,NORMAL,0.004152473270555758,0.00407340323897046,0.004152473270555758,1.0,3300000000.0,6700000000.0,13703161.792834,6346301.153955,93973.169966,19262701.521729,0.0,8255443.519765,8255443.507624,0.0,71821.28906899998,287553.86420949124,35910.644541999995,82110.63415090802,300000.0,False,True
1035,4,0,1,NORMAL,0.004157945937305758,0.004078857606604995,0.004157945937305758,1.0,3300000000.0,6700000000.0,13721221.593109,6355062.260321,94170.523379,19287843.391704,0.0,8266218.606909,8266218.594754,0.0,71833.914224,287672.6165398605,35916.957119000006,82218.970757004,300000.0,False,True
1036,4,0,1,NORMAL,0.004163419716516667,0.004084313226599297,0.004163419716516667,1.0,3300000000.0,6700000000.0,13739285.064505,6363826.360682,94368.1366,19312989.640111,0.0,8276995.570524,8276995.558356,0.0,71846.42403100003,287790.2839285601,35923.21202200001,82327.329558654,300000.0,False,True
1037,4,0,1,NORMAL,0.0041688945997342425,0.0040897700893821965,0.0041688945997342425,1.0,3300000000.0,6700000000.0,13757352.179123,6372593.443595,94566.009682,19338140.226914,0.0,8287774.393454,8287774.381271,0.0,71858.819451,287906.8753731872,35929.409733,82435.71038703,300000.0,False,True
1038,4,0,1,NORMAL,0.0041743705785724245,0.004095228185458985,0.0041743705785724245,1.0,3300000000.0,6700000000.0,13775422.909289,6381363.497722,94764.142676,19363295.112411,0.0,8298555.058683,8298555.046481,0.0,71871.101433,288022.3998141559,35935.550726,82544.11307473801,300000.0,False,True
1039,4,0,1,NORMAL,0.004179847644716363,0.0041006875054110745,0.004179847644716363,1.0,3300000000.0,6700000000.0,13793497.227564,6390136.511818,94962.535635,19388454.25723,0.0,8309337.549331,8309337.537115,0.0,71883.27092,288136.8661347141,35941.635467,82652.53745573401,300000.0,False,True
1040,4,0,1,NORMAL,0.004185325789919394,0.004106148039895482,0.004185325789919394,1.0,3300000000.0,6700000000.0,13811575.106734,6398912.474735,95161.188609,19413617.622323,0.0,8320121.848671,8320121.83644,0.0,71895.328851,288250.2831609707,35947.664433,82760.98336538399,300000.0,False,True
1041,4,0,1,NORMAL,0.0041908050060045455,0.0041116097796444545,0.0041908050060045455,1.0,3300000000.0,6700000000.0,13829656.519815,6407691.375423,95360.10165,19438785.168974,0.0,8330907.940106,8330907.927861,0.0,71907.276158,288362.6596619292,35953.638086000006,82869.450640404,300000.0,False,True
1042,4,0,1,NORMAL,0.0041962852848633336,0.004117072715465028,0.0041962852848633336,1.0,3300000000.0,6700000000.0,13847741.440049,6416473.202923,95559.274807,19463956.858788,0.0,8341695.807186,8341695.794923,0.0,71919.11377000001,288474.0043495304,35959.556893999994,82977.93911889,300000.0,False,True
1043,4,0,1,NORMAL,0.004201766618456363,0.004122536838238662,0.004201766618456363,1.0,3300000000.0,6700000000.0,13865829.840906,6425257.946374,95758.708131,19489132.653697,0.0,8352485.433582,8352485.421311,0.0,71930.842602,288584.3258787024,35965.421305,83086.44864029401,300000.0,False,True
1044,4,0,1,NORMAL,0.004207248998809394,0.0041280021389206445,0.004207248998809394,1.0,3300000000.0,6700000000.0,13883921.696071,6434045.595005,95958.401672,19514312.515943,0.0,8363276.803131,8363276.790843,0.0,71942.463573,288693.63284741825,35971.231795,83194.979045436,300000.0,False,True
1045,4,0,1,NORMAL,0.004212732418017273,0.004133468608539782,0.004212732418017273,1.0,3300000000.0,6700000000.0,13902016.979457,6442836.138142,96158.355479,19539496.408095,0.0,8374069.899779,8374069.887479,0.0,71953.977588,288801.9337967612,35976.98880000001,83303.53017642601,300000.0,False,True
1046,4,0,1,NORMAL,0.004218216868240909,0.00413893623819792,0.004218216868240909,1.0,3300000000.0,6700000000.0,13920115.665195,6451629.565202,96358.569601,19564684.293033,0.0,8384864.707624,8384864.695308,0.0,71965.38554999999,288909.23721099686,35982.69278299999,83412.101876742,300000.0,False,True
1047,4,0,1,NORMAL,0.004223702341708485,0.004144405019069569,0.004223702341708485,1.0,3300000000.0,6700000000.0,13938217.727638,6460425.865696,96559.044086,19589876.133957,0.0,8395661.210883,8395661.198559,0.0,71976.688358,289015.55151765305,35988.344183,83520.69399117,300000.0,False,True
1048,4,0,1,NORMAL,0.004229188830711819,0.0041498749424013276,0.004229188830711819,1.0,3300000000.0,6700000000.0,13956323.141349,6469225.029223,96759.778983,19615071.894368,0.0,8406459.393924,8406459.381591,0.0,71987.886895,289120.8850876055,35993.943452,83629.306365828,300000.0,False,True
1049,4,0,1,NORMAL,0.004234676327609394,0.004155345999511525,0.004234676327609394,1.0,3300000000.0,6700000000.0,13974431.881111,6478027.045476,96960.774339,19640271.538083,0.0,8417259.241241,8417259.228894,0.0,71998.98205,289225.2462351715,35999.49103199999,83737.93884809403,300000.0,False,True
1050,4,0,1,NORMAL,0.004240164824824546,0.004160818181789785,0.004240164824824546,1.0,3300000000.0,6700000000.0,13992543.921921,6486831.904237,97162.030202,19665475.029225,0.0,8428060.737456,8428060.725096,0.0,72009.97470100001,289328.64321820915,36004.987357000005,83846.59128666601,300000.0,False,True
1051,4,0,1,NORMAL,0.004245654314844849,0.004166291480696563,0.004245654314844849,1.0,3300000000.0,6700000000.0,14010659.238988,6495639.595377,97363.546619,19690682.332221,0.0,8438863.867327,8438863.854949,0.0,72020.865716,289431.0842382235,36010.432866999996,83955.26353152601,300000.0,False,True
1052,4,0,1,NORMAL,0.00425114479022303,0.004171765887762787,0.00425114479022303,1.0,3300000000.0,6700000000.0,14028777.807736,6504450.108856,97565.323637,19715893.411806,0.0,8449668.615732,8449668.603341,0.0,72031.655967,289532.57744047896,36015.827990000005,84063.955433928,300000.0,False,True
1053,4,0,1,NORMAL,0.004256636243574545,0.0041772413945893525,0.004256636243574545,1.0,3300000000.0,6700000000.0,14046899.603796,6513263.434724,97767.361302,19741108.233012,0.0,8460474.967688,8460474.955285,0.0,72042.346312,289633.1309141171,36021.173162,84172.666846416,300000.0,False,True
1054,4,0,1,NORMAL,0.0042621286675772726,0.004182717992846638,0.0042621286675772726,1.0,3300000000.0,6700000000.0,14065024.603005,6522079.563118,97969.65966,19766326.761168,0.0,8471282.908337,8471282.895921,0.0,72052.93759699998,289732.7526922812,36026.468805,84281.397622776,300000.0,False,True
1055,4,0,1,NORMAL,0.004267622054973334,0.0041881956742741665,0.004267622054973334,1.0,3300000000.0,6700000000.0,14083152.781412,6530898.484262,98172.218757,19791548.961905,0.0,8482092.422946,8482092.410521,0.0,72063.43068299998,289831.45075224654,36031.715346,84390.14761803,300000.0,False,True
1056,4,0,1,NORMAL,0.004273116398565757,0.0041936744306800755,0.004273116398565757,1.0,3300000000.0,6700000000.0,14101284.115267,6539720.188463,98375.038639,19816774.801142,0.0,8492903.496918,8492903.484478,0.0,72073.826403,289929.23301555525,36036.913209000006,84498.91668847202,300000.0,False,True
1057,4,0,1,NORMAL,0.004278611691220606,0.004199154253940756,0.004278611691220606,1.0,3300000000.0,6700000000.0,14119418.581028,6548544.666121,98578.11935,19842004.245098,0.0,8503716.115768,8503716.103315,0.0,72084.125599,290026.1073481578,36042.06280600001,84607.70469160199,300000.0,False,True
1058,4,0,1,NORMAL,0.004284107925864243,0.004204635136000336,0.004284107925864243,1.0,3300000000.0,6700000000.0,14137556.155352,6557371.907719,98781.460935,19867237.26028,0.0,8514530.265141,8514530.252676,0.0,72094.329098,290122.08156055916,36047.16455500001,84716.511486168,300000.0,False,True
1059,4,0,1,NORMAL,0.004289605095484546,0.004210117068870285,0.004289605095484546,1.0,3300000000.0,6700000000.0,14155696.815099,6566201.903822,98985.063439,19892473.81348,0.0,8525345.930811,8525345.918331,0.0,72104.437725,290217.1634079703,36052.21887,84825.336932112,300000.0,False,True
1060,4,0,1,NORMAL,0.00429510319313,0.004215600044628977,0.00429510319313,1.0,3300000000.0,6700000000.0,14173840.537329,6575034.645081,99188.926906,19917713.871781,0.0,8536163.098665,8536163.086171,0.0,72114.45229600002,290311.36059046484,36057.226155000004,84934.18089059401,300000.0,False,True
1061,4,0,1,NORMAL,0.004300602211909091,0.004221084055421242,0.004300602211909091,1.0,3300000000.0,6700000000.0,14191987.2993,6583870.122229,99393.051379,19942957.402548,0.0,8546981.754721,8546981.742211,0.0,72124.37363,290404.68075314007,36062.186823,85043.043223974,300000.0,False,True
1062,4,0,1,NORMAL,0.00430610214499,0.004226569093457936,0.00430610214499,1.0,3300000000.0,6700000000.0,14210137.078467,6592708.326085,99597.436902,19968204.37343,0.0,8557801.885112,8557801.872586,0.0,72134.20253,290497.1314862831,36067.101273,85151.9237958,300000.0,False,True
1063,4,0,1,NORMAL,0.0043116029856,0.004232055151015489,0.0043116029856,1.0,3300000000.0,6700000000.0,14228289.85248,6601549.247549,99802.083517,19993454.752355,0.0,8568623.476094,8568623.463553,0.0,72143.939799,290588.72032554186,36071.969907000006,85260.822470802,300000.0,False,True
1064,4,0,1,NORMAL,0.004317104727027273,0.004237542220435605,0.004317104727027273,1.0,3300000000.0,6700000000.0,14246445.59919,6610392.877599,100006.991268,20018708.507533,0.0,8579446.514034,8579446.501485,0.0,72153.586228,290679.45475209976,36076.793117999994,85369.73911488001,300000.0,False,True
1065,4,0,1,NORMAL,0.0043226073626142425,0.00424303029412455,0.0043226073626142425,1.0,3300000000.0,6700000000.0,14264604.296627,6619239.207301,100212.160197,20043965.607444,0.0,8590270.985436,8590270.972873,0.0,72163.14261199998,290769.3421928556,36081.571313,85478.67359514,300000.0,False,True
1066,4,0,1,NORMAL,0.004328110885764243,0.004248519364552918,0.004328110885764243,1.0,3300000000.0,6700000000.0,14282765.923022,6628088.227798,100417.590346,20069226.020847,0.0,8601096.876905,8601096.864331,0.0,72172.609733,290858.39002060675,36086.304872,85587.625779762,300000.0,False,True
1067,4,0,1,NORMAL,0.004333615289937273,0.004254009424255135,0.004333615289937273,1.0,3300000000.0,6700000000.0,14300930.456793,6636939.930314,100623.281757,20094489.716773,0.0,8611924.175169,8611924.162582,0.0,72181.988367,290946.6055542372,36090.994190000005,85696.59553813201,300000.0,False,True
1068,4,0,1,NORMAL,0.004339120568650606,0.004259500465829036,0.004339120568650606,1.0,3300000000.0,6700000000.0,14319097.876547,6645794.30615,100829.234471,20119756.66452,0.0,8622752.867072,8622752.85447,0.0,72191.279285,291033.99605890916,36095.63965,85805.582740758,300000.0,False,True
1069,4,0,1,NORMAL,0.004344626715477879,0.004264992481935414,0.004344626715477879,1.0,3300000000.0,6700000000.0,14337268.161077,6654651.346689,101035.44853,20145026.833657,0.0,8633582.939573,8633582.926956,0.0,72200.483261,291120.5687462583,36100.24163800001,85914.587259282,300000.0,False,True
1070,4,0,1,NORMAL,0.004350133724050606,0.004270485465297685,0.004350133724050606,1.0,3300000000.0,6700000000.0,14355441.289367,6663511.04339,101241.923974,20170300.194022,0.0,8644414.379742,8644414.36711,0.0,72209.601053,291206.33077459305,36104.800533999995,86023.60896646201,300000.0,False,True
1071,4,0,1,NORMAL,0.0043556415880545455,0.004275979408701354,0.0043556415880545455,1.0,3300000000.0,6700000000.0,14373617.24058,6672373.38779,101448.660844,20195576.715713,0.0,8655247.174764,8655247.162118,0.0,72218.63341199998,291291.28924909775,36109.316713,86132.647736202,300000.0,False,True
1072,4,0,1,NORMAL,0.004361150301230909,0.004281474304993584,0.004361150301230909,1.0,3300000000.0,6700000000.0,14391795.994062,6681238.371506,101655.659181,20220856.369093,0.0,8666081.311937,8666081.299279,0.0,72227.581094,291375.45122203795,36113.790553000006,86241.70344348,300000.0,False,True
1073,4,0,1,NORMAL,0.004366659857376666,0.004286970147082816,0.004366659857376666,1.0,3300000000.0,6700000000.0,14409977.529343,6690105.986228,101862.919024,20246139.124784,0.0,8676916.778672,8676916.766001,0.0,72236.44483899999,291458.82369297085,36118.222426,86350.775964372,300000.0,False,True
1074,4,0,1,NORMAL,0.004372170250343334,0.004292466927938334,0.004372170250343334,1.0,3300000000.0,6700000000.0,14428161.826133,6698976.223719,102070.440414,20271424.953664,0.0,8687753.562492,8687753.549803,0.0,72245.225382,291541.4136089572,36122.612700000005,86459.865176058,300000.0,False,True
1075,4,0,1,NORMAL,0.004377681474036061,0.0042979646405897996,0.004377681474036061,1.0,3300000000.0,6700000000.0,14446348.864319,6707849.075828,102278.223389,20296713.826874,0.0,8698591.651022,8698591.63832,0.0,72253.923467,291623.22786477813,36126.961740000006,86568.97095679802,300000.0,False,True
1076,4,0,1,NORMAL,0.004383193522414545,0.0043034632781268805,0.004383193522414545,1.0,3300000000.0,6700000000.0,14464538.623968,6716724.534469,102486.267989,20322005.715805,0.0,8709431.032003,8709431.019289,0.0,72262.539812,291704.27330315305,36131.269912,86678.09318591401,300000.0,False,True
1077,4,0,1,NORMAL,0.004388706389491212,0.004308962833698774,0.004388706389491212,1.0,3300000000.0,6700000000.0,14482731.085321,6725602.591635,102694.574253,20347300.592102,0.0,8720271.693286,8720271.680557,0.0,72271.07514500001,291784.5567149623,36135.53758,86787.231743808,300000.0,False,True
1078,4,0,1,NORMAL,0.004394220069331515,0.00431446330051379,0.004394220069331515,1.0,3300000000.0,6700000000.0,14500926.228794,6734483.23939,102903.142219,20372598.427659,0.0,8731113.622825,8731113.610078,0.0,72279.530174,291864.0848394711,36139.765096,86896.386511926,300000.0,False,True
1079,4,0,1,NORMAL,0.004399734556055151,0.00431996467183904,0.004399734556055151,1.0,3300000000.0,6700000000.0,14519124.034982,6743366.469875,103111.971925,20397899.194625,0.0,8741956.808676,8741956.795917,0.0,72287.905622,291942.86436455714,36143.952817,87005.55737276401,300000.0,False,True
1080,4,0,1,NORMAL,0.0044052498438312115,0.004325466940999825,0.0044052498438312115,1.0,3300000000.0,6700000000.0,14537324.484643,6752252.275297,103321.06341,20423202.865385,0.0,8752801.239016,8752801.226241,0.0,72296.202184,292020.90192694025,36148.1011,87114.744209892,300000.0,False,True
1081,4,0,1,NORMAL,0.004410765926882727,0.0043309701013793675,0.004410765926882727,1.0,3300000000.0,6700000000.0,14555527.558713,6761140.647943,103530.416711,20448509.412581,0.0,8763646.90211,8763646.889322,0.0,72304.420567,292098.204112415,36152.21029,87223.94690785799,300000.0,False,True
1082,4,0,1,NORMAL,0.004416282799482424,0.004336474146418275,0.004416282799482424,1.0,3300000000.0,6700000000.0,14573733.238292,6770031.580167,103740.031866,20473818.809089,0.0,8774493.786339,8774493.773539,0.0,72312.561462,292174.7774560851,36156.280737,87333.16535227801,300000.0,False,True
1083,4,0,1,NORMAL,0.0044218004559557576,0.004341979069614242,0.0044218004559557576,1.0,3300000000.0,6700000000.0,14591941.504654,6778925.064393,103949.908912,20499131.02803,0.0,8785341.880186,8785341.867369,0.0,72320.625559,292250.6284426008,36160.312788,87442.39942975201,300000.0,False,True
1084,4,0,1,NORMAL,0.004427318890677879,0.004347484864521573,0.004427318890677879,1.0,3300000000.0,6700000000.0,14610152.339237,6787821.093118,104160.047886,20524446.042766,0.0,8796191.172231,8796191.159396,0.0,72328.613544,292325.7635063977,36164.306781,87551.649027924,300000.0,False,True
1085,4,0,1,NORMAL,0.004432838098075455,0.004352991524750856,0.004432838098075455,1.0,3300000000.0,6700000000.0,14628365.723649,6796719.658906,104370.448824,20549763.826896,0.0,8807041.651153,8807041.638307,0.0,72336.526093,292400.1890319385,36168.263052,87660.914035422,300000.0,False,True
1086,4,0,1,NORMAL,0.004438358072622121,0.004358499043968357,0.004438358072622121,1.0,3300000000.0,6700000000.0,14646581.639653,6805620.754395,104581.111763,20575084.354252,0.0,8817893.305742,8817893.292887,0.0,72344.363881,292473.9113539561,36172.181945,87770.194341894,300000.0,False,True
1087,4,0,1,NORMAL,0.00444387880884303,0.004364007415895755,0.00444387880884303,1.0,3300000000.0,6700000000.0,14664800.069182,6814524.372288,104792.036739,20600407.5989,0.0,8828746.124892,8828746.11202,0.0,72352.12757899999,292546.9367576989,36176.063798,87879.489837918,300000.0,False,True
1088,4,0,1,NORMAL,0.004449400301312121,0.0043695166343097145,0.004449400301312121,1.0,3300000000.0,6700000000.0,14683020.99433,6823430.505357,105003.223788,20625733.535142,0.0,8839600.097578,8839600.084694,0.0,72359.81784399999,292619.27147917816,36179.908928,87988.800415092,300000.0,False,True
1089,4,0,1,NORMAL,0.004454922544652121,0.004375026693041483,0.004454922544652121,1.0,3300000000.0,6700000000.0,14701244.397352,6832339.146443,105214.672946,20651062.137509,0.0,8850455.212883,8850455.199993,0.0,72367.435338,292690.92170541664,36183.717672000006,88098.12596598,300000.0,False,True
1090,4,0,1,NORMAL,0.004460445533533031,0.004380537585976422,0.004460445533533031,1.0,3300000000.0,6700000000.0,14719470.260659,6841250.288449,105426.384248,20676393.380753,0.0,8861311.460002,8861311.447097,0.0,72374.980711,292761.89357469924,36187.490363,88207.466384112,300000.0,False,True
1091,4,0,1,NORMAL,0.004465969262673333,0.004386049307053642,0.004465969262673333,1.0,3300000000.0,6700000000.0,14737698.566822,6850163.924353,105638.357729,20701727.239863,0.0,8872168.828206,8872168.815286,0.0,72382.454613,292832.1931768251,36191.227313999996,88316.82156395401,300000.0,False,True
1092,4,0,1,NORMAL,0.004471493726839697,0.0043915618502656465,0.004471493726839697,1.0,3300000000.0,6700000000.0,14755929.298571,6859080.047194,105850.593424,20727063.69005,0.0,8883027.306868,8883027.293936,0.0,72389.857686,292901.82655336166,36194.928848999996,88426.19140093199,300000.0,False,True
1093,4,0,1,NORMAL,0.004477018920845757,0.004397075209657912,0.004477018920845757,1.0,3300000000.0,6700000000.0,14774162.438791,6867998.650076,106063.091368,20752402.706746,0.0,8893886.885463,8893886.872517,0.0,72397.190568,292970.7996978989,36198.595291,88535.575791426,300000.0,False,True
1094,4,0,1,NORMAL,0.004482544839550606,0.004402589379328409,0.004482544839550606,1.0,3300000000.0,6700000000.0,14792397.970517,6876919.726169,106275.851595,20777744.265602,0.0,8904747.553557,8904747.540597,0.0,72404.45388599999,293039.11855630676,36202.226950000004,88644.974632746,300000.0,False,True
1095,4,0,1,NORMAL,0.004488071477861212,0.0044081043534273,0.004488071477861212,1.0,3300000000.0,6700000000.0,14810635.876942,6885843.268709,106488.874139,20803088.342494,0.0,8915609.300807,8915609.287835,0.0,72411.648272,293106.7890269923,36205.824142,88754.387823102,300000.0,False,True
1096,4,0,1,NORMAL,0.004493598830729394,0.004413620126156467,0.004493598830729394,1.0,3300000000.0,6700000000.0,14828876.141407,6894769.270995,106702.159034,20828434.913512,0.0,8926472.116967,8926472.103984,0.0,72418.774345,293173.81696115877,36209.387178,88863.815261652,300000.0,False,True
1097,4,0,1,NORMAL,0.004499126893154242,0.0044191366917692276,0.004499126893154242,1.0,3300000000.0,6700000000.0,14847118.747409,6903697.726388,106915.706314,20853783.954964,0.0,8937335.991884,8937335.978889,0.0,72425.83272600001,293240.20816306584,36212.916369,88973.256848442,300000.0,False,True
1098,4,0,1,NORMAL,0.004504655660178182,0.004424654044569805,0.004504655660178182,1.0,3300000000.0,6700000000.0,14865363.678588,6912628.628315,107129.516012,20879135.44337,0.0,8948200.915495,8948200.902491,0.0,72432.82402500001,293305.9683902903,36216.41201700001,89082.712484454,300000.0,False,True
1099,4,0,1,NORMAL,0.004510185126888788,0.0044301721789129665,0.004510185126888788,1.0,3300000000.0,6700000000.0,14883610.918733,6921561.970266,107343.588162,20904489.355464,0.0,8959066.877832,8959066.864817,0.0,72439.748851,293371.1033539889,36219.874431,89192.182071528,300000.0,False,True
1100,4,0,1,NORMAL,0.00451571528842,0.004435691089203743,0.00451571528842,1.0,3300000000.0,6700000000.0,14901860.451786,6930497.745787,107557.922796,20929845.668191,0.0,8969933.86901,8969933.855985,0.0,72446.6078,293435.61871916085,36223.303905,89301.66551239802,300000.0,False,True
1101,4,0,1,NORMAL,0.004521246139948485,0.004441210769896952,0.004521246139948485,1.0,3300000000.0,6700000000.0,14920112.26183,6939435.94849,107772.519948,20955204.358703,0.0,8980801.879244,8980801.866203,0.0,72453.401476,293499.5201049119,36226.700745999995,89411.16271071599,300000.0,False,True
1102,4,0,1,NORMAL,0.004526777676695454,0.004446731215496855,0.004526777676695454,1.0,3300000000.0,6700000000.0,14938366.333095,6948376.57205,107987.379649,20980565.404366,0.0,8991670.89882,8991670.885771,0.0,72460.13047,293562.81308471895,36230.065239,89520.67357098,300000.0,False,True
1103,4,0,1,NORMAL,0.0045323098939245455,0.004452252420556706,0.0045323098939245455,1.0,3300000000.0,6700000000.0,14956622.649951,6957319.610198,108202.501933,21005928.782742,0.0,9002540.918132,9002540.905075,0.0,72466.795368,293625.5031866959,36233.397688000005,89630.19799857,300000.0,False,True
1104,4,0,1,NORMAL,0.004537842786943334,0.004457774379678424,0.004537842786943334,1.0,3300000000.0,6700000000.0,14974881.196913,6966265.056726,108417.886831,21031294.471602,0.0,9013411.927657,9013411.914583,0.0,72473.39675300001,293687.5958938595,36236.69838500001,89739.73589970601,300000.0,False,True
1105,4,0,1,NORMAL,0.004543376351101819,0.0044632970875121926,0.004543376351101819,1.0,3300000000.0,6700000000.0,14993141.958636,6975212.905489,108633.534375,21056662.448921,0.0,9024283.917948,9024283.904859,0.0,72479.935205,293749.09664439585,36239.96760999999,89849.28718147801,300000.0,False,True
1106,4,0,1,NORMAL,0.0045489105817927275,0.004468820538756098,0.0045489105817927275,1.0,3300000000.0,6700000000.0,15011404.919916,6984163.150398,108849.444596,21082032.692872,0.0,9035156.87965,9035156.866552,0.0,72486.411297,293810.0108319282,36243.205653000005,89958.85175181601,300000.0,False,True
1107,4,0,1,NORMAL,0.0045544454744503035,0.004474344728155724,0.0045544454744503035,1.0,3300000000.0,6700000000.0,15029670.065686,6993115.785424,109065.617526,21107405.181828,0.0,9046030.8035,9046030.790389,0.0,72492.82559899999,293870.3438057841,36246.41280599999,90068.429519496,300000.0,False,True
1108,4,0,1,NORMAL,0.004559981024551818,0.004479869650503859,0.004559981024551818,1.0,3300000000.0,6700000000.0,15047937.381021,7002070.804594,109282.053196,21132779.89436,0.0,9056905.68031,9056905.667185,0.0,72499.17867,293930.10087126435,36249.589342,90178.02039411601,300000.0,False,True
1109,4,0,1,NORMAL,0.004565517227614546,0.0044853953006400325,0.004565517227614546,1.0,3300000000.0,6700000000.0,15066206.851128,7011028.201994,109498.751638,21158156.809234,0.0,9067781.50098,9067781.487844,0.0,72505.47107700001,293989.28728991107,36252.735544,90287.62428612601,300000.0,False,True
1110,4,0,1,NORMAL,0.004571054079196666,0.004490921673450138,0.004571054079196666,1.0,3300000000.0,6700000000.0,15084478.461349,7019987.971767,109715.712882,21183535.905408,0.0,9078658.256496,9078658.243346,0.0,72511.70336600002,294047.90827977675,36255.851689999996,90397.24110676802,300000.0,False,True
1111,4,0,1,NORMAL,0.004576591574898484,0.0044964487638661605,0.004576591574898484,1.0,3300000000.0,6700000000.0,15102752.197165,7028950.108112,109932.936958,21208917.162036,0.0,9089535.937922,9089535.924756,0.0,72517.876092,294105.9690156934,36258.938054,90506.870768094,300000.0,False,True
1112,4,0,1,NORMAL,0.00458212971036,0.004501976566865763,0.00458212971036,1.0,3300000000.0,6700000000.0,15121028.044188,7037914.605285,110150.423897,21234300.558464,0.0,9100414.536403,9100414.523222,0.0,72523.98980299999,294163.4746295421,36261.994909,90616.51318298999,300000.0,False,True
1113,4,0,1,NORMAL,0.00458766848126,0.0045075050774718425,0.00458766848126,1.0,3300000000.0,6700000000.0,15139305.988158,7046881.4576,110368.173729,21259686.074222,0.0,9111294.04317,9111294.029972,0.0,72530.045033,294220.4302105225,36265.02252499999,90726.168265128,300000.0,False,True
1114,4,0,1,NORMAL,0.004593207883318788,0.004513034290752291,0.004593207883318788,1.0,3300000000.0,6700000000.0,15157586.014952,7055850.659421,110586.186484,21285073.689032,0.0,9122174.44953,9122174.436318,0.0,72536.042326,294276.8408054226,36268.02117,90835.835928948,300000.0,False,True
1115,4,0,1,NORMAL,0.004598747912294848,0.0045185642018195525,0.004598747912294848,1.0,3300000000.0,6700000000.0,15175868.110573,7064822.205171,110804.462192,21310463.382802,0.0,9133055.746872,9133055.733647,0.0,72541.98221099998,294332.71141888824,36270.991111999996,90945.51608971201,300000.0,False,True
1116,4,0,1,NORMAL,0.004604288563986667,0.004524094805830335,0.004604288563986667,1.0,3300000000.0,6700000000.0,15194152.261156,7073796.089326,111023.000882,21335855.135624,0.0,9143937.926663,9143937.913427,0.0,72547.865215,294388.04701369366,36273.932613,91055.208663438,300000.0,False,True
1117,4,0,1,NORMAL,0.004609829834230606,0.004529626097985191,0.004609829834230606,1.0,3300000000.0,6700000000.0,15212438.452961,7082772.306415,111241.802584,21361248.927772,0.0,9154820.980455,9154820.967202,0.0,72553.691863,294442.8525110102,36276.84594,91164.91356693601,300000.0,False,True
1118,4,0,1,NORMAL,0.004615371718902425,0.004535158073528239,0.004615371718902425,1.0,3300000000.0,6700000000.0,15230726.672378,7091750.851021,111460.867327,21386644.739704,0.0,9165704.899865,9165704.886598,0.0,72559.46267000001,294497.132790677,36279.73134200001,91274.630717766,300000.0,False,True
1119,4,0,1,NORMAL,0.0046209142139142425,0.004540690727746691,0.0046209142139142425,1.0,3300000000.0,6700000000.0,15249016.905917,7100731.717781,111680.19514,21412042.552054,0.0,9176589.676598,9176589.663317,0.0,72565.178152,294550.8926914702,36282.589083,91384.36003426801,300000.0,False,True
1120,4,0,1,NORMAL,0.004626457315217576,0.004546224055970619,0.004626457315217576,1.0,3300000000.0,6700000000.0,15267309.140218,7109714.901382,111899.786052,21437442.345639,0.0,9187475.30243,9187475.289138,0.0,72570.83882300001,294604.13701137254,36285.419417000005,91494.101435502,300000.0,False,True
1121,4,0,1,NORMAL,0.0046320010188,0.004551758053572516,0.0046320010188,1.0,3300000000.0,6700000000.0,15285603.36204,7118700.396567,112119.640091,21462844.10145,0.0,9198361.769219,9198361.755911,0.0,72576.445184,294656.8705078424,36288.2226,91603.854841308,300000.0,False,True
1122,4,0,1,NORMAL,0.004637545320687575,0.004557292715967036,0.004637545320687575,1.0,3300000000.0,6700000000.0,15303899.558269,7127688.198127,112339.757285,21488247.800656,0.0,9209249.068889,9209249.055569,0.0,72581.99773999999,294709.09789808316,36290.998876,91713.62017224,300000.0,False,True
1123,4,0,1,NORMAL,0.004643090216941819,0.004562828038610571,0.004643090216941819,1.0,3300000000.0,6700000000.0,15322197.715908,7136678.300907,112560.137663,21513653.424597,0.0,9220137.193446,9220137.180114,0.0,72587.496984,294760.8238593121,36293.748498,91823.397349614,300000.0,False,True
1124,4,0,1,NORMAL,0.004648635703661818,0.004568364017000974,0.004648635703661818,1.0,3300000000.0,6700000000.0,15340497.822084,7145670.699799,112780.781253,21539060.954787,0.0,9231026.134971,9231026.121622,0.0,72592.94341299999,294812.05302902835,36296.471715,91933.18629544802,300000.0,False,True
1125,4,0,1,NORMAL,0.004654181776982425,0.004573900646677197,0.004654181776982425,1.0,3300000000.0,6700000000.0,15358799.864042,7154665.389751,113001.688083,21564470.372915,0.0,9241915.885607,9241915.872249,0.0,72598.337519,294862.7900052817,36299.168764,92042.98693250399,300000.0,False,True
1126,4,0,1,NORMAL,0.004659728433073637,0.004579437923218903,0.004659728433073637,1.0,3300000000.0,6700000000.0,15377103.829143,7163662.365757,113222.85818,21589881.660833,0.0,9252806.437583,9252806.424211,0.0,72603.679774,294913.03934693977,36301.83989399999,92152.79918425201,300000.0,False,True
1127,4,0,1,NORMAL,0.0046652756681421215,0.0045849758422462075,0.0046652756681421215,1.0,3300000000.0,6700000000.0,15395409.704869,7172661.622861,113444.291572,21615294.800565,0.0,9263697.783194,9263697.769807,0.0,72608.97067099999,294962.8055739558,36304.485343,92262.62297485802,300000.0,False,True
1128,4,0,1,NORMAL,0.004670823478429091,0.004590514399419297,0.004670823478429091,1.0,3300000000.0,6700000000.0,15413717.478816,7181663.156157,113665.988287,21640709.774301,0.0,9274589.914803,9274589.901407,0.0,72614.21068100001,295012.0931676355,36307.105344999996,92372.458229214,300000.0,False,True
1129,4,0,1,NORMAL,0.004676371860210303,0.004596053590438071,0.004676371860210303,1.0,3300000000.0,6700000000.0,15432027.138694,7190666.960786,113887.948351,21666126.564394,0.0,9285482.824856,9285482.811445,0.0,72619.40027700001,295060.90657090314,36309.70014599999,92482.304872896,300000.0,False,True
1130,4,0,1,NORMAL,0.004681920809797575,0.00460159341104191,0.004681920809797575,1.0,3300000000.0,6700000000.0,15450338.672332,7199673.031939,114110.171791,21691545.153366,0.0,9296376.505855,9296376.492432,0.0,72624.53993,295109.25018856773,36312.26997100001,92592.162832164,300000.0,False,True
1131,4,0,1,NORMAL,0.004687470323536061,0.0046071338570092745,0.004687470323536061,1.0,3300000000.0,6700000000.0,15468652.067669,7208681.364855,114332.658634,21716965.523899,0.0,9307270.950378,9307270.936944,0.0,72629.630101,295157.1283875884,36314.815056,92702.03203399199,300000.0,False,True
1132,4,0,1,NORMAL,0.004693020397806363,0.004612674924157474,0.004693020397806363,1.0,3300000000.0,6700000000.0,15486967.312761,7217691.954817,114555.408907,21742387.658836,0.0,9318166.151069,9318166.137631,0.0,72634.671252,295204.5454973392,36317.33562799999,92811.912406014,300000.0,False,True
1133,4,0,1,NORMAL,0.004698571029019394,0.004618216608342114,0.004698571029019394,1.0,3300000000.0,6700000000.0,15505284.395764,7226704.79716,114778.422636,21767811.541176,0.0,9329062.100653,9329062.087204,0.0,72639.663837,295251.50580987305,36319.831924,92921.803876566,300000.0,False,True
1134,4,0,1,NORMAL,0.004704122213622121,0.004623758905456953,0.004704122213622121,1.0,3300000000.0,6700000000.0,15523603.304953,7235719.887263,115001.699847,21793237.15408,0.0,9339958.791913,9339958.778446,0.0,72644.60831,295298.0135801854,36322.304164,93031.70637458401,300000.0,False,True
1135,4,0,1,NORMAL,0.004709673948095455,0.00462930181143363,0.004709673948095455,1.0,3300000000.0,6700000000.0,15541924.028715,7244737.220553,115225.240566,21818664.48087,0.0,9350856.217686,9350856.204212,0.0,72649.50511900001,295344.07302647736,36324.752562999995,93141.619829718,300000.0,False,True
1136,4,0,1,NORMAL,0.004715226228951818,0.004634845322241255,0.004715226228951818,1.0,3300000000.0,6700000000.0,15560246.555541,7253756.792496,115449.04482,21844093.505015,0.0,9361754.370904,9361754.357415,0.0,72654.354711,295389.6883304173,36327.177363,93251.54417229001,300000.0,False,True
1137,4,0,1,NORMAL,0.0047207790527363635,0.004640389433886101,0.0047207790527363635,1.0,3300000000.0,6700000000.0,15578570.87403,7262778.598614,115673.112634,21869524.210147,0.0,9372653.24454,9372653.231042,0.0,72659.157527,295434.8636374031,36329.578768,93361.479333246,300000.0,False,True
1138,4,0,1,NORMAL,0.004726332416026061,0.00464593414241126,0.004726332416026061,1.0,3300000000.0,6700000000.0,15596896.972886,7271802.634467,115897.444033,21894956.580042,0.0,9383552.83165,9383552.818138,0.0,72663.913996,295479.60305682215,36331.957005,93471.42524418,300000.0,False,True
1139,4,0,1,NORMAL,0.004731886315431212,0.004651479443896418,0.004731886315431212,1.0,3300000000.0,6700000000.0,15615224.840923,7280828.895661,116122.039044,21920390.598635,0.0,9394453.125342,9394453.111818,0.0,72668.62455800001,295523.9106623117,36334.31228500001,93581.381837316,300000.0,False,True
1140,4,0,1,NORMAL,0.0047374407475924245,0.004657025334457451,0.0047374407475924245,1.0,3300000000.0,6700000000.0,15633554.467055,7289857.377847,116346.897691,21945826.250006,0.0,9405354.118799,9405354.105262,0.0,72673.289643,295567.7904920181,36336.644828,93691.349045538,300000.0,False,True
1141,4,0,1,NORMAL,0.004742995709183939,0.004662571810246256,0.004742995709183939,1.0,3300000000.0,6700000000.0,15651885.840307,7298888.076716,116572.02,21971263.518387,0.0,9416255.805262,9416255.79171,0.0,72677.909673,295611.2465488547,36338.954844,93801.32680233,300000.0,False,True
1142,4,0,1,NORMAL,0.004748551196909697,0.004668118867450349,0.004748551196909697,1.0,3300000000.0,6700000000.0,15670218.949802,7307920.98801,116797.405995,21996702.388159,0.0,9427158.178034,9427158.164466,0.0,72682.485072,295654.28280075995,36341.24254400001,93911.31504184198,300000.0,False,True
1143,4,0,1,NORMAL,0.0047541072075042426,0.0046736665022925365,0.0047541072075042426,1.0,3300000000.0,6700000000.0,15688553.784764,7316956.107509,117023.055702,22022142.843846,0.0,9438061.23048,9438061.216903,0.0,72687.01625700001,295696.9031809536,36343.50813300001,94021.31369881201,300000.0,False,True
1144,4,0,1,NORMAL,0.004759663737732727,0.004679214711030614,0.004759663737732727,1.0,3300000000.0,6700000000.0,15706890.334518,7325993.431038,117248.969145,22047584.870118,0.0,9448964.956037,9448964.942446,0.0,72691.503644,295739.11158819264,36345.75182899999,94131.322708584,300000.0,False,True
1145,4,0,1,NORMAL,0.004765220784392424,0.004684763489957182,0.004765220784392424,1.0,3300000000.0,6700000000.0,15725228.588495,7335032.95446,117475.146348,22073028.451791,0.0,9459869.348193,9459869.334589,0.0,72695.94764500001,295780.91188702633,36347.973829,94241.342007108,300000.0,False,True
1146,4,0,1,NORMAL,0.004770778344308485,0.004690312835399202,0.004770778344308485,1.0,3300000000.0,6700000000.0,15743568.536218,7344074.673686,117701.587336,22098473.573819,0.0,9470774.400501,9470774.386886,0.0,72700.348661,295822.3079080499,36350.174336,94351.37153096999,300000.0,False,True
1147,4,0,1,NORMAL,0.004776336414337273,0.004695862743717787,0.004776336414337273,1.0,3300000000.0,6700000000.0,15761910.167313,7353118.584665,117928.292133,22123920.221302,0.0,9481680.106575,9481680.092949,0.0,72704.707103,295863.30344815756,36352.353557,94461.411217308,300000.0,False,True
1148,4,0,1,NORMAL,0.004781894991364546,0.004701413211307901,0.004781894991364546,1.0,3300000000.0,6700000000.0,15780253.471503,7362164.683387,118155.260763,22149368.379476,0.0,9492586.460092,9492586.44645,0.0,72709.02336600001,295903.90227079473,36354.511691,94571.46100387801,300000.0,False,True
1149,4,0,1,NORMAL,0.004787454072305454,0.004706964234598065,0.004787454072305454,1.0,3300000000.0,6700000000.0,15798598.438608,7371212.965884,118382.493251,22174818.03372,0.0,9503493.454779,9503493.441124,0.0,72713.297849,295944.10810620914,36356.648931,94681.52082901802,300000.0,False,True
1150,4,0,1,NORMAL,0.004793013654104545,0.004712515810050096,0.004793013654104545,1.0,3300000000.0,6700000000.0,15816945.058545,7380263.428227,118609.98962,22200269.169546,0.0,9514401.084435,9514401.070762,0.0,72717.530946,295983.92465170054,36358.765482,94791.590631648,300000.0,False,True
1151,4,0,1,NORMAL,0.004798573733734242,0.004718067934158751,0.004798573733734242,1.0,3300000000.0,6700000000.0,15835293.321323,7389316.066531,118837.749893,22225721.772608,0.0,9525309.342905,9525309.329213,0.0,72721.723045,296023.3555718704,36360.861532,94901.67035126999,300000.0,False,True
1152,4,0,1,NORMAL,0.004804134308195758,0.004723620603451461,0.004804134308195758,1.0,3300000000.0,6700000000.0,15853643.217046,7398370.876947,119065.774094,22251175.828689,0.0,9536218.224097,9536218.210389,0.0,72725.87452999999,296062.40449886915,36362.93727300001,95011.75992793801,300000.0,False,True
1153,4,0,1,NORMAL,0.004809695374519697,0.004729173814488122,0.004809695374519697,1.0,3300000000.0,6700000000.0,15871994.735915,7407427.855667,119294.062246,22276631.323712,0.0,9547127.721974,9547127.708255,0.0,72729.985789,296101.07503264403,36364.9929,95121.859302276,300000.0,False,True
1154,4,0,1,NORMAL,0.0048152569297642426,0.004734727563860775,0.0048152569297642426,1.0,3300000000.0,6700000000.0,15890347.868222,7416486.99892,119522.614373,22302088.243728,0.0,9558037.830564,9558037.81683,0.0,72734.057197,296139.3707411843,36367.028606,95231.96841549,300000.0,False,True
1155,4,0,1,NORMAL,0.004820818971013333,0.004740281848193198,0.004820818971013333,1.0,3300000000.0,6700000000.0,15908702.604344,7425548.30298,119751.430498,22327546.574921,0.0,9568948.543944,9568948.530198,0.0,72738.08913400001,296177.2951607665,36369.044573,95342.087209332,300000.0,False,True
1156,4,0,1,NORMAL,0.004826381495381516,0.0047458366641408315,0.004826381495381516,1.0,3300000000.0,6700000000.0,15927058.934759,7434611.764152,119980.510643,22353006.303606,0.0,9579859.856248,9579859.842489,0.0,72742.08196499999,296214.8517961984,36371.040989,95452.215626064,300000.0,False,True
1157,4,0,1,NORMAL,0.004831944500009394,0.004751392008390416,0.004831944500009394,1.0,3300000000.0,6700000000.0,15945416.850031,7443677.378781,120209.854832,22378467.416226,0.0,9590771.761668,9590771.747897,0.0,72746.03606800002,296252.04412106116,36373.01804,95562.35360855401,300000.0,False,True
1158,4,0,1,NORMAL,0.004837507982063939,0.004756947877659676,0.004837507982063939,1.0,3300000000.0,6700000000.0,15963776.340811,7452745.143254,120439.463087,22403929.899354,0.0,9601684.254449,9601684.240664,0.0,72749.95180400001,296288.8755779513,36374.975909,95672.501100186,300000.0,False,True
1159,4,0,1,NORMAL,0.0048430719387403025,0.004762504268697136,0.0048430719387403025,1.0,3300000000.0,6700000000.0,15982137.397843,7461815.053989,120669.33543,22429393.739689,0.0,9612597.32889,9612597.31509,0.0,72753.829537,296325.34957872104,36376.914776,95782.658044866,300000.0,False,True
1160,4,0,1,NORMAL,0.004848636367259091,0.004768061178281778,0.004848636367259091,1.0,3300000000.0,6700000000.0,16000500.011955,7470887.107447,120899.471884,22454858.924056,0.0,9623510.979343,9623510.965531,0.0,72757.66962799999,296361.46950471774,36378.834820000004,95892.82438705799,300000.0,False,True
1161,4,0,1,NORMAL,0.004854201264868485,0.004773618603222856,0.004854201264868485,1.0,3300000000.0,6700000000.0,16018864.174066,7479961.300119,121129.872471,22480325.439403,0.0,9634425.200216,9634425.186393,0.0,72761.47242899999,296397.23870702175,36380.73621999999,96003.00007173,300000.0,False,True
1162,4,0,1,NORMAL,0.004859766628841212,0.004779176540359524,0.004859766628841212,1.0,3300000000.0,6700000000.0,16037229.875176,7489037.628541,121360.537213,22505793.272804,0.0,9645339.985972,9645339.972133,0.0,72765.23829800001,296432.6605066839,36382.619157,96113.185044396,300000.0,False,True
1163,4,0,1,NORMAL,0.004865332456476969,0.00478473498656065,0.004865332456476969,1.0,3300000000.0,6700000000.0,16055597.106374,7498116.089279,121591.466133,22531262.411455,0.0,9656255.331119,9656255.317268,0.0,72768.96758400001,296467.73819496087,36384.483798,96223.37925105602,300000.0,False,True
1164,4,0,1,NORMAL,0.004870898745100909,0.004790293938724538,0.004870898745100909,1.0,3300000000.0,6700000000.0,16073965.858833,7507196.678936,121822.659252,22556732.842672,0.0,9667171.230223,9667171.21636,0.0,72772.66063,296502.4750335501,36386.330320999994,96333.58263824398,300000.0,False,True
1165,4,0,1,NORMAL,0.004876465492064545,0.004795853393778733,0.004876465492064545,1.0,3300000000.0,6700000000.0,16092336.123813,7516279.394149,122054.116592,22582204.553893,0.0,9678087.6779,9678087.664025,0.0,72776.31778400001,296536.8742548233,36388.158898,96443.795152998,300000.0,False,True
1166,4,0,1,NORMAL,0.004882032694742121,0.0048014133486795965,0.004882032694742121,1.0,3300000000.0,6700000000.0,16110707.892649,7525364.231595,122285.838175,22607677.532674,0.0,9689004.668815,9689004.654929,0.0,72779.939381,296570.93906205875,36389.969696,96554.016742878,300000.0,False,True
1167,4,0,1,NORMAL,0.004887600350534546,0.004806973800412174,0.004887600350534546,1.0,3300000000.0,6700000000.0,16129081.156764,7534451.187981,122517.824022,22633151.766688,0.0,9699922.197693,9699922.183789,0.0,72783.525766,296604.6726296723,36391.762892,96664.24735589401,300000.0,False,True
1168,4,0,1,NORMAL,0.004893168456868485,0.004812534745990001,0.004893168456868485,1.0,3300000000.0,6700000000.0,16147455.907666,7543540.260048,122750.074154,22658627.243728,0.0,9710840.259295,9710840.245376,0.0,72787.07726899999,296638.07810344716,36393.538642,96774.486940584,300000.0,False,True
1169,4,0,1,NORMAL,0.00489873701119303,0.004818096182454713,0.00489873701119303,1.0,3300000000.0,6700000000.0,16165832.136937,7552631.444578,122982.588593,22684103.951704,0.0,9721758.848437,9721758.834506,0.0,72790.594224,296671.1586007628,36395.297117999995,96884.735445996,300000.0,False,True
1170,4,0,1,NORMAL,0.004904306010981818,0.004823658106875816,0.004904306010981818,1.0,3300000000.0,6700000000.0,16184209.83624,7561724.738381,123215.36736,22709581.878635,0.0,9732677.95999,9732677.946046,0.0,72794.076955,296703.91721082205,36397.038484,96994.992821622,300000.0,False,True
1171,4,0,1,NORMAL,0.004909875453734545,0.004829220516350573,0.004909875453734545,1.0,3300000000.0,6700000000.0,16202588.997324,7570820.138299,123448.410476,22735061.012659,0.0,9743597.588868,9743597.574911,0.0,72797.52579100002,296736.3569948778,36398.762902,97105.25901744,300000.0,False,True
1172,4,0,1,NORMAL,0.00491544533697303,0.004834783408003635,0.00491544533697303,1.0,3300000000.0,6700000000.0,16220969.612011,7579917.641212,123681.717962,22760541.342025,0.0,9754517.730033,9754517.716067,0.0,72800.94105299999,296768.48098645755,36400.470531,97215.53398394398,300000.0,False,True
1173,4,0,1,NORMAL,0.004921015658242424,0.004840346778986783,0.004921015658242424,1.0,3300000000.0,6700000000.0,16239351.6722,7589017.24403,123915.289838,22786022.855093,0.0,9765438.378503,9765438.364522,0.0,72804.323061,296800.292191587,36402.161538,97325.81767206601,300000.0,False,True
1174,4,0,1,NORMAL,0.004926586415112425,0.0048459106264787605,0.004926586415112425,1.0,3300000000.0,6700000000.0,16257735.169871,7598118.943697,124149.126125,22811505.540335,0.0,9776359.529334,9776359.515338,0.0,72807.67213099998,296831.79358901305,36403.836073000006,97436.1100332,300000.0,False,True
1175,4,0,1,NORMAL,0.004932157605175757,0.004851474947685019,0.004932157605175757,1.0,3300000000.0,6700000000.0,16276120.09708,7607222.73719,124383.226844,22836989.386335,0.0,9787281.177628,9787281.163623,0.0,72810.988579,296862.9881304246,36405.494294000004,97546.41101922601,300000.0,False,True
1176,4,0,1,NORMAL,0.004937729226048182,0.004857039739837482,0.004937729226048182,1.0,3300000000.0,6700000000.0,16294506.445959,7616328.621515,124617.592016,22862474.381782,0.0,9798203.318546,9798203.304525,0.0,72814.272714,296893.8787406725,36407.136365,97656.72058247999,300000.0,False,True
1177,4,0,1,NORMAL,0.004943301275367576,0.004862605000194262,0.004943301275367576,1.0,3300000000.0,6700000000.0,16312894.208713,7625436.593713,124852.22166,22887960.515475,0.0,9809125.947282,9809125.933248,0.0,72817.524845,296924.4683179884,36408.762428999995,97767.038675754,300000.0,False,True
1178,4,0,1,NORMAL,0.0049488737507939395,0.004868170726039403,0.0049488737507939395,1.0,3300000000.0,6700000000.0,16331283.37762,7634546.650857,125087.115797,22913447.776318,0.0,9820049.059084,9820049.045038,0.0,72820.745278,296954.7597342022,36410.372645,97877.365252278,300000.0,False,True
1179,4,0,1,NORMAL,0.0049544466500115155,0.004873736914682765,0.0049544466500115155,1.0,3300000000.0,6700000000.0,16349673.945038,7643658.790047,125322.274447,22938936.153322,0.0,9830972.649245,9830972.635182,0.0,72823.934313,296984.75583495793,36411.967165,97987.70026572,300000.0,False,True
1180,4,0,1,NORMAL,0.004960019970725758,0.0048793035634597335,0.004960019970725758,1.0,3300000000.0,6700000000.0,16368065.903395,7652773.008419,125557.69763,22964425.635607,0.0,9841896.713092,9841896.699018,0.0,72827.092253,297014.4594399287,36413.546132,98098.043670228,300000.0,False,True
1181,4,0,1,NORMAL,0.00496559371066394,0.004884870669730973,0.00496559371066394,1.0,3300000000.0,6700000000.0,16386459.245191,7661889.303135,125793.385366,22989916.21239,0.0,9852821.246011,9852821.231925,0.0,72830.219392,297043.87334303063,36415.109702,98208.39542037001,300000.0,False,True
1182,4,0,1,NORMAL,0.004971167867575152,0.0048904382308822105,0.004971167867575152,1.0,3300000000.0,6700000000.0,16404853.962998,7671007.671391,126029.337675,23015407.872995,0.0,9863746.243425,9863746.229326,0.0,72833.31602500001,297073.0003126346,36416.658018999995,98318.75547114601,300000.0,False,True
1183,4,0,1,NORMAL,0.004976742439230606,0.004896006244324043,0.004976742439230606,1.0,3300000000.0,6700000000.0,16423250.049461,7680128.110411,126265.554576,23040900.606847,0.0,9874671.700802,9874671.68669,0.0,72836.382445,297101.84309177764,36418.191229000004,98429.123777988,300000.0,False,True
1184,4,0,1,NORMAL,0.0049823174234218184,0.004901574707491642,0.0049823174234218184,1.0,3300000000.0,6700000000.0,16441647.497292,7689250.617449,126502.036089,23066394.403472,0.0,9885597.613654,9885597.599528,0.0,72839.41893999999,297130.4043983725,36419.709477,98539.500296766,300000.0,False,True
1185,4,0,1,NORMAL,0.0049878928179630305,0.004907143617844636,0.0049878928179630305,1.0,3300000000.0,6700000000.0,16460046.299278,7698375.189789,126738.782233,23091889.252497,0.0,9896523.977534,9896523.963394,0.0,72842.425796,297158.6869254162,36421.21290499999,98649.88498375201,300000.0,False,True
1186,4,0,1,NORMAL,0.004993468620688182,0.004912712972866801,0.004993468620688182,1.0,3300000000.0,6700000000.0,16478446.448271,7707501.824745,126975.793028,23117385.143648,0.0,9907450.78804,9907450.773886,0.0,72845.4033,297186.693341197,36422.701657000005,98760.27779566801,300000.0,False,True
1187,4,0,1,NORMAL,0.004999044829452727,0.0049182827700658925,0.004999044829452727,1.0,3300000000.0,6700000000.0,16496847.937194,7716630.519659,127213.068493,23142882.066751,0.0,9918378.040807,9918378.026641,0.0,72848.35172800001,297214.4262895004,36424.175870000014,98870.678689626,300000.0,False,True
1188,4,0,1,NORMAL,0.005004621442130909,0.004923853006973313,0.005004621442130909,1.0,3300000000.0,6700000000.0,16515250.759032,7725761.271903,127450.608648,23168380.011724,0.0,9929305.731521,9929305.717341,0.0,72851.27136,297241.8883898136,36425.635687,98981.087623164,300000.0,False,True
1189,4,0,1,NORMAL,0.005010198456620303,0.004929423681144087,0.005010198456620303,1.0,3300000000.0,6700000000.0,16533654.906847,7734894.078873,127688.413511,23193878.968586,0.0,9940233.855904,9940233.841708,0.0,72854.162474,297269.0822375289,36427.081245,99091.504554192,300000.0,False,True
1190,4,0,1,NORMAL,0.0050157758708360605,0.004934994790156472,0.0050157758708360605,1.0,3300000000.0,6700000000.0,16552060.373759,7744028.938001,127926.483101,23219378.927451,0.0,9951162.409719,9951162.395506,0.0,72857.025343,297296.01040414564,36428.51268,99201.92944108199,300000.0,False,True
1191,4,0,1,NORMAL,0.00502135368271606,0.004940566331611929,0.00502135368271606,1.0,3300000000.0,6700000000.0,16570467.152963,7753165.846738,128164.817437,23244879.878528,0.0,9962091.388767,9962091.374538,0.0,72859.86023399999,297322.6754374706,36429.93012499999,99312.362242554,300000.0,False,True
1192,4,0,1,NORMAL,0.005026931890215757,0.004946138303134757,0.005026931890215757,1.0,3300000000.0,6700000000.0,16588875.237712,7762304.802573,128403.416538,23270381.812122,0.0,9973020.788892,9973020.774647,0.0,72862.66742200001,297349.07986181765,36431.333718999995,99422.80291777798,300000.0,False,True
1193,4,0,1,NORMAL,0.005032510491311515,0.004951710702371968,0.005032510491311515,1.0,3300000000.0,6700000000.0,16607284.621328,7771445.803012,128642.280423,23295884.718627,0.0,9983950.605979,9983950.591718,0.0,72865.447168,297375.22617820586,36432.723592,99533.25142627199,300000.0,False,True
1194,4,0,1,NORMAL,0.005038089483998485,0.004957283526993033,0.005038089483998485,1.0,3300000000.0,6700000000.0,16625695.297195,7780588.845594,128881.40911,23321388.58853,0.0,9994880.835952,9994880.821675,0.0,72868.19973600001,297401.11686455604,36434.09987600001,99643.70772796801,300000.0,False,True
1195,4,0,1,NORMAL,0.005043668866290909,0.004962856774689671,0.005043668866290909,1.0,3300000000.0,6700000000.0,16644107.25876,7789733.927887,129120.802618,23346893.412412,0.0,10005811.474771,10005811.46048,0.0,72870.925388,297426.7543758864,36435.462701,99754.17178317002,300000.0,False,True
1196,4,0,1,NORMAL,0.005049248636223636,0.004968430443175733,0.005049248636223636,1.0,3300000000.0,6700000000.0,16662520.499538,7798881.04748,129360.460965,23372399.180943,0.0,10016742.518439,10016742.504133,0.0,72873.62438299999,297452.14114450675,36436.81219899999,99864.64355256,300000.0,False,True
1197,4,0,1,NORMAL,0.005054828791848788,0.0049740045301868985,0.005054828791848788,1.0,3300000000.0,6700000000.0,16680935.013101,7808030.201991,129600.384169,23397905.88488,0.0,10027673.962997,10027673.948677,0.0,72876.29697600001,297477.2795802111,36438.148494999994,99975.12299722801,300000.0,False,True
1198,4,0,1,NORMAL,0.005060409331237878,0.0049795790334805105,0.005060409331237878,1.0,3300000000.0,6700000000.0,16699350.793085,7817181.389064,129840.572249,23423413.515073,0.0,10038605.804522,10038605.790187,0.0,72878.943421,297502.1720704698,36439.471718,100085.610078606,300000.0,False,True
1199,4,0,1,NORMAL,0.005065990252482424,0.004985153950835473,0.005065990252482424,1.0,3300000000.0,6700000000.0,16717767.833192,7826334.60637,130081.025222,23448922.062461,0.0,10049538.039123,10049538.02478,0.0,72881.56396999999,297526.8209806195,36440.781989,100196.10475850999,300000.0,False,True
1200,4,0,1,NORMAL,0.005071571553690303,0.004990729280051913,0.005071571553690303,1.0,3300000000.0,6700000000.0,16736186.127178,7835489.851604,130321.743107,23474431.518064,0.0,10060470.66296,10060470.648609,0.0,72884.15887199999,297551.228654052,36442.079439999994,100306.606999152,300000.0,False,True
1201,4,0,1,NORMAL,0.005077153232987879,0.004996305018951009,0.005077153232987879,1.0,3300000000.0,6700000000.0,16754605.66886,7844647.122486,130562.725922,23499941.87299,0.0,10071403.672229,10071403.657861,0.0,72886.72837299999,297575.3974124024,36443.364195,100417.116763068,300000.0,False,True
1202,4,0,1,NORMAL,0.005082735288520303,0.005001881165374834,0.005082735288520303,1.0,3300000000.0,6700000000.0,16773026.452117,7853806.416768,130803.973685,23525453.118439,0.0,10082337.063145,10082337.048767,0.0,72889.27272000001,297599.3295557351,36444.636365,100527.63401316002,300000.0,False,True
1203,4,0,1,NORMAL,0.005088317718451212,0.005007457717186213,0.005088317718451212,1.0,3300000000.0,6700000000.0,16791448.470889,7862967.732215,131045.486413,23550965.245689,0.0,10093270.831976,10093270.817587,0.0,72891.792151,297623.0273627295,36445.896081,100638.158712702,300000.0,False,True
1204,4,0,1,NORMAL,0.005093900520960606,0.005013034672268432,0.005093900520960606,1.0,3300000000.0,6700000000.0,16809871.71917,7872131.066627,131287.264124,23576478.246104,0.0,10104204.975021,10104204.960622,0.0,72894.28691,297646.4930908633,36447.14346,100748.690825334,300000.0,False,True
1205,4,0,1,NORMAL,0.005099483694246364,0.005018612028525073,0.005099483694246364,1.0,3300000000.0,6700000000.0,16828296.191013,7881296.417826,131529.306836,23601992.111131,0.0,10115139.488618,10115139.474203,0.0,72896.757232,297669.7289765955,36448.378624,100859.23031502,300000.0,False,True
1206,4,0,1,NORMAL,0.0051050672365251515,0.005024189783879917,0.0051050672365251515,1.0,3300000000.0,6700000000.0,16846721.880533,7890463.783656,131771.614566,23627506.832303,0.0,10126074.369131,10126074.354701,0.0,72899.203355,297692.7372355475,36449.601685,100969.777146078,300000.0,False,True
1207,4,0,1,NORMAL,0.005110651146029394,0.005029767936276658,0.005110651146029394,1.0,3300000000.0,6700000000.0,16865148.781897,7899633.161985,132014.187331,23653022.401228,0.0,10137009.612969,10137009.598525,0.0,72901.625512,297715.52006268327,36450.812762999994,101080.331283198,300000.0,False,True
1208,4,0,1,NORMAL,0.005116235421009394,0.00503534648367877,0.005116235421009394,1.0,3300000000.0,6700000000.0,16883576.889331,7908804.550708,132257.025149,23678538.809601,0.0,10147945.216568,10147945.202112,0.0,72904.023932,297738.07963248796,36452.01197200001,101190.892691382,300000.0,False,True
1209,4,0,1,NORMAL,0.005121820059732121,0.005040925424069309,0.005121820059732121,1.0,3300000000.0,6700000000.0,16902006.197116,7917977.947741,132500.128037,23704056.049193,0.0,10158881.176407,10158881.161934,0.0,72906.39884500002,297760.4180991457,36453.199431,101301.46133598601,300000.0,False,True
1210,4,0,1,NORMAL,0.005127405060481818,0.005046504755450761,0.005127405060481818,1.0,3300000000.0,6700000000.0,16920436.69959,7927153.351024,132743.496013,23729574.111858,0.0,10169817.488989,10169817.474505,0.0,72908.750483,297782.53759671544,36454.375246999996,101412.03718269599,300000.0,False,True
1211,4,0,1,NORMAL,0.005132990421558182,0.005052084475844788,0.005132990421558182,1.0,3300000000.0,6700000000.0,16938868.391142,7936330.758522,132987.129093,23755092.989526,0.0,10180754.15086,10180754.136359,0.0,72911.07906100001,297804.44023930613,36455.539539000005,101522.62019754,300000.0,False,True
1212,4,0,1,NORMAL,0.005138576141277879,0.005057664583292085,0.005138576141277879,1.0,3300000000.0,6700000000.0,16957301.266217,7945510.168221,133231.027295,23780612.674204,0.0,10191691.158593,10191691.144077,0.0,72913.38480700001,297826.12812125054,36456.692410999996,101633.21034685199,300000.0,False,True
1213,4,0,1,NORMAL,0.005144162217975454,0.005063245075852303,0.005144162217975454,1.0,3300000000.0,6700000000.0,16975735.319319,7954691.578129,133475.190635,23806133.157981,0.0,10202628.508792,10202628.494266,0.0,72915.667942,297847.60331727756,36457.833976,101743.807597302,300000.0,False,True
1214,4,0,1,NORMAL,0.005149748650000001,0.005068825951603768,0.005149748650000001,1.0,3300000000.0,6700000000.0,16994170.545,7963874.986279,133719.61913,23831654.433019,0.0,10213566.198104,10213566.183564,0.0,72917.92868600001,297868.8678826834,36458.96435,101854.411915914,300000.0,False,True
1215,4,0,1,NORMAL,0.005155335435715152,0.005074407208643212,0.005155335435715152,1.0,3300000000.0,6700000000.0,17012606.93786,7973060.390726,133964.312798,23857176.491552,0.0,10224504.223203,10224504.208649,0.0,72920.16725,297889.92385350144,36460.083632,101965.02327000002,300000.0,False,True
1216,4,0,1,NORMAL,0.0051609225735042424,0.005079988845085859,0.0051609225735042424,1.0,3300000000.0,6700000000.0,17031044.492564,7982247.789543,134209.271654,23882699.325896,0.0,10235442.580794,10235442.566224,0.0,72922.38385400001,297910.77324667136,36461.191935,102075.64162716,300000.0,False,True
1217,4,0,1,NORMAL,0.005166510061763333,0.00508557085906505,0.005166510061763333,1.0,3300000000.0,6700000000.0,17049483.203819,7991437.180833,134454.495716,23908222.92844,0.0,10246381.267612,10246381.253025,0.0,72924.578707,297931.41806020617,36462.289361999996,102186.26695538401,300000.0,False,True
1218,4,0,1,NORMAL,0.005172097898905455,0.005091153248732173,0.005172097898905455,1.0,3300000000.0,6700000000.0,17067923.066388,8000628.562714,134699.985,23933747.291645,0.0,10257320.280424,10257320.265824,0.0,72926.752021,297951.8602733585,36463.376017,102296.899222914,300000.0,False,True
1219,4,0,1,NORMAL,0.005177686083358484,0.005096736012256451,0.005177686083358484,1.0,3300000000.0,6700000000.0,17086364.075083,8009821.933326,134945.739522,23959272.408043,0.0,10268259.616035,10268259.601422,0.0,72928.904005,297972.10184678604,36464.452009,102407.538398328,300000.0,False,True
1220,4,0,1,NORMAL,0.005183274613565455,0.005102319147824774,0.005183274613565455,1.0,3300000000.0,6700000000.0,17104806.224766,8019017.290833,135191.759299,23984798.27024,0.0,10279199.271277,10279199.256648,0.0,72931.034862,297992.14472271455,36465.517438999996,102518.184450498,300000.0,False,True
1221,4,0,1,NORMAL,0.005188863487985455,0.005107902653641592,0.005188863487985455,1.0,3300000000.0,6700000000.0,17123249.510352,8028214.633419,135438.044347,24010324.870918,0.0,10290139.243005,10290139.228364,0.0,72933.1448,298011.9908251011,36466.57240600001,102628.837348596,300000.0,False,True
1222,4,0,1,NORMAL,0.00519445270509091,0.005113486527928646,0.00519445270509091,1.0,3300000000.0,6700000000.0,17141693.9268,8037413.95929,135684.594683,24035852.202823,0.0,10301079.528118,10301079.513463,0.0,72935.234022,298031.6420597951,36467.617018,102739.497062112,300000.0,False,True
1223,4,0,1,NORMAL,0.0052000422633709095,0.005119070768924921,0.0052000422633709095,1.0,3300000000.0,6700000000.0,17160139.469124,8046615.266669,135931.410323,24061380.258774,0.0,10312020.123539,10312020.108868,0.0,72937.30272800001,298051.1003146985,36468.651372,102850.1635608,300000.0,False,True
1224,4,0,1,NORMAL,0.005205632161327273,0.005124655374886363,0.005205632161327273,1.0,3300000000.0,6700000000.0,17178586.13238,8055818.553807,136178.491283,24086909.03166,0.0,10322961.026217,10322961.011531,0.0,72939.351113,298070.36745992437,36469.675564000005,102960.836814744,300000.0,False,True
1225,4,0,1,NORMAL,0.005211222397478788,0.005130240344085875,0.005211222397478788,1.0,3300000000.0,6700000000.0,17197033.91168,8065023.818968,136425.837578,24112438.514441,0.0,10333902.233131,10333902.218434,0.0,72941.37937899999,298089.4453479553,36470.689694999994,103071.51679428,300000.0,False,True
1226,4,0,1,NORMAL,0.005216812970356061,0.005135825674812984,0.005216812970356061,1.0,3300000000.0,6700000000.0,17215482.802175,8074231.060438,136673.449225,24137968.700139,0.0,10344843.7413,10344843.726588,0.0,72943.387719,298108.33581379923,36471.693867,103182.20347008001,300000.0,False,True
1227,4,0,1,NORMAL,0.005222403878506061,0.005141411365373829,0.005222403878506061,1.0,3300000000.0,6700000000.0,17233932.79907,8083440.276524,136921.32624,24163499.581849,0.0,10355785.547759,10355785.533034,0.0,72945.37632499999,298127.04067514505,36472.688169,103292.89681305,300000.0,False,True
1228,4,0,1,NORMAL,0.00522799512049,0.0051469974140910014,0.00522799512049,1.0,3300000000.0,6700000000.0,17252383.897617,8092651.46555,137169.468639,24189031.152732,0.0,10366727.649579,10366727.634839,0.0,72947.345391,298145.5617325167,36473.672703,103403.59679442001,300000.0,False,True
1229,4,0,1,NORMAL,0.005233586694881212,0.005152583819303273,0.005233586694881212,1.0,3300000000.0,6700000000.0,17270836.093108,8101864.625868,137417.876437,24214563.406017,0.0,10377670.043855,10377670.0291,0.0,72949.29510700001,298163.900769426,36474.647561,103514.303385702,300000.0,False,True
1230,4,0,1,NORMAL,0.005239178600268788,0.005158170579365565,0.005239178600268788,1.0,3300000000.0,6700000000.0,17289289.380887,8111079.755839,137666.54965,24240096.334995,0.0,10388612.727713,10388612.712945,0.0,72951.22565899999,298182.05955252476,36475.612836,103625.01655864799,300000.0,False,True
1231,4,0,1,NORMAL,0.005244770835254242,0.0051637576926487055,0.005244770835254242,1.0,3300000000.0,6700000000.0,17307743.756339,8120296.853849,137915.488294,24265629.933023,0.0,10399555.698309,10399555.683525,0.0,72953.13723200001,298200.03983175487,36476.56862400001,103735.73628532201,300000.0,False,True
1232,4,0,1,NORMAL,0.00525036339845394,0.005169345157539366,0.00525036339845394,1.0,3300000000.0,6700000000.0,17326199.214898,8129515.918302,138164.692384,24291164.193525,0.0,10410498.95282,10410498.938022,0.0,72955.03001199999,298217.84334049793,36477.51501299999,103846.462538034,300000.0,False,True
1233,4,0,1,NORMAL,0.005255956288496667,0.005174932972439837,0.005255956288496667,1.0,3300000000.0,6700000000.0,17344655.752039,8138736.947619,138414.161936,24316699.109985,0.0,10421442.488456,10421442.473646,0.0,72956.90418000001,298235.47179572354,36478.452096,103957.19528938801,300000.0,False,True
1234,4,0,1,NORMAL,0.005261549504025454,0.005180521135767942,0.005261549504025454,1.0,3300000000.0,6700000000.0,17363113.363284,8147959.940243,138663.896965,24342234.675955,0.0,10432386.302452,10432386.28763,0.0,72958.75992,298252.92689813656,36479.379966,104067.934512234,300000.0,False,True
1235,4,0,1,NORMAL,0.005267143043695152,0.0051861096459567945,0.005267143043695152,1.0,3300000000.0,6700000000.0,17381572.044194,8157184.894633,138913.897487,24367770.885043,0.0,10443330.392076,10443330.377239,0.0,72960.597409,298270.2103323225,36480.298711999996,104178.680179704,300000.0,False,True
1236,4,0,1,NORMAL,0.005272736906175454,0.0051916985014547725,0.005272736906175454,1.0,3300000000.0,6700000000.0,17400031.790379,8166411.809267,139164.163517,24393307.730926,0.0,10454274.754612,10454274.739759,0.0,72962.41682199998,298287.32376689295,36481.208418999995,104289.43226516401,300000.0,False,True
1237,4,0,1,NORMAL,0.00527833109014909,0.0051972877007253745,0.00527833109014909,1.0,3300000000.0,6700000000.0,17418492.597492,8175640.682642,139414.69507,24418845.207341,0.0,10465219.387372,10465219.372508,0.0,72964.21833900001,298304.2688546289,36482.109175,104400.19074227399,300000.0,False,True
1238,4,0,1,NORMAL,0.005283925594310303,0.005202877242246984,0.005283925594310303,1.0,3300000000.0,6700000000.0,17436954.461224,8184871.513273,139665.492162,24444383.308085,0.0,10476164.2877,10476164.272825,0.0,72966.002133,298321.04723262304,36483.001072,104510.955584952,300000.0,False,True
1239,4,0,1,NORMAL,0.005289520417365758,0.0052084671245127105,0.005289520417365758,1.0,3300000000.0,6700000000.0,17455417.377307,8194104.299693,139916.554807,24469922.027012,0.0,10487109.452968,10487109.438076,0.0,72967.76837299998,298337.66052242176,36483.884195,104621.72676734401,300000.0,False,True
1240,4,0,1,NORMAL,0.005295115558037272,0.005214057346030424,0.005295115558037272,1.0,3300000000.0,6700000000.0,17473881.341523,8203339.040448,140167.883021,24495461.358041,0.0,10498054.880565,10498054.865658,0.0,72969.517237,298354.11033016484,36484.758626,104732.50426384201,300000.0,False,True
1241,4,0,1,NORMAL,0.005300711015057576,0.005219647905322498,0.005300711015057576,1.0,3300000000.0,6700000000.0,17492346.34969,8212575.734106,140419.476818,24521001.295147,0.0,10509000.567909,10509000.552988,0.0,72971.24888599999,298370.398246725,36485.62445,104843.28804913799,300000.0,False,True
1242,4,0,1,NORMAL,0.0053063067871709085,0.005225238800925622,0.0053063067871709085,1.0,3300000000.0,6700000000.0,17510812.397664,8221814.379255,140671.336214,24546541.832366,0.0,10519946.512442,10519946.497509,0.0,72972.963492,298386.5258478454,36486.481752,104954.07809814002,300000.0,False,True
1243,4,0,1,NORMAL,0.0053119028731357576,0.005230830031390792,0.0053119028731357576,1.0,3300000000.0,6700000000.0,17529279.481348,8231054.974495,140923.461224,24572082.963791,0.0,10530892.711633,10530892.696688,0.0,72974.66122,298402.49469427735,36487.33061599999,105064.874385984,300000.0,False,True
1244,4,0,1,NORMAL,0.005317499271720909,0.005236421595283059,0.005317499271720909,1.0,3300000000.0,6700000000.0,17547747.596679,8240297.518443,141175.851862,24597624.68357,0.0,10541839.162975,10541839.14802,0.0,72976.342232,298418.3063319154,36488.171121,105175.67688808801,300000.0,False,True
1245,4,0,1,NORMAL,0.005323095981708485,0.005242013491181473,0.005323095981708485,1.0,3300000000.0,6700000000.0,17566216.739638,8249542.009736,141428.508143,24623166.985911,0.0,10552785.863987,10552785.849023,0.0,72978.00669699999,298433.9622919325,36489.003353,105286.48558007399,300000.0,False,True
1246,4,0,1,NORMAL,0.005328693001891818,0.005247605717678915,0.005328693001891818,1.0,3300000000.0,6700000000.0,17584686.906243,8258788.447027,141681.430082,24648709.865078,0.0,10563732.812213,10563732.797236,0.0,72979.654773,298449.4640909134,36489.827393,105397.300437828,300000.0,False,True
1247,4,0,1,NORMAL,0.00533429033107697,0.0052531982733820155,0.00533429033107697,1.0,3300000000.0,6700000000.0,17603158.092554,8268036.828982,141934.617694,24674253.315391,0.0,10574680.005214,10574679.990225,0.0,72981.28661600001,298464.8132309875,36490.643314,105508.121437458,300000.0,False,True
1248,4,0,1,NORMAL,0.00533988796808,0.005258791156910918,0.00533988796808,1.0,3300000000.0,6700000000.0,17621630.294664,8277287.154289,142188.070993,24699797.331223,0.0,10585627.440581,10585627.42558,0.0,72982.902386,298480.01119996014,36491.451198999996,105618.948555324,300000.0,False,True
1249,4,0,1,NORMAL,0.005345485911730303,0.005264384366899266,0.005345485911730303,1.0,3300000000.0,6700000000.0,17640103.50871,8286539.421648,142441.789993,24725341.907005,0.0,10596575.115928,10596575.100914,0.0,72984.502245,298495.0594714428,36492.251129,105729.781767984,300000.0,False,True
1250,4,0,1,NORMAL,0.005351084160868182,0.005269977901994035,0.005351084160868182,1.0,3300000000.0,6700000000.0,17658577.730865,8295793.629776,142695.774709,24750887.037222,0.0,10607523.028889,10607523.013861,0.0,72986.08634199998,298509.95950498286,36493.04317799999,105840.62105226,300000.0,False,True
1251,4,0,1,NORMAL,0.005356682714345151,0.0052755717608553975,0.005356682714345151,1.0,3300000000.0,6700000000.0,17677052.957339,8305049.777407,142950.025156,24776432.716411,0.0,10618471.177122,10618471.162083,0.0,72987.65483300001,298524.7127461919,36493.827422,105951.46638519001,300000.0,False,True
1252,4,0,1,NORMAL,0.005362281571023334,0.005281165942156555,0.005362281571023334,1.0,3300000000.0,6700000000.0,17695529.184377,8314307.863291,143204.541348,24801978.939162,0.0,10629419.558313,10629419.54326,0.0,72989.20786999998,298539.3206268724,36494.603942,106062.31774403401,300000.0,False,True
1253,4,0,1,NORMAL,0.005367880729777272,0.005286760444583699,0.005367880729777272,1.0,3300000000.0,6700000000.0,17714006.408265,8323567.886192,143459.3233,24827525.700121,0.0,10640368.170161,10640368.155097,0.0,72990.745603,298553.78456514457,36495.37280700001,106173.175106262,300000.0,False,True
1254,4,0,1,NORMAL,0.005373480189492727,0.005292355266835895,0.005373480189492727,1.0,3300000000.0,6700000000.0,17732484.625326,8332829.844887,143714.371025,24853072.993983,0.0,10651317.010396,10651316.99532,0.0,72992.268182,298568.10596557107,36496.134097,106284.03844958999,300000.0,False,True
1255,4,0,1,NORMAL,0.005379079949064546,0.00529795040762484,0.005379079949064546,1.0,3300000000.0,6700000000.0,17750963.831913,8342093.738174,143969.684538,24878620.815495,0.0,10662266.07677,10662266.061678,0.0,72993.775756,298582.2862192814,36496.887886,106394.90775195601,300000.0,False,True
1256,4,0,1,NORMAL,0.005384680007399394,0.005303545865674811,0.005384680007399394,1.0,3300000000.0,6700000000.0,17769444.024418,8351359.564864,144225.263853,24904169.159456,0.0,10673215.367051,10673215.351945,0.0,72995.26847,298596.32670409477,36497.63424199999,106505.78299147802,300000.0,False,True
1257,4,0,1,NORMAL,0.0053902803634157575,0.005309141639722615,0.0053902803634157575,1.0,3300000000.0,6700000000.0,17787925.199272,8360627.323779,144481.108984,24929718.020716,0.0,10684164.879033,10684164.863911,0.0,72996.74646799998,298610.22878464253,36498.373241999994,106616.664146508,300000.0,False,True
1258,4,0,1,NORMAL,0.00539588101604091,0.0053147377285173445,0.00539588101604091,1.0,3300000000.0,6700000000.0,17806407.352935,8369897.013764,144737.219946,24955267.394177,0.0,10695114.610528,10695114.595392,0.0,72998.20989799999,298623.9938124888,36499.104956,106727.551195632,300000.0,False,True
1259,4,0,1,NORMAL,0.005401481964214242,0.0053203341308203705,0.005401481964214242,1.0,3300000000.0,6700000000.0,17824890.481907,8379168.633672,144993.596752,24980817.274788,0.0,10706064.559373,10706064.544224,0.0,72999.658899,298637.6231262507,36499.82945600001,106838.44411761001,300000.0,False,True
1260,4,0,1,NORMAL,0.005407083206884545,0.005325930845405156,0.005407083206884545,1.0,3300000000.0,6700000000.0,17843374.582719,8388442.182374,145250.239416,25006367.657549,0.0,10717014.723424,10717014.708263,0.0,73001.093612,298651.11805171764,36500.546812,106949.342891442,300000.0,False,True
1261,4,0,1,NORMAL,0.005412684743011819,0.005331527871057199,0.005412684743011819,1.0,3300000000.0,6700000000.0,17861859.651939,8397717.658751,145507.147953,25031918.537507,0.0,10727965.100561,10727965.085387,0.0,73002.51417699999,298664.47990196897,36501.25709499999,107060.247496314,300000.0,False,True
1262,4,0,1,NORMAL,0.005418286571565454,0.005337125206573862,0.005418286571565454,1.0,3300000000.0,6700000000.0,17880345.686166,8406995.061702,145764.322376,25057469.909759,0.0,10738915.688683,10738915.673493,0.0,73003.92073200001,298677.7099774911,36501.960374,107171.15791163401,300000.0,False,True
1263,4,0,1,NORMAL,0.005423888691525151,0.0053427228507642675,0.005423888691525151,1.0,3300000000.0,6700000000.0,17898832.682033,8416274.390143,146021.762699,25083021.769451,0.0,10749866.485706,10749866.470502,0.0,73005.313416,298690.80956629425,36502.656715,107282.074116996,300000.0,False,True
1264,4,0,1,NORMAL,0.005429491101881515,0.005348320802449251,0.005429491101881515,1.0,3300000000.0,6700000000.0,17917320.636209,8425555.642995,146279.468935,25108574.111773,0.0,10760817.489573,10760817.474352,0.0,73006.69236100001,298703.77994402644,36503.346189,107392.996092198,300000.0,False,True
1265,4,0,1,NORMAL,0.005435093801633333,0.005353919060461128,0.005435093801633333,1.0,3300000000.0,6700000000.0,17935809.54539,8434838.819204,146537.441099,25134126.931966,0.0,10771768.698239,10771768.683004,0.0,73008.057704,298716.6223740885,36504.028859000005,107503.923817254,300000.0,False,True
1266,4,0,1,NORMAL,0.005440696789790909,0.005359517623643694,0.005440696789790909,1.0,3300000000.0,6700000000.0,17954299.40631,8444123.917722,146795.679204,25159680.225316,0.0,10782720.109681,10782720.094439,0.0,73009.40957700001,298729.33810774697,36504.704792,107614.85727234,300000.0,False,True
1267,4,0,1,NORMAL,0.0054463000653736365,0.005365116490852078,0.0054463000653736365,1.0,3300000000.0,6700000000.0,17972790.215733,8453410.937517,147054.183264,25185233.987153,0.0,10793671.721904,10793671.706654,0.0,73010.74811199999,298741.92838424625,36505.374059999995,107725.79643786,300000.0,False,True
1268,4,0,1,NORMAL,0.005451903627410001,0.005370715660952589,0.005451903627410001,1.0,3300000000.0,6700000000.0,17991281.970453,8462699.87757,147312.953292,25210788.212854,0.0,10804623.532928,10804623.517668,0.0,73012.07344000001,298754.3944309198,36506.036725000005,107836.741294398,300000.0,False,True
1269,4,0,1,NORMAL,0.005457507474938788,0.0053763151328226665,0.005457507474938788,1.0,3300000000.0,6700000000.0,18009774.667298,8471990.736876,147571.989302,25236342.897841,0.0,10815575.540794,10815575.525517,0.0,73013.385689,298766.7374633008,36506.692853,107947.69182271801,300000.0,False,True
1270,4,0,1,NORMAL,0.005463111607008485,0.005381914905350785,0.005463111607008485,1.0,3300000000.0,6700000000.0,18028268.303128,8481283.514445,147831.291307,25261898.037585,0.0,10826527.74355,10826527.728263,0.0,73014.68499000001,298778.95868523116,36507.342500000006,108058.64800378801,300000.0,False,True
1271,4,0,1,NORMAL,0.005468716022676364,0.005387514977436306,0.005468716022676364,1.0,3300000000.0,6700000000.0,18046762.874832,8490578.209294,148090.859321,25287453.627594,0.0,10837480.139278,10837480.123981,0.0,73015.971464,298791.0592889701,36507.985737,108169.609818768,300000.0,False,True
1272,4,0,1,NORMAL,0.005474320721009091,0.0053931153479893894,0.005474320721009091,1.0,3300000000.0,6700000000.0,18065258.37933,8499874.82046,148350.693357,25313009.663425,0.0,10848432.726076,10848432.710764,0.0,73017.24524300001,298803.0404553018,36508.622629000005,108280.577248992,300000.0,False,True
1273,4,0,1,NORMAL,0.00547992570108303,0.005398716015930915,0.00547992570108303,1.0,3300000000.0,6700000000.0,18083754.813574,8509173.346989,148610.793429,25338566.140678,0.0,10859385.502052,10859385.48673,0.0,73018.50644799999,298814.9033536417,36509.253228999994,108391.55027598001,300000.0,False,True
1274,4,0,1,NORMAL,0.005485530961982424,0.005404316980192303,0.005485530961982424,1.0,3300000000.0,6700000000.0,18102252.174542,8518473.787942,148871.15955,25364123.054993,0.0,10870338.465345,10870338.450008,0.0,73019.755201,298826.64914214244,36509.877608,108502.52888144401,300000.0,False,True
1275,4,0,1,NORMAL,0.005491136502802122,0.005409918239715518,0.005491136502802122,1.0,3300000000.0,6700000000.0,18120750.459247,8527776.142391,149131.791733,25389680.402058,0.0,10881291.614097,10881291.598751,0.0,73020.991625,298838.2789677987,36510.495817,108613.513047252,300000.0,False,True
1276,4,0,1,NORMAL,0.005496742322645151,0.005415519793452913,0.005496742322645151,1.0,3300000000.0,6700000000.0,18139249.664729,8537080.409422,149392.689992,25415238.177601,0.0,10892244.94648,10892244.931125,0.0,73022.21584299998,298849.7939665508,36511.107926,108724.50275548201,300000.0,False,True
1277,4,0,1,NORMAL,0.0055023484206227265,0.005421121640367095,0.0055023484206227265,1.0,3300000000.0,6700000000.0,18157749.788055,8546386.588128,149653.85434,25440796.377386,0.0,10903198.46069,10903198.445316,0.0,73023.42797099998,298861.1952633878,36511.713995,108835.497988374,300000.0,False,True
1278,4,0,1,NORMAL,0.0055079547958551515,0.0054267237794308415,0.0055079547958551515,1.0,3300000000.0,6700000000.0,18176250.826322,8555694.677624,149915.284789,25466354.997226,0.0,10914152.154923,10914152.139533,0.0,73024.62813,298872.4839724498,36512.314073,108946.49872833,300000.0,False,True
1279,4,0,1,NORMAL,0.005513561447473333,0.005432326209627132,0.005513561447473333,1.0,3300000000.0,6700000000.0,18194752.776662,8565004.677029,150176.981353,25491914.032976,0.0,10925106.027396,10925106.011996,0.0,73025.816436,298883.6611971287,36512.90822299999,109057.504957932,300000.0,False,True
1280,4,0,1,NORMAL,0.005519168374614243,0.005437928929948882,0.005519168374614243,1.0,3300000000.0,6700000000.0,18213255.636227,8574316.585476,150438.944046,25517473.480525,0.0,10936060.076359,10936060.060943,0.0,73026.993008,298894.7280301692,36513.49651199999,109168.516659972,300000.0,False,True
1281,4,0,1,NORMAL,0.00552477557642394,0.005443531939398886,0.00552477557642394,1.0,3300000000.0,6700000000.0,18231759.402199,8583630.402113,150701.17288,25543033.335806,0.0,10947014.300062,10947014.284634,0.0,73028.15795600002,298905.68555376754,36514.078984000014,109279.53381736201,300000.0,False,True
1282,4,0,1,NORMAL,0.005530383052058181,0.005449135236989809,0.005530383052058181,1.0,3300000000.0,6700000000.0,18250264.071792,8592946.126095,150963.667868,25568593.594792,0.0,10957968.696782,10957968.681339,0.0,73029.311397,298916.5348396705,36514.655706,109390.556413194,300000.0,False,True
1283,4,0,1,NORMAL,0.005535990800679091,0.0054547388217439565,0.005535990800679091,1.0,3300000000.0,6700000000.0,18268769.642241,8602263.756593,151226.429023,25594154.253494,0.0,10968923.26481,10968923.249351,0.0,73030.45344400001,298927.2769492733,36515.22673,109501.584430752,300000.0,False,True
1284,4,0,1,NORMAL,0.005541598821459394,0.005460342692693339,0.005541598821459394,1.0,3300000000.0,6700000000.0,18287276.110816,8611583.292787,151489.456358,25619715.307965,0.0,10979878.002449,10979877.986979,0.0,73031.58420900001,298937.912933716,36515.79211,109612.617853446,300000.0,False,True
1285,4,0,1,NORMAL,0.005547207113577879,0.005465946848879439,0.005547207113577879,1.0,3300000000.0,6700000000.0,18305783.474807,8620904.733868,151752.749886,25645276.754292,0.0,10990832.90803,10990832.892545,0.0,73032.70380100001,298948.44383398007,36516.351908,109723.65666489599,300000.0,False,True
1286,4,0,1,NORMAL,0.005552815676222727,0.005471551289353199,0.005552815676222727,1.0,3300000000.0,6700000000.0,18324291.731535,8630228.079041,152016.30962,25670838.588605,0.0,11001787.979892,11001787.96439,0.0,73033.81233299998,298958.8706809832,36516.906175000004,109834.70084884201,300000.0,False,True
1287,4,0,1,NORMAL,0.005558424508589697,0.0054771560131749095,0.005558424508589697,1.0,3300000000.0,6700000000.0,18342800.878346,8639553.327521,152280.135572,25696400.80707,0.0,11012743.216387,11012743.200874,0.0,73034.909909,298969.1944956738,36517.454959999995,109945.75038920999,300000.0,False,True
1288,4,0,1,NORMAL,0.00556403360988303,0.005482761019414143,0.00556403360988303,1.0,3300000000.0,6700000000.0,18361310.912614,8648880.478532,152544.227756,25721963.40589,0.0,11023698.615893,11023698.600366,0.0,73035.99663800001,298979.4162891248,36517.998326,110056.805270076,300000.0,False,True
1289,4,0,1,NORMAL,0.005569642979313637,0.0054883663071495946,0.005569642979313637,1.0,3300000000.0,6700000000.0,18379821.831735,8658209.531314,152808.586184,25747526.381308,0.0,11034654.176796,11034654.161257,0.0,73037.07263,298989.5370626259,36518.53632100001,110167.865475684,300000.0,False,True
1290,4,0,1,NORMAL,0.005575252616101212,0.005493971875469054,0.005575252616101212,1.0,3300000000.0,6700000000.0,18398333.633134,8667540.485113,153073.210868,25773089.729601,0.0,11045609.897498,11045609.881953,0.0,73038.13798399999,298999.55780777603,36519.068995,110278.93099041001,300000.0,False,True
1291,4,0,1,NORMAL,0.005580862519472121,0.005499577723469253,0.005580862519472121,1.0,3300000000.0,6700000000.0,18416846.314258,8676873.339188,153338.101821,25798653.447081,0.0,11056565.77643,11056565.760872,0.0,73039.192811,299009.47950657376,36519.596412,110390.001798804,300000.0,False,True
1292,4,0,1,NORMAL,0.005586472688662727,0.0055051838502559285,0.005586472688662727,1.0,3300000000.0,6700000000.0,18435359.872587,8686208.092807,153603.259056,25824217.530102,0.0,11067521.812019,11067521.79645,0.0,73040.237209,299019.30313150847,36520.118610000005,110501.07788554802,300000.0,False,True
1293,4,0,1,NORMAL,0.005592083122913636,0.005510790254943523,0.005592083122913636,1.0,3300000000.0,6700000000.0,18453874.305615,8695544.745252,153868.682586,25849781.975047,0.0,11078478.002723,11078477.987139,0.0,73041.271283,299029.02964564896,36520.635649,110612.15923552199,300000.0,False,True
1294,4,0,1,NORMAL,0.005597693821476666,0.005516396936655339,0.005597693821476666,1.0,3300000000.0,6700000000.0,18472389.610873,8704883.295813,154134.372423,25875346.778343,0.0,11089434.347001,11089434.331406,0.0,73042.295137,299038.6600027329,36521.147573999995,110723.24583369,300000.0,False,True
1295,4,0,1,NORMAL,0.005603304783607878,0.0055220038945232456,0.005603304783607878,1.0,3300000000.0,6700000000.0,18490905.785906,8714223.743791,154400.32858,25900911.936443,0.0,11100390.843338,11100390.827731,0.0,73043.308862,299048.19514725445,36521.654437,110834.337665238,300000.0,False,True
1296,4,0,1,NORMAL,0.005608916008571819,0.00552761112768767,0.005608916008571819,1.0,3300000000.0,6700000000.0,18509422.828287,8723566.088497,154666.551069,25926477.445839,0.0,11111347.490234,11111347.474612,0.0,73044.31256899999,299057.6360145512,36522.156292,110945.43471543599,300000.0,False,True
1297,4,0,1,NORMAL,0.005614527495640909,0.005533218635297557,0.005614527495640909,1.0,3300000000.0,6700000000.0,18527940.735615,8732910.329252,154933.039902,25952043.303057,0.0,11122304.286199,11122304.270561,0.0,73045.30635,299066.98353089084,36522.653183,111056.53696972202,300000.0,False,True
1298,4,0,1,NORMAL,0.0056201392440945455,0.0055388264165102665,0.0056201392440945455,1.0,3300000000.0,6700000000.0,18546459.505512,8742256.465389,155199.795092,25977609.504661,0.0,11133261.229753,11133261.214104,0.0,73046.290305,299076.2386135568,36523.145158,111167.64441369001,300000.0,False,True
1299,4,0,1,NORMAL,0.005625751253218787,0.005544434470491462,0.005625751253218787,1.0,3300000000.0,6700000000.0,18564979.135622,8751604.496249,155466.816652,26003176.047243,0.0,11144218.31944,11144218.303782,0.0,73047.264529,299085.40217093285,36523.63226900001,111278.75703307199,300000.0,False,True
1300,4,0,1,NORMAL,0.005631363522306667,0.005550042796415023,0.005631363522306667,1.0,3300000000.0,6700000000.0,18583499.623612,8760954.421184,155734.104593,26028742.927431,0.0,11155175.553817,11155175.538146,0.0,73048.229117,299094.4751025875,36524.114564999996,111389.87481373199,300000.0,False,True
1301,4,0,1,NORMAL,0.005636976050659091,0.005555651393463028,0.005636976050659091,1.0,3300000000.0,6700000000.0,18602020.967175,8770306.239555,156001.658928,26054310.141886,0.0,11166132.931452,11166132.915767,0.0,73049.184166,299103.45829935686,36524.592090000006,111500.997741672,300000.0,False,True
1302,4,0,1,NORMAL,0.005642588837583637,0.005561260260825648,0.005642588837583637,1.0,3300000000.0,6700000000.0,18620543.164026,8779659.950732,156269.479669,26079877.687302,0.0,11177090.450924,11177090.43523,0.0,73050.129767,299112.35264342785,36525.064888,111612.12580305,300000.0,False,True
1303,4,0,1,NORMAL,0.005648201882393637,0.005566869397701003,0.005648201882393637,1.0,3300000000.0,6700000000.0,18639066.211899,8789015.554096,156537.566829,26105445.560404,0.0,11188048.110838,11188048.095128,0.0,73051.066016,299121.15900841955,36525.533016,111723.258984156,300000.0,False,True
1304,4,0,1,NORMAL,0.005653815184412121,0.0055724788032952685,0.005653815184412121,1.0,3300000000.0,6700000000.0,18657590.10856,8798373.049037,156805.92042,26131013.757954,0.0,11199005.909797,11199005.894074,0.0,73051.993005,299129.87825946475,36525.996509,111834.397271394,300000.0,False,True
1305,4,0,1,NORMAL,0.005659428742965151,0.005578088476822358,0.005659428742965151,1.0,3300000000.0,6700000000.0,18676114.851785,8807732.434955,157074.540453,26156582.276738,0.0,11209963.846429,11209963.830695,0.0,73052.910821,299138.5112532899,36526.455416,111945.54065136,300000.0,False,True
1306,4,0,1,NORMAL,0.005665042557386969,0.005583698417503946,0.005665042557386969,1.0,3300000000.0,6700000000.0,18694640.439377,8817093.711259,157343.426941,26182151.113578,0.0,11220921.919375,11220921.903626,0.0,73053.819557,299147.05883829517,36526.909786,112056.68911071001,300000.0,False,True
1307,4,0,1,NORMAL,0.005670656627019394,0.005589308624569459,0.005670656627019394,1.0,3300000000.0,6700000000.0,18713166.869164,8826456.877367,157612.579896,26207720.26533,0.0,11231880.127282,11231880.111519,0.0,73054.719304,299155.52185463306,36527.35965900001,112167.842636262,300000.0,False,True
1308,4,0,1,NORMAL,0.005676270951209091,0.005594919097255887,0.005676270951209091,1.0,3300000000.0,6700000000.0,18731694.13899,8835821.93271,157881.99933,26233289.728877,0.0,11242838.468814,11242838.453037,0.0,73055.61014400002,299163.90113428736,36527.80507899999,112279.001214984,300000.0,False,True
1309,4,0,1,NORMAL,0.005681885529311212,0.005600529834807844,0.005681885529311212,1.0,3300000000.0,6700000000.0,18750222.246727,8845188.876722,158151.685256,26258859.501135,0.0,11253796.94265,11253796.92686,0.0,73056.492175,299172.1975011495,36528.246094,112390.16483394,300000.0,False,True
1310,4,0,1,NORMAL,0.0056875003606863634,0.005606140836477426,0.0056875003606863634,1.0,3300000000.0,6700000000.0,18768751.190265,8854557.708845,158421.637685,26284429.579047,0.0,11264755.547482,11264755.531677,0.0,73057.365473,299180.4117710967,36528.682744,112501.33348036201,300000.0,False,True
1311,4,0,1,NORMAL,0.0056931154447006065,0.005611752101524083,0.0056931154447006065,1.0,3300000000.0,6700000000.0,18787280.967512,8863928.428538,158691.856629,26309999.959589,0.0,11275714.282013,11275714.266194,0.0,73058.23013200001,299188.54475206713,36529.115073,112612.50714159,300000.0,False,True
1312,4,0,1,NORMAL,0.005698730780727575,0.005617363629214631,0.005698730780727575,1.0,3300000000.0,6700000000.0,18805811.576401,8873301.035264,158962.342101,26335570.639767,0.0,11286673.144956,11286673.129126,0.0,73059.086231,299196.5972441361,36529.543121,112723.685805072,300000.0,False,True
1313,4,0,1,NORMAL,0.005704346368146364,0.00562297541882313,0.005704346368146364,1.0,3300000000.0,6700000000.0,18824343.014883,8882675.528494,159233.094112,26361141.616615,0.0,11297632.135044,11297632.119203,0.0,73059.93386100001,299204.5700395902,36529.966936000004,112834.869458406,300000.0,False,True
1314,4,0,1,NORMAL,0.005709962206342425,0.005628587469630827,0.005709962206342425,1.0,3300000000.0,6700000000.0,18842875.28093,8892051.907709,159504.112674,26386712.887196,0.0,11308591.251018,11308591.235165,0.0,73060.77309799999,299212.46392300195,36530.386555,112946.058089298,300000.0,False,True
1315,4,0,1,NORMAL,0.0057155782947078786,0.005634199780926122,0.0057155782947078786,1.0,3300000000.0,6700000000.0,18861408.372536,8901430.172397,159775.397799,26412284.448602,0.0,11319550.491635,11319550.475765,0.0,73061.60402900001,299220.27967130305,36530.80202299999,113057.25168558,300000.0,False,True
1316,4,0,1,NORMAL,0.005721194632640606,0.005639812352004476,0.005721194632640606,1.0,3300000000.0,6700000000.0,18879942.287714,8910810.322057,160046.949498,26437856.297956,0.0,11330509.855657,11330509.839771,0.0,73062.42673600001,299228.0180538569,36531.213376,113168.450235216,300000.0,False,True
1317,4,0,1,NORMAL,0.005726811219544545,0.005645425182168352,0.005726811219544545,1.0,3300000000.0,6700000000.0,18898477.024497,8920192.356195,160318.767784,26463428.432408,0.0,11341469.341861,11341469.325961,0.0,73063.241298,299235.67983253126,36531.620656,113279.65372628401,300000.0,False,True
1318,4,0,1,NORMAL,0.005732428054827576,0.005651038270727013,0.005732428054827576,1.0,3300000000.0,6700000000.0,18917012.580931,8929576.274328,160590.852668,26489000.849133,0.0,11352428.949043,11352428.933127,0.0,73064.04779800001,299243.26576176914,36532.023907,113390.86214698199,300000.0,False,True
1319,4,0,1,NORMAL,0.005738045137906667,0.005656651616996668,0.005738045137906667,1.0,3300000000.0,6700000000.0,18935548.955092,8938962.075975,160863.204162,26514573.545337,0.0,11363388.676001,11363388.66007,0.0,73064.846309,299250.7765886599,36532.42316200001,113502.075485586,300000.0,False,True
1320,4,0,1,NORMAL,0.005743662468203031,0.005662265220300304,0.005743662468203031,1.0,3300000000.0,6700000000.0,18954086.14507,8948349.760669,161135.822278,26540146.518255,0.0,11374348.521549,11374348.505604,0.0,73065.63691799999,299258.2130530096,36532.818466,113613.29373055202,300000.0,False,True
1321,4,0,1,NORMAL,0.005749280045144546,0.005667879079967675,0.005749280045144546,1.0,3300000000.0,6700000000.0,18972624.148977,8957739.327947,161408.707028,26565719.765147,0.0,11385308.48451,11385308.468556,0.0,73066.419697,299265.57588740997,36533.209853,113724.51687042,300000.0,False,True
1322,4,0,1,NORMAL,0.005754897868162728,0.005673493195335098,0.005754897868162728,1.0,3300000000.0,6700000000.0,18991162.964937,8967130.777357,161681.858423,26591293.283298,0.0,11396268.563727,11396268.547763,0.0,73067.19472599999,299272.86581730784,36533.597368,113835.74489386201,300000.0,False,True
1323,4,0,1,NORMAL,0.005760515936696364,0.005679107565745503,0.005760515936696364,1.0,3300000000.0,6700000000.0,19009702.591098,8976524.108456,161955.276475,26616867.070024,0.0,11407228.758045,11407228.742073,0.0,73067.96208,299280.08356107306,36533.98104400001,113946.977789622,300000.0,False,True
1324,4,0,1,NORMAL,0.005766134250189394,0.005684722190548335,0.005766134250189394,1.0,3300000000.0,6700000000.0,19028243.025625,8985919.320805,162228.961196,26642441.122663,0.0,11418189.066331,11418189.050344,0.0,73068.721835,299287.2298300665,36534.360925,114058.21554658799,300000.0,False,True
1325,4,0,1,NORMAL,0.005771752808091515,0.0056903370690995075,0.005771752808091515,1.0,3300000000.0,6700000000.0,19046784.266702,8995316.413976,162502.912597,26668015.438584,0.0,11429149.487449,11429149.471452,0.0,73069.47406800001,299294.30532870657,36534.73703900001,114169.45815375,300000.0,False,True
1326,4,0,1,NORMAL,0.005777371609858182,0.005695952200761358,0.005777371609858182,1.0,3300000000.0,6700000000.0,19065326.312532,9004715.387546,162777.13069,26693590.015178,0.0,11440110.020288,11440110.004275,0.0,73070.21884999999,299301.31075453595,36535.109433,114280.70560021201,300000.0,False,True
1327,4,0,1,NORMAL,0.005782990654949091,0.005701567584902503,0.005782990654949091,1.0,3300000000.0,6700000000.0,19083869.161332,9014116.241101,163051.615486,26719164.849862,0.0,11451070.66374,11451070.64771,0.0,73070.95625499998,299308.24679828755,36535.478136000005,114391.957875192,300000.0,False,True
1328,4,0,1,NORMAL,0.00578860994283091,0.005707183220897884,0.00578860994283091,1.0,3300000000.0,6700000000.0,19102412.811342,9023518.974236,163326.366997,26744739.940083,0.0,11462031.416705,11462031.40066,0.0,73071.68635700001,299315.1141439491,36535.843186,114503.214967992,300000.0,False,True
1329,4,0,1,NORMAL,0.005794229472974242,0.005712799108128618,0.005794229472974242,1.0,3300000000.0,6700000000.0,19120957.260815,9032923.58655,163601.385234,26770315.283308,0.0,11472992.278101,11472992.262041,0.0,73072.409227,299321.9134688284,36536.20462099999,114614.476868052,300000.0,False,True
1330,4,0,1,NORMAL,0.005799849244856666,0.00571841524598204,0.005799849244856666,1.0,3300000000.0,6700000000.0,19139502.508027,9042330.077653,163876.670208,26795890.877033,0.0,11483953.246849,11483953.230778,0.0,73073.124935,299328.6454436171,36536.562473,114725.74356489,300000.0,False,True
1331,4,0,1,NORMAL,0.005805469257959091,0.005724031633851528,0.005805469257959091,1.0,3300000000.0,6700000000.0,19158048.551265,9051738.447159,164152.221932,26821466.718774,0.0,11494914.321894,11494914.305808,0.0,73073.83355699999,299335.31073245377,36536.91678600001,114837.015048162,300000.0,False,True
1332,4,0,1,NORMAL,0.005811089511768787,0.005729648271136513,0.005811089511768787,1.0,3300000000.0,6700000000.0,19176595.388837,9061148.694692,164428.040416,26847042.806075,0.0,11505875.502178,11505875.486077,0.0,73074.535155,299341.90999298735,36537.267585,114948.29130759001,300000.0,False,True
1333,4,0,1,NORMAL,0.005816710005778182,0.005735265157242427,0.005816710005778182,1.0,3300000000.0,6700000000.0,19195143.019068,9070560.819882,164704.125673,26872619.136504,0.0,11516836.786661,11516836.770543,0.0,73075.229807,299348.4438764389,36537.614912,115059.57233302199,300000.0,False,True
1334,4,0,1,NORMAL,0.005822330739483334,0.005740882291580551,0.005822330739483334,1.0,3300000000.0,6700000000.0,19213691.440295,9079974.822368,164980.477713,26898195.707652,0.0,11527798.174308,11527798.158175,0.0,73075.91757500001,299354.91302766325,36537.958795,115170.858114408,300000.0,False,True
1335,4,0,1,NORMAL,0.005827951712387273,0.005746499673568082,0.005827951712387273,1.0,3300000000.0,6700000000.0,19232240.650878,9089390.701792,165257.096547,26923772.517135,0.0,11538759.664095,11538759.64795,0.0,73076.598528,299361.3180852107,36538.299269999996,115282.14864177,300000.0,False,True
1336,4,0,1,NORMAL,0.00583357292399606,0.0057521173026279515,0.00583357292399606,1.0,3300000000.0,6700000000.0,19250790.649187,9098808.457806,165533.982188,26949349.562588,0.0,11549721.255016,11549721.238857,0.0,73077.272734,299367.659681387,36538.636374,115393.44390526801,300000.0,False,True
1337,4,0,1,NORMAL,0.005839194373822424,0.0057577351781888855,0.005839194373822424,1.0,3300000000.0,6700000000.0,19269341.433614,9108228.090069,165811.134646,26974926.841676,0.0,11560682.946064,11560682.929894,0.0,73077.940261,299373.9384423134,36538.970135999996,115504.743895122,300000.0,False,True
1338,4,0,1,NORMAL,0.005844816061383031,0.005763353299685282,0.005844816061383031,1.0,3300000000.0,6700000000.0,19287893.002564,9117649.598247,166088.553933,27000504.352083,0.0,11571644.736252,11571644.720066,0.0,73078.60117400002,299380.1549879864,36539.30059499999,115616.048601684,300000.0,False,True
1339,4,0,1,NORMAL,0.0058504379861996966,0.0057689716665571805,0.0058504379861996966,1.0,3300000000.0,6700000000.0,19306445.354459,9127072.982011,166366.24006,27026082.091517,0.0,11582606.624593,11582606.608394,0.0,73079.255537,299386.30993233604,36539.627775,115727.35801538402,300000.0,False,True
1340,4,0,1,NORMAL,0.005856060147799697,0.005774590278250247,0.005856060147799697,1.0,3300000000.0,6700000000.0,19324998.487739,9136498.241038,166644.193038,27051660.057708,0.0,11593568.610118,11593568.593902,0.0,73079.903415,299392.403883285,36539.951716,115838.672126754,300000.0,False,True
1341,4,0,1,NORMAL,0.005861682545714243,0.005780209134215667,0.005861682545714243,1.0,3300000000.0,6700000000.0,19343552.400857,9145925.375015,166922.412878,27077238.248411,0.0,11604530.691856,11604530.675631,0.0,73080.54487299999,299398.43744280585,36540.272441,115949.99092643401,300000.0,False,True
1342,4,0,1,NORMAL,0.005867305179478182,0.005785828233910023,0.005867305179478182,1.0,3300000000.0,6700000000.0,19362107.092278,9155354.383634,167200.899592,27102816.661398,0.0,11615492.868862,11615492.852624,0.0,73081.179973,299404.41120697843,36540.589992999994,116061.31440514201,300000.0,False,True
1343,4,0,1,NORMAL,0.0058729280486327275,0.005791447576795359,0.0058729280486327275,1.0,3300000000.0,6700000000.0,19380662.560488,9164785.266594,167479.653191,27128395.294468,0.0,11626455.140189,11626455.123938,0.0,73081.808781,299410.32576604653,36540.904397,116172.642553668,300000.0,False,True
1344,4,0,1,NORMAL,0.005878551152722727,0.00579706716233906,0.005878551152722727,1.0,3300000000.0,6700000000.0,19399218.803985,9174218.023599,167758.673686,27153974.145438,0.0,11637417.504905,11637417.488637,0.0,73082.43135500001,299416.1817044743,36541.215686,116283.975362928,300000.0,False,True
1345,4,0,1,NORMAL,0.005884174491298182,0.005802686990013842,0.005884174491298182,1.0,3300000000.0,6700000000.0,19417775.821284,9183652.654361,168037.961088,27179553.21215,0.0,11648379.962078,11648379.945797,0.0,73083.04775700001,299421.9796010018,36541.523884999995,116395.31282391,300000.0,False,True
1346,4,0,1,NORMAL,0.005889798063913333,0.00580830705929768,0.005889798063913333,1.0,3300000000.0,6700000000.0,19436333.610914,9193089.158596,168317.515408,27205132.492464,0.0,11659342.510797,11659342.494502,0.0,73083.65805200001,299427.72002869984,36541.829033,116506.654927704,300000.0,False,True
1347,4,0,1,NORMAL,0.0058954218701266665,0.005813927369673744,0.0058954218701266665,1.0,3300000000.0,6700000000.0,19454892.171418,9202527.536031,168597.336657,27230711.984264,0.0,11670305.150152,11670305.133842,0.0,73084.262295,299433.40355502535,36542.131154999995,116618.001665484,300000.0,False,True
1348,4,0,1,NORMAL,0.005901045909502121,0.0058195479206304135,0.005901045909502121,1.0,3300000000.0,6700000000.0,19473451.501357,9211967.786393,168877.424846,27256291.685453,0.0,11681267.879245,11681267.862921,0.0,73084.86055,299439.03074187477,36542.430282,116729.353028508,300000.0,False,True
1349,4,0,1,NORMAL,0.005906670181606061,0.0058251687116611,0.005906670181606061,1.0,3300000000.0,6700000000.0,19492011.5993,9221409.909422,169157.779987,27281871.593956,0.0,11692230.697184,11692230.680851,0.0,73085.45287499999,299444.6021456382,36542.72644199999,116840.709008142,300000.0,False,True
1350,4,0,1,NORMAL,0.005912294686011515,0.005830789742264353,0.005912294686011515,1.0,3300000000.0,6700000000.0,19510572.463838,9230853.904857,169438.40209,27307451.707717,0.0,11703193.603092,11703193.586746,0.0,73086.039325,299450.11831725214,36543.019669,116952.06959580001,300000.0,False,True
1351,4,0,1,NORMAL,0.005917919422293334,0.005836411011943642,0.005917919422293334,1.0,3300000000.0,6700000000.0,19529134.093568,9240299.772449,169719.291166,27333032.0247,0.0,11714156.5961,11714156.579736,0.0,73086.619964,299455.57980225247,36543.309991,117063.434783028,300000.0,False,True
1352,4,0,1,NORMAL,0.005923544390033031,0.005842032520207474,0.005923544390033031,1.0,3300000000.0,6700000000.0,19547696.487109,9249747.511949,170000.447227,27358612.542892,0.0,11725119.675337,11725119.65896,0.0,73087.19484499999,299460.9871408265,36543.597429,117174.804561408,300000.0,False,True
1353,4,0,1,NORMAL,0.005929169588814546,0.0058476542665692206,0.005929169588814546,1.0,3300000000.0,6700000000.0,19566259.643088,9259197.123121,170281.870283,27384193.260298,0.0,11736082.83995,11736082.82356,0.0,73087.764025,299466.3408678642,36543.882019,117286.17892265401,300000.0,False,True
1354,4,0,1,NORMAL,0.005934795018226667,0.0058532762505471205,0.005934795018226667,1.0,3300000000.0,6700000000.0,19584823.560148,9268648.60573,170563.560345,27409774.174941,0.0,11747046.089095,11747046.072691,0.0,73088.327562,299471.64151301014,36544.163788,117397.55785852802,300000.0,False,True
1355,4,0,1,NORMAL,0.005940420677862121,0.005858898471664218,0.005940420677862121,1.0,3300000000.0,6700000000.0,19603388.236945,9278101.959549,170845.517424,27435355.284867,0.0,11758009.421932,11758009.405516,0.0,73088.885514,299476.88960071356,36544.442763,117508.94136088801,300000.0,False,True
1356,4,0,1,NORMAL,0.005946046567317878,0.005864520929448325,0.005946046567317878,1.0,3300000000.0,6700000000.0,19621953.672149,9287557.184355,171127.741532,27460936.588139,0.0,11768972.837633,11768972.821203,0.0,73089.43793200002,299482.08565027884,36544.718973,117620.32942167,300000.0,False,True
1357,4,0,1,NORMAL,0.005951672686196061,0.00587014362343205,0.005951672686196061,1.0,3300000000.0,6700000000.0,19640519.864447,9297014.27993,171410.232679,27486518.082841,0.0,11779936.335375,11779936.318929,0.0,73089.98487199999,299487.23017591523,36544.992444,117731.722032894,300000.0,False,True
1358,4,0,1,NORMAL,0.005957299034101212,0.005875766553152642,0.005957299034101212,1.0,3300000000.0,6700000000.0,19659086.812534,9306473.246064,171692.990875,27512099.767074,0.0,11790899.914344,11790899.897884,0.0,73090.52639,299492.32368678605,36545.263202,117843.11918668202,300000.0,False,True
1359,4,0,1,NORMAL,0.005962925610641818,0.005881389718151944,0.005962925610641818,1.0,3300000000.0,6700000000.0,19677654.515118,9315934.082555,171976.016132,27537681.638959,0.0,11801863.573733,11801863.557262,0.0,73091.062537,299497.36668705766,36545.531274,117954.520875204,300000.0,False,True
1360,4,0,1,NORMAL,0.005968552415430303,0.005887013117976355,0.005968552415430303,1.0,3300000000.0,6700000000.0,19696222.97092,9325396.7892,172259.308461,27563263.696633,0.0,11812827.312749,11812827.296262,0.0,73091.593364,299502.3596759477,36545.796689999996,118065.92709070799,300000.0,False,True
1361,4,0,1,NORMAL,0.005974179448085455,0.005892636752176943,0.005974179448085455,1.0,3300000000.0,6700000000.0,19714792.178682,9334861.365804,172542.867872,27588845.938257,0.0,11823791.130595,11823791.114098,0.0,73092.11893000001,299507.30314777285,36546.05947,118177.33782552001,300000.0,False,True
1362,4,0,1,NORMAL,0.005979806708226061,0.005898260620309144,0.005979806708226061,1.0,3300000000.0,6700000000.0,19733362.137146,9344327.812182,172826.694377,27614428.362004,0.0,11834755.026496,11834755.009988,0.0,73092.639285,299512.19759199664,36546.31964799999,118288.753072092,300000.0,False,True
1363,4,0,1,NORMAL,0.005985434195477273,0.005903884721932894,0.005985434195477273,1.0,3300000000.0,6700000000.0,19751932.845075,9353796.128146,173110.787985,27640010.966067,0.0,11845718.999678,11845718.983156,0.0,73093.15447600001,299517.0434932763,36546.577245,118400.172822876,300000.0,False,True
1364,4,0,1,NORMAL,0.005991061909466969,0.005909509056612513,0.005991061909466969,1.0,3300000000.0,6700000000.0,19770504.301241,9363266.313521,173395.148708,27665593.748658,0.0,11856683.049373,11856683.032837,0.0,73093.66455800002,299521.8413315091,36546.832286000004,118511.59707045,300000.0,False,True
1365,4,0,1,NORMAL,0.005996689849827879,0.00591513362391673,0.005996689849827879,1.0,3300000000.0,6700000000.0,19789076.504432,9372738.368133,173679.776557,27691176.708009,0.0,11867647.174819,11867647.15827,0.0,73094.169581,299526.59158187883,36547.084797,118623.025807446,300000.0,False,True
1366,4,0,1,NORMAL,0.006002318016194545,0.005920758423418525,0.006002318016194545,1.0,3300000000.0,6700000000.0,19807649.453442,9382212.291817,173964.671542,27716759.842364,0.0,11878611.375268,11878611.358705,0.0,73094.66959399999,299531.2947149013,36547.334804,118734.459026592,300000.0,False,True
1367,4,0,1,NORMAL,0.006007946408206969,0.005926383454695199,0.006007946408206969,1.0,3300000000.0,6700000000.0,19826223.147083,9391688.084408,174249.833674,27742343.149987,0.0,11889575.649976,11889575.633397,0.0,73095.164646,299535.9511964696,36547.582331000005,118845.896720652,300000.0,False,True
1368,4,0,1,NORMAL,0.006013575025508182,0.005932008717328296,0.006013575025508182,1.0,3300000000.0,6700000000.0,19844797.584177,9401165.745749,174535.262963,27767926.62916,0.0,11900539.998206,11900539.981611,0.0,73095.65479,299540.561487899,36547.827403,118957.33888249799,300000.0,False,True
1369,4,0,1,NORMAL,0.006019203867745151,0.005937634210903577,0.006019203867745151,1.0,3300000000.0,6700000000.0,19863372.763559,9410645.275687,174820.959421,27793510.278183,0.0,11911504.419224,11911504.402618,0.0,73096.140071,299545.12604597135,36548.070041,119068.785505062,300000.0,False,True
1370,4,0,1,NORMAL,0.006024832934567576,0.005943259935010933,0.006024832934567576,1.0,3300000000.0,6700000000.0,19881948.684073,9420126.674076,175106.923057,27819094.095369,0.0,11922468.912313,11922468.895696,0.0,73096.620539,299549.6453229789,36548.310274999996,119180.236581354,300000.0,False,True
1371,4,0,1,NORMAL,0.006030462225628485,0.005948885889244323,0.006030462225628485,1.0,3300000000.0,6700000000.0,19900525.344574,9429609.940776,175393.153883,27844678.079051,0.0,11933433.476755,11933433.460129,0.0,73097.09623899999,299554.11976676824,36548.54812399999,119291.69210443801,300000.0,False,True
1372,4,0,1,NORMAL,0.006036091740585151,0.0059545120732017965,0.006036091740585151,1.0,3300000000.0,6700000000.0,19919102.743931,9439095.075646,175679.651909,27870262.227574,0.0,11944398.11185,11944398.095209,0.0,73097.567221,299558.54982078314,36548.783618,119403.15206744401,300000.0,False,True
1373,4,0,1,NORMAL,0.0060417214790996964,0.005960138486485533,0.0060417214790996964,1.0,3300000000.0,6700000000.0,19937680.881029,9448582.078552,175966.417146,27895846.539306,0.0,11955362.816887,11955362.800237,0.0,73098.03352900002,299562.93592410744,36549.01676900001,119514.616463586,300000.0,False,True
1374,4,0,1,NORMAL,0.006047351440834545,0.0059657651287015985,0.006047351440834545,1.0,3300000000.0,6700000000.0,19956259.754754,9458070.949371,176253.449604,27921431.012626,0.0,11966327.591182,11966327.574514,0.0,73098.49521200001,299567.27851150726,36549.24761499999,119626.085286174,300000.0,False,True
1375,4,0,1,NORMAL,0.006052981625457879,0.005971391999460068,0.006052981625457879,1.0,3300000000.0,6700000000.0,19974839.364011,9467561.687979,176540.749294,27947015.645933,0.0,11977292.434037,11977292.417358,0.0,73098.95231299999,299571.57801347325,36549.476162,119737.558528524,300000.0,False,True
1376,4,0,1,NORMAL,0.006058612032640303,0.005977019098374922,0.006058612032640303,1.0,3300000000.0,6700000000.0,19993419.707713,9477054.294257,176828.316227,27972600.437639,0.0,11988257.344776,11988257.328087,0.0,73099.40488,299575.8348562618,36549.702444999995,119849.036184066,300000.0,False,True
1377,4,0,1,NORMAL,0.006064242662055151,0.00598264642506397,0.006064242662055151,1.0,3300000000.0,6700000000.0,20012000.784782,9486548.768093,177116.150413,27998185.38617,0.0,11999222.322729,11999222.306027,0.0,73099.852955,299580.04946193646,36549.926483999996,119960.518246278,300000.0,False,True
1378,4,0,1,NORMAL,0.006069873513380909,0.0059882739791489335,0.006069873513380909,1.0,3300000000.0,6700000000.0,20030582.594157,9496045.109374,177404.251863,28023770.489971,0.0,12010187.367228,12010187.35051,0.0,73100.29658400001,299584.2222484086,36550.14830000001,120072.004708692,300000.0,False,True
1379,4,0,1,NORMAL,0.006075504586297273,0.005993901760255278,0.006075504586297273,1.0,3300000000.0,6700000000.0,20049165.134781,9505543.318001,177692.620587,28049355.747502,0.0,12021152.477609,12021152.460877,0.0,73100.73581,299588.3536294776,36550.36791200001,120183.495564942,300000.0,False,True
1380,4,0,1,NORMAL,0.006081135880489091,0.005999529768012299,0.006081135880489091,1.0,3300000000.0,6700000000.0,20067748.405614,9515043.393871,177981.256596,28074941.157237,0.0,12032117.653222,12032117.636476,0.0,73101.170682,299592.4440148713,36550.58534800001,120294.990808686,300000.0,False,True
1381,4,0,1,NORMAL,0.006086767395642727,0.0060051580020529715,0.006086767395642727,1.0,3300000000.0,6700000000.0,20086332.405621,9524545.336891,178270.1599,28100526.717667,0.0,12043082.893415,12043082.876658,0.0,73101.601235,299596.49381028523,36550.800623,120406.490433684,300000.0,False,True
1382,4,0,1,NORMAL,0.006092399131448182,0.006010786462013953,0.006092399131448182,1.0,3300000000.0,6700000000.0,20104917.133779,9534049.14697,178559.330509,28126112.427295,0.0,12054048.197552,12054048.180783,0.0,73102.027518,299600.50341742183,36551.013765,120517.994433726,300000.0,False,True
1383,4,0,1,NORMAL,0.006098031087599394,0.006016415147535595,0.006098031087599394,1.0,3300000000.0,6700000000.0,20123502.589078,9543554.824021,178848.768434,28151698.284641,0.0,12065013.564996,12065013.548215,0.0,73102.44956800003,299604.47323402984,36551.22479,120629.502802674,300000.0,False,True
1384,4,0,1,NORMAL,0.0061036632637921215,0.006022044058261822,0.0061036632637921215,1.0,3300000000.0,6700000000.0,20142088.770514,9553062.367963,179138.473686,28177284.288239,0.0,12075978.99512,12075978.978327,0.0,73102.867432,299608.40365394193,36551.433721999994,120741.01553446801,300000.0,False,True
1385,4,0,1,NORMAL,0.006109295659726364,0.00602767319384018,0.006109295659726364,1.0,3300000000.0,6700000000.0,20160675.677097,9562571.778716,179428.446275,28202870.436635,0.0,12086944.487305,12086944.470495,0.0,73103.281145,299612.2950671138,36551.64058100001,120852.532623084,300000.0,False,True
1386,4,0,1,NORMAL,0.006114928275104545,0.006033302553921752,0.006114928275104545,1.0,3300000000.0,6700000000.0,20179263.307845,9572083.056209,179718.686211,28228456.728395,0.0,12097910.04093,12097910.024105,0.0,73103.690755,299616.14785966114,36551.84538500001,120964.054062582,300000.0,False,True
1387,4,0,1,NORMAL,0.006120561109632121,0.006038932138161131,0.006120561109632121,1.0,3300000000.0,6700000000.0,20197851.661786,9581596.200375,180009.193505,28254043.162097,0.0,12108875.655383,12108875.638547,0.0,73104.09629899998,299619.9624138974,36552.048155,121075.57984707001,300000.0,False,True
1388,4,0,1,NORMAL,0.006126194163017576,0.006044561946216386,0.006126194163017576,1.0,3300000000.0,6700000000.0,20216440.737958,9591111.211147,180299.968167,28279629.736331,0.0,12119841.330067,12119841.313216,0.0,73104.49782100001,299623.7391083709,36552.248918000005,121187.109970716,300000.0,False,True
1389,4,0,1,NORMAL,0.0061318274349727265,0.0060501919777490535,0.0061318274349727265,1.0,3300000000.0,6700000000.0,20235030.53541,9600628.088465,180591.010208,28305216.449703,0.0,12130807.06438,12130807.047514,0.0,73104.895355,299627.47831790155,36552.447685,121298.644427748,300000.0,False,True
1390,4,0,1,NORMAL,0.006137460925211819,0.006055822232424071,0.006137460925211819,1.0,3300000000.0,6700000000.0,20253621.053199,9610146.832271,180882.319637,28330803.30083,0.0,12141772.85773,12141772.840853,0.0,73105.28894299998,299631.18041361676,36552.644477,121410.18321245999,300000.0,False,True
1391,4,0,1,NORMAL,0.006143094633451819,0.006061452709909733,0.006143094633451819,1.0,3300000000.0,6700000000.0,20272212.290391,9619667.442514,181173.896466,28356390.288345,0.0,12152738.709535,12152738.692643,0.0,73105.678625,299634.8457629881,36552.83932,121521.726319194,300000.0,False,True
1392,4,0,1,NORMAL,0.006148728559413031,0.006067083409877688,0.006148728559413031,1.0,3300000000.0,6700000000.0,20290804.246063,9629189.919146,181465.740704,28381977.410895,0.0,12163704.61921,12163704.602305,0.0,73106.064437,299638.4747298663,36553.032225,121633.27374234602,300000.0,False,True
1393,4,0,1,NORMAL,0.006154362702818182,0.006072714332002882,0.006154362702818182,1.0,3300000000.0,6700000000.0,20309396.9193,9638714.262123,181757.852362,28407564.667139,0.0,12174670.586184,12174670.569264,0.0,73106.446421,299642.0676745172,36553.223218,121744.82547637801,300000.0,False,True
1394,4,0,1,NORMAL,0.006159997063393637,0.0060783454759635765,0.006159997063393637,1.0,3300000000.0,6700000000.0,20327990.309199,9648240.471403,182050.23145,28433152.05575,0.0,12185636.609887,12185636.592953,0.0,73106.82461400001,299645.6249536562,36553.412314,121856.3815158,300000.0,False,True
1395,4,0,1,NORMAL,0.006165631640867273,0.006083976841441235,0.006165631640867273,1.0,3300000000.0,6700000000.0,20346584.414862,9657768.546952,182342.877979,28458739.575415,0.0,12196602.689755,12196602.672806,0.0,73107.199051,299649.1469204833,36553.599533,121967.94185519402,300000.0,False,True
1396,4,0,1,NORMAL,0.006171266434970606,0.006089608428120549,0.006171266434970606,1.0,3300000000.0,6700000000.0,20365179.235403,9667298.488735,182635.791959,28484327.224831,0.0,12207568.825232,12207568.808269,0.0,73107.56977199999,299652.6339247171,36553.784893000004,122079.506489172,300000.0,False,True
1397,4,0,1,NORMAL,0.006176901445437879,0.006095240235689409,0.006176901445437879,1.0,3300000000.0,6700000000.0,20383774.769945,9676830.296725,182928.9734,28509915.002711,0.0,12218535.015767,12218534.998786,0.0,73107.936812,299656.08631262893,36553.968414999996,122191.07541241801,300000.0,False,True
1398,4,0,1,NORMAL,0.0061825366720054545,0.006100872263838831,0.0061825366720054545,1.0,3300000000.0,6700000000.0,20402371.017618,9686363.970898,183222.422312,28535502.907781,0.0,12229501.260808,12229501.243814,0.0,73108.30020900001,299659.5044270766,36554.150111,122302.64861967,300000.0,False,True
1399,4,0,1,NORMAL,0.006188172114413637,0.006106504512263013,0.006188172114413637,1.0,3300000000.0,6700000000.0,20420967.977565,9695899.511231,183516.138706,28561090.938778,0.0,12240467.559817,12240467.542809,0.0,73108.65999799999,299662.8886075375,36554.330006,122414.226105708,300000.0,False,True
1400,4,0,1,NORMAL,0.006193807772403636,0.006112136980659182,0.006193807772403636,1.0,3300000000.0,6700000000.0,20439565.648932,9705436.917708,183810.122591,28586679.09445,0.0,12251433.91226,12251433.895238,0.0,73109.01621599999,299666.2391901419,36554.508115,122525.80786539002,300000.0,False,True
1401,4,0,1,NORMAL,0.006199443645720606,0.006117769668727662,0.006199443645720606,1.0,3300000000.0,6700000000.0,20458164.030878,9714976.190314,184104.373978,28612267.37356,0.0,12262400.317605,12262400.300569,0.0,73109.368896,299669.5565077055,36554.684455,122637.393893592,300000.0,False,True
1402,4,0,1,NORMAL,0.006205079734111212,0.006123402576171762,0.006205079734111212,1.0,3300000000.0,6700000000.0,20476763.122567,9724517.329041,184398.892878,28637855.774882,0.0,12273366.775328,12273366.758277,0.0,73109.718075,299672.8408897617,36554.85904499999,122748.984185268,300000.0,False,True
1403,4,0,1,NORMAL,0.006210716037325455,0.006129035702697807,0.006210716037325455,1.0,3300000000.0,6700000000.0,20495362.923174,9734060.333882,184693.6793,28663444.297203,0.0,12284333.284909,12284333.267842,0.0,73110.063788,299676.092662594,36555.031902,122860.57873540201,300000.0,False,True
1404,4,0,1,NORMAL,0.006216352555116363,0.006134669048015133,0.006216352555116363,1.0,3300000000.0,6700000000.0,20513963.431884,9743605.204835,184988.733254,28689032.939324,0.0,12295299.845827,12295299.82875,0.0,73110.406068,299679.3121492674,36555.203039,122972.17753904402,300000.0,False,True
1405,4,0,1,NORMAL,0.006221989287237878,0.006140302611835955,0.006221989287237878,1.0,3300000000.0,6700000000.0,20532564.647885,9753151.9419,185284.054751,28714621.700052,0.0,12306266.45758,12306266.440489,0.0,73110.744948,299682.49966966023,36555.372481000006,123083.78059130399,300000.0,False,True
1406,4,0,1,NORMAL,0.006227626233447879,0.006145936393875435,0.006227626233447879,1.0,3300000000.0,6700000000.0,20551166.570378,9762700.545084,185579.643801,28740210.578213,0.0,12317233.119658,12317233.102555,0.0,73111.080466,299685.6555404949,36555.540239,123195.38788730999,300000.0,False,True
1407,4,0,1,NORMAL,0.006233263393506364,0.006151570393851624,0.006233263393506364,1.0,3300000000.0,6700000000.0,20569769.198571,9772251.014391,185875.500414,28765799.572637,0.0,12328199.831565,12328199.81445,0.0,73111.41265,299688.7800753692,36555.706331,123306.99942226801,300000.0,False,True
1408,4,0,1,NORMAL,0.006238900767174848,0.006157204611485382,0.006238900767174848,1.0,3300000000.0,6700000000.0,20588372.531677,9781803.349835,186171.6246,28791388.68217,0.0,12339166.592807,12339166.575677,0.0,73111.741535,299691.87358478655,36555.870774999996,123418.615191426,300000.0,False,True
1409,4,0,1,NORMAL,0.006244538354219091,0.00616283904650046,0.006244538354219091,1.0,3300000000.0,6700000000.0,20606976.568923,9791357.551431,186468.01637,28816977.905674,0.0,12350133.402887,12350133.385748,0.0,73112.067159,299694.93637618644,36556.033584,123530.235190062,300000.0,False,True
1410,4,0,1,NORMAL,0.006250176154405454,0.006168473698623364,0.006250176154405454,1.0,3300000000.0,6700000000.0,20625581.309538,9800913.619197,186764.675733,28842567.242011,0.0,12361100.26133,12361100.244176,0.0,73112.389545,299697.9687539743,36556.19478,123641.859413538,300000.0,False,True
1411,4,0,1,NORMAL,0.006255814167503031,0.0061741085675833425,0.006255814167503031,1.0,3300000000.0,6700000000.0,20644186.75276,9810471.553155,187061.6027,28868156.690063,0.0,12372067.167651,12372067.150481,0.0,73112.70873000001,299700.97101955133,36556.354373,123753.487857228,300000.0,False,True
1412,4,0,1,NORMAL,0.006261452393284545,0.006179743653112453,0.006261452393284545,1.0,3300000000.0,6700000000.0,20662792.897839,9820031.353329,187358.79728,28893746.248721,0.0,12383034.121374,12383034.104188,0.0,73113.024746,299703.9434713437,36556.512381,123865.12051656001,300000.0,False,True
1413,4,0,1,NORMAL,0.006267090831524242,0.006185378954945472,0.006267090831524242,1.0,3300000000.0,6700000000.0,20681399.74403,9829593.019747,187656.259484,28919335.916887,0.0,12394001.122026,12394001.104829,0.0,73113.337625,299706.88640483195,36556.668818000006,123976.757387034,300000.0,False,True
1414,4,0,1,NORMAL,0.006272729481998182,0.0061910144728198405,0.006272729481998182,1.0,3300000000.0,6700000000.0,20700007.290594,9839156.552442,187953.989322,28944925.693474,0.0,12404968.169139,12404968.151937,0.0,73113.64739499999,299709.80011257966,36556.82369999999,124088.39846417999,300000.0,False,True
1415,4,0,1,NORMAL,0.006278368344484243,0.006196650206475609,0.006278368344484243,1.0,3300000000.0,6700000000.0,20718615.536798,9848721.95145,188251.986804,28970515.577403,0.0,12415935.262259,12415935.245049,0.0,73113.95409000001,299712.6848842619,36556.977049,124200.043743564,300000.0,False,True
1416,4,0,1,NORMAL,0.006284007418764545,0.00620228615565554,0.006284007418764545,1.0,3300000000.0,6700000000.0,20737224.481923,9858289.216805,188550.25194,28996105.567608,0.0,12426902.40093,12426902.383707,0.0,73114.25773900001,299715.54100669385,36557.128876,124311.693220788,300000.0,False,True
1417,4,0,1,NORMAL,0.006289646704621515,0.006207922320104958,0.006289646704621515,1.0,3300000000.0,6700000000.0,20755834.125251,9867858.348551,188848.78474,29021695.663034,0.0,12437869.584696,12437869.56746,0.0,73114.55837099999,299718.36876385857,36557.27919199999,124423.34689153799,300000.0,False,True
1418,4,0,1,NORMAL,0.0062952862018415155,0.006213558699571833,0.0062952862018415155,1.0,3300000000.0,6700000000.0,20774444.466077,9877429.346732,189147.585214,29047285.862638,0.0,12448836.813107,12448836.79586,0.0,73114.856019,299721.1684369348,36557.428015000005,124535.004751506,300000.0,False,True
1419,4,0,1,NORMAL,0.006300925910211514,0.006219195293806651,0.006300925910211514,1.0,3300000000.0,6700000000.0,20793055.503698,9887002.211397,189446.653372,29072876.165385,0.0,12459804.085722,12459804.068463,0.0,73115.15071199999,299723.94030432444,36557.575361999996,124646.666796462,300000.0,False,True
1420,4,0,1,NORMAL,0.006306565829521212,0.0062248321025624295,0.006306565829521212,1.0,3300000000.0,6700000000.0,20811667.23742,9896576.942593,189745.989224,29098466.570247,0.0,12470771.402106,12470771.38483,0.0,73115.442475,299726.6846416798,36557.72124600001,124758.333022188,300000.0,False,True
1421,4,0,1,NORMAL,0.006312205959562425,0.006230469125594688,0.006312205959562425,1.0,3300000000.0,6700000000.0,20830279.666556,9906153.540375,190045.59278,29124057.076211,0.0,12481738.761819,12481738.744528,0.0,73115.73133899998,299729.4017219306,36557.865676999994,124870.00342452001,300000.0,False,True
1422,4,0,1,NORMAL,0.006317846300129697,0.006236106362661463,0.006317846300129697,1.0,3300000000.0,6700000000.0,20848892.790428,9915732.004801,190345.46405,29149647.682275,0.0,12492706.164431,12492706.147124,0.0,73116.01733599999,299732.09181531053,36558.008676000005,124981.67799933601,300000.0,False,True
1423,4,0,1,NORMAL,0.006323486851019091,0.006241743813523246,0.006323486851019091,1.0,3300000000.0,6700000000.0,20867506.608363,9925312.33593,190645.603044,29175238.387445,0.0,12503673.609515,12503673.592195,0.0,73116.30049499999,299734.7551893838,36558.150254,125093.35674256801,300000.0,False,True
1424,4,0,1,NORMAL,0.006329127612028485,0.006247381477942939,0.006329127612028485,1.0,3300000000.0,6700000000.0,20886121.119694,9934894.533826,190946.009772,29200829.190735,0.0,12514641.096652,12514641.079315,0.0,73116.58083699999,299737.3921090712,36558.29042700001,125205.03965017799,300000.0,False,True
1425,4,0,1,NORMAL,0.00633476858295909,0.006253019355685918,0.00633476858295909,1.0,3300000000.0,6700000000.0,20904736.323765,9944478.598552,191246.684244,29226420.091172,0.0,12525608.625421,12525608.608071,0.0,73116.858399,299740.0028366762,36558.429206,125316.72671816399,300000.0,False,True
1426,4,0,1,NORMAL,0.006340409763611818,0.006258657446519847,0.006340409763611818,1.0,3300000000.0,6700000000.0,20923352.219919,9954064.530178,191547.62647,29252011.087788,0.0,12536576.195413,12536576.178047,0.0,73117.13320000001,299742.5876319105,36558.566608,125428.41794259,300000.0,False,True
1427,4,0,1,NORMAL,0.0063460511537921215,0.006264295750214833,0.0063460511537921215,1.0,3300000000.0,6700000000.0,20941968.807514,9963652.328776,191848.83646,29277602.17963,0.0,12547543.806216,12547543.788834,0.0,73117.40527399999,299745.1467519195,36558.702645000005,125540.113319514,300000.0,False,True
1428,4,0,1,NORMAL,0.006351692753306667,0.006269934266543339,0.006351692753306667,1.0,3300000000.0,6700000000.0,20960586.085912,9973241.994417,192150.314223,29303193.365752,0.0,12558511.457422,12558511.440027,0.0,73117.67464299999,299747.68045130733,36558.837328,125651.812845084,300000.0,False,True
1429,4,0,1,NORMAL,0.006357334561963333,0.006275572995280113,0.006357334561963333,1.0,3300000000.0,6700000000.0,20979204.054479,9982833.52718,192452.05977,29328784.645217,0.0,12569479.148633,12569479.131225,0.0,73117.94133900001,299750.18898216216,36558.970676,125763.516515472,300000.0,False,True
1430,4,0,1,NORMAL,0.006362976579571818,0.006281211936202158,0.006362976579571818,1.0,3300000000.0,6700000000.0,20997822.712587,9992426.927146,192754.073111,29354376.017097,0.0,12580446.879454,12580446.862028,0.0,73118.20538399999,299752.6725940805,36559.102701,125875.224326874,300000.0,False,True
1431,4,0,1,NORMAL,0.006368618805945455,0.006286851089088823,0.006368618805945455,1.0,3300000000.0,6700000000.0,21016442.05962,10002022.194397,193056.354255,29379967.480476,0.0,12591414.649485,12591414.632046,0.0,73118.46680700002,299755.13153419195,36559.23341,125986.93627552199,300000.0,False,True
1432,4,0,1,NORMAL,0.006374261240897273,0.006292490453721626,0.006374261240897273,1.0,3300000000.0,6700000000.0,21035062.094961,10011619.329019,193358.903213,29405559.034443,0.0,12602382.45834,12602382.440887,0.0,73118.72562999999,299757.5660471832,36559.362821999996,126098.65235772,300000.0,False,True
1433,4,0,1,NORMAL,0.006379903884244848,0.006298130029884414,0.006379903884244848,1.0,3300000000.0,6700000000.0,21053682.818008,10021218.331097,193661.719994,29431150.678099,0.0,12613350.305634,12613350.288167,0.0,73118.981886,299759.97637532203,36559.49095000001,126210.372569766,300000.0,False,True
1434,4,0,1,NORMAL,0.006385546735804848,0.006303769817363152,0.006385546735804848,1.0,3300000000.0,6700000000.0,21072304.228156,10030819.200725,193964.804608,29456742.410552,0.0,12624318.190986,12624318.173503,0.0,73119.235594,299762.36275848147,36559.617805,126322.09690804798,300000.0,False,True
1435,4,0,1,NORMAL,0.006391189795397273,0.0063094098159459985,0.006391189795397273,1.0,3300000000.0,6700000000.0,21090926.324811,10040421.937996,194268.157065,29482334.230921,0.0,12635286.114016,12635286.096515,0.0,73119.48678,299764.7254341627,36559.743399,126433.825368936,300000.0,False,True
1436,4,0,1,NORMAL,0.0063968330628448485,0.006315050025423344,0.0063968330628448485,1.0,3300000000.0,6700000000.0,21109549.107388,10050026.543005,194571.777375,29507926.138334,0.0,12646254.074349,12646254.056831,0.0,73119.735475,299767.0646375188,36559.867746,126545.557948866,300000.0,False,True
1437,4,0,1,NORMAL,0.0064024765379703035,0.006320690445587664,0.0064024765379703035,1.0,3300000000.0,6700000000.0,21128172.575302,10059633.015852,194875.665548,29533518.131925,0.0,12657222.071609,12657222.054083,0.0,73119.981694,299769.3806013775,36559.990851,126657.29464432801,300000.0,False,True
1438,4,0,1,NORMAL,0.006408120220598788,0.006326331076233544,0.006408120220598788,1.0,3300000000.0,6700000000.0,21146796.727976,10069241.356637,195179.821594,29559110.210836,0.0,12668190.10544,12668190.0879,0.0,73120.22546999999,299771.67355626443,36560.112742,126769.03545181201,300000.0,False,True
1439,4,0,1,NORMAL,0.006413764110558182,0.006331971917157715,0.006413764110558182,1.0,3300000000.0,6700000000.0,21165421.564842,10078851.565465,195484.245522,29584702.374221,0.0,12679158.175475,12679158.157921,0.0,73120.466826,299773.94373042544,36560.23342,126880.78036785602,300000.0,False,True
1440,4,0,1,NORMAL,0.006419408207676969,0.006337612968158958,0.006419408207676969,1.0,3300000000.0,6700000000.0,21184047.085334,10088463.64244,195788.937342,29610294.621239,0.0,12690126.281356,12690126.263784,0.0,73120.70577999999,299776.191349849,36560.352899,126992.52938905201,300000.0,False,True
1441,4,0,1,NORMAL,0.006425052511786061,0.006343254229038126,0.006425052511786061,1.0,3300000000.0,6700000000.0,21202673.288894,10098077.587674,196093.897065,29635886.951062,0.0,12701094.422721,12701094.405134,0.0,73120.942361,299778.4166382885,36560.471187999996,127104.28251200399,300000.0,False,True
1442,4,0,1,NORMAL,0.006430697022717576,0.006348895699598091,0.006430697022717576,1.0,3300000000.0,6700000000.0,21221300.174968,10107693.401277,196399.1247,29661479.362865,0.0,12712062.599221,12712062.58162,0.0,73121.176592,299780.6198172842,36560.588303,127216.03973336401,300000.0,False,True
1443,4,0,1,NORMAL,0.006436341740306364,0.0063545373796437855,0.006436341740306364,1.0,3300000000.0,6700000000.0,21239927.743011,10117311.083362,196704.620256,29687071.855835,0.0,12723030.810505,12723030.792892,0.0,73121.40849599999,299782.80110618507,36560.704254000004,127327.80104980801,300000.0,False,True
1444,4,0,1,NORMAL,0.006441986664386969,0.006360179268982056,0.006441986664386969,1.0,3300000000.0,6700000000.0,21258555.992477,10126930.634048,197010.383744,29712664.429164,0.0,12733999.056231,12733999.038603,0.0,73121.638095,299784.9607221701,36560.81905500001,127439.56645806601,300000.0,False,True
1445,4,0,1,NORMAL,0.0064476317947984845,0.006365821367421825,0.0064476317947984845,1.0,3300000000.0,6700000000.0,21277184.922835,10136552.053452,197316.415173,29738257.082056,0.0,12744967.336054,12744967.318411,0.0,73121.865415,299787.09888026986,36560.932715,127551.335954862,300000.0,False,True
1446,4,0,1,NORMAL,0.006453277131379091,0.006371463674773907,0.006453277131379091,1.0,3300000000.0,6700000000.0,21295814.533551,10146175.341696,197622.714554,29763849.813719,0.0,12755935.649635,12755935.631978,0.0,73122.090474,299789.2157933875,36561.04524399999,127663.10953701001,300000.0,False,True
1447,4,0,1,NORMAL,0.006458922673969697,0.006377106190851055,0.006458922673969697,1.0,3300000000.0,6700000000.0,21314444.8241,10155800.498903,197929.281896,29789442.623368,0.0,12766903.996642,12766903.97897,0.0,73122.313297,299791.3116723199,36561.156656,127774.887201306,300000.0,False,True
1448,4,0,1,NORMAL,0.006464568422413333,0.006382748915467976,0.006464568422413333,1.0,3300000000.0,6700000000.0,21333075.793964,10165427.5252,198236.117208,29815035.510232,0.0,12777872.376737,12777872.359053,0.0,73122.53390600001,299793.38672577805,36561.26695899999,127886.6689446,300000.0,False,True
1449,4,0,1,NORMAL,0.0064702143765536365,0.0063883918484412446,0.0064702143765536365,1.0,3300000000.0,6700000000.0,21351707.442627,10175056.420714,198543.220501,29840628.473542,0.0,12788840.789595,12788840.771898,0.0,73122.752323,299795.4411604078,36561.376167999995,127998.454763784,300000.0,False,True
1450,4,0,1,NORMAL,0.00647586053623697,0.0063940349895893565,0.00647586053623697,1.0,3300000000.0,6700000000.0,21370339.769582,10184687.185575,198850.591784,29866221.512538,0.0,12799809.234891,12799809.217181,0.0,73122.968571,299797.47518081014,36561.484292,128110.24465576201,300000.0,False,True
1451,4,0,1,NORMAL,0.006481506901310303,0.006399678338732644,0.006481506901310303,1.0,3300000000.0,6700000000.0,21388972.774324,10194319.819916,199158.231067,29891814.626468,0.0,12810777.712302,12810777.694578,0.0,73123.182668,299799.48898956133,36561.591341,128222.038617492,300000.0,False,True
1452,4,0,1,NORMAL,0.00648715347162303,0.006405321895693315,0.00648715347162303,1.0,3300000000.0,6700000000.0,21407606.456356,10203954.323872,199466.13836,29917407.814588,0.0,12821746.22151,12821746.203769,0.0,73123.39463900002,299801.4827872329,36561.69732800001,128333.836645944,300000.0,False,True
1453,4,0,1,NORMAL,0.006492800247025455,0.006410965660295389,0.006492800247025455,1.0,3300000000.0,6700000000.0,21426240.815184,10213590.697582,199774.313672,29943001.076161,0.0,12832714.762194,12832714.744442,0.0,73123.604503,299803.45677241107,36561.802257,128445.638738136,300000.0,False,True
1454,4,0,1,NORMAL,0.006498447227369091,0.006416609632364661,0.006498447227369091,1.0,3300000000.0,6700000000.0,21444875.850318,10223228.941184,200082.757013,29968594.410456,0.0,12843683.334047,12843683.316282,0.0,73123.81228299999,299805.4111417166,36561.906147999995,128557.44489110401,300000.0,False,True
1455,4,0,1,NORMAL,0.006504094412507576,0.00642225381172872,0.006504094412507576,1.0,3300000000.0,6700000000.0,21463511.561275,10232869.054822,200391.468393,29994187.816751,0.0,12854651.936757,12854651.918979,0.0,73124.017997,299807.3460898242,36562.009005,128669.255101908,300000.0,False,True
1456,4,0,1,NORMAL,0.006509741802296061,0.006427898198216936,0.006509741802296061,1.0,3300000000.0,6700000000.0,21482147.947577,10242511.038639,200700.447822,30019781.29433,0.0,12865620.570017,12865620.552225,0.0,73124.22166400001,299809.2618094814,36562.11083899999,128781.06936765001,300000.0,False,True
1457,4,0,1,NORMAL,0.006515389396592121,0.006433542791660497,0.006515389396592121,1.0,3300000000.0,6700000000.0,21500785.008754,10252154.89278,201009.695309,30045374.842486,0.0,12876589.233525,12876589.215718,0.0,73124.423313,299811.15849152784,36562.211664,128892.887685462,300000.0,False,True
1458,4,0,1,NORMAL,0.00652103719525303,0.006439187591892274,0.00652103719525303,1.0,3300000000.0,6700000000.0,21519422.744335,10261800.617393,201319.210864,30070968.460516,0.0,12887557.926981,12887557.909155,0.0,73124.622953,299813.0363249136,36562.311486,129004.71005252401,300000.0,False,True
1459,4,0,1,NORMAL,0.006526685198138485,0.006444832598746868,0.006526685198138485,1.0,3300000000.0,6700000000.0,21538061.153857,10271448.21263,201628.994497,30096562.147728,0.0,12898526.650078,12898526.632246,0.0,73124.82061200001,299814.8954967184,36562.410309000006,129116.53646601,300000.0,False,True
1460,4,0,1,NORMAL,0.00653233340511,0.006450477812060619,0.00653233340511,1.0,3300000000.0,6700000000.0,21556700.236863,10281097.67864,201939.046217,30122155.903432,0.0,12909495.402534,12909495.384687,0.0,73125.01630500001,299816.7361921697,36562.50816,129228.366923142,300000.0,False,True
1461,4,0,1,NORMAL,0.006537981816029394,0.006456123231671508,0.006537981816029394,1.0,3300000000.0,6700000000.0,21575339.992897,10290749.015581,202249.366034,30147749.726948,0.0,12920464.184052,12920464.16619,0.0,73125.21005300002,299818.5585946607,36562.60503399999,129340.20142117799,300000.0,False,True
1462,4,0,1,NORMAL,0.006543630430759697,0.006461768857419134,0.006543630430759697,1.0,3300000000.0,6700000000.0,21593980.421507,10300402.22361,202559.953958,30173343.617601,0.0,12931432.994344,12931432.976468,0.0,73125.40187599999,299820.36288576917,36562.700945000004,129452.039957382,300000.0,False,True
1463,4,0,1,NORMAL,0.006549279249167879,0.0064674146891448596,0.006549279249167879,1.0,3300000000.0,6700000000.0,21612621.522254,10310057.302884,202870.809998,30198937.574727,0.0,12942401.833122,12942401.815232,0.0,73125.59179399999,299822.1492452745,36562.795904,129563.882529042,300000.0,False,True
1464,4,0,1,NORMAL,0.006554928271119393,0.006473060726691604,0.006554928271119393,1.0,3300000000.0,6700000000.0,21631263.294694,10319714.253563,203181.934165,30224531.597661,0.0,12953370.700106,12953370.682202,0.0,73125.77982199998,299823.91785117576,36562.88991799999,129675.72913352402,300000.0,False,True
1465,4,0,1,NORMAL,0.006560577496483939,0.006478706969904013,0.006560577496483939,1.0,3300000000.0,6700000000.0,21649905.738397,10329373.075811,203493.326467,30250125.685754,0.0,12964339.59501,12964339.577097,0.0,73125.96598499999,299825.66887970956,36562.98299700001,129787.579768164,300000.0,False,True
1466,4,0,1,NORMAL,0.0065662269251287875,0.006484353418628193,0.0065662269251287875,1.0,3300000000.0,6700000000.0,21668548.852925,10339033.769791,203804.986915,30275719.838352,0.0,12975308.517568,12975308.499638,0.0,73126.15029500001,299827.4025053668,36563.07515599999,129899.434430382,300000.0,False,True
1467,4,0,1,NORMAL,0.006571876556926364,0.006490000072711946,0.006571876556926364,1.0,3300000000.0,6700000000.0,21687192.637857,10348696.335672,204116.915518,30301314.05482,0.0,12986277.467493,12986277.44955,0.0,73126.332773,299829.1189009105,36563.166393,130011.29311755,300000.0,False,True
1468,4,0,1,NORMAL,0.006577526391748788,0.006495646932004646,0.006577526391748788,1.0,3300000000.0,6700000000.0,21705837.092771,10358360.77362,204429.112285,30326908.334521,0.0,12997246.444515,12997246.426564,0.0,73126.513438,299830.81823739235,36563.256723,130123.155827142,300000.0,False,True
1469,4,0,1,NORMAL,0.006583176429468485,0.006501293996357152,0.006583176429468485,1.0,3300000000.0,6700000000.0,21724482.217246,10368027.083809,204741.577227,30352502.676827,0.0,13008215.448369,13008215.430407,0.0,73126.69230899999,299832.5006841699,36563.34616,130235.022556626,300000.0,False,True
1470,4,0,1,NORMAL,0.0065888266699609096,0.00650694126562191,0.0065888266699609096,1.0,3300000000.0,6700000000.0,21743128.010871,10377695.266408,205054.310353,30378097.081114,0.0,13019184.478788,13019184.460814,0.0,73126.86940000001,299834.16640892293,36563.434706,130346.893303476,300000.0,False,True
1471,4,0,1,NORMAL,0.006594477113101515,0.006512588739652853,0.006594477113101515,1.0,3300000000.0,6700000000.0,21761774.473235,10387365.321592,205367.311672,30403691.546764,0.0,13030153.535512,13030153.517519,0.0,73127.04472899999,299835.8155776705,36563.52237400001,130458.768065226,300000.0,False,True
1472,4,0,1,NORMAL,0.00660012775876909,0.0065182364183055145,0.00660012775876909,1.0,3300000000.0,6700000000.0,21780421.603938,10397037.249537,205680.581194,30429286.073172,0.0,13041122.61827,13041122.600263,0.0,73127.218318,299837.4483547868,36563.609165999995,130570.64683941001,300000.0,False,True
1473,4,0,1,NORMAL,0.006605778606841212,0.00652388430143685,0.006605778606841212,1.0,3300000000.0,6700000000.0,21799069.402576,10406711.050421,205994.118929,30454880.659731,0.0,13052091.72681,13052091.708787,0.0,73127.39018199999,299839.0649030178,36563.695099,130682.529623628,300000.0,False,True
1474,4,0,1,NORMAL,0.0066114296571981816,0.006529532388905324,0.0066114296571981816,1.0,3300000000.0,6700000000.0,21817717.868754,10416386.724427,206307.924887,30480475.305846,0.0,13063060.860868,13063060.842835,0.0,73127.560336,299840.6653834968,36563.780173,130794.416415456,300000.0,False,True
1475,4,0,1,NORMAL,0.006617080909720909,0.006535180680570845,0.006617080909720909,1.0,3300000000.0,6700000000.0,21836367.002079,10426064.271733,206621.999076,30506070.010922,0.0,13074030.020201,13074030.00215,0.0,73127.72880000001,299842.249955761,36563.864409,130906.307212524,300000.0,False,True
1476,4,0,1,NORMAL,0.0066227323642933334,0.006540829176294877,0.0066227323642933334,1.0,3300000000.0,6700000000.0,21855016.802168,10435743.69252,206936.341507,30531664.774375,0.0,13084999.204548,13084999.186486,0.0,73127.895589,299843.8187777667,36563.947799999994,131018.202012474,300000.0,False,True
1477,4,0,1,NORMAL,0.006628384020796667,0.006546477875940154,0.006628384020796667,1.0,3300000000.0,6700000000.0,21873667.268629,10445424.98698,207250.952189,30557259.595623,0.0,13095968.413667,13095968.395592,0.0,73128.060721,299845.37200590514,36564.030367,131130.100813008,300000.0,False,True
1478,4,0,1,NORMAL,0.006634035879117879,0.006552126779370976,0.006634035879117879,1.0,3300000000.0,6700000000.0,21892318.401089,10455108.155294,207565.831132,30582854.474093,0.0,13106937.647309,13106937.629221,0.0,73128.224211,299846.9097950179,36564.112112,131242.003611774,300000.0,False,True
1479,4,0,1,NORMAL,0.006639687939142727,0.006557775886453025,0.006639687939142727,1.0,3300000000.0,6700000000.0,21910970.199171,10464793.197655,207880.978345,30608449.409218,0.0,13117906.905229,13117906.887128,0.0,73128.386077,299848.4322984123,36564.193045,131353.910406534,300000.0,False,True
1480,4,0,1,NORMAL,0.006645340200758485,0.006563425197053377,0.006645340200758485,1.0,3300000000.0,6700000000.0,21929622.662503,10474480.11425,208196.393838,30634044.400432,0.0,13128876.187185,13128876.169075,0.0,73128.54633099999,299849.93966787617,36564.27316999999,131465.821195026,300000.0,False,True
1481,4,0,1,NORMAL,0.006650992663853333,0.0065690747110404716,0.006650992663853333,1.0,3300000000.0,6700000000.0,21948275.790716,10484168.905272,208512.07762,30659639.447177,0.0,13139845.492945,13139845.474821,0.0,73128.704996,299851.4320536933,36564.352505,131577.735975018,300000.0,False,True
1482,4,0,1,NORMAL,0.006656645328316667,0.006574724428284098,0.006656645328316667,1.0,3300000000.0,6700000000.0,21966929.583445,10493859.570916,208828.029701,30685234.548902,0.0,13150814.822267,13150814.80413,0.0,73128.86208099998,299852.90960465797,36564.43104699999,131689.654744296,300000.0,False,True
1483,4,0,1,NORMAL,0.00666229819404,0.0065803743486554465,0.00666229819404,1.0,3300000000.0,6700000000.0,21985584.040332,10503552.111376,209144.250091,30710829.705061,0.0,13161784.174917,13161784.156768,0.0,73129.01760600001,299854.37246809003,36564.508809,131801.57750067,300000.0,False,True
1484,4,0,1,NORMAL,0.006667951260913939,0.006586024472026963,0.006667951260913939,1.0,3300000000.0,6700000000.0,22004239.161016,10513246.526852,209460.738799,30736424.915111,0.0,13172753.550666,13172753.532503,0.0,73129.171584,299855.8207898489,36564.585799,131913.50424199202,300000.0,False,True
1485,4,0,1,NORMAL,0.006673604528833031,0.006591674798272516,0.006673604528833031,1.0,3300000000.0,6700000000.0,22022894.945149,10522942.817542,209777.495835,30762020.17852,0.0,13183722.949276,13183722.931107,0.0,73129.32403200002,299857.25471434847,36564.662019,132025.43496609599,300000.0,False,True
1486,4,0,1,NORMAL,0.006679257997690909,0.006597325327267251,0.006679257997690909,1.0,3300000000.0,6700000000.0,22041551.39238,10532640.983644,210094.521208,30787615.494754,0.0,13194692.370531,13194692.352348,0.0,73129.474964,299858.67438457115,36564.73748899999,132137.369670894,300000.0,False,True
1487,4,0,1,NORMAL,0.006684911667383636,0.006602976058887664,0.006684911667383636,1.0,3300000000.0,6700000000.0,22060208.502366,10542341.025361,210411.814927,30813210.863289,0.0,13205661.8142,13205661.796004,0.0,73129.624395,299860.079942082,36564.812204,132249.30835428,300000.0,False,True
1488,4,0,1,NORMAL,0.0066905655378063636,0.006608626993011451,0.0066905655378063636,1.0,3300000000.0,6700000000.0,22078866.274761,10552042.942899,210729.377002,30838806.283605,0.0,13216631.280062,13216631.261853,0.0,73129.772343,299861.47152704274,36564.886178,132361.251014196,300000.0,False,True
1489,4,0,1,NORMAL,0.006696219608857879,0.006614278129517673,0.006696219608857879,1.0,3300000000.0,6700000000.0,22097524.709231,10561746.73646,211047.207443,30864401.755188,0.0,13227600.767893,13227600.749674,0.0,73129.918818,299862.8492782259,36564.959414000004,132473.19764856598,300000.0,False,True
1490,4,0,1,NORMAL,0.006701873880436364,0.0066199294682866205,0.006701873880436364,1.0,3300000000.0,6700000000.0,22116183.80544,10571452.406254,211365.30626,30889997.277529,0.0,13238570.277474,13238570.259246,0.0,73130.063835,299864.21333302784,36565.031922,132585.148255386,300000.0,False,True
1491,4,0,1,NORMAL,0.00670752835244091,0.006625581009199801,0.00670752835244091,1.0,3300000000.0,6700000000.0,22134843.563055,10581159.952488,211683.673461,30915592.850121,0.0,13249539.808593,13249539.790357,0.0,73130.207414,299865.56382748316,36565.103711,132697.10283264,300000.0,False,True
1492,4,0,1,NORMAL,0.0067131830247727274,0.00663123275213999,0.0067131830247727274,1.0,3300000000.0,6700000000.0,22153503.98175,10590869.375371,212002.309057,30941188.472465,0.0,13260509.361038,13260509.342787,0.0,73130.34956299998,299866.90089627774,36565.174789,132809.06137833002,300000.0,False,True
1493,4,0,1,NORMAL,0.006718837897333334,0.006636884696991174,0.006718837897333334,1.0,3300000000.0,6700000000.0,22172165.0612,10600580.675116,212321.213056,30966784.144066,0.0,13271478.934595,13271478.91633,0.0,73130.490302,299868.2246727618,36565.245158000005,132921.02389050002,300000.0,False,True
1494,4,0,1,NORMAL,0.006724492970026363,0.006642536843638606,0.006724492970026363,1.0,3300000000.0,6700000000.0,22190826.801087,10610293.851935,212640.385469,30992379.864437,0.0,13282448.529052,13282448.510771,0.0,73130.62964,299869.5352889637,36565.314828,133032.9903672,300000.0,False,True
1495,4,0,1,NORMAL,0.006730148242754848,0.006648189191968687,0.006730148242754848,1.0,3300000000.0,6700000000.0,22209489.201091,10620008.906043,212959.826304,31017975.633091,0.0,13293418.144202,13293418.125906,0.0,73130.767593,299870.83287560265,36565.383804000005,133144.960806522,300000.0,False,True
1496,4,0,1,NORMAL,0.006735803715424242,0.006653841741869046,0.006735803715424242,1.0,3300000000.0,6700000000.0,22228152.2609,10629725.837655,213279.535572,31043571.449548,0.0,13304387.779839,13304387.761529,0.0,73130.90417400001,299872.11756210146,36565.452094,133256.93520654598,300000.0,False,True
1497,4,0,1,NORMAL,0.00674145938794,0.006659494493228463,0.00674145938794,1.0,3300000000.0,6700000000.0,22246815.980202,10639444.646991,213599.513281,31069167.313334,0.0,13315357.435761,13315357.417434,0.0,73131.03939900002,299873.3894766,36565.519708,133368.9135654,300000.0,False,True
1498,4,0,1,NORMAL,0.006747115260209697,0.0066651474459369295,0.006747115260209697,1.0,3300000000.0,6700000000.0,22265480.358692,10649165.334268,213919.759442,31094763.223979,0.0,13326327.111759,13326327.093423,0.0,73131.173277,299874.648745967,36565.586642999995,133480.895881212,300000.0,False,True
1499,4,0,1,NORMAL,0.006752771332141515,0.006670800599885613,0.006752771332141515,1.0,3300000000.0,6700000000.0,22284145.396067,10658887.899706,214240.274063,31120359.181017,0.0,13337296.807638,13337296.789295,0.0,73131.30582699999,299875.89549581334,36565.652917,133592.88215215201,300000.0,False,True
1500,4,0,1,NORMAL,0.006758427603642424,0.0066764539549666975,0.006758427603642424,1.0,3300000000.0,6700000000.0,22302811.09202,10668612.343527,214561.057154,31145955.183982,0.0,13348266.523209,13348266.504851,0.0,73131.43705700002,299877.12985050416,36565.71853600001,133704.872376402,300000.0,False,True
1501,4,0,1,NORMAL,0.006764084074623939,0.006682107511073617,0.006764084074623939,1.0,3300000000.0,6700000000.0,22321477.446259,10678338.665955,214882.108725,31171551.232422,0.0,13359236.258267,13359236.239896,0.0,73131.56698300001,299878.3519331712,36565.783498,133816.86655212002,300000.0,False,True
1502,4,0,1,NORMAL,0.006769740744996363,0.006687761268100892,0.006769740744996363,1.0,3300000000.0,6700000000.0,22340144.458488,10688066.867214,215203.428785,31197147.325884,0.0,13370206.012621,13370205.994236,0.0,73131.69561799998,299879.56186572515,36565.847816,133928.864677554,300000.0,False,True
1503,4,0,1,NORMAL,0.0067753976146709095,0.006693415225944119,0.0067753976146709095,1.0,3300000000.0,6700000000.0,22358812.128414,10697796.947531,215525.017344,31222743.46392,0.0,13381175.786076,13381175.767679,0.0,73131.82297000001,299880.7597688673,36565.911491,134040.866750928,300000.0,False,True
1504,4,0,1,NORMAL,0.00678105468356091,0.006699069384500041,0.00678105468356091,1.0,3300000000.0,6700000000.0,22377480.455751,10707528.907134,215846.874411,31248339.646089,0.0,13392145.578442,13392145.560036,0.0,73131.949061,299881.945762102,36565.974534999994,134152.872770484,300000.0,False,True
1505,4,0,1,NORMAL,0.0067867119515800005,0.0067047237436664905,0.0067867119515800005,1.0,3300000000.0,6700000000.0,22396149.440214,10717262.74625,216168.999995,31273935.87195,0.0,13403115.389534,13403115.371117,0.0,73132.07389500001,299883.1199637484,36566.036952999995,134264.882734506,300000.0,False,True
1506,4,0,1,NORMAL,0.00679236941864303,0.006710378303342397,0.00679236941864303,1.0,3300000000.0,6700000000.0,22414819.081522,10726998.465108,216491.394106,31299532.141069,0.0,13414085.219166,13414085.200737,0.0,73132.19749,299884.2824909516,36566.098751,134376.896641284,300000.0,False,True
1507,4,0,1,NORMAL,0.006798027084664545,0.006716033063427697,0.006798027084664545,1.0,3300000000.0,6700000000.0,22433489.379393,10736736.063942,216814.056754,31325128.453016,0.0,13425055.067153,13425055.048712,0.0,73132.31985599999,299885.43345969514,36566.159933999996,134488.914489132,300000.0,False,True
1508,4,0,1,NORMAL,0.006803684949561212,0.0067216880238234085,0.006803684949561212,1.0,3300000000.0,6700000000.0,22452160.333552,10746475.542984,217136.987947,31350724.807364,0.0,13436024.933313,13436024.914859,0.0,73132.441003,299886.5729848119,36566.220508000006,134600.936276358,300000.0,False,True
1509,4,0,1,NORMAL,0.006809343013250001,0.006727343184431576,0.006809343013250001,1.0,3300000000.0,6700000000.0,22470831.943725,10756216.902467,217460.187696,31376321.203692,0.0,13446994.817466,13446994.798996,0.0,73132.56094600003,299887.70117999555,36566.280481,134712.962001312,300000.0,False,True
1510,4,0,1,NORMAL,0.006815001275649393,0.006732998545155307,0.006815001275649393,1.0,3300000000.0,6700000000.0,22489504.209643,10765960.142628,217783.656009,31401917.641582,0.0,13457964.719433,13457964.700946,0.0,73132.679697,299888.81815781206,36566.339857000006,134824.99166235002,300000.0,False,True
1511,4,0,1,NORMAL,0.006820659736679092,0.006738654105898778,0.006820659736679092,1.0,3300000000.0,6700000000.0,22508177.131041,10775705.263702,218107.392897,31427514.120623,0.0,13468934.639034,13468934.620533,0.0,73132.79727,299889.9240297106,36566.398642,134937.02525785798,300000.0,False,True
1512,4,0,1,NORMAL,0.006826318396258181,0.006744309866567127,0.006826318396258181,1.0,3300000000.0,6700000000.0,22526850.707652,10785452.265927,218431.398368,31453110.640405,0.0,13479904.576094,13479904.557581,0.0,73132.913672,299891.01890603453,36566.456842,135049.062786246,300000.0,False,True
1513,4,0,1,NORMAL,0.00683197725430697,0.006749965827066472,0.00683197725430697,1.0,3300000000.0,6700000000.0,22545524.939213,10795201.149545,218755.672432,31478707.200522,0.0,13490874.530442,13490874.511915,0.0,73133.02891600002,299892.10289603285,36566.51446499999,135161.104245912,300000.0,False,True
1514,4,0,1,NORMAL,0.006837636310747879,0.006755621987303982,0.006837636310747879,1.0,3300000000.0,6700000000.0,22564199.825468,10804951.914793,219080.215098,31504303.800573,0.0,13501844.501904,13501844.483365,0.0,73133.143014,299893.1761078703,36566.571513,135273.149635278,300000.0,False,True
1515,4,0,1,NORMAL,0.006843295565503031,0.006761278347187792,0.006843295565503031,1.0,3300000000.0,6700000000.0,22582875.36616,10814704.561916,219405.026376,31529900.440163,0.0,13512814.490309,13512814.47176,0.0,73133.25598,299894.23864863865,36566.627995,135385.19895280802,300000.0,False,True
1516,4,0,1,NORMAL,0.006848955018496061,0.006766934906627035,0.006848955018496061,1.0,3300000000.0,6700000000.0,22601551.561037,10824459.091153,219730.106275,31555497.118896,0.0,13523784.495493,13523784.47693,0.0,73133.36781999998,299895.290624367,36566.683917,135497.25219696,300000.0,False,True
1517,4,0,1,NORMAL,0.00685461466965,0.006772591665531743,0.00685461466965,1.0,3300000000.0,6700000000.0,22620228.409845,10834215.502752,220055.454805,31581093.836384,0.0,13534754.517287,13534754.498709,0.0,73133.478549,299896.33214003243,36566.739282,135609.309366222,300000.0,False,True
1518,4,0,1,NORMAL,0.006860274518890909,0.006778248623812979,0.006860274518890909,1.0,3300000000.0,6700000000.0,22638905.91234,10843973.796957,220381.071975,31606690.592243,0.0,13545724.555521,13545724.536932,0.0,73133.588175,299897.36329957057,36566.794093,135721.37045907,300000.0,False,True
1519,4,0,1,NORMAL,0.00686593456614394,0.00678390578138272,0.00686593456614394,1.0,3300000000.0,6700000000.0,22657584.068275,10853733.974012,220706.957794,31632287.386088,0.0,13556694.61004,13556694.591436,0.0,73133.69671300001,299898.3842058854,36566.848364,135833.43547404002,300000.0,False,True
1520,4,0,1,NORMAL,0.006871594811335152,0.0067895631381538445,0.006871594811335152,1.0,3300000000.0,6700000000.0,22676262.877406,10863496.03417,221033.112272,31657884.217545,0.0,13567664.680676,13567664.662057,0.0,73133.80417100001,299899.3949608601,36566.902093000004,135945.50440965002,300000.0,False,True
1521,4,0,1,NORMAL,0.006877255254393031,0.006795220694040244,0.006877255254393031,1.0,3300000000.0,6700000000.0,22694942.339497,10873259.977675,221359.535418,31683481.086238,0.0,13578634.76727,13578634.748637,0.0,73133.91056,299900.39566536644,36566.955287000004,136057.577264436,300000.0,False,True
1522,4,0,1,NORMAL,0.006882915895245152,0.00680087844895669,0.006882915895245152,1.0,3300000000.0,6700000000.0,22713622.454309,10883025.80478,221686.227242,31709077.991798,0.0,13589604.869661,13589604.85102,0.0,73134.01589399998,299901.38641927566,36567.007951,136169.654036982,300000.0,False,True
1523,4,0,1,NORMAL,0.00688857673382,0.00680653640281884,0.00688857673382,1.0,3300000000.0,6700000000.0,22732303.221606,10892793.515735,222013.187753,31734674.933857,0.0,13600574.987699,13600574.969043,0.0,73134.12017899999,299902.3673214675,36567.060097,136281.734725854,300000.0,False,True
1524,4,0,1,NORMAL,0.006894237770047879,0.006812194555543294,0.006894237770047879,1.0,3300000000.0,6700000000.0,22750984.641158,10902563.110792,222340.41696,31760271.912053,0.0,13611545.121221,13611545.102554,0.0,73134.223425,299903.3384698406,36567.111718,136393.819329636,300000.0,False,True
1525,4,0,1,NORMAL,0.006899899003858485,0.006817852907047501,0.006899899003858485,1.0,3300000000.0,6700000000.0,22769666.712733,10912334.590206,222667.914873,31785868.926026,0.0,13622515.270079,13622515.251397,0.0,73134.325647,299904.2999613219,36567.162831,136505.907846948,300000.0,False,True
1526,4,0,1,NORMAL,0.00690556043518303,0.006823511457249794,0.00690556043518303,1.0,3300000000.0,6700000000.0,22788349.436104,10922107.954231,222995.681501,31811465.97542,0.0,13633485.434119,13633485.415421,0.0,73134.42685199999,299905.2518918767,36567.213434000005,136618.000276398,300000.0,False,True
1527,4,0,1,NORMAL,0.00691122206395394,0.006829170206069416,0.00691122206395394,1.0,3300000000.0,6700000000.0,22807032.811048,10931883.203123,223323.716853,31837063.059884,0.0,13644455.613187,13644455.594475,0.0,73134.52705000002,299906.1943565172,36567.263532000004,136730.096616624,300000.0,False,True
1528,4,0,1,NORMAL,0.006916883890103637,0.006834829153426463,0.006916883890103637,1.0,3300000000.0,6700000000.0,22825716.837342,10941660.337138,223652.020939,31862660.179069,0.0,13655425.807131,13655425.788412,0.0,73134.62625100001,299907.12744931335,36567.313129,136842.196866288,300000.0,False,True
1529,4,0,1,NORMAL,0.006922545913566061,0.006840488299241921,0.006922545913566061,1.0,3300000000.0,6700000000.0,22844401.514768,10951439.356533,223980.593768,31888257.332629,0.0,13666396.015811,13666395.997079,0.0,73134.72446700002,299908.05126340094,36567.362239999995,136954.30102405202,300000.0,False,True
1530,4,0,1,NORMAL,0.006928208134274243,0.006846147643437555,0.006928208134274243,1.0,3300000000.0,6700000000.0,22863086.843105,10961220.26157,224309.43535,31913854.520223,0.0,13677366.239075,13677366.220332,0.0,73134.821705,299908.9658909913,36567.410858,137066.409088608,300000.0,False,True
1531,4,0,1,NORMAL,0.006933870552163333,0.006851807185935994,0.006933870552163333,1.0,3300000000.0,6700000000.0,22881772.822139,10971003.052507,224638.545694,31939451.741511,0.0,13688336.476781,13688336.458026,0.0,73134.917976,299909.8714233809,36567.458994,137178.52105863,300000.0,False,True
1532,4,0,1,NORMAL,0.0069395331671690905,0.00685746692666071,0.0069395331671690905,1.0,3300000000.0,6700000000.0,22900459.451658,10980787.729606,224967.924809,31965048.996159,0.0,13699306.728785,13699306.710016,0.0,73135.01328999999,299910.7679509595,36567.506652,137290.636932834,300000.0,False,True
1533,4,0,1,NORMAL,0.006945195979228182,0.006863126865536032,0.006945195979228182,1.0,3300000000.0,6700000000.0,22919146.731453,10990574.293129,225297.572705,31990646.283837,0.0,13710276.994941,13710276.976161,0.0,73135.107657,299911.6555632201,36567.553834,137402.756709948,300000.0,False,True
1534,4,0,1,NORMAL,0.006950858988276363,0.006868787002487021,0.006950858988276363,1.0,3300000000.0,6700000000.0,22937834.661312,11000362.743339,225627.489391,32016243.604213,0.0,13721247.275116,13721247.25632,0.0,73135.201086,299912.5343487668,36567.600551,137514.880388718,300000.0,False,True
1535,4,0,1,NORMAL,0.006956522194252121,0.006874447337439609,0.006956522194252121,1.0,3300000000.0,6700000000.0,22956523.241032,11010153.0805,225957.674876,32041840.956963,0.0,13732217.569167,13732217.550354,0.0,73135.293585,299913.40439532464,36567.646800999995,137627.007967872,300000.0,False,True
1536,4,0,1,NORMAL,0.0069621855970939395,0.006880107870320533,0.0069621855970939395,1.0,3300000000.0,6700000000.0,22975212.47041,11019945.304877,226288.12917,32067438.341766,0.0,13743187.876954,13743187.858125,0.0,73135.38516399998,299914.2657897474,36567.69259,137739.139446192,300000.0,False,True
1537,4,0,1,NORMAL,0.006967849196740303,0.006885768601057293,0.006967849196740303,1.0,3300000000.0,6700000000.0,22993902.349243,11029739.416738,226618.852282,32093035.758303,0.0,13754158.198342,13754158.179496,0.0,73135.475833,299915.1186180271,36567.737925,137851.27482246,300000.0,False,True
1538,4,0,1,NORMAL,0.006973512993131515,0.006891429529578211,0.006973512993131515,1.0,3300000000.0,6700000000.0,23012592.877334,11039535.416347,226949.844221,32118633.206258,0.0,13765128.533195,13765128.514332,0.0,73135.565599,299915.9629653016,36567.782808,137963.414095458,300000.0,False,True
1539,4,0,1,NORMAL,0.0069791769862078785,0.006897090655812383,0.0069791769862078785,1.0,3300000000.0,6700000000.0,23031284.054486,11049333.303975,227281.104997,32144230.685321,0.0,13776098.881375,13776098.8625,0.0,73135.654474,299916.7989158638,36567.82724300001,138075.557264004,300000.0,False,True
1540,4,0,1,NORMAL,0.0069848411759090906,0.00690275197968959,0.0069848411759090906,1.0,3300000000.0,6700000000.0,23049975.8805,11059133.079893,227612.634619,32169828.195179,0.0,13787069.242755,13787069.223867,0.0,73135.742463,299917.62655316957,36567.87123800001,138187.704326916,300000.0,False,True
1541,4,0,1,NORMAL,0.006990505562177878,0.006908413501140448,0.006990505562177878,1.0,3300000000.0,6700000000.0,23068668.355187,11068934.744367,227944.433096,32195425.735527,0.0,13798039.617204,13798039.5983,0.0,73135.829578,299918.44595984655,36567.914797000005,138299.855283,300000.0,False,True
1542,4,0,1,NORMAL,0.006996170144956363,0.006914075220096314,0.006996170144956363,1.0,3300000000.0,6700000000.0,23087361.478356,11078738.297669,228276.500438,32221023.306061,0.0,13809010.004591,13809009.985671,0.0,73135.915826,299919.25721770164,36567.957921,138412.010131122,300000.0,False,True
1543,4,0,1,NORMAL,0.007001834924187273,0.0069197371364892795,0.007001834924187273,1.0,3300000000.0,6700000000.0,23106055.249818,11088543.740073,228608.836654,32246620.906482,0.0,13819980.404788,13819980.38585,0.0,73136.001218,299920.0604077298,36568.000618000005,138524.168870136,300000.0,False,True
1544,4,0,1,NORMAL,0.007007499899814848,0.0069253992502522205,0.007007499899814848,1.0,3300000000.0,6700000000.0,23124749.669389,11098351.071853,228941.441753,32272218.536496,0.0,13830950.81766,13830950.798711,0.0,73136.08576100001,299920.8556101215,36568.042886,138636.331498908,300000.0,False,True
1545,4,0,1,NORMAL,0.007013165071782727,0.006931061561318706,0.007013165071782727,1.0,3300000000.0,6700000000.0,23143444.736883,11108160.293281,229274.315745,32297816.195805,0.0,13841921.243088,13841921.224127,0.0,73136.16946199999,299921.6429042713,36568.084737000005,138748.498016334,300000.0,False,True
1546,4,0,1,NORMAL,0.0070188304400354545,0.006936724069623013,0.0070188304400354545,1.0,3300000000.0,6700000000.0,23162140.452117,11117971.404633,229607.458638,32323413.884118,0.0,13852891.680948,13852891.661972,0.0,73136.25233100001,299922.4223687852,36568.126173000004,138860.668421298,300000.0,False,True
1547,4,0,1,NORMAL,0.0070244960045190916,0.00694238677510018,0.0070244960045190916,1.0,3300000000.0,6700000000.0,23180836.814913,11127784.406183,229940.870443,32349011.601147,0.0,13863862.13111,13863862.112126,0.0,73136.33437399997,299923.1940814889,36568.16719099999,138972.842712702,300000.0,False,True
1548,4,0,1,NORMAL,0.007030161765178788,0.0069480496776858965,0.007030161765178788,1.0,3300000000.0,6700000000.0,23199533.82509,11137599.29821,230274.551168,32374609.346605,0.0,13874832.593458,13874832.574465,0.0,73136.41560299999,299923.95811943506,36568.207806000006,139085.020889478,300000.0,False,True
1549,4,0,1,NORMAL,0.007035827721961818,0.006953712777316602,0.007035827721961818,1.0,3300000000.0,6700000000.0,23218231.482474,11147416.080992,230608.500823,32400207.120212,0.0,13885803.06787,13885803.048865,0.0,73136.49602600001,299924.71455891145,36568.248019,139197.20295054,300000.0,False,True
1550,4,0,1,NORMAL,0.007041493874815454,0.006959376073929431,0.007041493874815454,1.0,3300000000.0,6700000000.0,23236929.786891,11157234.754804,230942.719417,32425804.921685,0.0,13896773.554227,13896773.535207,0.0,73136.575645,299925.4634754482,36568.28783,139309.38889484399,300000.0,False,True
1551,4,0,1,NORMAL,0.007047160223686667,0.006965039567462156,0.007047160223686667,1.0,3300000000.0,6700000000.0,23255628.738166,11167055.319928,231277.20696,32451402.750747,0.0,13907744.05241,13907744.033375,0.0,73136.654475,299926.2049438254,36568.327245,139421.57872134598,300000.0,False,True
1552,4,0,1,NORMAL,0.007052826768524242,0.0069707032578532595,0.007052826768524242,1.0,3300000000.0,6700000000.0,23274328.33613,11176877.776646,231611.963461,32477000.607126,0.0,13918714.562296,13918714.54325,0.0,73136.73251900001,299926.9390380805,36568.36626500001,139533.77242899602,300000.0,False,True
1553,4,0,1,NORMAL,0.0070584935092769694,0.006976367145041886,0.0070584935092769694,1.0,3300000000.0,6700000000.0,23293028.580614,11186702.125236,231946.988929,32502598.490547,0.0,13929685.083777,13929685.064716,0.0,73136.809789,299927.6658315158,36568.404901999995,139645.97001678002,300000.0,False,True
1554,4,0,1,NORMAL,0.007064160445894546,0.006982031228967865,0.007064160445894546,1.0,3300000000.0,6700000000.0,23311729.471452,11196528.365983,232282.283373,32528196.400744,0.0,13940655.616732,13940655.597656,0.0,73136.886289,299928.38539670553,36568.44315200001,139758.171483684,300000.0,False,True
1555,4,0,1,NORMAL,0.007069827578327273,0.006987695509571699,0.007069827578327273,1.0,3300000000.0,6700000000.0,23330431.00848,11206356.499169,232617.846803,32553794.337451,0.0,13951626.161046,13951626.141958,0.0,73136.96203,299929.09780550335,36568.48102099999,139870.376828712,300000.0,False,True
1556,4,0,1,NORMAL,0.007075494906525757,0.006993359986794541,0.007075494906525757,1.0,3300000000.0,6700000000.0,23349133.191535,11216186.525076,232953.679228,32579392.300402,0.0,13962596.716611,13962596.697507,0.0,73137.037016,299929.80312904913,36568.518516,139982.58605088,300000.0,False,True
1557,4,0,1,NORMAL,0.007081162430441212,0.006999024660578198,0.007081162430441212,1.0,3300000000.0,6700000000.0,23367836.020456,11226018.443992,233289.780657,32604990.289339,0.0,13973567.283307,13973567.264193,0.0,73137.11125600002,299930.5014377764,36568.555633,140094.79914921,300000.0,False,True
1558,4,0,1,NORMAL,0.007086830150025454,0.007004689530865117,0.007086830150025454,1.0,3300000000.0,6700000000.0,23386539.495084,11235852.2562,233626.1511,32630588.304002,0.0,13984537.86103,13984537.841904,0.0,73137.18475999999,299931.19280141906,36568.592386,140207.016122736,300000.0,False,True
1559,4,0,1,NORMAL,0.007092498065231212,0.007010354597598414,0.007092498065231212,1.0,3300000000.0,6700000000.0,23405243.615263,11245687.961987,233962.790565,32656186.344137,0.0,13995508.449662,13995508.430533,0.0,73137.257531,299931.8772890183,36568.628767,140319.236970504,300000.0,False,True
1560,4,0,1,NORMAL,0.007098166176009698,0.007016019860721723,0.007098166176009698,1.0,3300000000.0,6700000000.0,23423948.380832,11255525.561639,234299.699063,32681784.409485,0.0,14006479.04911,14006479.029966,0.0,73137.329577,299932.55496892997,36568.66479600001,140431.461691578,300000.0,False,True
1561,4,0,1,NORMAL,0.007103834482315455,0.007021685320179384,0.007103834482315455,1.0,3300000000.0,6700000000.0,23442653.791641,11265365.055447,234636.876602,32707382.4998,0.0,14017449.659256,14017449.6401,0.0,73137.40091000001,299933.2259088307,36568.700461,140543.69028499202,300000.0,False,True
1562,4,0,1,NORMAL,0.0071095029841018184,0.0070273509759163156,0.0071095029841018184,1.0,3300000000.0,6700000000.0,23461359.847536,11275206.443696,234974.323192,32732980.614831,0.0,14028420.279997,14028420.260827,0.0,73137.47153000001,299933.8901757249,36568.735772,140655.922749846,300000.0,False,True
1563,4,0,1,NORMAL,0.007115171681324243,0.007033016827878117,0.007115171681324243,1.0,3300000000.0,6700000000.0,23480066.54837,11285049.726677,235312.038842,32758578.754335,0.0,14039390.911223,14039390.892042,0.0,73137.54144900001,299934.5478359517,36568.77073000001,140768.159085216,300000.0,False,True
1564,4,0,1,NORMAL,0.0071208405739363635,0.007038682876010907,0.0071208405739363635,1.0,3300000000.0,6700000000.0,23498773.89399,11294894.904683,235650.023561,32784176.918067,0.0,14050361.552835,14050361.53364,0.0,73137.61067400001,299935.198955191,36568.805344,140880.39929022,300000.0,False,True
1565,4,0,1,NORMAL,0.007126509661894546,0.007044349120261465,0.007126509661894546,1.0,3300000000.0,6700000000.0,23517481.884252,11304741.978003,235988.277359,32809775.105787,0.0,14061332.204725,14061332.185517,0.0,73137.67920700001,299935.8435984707,36568.83961,140992.64336394,300000.0,False,True
1566,4,0,1,NORMAL,0.007132178945155454,0.007050015560577207,0.007132178945155454,1.0,3300000000.0,6700000000.0,23536190.519013,11314590.946927,236326.800244,32835373.317258,0.0,14072302.866789,14072302.847575,0.0,73137.74706400001,299936.4818301723,36568.873535,141104.89130551202,300000.0,False,True
1567,4,0,1,NORMAL,0.007137848423674242,0.0070556821969060485,0.007137848423674242,1.0,3300000000.0,6700000000.0,23554899.798125,11324441.81175,236665.592226,32860971.552241,0.0,14083273.538931,14083273.519709,0.0,73137.814242,299937.1137140381,36568.907125,141217.143114078,300000.0,False,True
1568,4,0,1,NORMAL,0.00714351809740697,0.007061349029196431,0.00714351809740697,1.0,3300000000.0,6700000000.0,23573609.721443,11334294.572766,237004.653315,32886569.8105,0.0,14094244.221054,14094244.201817,0.0,73137.880749,299937.73931317724,36568.940382,141329.39878875,300000.0,False,True
1569,4,0,1,NORMAL,0.007149187966312727,0.007067016057397483,0.007149187966312727,1.0,3300000000.0,6700000000.0,23592320.288832,11344149.230267,237343.983519,32912168.091807,0.0,14105214.913053,14105214.893805,0.0,73137.94660100002,299938.3586900719,36568.973306,141441.658328658,300000.0,False,True
1570,4,0,1,NORMAL,0.007154858030349394,0.007072683281458897,0.007154858030349394,1.0,3300000000.0,6700000000.0,23611031.500153,11354005.784549,237683.582848,32937766.395933,0.0,14116185.61483,14116185.595572,0.0,73138.011796,299938.97190658347,36569.005903000005,141553.92173299202,300000.0,False,True
1571,4,0,1,NORMAL,0.0071605282894742425,0.007078350701330855,0.0071605282894742425,1.0,3300000000.0,6700000000.0,23629743.355265,11363864.235907,238023.451311,32963364.722648,0.0,14127156.326292,14127156.30702,0.0,73138.07634,299939.5790239588,36569.03817700001,141666.189000918,300000.0,False,True
1572,4,0,1,NORMAL,0.007166198743646364,0.007084018316964115,0.007166198743646364,1.0,3300000000.0,6700000000.0,23648455.854033,11373724.584641,238363.588917,32988963.071729,0.0,14138127.047341,14138127.028054,0.0,73138.14024499999,299940.1801028367,36569.07012999999,141778.46013159,300000.0,False,True
1573,4,0,1,NORMAL,0.007171869392825758,0.007089686128310028,0.007171869392825758,1.0,3300000000.0,6700000000.0,23667168.996325,11383586.831044,238703.995676,33014561.442954,0.0,14149097.777879,14149097.758577,0.0,73138.203511,299940.775203253,36569.101763,141890.73512419802,300000.0,False,True
1574,4,0,1,NORMAL,0.007177540236972121,0.0070953541353204865,0.007177540236972121,1.0,3300000000.0,6700000000.0,23685882.782008,11393450.975416,239044.671597,33040159.836104,0.0,14160068.51781,14160068.498497,0.0,73138.26615100002,299941.36438464763,36569.133081,142003.01397795,300000.0,False,True
1575,4,0,1,NORMAL,0.0071832112760457575,0.007101022337947923,0.0071832112760457575,1.0,3300000000.0,6700000000.0,23704597.210951,11403317.018054,239385.616689,33065758.250959,0.0,14171039.267045,14171039.247719,0.0,73138.328167,299941.9477058696,36569.16408999999,142115.296692048,300000.0,False,True
1576,4,0,1,NORMAL,0.007188882510007576,0.007106690736145321,0.007188882510007576,1.0,3300000000.0,6700000000.0,23723312.283025,11413184.959257,239726.830961,33091356.687303,0.0,14182010.025492,14182010.006149,0.0,73138.389565,299942.52522518364,36569.194791,142227.583265706,300000.0,False,True
1577,4,0,1,NORMAL,0.007194553938818789,0.0071123593298661894,0.007194553938818789,1.0,3300000000.0,6700000000.0,23742027.998102,11423054.799327,240068.314423,33116955.144925,0.0,14192980.793051,14192980.773701,0.0,73138.45035500001,299943.09700027533,36569.22518100001,142339.87369815,300000.0,False,True
1578,4,0,1,NORMAL,0.0072002255624406064,0.00711802811906454,0.0072002255624406064,1.0,3300000000.0,6700000000.0,23760744.356054,11432926.538561,240410.067084,33142553.623609,0.0,14203951.569644,14203951.550278,0.0,73138.51053799999,299943.66308825725,36569.255277,142452.16798861203,300000.0,False,True
1579,4,0,1,NORMAL,0.007205897380835152,0.007123697103694902,0.007205897380835152,1.0,3300000000.0,6700000000.0,23779461.356756,11442800.177265,240752.088953,33168152.123149,0.0,14214922.355171,14214922.335794,0.0,73138.57012300001,299944.2235456747,36569.285067,142564.46613632402,300000.0,False,True
1580,4,0,1,NORMAL,0.0072115693939651514,0.007129366283712337,0.0072115693939651514,1.0,3300000000.0,6700000000.0,23798179.000085,11452675.715738,241094.380039,33193750.643335,0.0,14225893.149549,14225893.130158,0.0,73138.629114,299944.778428511,36569.314564,142676.768140536,300000.0,False,True
1581,4,0,1,NORMAL,0.007217241601793636,0.007135035659072422,0.007217241601793636,1.0,3300000000.0,6700000000.0,23816897.285919,11462553.154284,241436.940352,33219349.183964,0.0,14236863.952686,14236863.933283,0.0,73138.68752,299945.3277921932,36569.34376599999,142789.07400051,300000.0,False,True
1582,4,0,1,NORMAL,0.007222914004283636,0.00714070522973121,0.007222914004283636,1.0,3300000000.0,6700000000.0,23835616.214136,11472432.493207,241779.769901,33244947.744831,0.0,14247834.764499,14247834.745081,0.0,73138.745345,299945.871691598,36569.37268,142901.383715514,300000.0,False,True
1583,4,0,1,NORMAL,0.007228586601399394,0.007146374995645287,0.007228586601399394,1.0,3300000000.0,6700000000.0,23854335.784618,11482313.732809,242122.868695,33270546.325735,0.0,14258805.584899,14258805.565467,0.0,73138.80259400001,299946.4101810564,36569.401304,143013.697284816,300000.0,False,True
1584,4,0,1,NORMAL,0.0072342593931051516,0.007152044956771731,0.0072342593931051516,1.0,3300000000.0,6700000000.0,23873055.997247,11492196.873395,242466.236743,33296144.926477,0.0,14269776.413801,14269776.394354,0.0,73138.859273,299946.94331436005,36569.429643999996,143126.014707708,300000.0,False,True
1585,4,0,1,NORMAL,0.007239932379365151,0.007157715113068081,0.007239932379365151,1.0,3300000000.0,6700000000.0,23891776.851905,11502081.915273,242809.874054,33321743.54686,0.0,14280747.25112,14280747.23166,0.0,73138.915391,299947.47114476556,36569.457702,143238.335983482,300000.0,False,True
1586,4,0,1,NORMAL,0.0072456055601457575,0.007163385464492448,0.0072456055601457575,1.0,3300000000.0,6700000000.0,23910498.348481,11511968.858745,243153.780638,33347342.18669,0.0,14291718.096771,14291718.077299,0.0,73138.97094999999,299947.9937250009,36569.485480999996,143350.66111143,300000.0,False,True
1587,4,0,1,NORMAL,0.007251278935411515,0.007169056011003356,0.007251278935411515,1.0,3300000000.0,6700000000.0,23929220.486858,11521857.70412,243497.956504,33372940.845771,0.0,14302688.950674,14302688.931188,0.0,73139.02595400001,299948.51110726985,36569.512984,143462.99009088599,300000.0,False,True
1588,4,0,1,NORMAL,0.007256952505127576,0.007174726752559758,0.007256952505127576,1.0,3300000000.0,6700000000.0,23947943.266921,11531748.451707,243842.401661,33398539.523912,0.0,14313659.812747,14313659.793248,0.0,73139.080415,299949.02334325755,36569.54021399999,143575.322921148,300000.0,False,True
1589,4,0,1,NORMAL,0.007262626269261212,0.007180397689121142,0.007262626269261212,1.0,3300000000.0,6700000000.0,23966666.688562,11541641.101811,244187.116119,33424138.220924,0.0,14324630.682906,14324630.663395,0.0,73139.13433,299949.5304841355,36569.567171,143687.659601526,300000.0,False,True
1590,4,0,1,NORMAL,0.007268300227778787,0.007186068820647442,0.007268300227778787,1.0,3300000000.0,6700000000.0,23985390.75167,11551535.654743,244532.099887,33449736.93662,0.0,14335601.56107,14335601.541549,0.0,73139.18771,299950.0325805668,36569.59386,143800.00013137198,300000.0,False,True
1591,4,0,1,NORMAL,0.007273974380647272,0.007191740147099044,0.007273974380647272,1.0,3300000000.0,6700000000.0,24004115.456136,11561432.110811,244877.352973,33475335.670812,0.0,14346572.447165,14346572.427629,0.0,73139.24055899998,299950.52968271106,36569.620287000005,143912.34451002,300000.0,False,True
1592,4,0,1,NORMAL,0.0072796487278357575,0.007197411668436897,0.0072796487278357575,1.0,3300000000.0,6700000000.0,24022840.801858,11571330.470321,245222.875388,33500934.423319,0.0,14357543.341106,14357543.321558,0.0,73139.29288399998,299951.0218402296,36569.64644799999,144024.692736816,300000.0,False,True
1593,4,0,1,NORMAL,0.007285323269311212,0.007203083384622337,0.007285323269311212,1.0,3300000000.0,6700000000.0,24041566.788727,11581230.733589,245568.66714,33526533.19396,0.0,14368514.242811,14368514.22326,0.0,73139.344689,299951.50910229,36569.672346,144137.044811148,300000.0,False,True
1594,4,0,1,NORMAL,0.007290998005040909,0.0072087552956170845,0.007290998005040909,1.0,3300000000.0,6700000000.0,24060293.416635,11591132.900922,245914.728239,33552131.982549,0.0,14379485.152217,14379485.132652,0.0,73139.395976,299951.9915175714,36569.697995,144249.400732362,300000.0,False,True
1595,4,0,1,NORMAL,0.007296672934993031,0.0072144274013832745,0.007296672934993031,1.0,3300000000.0,6700000000.0,24079020.685477,11601036.972637,246261.058693,33577730.78891,0.0,14390456.069237,14390456.049663,0.0,73139.446753,299952.4691342692,36569.723381,144361.76049980999,300000.0,False,True
1596,4,0,1,NORMAL,0.007302348059137575,0.007220099701883552,0.007302348059137575,1.0,3300000000.0,6700000000.0,24097748.595154,11610942.949041,246607.658512,33603329.612864,0.0,14401426.993803,14401426.974215,0.0,73139.49702600001,299952.9420001,36569.74852,144474.124112862,300000.0,False,True
1597,4,0,1,NORMAL,0.007308023377444243,0.007225772197081016,0.007308023377444243,1.0,3300000000.0,6700000000.0,24116477.145566,11620850.830449,246954.527706,33628928.45424,0.0,14412397.925834,14412397.906231,0.0,73139.546799,299953.41016230575,36569.773407,144586.491570924,300000.0,False,True
1598,4,0,1,NORMAL,0.007313698889882424,0.0072314448869391715,0.007313698889882424,1.0,3300000000.0,6700000000.0,24135206.336612,11630760.617175,247301.666283,33654527.312865,0.0,14423368.865252,14423368.845639,0.0,73139.59607600002,299953.8736676594,36569.798043,144698.86287339602,300000.0,False,True
1599,4,0,1,NORMAL,0.007319374596422728,0.007237117771421982,0.007319374596422728,1.0,3300000000.0,6700000000.0,24153936.168195,11640672.309529,247649.074253,33680126.188564,0.0,14434339.811991,14434339.792365,0.0,73139.644863,299954.332562469,36569.82243800001,144811.23801967202,300000.0,False,True
1600,4,0,1,NORMAL,0.007325050497034848,0.00724279085049378,0.007325050497034848,1.0,3300000000.0,6700000000.0,24172666.640215,11650585.90783,247996.751624,33705725.081168,0.0,14445310.765975,14445310.746337,0.0,73139.693164,299954.7868925821,36569.846588,144923.61700917,300000.0,False,True
1601,4,0,1,NORMAL,0.00733072659169,0.007248464124119344,0.00733072659169,1.0,3300000000.0,6700000000.0,24191397.752577,11660501.412392,248344.698407,33731323.99051,0.0,14456281.727132,14456281.707483,0.0,73139.74098700001,299955.2367033909,36569.870499000004,145035.99984129,300000.0,False,True
1602,4,0,1,NORMAL,0.0073364028803603034,0.007254137592263922,0.0073364028803603034,1.0,3300000000.0,6700000000.0,24210129.505189,11670418.823527,248692.91461,33756922.916424,0.0,14467252.695387,14467252.675731,0.0,73139.78833099999,299955.6820398363,36569.894169,145148.38651546199,300000.0,False,True
1603,4,0,1,NORMAL,0.007342079363015758,0.007259811254893073,0.007342079363015758,1.0,3300000000.0,6700000000.0,24228861.897952,11680338.141555,249041.400242,33782521.858743,0.0,14478223.670678,14478223.651009,0.0,73139.835207,299956.12294641277,36569.91761,145260.777031134,300000.0,False,True
1604,4,0,1,NORMAL,0.007347756039629091,0.007265485111972817,0.007347756039629091,1.0,3300000000.0,6700000000.0,24247594.930776,11690259.366792,249390.155313,33808120.817306,0.0,14489194.65293,14489194.633248,0.0,73139.881617,299956.5594671725,36569.94081500001,145373.171387712,300000.0,False,True
1605,4,0,1,NORMAL,0.007353432910172121,0.007271159163469546,0.007353432910172121,1.0,3300000000.0,6700000000.0,24266328.603568,11700182.499557,249739.179832,33833719.791951,0.0,14500165.642073,14500165.622378,0.0,73139.927563,299956.9916457296,36569.963788,145485.569584656,300000.0,False,True
1606,4,0,1,NORMAL,0.007359109974617879,0.007276833409350084,0.007359109974617879,1.0,3300000000.0,6700000000.0,24285062.916239,11710107.540163,250088.473808,33859318.782516,0.0,14511136.638043,14511136.618332,0.0,73139.973054,299957.4195252651,36569.986535000004,145597.97162140798,300000.0,False,True
1607,4,0,1,NORMAL,0.007364787232938485,0.007282507849581594,0.007364787232938485,1.0,3300000000.0,6700000000.0,24303797.868697,11720034.488934,250438.03725,33884917.788844,0.0,14522107.640767,14522107.621043,0.0,73140.018091,299957.8431485307,36570.009051999994,145710.377497434,300000.0,False,True
1608,4,0,1,NORMAL,0.007370464685108484,0.007288182484131716,0.007370464685108484,1.0,3300000000.0,6700000000.0,24322533.460858,11729963.346184,250787.870168,33910516.810779,0.0,14533078.65018,14533078.63044,0.0,73140.06268,299958.262557853,36570.031348,145822.78721218198,300000.0,False,True
1609,4,0,1,NORMAL,0.007376142331100607,0.007293857312968419,0.007376142331100607,1.0,3300000000.0,6700000000.0,24341269.692632,11739894.112234,251137.972571,33936115.848164,0.0,14544049.666214,14544049.646461,0.0,73140.106825,299958.6777951383,36570.053419,145935.200765148,300000.0,False,True
1610,4,0,1,NORMAL,0.0073818201708884855,0.007299532336060037,0.0073818201708884855,1.0,3300000000.0,6700000000.0,24360006.563932,11749826.787407,251488.344467,33961714.900847,0.0,14555020.688807,14555020.669036,0.0,73140.150534,299959.0889018761,36570.075276,146047.618155792,300000.0,False,True
1611,4,0,1,NORMAL,0.007387498204446666,0.007305207553375303,0.007387498204446666,1.0,3300000000.0,6700000000.0,24378744.074674,11759761.372021,251838.985866,33987313.968676,0.0,14565991.717887,14565991.698104,0.0,73140.193806,299959.49591914366,36570.096909,146160.03938359203,300000.0,False,True
1612,4,0,1,NORMAL,0.007393176431750605,0.007310882964883388,0.007393176431750605,1.0,3300000000.0,6700000000.0,24397482.224777,11769697.866395,252189.896778,34012913.0515,0.0,14576962.753394,14576962.733597,0.0,73140.23664799999,299959.89888760995,36570.118331000005,146272.464448044,300000.0,False,True
1613,4,0,1,NORMAL,0.007398854852773636,0.007316558570553727,0.007398854852773636,1.0,3300000000.0,6700000000.0,24416221.014153,11779636.270853,252541.077211,34038512.149167,0.0,14587933.795266,14587933.775453,0.0,73140.279062,299960.2978475395,36570.139539,146384.89334866198,300000.0,False,True
1614,4,0,1,NORMAL,0.007404533467492121,0.007322234370356204,0.007404533467492121,1.0,3300000000.0,6700000000.0,24434960.442724,11789576.585715,252892.527175,34064111.261533,0.0,14598904.843436,14598904.823607,0.0,73140.321056,299960.69283879694,36570.160536,146497.326084918,300000.0,False,True
1615,4,0,1,NORMAL,0.007410212275880303,0.007327910364260986,0.007410212275880303,1.0,3300000000.0,6700000000.0,24453700.510405,11799518.811308,253244.246679,34089710.38845,0.0,14609875.89784,14609875.877999,0.0,73140.36262999999,299961.08390085044,36570.181321,146609.762656344,300000.0,False,True
1616,4,0,1,NORMAL,0.007415891277914545,0.0073335865522386355,0.007415891277914545,1.0,3300000000.0,6700000000.0,24472441.217118,11809462.947952,253596.235732,34115309.529774,0.0,14620846.958419,14620846.938565,0.0,73140.40379299999,299961.47107277607,36570.201903,146722.20306243,300000.0,False,True
1617,4,0,1,NORMAL,0.007421570473571516,0.007339262934260112,0.007421570473571516,1.0,3300000000.0,6700000000.0,24491182.562786,11819408.99597,253948.494343,34140908.685362,0.0,14631818.025112,14631818.005243,0.0,73140.444547,299961.8543932612,36570.222281,146834.647302708,300000.0,False,True
1618,4,0,1,NORMAL,0.007427249862827576,0.007344939510296723,0.007427249862827576,1.0,3300000000.0,6700000000.0,24509924.547331,11829356.955685,254301.022522,34166507.855071,0.0,14642789.097856,14642789.077974,0.0,73140.484893,299962.23390060896,36570.242453000006,146947.09537671602,300000.0,False,True
1619,4,0,1,NORMAL,0.007432929445658788,0.007350616280320083,0.007432929445658788,1.0,3300000000.0,6700000000.0,24528667.170674,11839306.827424,254653.820277,34192107.038761,0.0,14653760.176592,14653760.156697,0.0,73140.52483899999,299962.60963274154,36570.262425999994,147059.547283986,300000.0,False,True
1620,4,0,1,NORMAL,0.007438609222042121,0.00735629324430215,0.007438609222042121,1.0,3300000000.0,6700000000.0,24547410.432739,11849258.611511,255006.887618,34217706.236293,0.0,14664731.261263,14664731.241351,0.0,73140.56438899999,299962.9816272041,36570.282202999995,147172.003024044,300000.0,False,True
1621,4,0,1,NORMAL,0.007444289191955152,0.007361970402215248,0.007444289191955152,1.0,3300000000.0,6700000000.0,24566154.333452,11859212.308271,255360.224554,34243305.447529,0.0,14675702.351804,14675702.33188,0.0,73140.603542,299963.34992116893,36570.301777,147284.462596434,300000.0,False,True
1622,4,0,1,NORMAL,0.007449969355376364,0.007367647754032094,0.007449969355376364,1.0,3300000000.0,6700000000.0,24584898.872742,11869167.918031,255713.831094,34268904.672336,0.0,14686673.448159,14686673.428222,0.0,73140.64231099999,299963.71455143846,36570.321162,147396.926000712,300000.0,False,True
1623,4,0,1,NORMAL,0.007455649712282121,0.0073733252997256445,0.007455649712282121,1.0,3300000000.0,6700000000.0,24603644.050531,11879125.441117,256067.707248,34294503.910574,0.0,14697644.550273,14697644.530321,0.0,73140.680689,299964.0755544496,36570.340352,147509.39323645202,300000.0,False,True
1624,4,0,1,NORMAL,0.007461330262651212,0.0073790030392692305,0.007461330262651212,1.0,3300000000.0,6700000000.0,24622389.866749,11889084.877855,256421.853024,34320103.162111,0.0,14708615.658085,14708615.638122,0.0,73140.71868700002,299964.4329662766,36570.359349,147621.864303186,300000.0,False,True
1625,4,0,1,NORMAL,0.007467011006461515,0.007384680972636475,0.007467011006461515,1.0,3300000000.0,6700000000.0,24641136.321323,11899046.228575,256776.268432,34345702.426816,0.0,14719586.771541,14719586.751565,0.0,73140.75630899999,299964.7868226356,36570.378161,147734.339200494,300000.0,False,True
1626,4,0,1,NORMAL,0.007472691943693334,0.007390359099801434,0.007472691943693334,1.0,3300000000.0,6700000000.0,24659883.414188,11909009.4936,257130.953481,34371301.704558,0.0,14730557.890581,14730557.870595,0.0,73140.79355399999,299965.1371588875,36570.396781999996,147846.817927938,300000.0,False,True
1627,4,0,1,NORMAL,0.007478373074323637,0.00739603742073835,0.007478373074323637,1.0,3300000000.0,6700000000.0,24678631.145268,11918974.67326,257485.90818,34396900.995203,0.0,14741529.015158,14741528.995157,0.0,73140.83042900001,299965.48401004163,36570.415222,147959.300485128,300000.0,False,True
1628,4,0,1,NORMAL,0.007484054398333031,0.007401715935421878,0.007484054398333031,1.0,3300000000.0,6700000000.0,24697379.514499,11928941.767885,257841.132538,34422500.298628,0.0,14752500.145208,14752500.125195,0.0,73140.86693799999,299965.82741075923,36570.433475,148071.786871608,300000.0,False,True
1629,4,0,1,NORMAL,0.007489735915700606,0.007407394643826957,0.007489735915700606,1.0,3300000000.0,6700000000.0,24716128.521812,11938910.777805,258196.626565,34448099.614704,0.0,14763471.280681,14763471.260653,0.0,73140.903083,299966.1673953572,36570.451549,148184.277086994,300000.0,False,True
1630,4,0,1,NORMAL,0.007495417626406364,0.007413073545928855,0.007495417626406364,1.0,3300000000.0,6700000000.0,24734878.167141,11948881.703348,258552.390269,34473698.943306,0.0,14774442.42152,14774442.401479,0.0,73140.93886899999,299966.5039978111,36570.469441,148296.771130872,300000.0,False,True
1631,4,0,1,NORMAL,0.00750109953043,0.007418752641703123,0.00750109953043,1.0,3300000000.0,6700000000.0,24753628.450419,11958854.544842,258908.42366,34499298.284306,0.0,14785413.567676,14785413.547621,0.0,73140.974298,299966.8372517589,36570.487156,148409.269002846,300000.0,False,True
1632,4,0,1,NORMAL,0.007506781627751212,0.007424431931125581,0.007506781627751212,1.0,3300000000.0,6700000000.0,24772379.371579,11968829.302623,259264.726747,34524897.637584,0.0,14796384.719094,14796384.699023,0.0,73141.00937599999,299967.16719050385,36570.504696,148521.770702514,300000.0,False,True
1633,4,0,1,NORMAL,0.007512463918352424,0.007430111414172475,0.007512463918352424,1.0,3300000000.0,6700000000.0,24791130.930563,11978805.977017,259621.299539,34550497.003019,0.0,14807355.875716,14807355.855635,0.0,73141.04410399999,299967.4938470185,36570.522057,148634.276229474,300000.0,False,True
1634,4,0,1,NORMAL,0.0075181464022127265,0.007435791090820234,0.0075181464022127265,1.0,3300000000.0,6700000000.0,24809883.127302,11988784.568357,259978.142045,34576096.380486,0.0,14818327.037499,14818327.017405,0.0,73141.07848699999,299967.8172539473,36570.53925,148746.785583378,300000.0,False,True
1635,4,0,1,NORMAL,0.007523829079314242,0.007441470961045655,0.007523829079314242,1.0,3300000000.0,6700000000.0,24828635.961737,11998765.076974,260335.254275,34601695.769868,0.0,14829298.204389,14829298.18428,0.0,73141.11252900002,299968.1374436105,36570.556272,148859.298763812,300000.0,False,True
1636,4,0,1,NORMAL,0.007529511949637576,0.0074471510248257785,0.007529511949637576,1.0,3300000000.0,6700000000.0,24847389.433804,12008747.503201,260692.636238,34627295.171045,0.0,14840269.376335,14840269.35621,0.0,73141.14623,299968.4544480067,36570.573123,148971.815770422,300000.0,False,True
1637,4,0,1,NORMAL,0.007535195013165455,0.007452831282138016,0.007535195013165455,1.0,3300000000.0,6700000000.0,24866143.543446,12018731.84737,261050.287943,34652894.583902,0.0,14851240.553282,14851240.533148,0.0,73141.17959900001,299968.7682988164,36570.589804,149084.336602824,300000.0,False,True
1638,4,0,1,NORMAL,0.007540878269879091,0.007458511732960021,0.007540878269879091,1.0,3300000000.0,6700000000.0,24884898.290601,12028718.109814,261408.209399,34678494.008322,0.0,14862211.735183,14862211.715041,0.0,73141.21263400002,299969.0790274054,36570.606321,149196.861260676,300000.0,False,True
1639,4,0,1,NORMAL,0.007546561719759999,0.007464192377269697,0.007546561719759999,1.0,3300000000.0,6700000000.0,24903653.675208,12038706.290866,261766.400615,34704093.444188,0.0,14873182.921992,14873182.901839,0.0,73141.245339,299969.38666482747,36570.622675,149309.389743606,300000.0,False,True
1640,4,0,1,NORMAL,0.007552245362790908,0.0074698732150452595,0.007552245362790908,1.0,3300000000.0,6700000000.0,24922409.69721,12048696.390861,262124.8616,34729692.891387,0.0,14884154.113659,14884154.093496,0.0,73141.277722,299969.6912418277,36570.638866,149421.922051248,300000.0,False,True
1641,4,0,1,NORMAL,0.007557929198954242,0.007475554246265195,0.007557929198954242,1.0,3300000000.0,6700000000.0,24941166.356549,12058688.410132,262483.592363,34755292.349806,0.0,14895125.310137,14895125.28996,0.0,73141.30978000001,299969.9927888454,36570.654897,149534.45818326,300000.0,False,True
1642,4,0,1,NORMAL,0.0075636132282333336,0.007481235470908301,0.0075636132282333336,1.0,3300000000.0,6700000000.0,24959923.65317,12068682.349013,262842.592914,34780891.819334,0.0,14906096.511375,14906096.491185,0.0,73141.341519,299970.29133601737,36570.670766,149646.99813929398,300000.0,False,True
1643,4,0,1,NORMAL,0.00756929745061,0.007486916888953572,0.00756929745061,1.0,3300000000.0,6700000000.0,24978681.587013,12078678.207843,263201.863262,34806491.299861,0.0,14917067.717327,14917067.697123,0.0,73141.37294400002,299970.5869131808,36570.686479,149759.54191902,300000.0,False,True
1644,4,0,1,NORMAL,0.00757498186606909,0.00749259850038038,0.00757498186606909,1.0,3300000000.0,6700000000.0,24997440.158028,12088675.986953,263561.403416,34832090.791278,0.0,14928038.927944,14928038.907729,0.0,73141.404057,299970.8795498761,36570.702034,149872.089522078,300000.0,False,True
1645,4,0,1,NORMAL,0.0075806664745939395,0.007498280305168352,0.0075806664745939395,1.0,3300000000.0,6700000000.0,25016199.36616,12098675.686677,263921.213385,34857690.293474,0.0,14939010.143185,14939010.122954,0.0,73141.434858,299971.1692753501,36570.71743699999,149984.640948168,300000.0,False,True
1646,4,0,1,NORMAL,0.007586351276166969,0.007503962303297296,0.007586351276166969,1.0,3300000000.0,6700000000.0,25034959.211351,12108677.307358,264281.293179,34883289.806345,0.0,14949981.362997,14949981.342753,0.0,73141.465353,299971.4561185589,36570.732683,150097.19619696002,300000.0,False,True
1647,4,0,1,NORMAL,0.0075920362707733325,0.007509644494747363,0.0075920362707733325,1.0,3300000000.0,6700000000.0,25053719.693552,12118680.849327,264641.642806,34908889.329783,0.0,14960952.587339,14960952.567082,0.0,73141.495547,299971.7401081705,36570.747780000005,150209.755268106,300000.0,False,True
1648,4,0,1,NORMAL,0.007597721458396364,0.007515326879498912,0.007597721458396364,1.0,3300000000.0,6700000000.0,25072480.812708,12128686.312925,265002.262276,34934488.863684,0.0,14971923.816163,14971923.795895,0.0,73141.525439,299972.02127256786,36570.76272500001,150322.318161312,300000.0,False,True
1649,4,0,1,NORMAL,0.007603406839020909,0.0075210094575325894,0.007603406839020909,1.0,3300000000.0,6700000000.0,25091242.568769,12138693.698486,265363.151598,34960088.407942,0.0,14982895.049428,14982895.029146,0.0,73141.55503199999,299972.29963985196,36570.777523,150434.88487624802,300000.0,False,True
1650,4,0,1,NORMAL,0.007609092412631213,0.007526692228829275,0.007609092412631213,1.0,3300000000.0,6700000000.0,25110004.961683,12148703.00635,265724.31078,34985687.962455,0.0,14993866.28709,14993866.266792,0.0,73141.584334,299972.5752378443,36570.792174999995,150547.455412614,300000.0,False,True
1651,4,0,1,NORMAL,0.00761477817921303,0.007532375193370163,0.00761477817921303,1.0,3300000000.0,6700000000.0,25128767.991403,12158714.236852,266085.739833,35011287.527121,0.0,15004837.529102,15004837.50879,0.0,73141.613342,299972.8480940898,36570.80667799999,150660.02977009802,300000.0,False,True
1652,4,0,1,NORMAL,0.0076204641387512114,0.0075380583511366825,0.0076204641387512114,1.0,3300000000.0,6700000000.0,25147531.657879,12168727.390332,266447.438765,35036887.10184,0.0,15015808.775419,15015808.755098,0.0,73141.642063,299973.1182358591,36570.821036,150772.607948418,300000.0,False,True
1653,4,0,1,NORMAL,0.007626150291230606,0.007543741702110484,0.007626150291230606,1.0,3300000000.0,6700000000.0,25166295.961061,12178742.467128,266809.407585,35062486.68651,0.0,15026780.026006,15026780.005668,0.0,73141.670497,299973.3856901523,36570.835257,150885.189947274,300000.0,False,True
1654,4,0,1,NORMAL,0.007631836636636969,0.007549425246273484,0.007631836636636969,1.0,3300000000.0,6700000000.0,25185060.900902,12188759.467581,267171.646303,35088086.281035,0.0,15037751.280811,15037751.260461,0.0,73141.698648,299973.6504837006,36570.849330000005,150997.77576636602,300000.0,False,True
1655,4,0,1,NORMAL,0.007637523174955152,0.007555108983607785,0.007637523174955152,1.0,3300000000.0,6700000000.0,25203826.477352,12198778.39203,267534.154928,35113685.885314,0.0,15048722.539797,15048722.519436,0.0,73141.726519,299973.9126429696,36570.863265,151110.365405412,300000.0,False,True
1656,4,0,1,NORMAL,0.0076432099061712125,0.007560792914095748,0.0076432099061712125,1.0,3300000000.0,6700000000.0,25222592.690365,12208799.240814,267896.933469,35139285.499249,0.0,15059693.802926,15059693.78255,0.0,73141.754113,299974.17219416174,36570.87706400001,151222.958864112,300000.0,False,True
1657,4,0,1,NORMAL,0.0076488968302721215,0.0075664770377200305,0.0076488968302721215,1.0,3300000000.0,6700000000.0,25241359.539898,12218822.014274,268259.981935,35164885.122747,0.0,15070665.070152,15070665.049762,0.0,73141.78143399999,299974.42916321877,36570.890724,151335.55614219,300000.0,False,True
1658,4,0,1,NORMAL,0.007654583947243939,0.007572161354463509,0.007654583947243939,1.0,3300000000.0,6700000000.0,25260127.025905,12228846.71275,268623.300335,35190484.755712,0.0,15081636.341432,15081636.321032,0.0,73141.80848,299974.6835758247,36570.904245,151448.157239388,300000.0,False,True
1659,4,0,1,NORMAL,0.007660271257073333,0.007577845864309304,0.007660271257073333,1.0,3300000000.0,6700000000.0,25278895.148342,12238873.336582,268986.888678,35216084.39805,0.0,15092607.616729,15092607.59632,0.0,73141.835261,299974.9354574081,36570.917635,151560.76215542998,300000.0,False,True
1660,4,0,1,NORMAL,0.007665958759746364,0.007583530567240728,0.007665958759746364,1.0,3300000000.0,6700000000.0,25297663.907163,12248901.886114,269350.746974,35241684.049668,0.0,15103578.896003,15103578.875581,0.0,73141.86177100001,299975.18483314454,36570.930892000004,151673.370890052,300000.0,False,True
1661,4,0,1,NORMAL,0.00767164645525,0.007589215463241326,0.00767164645525,1.0,3300000000.0,6700000000.0,25316433.302325,12258932.361687,269714.875232,35267283.710473,0.0,15114550.179214,15114550.158781,0.0,73141.88802099999,299975.43172795937,36570.944016,151785.983442978,300000.0,False,True
1662,4,0,1,NORMAL,0.007677334343570909,0.007594900552294848,0.007677334343570909,1.0,3300000000.0,6700000000.0,25335203.333784,12268964.763641,270079.27346,35292883.380371,0.0,15125521.46633,15125521.445878,0.0,73141.914009,299975.67616653006,36570.957014,151898.59981395,300000.0,False,True
1663,4,0,1,NORMAL,0.007683022424697273,0.007600585834385327,0.007683022424697273,1.0,3300000000.0,6700000000.0,25353974.001501,12278999.09232,270443.941669,35318483.059276,0.0,15136492.757298,15136492.736835,0.0,73141.939735,299975.91817328887,36570.969873,152011.220002704,300000.0,False,True
1664,4,0,1,NORMAL,0.007688710698616363,0.007606271309497007,0.007688710698616363,1.0,3300000000.0,6700000000.0,25372745.305434,12289035.348066,270808.879867,35344082.747096,0.0,15147464.052087,15147464.031615,0.0,73141.965209,299976.1577724248,36570.98260899999,152123.84400900602,300000.0,False,True
1665,4,0,1,NORMAL,0.007694399165315454,0.007611956977614327,0.007694399165315454,1.0,3300000000.0,6700000000.0,25391517.245541,12299073.531222,271174.088063,35369682.443743,0.0,15158435.350662,15158435.330175,0.0,73141.990429,299976.3949878866,36570.995222,152236.471832604,300000.0,False,True
1666,4,0,1,NORMAL,0.007700087824782424,0.007617642838721946,0.007700087824782424,1.0,3300000000.0,6700000000.0,25410289.821782,12309113.642132,271539.566266,35395282.149129,0.0,15169406.652984,15169406.63248,0.0,73142.015399,299976.6298433847,36571.00770799999,152349.103473246,300000.0,False,True
1667,4,0,1,NORMAL,0.007705776677005757,0.007623328892804773,0.007705776677005757,1.0,3300000000.0,6700000000.0,25429063.034119,12319155.681138,271905.314486,35420881.863167,0.0,15180377.959012,15180377.938494,0.0,73142.040118,299976.86236239376,36571.020066,152461.738930692,300000.0,False,True
1668,4,0,1,NORMAL,0.007711465721973333,0.007629015139847907,0.007711465721973333,1.0,3300000000.0,6700000000.0,25447836.882512,12329199.648585,272271.332732,35446481.585771,0.0,15191349.268712,15191349.24818,0.0,73142.06459399998,299977.09256815526,36571.03230400001,152574.37820471398,300000.0,False,True
1669,4,0,1,NORMAL,0.007717154959673637,0.007634701579836664,0.007717154959673637,1.0,3300000000.0,6700000000.0,25466611.366923,12339245.544816,272637.621013,35472081.316855,0.0,15202320.582048,15202320.5615,0.0,73142.088824,299977.3204836791,36571.04441999999,152687.021295072,300000.0,False,True
1670,4,0,1,NORMAL,0.007722844390095758,0.007640388212756606,0.007722844390095758,1.0,3300000000.0,6700000000.0,25485386.487316,12349293.370176,273004.179338,35497681.056336,0.0,15213291.898979,15213291.87842,0.0,73142.112813,299977.54613174684,36571.056412,152799.668201538,300000.0,False,True
1671,4,0,1,NORMAL,0.007728534013227576,0.007646075038593444,0.007728534013227576,1.0,3300000000.0,6700000000.0,25504162.243651,12359343.12501,273371.007716,35523280.804129,0.0,15224263.219476,15224263.1989,0.0,73142.136563,299977.7695349132,36571.06829000001,152912.318923896,300000.0,False,True
1672,4,0,1,NORMAL,0.007734223829059091,0.007651762057333164,0.007734223829059091,1.0,3300000000.0,6700000000.0,25522938.635895,12369394.809664,273738.106156,35548880.560154,0.0,15235234.543499,15235234.522908,0.0,73142.16008099998,299977.9907155087,36571.080047999996,153024.973461906,300000.0,False,True
1673,4,0,1,NORMAL,0.0077399138375772725,0.007657449268961816,0.0077399138375772725,1.0,3300000000.0,6700000000.0,25541715.664005,12379448.424485,274105.474668,35574480.324325,0.0,15246205.871015,15246205.850409,0.0,73142.18335900002,299978.20969564177,36571.09168700001,153137.63181537,300000.0,False,True
1674,4,0,1,NORMAL,0.007745604038773334,0.007663136673465785,0.007745604038773334,1.0,3300000000.0,6700000000.0,25560493.327952,12389503.969817,274473.11326,35600080.096564,0.0,15257177.201987,15257177.181368,0.0,73142.20640899999,299978.42649720114,36571.103210999994,153250.29398403,300000.0,False,True
1675,4,0,1,NORMAL,0.007751294432636667,0.007668824270831649,0.007751294432636667,1.0,3300000000.0,6700000000.0,25579271.627701,12399561.446006,274841.021942,35625679.876792,0.0,15268148.536379,15268148.51575,0.0,73142.22923000001,299978.64114185766,36571.11461999999,153362.959967712,300000.0,False,True
1676,4,0,1,NORMAL,0.007756985019155758,0.007674512061046108,0.007756985019155758,1.0,3300000000.0,6700000000.0,25598050.563214,12409620.8534,275209.200723,35651279.664926,0.0,15279119.874164,15279119.853521,0.0,73142.251824,299978.85365106666,36571.125919,153475.629766206,300000.0,False,True
1677,4,0,1,NORMAL,0.0077626757983209095,0.007680200044096095,0.0077626757983209095,1.0,3300000000.0,6700000000.0,25616830.134459,12419682.192343,275577.649612,35676879.460888,0.0,15290091.215306,15290091.194646,0.0,73142.27419100002,299979.06404607045,36571.137104,153588.303379284,300000.0,False,True
1678,4,0,1,NORMAL,0.007768366770122727,0.007685888219968781,0.007768366770122727,1.0,3300000000.0,6700000000.0,25635610.341405,12429745.463185,275946.368618,35702479.264603,0.0,15301062.559765,15301062.539093,0.0,73142.296336,299979.27234789956,36571.148173999994,153700.980806754,300000.0,False,True
1679,4,0,1,NORMAL,0.0077740579345503035,0.00769157658865146,0.0077740579345503035,1.0,3300000000.0,6700000000.0,25654391.184016,12439810.666271,276315.357751,35728079.07599,0.0,15312033.907518,15312033.886828,0.0,73142.318262,299979.47857737594,36571.159139999996,153813.66204843,300000.0,False,True
1680,4,0,1,NORMAL,0.007779749291594545,0.007697265150131661,0.007779749291594545,1.0,3300000000.0,6700000000.0,25673172.662262,12449877.801951,276684.617019,35753678.894977,0.0,15323005.258523,15323005.237819,0.0,73142.33997,299979.6827551141,36571.169992,153926.347104096,300000.0,False,True
1681,4,0,1,NORMAL,0.007785440841245757,0.007702953904397087,0.007785440841245757,1.0,3300000000.0,6700000000.0,25691954.776111,12459946.870572,277054.146432,35779278.721486,0.0,15333976.612748,15333976.592036,0.0,73142.36146,299979.88490152353,36571.180733999994,154039.035973572,300000.0,False,True
1682,4,0,1,NORMAL,0.007791132583495152,0.007708642851435673,0.007791132583495152,1.0,3300000000.0,6700000000.0,25710737.525534,12470017.87248,277423.945998,35804878.555442,0.0,15344947.970163,15344947.949446,0.0,73142.382737,299980.08503681107,36571.19137099999,154151.728656666,300000.0,False,True
1683,4,0,1,NORMAL,0.007796824518332121,0.007714331991235444,0.007796824518332121,1.0,3300000000.0,6700000000.0,25729520.910496,12480090.808024,277794.015727,35830478.396768,0.0,15355919.330746,15355919.310013,0.0,73142.40380199999,299980.2831809822,36571.201909,154264.425153204,300000.0,False,True
1684,4,0,1,NORMAL,0.007802516645748484,0.007720021323784672,0.007802516645748484,1.0,3300000000.0,6700000000.0,25748304.93097,12490165.677555,278164.355628,35856078.245396,0.0,15366890.694452,15366890.67371,0.0,73142.424659,299980.4793538438,36571.212334,154377.125462976,300000.0,False,True
1685,4,0,1,NORMAL,0.007808208965734242,0.007725710849071742,0.007808208965734242,1.0,3300000000.0,6700000000.0,25767089.586923,12500242.481422,278534.96571,35881678.101249,0.0,15377862.06126,15377862.040503,0.0,73142.44530700002,299980.6735750056,36571.222661,154489.82958582,300000.0,False,True
1686,4,0,1,NORMAL,0.007813901478282424,0.007731400567085335,0.007813901478282424,1.0,3300000000.0,6700000000.0,25785874.878332,12510321.219973,278905.845983,35907277.964259,0.0,15388833.431131,15388833.410363,0.0,73142.46575099998,299980.86586388224,36571.232881,154602.537521538,300000.0,False,True
1687,4,0,1,NORMAL,0.00781959418338303,0.007737090477814218,0.00781959418338303,1.0,3300000000.0,6700000000.0,25804660.805164,12520401.893558,279276.996455,35932877.834351,0.0,15399804.804043,15399804.783258,0.0,73142.48599100001,299981.0562396955,36571.243003999996,154715.249269992,300000.0,False,True
1688,4,0,1,NORMAL,0.007825287081027575,0.007742780581247339,0.007825287081027575,1.0,3300000000.0,6700000000.0,25823447.367391,12530484.502528,279648.417136,35958477.711457,0.0,15410776.179957,15410776.159161,0.0,73142.50602900001,299981.24472147576,36571.25302,154827.96483098398,300000.0,False,True
1689,4,0,1,NORMAL,0.007830980171208788,0.007748470877373885,0.007830980171208788,1.0,3300000000.0,6700000000.0,25842234.564989,12540569.047231,280020.108035,35984077.595508,0.0,15421747.558848,15421747.538037,0.0,73142.52586899999,299981.43132806435,36571.262942,154940.68420434598,300000.0,False,True
1690,4,0,1,NORMAL,0.007836673453917576,0.007754161366183156,0.007836673453917576,1.0,3300000000.0,6700000000.0,25861022.397928,12550655.528021,280392.069161,36009677.486434,0.0,15432718.940685,15432718.919859,0.0,73142.545511,299981.616078115,36571.272763,155053.407389934,300000.0,False,True
1691,4,0,1,NORMAL,0.007842366929145455,0.007759852047664595,0.007842366929145455,1.0,3300000000.0,6700000000.0,25879810.86618,12560743.945248,280764.300523,36035277.384166,0.0,15443690.325437,15443690.304599,0.0,73142.56495600002,299981.7989900962,36571.282484,155166.134387568,300000.0,False,True
1692,4,0,1,NORMAL,0.007848060596885455,0.007765542921807877,0.007848060596885455,1.0,3300000000.0,6700000000.0,25898599.969722,12570834.299259,281136.80213,36060877.288635,0.0,15454661.71308,15454661.692227,0.0,73142.584209,299981.9800822924,36571.292112,155278.86519708,300000.0,False,True
1693,4,0,1,NORMAL,0.007853754457129698,0.007771233988602833,0.007853754457129698,1.0,3300000000.0,6700000000.0,25917389.708528,12580926.590409,281509.573991,36086477.199776,0.0,15465633.10358,15465633.082714,0.0,73142.603269,299982.15937280667,36571.301641,155391.599818332,300000.0,False,True
1694,4,0,1,NORMAL,0.007859448509870302,0.0077769252480394445,0.007859448509870302,1.0,3300000000.0,6700000000.0,25936180.082572,12591020.819049,281882.616116,36112077.117522,0.0,15476604.496912,15476604.476032,0.0,73142.62214200001,299982.33687956154,36571.311078,155504.33825116802,300000.0,False,True
1695,4,0,1,NORMAL,0.007865142755099091,0.007782616700107809,0.007865142755099091,1.0,3300000000.0,6700000000.0,25954971.091827,12601116.985532,282255.928513,36137677.041807,0.0,15487575.893047,15487575.872152,0.0,73142.64082500001,299982.5126203017,36571.32042,155617.080495432,300000.0,False,True
1696,4,0,1,NORMAL,0.00787083719281,0.007788308344798274,0.00787083719281,1.0,3300000000.0,6700000000.0,25973762.736273,12611215.090208,282629.511192,36163276.972567,0.0,15498547.291956,15498547.271046,0.0,73142.659323,299982.68661259505,36571.32966899999,155729.82655096203,300000.0,False,True
1697,4,0,1,NORMAL,0.007876531822994848,0.007794000182101279,0.007876531822994848,1.0,3300000000.0,6700000000.0,25992555.015883,12621315.133431,283003.364162,36188876.909736,0.0,15509518.693613,15509518.672689,0.0,73142.67763800001,299982.858873835,36571.338826,155842.576417638,300000.0,False,True
1698,4,0,1,NORMAL,0.00788222664564697,0.007799692212007453,0.00788222664564697,1.0,3300000000.0,6700000000.0,26011347.930635,12631417.115552,283377.487432,36214476.85325,0.0,15520490.097992,15520490.077052,0.0,73142.69577,299983.02942124195,36571.347893000006,155955.330095298,300000.0,False,True
1699,4,0,1,NORMAL,0.007887921660760303,0.007805384434507638,0.007887921660760303,1.0,3300000000.0,6700000000.0,26030141.480509,12641521.036923,283751.881011,36240076.803048,0.0,15531461.505062,15531461.484108,0.0,73142.713722,299983.1982718648,36571.356868,156068.08758381003,300000.0,False,True
1700,4,0,1,NORMAL,0.00789361686832697,0.0078110768495927565,0.00789361686832697,1.0,3300000000.0,6700000000.0,26048935.665479,12651626.897899,284126.544908,36265676.759066,0.0,15542432.914797,15542432.893828,0.0,73142.731491,299983.36544258316,36571.365753000005,156180.84888305402,300000.0,False,True
1701,4,0,1,NORMAL,0.007899312268340909,0.007816769457253929,0.007899312268340909,1.0,3300000000.0,6700000000.0,26067730.485525,12661734.698835,284501.479132,36291276.721245,0.0,15553404.327168,15553404.306189,0.0,73142.74909,299983.53095010866,36571.37455000001,156293.61399287402,300000.0,False,True
1702,4,0,1,NORMAL,0.007905007860794545,0.007822462257482355,0.007905007860794545,1.0,3300000000.0,6700000000.0,26086525.940622,12671844.440083,284876.683693,36316876.689519,0.0,15564375.742158,15564375.721161,0.0,73142.76651000002,299983.69481098664,36571.383264,156406.38291315,300000.0,False,True
1703,4,0,1,NORMAL,0.007910703645682728,0.007828155250269477,0.007910703645682728,1.0,3300000000.0,6700000000.0,26105322.030753,12681956.121997,285252.158599,36342476.663831,0.0,15575347.15973,15575347.138722,0.0,73142.783757,299983.85704159795,36571.39188399999,156519.155643732,300000.0,False,True
1704,4,0,1,NORMAL,0.00791639962299909,0.007833848435606873,0.00791639962299909,1.0,3300000000.0,6700000000.0,26124118.755897,12692069.744929,285627.90386,36368076.644119,0.0,15586318.579867,15586318.558843,0.0,73142.800834,299984.0176581606,36571.40042500001,156631.93218451802,300000.0,False,True
1705,4,0,1,NORMAL,0.007922095792736667,0.007839541813486214,0.007922095792736667,1.0,3300000000.0,6700000000.0,26142916.116031,12702185.309238,286003.919485,36393676.630326,0.0,15597290.002537,15597289.9815,0.0,73142.81774099999,299984.1766767312,36571.40887700001,156744.71253538202,300000.0,False,True
1706,4,0,1,NORMAL,0.007927792154889394,0.007845235383899323,0.007927792154889394,1.0,3300000000.0,6700000000.0,26161714.111135,12712302.815276,286380.205483,36419276.62239,0.0,15608261.427717,15608261.406669,0.0,73142.83447700001,299984.3341132067,36571.417244000004,156857.496696186,300000.0,False,True
1707,4,0,1,NORMAL,0.007933488709451817,0.007850929146838194,0.007933488709451817,1.0,3300000000.0,6700000000.0,26180512.741191,12722422.263396,286756.761863,36444876.620253,0.0,15619232.855385,15619232.834323,0.0,73142.85104800001,299984.4899833258,36571.425531,156970.28466681,300000.0,False,True
1708,4,0,1,NORMAL,0.007939185456418182,0.007856623102294968,0.007939185456418182,1.0,3300000000.0,6700000000.0,26199312.00618,12732543.653956,287133.588635,36470476.623859,0.0,15630204.285514,15630204.264437,0.0,73142.867455,299984.64430267096,36571.433735000006,157083.07644714598,300000.0,False,True
1709,4,0,1,NORMAL,0.007944882395782726,0.007862317250261921,0.007944882395782726,1.0,3300000000.0,6700000000.0,26218111.906083,12742666.98731,287510.685807,36496076.63315,0.0,15641175.718079,15641175.696988,0.0,73142.883698,299984.79708666936,36571.441856,157195.87203708003,300000.0,False,True
1710,4,0,1,NORMAL,0.007950579527539697,0.007868011590731454,0.007950579527539697,1.0,3300000000.0,6700000000.0,26236912.440881,12752792.263815,287888.053389,36521676.64807,0.0,15652147.153055,15652147.131952,0.0,73142.89978,299984.94835059484,36571.449896000006,157308.67143649797,300000.0,False,True
1711,4,0,1,NORMAL,0.007956276851684242,0.007873706123696152,0.007956276851684242,1.0,3300000000.0,6700000000.0,26255713.610558,12762919.483824,288265.691389,36547276.668562,0.0,15663118.59042,15663118.569304,0.0,73142.915701,299985.09810956946,36571.457856999994,157421.47464528598,300000.0,False,True
1712,4,0,1,NORMAL,0.00796197436821091,0.007879400849148717,0.00796197436821091,1.0,3300000000.0,6700000000.0,26274515.415096,12773048.647697,288643.599817,36572876.694573,0.0,15674090.030149,15674090.00902,0.0,73142.93146699999,299985.2463785646,36571.46574,157534.281663348,300000.0,False,True
1713,4,0,1,NORMAL,0.007967672077113635,0.007885095767081938,0.007967672077113635,1.0,3300000000.0,6700000000.0,26293317.854475,12783179.755789,289021.778682,36598476.726045,0.0,15685061.472218,15685061.451078,0.0,73142.947071,299985.39317240304,36571.473541,157647.09249057603,300000.0,False,True
1714,4,0,1,NORMAL,0.007973369978388484,0.007890790877488812,0.007973369978388484,1.0,3300000000.0,6700000000.0,26312120.928682,12793312.808454,289400.227993,36624076.762924,0.0,15696032.916609,15696032.895453,0.0,73142.962524,299985.53850575996,36571.48127,157759.90712684998,300000.0,False,True
1715,4,0,1,NORMAL,0.007979068072029697,0.007896486180362419,0.007979068072029697,1.0,3300000000.0,6700000000.0,26330924.637698,12803447.80605,289778.94776,36649676.805156,0.0,15707004.363294,15707004.342123,0.0,73142.977819,299985.68239316443,36571.488917,157872.72557209196,300000.0,False,True
1716,4,0,1,NORMAL,0.007984766358033031,0.007902181675696007,0.007984766358033031,1.0,3300000000.0,6700000000.0,26349728.981509,12813584.748936,290157.937991,36675276.852691,0.0,15717975.812249,15717975.791065,0.0,73142.992967,299985.8248490013,36571.49649,157985.547826188,300000.0,False,True
1717,4,0,1,NORMAL,0.007990464836393636,0.007907877363482951,0.007990464836393636,1.0,3300000000.0,6700000000.0,26368533.960099,12823723.637468,290537.198696,36700876.905474,0.0,15728947.263452,15728947.242256,0.0,73143.00796,299985.9658875123,36571.503986,158098.37388905403,300000.0,False,True
1718,4,0,1,NORMAL,0.00799616350710606,0.0079135732437167,0.00799616350710606,1.0,3300000000.0,6700000000.0,26387339.57345,12833864.472005,290916.729883,36726476.963453,0.0,15739918.716882,15739918.695674,0.0,73143.02280600001,299986.1055227972,36571.511409,158211.20376059398,300000.0,False,True
1719,4,0,1,NORMAL,0.008001862370166667,0.007919269316390892,0.008001862370166667,1.0,3300000000.0,6700000000.0,26406145.82155,12844007.252902,291296.531562,36752077.026575,0.0,15750890.172519,15750890.151296,0.0,73143.03750299999,299986.24376881594,36571.518759,158324.0374407,300000.0,False,True
1720,4,0,1,NORMAL,0.008007561425570908,0.007924965581499282,0.008007561425570908,1.0,3300000000.0,6700000000.0,26424952.704384,12854151.980518,291676.603742,36777677.094791,0.0,15761861.630338,15761861.609101,0.0,73143.052056,299986.3806393893,36571.526034999995,158436.87492930001,300000.0,False,True
1721,4,0,1,NORMAL,0.008013260673314546,0.007930662039035752,0.008013260673314546,1.0,3300000000.0,6700000000.0,26443760.221938,12864298.655211,292056.946432,36803277.16805,0.0,15772833.090316,15772833.069067,0.0,73143.066462,299986.51614820067,36571.53323699999,158549.71622630398,300000.0,False,True
1722,4,0,1,NORMAL,0.00801896011339303,0.007936358688994286,0.00801896011339303,1.0,3300000000.0,6700000000.0,26462568.374197,12874447.277342,292437.559641,36828877.246302,0.0,15783804.552434,15783804.531171,0.0,73143.08072600001,299986.65030879754,36571.54037,158662.561331628,300000.0,False,True
1723,4,0,1,NORMAL,0.008024659745802121,0.007942055531368985,0.008024659745802121,1.0,3300000000.0,6700000000.0,26481377.161147,12884597.847266,292818.443378,36854477.329493,0.0,15794776.016675,15794775.995393,0.0,73143.09484499999,299986.7831345923,36571.547432,158775.410245182,300000.0,False,True
1724,4,0,1,NORMAL,0.008030359570539394,0.007947752566154173,0.008030359570539394,1.0,3300000000.0,6700000000.0,26500186.58278,12894750.365342,293199.597653,36880077.41758,0.0,15805747.483008,15805747.461713,0.0,73143.108827,299986.9146388643,36571.55442000001,158888.26296688203,300000.0,False,True
1725,4,0,1,NORMAL,0.008036059587599698,0.007953449793344208,0.008036059587599698,1.0,3300000000.0,6700000000.0,26518996.639079,12904904.831928,293581.022474,36905677.51051,0.0,15816718.951418,15816718.93011,0.0,73143.122667,299987.0448347604,36571.56134,159001.11949668,300000.0,False,True
1726,4,0,1,NORMAL,0.008041759796978788,0.007959147212933535,0.008041759796978788,1.0,3300000000.0,6700000000.0,26537807.33003,12915061.247387,293962.717851,36931277.608237,0.0,15827690.421886,15827690.400561,0.0,73143.13637299999,299987.17373529705,36571.568195,159113.97983447404,300000.0,False,True
1727,4,0,1,NORMAL,0.008047460198673636,0.007964844824916769,0.008047460198673636,1.0,3300000000.0,6700000000.0,26556618.655623,12925219.612075,294344.683792,36956877.710711,0.0,15838661.894389,15838661.873049,0.0,73143.149939,299987.30135336105,36571.574977000004,159226.84398017998,300000.0,False,True
1728,4,0,1,NORMAL,0.008053160792680302,0.00797054262928861,0.008053160792680302,1.0,3300000000.0,6700000000.0,26575430.615845,12935379.926354,294726.920307,36982477.817886,0.0,15849633.368908,15849633.347551,0.0,73143.163371,299987.42770171113,36571.58169399999,159339.711933738,300000.0,False,True
1729,4,0,1,NORMAL,0.008058861578996969,0.007976240626043988,0.008058861578996969,1.0,3300000000.0,6700000000.0,26594243.21069,12945542.190582,295109.427405,37008077.929718,0.0,15860604.845419,15860604.824048,0.0,73143.176672,299987.55279297894,36571.588343,159452.58369506997,300000.0,False,True
1730,4,0,1,NORMAL,0.008064562557618485,0.007981938815177827,0.008064562557618485,1.0,3300000000.0,6700000000.0,26613056.440141,12955706.40512,295492.205096,37033678.046158,0.0,15871576.323906,15871576.302519,0.0,73143.189838,299987.67663967056,36571.594927,159565.45926414,300000.0,False,True
1731,4,0,1,NORMAL,0.008070263728541515,0.007987637196685162,0.008070263728541515,1.0,3300000000.0,6700000000.0,26631870.304187,12965872.57033,295875.253388,37059278.16716,0.0,15882547.804349,15882547.782947,0.0,73143.202875,299987.7992541678,36571.601445,159678.338640846,300000.0,False,True
1732,4,0,1,NORMAL,0.008075965091763636,0.007993335770561194,0.008075965091763636,1.0,3300000000.0,6700000000.0,26650684.80282,12976040.686572,296258.57229,37084878.29268,0.0,15893519.286726,15893519.26531,0.0,73143.21578,299987.92064872914,36571.607896999994,159791.221825122,300000.0,False,True
1733,4,0,1,NORMAL,0.008081666647281514,0.007999034536801215,0.008081666647281514,1.0,3300000000.0,6700000000.0,26669499.936029,12986210.754203,296642.161812,37110478.42267,0.0,15904490.771023,15904490.74959,0.0,73143.22855700001,299988.04083549115,36571.614287,159904.10881692,300000.0,False,True
1734,4,0,1,NORMAL,0.008087368395092423,0.008004733495400648,0.008087368395092423,1.0,3300000000.0,6700000000.0,26688315.703805,12996382.773589,297026.021963,37136078.557091,0.0,15915462.257211,15915462.235769,0.0,73143.241209,299988.1598264698,36571.620609000005,160016.999616174,300000.0,False,True
1735,4,0,1,NORMAL,0.008093070335193636,0.008010432646355035,0.008093070335193636,1.0,3300000000.0,6700000000.0,26707132.106139,13006556.745086,297410.152751,37161678.695894,0.0,15926433.74528,15926433.723827,0.0,73143.253733,299988.2776335614,36571.626872,160129.89422283,300000.0,False,True
1736,4,0,1,NORMAL,0.008098772467581514,0.00801613198965997,0.008098772467581514,1.0,3300000000.0,6700000000.0,26725949.143019,13016732.66906,297794.554186,37187278.839038,0.0,15937405.235208,15937405.213745,0.0,73143.266134,299988.39426854404,36571.633072000004,160242.792636834,300000.0,False,True
1737,4,0,1,NORMAL,0.008104474792253333,0.008021831525311156,0.008104474792253333,1.0,3300000000.0,6700000000.0,26744766.814436,13026910.545871,298179.226277,37212878.986477,0.0,15948376.726981,15948376.705504,0.0,73143.27840999998,299988.5097430786,36571.639211999995,160355.694858114,300000.0,False,True
1738,4,0,1,NORMAL,0.008110177309207576,0.008027531253304474,0.008110177309207576,1.0,3300000000.0,6700000000.0,26763585.120385,13037090.375876,298564.169033,37238479.138169,0.0,15959348.220581,15959348.199084,0.0,73143.290564,299988.62406870985,36571.645291999994,160468.600886616,300000.0,False,True
1739,4,0,1,NORMAL,0.008115880018440606,0.008033231173635838,0.008115880018440606,1.0,3300000000.0,6700000000.0,26782404.060854,13047272.159445,298949.382464,37264079.294075,0.0,15970319.715981,15970319.694468,0.0,73143.302596,299988.7372568679,36571.651306,160581.51072231,300000.0,False,True
1740,4,0,1,NORMAL,0.00812158291995091,0.008038931286301327,0.00812158291995091,1.0,3300000000.0,6700000000.0,26801223.635838,13057455.896934,299334.866578,37289679.45415,0.0,15981291.21317,15981291.191642,0.0,73143.314513,299988.8493188691,36571.657264,160694.424365124,300000.0,False,True
1741,4,0,1,NORMAL,0.008127286013735151,0.008044631591297058,0.008127286013735151,1.0,3300000000.0,6700000000.0,26820043.845326,13067641.588709,299720.621385,37315279.618354,0.0,15992262.712125,15992262.690586,0.0,73143.32630700001,299988.96026591724,36571.663159,160807.34181502802,300000.0,False,True
1742,4,0,1,NORMAL,0.008132989299791515,0.008050332088619282,0.008132989299791515,1.0,3300000000.0,6700000000.0,26838864.689312,13077829.23513,300106.646893,37340879.786644,0.0,16003234.212836,16003234.19128,0.0,73143.337985,299989.07010910474,36571.66900100001,160920.263071956,300000.0,False,True
1743,4,0,1,NORMAL,0.008138692778118486,0.008056032778264393,0.008138692778118486,1.0,3300000000.0,6700000000.0,26857686.167791,13088018.836561,300492.943112,37366479.958982,0.0,16014205.715277,16014205.693709,0.0,73143.34954600001,299989.1788594134,36571.674779,161033.188135872,300000.0,False,True
1744,4,0,1,NORMAL,0.008144396448713636,0.008061733660228861,0.008144396448713636,1.0,3300000000.0,6700000000.0,26876508.280755,13098210.393363,300879.510051,37392080.135326,0.0,16025177.219437,16025177.197855,0.0,73143.360994,299989.28652771615,36571.680503999996,161146.117006746,300000.0,False,True
1745,4,0,1,NORMAL,0.008150100311574546,0.008067434734509228,0.008150100311574546,1.0,3300000000.0,6700000000.0,26895331.028196,13108403.9059,301266.347719,37417680.315636,0.0,16036148.725299,16036148.7037,0.0,73143.372327,299989.3931247775,36571.686171999994,161259.04968453,300000.0,False,True
1746,4,0,1,NORMAL,0.0081558043667,0.00807313600110218,0.0081558043667,1.0,3300000000.0,6700000000.0,26914154.41011,13118599.374535,301653.456125,37443280.499874,0.0,16047120.23284,16047120.21123,0.0,73143.383547,299989.498661255,36571.691779,161371.98616917603,300000.0,False,True
1747,4,0,1,NORMAL,0.008161508614086667,0.008078837460004406,0.008161508614086667,1.0,3300000000.0,6700000000.0,26932978.426486,13128796.799634,302040.835279,37468880.688,0.0,16058091.742048,16058091.720425,0.0,73143.394655,299989.6031477001,36571.697334,161484.92646065998,300000.0,False,True
1748,4,0,1,NORMAL,0.008167213053734242,0.008084539111212784,0.008167213053734242,1.0,3300000000.0,6700000000.0,26951803.077323,13138996.181558,302428.485189,37494480.879975,0.0,16069063.252907,16069063.23127,0.0,73143.405654,299989.7065945595,36571.702833999996,161597.870558916,300000.0,False,True
1749,4,0,1,NORMAL,0.008172917685640909,0.008090240954724276,0.008172917685640909,1.0,3300000000.0,6700000000.0,26970628.362615,13149197.520671,302816.405865,37520081.075762,0.0,16080034.765396,16080034.743747,0.0,73143.41654,299989.80901217565,36571.708276,161710.81846393802,300000.0,False,True
1750,4,0,1,NORMAL,0.00817862250980485,0.008095942990535926,0.00817862250980485,1.0,3300000000.0,6700000000.0,26989454.282356,13159400.817337,303204.597315,37545681.275321,0.0,16091006.279506,16091006.257841,0.0,73143.427322,299989.9104107884,36571.713669000004,161823.77017568998,300000.0,False,True
1751,4,0,1,NORMAL,0.008184327526224848,0.00810164521864489,0.008184327526224848,1.0,3300000000.0,6700000000.0,27008280.836542,13169606.07192,303593.059549,37571281.478616,0.0,16101977.795213,16101977.773539,0.0,73143.437995,299990.0108005356,36571.719002,161936.72569413602,300000.0,False,True
1752,4,0,1,NORMAL,0.008190032734898182,0.008107347639048329,0.008190032734898182,1.0,3300000000.0,6700000000.0,27027108.025164,13179813.284787,303981.792576,37596881.685609,0.0,16112949.312506,16112949.29082,0.0,73143.44856,299990.11019145435,36571.724286,162049.685019252,300000.0,False,True
1753,4,0,1,NORMAL,0.008195738135825454,0.008113050251743628,0.008195738135825454,1.0,3300000000.0,6700000000.0,27045935.848224,13190022.456297,304370.796405,37622481.896264,0.0,16123920.831369,16123920.809671,0.0,73143.45902400001,299990.2085934818,36571.729518,162162.648150984,300000.0,False,True
1754,4,0,1,NORMAL,0.00820144372900394,0.008118753056728165,0.00820144372900394,1.0,3300000000.0,6700000000.0,27064764.305713,13200233.586819,304760.071045,37648082.110544,0.0,16134892.351785,16134892.330074,0.0,73143.469379,299990.3060164564,36571.734696,162275.615089344,300000.0,False,True
1755,4,0,1,NORMAL,0.008207149514432122,0.008124456053999389,0.008207149514432122,1.0,3300000000.0,6700000000.0,27083593.397626,13210446.67672,305149.616506,37673682.328413,0.0,16145863.87374,16145863.852016,0.0,73143.479635,299990.4024701185,36571.739824,162388.58583427803,300000.0,False,True
1756,4,0,1,NORMAL,0.008212855492110606,0.008130159243554952,0.008212855492110606,1.0,3300000000.0,6700000000.0,27102423.123965,13220661.72636,305539.432796,37699282.549836,0.0,16156835.397219,16156835.37548,0.0,73143.48978900001,299990.4979641117,36571.744902,162501.56038575602,300000.0,False,True
1757,4,0,1,NORMAL,0.008218561662036364,0.008135862625392462,0.008218561662036364,1.0,3300000000.0,6700000000.0,27121253.48472,13230878.736108,305929.519925,37724882.774777,0.0,16167806.922203,16167806.900454,0.0,73143.49983999999,299990.5925079836,36571.749925000004,162614.53874379,300000.0,False,True
1758,4,0,1,NORMAL,0.00822426802421,0.008141566199509724,0.00822426802421,1.0,3300000000.0,6700000000.0,27140084.479893,13241097.706325,306319.877901,37750483.0032,0.0,16178778.448682,16178778.42692,0.0,73143.50979099999,299990.6861111871,36571.754902,162727.52090832003,300000.0,False,True
1759,4,0,1,NORMAL,0.008229974578629999,0.00814726996590458,0.008229974578629999,1.0,3300000000.0,6700000000.0,27158916.109479,13251318.63738,306710.506734,37776083.235072,0.0,16189749.976637,16189749.954862,0.0,73143.519641,299990.77878308063,36571.759826999994,162840.506879358,300000.0,False,True
1760,4,0,1,NORMAL,0.008235681325295757,0.00815297392457498,0.008235681325295757,1.0,3300000000.0,6700000000.0,27177748.373476,13261541.529639,307101.406433,37801683.470359,0.0,16200721.506055,16200721.484268,0.0,73143.529398,299990.8705329298,36571.764704999994,162953.49665687396,300000.0,False,True
1761,4,0,1,NORMAL,0.008241388264206364,0.00815867807551894,0.008241388264206364,1.0,3300000000.0,6700000000.0,27196581.271881,13271766.383466,307492.577007,37827283.709026,0.0,16211693.036922,16211693.015123,0.0,73143.53905600001,299990.96136990807,36571.76953400001,163066.490240856,300000.0,False,True
1762,4,0,1,NORMAL,0.008247095395360303,0.008164382418734514,0.008247095395360303,1.0,3300000000.0,6700000000.0,27215414.804689,13281993.199229,307884.018465,37852883.951038,0.0,16222664.569226,16222664.547411,0.0,73143.54861600001,299991.05130309745,36571.774316,163179.487631286,300000.0,False,True
1763,4,0,1,NORMAL,0.008252802718758181,0.008170086954219911,0.008252802718758181,1.0,3300000000.0,6700000000.0,27234248.971902,13292221.977294,308275.730817,37878484.196365,0.0,16233636.102947,16233636.08112,0.0,73143.558084,299991.1403414898,36571.779048000004,163292.48882813402,300000.0,False,True
1764,4,0,1,NORMAL,0.008258510234398787,0.008175791681973387,0.008258510234398787,1.0,3300000000.0,6700000000.0,27253083.773516,13302452.718025,308667.714071,37904084.44497,0.0,16244607.638078,16244607.616235,0.0,73143.56745599999,299991.2284939874,36571.783736000005,163405.493831412,300000.0,False,True
1765,4,0,1,NORMAL,0.008264217942282425,0.008181496601993327,0.008264217942282425,1.0,3300000000.0,6700000000.0,27271919.209532,13312685.421789,309059.968237,37929684.696823,0.0,16255579.174599,16255579.152741,0.0,73143.57673300001,299991.315769404,36571.788374,163518.50264109598,300000.0,False,True
1766,4,0,1,NORMAL,0.008269925842407879,0.008187201714278136,0.008269925842407879,1.0,3300000000.0,6700000000.0,27290755.279946,13322920.088956,309452.493323,37955284.951892,0.0,16266550.712494,16266550.690627,0.0,73143.585919,299991.4021764657,36571.792964,163631.515257192,300000.0,False,True
1767,4,0,1,NORMAL,0.008275633934775152,0.008192907018826332,0.008275633934775152,1.0,3300000000.0,6700000000.0,27309591.984758,13333156.71989,309845.289339,37980885.210143,0.0,16277522.251757,16277522.229875,0.0,73143.595013,299991.4877238119,36571.79751399999,163744.531679676,300000.0,False,True
1768,4,0,1,NORMAL,0.008281342219383637,0.008198612515636482,0.008281342219383637,1.0,3300000000.0,6700000000.0,27328429.323966,13343395.314961,310238.356294,38006485.471546,0.0,16288493.792368,16288493.770475,0.0,73143.60401699999,299991.5724199958,36571.802014,163857.55190854802,300000.0,False,True
1769,4,0,1,NORMAL,0.008287050696233334,0.008204318204707248,0.008287050696233334,1.0,3300000000.0,6700000000.0,27347267.29757,13353635.874533,310631.694197,38032085.736068,0.0,16299465.33432,16299465.312411,0.0,73143.612932,299991.6562734857,36571.806474000005,163970.575943796,300000.0,False,True
1770,4,0,1,NORMAL,0.008292759365324243,0.008210024086037377,0.008292759365324243,1.0,3300000000.0,6700000000.0,27366105.90557,13363878.398975,311025.303057,38057686.00368,0.0,16310436.877594,16310436.855671,0.0,73143.62175800001,299991.7392926656,36571.81088600001,164083.60378542,300000.0,False,True
1771,4,0,1,NORMAL,0.00829846822665606,0.00821573015962568,0.00829846822665606,1.0,3300000000.0,6700000000.0,27384945.147965,13374122.888654,311419.182884,38083286.27435,0.0,16321408.422179,16321408.400242,0.0,73143.630496,299991.8214858362,36571.815255,164196.63543342002,300000.0,False,True
1772,4,0,1,NORMAL,0.008304177280229091,0.008221436425471062,0.008304177280229091,1.0,3300000000.0,6700000000.0,27403785.024756,13384369.343938,311813.333686,38108886.548047,0.0,16332379.968066,16332379.946109,0.0,73143.639148,299991.90286121535,36571.819584,164309.67088779,300000.0,False,True
1773,4,0,1,NORMAL,0.008309886526043636,0.008227142883572519,0.008309886526043636,1.0,3300000000.0,6700000000.0,27422625.535944,13394617.765196,312207.755473,38134486.824744,0.0,16343351.515233,16343351.493263,0.0,73143.647715,299991.9834269395,36571.823864,164422.710148536,300000.0,False,True
1774,4,0,1,NORMAL,0.008315595964099393,0.008232849533929092,0.008315595964099393,1.0,3300000000.0,6700000000.0,27441466.681528,13404868.152795,312602.448253,38160087.104408,0.0,16354323.063673,16354323.04169,0.0,73143.65619499999,299992.06319106393,36571.82810399999,164535.753215664,300000.0,False,True
1775,4,0,1,NORMAL,0.00832130559439697,0.008238556376539924,0.00832130559439697,1.0,3300000000.0,6700000000.0,27460308.46151,13415120.507105,312997.412036,38185687.387013,0.0,16365294.61337,16365294.591375,0.0,73143.66459200002,299992.1421615638,36571.832301999995,164648.80008916798,300000.0,False,True
1776,4,0,1,NORMAL,0.008327015416935759,0.008244263411404171,0.008327015416935759,1.0,3300000000.0,6700000000.0,27479150.875888,13425374.828493,313392.646831,38211287.672526,0.0,16376266.164314,16376266.142308,0.0,73143.67290300001,299992.22034633503,36571.83645699999,164761.85076906002,300000.0,False,True
1777,4,0,1,NORMAL,0.008332725431716667,0.008249970638521106,0.008332725431716667,1.0,3300000000.0,6700000000.0,27497993.924665,13435631.117325,313788.152647,38236887.960918,0.0,16387237.716495,16387237.694475,0.0,73143.681132,299992.297753195,36571.840573,164874.90525532802,300000.0,False,True
1778,4,0,1,NORMAL,0.008338435638740304,0.008255678057890087,0.008338435638740304,1.0,3300000000.0,6700000000.0,27516837.607843,13445889.373973,314183.929493,38262488.252163,0.0,16398209.269896,16398209.247864,0.0,73143.68927999999,299992.3743898832,36571.844646,164987.96354799002,300000.0,False,True
1779,4,0,1,NORMAL,0.00834414603800697,0.008261385669510532,0.00834414603800697,1.0,3300000000.0,6700000000.0,27535681.925423,13456149.598804,314579.977379,38288088.546231,0.0,16409180.824507,16409180.802463,0.0,73143.69734599999,299992.45026406215,36571.848679,165101.025647058,300000.0,False,True
1780,4,0,1,NORMAL,0.00834985662951606,0.008267093473381856,0.00834985662951606,1.0,3300000000.0,6700000000.0,27554526.877403,13466411.792189,314976.296313,38313688.843093,0.0,16420152.380319,16420152.358259,0.0,73143.705332,299992.5253833182,36571.852674,165214.091552538,300000.0,False,True
1781,4,0,1,NORMAL,0.008355567413269697,0.008272801469503653,0.008355567413269697,1.0,3300000000.0,6700000000.0,27573372.46379,13476675.954495,315372.886305,38339289.142723,0.0,16431123.937317,16431123.91524,0.0,73143.71323900002,299992.5997551622,36571.856627999994,165327.16126441798,300000.0,False,True
1782,4,0,1,NORMAL,0.008361278389267878,0.008278509657875539,0.008361278389267878,1.0,3300000000.0,6700000000.0,27592218.684584,13486942.086093,315769.747363,38364889.445093,0.0,16442095.495487,16442095.473398,0.0,73143.721068,299992.6733870304,36571.860539999994,165440.23478274004,300000.0,False,True
1783,4,0,1,NORMAL,0.008366989557510607,0.008284218038497156,0.008366989557510607,1.0,3300000000.0,6700000000.0,27611065.539785,13497210.187354,316166.879497,38390489.750176,0.0,16453067.054818,16453067.032718,0.0,73143.72881700001,299992.7462862848,36571.864413999996,165553.312107504,300000.0,False,True
1784,4,0,1,NORMAL,0.008372700918,0.008289926611368308,0.008372700918,1.0,3300000000.0,6700000000.0,27629913.0294,13507480.258645,316564.282716,38416090.057946,0.0,16464038.615298,16464038.593189,0.0,73143.736491,299992.8184602144,36571.86825,165666.39323871004,300000.0,False,True
1785,4,0,1,NORMAL,0.008378412470735758,0.008295635376488789,0.008378412470735758,1.0,3300000000.0,6700000000.0,27648761.153428,13517752.300337,316961.957029,38441690.368374,0.0,16475010.17692,16475010.154798,0.0,73143.74408700001,299992.88991603564,36571.872050000005,165779.4781764,300000.0,False,True
1786,4,0,1,NORMAL,0.008384124215719092,0.008301344333858486,0.008384124215719092,1.0,3300000000.0,6700000000.0,27667609.911873,13528026.3128,317359.902445,38467290.681435,0.0,16485981.73967,16485981.717536,0.0,73143.75160999999,299992.9606608931,36571.875811000005,165892.566920568,300000.0,False,True
1787,4,0,1,NORMAL,0.008389836152950908,0.008307053483477354,0.008389836152950908,1.0,3300000000.0,6700000000.0,27686459.304738,13538302.296403,317758.118974,38492890.997102,0.0,16496953.303537,16496953.281392,0.0,73143.759057,299993.0307018604,36571.879534,166005.659471238,300000.0,False,True
1788,4,0,1,NORMAL,0.008395548282432424,0.008312762825345424,0.008395548282432424,1.0,3300000000.0,6700000000.0,27705309.332027,13548580.251516,318156.606624,38518491.31535,0.0,16507924.868509,16507924.846354,0.0,73143.76642999999,299993.10004594055,36571.883219999996,166118.755828428,300000.0,False,True
1789,4,0,1,NORMAL,0.008401260604163335,0.008318472359462708,0.008401260604163335,1.0,3300000000.0,6700000000.0,27724159.993739,13558860.17851,318555.365405,38544091.63615,0.0,16518896.434579,16518896.41241,0.0,73143.77372599998,299993.16870006727,36571.886869999995,166231.855992162,300000.0,False,True
1790,4,0,1,NORMAL,0.00840697311814606,0.008324182085829376,0.00840697311814606,1.0,3300000000.0,6700000000.0,27743011.289882,13569142.077757,318954.395325,38569691.959481,0.0,16529868.001731,16529867.97955,0.0,73143.78095400002,299993.23667110485,36571.890482999996,166344.95996243405,300000.0,False,True
1791,4,0,1,NORMAL,0.008412685824381212,0.008329892004445625,0.008412685824381212,1.0,3300000000.0,6700000000.0,27761863.220458,13579425.949626,319353.696394,38595292.285316,0.0,16540839.569957,16540839.547762,0.0,73143.788108,299993.3039658497,36571.89406099999,166458.06773929202,300000.0,False,True
1792,4,0,1,NORMAL,0.00841839872287,0.008335602115311714,0.00841839872287,1.0,3300000000.0,6700000000.0,27780715.785471,13589711.794488,319753.268621,38620892.613629,0.0,16551811.139247,16551811.117036,0.0,73143.79519,299993.37059103046,36571.897603000005,166571.179322748,300000.0,False,True
1793,4,0,1,NORMAL,0.00842411181361394,0.008341312418427987,0.00842411181361394,1.0,3300000000.0,6700000000.0,27799568.984926,13599999.612714,320153.112015,38646492.944397,0.0,16562782.709585,16562782.687365,0.0,73143.802203,299993.4365533086,36571.901106000005,166684.29471282603,300000.0,False,True
1794,4,0,1,NORMAL,0.008429825096613636,0.008347022913794803,0.008429825096613636,1.0,3300000000.0,6700000000.0,27818422.818825,13610289.404677,320553.226585,38672093.277595,0.0,16573754.280967,16573754.258735,0.0,73143.809148,299993.5018592798,36571.90458,166797.413909556,300000.0,False,True
1795,4,0,1,NORMAL,0.008435538571871211,0.008352733601412636,0.008435538571871211,1.0,3300000000.0,6700000000.0,27837277.287175,13620581.170746,320953.612341,38697693.6132,0.0,16584725.853379,16584725.831134,0.0,73143.816021,299993.56651547377,36571.908017,166910.53691295,300000.0,False,True
1796,4,0,1,NORMAL,0.008441252239388183,0.008358444481282026,0.008441252239388183,1.0,3300000000.0,6700000000.0,27856132.389981,13630874.911291,321354.269291,38723293.951186,0.0,16595697.42681,16595697.404556,0.0,73143.822825,299993.63052835525,36571.911417,167023.66372304998,300000.0,False,True
1797,4,0,1,NORMAL,0.008446966099165152,0.008364155553403517,0.008446966099165152,1.0,3300000000.0,6700000000.0,27874988.127245,13641170.626687,321755.197445,38748894.29153,0.0,16606669.001255,16606668.978987,0.0,73143.829564,299993.6939043248,36571.914788999995,167136.79433988602,300000.0,False,True
1798,4,0,1,NORMAL,0.008452680151203635,0.008369866817777719,0.008452680151203635,1.0,3300000000.0,6700000000.0,27893844.498972,13651468.317306,322156.396811,38774494.634209,0.0,16617640.576699,16617640.554419,0.0,73143.836234,299993.7566497194,36571.918122999996,167249.92876347,300000.0,False,True
1799,4,0,1,NORMAL,0.008458394395505758,0.008375578274405333,0.008458394395505758,1.0,3300000000.0,6700000000.0,27912701.505169,13661767.983514,322557.867399,38800094.979198,0.0,16628612.153134,16628612.130843,0.0,73143.842837,299993.8187708126,36571.921424,167363.06699383198,300000.0,False,True
1800,4,0,1,NORMAL,0.008464108832072425,0.008381289923287082,0.008464108832072425,1.0,3300000000.0,6700000000.0,27931559.145839,13672069.625689,322959.609218,38825695.326476,0.0,16639583.730553,16639583.708245,0.0,73143.849377,299993.880273816,36571.924697,167476.209031014,300000.0,False,True
1801,4,0,1,NORMAL,0.008469823460905454,0.008387001764423752,0.008469823460905454,1.0,3300000000.0,6700000000.0,27950417.420988,13682373.244202,323361.622277,38851295.67602,0.0,16650555.308943,16650555.286619,0.0,73143.85585200001,299993.9411648791,36571.927934,167589.354875034,300000.0,False,True
1802,4,0,1,NORMAL,0.00847553828200697,0.008392713797816217,0.00847553828200697,1.0,3300000000.0,6700000000.0,27969276.330623,13692678.839425,323763.906585,38876896.027808,0.0,16661526.888292,16661526.865954,0.0,73143.86226000001,299994.0014500905,36571.93113699999,167702.50452592797,300000.0,False,True
1803,4,0,1,NORMAL,0.008481253295378788,0.008398426023465416,0.008481253295378788,1.0,3300000000.0,6700000000.0,27988135.87475,13702986.41173,324166.462152,38902496.381818,0.0,16672498.46859,16672498.446241,0.0,73143.86860499998,299994.0611354778,36571.934307999996,167815.657983738,300000.0,False,True
1804,4,0,1,NORMAL,0.008486968501021515,0.008404138441372262,0.008486968501021515,1.0,3300000000.0,6700000000.0,28006996.053371,13713295.961489,324569.288986,38928096.738025,0.0,16683470.049834,16683470.027471,0.0,73143.87488799998,299994.12022700894,36571.937451,167928.81524850003,300000.0,False,True
1805,4,0,1,NORMAL,0.008492683898938485,0.008409851051537826,0.008492683898938485,1.0,3300000000.0,6700000000.0,28025856.866497,13723607.489076,324972.387097,38953697.096411,0.0,16694441.632007,16694441.609634,0.0,73143.881108,299994.1787305925,36571.94055900001,168041.976320226,300000.0,False,True
1806,4,0,1,NORMAL,0.00849839948913091,0.008415563853963186,0.00849839948913091,1.0,3300000000.0,6700000000.0,28044718.314132,13733920.994862,325375.756493,38979297.456952,0.0,16705413.215103,16705413.192721,0.0,73143.88726499998,299994.2366520781,36571.943637,168155.14119898202,300000.0,False,True
1807,4,0,1,NORMAL,0.008504115271600303,0.008421276848649453,0.008504115271600303,1.0,3300000000.0,6700000000.0,28063580.396281,13744236.479221,325779.397184,39004897.819626,0.0,16716384.799117,16716384.776722,0.0,73143.893363,299994.2939972574,36571.946687999996,168268.30988479202,300000.0,False,True
1808,4,0,1,NORMAL,0.008509831246348486,0.008426990035597779,0.008509831246348486,1.0,3300000000.0,6700000000.0,28082443.11295,13754553.942526,326183.309179,39030498.184412,0.0,16727356.384039,16727356.361627,0.0,73143.899399,299994.3507718641,36571.949708,168381.482377686,300000.0,False,True
1809,4,0,1,NORMAL,0.008515547413378788,0.008432703414809457,0.008515547413378788,1.0,3300000000.0,6700000000.0,28101306.46415,13764873.38515,326587.492487,39056098.551292,0.0,16738327.969851,16738327.947431,0.0,73143.90537600001,299994.40698157536,36571.95269199999,168494.65867770003,300000.0,False,True
1810,4,0,1,NORMAL,0.008521263772691818,0.008438416986285738,0.008521263772691818,1.0,3300000000.0,6700000000.0,28120170.449883,13775194.807468,326991.947117,39081698.920242,0.0,16749299.556551,16749299.534121,0.0,73143.91128999999,299994.46263201133,36571.95565,168607.8387849,300000.0,False,True
1811,4,0,1,NORMAL,0.008526980324289698,0.00844413075002793,0.008526980324289698,1.0,3300000000.0,6700000000.0,28139035.070156,13785518.209852,327396.673079,39107299.291241,0.0,16760271.144132,16760271.121692,0.0,73143.91715000001,299994.51772873657,36571.95858,168721.022699298,300000.0,False,True
1812,4,0,1,NORMAL,0.008532697068175757,0.008449844706037468,0.008532697068175757,1.0,3300000000.0,6700000000.0,28157900.32498,13795843.592674,327801.670381,39132899.66427,0.0,16771242.732582,16771242.710133,0.0,73143.92294900001,299994.5722772601,36571.961479000005,168834.210420936,300000.0,False,True
1813,4,0,1,NORMAL,0.008538414004350908,0.008455558854315755,0.008538414004350908,1.0,3300000000.0,6700000000.0,28176766.214358,13806170.95631,328206.939033,39158500.039309,0.0,16782214.321894,16782214.299431,0.0,73143.928688,299994.6262830363,36571.964351,168947.40194988,300000.0,False,True
1814,4,0,1,NORMAL,0.008544131132818485,0.00846127319486432,0.008544131132818485,1.0,3300000000.0,6700000000.0,28195632.738301,13816500.301133,328612.479043,39184100.416339,0.0,16793185.912057,16793185.889583,0.0,73143.93437500003,299994.6797514652,36571.967193,169060.59728614797,300000.0,False,True
1815,4,0,1,NORMAL,0.008549848453579091,0.008466987727684627,0.008549848453579091,1.0,3300000000.0,6700000000.0,28214499.896811,13826831.627518,329018.290421,39209700.795335,0.0,16804157.50307,16804157.480579,0.0,73143.94000100001,299994.73268789327,36571.970009,169173.796429806,300000.0,False,True
1816,4,0,1,NORMAL,0.008555565966636668,0.008472702452778307,0.008555565966636668,1.0,3300000000.0,6700000000.0,28233367.689901,13837164.935837,329424.373176,39235301.176283,0.0,16815129.094915,16815129.072412,0.0,73143.945574,299994.78509761335,36571.972793,169286.999380866,300000.0,False,True
1817,4,0,1,NORMAL,0.00856128367199303,0.008478417370146998,0.00856128367199303,1.0,3300000000.0,6700000000.0,28252236.117577,13847500.226466,329830.727317,39260901.559161,0.0,16826100.687588,16826100.665074,0.0,73143.95109100001,299994.836985866,36571.975550999996,169400.20613940601,300000.0,False,True
1818,4,0,1,NORMAL,0.00856700156965,0.008484132479792354,0.00856700156965,1.0,3300000000.0,6700000000.0,28271105.179845,13857837.499779,330237.352853,39286501.94395,0.0,16837072.281083,16837072.258553,0.0,73143.956552,299994.88835783966,36571.978284,169513.41670546198,300000.0,False,True
1819,4,0,1,NORMAL,0.008572719659610303,0.008489847781716093,0.008572719659610303,1.0,3300000000.0,6700000000.0,28289974.876714,13868176.756151,330644.249794,39312102.330631,0.0,16848043.875391,16848043.852842,0.0,73143.96195900001,299994.939218671,36571.980988999996,169626.63107907,300000.0,False,True
1820,4,0,1,NORMAL,0.00857843794187697,0.00849556327592002,0.00857843794187697,1.0,3300000000.0,6700000000.0,28308845.208194,13878517.995955,331051.418148,39337702.719186,0.0,16859015.470501,16859015.447936,0.0,73143.967314,299994.9895734456,36571.98366500001,169739.849260284,300000.0,False,True
1821,4,0,1,NORMAL,0.008584156416452424,0.008501278962405982,0.008584156416452424,1.0,3300000000.0,6700000000.0,28327716.174293,13888861.219567,331458.857925,39363303.109597,0.0,16869987.066403,16869987.043825,0.0,73143.972613,299995.0394271984,36571.98631300001,169853.07124916403,300000.0,False,True
1822,4,0,1,NORMAL,0.008589875083338486,0.008506994841175822,0.008589875083338486,1.0,3300000000.0,6700000000.0,28346587.775017,13899206.427365,331866.569133,39388903.501846,0.0,16880958.663091,16880958.640499,0.0,73143.97786,299995.08878491446,36571.988937,169966.297045758,300000.0,False,True
1823,4,0,1,NORMAL,0.008595593942538182,0.008512710912231458,0.008595593942538182,1.0,3300000000.0,6700000000.0,28365460.010376,13909553.619719,332274.551782,39414503.895911,0.0,16891930.260561,16891930.237955,0.0,73143.983056,299995.13765152905,36571.991534999994,170079.52665010202,300000.0,False,True
1824,4,0,1,NORMAL,0.008601312994054545,0.008518427175574885,0.008601312994054545,1.0,3300000000.0,6700000000.0,28384332.88038,13919902.797006,332682.805882,39440104.291777,0.0,16902901.858803,16902901.83618,0.0,73143.988199,299995.1860319283,36571.994108000006,170192.76006225598,300000.0,False,True
1825,4,0,1,NORMAL,0.008611475431225757,0.008524430288842684,0.008611475431225757,1.0,3300000000.0,6700000000.0,28417868.923045,13936538.898672,333091.542333,39486650.469324,0.0,16922850.220619,16922850.197985,0.0,132989.078715,299995.23393095,66494.53936299999,170305.99728227998,300000.0,False,True
