day,stage,motor_b,throttle,throttle_name,price,ema30,p_kash,price_over_pkash,supply,tokens_burned_total,vault_core_usd,vault_sociedad_usd,r_op_usd,burned_total_usd,recirculated_total_usd,staking_total_usd,om_total_usd,deferred_queue_usd,fee_total_usd,users,buy_pressure,sell_pressure,lp_depth_usd,burn_cap_hit,jaguar_lock_hit
1,1,0,0,ACELERADO,0.00012958666666666667,0.0001019088172043011,6.8602302328e-06,18.889550681125744,9922831567.033646,77168432.96635437,68602.302328,29405.638356,0.986712,98000.0,0.0,42000.0,42000.0,0.0,280000.0,0.0,140000.0,4000.0,300000.0,True,False
2,1,0,0,ACELERADO,0.00016775416740503704,0.00010615690431402601,1.3827394543089776e-05,12.132015679618542,9846179720.670748,153820279.32925224,137206.907062,58816.916149,2.960169,196000.0,0.0,84000.0,84000.0,0.0,280000.0,0.0,140000.0,5143.466666666667,300000.0,True,False
3,1,0,0,ACELERADO,0.00021687681907828189,0.00011330012462139737,2.090291058235726e-05,10.375436388334025,9770019544.208307,229980455.79169273,205813.814279,88233.834461,5.920405,294000.0,0.0,126000.0,126000.0,0.0,280000.0,0.0,140000.0,6606.950724645926,300000.0,True,False
4,1,0,0,ACELERADO,0.0002799110204268331,0.00012404921467336097,2.8088277901110103e-05,9.965403411783052,9694320818.311432,305679181.6885681,274423.024057,117656.394374,9.867452,392000.0,0.0,168000.0,168000.0,0.0,280000.0,0.0,140000.0,8475.563044322173,300000.0,True,False
5,1,0,0,ACELERADO,0.0003604890374831296,0.00013930339679012026,3.538510256696355e-05,10.187593403210636,9619046761.392971,380953238.60702896,343034.536473,147084.59697,14.801344,490000.0,0.0,210000.0,210000.0,0.0,280000.0,0.0,140000.0,10854.188930394579,300000.0,True,False
6,1,0,0,ACELERADO,0.0004629945936412028,0.00016018669981277074,4.279512947750632e-05,10.818861849327009,9544152562.710234,455847437.2897663,411648.351604,176518.443331,20.722114,588000.0,0.0,252000.0,252000.0,0.0,280000.0,0.0,140000.0,13870.243634079068,300000.0,True,False
7,1,0,0,ACELERADO,0.0005925922631024985,0.00018808383292823704,5.0320284212914995e-05,11.77640930236253,9469583734.992392,530416265.0076084,480264.469527,205957.934539,27.629795,686000.0,0.0,294000.0,294000.0,0.0,280000.0,0.0,140000.0,17675.564149686677,300000.0,True,False
8,1,0,0,ACELERADO,0.0007551674954171533,0.00022466987566945745,5.7962726312007315e-05,13.028501995440404,9395274365.346418,604725634.6535816,548882.89032,235403.071677,35.52442,784000.0,0.0,336000.0,336000.0,0.0,280000.0,0.0,140000.0,22446.40822463101,300000.0,True,False
9,1,0,0,ACELERADO,0.0009571168837871307,0.00027192452135446865,6.5724915531749e-05,14.562466547785625,9321145427.372175,678854572.6278248,617503.61406,264853.855827,44.406023,882000.0,0.0,378000.0,378000.0,0.0,280000.0,0.0,140000.0,28380.023244942557,300000.0,True,False
10,1,0,0,ACELERADO,0.0012049144579823273,0.00033211742049174986,7.360969165969052e-05,16.368964885124655,9247103443.68055,752896556.3194504,686126.640824,294310.288073,54.274636,980000.0,0.0,420000.0,420000.0,0.0,280000.0,0.0,140000.0,35685.70265909247,300000.0,True,False
11,1,0,0,ACELERADO,0.0015043808606343978,0.00040774731985579167,8.162036634355981e-05,18.431439700994428,9181960365.511719,818039634.4882812,754751.97069,323772.369498,65.130292,1078000.0,0.0,462000.0,462000.0,0.0,280000.0,0.0,140000.0,44567.87453499545,300000.0,False,False
12,1,0,0,ACELERADO,0.0018595229006456025,0.0005014102605519085,8.967361771977245e-05,20.73656609301255,9129258675.220098,870741324.7799015,823379.603735,353240.101185,76.973025,1176000.0,0.0,504000.0,504000.0,0.0,280000.0,0.0,140000.0,55252.661747917795,300000.0,False,False
13,1,0,0,ACELERADO,0.0022710570638100696,0.000615581022052435,9.770886900786546e-05,23.243100517592236,9086106963.375576,913893036.624424,892009.540036,382713.484218,89.802868,1274000.0,0.0,546000.0,546000.0,0.0,280000.0,0.0,140000.0,67904.26228995725,300000.0,False,False
14,1,0,0,ACELERADO,0.0027348894739911756,0.0007523105995968699,0.00010572644406918938,25.867601034623018,9050273705.420553,949726294.5794468,960641.77967,412192.51968,103.619854,1372000.0,0.0,588000.0,588000.0,0.0,280000.0,0.0,140000.0,82540.26960683185,300000.0,False,False
15,1,0,0,ACELERADO,0.003240916067212966,0.000912865791055973,0.0001137287507778386,28.49689322222378,9020035341.338427,979964658.6615734,1029276.322715,441677.208656,118.424016,1470000.0,0.0,630000.0,630000.0,0.0,280000.0,0.0,140000.0,99005.99317477514,300000.0,False,False
16,1,0,0,ACELERADO,0.003772788761423138,0.0010973769504345,0.00012171938664323321,30.9957917589694,8994059861.077763,1005940138.9222374,1097913.169248,471167.55223,134.215387,1568000.0,0.0,672000.0,672000.0,0.0,280000.0,0.0,140000.0,116932.70985828999,300000.0,False,False
17,1,0,0,ACELERADO,0.0043092068461538765,0.0013045917824163953,0.00012970253004378064,33.22376860882605,8971317856.92276,1028682143.07724,1166552.319347,500663.551486,150.994,1666000.0,0.0,714000.0,714000.0,0.0,280000.0,0.0,140000.0,135730.75185376452,300000.0,False,False
18,1,0,0,ACELERADO,0.004826843566605545,0.0015318338330092439,0.0001376825336909512,35.05777702667871,8951014733.639874,1048985266.3601265,1235193.773088,530165.207509,168.759889,1764000.0,0.0,756000.0,756000.0,0.0,280000.0,0.0,140000.0,154637.05731229633,300000.0,False,False
19,1,0,0,ACELERADO,0.005304263332704159,0.0017752163813766577,0.00014566365594840248,36.41445972345398,8932539029.502832,1067460970.4971676,1303837.53055,559672.521384,187.513087,1862000.0,0.0,798000.0,798000.0,0.0,280000.0,0.0,140000.0,172820.5915266443,300000.0,False,False
20,1,0,0,ACELERADO,0.005725549940358942,0.0020300766109884183,0.00015364988468294323,37.26361365108489,8915422769.751223,1084577230.2487774,1372483.591809,589185.494196,207.253626,1960000.0,0.0,840000.0,840000.0,0.0,280000.0,0.0,140000.0,189522.1569685627,300000.0,False,False
21,1,0,0,ACELERADO,0.006082366639564432,0.002291514677348161,0.0001616448253953316,37.62796999340317,8899310620.351591,1100689379.648409,1441131.956942,618704.12703,227.98154,2058000.0,0.0,882000.0,882000.0,0.0,280000.0,0.0,140000.0,204182.79323049544,300000.0,False,False
22,1,0,0,ACELERADO,0.006373906271471859,0.0025548947801948513,0.00016965163824873345,37.570555387899084,8883935433.484062,1116064566.5159378,1509782.626027,648228.420972,249.696862,2156000.0,0.0,924000.0,924000.0,0.0,280000.0,0.0,140000.0,216515.4801293919,300000.0,False,False
23,1,0,0,ACELERADO,0.006605161778951315,0.00281620232850172,0.00017767301563142678,37.17594230883868,8869098552.378092,1130901447.6219082,1578435.599142,677758.377107,272.399625,2254000.0,0.0,966000.0,966000.0,0.0,280000.0,0.0,140000.0,226501.48709934053,300000.0,False,False
24,1,0,0,ACELERADO,0.006784501540992304,0.0030722216325333707,0.00018571119337966558,36.53253967908201,8854653865.556536,1145346134.4434643,1647090.876364,707293.996521,296.089863,2352000.0,0.0,1008000.0,1008000.0,0.0,280000.0,0.0,140000.0,234327.32308768085,300000.0,False,False
25,1,0,0,ACELERADO,0.006921453988570374,0.003320559203890597,0.00019376798730021968,35.720317298060344,8840494990.822725,1159505009.1772747,1715748.457769,736835.280301,320.767608,2450000.0,0.0,1050000.0,1050000.0,0.0,280000.0,0.0,140000.0,240297.65118328712,300000.0,False,False
26,1,0,0,ACELERADO,0.007025167107548491,0.0035595661654169125,0.00020184484525904777,34.80478829435742,8826545144.719463,1173454855.2805367,1784408.343436,766382.229532,346.432893,2548000.0,0.0,1092000.0,1092000.0,0.0,280000.0,0.0,140000.0,244756.31726066544,300000.0,False,False
27,1,0,0,ACELERADO,0.0071035881938604235,0.003788212747897139,0.00020994290552624783,33.835809674322654,8812749299.954039,1187250700.0459614,1853070.533441,795934.845302,373.085752,2646000.0,0.0,1134000.0,1134000.0,0.0,280000.0,0.0,140000.0,248031.81849590005,300000.0,False,False
28,1,0,0,ACELERADO,0.007163187331112911,0.00400595304358848,0.00021806305415632583,32.849156216888254,8799068239.349308,1200931760.650692,1921735.027862,825493.128696,400.726218,2744000.0,0.0,1176000.0,1176000.0,0.0,280000.0,0.0,140000.0,250408.56753042087,300000.0,False,False
29,1,0,0,ACELERADO,0.007209004896904521,0.0042126015502540306,0.00022620597688684254,31.869206093129712,8785474130.120436,1214525869.8795643,1990401.826776,855057.080802,429.354324,2842000.0,0.0,1218000.0,1218000.0,0.0,280000.0,0.0,140000.0,252117.4965508198,300000.0,False,False
30,1,0,0,ACELERADO,0.007244849596697506,0.00440823045647619,0.0002343722034536084,30.9117271158461,8771947279.260113,1228052720.7398872,2059070.930261,884626.702707,458.970103,2940000.0,0.0,1260000.0,1260000.0,0.0,280000.0,0.0,140000.0,253338.10410266483,300000.0,False,False
31,1,0,0,ACELERADO,0.007273538858376559,0.0045930890630504085,0.000242562143918114,29.986290279624242,8758473782.808363,1241526217.191637,2127742.338394,914201.995499,489.573588,3038000.0,0.0,1302000.0,1302000.0,0.0,280000.0,0.0,140000.0,254205.75483359766,300000.0,False,False
32,1,0,0,ACELERADO,0.007297125995477778,0.004767543058690884,0.0002507761175883465,29.098169577121144,8745043837.91489,1254956162.0851097,2196416.051252,943782.960265,521.164813,3136000.0,0.0,1344000.0,1344000.0,0.0,280000.0,0.0,140000.0,254820.39759731587,300000.0,False,False
33,1,0,0,ACELERADO,0.0073170918708614155,0.004932030078830919,0.0002590143755589307,28.249751987980442,8731650538.810602,1268349461.1893978,2265092.068913,973369.598092,553.74381,3234000.0,0.0,1386000.0,1386000.0,0.0,280000.0,0.0,140000.0,255254.746884966,300000.0,False,False
34,1,0,0,ACELERADO,0.007334496675161337,0.005087027923755463,0.00026727711800659154,27.441543555481076,8718289022.08487,1281710977.9151306,2333770.391454,1002961.910069,587.310613,3332000.0,0.0,1428000.0,1428000.0,0.0,280000.0,0.0,140000.0,255561.15670693503,300000.0,False,False
35,1,0,0,ACELERADO,0.007350095521727013,0.005233032284914918,0.0002755645073095414,26.6728672479967,8704955862.031328,1295044137.9686718,2402451.018953,1032559.897284,621.865255,3430000.0,0.0,1470000.0,1470000.0,0.0,280000.0,0.0,140000.0,255777.04738230823,300000.0,False,False
36,1,0,0,ACELERADO,0.007364424289470128,0.005370541446499125,0.00028387667791222475,25.94233645268747,8691648643.95861,1308351356.0413895,2471133.951486,1062163.560825,657.407769,3528000.0,0.0,1512000.0,1512000.0,0.0,280000.0,0.0,140000.0,255929.0283933911,300000.0,False,False
37,1,0,0,ACELERADO,0.007377862308025447,0.005500046018210501,0.00029221374369491765,25.24817010567517,8678365663.617083,1321634336.3829174,2539819.189132,1091772.901781,693.938188,3626000.0,0.0,1554000.0,1554000.0,0.0,280000.0,0.0,140000.0,256035.95355643556,300000.0,False,False
38,1,0,0,ACELERADO,0.007390677613174292,0.005622022250143649,0.0003005758034491246,24.58839842850237,8665105715.730124,1334894284.2698765,2608506.731967,1121387.921241,731.456545,3724000.0,0.0,1596000.0,1596000.0,0.0,280000.0,0.0,140000.0,256111.1476994509,300000.0,False,False
39,1,0,0,ACELERADO,0.007403059364162623,0.005736927870402937,0.0003089629449308362,23.96099430570827,8651867945.34638,1348132054.6536198,2677196.580069,1151008.620294,769.962874,3822000.0,0.0,1638000.0,1638000.0,0.0,280000.0,0.0,140000.0,256164.0113161409,300000.0,False,False
40,1,0,0,ACELERADO,0.007415140939532863,0.005845199681314545,0.0003173752478494478,23.36395478153469,8638651743.415878,1361348256.5841217,2745888.733515,1180635.000029,809.457208,3920000.0,0.0,1680000.0,1680000.0,0.0,280000.0,0.0,140000.0,256201.1680411798,300000.0,False,False
41,1,0,0,ACELERADO,0.007427016330089017,0.005947252368332254,0.0003258127860667831,22.79534950039276,8625456673.465248,1374543326.534752,2814583.192383,1210267.061535,849.93958,4018000.0,0.0,1722000.0,1722000.0,0.0,280000.0,0.0,140000.0,256227.28081988008,300000.0,False,False
42,1,0,0,ACELERADO,0.007438751743846533,0.006043478134494466,0.00033427562921044176,22.25334751868345,8612282420.126162,1387717579.8738384,2883279.95675,1239904.805902,891.410023,4116000.0,0.0,1764000.0,1764000.0,0.0,280000.0,0.0,140000.0,256245.63027320674,300000.0,False,False
43,1,0,0,ACELERADO,0.0074503938064073415,0.006134246887521103,0.00034276384385566357,21.736230177021447,8599128753.011852,1400871246.9881477,2951979.026693,1269548.23422,933.86857,4214000.0,0.0,1806000.0,1806000.0,0.0,280000.0,0.0,140000.0,256258.5234848493,300000.0,False,False
44,1,0,1,NORMAL,0.007461975348146952,0.006219906788206642,0.0003512774943894176,21.242395164305034,8585995501.368997,1414004498.6310034,3020680.40229,1299197.347579,977.315254,4312000.0,0.0,1848000.0,1848000.0,0.0,280000.0,0.0,140000.0,256267.58240775517,300000.0,False,False
45,1,0,1,NORMAL,0.007473519484694923,0.006300785026689758,0.00035981664364084657,20.770355170548108,8572882536.292677,1427117463.707323,3089384.083618,1328852.14707,1021.750108,4410000.0,0.0,1890000.0,1890000.0,0.0,280000.0,0.0,140000.0,256273.94708206435,300000.0,False,False
46,1,0,1,NORMAL,0.007485042492224326,0.006377188734143601,0.00036838135334112587,20.31873335698694,8559789758.248757,1440210241.7512426,3158090.070754,1358512.633783,1067.173166,4508000.0,0.0,1932000.0,1932000.0,0.0,280000.0,0.0,140000.0,256278.4186999366,300000.0,False,False
47,1,0,1,NORMAL,0.007496555832614603,0.00644940596630302,0.0003769716844583072,19.886257089539352,8546717088.320303,1453282911.679697,3226798.363776,1388178.808808,1113.584461,4606000.0,0.0,1974000.0,1974000.0,0.0,280000.0,0.0,140000.0,256281.56025999418,300000.0,False,False
48,1,0,1,NORMAL,0.007508067579399383,0.006517706715535044,0.00038558769744052336,19.47175086040575,8533664462.0667925,1466335537.9332075,3295508.962761,1417850.673237,1160.984026,4704000.0,0.0,2016000.0,2016000.0,0.0,280000.0,0.0,140000.0,256283.76735261787,300000.0,False,False
49,1,0,1,NORMAL,0.007519583421579344,0.006582343922376613,0.00039422945239309413,19.074128977257175,8520631825.216357,1479368174.7836428,3364221.867787,1447528.22816,1209.371894,4802000.0,0.0,2058000.0,2058000.0,0.0,280000.0,0.0,140000.0,256285.31792446546,300000.0,False,False
50,1,0,1,NORMAL,0.0075311073701601495,0.006643554467394906,0.0004028970092066888,18.692388372375934,8507619130.643936,1492380869.3560638,3432937.078931,1477211.474669,1258.748098,4900000.0,0.0,2100000.0,2100000.0,0.0,280000.0,0.0,140000.0,256286.40725711308,300000.0,False,False
51,1,0,1,NORMAL,0.007542642255398747,0.00670156013113709,0.0004115904276505808,18.325601735816033,8494626336.251513,1505373663.7484875,3501654.59627,1506900.413855,1309.112672,4998000.0,0.0,2142000.0,2142000.0,0.0,280000.0,0.0,140000.0,256287.17254923214,300000.0,False,False
52,1,0,1,NORMAL,0.007554190076728316,0.0067565685147236215,0.0004203097674404035,17.972911081109814,8481653403.481141,1518346596.518859,3570374.419883,1536595.046811,1360.465649,5096000.0,0.0,2184000.0,2184000.0,0.0,280000.0,0.0,140000.0,256287.7101905348,300000.0,False,False
53,1,0,1,NORMAL,0.007565752248996364,0.0068087739169347666,0.0004290550882864889,17.633521791366228,8468700296.271874,1531299703.7281256,3639096.549846,1566295.374628,1412.807061,5194000.0,0.0,2226000.0,2226000.0,0.0,280000.0,0.0,140000.0,256288.08789930475,300000.0,False,False
54,1,0,1,NORMAL,0.007577329775733157,0.006858358165889502,0.0004378264499297811,17.306697155798638,8455766980.328064,1544233019.671936,3707820.986236,1596001.398398,1466.136942,5292000.0,0.0,2268000.0,2268000.0,0.0,280000.0,0.0,140000.0,256288.35325038043,300000.0,False,False
55,1,0,1,NORMAL,0.007588923371070977,0.006905491404933468,0.0004466239121676315,16.991753384271604,8442853422.606085,1557146577.3939152,3776547.729132,1625713.119214,1520.455326,5390000.0,0.0,2310000.0,2310000.0,0.0,280000.0,0.0,140000.0,256288.53966680434,300000.0,False,False
56,1,0,1,NORMAL,0.007600533545530269,0.006950332833359069,0.0004554475348716957,16.688055074601333,8429959590.954275,1570040409.0457249,3845276.778609,1655430.538168,1575.762245,5488000.0,0.0,2352000.0,2352000.0,0.0,280000.0,0.0,140000.0,256288.6706293676,300000.0,False,False
57,1,0,1,NORMAL,0.007612160666380665,0.006993031403231431,0.00046429737800248843,16.395011100708537,8417085453.860346,1582914546.1396542,3914008.134747,1685153.656353,1632.057732,5586000.0,0.0,2394000.0,2394000.0,0.0,280000.0,0.0,140000.0,256288.76263405036,300000.0,False,False
58,1,0,1,NORMAL,0.007623805000111936,0.007033726473997916,0.0004731735016181149,16.11207088740336,8404230980.274182,1595769019.7258177,3982741.797622,1714882.474862,1689.341821,5684000.0,0.0,2436000.0,2436000.0,0.0,280000.0,0.0,140000.0,256288.8272697623,300000.0,False,False
59,1,0,1,NORMAL,0.0076354667423170364,0.007072548426792698,0.00048207596588198756,15.83872103714501,8391396139.483524,1608603860.5164757,4051477.767311,1744616.994788,1747.614545,5782000.0,0.0,2478000.0,2478000.0,0.0,280000.0,0.0,140000.0,256288.8726780398,300000.0,False,False
60,1,0,1,NORMAL,0.00764714603871806,0.007109619240465302,0.000491004831068146,15.57448227562698,8378580901.026743,1621419098.973257,4120216.043893,1774357.217225,1806.875937,5880000.0,0.0,2520000.0,2520000.0,0.0,280000.0,0.0,140000.0,256288.9045785361,300000.0,False,False
61,1,0,1,NORMAL,0.007658842999960234,0.00714505303140046,0.0004999601575644713,15.318906685024405,8365785234.631635,1634214765.3683653,4188956.627444,1804103.143266,1867.12603,5978000.0,0.0,2562000.0,2562000.0,0.0,280000.0,0.0,140000.0,256288.9269894618,300000.0,False,False
62,1,0,1,NORMAL,0.007670557712021059,0.007178956559182434,0.0005089420058760899,15.071575196111006,8353009110.172468,1646990889.8275318,4257699.518042,1833854.774005,1928.364858,6076000.0,0.0,2604000.0,2604000.0,0.0,280000.0,0.0,140000.0,256288.94273371674,300000.0,False,False
63,1,0,1,NORMAL,0.007682290243534212,0.007211429700108356,0.0005179504366272229,14.83209531313375,8340252497.639834,1659747502.3601656,4326444.715765,1863612.110537,1990.592453,6174000.0,0.0,2646000.0,2646000.0,0.0,280000.0,0.0,140000.0,256288.95379446234,300000.0,False,False
64,1,0,1,NORMAL,0.007694040650942698,0.007242565890484765,0.0005269855105625126,14.600099047751726,8327515367.119476,1672484632.8805237,4395192.220689,1893375.153955,2053.808849,6272000.0,0.0,2688000.0,2688000.0,0.0,280000.0,0.0,140000.0,256288.9615649214,300000.0,False,False
65,1,0,1,NORMAL,0.007705808982124623,0.007272452541558305,0.0005360472885488168,14.375241040740512,8314797688.777419,1685202311.222581,4463942.032893,1923143.905354,2118.014079,6370000.0,0.0,2730000.0,2730000.0,0.0,280000.0,0.0,140000.0,256288.96702386905,300000.0,False,False
66,1,0,1,NORMAL,0.007717595278944308,0.007301171427841273,0.0005451358315755332,14.157196852460007,8302099432.849518,1697900567.1504822,4532694.152454,1952918.365828,2183.208176,6468000.0,0.0,2772000.0,2772000.0,0.0,280000.0,0.0,140000.0,256288.97085892037,300000.0,False,False
67,1,0,1,NORMAL,0.0077293995790472855,0.0073287990504997255,0.0005542512007555722,13.945661404991693,8289420569.634107,1710579430.3658934,4601448.579449,1982698.536473,2249.391173,6566000.0,0.0,2814000.0,2814000.0,0.0,280000.0,0.0,140000.0,256288.97355314263,300000.0,False,False
68,1,0,1,NORMAL,0.007741221917123268,0.007355406977378664,0.0005633934573259494,13.740347560771566,8276761069.48682,1723238930.5131798,4670205.313955,2012484.418384,2316.563104,6664000.0,0.0,2856000.0,2856000.0,0.0,280000.0,0.0,140000.0,256288.9754459031,300000.0,False,False
69,1,0,1,NORMAL,0.007753062325794803,0.007381062161147448,0.0005725626626484009,13.540984824146317,8264120902.816942,1735879097.1830578,4738964.35605,2042276.012656,2384.724002,6762000.0,0.0,2898000.0,2898000.0,0.0,280000.0,0.0,140000.0,256288.976775616,300000.0,False,False
70,1,0,1,NORMAL,0.007764920836242542,0.007405827236960034,0.0005817588782096858,13.347318153765759,8251500040.084822,1748499959.9151783,4807725.705812,2072073.320384,2453.8739,6860000.0,0.0,2940000.0,2940000.0,0.0,280000.0,0.0,140000.0,256288.9777097735,300000.0,False,False
71,1,0,1,NORMAL,0.007776797478645198,0.007429760800939723,0.0005909821656217154,13.15910687501708,8238898451.800042,1761101548.1999578,4876489.363317,2101876.342664,2524.012831,6958000.0,0.0,2982000.0,2982000.0,0.0,280000.0,0.0,140000.0,256288.97836604321,300000.0,False,False
72,1,0,1,NORMAL,0.007788692282489129,0.007452917670717104,0.000600232586622494,12.976123682847785,8226316108.520115,1773683891.479885,4945255.328644,2131685.080592,2595.140828,7056000.0,0.0,3024000.0,3024000.0,0.0,280000.0,0.0,140000.0,256288.9788270896,300000.0,False,False
73,1,0,1,NORMAL,0.0078006052767861725,0.007475349129173173,0.000609510203075822,12.798153726420542,8213752980.849544,1786247019.1504564,5014023.60187,2161499.535264,2667.257924,7154000.0,0.0,3066000.0,3066000.0,0.0,280000.0,0.0,140000.0,256288.9791509865,300000.0,False,False
74,1,0,1,NORMAL,0.007812536490226934,0.007497103152466964,0.000618815076971829,12.624993767859655,8201209039.439146,1798790960.560854,5082794.183072,2191319.707777,2740.364153,7252000.0,0.0,3108000.0,3108000.0,0.0,280000.0,0.0,140000.0,256288.97937853241,300000.0,False,False
75,1,0,1,NORMAL,0.007824485951288663,0.007518224623358687,0.0006281472704273733,12.456451408226464,8188684254.98556,1811315745.0144396,5151567.072328,2221145.599227,2814.459548,7350000.0,0.0,3150000.0,3150000.0,0.0,280000.0,0.0,140000.0,256288.97953838925,300000.0,False,False
76,1,0,1,NORMAL,0.007836453688311172,0.007538755530774977,0.0006375068456860662,12.29234437455775,8176178598.230876,1823821401.769124,5220342.269715,2250977.210711,2889.544142,7448000.0,0.0,3192000.0,3192000.0,0.0,280000.0,0.0,140000.0,256288.97965069275,300000.0,False,False
77,1,0,1,NORMAL,0.007848439729550273,0.0075587351565024165,0.0006468938651187776,12.132499862414377,8163692039.962356,1836307960.0376444,5289119.775311,2280814.543326,2965.617968,7546000.0,0.0,3234000.0,3234000.0,0.0,280000.0,0.0,140000.0,256288.97972958887,300000.0,False,False
78,1,0,1,NORMAL,0.007860444103215389,0.007578200249838738,0.0006563083912236487,11.976753928987636,8151224551.012219,1848775448.9877806,5357899.589193,2310657.598169,3042.68106,7644000.0,0.0,3276000.0,3276000.0,0.0,280000.0,0.0,140000.0,256288.97978501546,300000.0,False,False
79,1,0,1,NORMAL,0.007872466837496052,0.0075971851909779195,0.0006657504866264683,11.82495093227479,8138776102.257474,1861223897.742526,5426681.711438,2340506.376338,3120.733451,7742000.0,0.0,3318000.0,3318000.0,0.0,280000.0,0.0,140000.0,256288.97982395403,300000.0,False,False
80,1,0,1,NORMAL,0.007884507960580552,0.007615722143855508,0.0006752202140811698,11.676943012302555,8126346664.619772,1873653335.380228,5495466.142125,2370360.87893,3199.775174,7840000.0,0.0,3360000.0,3360000.0,0.0,280000.0,0.0,140000.0,256288.97985130936,300000.0,False,False
81,1,0,1,NORMAL,0.00789656750066908,0.007633841199133804,0.0006847176364694687,11.532589610785037,8113936209.065292,1886063790.9347076,5564252.88133,2400221.107043,3279.806262,7938000.0,0.0,3402000.0,3402000.0,0.0,280000.0,0.0,140000.0,256288.97987052723,300000.0,False,False
82,1,0,1,NORMAL,0.007908645485983003,0.007651570507962785,0.0006942428168017252,11.391757025901935,8101544706.604638,1898455293.395362,5633041.929131,2430087.061775,3360.826748,8036000.0,0.0,3444000.0,3444000.0,0.0,280000.0,0.0,140000.0,256288.97988402823,300000.0,False,False
83,1,0,1,NORMAL,0.007920741944771404,0.007668936407111728,0.0007037958182169485,11.25431799927205,8089172128.292743,1910827871.7072573,5701833.285606,2459958.744225,3442.836665,8134000.0,0.0,3486000.0,3486000.0,0.0,280000.0,0.0,140000.0,256288.97989351305,300000.0,False,False
84,1,0,1,NORMAL,0.007932856905315701,0.007685963536028114,0.0007133767039829226,11.120151332423669,8076818445.228785,1923181554.7712154,5770626.950832,2489836.155491,3525.836047,8232000.0,0.0,3528000.0,3528000.0,0.0,280000.0,0.0,140000.0,256288.97990017637,300000.0,False,False
85,1,0,1,NORMAL,0.007944990395932919,0.007702674946344554,0.000722985537496577,10.989141530331837,8064483628.556109,1935516371.4438906,5839422.924886,2519719.296671,3609.824927,8330000.0,0.0,3570000.0,3570000.0,0.0,280000.0,0.0,140000.0,256288.97990485755,300000.0,False,False
86,1,0,1,NORMAL,0.007957142444978015,0.007719092204320907,0.0007326223822844844,10.861178469822097,8052167649.462151,1947832350.5378494,5908221.207847,2549608.168864,3694.803338,8428000.0,0.0,3612000.0,3612000.0,0.0,280000.0,0.0,140000.0,256288.9799081462,300000.0,False,False
87,1,0,1,NORMAL,0.007969313080845529,0.007735235486677334,0.000742287302002491,10.736157090854809,8039870479.17836,1960129520.82164,5977021.799791,2579502.77317,3780.771314,8526000.0,0.0,3654000.0,3654000.0,0.0,280000.0,0.0,140000.0,256288.97991045655,300000.0,False,False
88,1,0,1,NORMAL,0.007981502331970761,0.007751123670244652,0.0007519803604365846,10.613977108839467,8027592088.980132,1972407911.019868,6045824.700796,2609403.110688,3867.728887,8624000.0,0.0,3696000.0,3696000.0,0.0,280000.0,0.0,140000.0,256288.97991207967,300000.0,False,False
89,1,0,1,NORMAL,0.00799371022683064,0.007766774415830845,0.000761701621502773,10.494542746357459,8015332450.186739,1984667549.813261,6114629.910939,2639309.182517,3955.676091,8722000.0,0.0,3738000.0,3738000.0,0.0,280000.0,0.0,140000.0,256288.97991321984,300000.0,False,False
90,2,0,1,NORMAL,0.008005936793944323,0.007782204246676876,0.0007714511492475823,10.377762482760879,8003091534.161256,1996908465.8387442,6183437.430298,2669220.989757,4044.612959,8820000.0,0.0,3780000.0,3780000.0,0.0,280000.0,5493.471315296591,140000.0,256288.97991402092,300000.0,False,False
91,2,0,1,NORMAL,0.007533959669450439,0.007766188467500977,0.0007780547749100047,9.683071054119385,7994900588.913005,2005099411.0869951,6226843.582196,2688249.520954,4134.174141,8881710.251155,0.0,3806447.250507,3806447.250493,0.0,176315.00331,5548.068998728782,88157.50166199998,256288.9799145837,300000.0,False,False
92,2,0,2,CONSERVADOR,0.005273771768615307,0.007605387390153515,0.0007842817209405115,6.7243333967939405,7983198371.291592,2016801628.7084084,6270254.392621,2707283.073851,4224.359704,8943425.076077,0.0,3832896.461195,3832896.461172,0.0,176328.071211,5603.203160921434,88164.03561000002,1445598.2063552674,300000.0,False,False
93,2,0,2,CONSERVADOR,0.0036916402380307144,0.0073528875738875284,0.0007908697240798389,4.667823442509276,7966530532.01107,2033469467.9889297,6313669.893178,2726321.662894,4315.169716,9004956.742246,0.0,3859347.651326,3859347.651292,187.777449,176341.267487,5658.8789505461755,87982.85629999998,1010437.5886505591,300000.0,False,False
94,2,0,3,DEFENSIVO,0.0025841481666215,0.00704522696696714,0.000797974738217217,3.2383834260152584,7942718250.115698,2057281749.8843021,6357090.115781,2745365.30266,4406.604244,9066491.206849,0.0,3885800.840341,3885800.840294,377.420523,176354.593371,5715.101563235361,87987.65361800001,705829.5520673353,300000.0,False,False
95,2,0,3,DEFENSIVO,0.0018089037166350499,0.006707399660494102,0.0008058343366966047,2.2447587975096415,7908791787.464518,2091208212.5354824,6400515.09265,2764414.007858,4498.663357,9127860.911231,0.0,3912256.047864,3912256.047807,736.533675,176368.050104,5771.876241961144,87824.91190499999,492603.8592966626,300000.0,False,False
96,2,0,3,DEFENSIVO,0.0015178354840922348,0.006372589068468175,0.000814782463551979,1.8628720572548312,7868358621.9138365,2131641378.0861635,6443944.85631,2783467.793334,4591.347124,9189231.804638,0.0,3938713.293712,3938713.293646,1099.213896,176381.638943,5829.208277416547,87828.139255,343349.82860249584,300000.0,False,False
97,2,0,3,DEFENSIVO,0.0013740501621180993,0.006050102687413332,0.0008244895474804962,1.6665464908766514,7823693517.400916,2176306482.599084,6487379.439596,2802526.674069,4684.655614,9250603.898735,0.0,3965172.597897,3965172.597815,1465.496198,176395.36115199997,5887.103008398609,87831.398282,286628.9740296935,300000.0,False,False
98,2,0,3,DEFENSIVO,0.001289779223886642,0.005742985044605159,0.0008347488128386684,1.5451105818295032,7776109166.96685,2223890833.0331497,6530818.875664,2821590.66518,4778.588897,9311977.205307,0.0,3991633.980608,3991633.980512,1835.415926,176409.218008,5945.565822193496,87834.689283,258003.53630272925,300000.0,False,False
99,2,0,3,DEFENSIVO,0.001236708275798336,0.005452257511133752,0.0008454437890235224,1.4627918400426354,7726481835.976135,2273518164.0238647,6574263.197981,2840659.781923,4873.147043,9373351.736249,0.0,4018097.462236,4018097.462129,2209.008762,176423.21080099998,6004.602154963693,87838.01256999999,240707.13710947937,300000.0,False,False
100,2,0,3,DEFENSIVO,0.0012022415670111248,0.005178062934093583,0.0008564975082861814,1.403671995983694,7675430725.281647,2324569274.7183533,6617712.440332,2859734.039696,4968.330123,9434727.503568,0.0,4044563.063368,4044563.063249,2586.31073,176437.340826,6064.217492137118,87841.36845099997,229329.696704573,300000.0,False,False
101,2,0,3,DEFENSIVO,0.0011797708761921099,0.004920108607777358,0.0008678557432468483,1.3594089632665391,7623406203.353199,2376593796.646801,6661166.636829,2878813.454031,5064.138208,9496104.519387,0.0,4071030.80479,4071030.804656,2967.358197,176451.60940099997,6124.417368798256,87844.75724099998,221465.3247035506,300000.0,False,False
102,2,0,3,DEFENSIVO,0.001165449766359053,0.004677872553492306,0.000879479020671748,1.3251592578852875,7570741319.5189085,2429258680.4810915,6704625.821908,2897898.040611,5160.57137,9557482.795947,0.0,4097500.707475,4097500.70733,3352.187881,176466.01784700004,6185.207370081213,87848.179245,215852.94278636086,300000.0,False,False
103,2,0,3,DEFENSIVO,0.0011568728139225222,0.004450711279971676,0.0008913380797909517,1.2979057443544286,7517684882.447071,2482315117.552929,6748090.030334,2916987.815254,5257.629681,9618862.345599,0.0,4123972.792607,4123972.792453,3740.836852,176480.56750099995,6246.593131564777,87851.634784,211759.64884795537,300000.0,False,False
104,2,0,3,DEFENSIVO,0.0011524552921802717,0.0042379205710819075,0.0009034110106234313,1.2756710717804716,7464423957.152627,2535576042.847373,6791559.2972,2936082.793928,5355.313214,9680243.180821,0.0,4150447.081574,4150447.081407,4133.342524,176495.25970900003,6308.580339669345,87855.124189,208728.12633934437,300000.0,False,False
105,2,0,3,DEFENSIVO,0.001151111689197852,0.004038771610960355,0.0009156813301569604,1.2571094891718888,7411099736.784598,2588900263.2154016,6835033.657941,2955182.992743,5453.622042,9741625.314204,0.0,4176923.595957,4176923.59578,4529.742679,176510.09583199996,6371.174732055798,87858.647766,206457.957419946,300000.0,False,False
106,2,0,3,DEFENSIVO,0.0011520760995440906,0.0038525331908689834,0.000928136631892682,1.2412785574412089,7357819016.631397,2642180983.3686028,6878513.14832,2974288.427961,5552.556239,9803008.758459,0.0,4203402.357553,4203402.357364,4930.075455,176525.07724199997,6434.3820980262535,87862.20585100002,204744.08488377303,300000.0,False,False
107,2,0,3,DEFENSIVO,0.001154795702385317,0.0036784856109668114,0.0009407676090974405,1.2275036802055845,7304662629.0234375,2695337370.9765625,6921997.804448,2993399.115989,5652.115879,9864393.526423,0.0,4229883.388358,4229883.38816,5334.379352,176540.20532300003,6498.20827892668,87865.798769,203442.4184119689,300000.0,False,False
108,2,0,3,DEFENSIVO,0.001158864425280085,0.0035159294054386355,0.000953567333157482,1.2152937553374619,7251691717.771102,2748308282.228898,6965487.662773,3012515.073384,5752.301037,9925779.631048,0.0,4256366.71059,4256366.710378,5742.693239,176555.481474,6562.6591685513995,87869.42685699997,202449.4322729015,300000.0,False,False
109,2,0,3,DEFENSIVO,0.0011639799240064377,0.0033641907292172035,0.0009665307121259284,1.204286536789101,7198952445.295763,2801047554.704237,7008982.760095,3031636.316854,5853.111789,9987167.085416,0.0,4282852.346665,4282852.346441,6155.056353,176570.90710200003,6627.740713549387,87873.090443,201689.46131575585,300000.0,False,False
110,2,0,3,DEFENSIVO,0.0011699147202572661,0.0032226245350907563,0.000979654079833452,1.1942120635644775,7146479545.987768,2853520454.012232,7052483.133561,3050762.863261,5954.54821,10048555.902731,0.0,4309340.319219,4309340.318983,6571.508304,176586.48362800002,6693.45891383239,87876.789869,201106.4668848317,300000.0,False,False
111,2,0,3,DEFENSIVO,0.0011764962795363476,0.003090616260538859,0.0009929348814352774,1.1848675089707132,7094299020.93316,2905700979.06684,7095988.820675,3069894.729619,6056.610377,10109946.096322,0.0,4335830.6511,4335830.650853,6992.089084,176602.21249300003,6759.8198229848185,87880.52547200001,200658.5188528453,300000.0,False,False
112,2,0,3,DEFENSIVO,0.0011835929300570629,0.002967582497281969,0.0010063714312323834,1.1760994930148776,7042430188.532277,2957569811.467723,7139499.859287,3089031.933101,6159.298366,10171337.679642,0.0,4362323.365378,4362323.365122,7416.839059,176618.095137,6826.829548675443,87884.29759799999,200313.9936971092,300000.0,False,False
113,2,0,3,DEFENSIVO,0.001191103712626531,0.00285297096278807,0.0010199627252695596,1.167791413467332,6990887248.998808,3009112751.001192,7183016.287616,3108174.491032,6262.612255,10232730.66628,0.0,4388818.485342,4388818.485073,7845.798976,176634.133025,6894.494253070776,87888.10660199999,200048.89395761356,300000.0,False,False
114,2,0,3,DEFENSIVO,0.0011989509449971752,0.0027462599938983348,0.001033708295792346,1.1598542353557966,6939680480.348115,3060319519.651885,7226538.144239,3127322.420899,6366.552123,10294125.069944,0.0,4415316.034494,4415316.034215,8279.00998,176650.32762999999,6962.820153250198,87891.952816,199844.92216406294,300000.0,False,False
115,2,0,3,DEFENSIVO,0.0012070747027596142,0.0026469577170506755,0.001047608097906737,1.1522197138142718,6888817153.998357,3111182846.001643,7270065.468098,3146475.740346,6471.118048,10355520.904479,0.0,4441816.03657,4441816.036277,8716.513595,176666.680438,7031.813521622737,87895.836611,199688.07527740375,300000.0,False,False
116,2,0,3,DEFENSIVO,0.0012154286788798024,0.0025546010049106193,0.0010616624211404848,1.144835358846115,6838302236.548337,3161697763.451663,7313598.298508,3165634.467177,6576.310109,10416918.183859,0.0,4468318.515523,4468318.515216,9158.351743,176683.19294800004,7101.480686345562,87899.75833299999,199567.60604466958,300000.0,False,False
117,2,0,3,DEFENSIVO,0.0012239770510405281,0.002468754298209323,0.0010758718203225464,1.1376606654439372,6788138928.1114645,3211861071.8885355,7357136.675151,3184798.619363,6682.128386,10478316.92219,0.0,4494823.495534,4494823.495214,9604.566746,176699.86667699998,7171.828031744043,87903.71834200001,199475.24767556984,300000.0,False,False
118,2,0,2,CONSERVADOR,0.001232692095282889,0.002389008349633424,0.0010902370615073654,1.1306642736750894,6738329075.548153,3261670924.451847,7400680.638088,3203968.215034,6788.572959,10539717.133712,0.0,4521331.001013,4521331.000685,10055.201323,176716.70314800003,7242.861998733446,87907.71700099998,199404.63041479877,300000.0,False,False
119,2,0,2,CONSERVADOR,0.0012418577888804402,0.0023149986360364574,0.0011047590796312398,1.1240982869269225,6688714636.306646,3311285363.6933537,7444230.227755,3223143.272487,6895.643909,10601331.211525,0.0,4547841.056611,4547841.056268,10297.919871,176733.703903,7314.589085242162,88124.13341099999,199350.83968423356,300000.0,False,False
120,2,0,2,CONSERVADOR,0.0012510954630694988,0.0022463597216514923,0.0011194655314388747,1.117582835678234,6639463652.174849,3360536347.8251514,7487785.484976,3242323.810185,7003.341318,10662948.894324,0.0,4574353.687196,4574353.686838,10543.041741,176750.87049299997,7387.015846636527,88130.313384,199354.37684870424,300000.0,False,False
121,2,0,2,CONSERVADOR,0.001260404988712427,0.00218274973888123,0.0011343305491983533,1.1111443569982067,6590573554.554758,3409426445.445242,7531346.450954,3261509.846762,7111.665268,10724570.217263,0.0,4600868.917877,4600868.917509,10790.59037,176768.204488,7460.148896147099,88136.55362000002,199358.46845881917,300000.0,False,False
122,2,0,2,CONSERVADOR,0.0012697863852760207,0.0021238488773583134,0.0011493556827158029,1.1047810563529412,6542041770.564489,3457958229.4355106,7574913.167284,3280701.401018,7220.615841,10786195.215827,0.0,4627386.774007,4627386.773627,11040.589417,176785.70747,7533.99490529641,88142.85469400002,199363.00287928822,300000.0,False,False
123,2,0,2,CONSERVADOR,0.0012792397891737187,0.002069357968443178,0.0011645424995956007,1.0984912870229706,6493865728.406821,3506134271.5931787,7618485.675952,3299898.491928,7330.193121,10847823.92584,0.0,4653907.281168,4653907.280779,11293.062763,176803.38103099997,7608.560604328149,88149.21717400002,199367.8937320757,300000.0,False,False
124,2,0,2,CONSERVADOR,0.001288765429103082,0.0020189971594534945,0.0011798925847548714,1.0922735219755868,6446042861.476807,3553957138.5231934,7662064.019341,3319101.138634,7440.397192,10909456.38346,0.0,4680430.465195,4680430.464793,11548.034514,176821.22678299996,7683.852782637775,88155.641647,199373.0742079099,300000.0,False,False
125,2,0,2,CONSERVADOR,0.001298363606760442,0.001972504672182975,0.0011954075400712762,1.0861263320147931,6398570611.479143,3601429388.520857,7705648.240232,3338309.360456,7551.228138,10971092.625188,0.0,4706956.352157,4706956.351743,11805.529004,176839.246348,7759.878289204443,88162.12869,199378.49266531237,300000.0,False,False
126,2,0,2,CONSERVADOR,0.0013080346818343746,0.0019296356405475814,0.0012110889841410418,1.0800483688340135,6351446430.799502,3648553569.2004976,7749238.381811,3357523.176889,7662.686045,11032732.68787,0.0,4733484.968371,4733484.967945,12065.570797,176857.441366,7836.644033024285,88168.678896,199384.10921355427,300000.0,False,False
127,2,0,2,CONSERVADOR,0.0013177790602790643,0.0018901610224657417,0.0012269385521190737,1.074038351800991,6304667784.297906,3695332215.702094,7792834.487667,3376742.607607,7774.770998,11094376.608698,0.0,4760016.340403,4760016.339964,12328.184686,176875.813485,7914.156983544922,88175.29286,199389.89307117363,300000.0,False,False
128,2,0,2,CONSERVADOR,0.0013275971851670367,0.0018538665813496965,0.001242957895627275,1.0680950576343113,6258232150.65558,3741767849.3444204,7836436.6018,3395967.672462,7887.483083,11156024.425213,0.0,4786550.495066,4786550.494618,12593.3957,176894.364375,7992.424171101292,88181.97117800002,199395.82051593086,300000.0,False,False
129,2,0,2,CONSERVADOR,0.0013374895295817334,0.0018205519328485377,0.001259148682715378,1.0622173123331327,6212137023.379122,3787862976.620878,7880044.768625,3415198.391481,8000.822388,11217676.17531,0.0,4813087.459432,4813087.458972,12861.229099,176913.09571200004,8071.452687352602,88188.71446300001,199401.87329597273,300000.0,False,False
130,2,0,2,CONSERVADOR,0.0013474565910332828,0.0017900296527314245,0.0012755125978628024,1.0564039847909201,6166379911.546139,3833620088.453861,7923659.03297,3434434.784879,8114.789001,11279331.897236,0.0,4839627.260822,4839627.260349,13131.710388,176932.009197,8151.249685720472,88195.523316,199408.03740231867,300000.0,False,False
131,2,0,2,CONSERVADOR,0.001357498887158943,0.0017621244420493291,0.0012920513420145905,1.0506539817855114,6120958340.337307,3879041659.662693,7967279.440085,3453676.873056,8229.383009,11340991.629605,0.0,4866169.926812,4866169.926327,13404.865304,176951.10653800005,8231.822381828144,88202.398359,199414.30211107383,300000.0,False,False
132,2,0,2,CONSERVADOR,0.001367616952335618,0.001736672345938767,0.0013087666326458845,1.0449662439595957,6075869851.432069,3924130148.567931,8010906.035649,3472924.67659,8344.604502,11402655.411387,0.0,4892715.485239,4892715.484744,13680.71983,176970.38946,8313.178053940812,88209.340209,199420.6592484995,300000.0,False,False
133,2,0,1,NORMAL,0.0013778113350753822,0.0017135200226572585,0.001325660203841523,1.0393397426299247,6030098852.93063,3969901147.06937,8054538.865764,3492178.216251,8460.45357,11465719.21194,0.0,4919263.964202,4919263.963696,12563.37017,176989.859701,8395.324043406908,88216.349498,199427.10261608136,300000.0,False,False
134,2,0,1,NORMAL,0.0013885886763805027,0.001692556709994242,0.0013429594065487473,1.0339766560398258,5985482810.247286,4014517189.7527137,8098177.976962,3511437.512997,8576.930302,11527672.543595,0.0,4945815.392063,4945815.391546,12563.37017,177009.51902099996,8478.267755100382,88504.75951599999,199400.12522862916,300000.0,False,False
135,2,0,1,NORMAL,0.001399348391452235,0.0016736400442818546,0.0013602617657299104,1.0287346352790787,5941204859.459992,4058795140.540007,8141823.416213,3530702.587973,8694.03479,11589632.822806,0.0,4972369.797452,4972369.796919,12563.37017,177029.369184,8562.01665786387,88514.6846,199472.96767150873,300000.0,False,False
136,2,0,1,NORMAL,0.0014101121662479107,0.0016566382456990195,0.0013777466733695485,1.0234916138822574,5897259919.707515,4102740080.2924848,8185475.230928,3549973.462517,8811.767126,11651600.116996,0.0,4998927.209258,4998927.208714,12563.37017,177049.411981,8646.578284952713,88524.70599599999,199531.571120965,300000.0,False,False
137,2,0,1,NORMAL,0.0014208971071413038,0.0016414291399856186,0.0013954164444161278,1.018260256876819,5853643547.411081,4146356452.588918,8229133.468956,3569250.158163,8930.127401,11713574.494216,0.0,5025487.65665,5025487.656092,12563.37017,177069.64920999997,8731.960234479844,88534.82461200001,199579.15104733783,300000.0,False,False
138,2,0,1,NORMAL,0.0014317167315306039,0.0016278993071820692,0.00141327330774332,1.013050146554267,5810351793.131073,4189648206.8689265,8272798.1786,3588532.696635,9049.11571,11775556.023156,0.0,5052051.169061,5052051.168492,12563.37017,177090.08269100002,8818.170169861334,88545.041351,199618.20438606635,300000.0,False,False
139,2,0,1,NORMAL,0.0014425817473704343,0.0016159433355813187,0.001431319428615773,1.0078684873058372,5767381091.403428,4232618908.5965714,8316469.408601,3607821.09986,9168.732145,11837544.77314,0.0,5078617.77621,5078617.775625,12563.37017,177110.71425,8905.215820262702,88555.35713300001,199650.6690793105,300000.0,False,False
140,2,0,1,NORMAL,0.001453500665389473,0.001605463163310877,0.001449556926388863,1.0027206513444316,5723863823.38343,4276136176.61657,8360147.208168,3627115.389956,9288.976801,11900797.151163,0.0,5105187.508078,5105187.507484,11307.033153,177131.54573899996,8993.104981045779,88565.77287400002,199678.04862211103,300000.0,False,False
141,2,0,1,NORMAL,0.0014682095672206988,0.001596608092595382,0.0014682095672206988,1.0,5681633201.789421,4318366798.210579,8403831.62696,3646415.589244,9409.849774,11962800.553817,0.0,5131760.394939,5131760.394335,11307.033153,177152.57901999998,9081.845514216257,88576.28951500001,199671.35702127716,300000.0,False,False
142,2,0,1,NORMAL,0.001486812403243748,0.0015895244997339863,0.001486812403243748,1.0,5639925965.925158,4360074034.074842,8447522.715102,3665721.720248,9531.351159,12024811.389405,0.0,5158336.467342,5158336.466729,11307.033153,177173.815973,9171.445348871644,88586.907991,200203.877383344,300000.0,False,False
143,2,0,1,NORMAL,0.0015055553165914874,0.0015841071330796315,0.0015055553165914874,1.0,5598732965.717495,4401267034.282505,8491220.523181,3685033.805694,9653.481053,12086829.729874,0.0,5184915.756126,5184915.755499,11307.033153,177195.25849200002,9261.912481649702,88597.629253,201252.28510833601,300000.0,False,False
144,2,0,1,NORMAL,0.001524438681844549,0.001580257555580594,0.001524438681844549,1.0,5558045256.394251,4441954743.605749,8534925.102258,3704351.868513,9776.239554,12148855.647842,0.0,5211498.292409,5211498.29177,11307.033153,177216.90848999997,9353.254977177301,88608.454251,202300.852385088,300000.0,False,False
145,2,0,1,NORMAL,0.0015434628737502113,0.0015778837051399243,0.0015434628737502113,1.0,5517854092.863848,4482145907.136152,8578636.503868,3723675.931845,9899.626759,12210889.216604,0.0,5238084.107599,5238084.106953,11307.033153,177238.76789699998,9445.480968519525,88619.383952,203349.58042296002,300000.0,False,False
146,2,0,1,NORMAL,0.0015626282672409105,0.0015768994833399881,0.0015626282672409105,1.0,5478150924.282017,4521849075.717983,8622354.78002,3743006.019034,10023.642768,12272930.510129,0.0,5264673.233403,5264673.232749,11307.033153,177260.83865000002,9538.59865762908,88630.419329,204398.470442544,300000.0,False,False
147,2,0,1,NORMAL,0.0015819352374531017,0.0015772243707021247,0.0015819352374531017,1.0,5438212629.232898,4561787370.767102,8666079.983208,3762342.153639,10148.28768,12336110.306391,0.0,5291265.701821,5291265.701154,10176.329838,177283.122717,9632.616315795838,88641.56136500002,205447.52367588005,300000.0,False,False
148,2,0,1,NORMAL,0.0018990838475622543,0.001597989498241488,0.0016015946341621046,1.1857456356650353,5405535310.745534,4594464689.254466,8709812.166412,3781684.35943,10273.561595,12398167.274112,0.0,5317861.54514,5317861.544462,10176.329838,177305.62206900003,9727.542284096517,88652.81104000002,34411.600747784,300000.0,False,False
149,2,0,0,ACELERADO,0.00226510483996142,0.0016410291977072902,0.0016193680884298406,1.3987584763126297,5378134848.988516,4621865151.011484,8753551.383102,3801032.660389,10399.464615,12460232.192655,0.0,5344460.795956,5344460.795264,10176.329838,177328.33870400002,9823.384973844348,88664.169359,41062.25918425702,300000.0,False,False
150,2,0,0,ACELERADO,0.002681443326578248,0.0017081526898925135,0.001635752530247645,1.6392720029430676,5354985768.974876,4645014231.025124,8797297.687246,3820387.080713,10525.996841,12522305.138774,0.0,5371063.487157,5371063.486456,10176.329838,177351.27463099998,9920.152867038754,88675.63732,48728.157105636266,300000.0,False,False
151,2,0,0,ACELERADO,0.0031471009726043095,0.0018009880629706939,0.0016509943284111611,1.9061852112071944,5335259344.023018,4664740655.976982,8841051.1333,3839747.644821,10653.158377,12584386.189926,0.0,5397669.651949,5397669.651234,10176.329838,177374.43187399997,10017.854516814832,88687.21594399998,57436.36341655668,300000.0,False,False
152,2,0,0,ACELERADO,0.003657957047657173,0.001920792513595628,0.0016653008229463998,2.1965743349511992,5318285597.869611,4681714402.130389,8884811.776234,3859114.377351,10780.949326,12646475.424293,0.0,5424279.323828,5424279.323104,10176.329838,177397.81248299996,10116.498547892701,88698.90624600001,67162.39948268428,300000.0,False,False
153,2,0,0,ACELERADO,0.004206322167135893,0.002068246039630484,0.0016788454676250546,2.505485018276449,5303522701.921657,4696477298.078343,8928579.671519,3878487.303156,10909.369792,12708572.92077,0.0,5450892.536614,5450892.535878,10176.329838,177421.41851399996,10216.093657026508,88710.70926300001,77816.24113672314,300000.0,False,False
154,2,0,0,ACELERADO,0.004780923497302069,0.0022432574885125215,0.0016917726913637974,2.825984555553972,5290319505.670217,4709680494.329783,8972354.875139,3897866.447318,11038.41988,12771696.391968,0.0,5477509.324431,5477509.323683,9158.696855,177445.25205200003,10316.6486134531,88722.626032,89233.30042000604,300000.0,False,False
155,2,0,0,ACELERADO,0.005367502526252043,0.0024448216844957164,0.0017042708732297575,3.1494421518101223,5278747222.283445,4721252777.716555,9016137.443593,3917251.835142,11168.099696,12833810.652281,0.0,5504129.721716,5504129.720957,9158.696855,177469.31518499998,10418.172259340212,88734.65759800002,101170.45133157681,300000.0,False,False
156,2,0,0,ACELERADO,0.005949952001093236,0.0026709591242762014,0.0017163025718780142,3.46672672906542,5268306337.466797,4731693662.533203,9059927.433899,3936643.492158,11298.409347,12895933.415789,0.0,5530753.763231,5530753.762459,9158.696855,177493.610033,10520.67351023414,88746.80502300001,113334.7562042094,300000.0,False,False
157,2,0,0,ACELERADO,0.006512044690728302,0.0029187710963053696,0.0017280173779673218,3.7685064824917807,5258765348.19219,4741234651.80781,9103724.903598,3956041.444131,11429.34894,12958064.764339,0.0,5557381.484047,5557381.483265,9158.696855,177518.138722,10624.161355506743,88759.069366,125384.67933993098,300000.0,False,False
158,2,0,0,ACELERADO,0.00703922872617961,0.0031846070724262884,0.001739482426974547,4.0467374760564985,5249937674.223323,4750062325.776677,9147529.910763,3975445.717048,11560.918584,13020204.780526,0.0,5584012.919566,5584012.918773,9158.696855,177542.90340100002,10728.644858801757,88771.45170599998,136981.2598619237,300000.0,False,False
159,2,0,0,ACELERADO,0.007520164475613394,0.0034643204532770694,0.0017507526916225285,4.295389355445744,5241673391.256835,4758326608.743165,9191342.513997,3994856.337134,11693.118388,13082353.547707,0.0,5610648.105511,5610648.104704,9158.696855,177567.90623799997,10834.133158480265,88783.95312600001,147822.04834818156,300000.0,False,False
160,2,0,0,ACELERADO,0.007947642126602438,0.0037535670128464485,0.0017618729903781005,4.510905252538586,5233852505.351197,4766147494.648803,9235162.772439,4014273.330846,11825.948462,13144511.149998,0.0,5637287.077936,5637287.077113,9158.696855,177593.14941599997,10940.635468065233,88796.574716,157672.98411879057,300000.0,False,False
161,2,0,0,ACELERADO,0.00831873766708454,0.004048094151829551,0.0017728796782650966,4.692217847082033,5226269336.545358,4773730663.454642,9278990.745774,4033696.724879,11959.408918,13207593.541979,0.0,5663929.873214,5663929.87238,8242.82717,177618.635137,11048.161076685094,88809.317574,166387.14662381154,300000.0,False,False
162,2,0,0,ACELERADO,0.008634334351553887,0.004343980616327896,0.0017838396557626568,4.8403085578128335,5219068372.877347,4780931627.122653,9322826.494226,4053126.546166,12093.499867,13269769.069942,0.0,5690576.528064,5690576.527221,8242.82717,177644.365617,11156.719349516114,88822.182813,173903.8543529952,300000.0,False,False
163,2,0,0,ACELERADO,0.008898080345420861,0.00463779350207583,0.0017947015462096776,4.957972184407582,5212079829.54339,4787920170.45661,9366670.078577,4072562.821877,12228.221421,13331953.690025,0.0,5717227.079534,5717227.078684,8242.82717,177670.343099,11266.319728223654,88835.17155299998,180252.72534017332,300000.0,False,False
164,2,0,0,ACELERADO,0.009115442432545065,0.004926674078235136,0.0018055213787810344,5.048648296094502,5205256924.358125,4794743075.641875,9410521.560154,4092005.579429,12363.573695,13394147.489464,0.0,5743881.56502,5743881.564156,8242.82717,177696.56983599998,11376.971731401993,88848.284925,185510.02036009822,300000.0,False,False
165,2,0,0,ACELERADO,0.009292708182243134,0.005208353697848556,0.001816313995301557,5.116245432387529,5198563174.203476,4801436825.796524,9454381.000852,4111454.84648,12499.556803,13456350.556296,0.0,5770540.022248,5770540.021368,8242.82717,177723.04810400002,11488.684955012808,88861.52406,189792.87936237227,300000.0,False,False
166,2,0,0,ACELERADO,0.00943624920020972,0.005481121149613792,0.0018270910912964566,5.164629856256374,5191970255.582207,4808029744.417793,9498248.463129,4130910.650937,12636.17086,13518562.979363,0.0,5797202.489284,5797202.488395,8242.82717,177749.780197,11601.469072822038,88874.89010299998,193234.92217931393,300000.0,False,False
167,2,0,0,ACELERADO,0.009552035728349255,0.00574376079985479,0.0018378618405503527,5.197363326009789,5185456265.191516,4814543734.808484,9542124.010007,4150373.020952,12773.415982,13580784.848309,0.0,5823869.004555,5823869.003655,8242.82717,177776.76842300003,11715.333836835158,88888.38421699998,195970.900687001,300000.0,False,False
168,2,0,0,ACELERADO,0.009645371017001839,0.0059954775880578254,0.0018486334113798483,5.217568262926929,5178918861.094686,4821081138.905314,9586007.705082,4169841.984926,12911.292287,13643840.536311,0.0,5850539.606834,5850539.60592,7418.544453,177804.01511400004,11830.289077730602,88902.007564,198126.65405160742,300000.0,False,False
169,2,0,0,ACELERADO,0.009720826272974471,0.006235822664504061,0.001859442070984386,5.227818830531397,5172516006.937314,4827483993.062686,9629899.612534,4189317.571517,13049.799893,13706081.569226,0.0,5877214.335231,5877214.334312,7418.544453,177831.522619,11946.34470529138,88915.76131199999,199810.3755288274,300000.0,False,False
170,2,0,0,ACELERADO,0.009782125642527971,0.0064646164050217335,0.0018702310025025771,5.230437111478956,5166152282.433167,4833847717.566833,9673799.797115,4208799.809634,13188.938918,13768332.32188,0.0,5903893.229235,5903893.228304,7418.544453,177859.29330400002,12063.510708834598,88929.64665800001,201124.51799046897,300000.0,False,False
171,2,0,0,ACELERADO,0.009832338978361185,0.006681888829108151,0.0018810340448569063,5.227092516078915,5159820059.197066,4840179940.802934,9717708.324172,4228288.728441,13328.709483,13830592.887224,0.0,5930576.328675,5930576.327737,7418.544453,177887.32956099996,12181.797157638925,88943.664784,202143.80286077556,300000.0,False,False
172,2,0,0,ACELERADO,0.00987392636599714,0.006887826734713892,0.001891853814212086,5.219180410146756,5153513502.968691,4846486497.031309,9761625.25964,4247784.357361,13469.111709,13892863.359046,0.0,5957263.673754,5957263.672802,7418.544453,177915.63378799998,12301.214201369718,88957.81690100001,202932.39955749296,300000.0,False,False
173,2,0,0,ACELERADO,0.009908835911721729,0.007082730552585366,0.0019026923407497614,5.207797235267749,5147228155.881015,4852771844.118985,9805550.670049,4267286.726081,13610.145717,13955143.831986,0.0,5983955.305028,5983955.304061,7418.544453,177944.208413,12421.772070501847,88972.104214,203541.65141793937,300000.0,False,False
174,2,0,0,ACELERADO,0.009938596436674005,0.0072669799644620526,0.0019135512015882523,5.193796972051203,5140960613.984742,4859039386.015258,9849484.622535,4286795.864548,13751.811631,14017434.401543,0.0,6010651.263417,6010651.262442,7418.544453,177973.055884,12543.481076739907,88986.527946,204012.15678727604,300000.0,False,False
175,2,0,0,ACELERADO,0.009964399527357146,0.007441007033035929,0.001924431624300976,5.177840252431198,5134633828.632657,4865366171.367343,9893427.184838,4306311.802969,13894.109575,14080477.018515,0.0,6037351.590225,6037351.589237,6676.690008,178002.178657,12666.351613435865,89001.08933500001,204375.73135692067,300000.0,False,False
176,2,0,0,ACELERADO,0.009987203597484713,0.0076052777791294,0.0019353626289548486,5.160378446946704,5128394739.570861,4871605260.429139,9937378.425303,4325834.571825,14037.039673,14142788.071238,0.0,6064056.327118,6064056.326118,6676.690008,178031.57921999996,12790.394156003842,89015.78961600001,204654.17158071705,300000.0,False,False
177,2,0,0,ACELERADO,0.010007679667422354,0.007760271449341849,0.0019462890280035716,5.141928831447941,5122167377.875235,4877832622.124765,9981338.412898,4345364.201861,14180.602051,14205109.512261,0.0,6090765.516137,6090765.515126,6676.690008,178061.26007299998,12915.61926233203,89030.63004200002,204873.2895694551,300000.0,False,False
178,2,0,0,ACELERADO,0.010026379007115956,0.00790647193694018,0.0019572392851731984,5.122714980773907,5115950584.328555,4884049415.671445,10025307.21721,4364900.724093,14324.796835,14267441.440569,0.0,6117479.199704,6117479.198686,6676.690008,178091.22374299995,13042.037573191468,89045.611875,205044.04128278422,300000.0,False,False
179,2,0,0,ACELERADO,0.01004372512339382,0.008044359239292028,0.0019682138719808507,5.102964299954664,5109743473.450959,4890256526.549041,10069284.908444,4384444.169813,14469.624154,14329783.956034,0.0,6144197.420628,6144197.419598,6676.690008,178121.47276600002,13169.659812641694,89060.73638899998,205177.83816061774,300000.0,False,False
180,2,0,0,ACELERADO,0.010060042803475468,0.00817440334020709,0.001979213165982052,5.082849576985229,5103545368.272474,4896454631.727526,10113271.557445,4403994.570585,14615.084136,14392137.15943,0.0,6170920.222092,6170920.22105,6676.690008,178152.00970800003,13298.496788432927,89076.00486,205283.435593588,300000.0,False,False
181,2,0,0,ACELERADO,0.010075580798003789,0.008297059950387523,0.0019902374727240224,5.062501804979795,5097355750.597098,4902644249.402902,10157267.235683,4423551.958251,14761.176912,14454501.152427,0.0,6197647.647673,6197647.646618,6676.690008,178182.837143,13428.559392404828,89091.41857800003,205367.53941720029,300000.0,False,False
182,2,0,1,NORMAL,0.010090529433005226,0.008412767658943504,0.0020012870426165635,5.04202006915133,5091108055.210492,4908891944.789508,10201272.015277,4443116.364933,14907.902612,14517543.706614,0.0,6224379.741333,6224379.740268,6009.021008,178213.95768399996,13559.858600881518,89106.978847,205435.27888524125,300000.0,False,False
183,2,0,1,NORMAL,0.010105065664506651,0.008521948175431449,0.002012388238057424,5.021429500234587,5084934331.758489,4915065668.241511,10245285.968985,4462687.823032,15055.261368,14579929.587491,0.0,6251116.547435,6251116.546355,6009.021008,178245.37394299998,13692.405475062838,89122.68697899998,205487.90271084587,300000.0,False,False
184,2,0,1,NORMAL,0.010119261835086246,0.008625000669602726,0.002023489095218997,5.000897637153347,5078768172.407057,4921231827.592943,10289309.170218,4482266.365234,15203.253313,14642326.568485,0.0,6277858.110732,6277858.109636,6009.021008,178277.088566,13826.211161411567,89138.54429099998,205534.3812884951,300000.0,False,False
185,2,0,1,NORMAL,0.010133204637375501,0.008722304151394519,0.0020346157458381417,4.980402151169443,5072609391.576478,4927390608.423522,10333341.693041,4501852.024513,15351.878581,14704734.754958,0.0,6304604.476373,6304604.475265,6009.021008,178309.10421599998,13961.286892036507,89154.552114,205573.53974515782,300000.0,False,False
186,2,0,1,NORMAL,0.010146960277326176,0.008814217449841724,0.002045768323776038,4.9599752618112305,5066457845.049832,4933542154.950168,10377383.612176,4521444.834131,15501.137308,14767154.253208,0.0,6331355.689915,6331355.688797,6009.021008,178341.42357400001,14097.643985071285,89170.71179200002,205607.15604126916,300000.0,False,False
187,2,0,1,NORMAL,0.010160579308810869,0.008901079505259087,0.002056946948289174,4.939640916486317,5060313420.074785,4939686579.925215,10421435.003011,4541044.827635,15651.029629,14829585.170474,0.0,6358111.797328,6358111.796196,6009.021008,178374.04934400003,14235.293845048622,89187.024679,205636.5860018729,300000.0,False,False
188,2,0,1,NORMAL,0.010174100333134777,0.008983209881251068,0.002068151727536737,4.919416790204553,5054176027.8299265,4945823972.1700735,10465495.941605,4560652.038871,15801.555682,14892027.614957,0.0,6384872.844977,6384872.84383,6009.021008,178406.98424900003,14374.247963269985,89203.49213199998,205662.8633284393,300000.0,False,False
189,2,0,1,NORMAL,0.01018755282773066,0.009060909426185235,0.0020793827612700724,4.899315805382639,5047986613.745283,4952013386.254717,10509566.504694,4580266.501975,15952.715606,14955082.597917,0.0,6411638.879638,6411638.878482,5408.118908,178440.231033,14514.51791817038,89220.115521,205686.77603386503,300000.0,False,False
190,2,0,1,NORMAL,0.010200987875657165,0.009134462874538262,0.002090664571287337,4.8793039379702385,5041863106.088827,4958136893.911173,10553646.76969,4599888.251383,16104.50954,15017548.425277,0.0,6438409.948516,6438409.947349,5408.118908,178473.79246499998,14656.11537567816,89236.89623799999,205706.52120482913,300000.0,False,False
191,2,0,1,NORMAL,0.010214387359529615,0.009204135421957058,0.002101948543960188,4.859484971161635,5035746470.527546,4964253529.472454,10597736.81469,4619517.32183,16256.937624,15080026.110237,0.0,6465186.099224,6465186.098045,5408.118908,178507.67132399997,14799.05208956959,89253.835668,205727.9376637412,300000.0,False,False
192,2,0,1,NORMAL,0.010227766034477882,0.009270176106635821,0.002113259033346482,4.839807081426054,5029636665.665434,4970363334.334566,10641836.718485,4639153.748351,16410.000001,15142515.764883,0.0,6491967.379793,6491967.378605,5408.118908,178541.87042099997,14943.339901818119,89270.935215,205748.26037740975,300000.0,False,False
193,2,0,1,NORMAL,0.010241135184759895,0.009332818627805117,0.0021245961231170208,4.820273873857494,5023533656.93892,4976466343.06108,10685946.56056,4658797.566283,16563.696813,15205017.502285,0.0,6518753.838687,6518753.837491,5408.118908,178576.39258399996,15088.990742937965,89288.196296,205767.78821943005,300000.0,False,False
194,2,0,1,NORMAL,0.010254503447751417,0.009392282164575846,0.0021359598947395817,4.800887635112483,5017437414.976008,4982562585.023992,10730066.421096,4678448.811273,16718.028204,15267531.436512,0.0,6545545.524796,6545545.523586,5408.118908,178611.240658,15236.016632322082,89305.620336,205786.74914361088,300000.0,False,False
195,2,0,1,NORMAL,0.01026787744254332,0.009448772182509231,0.0021473504280952785,4.781649659134131,5011347914.348455,4988652085.651545,10774196.38099,4698107.519272,16872.99432,15330057.682642,0.0,6572342.487431,6572342.486211,5408.118908,178646.41752000002,15384.429678574004,89323.20876499999,205805.31708299374,300000.0,False,False
196,2,0,1,NORMAL,0.010281262249635046,0.009502481219097993,0.0021587678019448654,4.762560494172883,5005212530.922434,4994787469.077566,10818336.521839,4717773.726547,17028.595308,15393137.168647,0.0,6599144.776351,6599144.775115,4867.307018,178681.926054,15534.242079833704,89340.963035,205823.62482590007,300000.0,False,False
197,2,0,1,NORMAL,0.010294687724207214,0.009553591316201815,0.0021702349018859948,4.743582234006486,4999136463.256785,5000863536.743215,10862486.925965,4737447.469672,17184.831314,15455688.387856,0.0,6625952.441735,6625952.44049,4867.307018,178717.76917699998,15685.46612409695,89358.88459300001,205839.61058229243,300000.0,False,False
198,2,0,1,NORMAL,0.010308124794305411,0.009602270895434304,0.0021817063319971167,4.724799411875674,4993067087.528082,5006932912.471918,10906647.676405,4757128.785541,17341.702488,15518252.270291,0.0,6652765.534218,6652765.532959,4867.307018,178753.949822,15838.1141895282,89376.97491799999,205858.19511970517,300000.0,False,False
199,2,0,1,NORMAL,0.010321577251573868,0.009648677757120729,0.0021932048308103995,4.706162008479617,4987004383.805407,5012995616.194593,10950818.856927,4776817.711362,17499.208979,15580828.935118,0.0,6679584.104868,6679584.103598,4867.307018,178790.47094300002,15992.198744766627,89395.23547700001,205876.63457831414,300000.0,False,False
200,2,0,1,NORMAL,0.010335048021733012,0.00969295970967636,0.002204730476623745,4.6876695955869305,4980948333.819342,5019051666.180658,10995000.552032,4796514.284663,17657.350939,15643418.502546,0.0,6706408.205206,6706408.203923,4867.307018,178827.33551900001,16147.732349225256,89413.66776600001,205895.00400554016,300000.0,False,False
201,2,0,1,NORMAL,0.010348539370488437,0.009735255171664237,0.0022162833474908294,4.669321448543374,4974898920.559386,5025101079.440614,11039192.846956,4816218.543296,17816.12852,15706021.093835,0.0,6733237.887196,6733237.885901,4867.307018,178864.54654600003,16304.727653382795,89432.273279,205913.36089517572,300000.0,False,False
202,2,0,1,NORMAL,0.010362053060760512,0.00977569374515432,0.002227863521382011,4.651116624205336,4968856127.968397,5031143872.031603,11083395.827677,4835930.525437,17975.541876,15768636.831298,0.0,6760073.20326,6760073.201955,4867.307018,178902.10704399997,16463.19739906813,89451.05352700001,205931.74937443694,300000.0,False,False
203,2,0,1,NORMAL,0.010375590472525944,0.009814396759823457,0.002239471076308204,4.633054019893945,4962773029.576539,5037226970.423461,11127609.580922,4855650.269587,18135.591162,15831752.569016,0.0,6786914.206278,6786914.204961,4380.576317,178940.020058,16623.154419737053,89470.01003499998,205950.20339717425,300000.0,False,False
204,2,0,1,NORMAL,0.01038917626123587,0.009851479308301679,0.002251127369232976,4.615099262364599,4956743446.53272,5043256553.46728,11171834.194171,4875377.81458,18296.276534,15894394.97004,0.0,6813760.949582,6813760.948256,4380.576317,178978.28864699998,16784.611640741263,89489.14432800002,205966.8022519322,300000.0,False,False
205,2,0,1,NORMAL,0.010402782148025222,0.009887047233445134,0.0022627900508973746,4.597325387699888,4950720450.02357,5049279549.97643,11216069.755665,4895113.199578,18457.59815,15957050.890603,0.0,6840613.486975,6840613.485638,4380.576317,179016.915901,16947.582079589072,89508.45795600003,205985.9253910168,300000.0,False,False
206,2,0,1,NORMAL,0.010416410157412136,0.009921199680152685,0.002274480344443078,4.579687919863148,4944704023.464521,5055295976.535479,11260316.354411,4914856.464075,18619.556168,16019720.457324,0.0,6867471.872722,6867471.871374,4380.576317,179055.904925,17112.078846197943,89527.95246799999,206005.06526947435,300000.0,False,False
207,2,0,1,NORMAL,0.010430061869781355,0.009954029498838406,0.0022861983298768642,4.562185937010602,4938694151.099659,5061305848.900341,11304574.08018,4934607.647907,18782.150749,16082403.797919,0.0,6894336.161555,6894336.1602,4380.576317,179095.25884899998,17278.115143138257,89547.629428,206024.26086165,300000.0,False,False
208,2,0,1,NORMAL,0.010443738527346726,0.00998562362970991,0.0022979440873039376,4.544818381373169,4932690817.799057,5067309182.200943,11348843.023522,4954366.791242,18945.382053,16145101.041203,0.0,6921206.408686,6921206.407321,4380.576317,179134.98081999997,17445.704265868415,89567.49041500001,206043.54220758702,300000.0,False,False
209,2,0,1,NORMAL,0.010457441114818136,0.010016063467458827,0.002309717697012998,4.527584097546656,4926694008.903223,5073305991.096777,11393123.275764,4974133.934598,19109.250244,16207812.317108,0.0,6948082.669795,6948082.668422,4380.576317,179175.07402,17614.859602960743,89587.53701399999,206062.9325493498,300000.0,False,False
210,2,0,1,NORMAL,0.010471170421002948,0.010045425206397156,0.0023215192395454223,4.510481861461253,4920661875.468234,5079338124.531766,11437414.929022,4993909.118827,19273.755485,16270975.814308,0.0,6974965.001051,6974964.999665,3942.518686,179215.54163699996,17785.59463631808,89607.770825,206082.44995533102,300000.0,False,False
211,2,0,1,NORMAL,0.010484948491491997,0.010073781547371017,0.0023333686334855996,4.493481373249421,4914678084.945952,5085321915.054048,11481718.076206,5013692.38513,19438.897942,16333715.549718,0.0,7001853.459091,7001853.457696,3942.518686,179256.38689100003,17957.922941380853,89628.19344999999,206100.35632863946,300000.0,False,False
212,2,0,1,NORMAL,0.010498749377611888,0.010101198826741396,0.0023452264038049918,4.4766464169848526,4908700785.908048,5091299214.091952,11526032.811017,5033483.775058,19604.677781,16396469.714272,0.0,7028748.101055,7028748.099647,3942.518686,179297.613023,18131.858187324167,89648.806518,206120.58629169138,300000.0,False,False
213,2,0,1,NORMAL,0.010512574726757014,0.010127739207387566,0.0023571123465458144,4.4599379160532875,4902729962.414899,5097270037.585101,11570359.227963,5053283.330513,19771.09517,16459238.442424,0.0,7055648.984557,7055648.983137,3942.518686,179339.22329599998,18307.41413724494,89669.61165400001,206140.8772837404,300000.0,False,False
214,2,0,1,NORMAL,0.010526425833899046,0.010153460925227016,0.0023690265446794138,4.443354954185844,4896765599.169987,5103234400.830013,11614697.422356,5073091.093746,19938.150279,16522021.869768,0.0,7082556.167715,7082556.166283,3942.518686,179381.22099200002,18484.604648338518,89690.61050200001,206161.26037998893,300000.0,False,False
215,2,0,1,NORMAL,0.010540303725716505,0.010178418525258595,0.002380969081366532,4.426896513778755,4890807681.359726,5109192318.640274,11659047.490323,5092907.107368,20105.843279,16584820.133061,0.0,7109469.709136,7109469.707692,3942.518686,179423.609416,18663.443672064728,89711.804714,206181.75962260438,300000.0,False,False
216,2,0,1,NORMAL,0.010554209224778713,0.010202663086517958,0.002392940040030823,4.410561505186217,4884856194.533359,5115143805.466641,11703409.528816,5112731.414342,20274.174341,16647633.370225,0.0,7136389.667927,7136389.666475,3942.518686,179466.39190200003,18843.94525430296,89733.195955,206202.3937023953,300000.0,False,False
217,2,0,1,NORMAL,0.010568142998476188,0.010226242435676554,0.0024049395044105784,4.394348788855008,4878873818.821455,5121126181.178545,11747783.635598,5132564.057997,20443.14364,16710855.972219,0.0,7163316.103705,7163316.102242,3548.266818,179509.57179699998,19026.12353549605,89754.78590399999,206223.17724024566,300000.0,False,False
218,2,0,1,NORMAL,0.010582125039952336,0.010249202603694347,0.0024169860396431667,4.378231759052541,4872935162.5377,5127064837.4623,11792169.909272,5152405.082022,20612.75135,16773699.575583,0.0,7190249.076589,7190249.07511,3548.266818,179553.15248,19209.992750782687,89776.57624799998,206242.54475530697,300000.0,False,False
219,2,0,1,NORMAL,0.010596131757744827,0.01027158512976212,0.002429042877540324,4.362266247220218,4867002903.529967,5132997096.470033,11836568.449278,5172254.530471,20782.997648,16836558.57365,0.0,7217188.647198,7217188.645708,3548.266818,179597.13734099997,19395.567230118024,89798.56867600001,206264.0368062176,300000.0,False,False
220,2,0,1,NORMAL,0.010610164641485922,0.010293428969228172,0.0024411284709269223,4.346417965236024,4861077026.07627,5138922973.92373,11880979.355891,5192112.447766,20953.882711,16899433.109079,0.0,7244134.876676,7244134.875177,3548.266818,179641.52980499997,19582.861398382178,89820.76490699999,206285.6161245207,300000.0,False,False
221,2,0,1,NORMAL,0.01062422486800332,0.010314770640116893,0.0024532429061011737,4.330686065200088,4855157515.012041,5144842484.987959,11925402.730233,5211978.878698,21125.406719,16962323.325734,0.0,7271087.826683,7271087.825172,3548.266818,179686.33331200003,19771.889775476477,89843.16666199999,206307.31032645592,300000.0,False,False
222,2,0,1,NORMAL,0.010638313376043713,0.010335644365015398,0.002465386269605367,4.315069612903532,4849244355.591239,5150755644.408761,11969838.674282,5231853.868433,21297.569853,17025229.368695,0.0,7298047.559389,7298047.557869,3548.266818,179731.551325,19962.666976406894,89865.77566700001,206329.14083625653,300000.0,False,False
223,2,0,1,NORMAL,0.010652430923426125,0.01035608220749351,0.002477558648290919,4.299567612970306,4843337533.381895,5156662466.618105,12014287.290871,5251737.462509,21470.372295,17088151.384257,0.0,7325014.137497,7325014.135965,3548.266818,179777.187328,20155.20771135461,89888.59367,206351.12436716305,300000.0,False,False
224,2,0,1,NORMAL,0.010666578130382905,0.010376114202518633,0.0024897601293705197,4.2841790277522485,4837403768.907634,5162596231.092366,12058748.683698,5271629.706844,21643.814229,17151444.346629,0.0,7351987.62423,7351987.622688,3193.440137,179823.244838,20349.526785733244,89911.62242399999,206373.27405275084,300000.0,False,False
225,2,0,1,NORMAL,0.010680773175034975,0.010395769620100333,0.002502008005847341,4.268880495215593,4831509588.44473,5168490411.55527,12103222.957323,5291530.647733,21817.895839,17214398.751206,0.0,7378968.083349,7378968.081792,3193.440137,179869.72737699997,20545.639100232507,89934.86369600001,206394.18099704804,300000.0,False,False
226,2,0,1,NORMAL,0.010694994643395492,0.010415074460312925,0.0025142680553189934,4.2537209271580965,4825621710.463053,5174378289.536947,12147710.217194,5311440.331853,21992.617313,17277369.574681,0.0,7405955.579132,7405955.577566,3193.440137,179916.63850699994,20743.559650847925,89958.31925799999,206417.032028739,300000.0,False,False
227,2,0,1,NORMAL,0.010709243910404096,0.010434053134512355,0.0025265574678575604,4.238670224859438,4819740119.367084,5180259880.632916,12192210.569626,5331358.806268,22167.978839,17340356.968309,0.0,7432950.176409,7432950.174833,3193.440137,179963.98180000004,20943.30352889636,89981.99090499998,206439.9933778214,300000.0,False,False
228,2,0,1,NORMAL,0.010723522067651243,0.010452728549553574,0.0025388763333220746,4.223727610087926,4813864800.054965,5186135199.945035,12236724.121824,5351286.118429,22343.980607,17403361.084607,0.0,7459951.940544,7459951.93896,3193.440137,180011.760858,21144.885921016896,90005.88043299998,206463.090092249,300000.0,False,False
229,2,0,1,NORMAL,0.01073782999134472,0.010471122190959456,0.0025512247418634964,4.208892229346077,4807995737.795383,5192004262.204617,12281250.981886,5371222.316172,22520.622809,17466382.077359,0.0,7486960.937451,7486960.935853,3193.440137,180059.97930400004,21348.32210915696,90029.989659,206486.34165631584,300000.0,False,False
230,2,0,1,NORMAL,0.010752168393767903,0.010489254204043872,0.002563602783985778,4.194163175720577,4802132918.133208,5197867081.866792,12325791.258804,5391167.447731,22697.905637,17529420.101629,0.0,7513977.233576,7513977.231967,3193.440137,180108.64077899998,21553.62747054306,90054.320395,206509.76332622743,300000.0,False,False
231,2,0,1,NORMAL,0.010766537862935499,0.010507143472359462,0.002576010550595687,4.1795395055528015,4796246666.029626,5203753333.970374,12370345.062474,5411121.561731,22875.829286,17592794.657773,0.0,7541000.895929,7541000.894307,2874.096124,180157.74895500002,21760.817477636097,90078.87448400001,206533.36714009725,300000.0,False,False
232,2,0,1,NORMAL,0.010780954937437384,0.01052480872817094,0.002588464140434873,4.165000692505687,4790396297.672183,5209603702.327817,12414912.503698,5431084.707195,23054.393952,17655867.215402,0.0,7568031.992065,7568031.990432,2874.096124,180207.307519,21969.90769807066,90103.65376500001,206555.8853191445,300000.0,False,False
233,2,0,1,NORMAL,0.010795400186930816,0.01054226624163932,0.002600931722548611,4.150589611153874,4784552136.180293,5215447863.819707,12459493.694195,5451056.933543,23233.599833,17718957.277464,0.0,7595070.590101,7595070.588457,2874.096124,180257.32018500002,22180.91379457818,90128.66009800001,206580.18647068273,300000.0,False,False
234,2,0,1,NORMAL,0.010809874887526525,0.010559531315567526,0.0026134293013639377,4.136279822792565,4778714166.047094,5221285833.952906,12504088.746597,5471038.2906,23413.447128,17782065.004201,0.0,7622116.758713,7622116.757056,2874.096124,180307.79068500004,22393.85152489337,90153.89534900001,206604.62010120388,300000.0,False,False
235,2,0,1,NORMAL,0.01082438005786461,0.010576618331199597,0.0026259569705218756,4.122070612494995,4772882372.204625,5227117627.795375,12548697.774463,5491028.828595,23593.936038,17845190.557171,0.0,7649170.567139,7649170.56547,2874.096124,180358.72277999995,22608.73674164374,90179.361396,206629.209032879,300000.0,False,False
236,2,0,1,NORMAL,0.010838916520871513,0.010593540795049398,0.002638514824002894,4.107961199334018,4767056739.913666,5232943260.086334,12593320.892284,5511028.59816,23775.066766,17908334.099254,0.0,7676232.085186,7676232.083504,2874.096124,180410.12024699998,22825.58539222186,90205.06013,206653.97107290113,300000.0,False,False
237,2,0,1,NORMAL,0.010853484950777703,0.010610311385741547,0.002651102956184633,4.093950755649878,4761237254.679711,5238762745.320289,12637958.215485,5531037.650338,23956.839516,17971495.794662,0.0,7703301.383231,7703301.381533,2874.096124,180461.98689,23044.41351863982,90230.993453,206678.92021672853,300000.0,False,False
238,2,0,1,NORMAL,0.010868085908856295,0.010626942000136048,0.0026637214618877797,4.080038421567577,4755397456.906004,5244602543.093996,12682609.86043,5551056.036586,24139.254494,18034963.218557,0.0,7730378.53222,7730378.530508,2586.686512,180514.32653000002,23265.237257365734,90257.163272,206704.0675629936,300000.0,False,False
239,2,0,1,NORMAL,0.010882734447637493,0.010643444738684529,0.0026763853200005125,4.066206149881068,4749590230.757366,5250409769.242634,12727275.944431,5571083.808771,24322.311908,18098161.71861,0.0,7757463.603684,7757463.601958,2586.686512,180567.14302,23488.07283914176,90283.57151699999,206728.27236964484,300000.0,False,False
240,2,0,1,NORMAL,0.010897412939774427,0.010659829783916136,0.0026890649435493286,4.05249154205655,4743789114.985542,5256210885.014458,12771956.585754,5591121.019179,24506.011967,18161378.872687,0.0,7784556.669725,7784556.66799,2586.686512,180620.440227,23712.936588783392,90310.220118,206754.1168657028,300000.0,False,False
241,2,0,1,NORMAL,0.010912122573620536,0.010676106738090614,0.0027017752250268535,4.0388713585572535,4737994094.146621,5262005905.853379,12816651.90362,5611167.720512,24690.354882,18224614.850398,0.0,7811657.803041,7811657.801293,2586.686512,180674.222041,23939.844924959434,90337.11102699998,206780.1155408181,300000.0,False,False
242,2,0,1,NORMAL,0.010926864303249425,0.010692284645520215,0.0027145162620825325,4.0253449411522455,4732205153.18657,5267794846.81343,12861362.018212,5631223.965898,24875.340866,18287869.822728,0.0,7838767.076902,7838767.075148,2586.686512,180728.49237599998,24168.814359952605,90364.246191,206806.2892336725,300000.0,False,False
243,2,0,1,NORMAL,0.010941638904967209,0.01070837201709744,0.0027272881527531205,4.011911573744759,4726422277.343603,5273577722.656397,12906087.050683,5651289.808882,25060.970134,18351143.962034,0.0,7865884.565184,7865884.563422,2586.686512,180783.255168,24399.861499399994,90391.62758799999,206832.65425602926,300000.0,False,False
244,2,0,1,NORMAL,0.01095644701994337,0.010724376855990727,0.0027400909955167547,3.9985704992534705,4720645452.072254,5279354547.927746,12950827.123159,5671365.303441,25247.242902,18414437.442063,0.0,7893010.34235,7893010.340576,2586.686512,180838.51437800002,24633.003042013326,90419.257195,206859.22348434594,300000.0,False,False
245,2,0,1,NORMAL,0.010971289186778744,0.010740306683783502,0.0027529248893373767,3.9853209323918426,4714851086.11774,5285148913.88226,12995582.358747,5691450.503975,25434.159388,18478009.106604,0.0,7920144.483456,7920144.481671,2328.017861,180894.27398100003,24868.25577927836,90447.136996,206886.00718226508,300000.0,False,False
246,2,0,1,NORMAL,0.010986179110139988,0.010756169420967791,0.002765803764181144,3.972146994814943,4709086325.898916,5290913674.101084,13040352.881538,5711545.465319,25621.719812,18541341.794895,0.0,7947287.06416,7947287.062367,2328.017861,180950.53798200004,25105.636595133266,90475.26899499998,206911.9789535823,300000.0,False,False
247,2,0,1,NORMAL,0.011001100801292006,0.010771971445504838,0.002778700136509428,3.9590816787850542,4703327578.680587,5296672421.319413,13085138.81661,5731650.242739,25809.924396,18604694.353533,0.0,7974438.160731,7974438.158925,2328.017861,181007.31040500003,25345.162465625326,90503.65520899999,206939.46328574617,300000.0,False,False
248,2,0,1,NORMAL,0.011016055370088828,0.010787718795478,0.002791627857170712,3.9461045431941972,4697574829.060059,5302425170.939941,13129940.290044,5751764.891934,25998.773363,18668066.961883,0.0,8001597.850032,8001597.848216,2328.017861,181064.59529200004,25586.85045854583,90532.29765100002,206967.1231782472,300000.0,False,False
249,2,0,1,NORMAL,0.011031043713536815,0.010803417177288248,0.002804587028057443,3.933214980737221,4691828061.982325,5308171938.017675,13174757.428911,5771889.469047,26188.266938,18731459.800729,0.0,8028766.209549,8028766.20772,2328.017861,181122.39671300005,25830.71773304242,90561.19836299999,206994.9776882447,300000.0,False,False
250,2,0,1,NORMAL,0.011046066566812765,0.01081907197661241,0.0028175777514979194,3.9204123332320835,4686087262.6508665,5313912737.3491335,13219590.361295,5792024.030658,26378.405349,18794873.052291,0.0,8055943.317371,8055943.31553,2328.017861,181180.718756,26076.781539208867,90590.35938400001,207023.04179250298,300000.0,False,False
251,2,0,1,NORMAL,0.01106112454240534,0.010834688271179697,0.0028306001303073165,3.9076959065936454,4680352416.46133,5319647583.53867,13264439.216291,5812168.633787,26569.188825,18858306.900225,0.0,8083129.25221,8083129.250357,2328.017861,181239.56553400002,26325.059217651455,90619.782773,207051.32736453952,300000.0,False,False
252,2,0,1,NORMAL,0.011076218159684733,0.010850270844631636,0.0028436542678277102,3.8950649820542154,4674602490.78491,5325397509.21509,13309304.124008,5832323.335903,26760.617596,18921994.331419,0.0,8110324.093393,8110324.091529,2095.216075,181298.94117099998,26575.568199031863,90649.47059100002,207079.84392330624,300000.0,False,False
253,2,0,1,NORMAL,0.011091359900956966,0.010865824977297787,0.002856753112569729,3.882505580252953,4668879513.800769,5331120486.199231,13354185.215576,5852488.19492,26952.691895,18985469.928855,0.0,8137527.920877,8137527.918999,2095.216075,181358.84982600002,26828.32600358594,90679.42491999999,207107.66799095724,300000.0,False,False
254,2,0,1,NORMAL,0.011106535266469694,0.010881354673373396,0.002869871150786944,3.8700466616503615,4663162451.55241,5336837548.44759,13399082.623157,5872663.269201,27145.411957,19048966.682337,0.0,8164740.815237,8164740.813346,2095.216075,181419.295671,27083.350240618034,90709.64784199999,207136.8920870772,300000.0,False,False
255,2,0,1,NORMAL,0.011121745296296625,0.010896863745820056,0.0028830212585592785,3.8576702350972094,4657451288.661983,5342548711.338017,13443996.479941,5892848.617562,27338.778019,19112484.78135,0.0,8191962.857681,8191962.855777,2095.216075,181480.282901,27340.658607970377,90740.141457,207166.31288577648,300000.0,False,False
256,2,0,1,NORMAL,0.011136990836723183,0.010912355816200904,0.002896203542267035,3.845375739028888,4651746010.060829,5348253989.939171,13488926.920159,5913044.299269,27532.790319,19176024.416852,0.0,8219194.130049,8219194.128133,2095.216075,181541.815728,27600.26889146715,90770.90787000001,207195.94784962825,300000.0,False,False
257,2,0,1,NORMAL,0.011152272587050437,0.010927834317546037,0.002909418108771812,3.8331625672592935,4646046600.910016,5353953399.089984,13533874.079078,5933250.374052,27727.449097,19239585.781287,0.0,8246434.714819,8246434.71289,2095.216075,181603.89839699998,27862.19896433271,90801.94920499998,207225.81075524434,300000.0,False,False
258,2,0,1,NORMAL,0.011167591134924762,0.010943302499312406,0.0029226650654686345,3.821030082054269,4640353046.540609,5359646953.459391,13578838.093019,5953466.902095,27922.754596,19303169.068589,0.0,8273684.695099,8273684.693162,2095.216075,181666.53515599997,28126.466786583685,90833.26758199999,207255.91258195054,300000.0,False,False
259,2,0,1,NORMAL,0.011182946983646604,0.01095876343378558,0.0029359445203225604,3.808977624147332,4634646596.595231,5365353403.404769,13623819.099353,5973693.94404,28118.707061,19366983.995793,0.0,8300944.154651,8300944.152701,1885.694468,181729.73028499997,28393.090404394243,90864.865149,207286.26218187207,300000.0,False,False
260,2,0,1,NORMAL,0.01119835150683702,0.010974220728821158,0.0029492685044310773,3.796992878068664,4628964713.794253,5371035286.205747,13668817.236507,5993931.560998,28315.306738,19430611.716619,0.0,8328213.177873,8328213.17591,1885.694468,181793.488083,28662.087949434364,90896.744048,207316.02871065057,300000.0,False,False
261,2,0,1,NORMAL,0.011213791558158576,0.010989676911359056,0.002962613347020763,3.785101275343706,4623288646.589697,5376711353.410303,13713832.643975,6014179.81454,28512.553875,19494261.951121,0.0,8355491.84981,8355491.847836,1885.694468,181857.81286700003,28933.477638180506,90928.906439,207347.0959112531,300000.0,False,False
262,2,0,1,NORMAL,0.011229268115538468,0.011005134408402891,0.002975991012904209,3.7732869712466153,4617618379.615583,5382381620.384417,13758865.462313,6034438.766708,28710.448722,19557934.89926,0.0,8382780.256166,8382780.254178,1885.694468,181922.708976,29207.277771198118,90961.354495,207378.38078423173,300000.0,False,False
263,2,0,1,NORMAL,0.01124478198049432,0.01102059554208621,0.0029894016131976624,3.761549445497942,4611953897.780854,5388046102.219146,13803915.833154,6054708.480008,28908.991532,19621630.762524,0.0,8410078.483288,8410078.481291,1885.694468,181988.180763,29483.50673239588,90994.09038599998,207409.8993597667,300000.0,False,False
264,2,0,1,NORMAL,0.011260333820969333,0.011036062527820606,0.0030028452595470983,3.749888138647432,4606295186.198935,5393704813.801065,13848983.899201,6074989.017427,29108.18256,19685349.743933,0.0,8437386.61819,8437386.61618,1885.694468,182054.23260900003,29762.182988250748,91027.116311,207441.66433854678,300000.0,False,False
265,2,0,1,NORMAL,0.01127592420341955,0.011051537474633442,0.0030163220641787046,3.738302463563287,4600642230.133775,5399357769.866225,13894069.804252,6095280.442416,29308.022062,19749092.048049,0.0,8464704.748533,8464704.746513,1885.694468,182120.868908,30043.325087003814,91060.43445900001,207473.6858980964,300000.0,False,False
266,2,0,1,NORMAL,0.011291553617731123,0.011067022387091358,0.0030298321399294475,3.726791814279869,4594978314.915804,5405021685.084196,13939173.693176,6115582.818909,29508.510297,19813046.450419,0.0,8492032.962656,8492032.96062,1697.125022,182188.094078,30326.951657826063,91094.04704700001,207505.9722961581,300000.0,False,False
267,2,0,1,NORMAL,0.011307232432144836,0.011082519809352874,0.003043386661162783,3.7153453343403613,4589336831.044945,5410663168.955055,13984295.711947,6135896.211312,29709.647525,19876836.019809,0.0,8519371.349548,8519371.347499,1697.125022,182255.912551,30613.081409954,91127.95628200001,207537.77606073444,300000.0,False,False
268,2,0,1,NORMAL,0.011322948730583106,0.01109803135265805,0.003056963679963896,3.7039853645617518,4583701062.784365,5416298937.215635,14029436.007625,6156220.684518,29911.43401,19940649.534881,0.0,8546719.998874,8546719.996813,1697.125022,182324.32878399998,30901.733131794284,91162.164398,207570.79303211282,300000.0,False,False
269,2,0,1,NORMAL,0.011338703435669392,0.011113558583820071,0.003070574310059042,3.692697942050901,4578070994.770488,5421929005.229512,14074594.728376,6176556.303896,30113.870016,20004487.206413,0.0,8574079.000969,8574078.998897,1697.125022,182393.347243,31192.9256899972,91196.67362700001,207604.04852090662,300000.0,False,False
270,2,0,1,NORMAL,0.011354497309650486,0.011129103017744614,0.0030842186675564794,3.6814825839330854,4572446611.88471,5427553388.11529,14119772.02347,6196903.1353,30316.955811,20068349.246758,0.0,8601448.446841,8601448.444758,1697.125022,182462.97242300003,31486.678028498238,91231.48621699998,207637.55726857006,300000.0,False,False
271,2,0,1,NORMAL,0.01137033099314622,0.011144666112931814,0.003097896869144058,3.6703387728616725,4566827899.190638,5433172100.809362,14164968.043286,6217261.245073,30520.691664,20132235.869845,0.0,8628828.428176,8628828.426079,1697.125022,182533.20883,31783.009167527638,91266.60442199999,207671.3310126617,300000.0,False,False
272,2,0,1,NORMAL,0.011386205034563838,0.01116024926916614,0.00311160903213222,3.659265967216157,4561214841.885768,5438785158.114232,14210182.939315,6237630.700047,30725.077846,20196147.291189,0.0,8656219.037329,8656219.035226,1697.125022,182604.06098799998,32081.938202586967,91302.03049699999,207705.3792101286,300000.0,False,False
273,2,0,1,NORMAL,0.011402119912887653,0.011175853826825592,0.0031253552744900533,3.6482636089262117,4555592540.972011,5444407459.027989,14255416.86417,6258011.567538,30930.114631,20260253.440394,0.0,8683620.367355,8683620.365241,1527.41252,182675.53344700002,32383.48430339277,91337.766729,207739.70958562812,300000.0,False,False
274,2,0,1,NORMAL,0.011418085084697145,0.01119148164991408,0.0031391459712364262,3.637322121787113,4549990754.832781,5450009245.167219,14300669.971587,6278403.915357,31135.802295,20324215.111158,0.0,8711032.511975,8711032.509854,1527.41252,182747.63076099998,32687.66671278631,91373.81538399999,207773.6497056777,300000.0,False,False
275,2,0,1,NORMAL,0.011434089752311914,0.011207133785552652,0.0031529607837524577,3.6264611381254706,4544394583.514197,5455605416.485803,14345942.416424,6298807.811811,31342.141116,20388202.236284,0.0,8738455.565612,8738455.563476,1527.41252,182820.35751099998,32994.504745609396,91410.178763,207808.72629306433,300000.0,False,False
276,2,0,1,NORMAL,0.01145013478931522,0.011222811269666367,0.0031668100316111203,3.615668346070618,4538804011.649425,5461195988.350575,14391234.354672,6319223.325702,31549.131375,20452215.037685,0.0,8765889.623363,8765889.621217,1527.41252,182893.71829399996,33304.01778754533,91446.859152,207844.0621512858,300000.0,False,False
277,2,0,1,NORMAL,0.011466220923396445,0.011238515118294113,0.0031806938361752892,3.6049432966438264,4533219024.09094,5466780975.90906,14436545.943461,6339650.526326,31756.773354,20516253.738885,0.0,8793334.781027,8793334.77887,1527.41252,182967.71771700002,33616.225293925025,91483.858864,207879.67086268222,300000.0,False,False
278,2,0,1,NORMAL,0.011482348771589063,0.011254246321732497,0.003194612319434112,3.5942855105570453,4527639605.853836,5472360394.146164,14481877.341054,6360089.483481,31965.067338,20580318.565026,0.0,8820791.135097,8820791.132929,1527.41252,183042.36041099997,33931.146788497244,91521.18021099998,207915.56329748142,300000.0,False,False
279,2,0,1,NORMAL,0.011498518867165363,0.011270005840792682,0.0032085656040464405,3.5836944872388323,4522065742.0724745,5477934257.9275255,14527228.706861,6380540.267466,32174.013615,20644409.742879,0.0,8848258.782755,8848258.780579,1527.41252,183117.651014,34248.80186216305,91558.82551100002,207951.74826589512,300000.0,False,False
280,2,0,1,NORMAL,0.011514731680306423,0.011285794604632278,0.0032225538133721027,3.5731697117129992,4516484153.113271,5483515846.886729,14572600.201435,6401002.949081,32383.612473,20708680.242094,0.0,8875737.821896,8875737.819703,1374.671268,183193.59419099998,34569.2101716734,91596.79710400001,207988.23301512995,300000.0,False,False
281,2,0,1,NORMAL,0.011530995840940653,0.01130161403923282,0.0032365865772848177,3.5627027319053024,4510921357.930806,5489078642.069194,14617991.986486,6421477.599634,32593.864205,20772824.810207,0.0,8903228.351098,8903228.348893,1374.671268,183270.19461799998,34892.39143829005,91635.09731500002,208024.41264582123,300000.0,False,False
282,2,0,1,NORMAL,0.011547301568052514,0.011317464847543769,0.0032506450592610678,3.5523108052521217,4505364076.035913,5494635923.964087,14663404.224873,6441964.290936,32804.769105,20836996.420146,0.0,8930730.469653,8930730.467436,1374.671268,183347.456976,35218.365446408534,91673.728494,208061.66166844196,300000.0,False,False
283,2,0,1,NORMAL,0.011563649691981403,0.011333347740733295,0.003264738838499309,3.5419830694012955,4499812292.058013,5500187707.941987,14708837.080614,6462463.095304,33016.327469,20901195.305232,0.0,8958244.277562,8958244.27533,1374.671268,183425.38597499998,35547.15204214359,91712.69299499999,208099.19063942786,300000.0,False,False
284,2,0,1,NORMAL,0.011580040910061902,0.011349263429077076,0.003278868041880931,3.5317191061519457,4494265990.822048,5505734009.177952,14754290.718892,6482974.08557,33228.539596,20965421.700444,0.0,8985769.875522,8985769.873276,1374.671268,183503.98633,35878.77113187567,91751.993172,208137.0121001231,300000.0,False,False
285,2,0,1,NORMAL,0.011596475819036207,0.011365212615526053,0.003293032796962462,3.521518470673281,4488725157.29877,5511274842.70123,14799765.30605,6503497.335075,33441.405788,21029675.842414,0.0,9013307.364946,9013307.36269,1374.671268,183583.262778,36213.24268075885,91791.63139399998,208175.13613767683,300000.0,False,False
286,2,0,1,NORMAL,0.01161295493959049,0.011381195991272146,0.0033072332320147214,3.511380699484577,4483189776.566614,5516810223.433386,14845261.009599,6524032.917671,33654.926348,21093957.96943,0.0,9040856.847967,9040856.845697,1374.671268,183663.22006,36550.5867111891,91831.61003700002,208213.57097965872,300000.0,False,False
287,2,0,1,NORMAL,0.011629478734847846,0.011397214232793159,0.003321469476055258,3.5013053164226555,4477648013.206414,5522351986.793586,14890777.998229,6544580.907723,33869.101583,21158405.788581,0.0,9068418.427414,9068418.425135,1237.204142,183743.86293499998,36890.82330123263,91871.931472,208252.3234436034,300000.0,False,False
288,2,0,1,NORMAL,0.01164605508528686,0.01141326848134114,0.003335750464919015,3.4912848571152346,4472123497.12008,5527876502.87992,14936316.441797,6565141.380115,34083.931801,21222744.607242,0.0,9095992.206847,9095992.204558,1237.204142,183825.196178,37233.97258301404,91912.59809400002,208290.8494068708,300000.0,False,False
289,2,0,1,NORMAL,0.01166267513434263,0.011429359233147689,0.0033500587631331963,3.481334495588049,4466604392.124395,5533395607.875605,14981876.511341,6585714.410243,34299.417313,21287112.135839,0.0,9123578.290543,9123578.28824,1237.204142,183907.22457199998,37580.05474106329,91953.61229299998,208330.38638266464,300000.0,False,False
290,2,0,1,NORMAL,0.011679339673905012,0.01144548700351913,0.003364403260242772,3.4714446427751477,4461090682.846817,5538909317.153183,15027458.379078,6606300.074026,34515.558432,21351508.619355,0.0,9151176.783488,9151176.781175,1237.204142,183989.952912,37929.090010621774,91994.976461,208370.22391589909,300000.0,False,False
291,2,0,1,NORMAL,0.011696049374941633,0.011461652317804454,0.00337878408891505,3.461614908544604,4455582354.09138,5544417645.90862,15073062.21841,6626898.447899,34732.355475,21415934.304452,0.0,9178787.791401,9178787.789073,1237.204142,184073.38600499998,38281.098675906076,92036.69301,208410.37360424333,300000.0,False,False
292,2,0,1,NORMAL,0.01171280481673232,0.01147785570483206,0.0033932013825407406,3.451844879292745,4450079390.792792,5549920609.207208,15118688.203927,6647509.608819,34949.80876,21480389.439482,0.0,9206411.420714,9206411.418371,1237.204142,184157.528671,38636.10106832994,92078.76434299999,208450.84483028582,300000.0,False,False
293,2,0,1,NORMAL,0.01172960650938987,0.011494097692222887,0.003407655275271041,3.442134125042009,4444581777.98239,5555418222.01761,15164336.51141,6668133.634265,35167.918608,21544874.274489,0.0,9234047.778583,9234047.776231,1237.204142,184242.38574300002,38994.11756468318,92121.19287600003,208491.64529327617,300000.0,False,False
294,2,0,1,NORMAL,0.011746454910923023,0.011510378803106767,0.0034221459020449285,3.4324822047779557,4439078968.188187,5560921031.811813,15210007.317826,6688770.60224,35386.685343,21609512.78162,0.0,9261696.9729,9261696.970537,1113.483728,184327.96205700006,39355.16858526762,92163.981034,208532.78141815143,300000.0,False,False
295,2,0,1,NORMAL,0.011763357221927982,0.011526699991417814,0.003436681552787205,3.4228825223529094,4433592014.87696,5566407985.12304,15255700.801338,6709420.591272,35606.109291,21674057.77348,0.0,9289359.112274,9289359.109904,1113.483728,184414.26246100003,39719.27459198918,92207.131234,208573.76378339692,300000.0,False,False
296,2,0,1,NORMAL,0.011780305426452115,0.01154306163238777,0.0034512460979632203,3.4133484231693454,4428110369.894479,5571889630.105521,15301417.141305,6730083.680409,35826.190781,21738633.225613,0.0,9317034.306057,9317034.303674,1113.483728,184501.29181900003,40086.456086406164,92250.645916,208615.7065891405,300000.0,False,False
297,2,0,1,NORMAL,0.01179730028247521,0.011559464125941799,0.0034658477852379547,3.4038714373791352,4422634017.873333,5577365982.126667,15347156.518288,6750759.949233,36046.930144,21803239.394859,0.0,9344722.664315,9344722.661921,1113.483728,184589.054997,40456.73360773267,92294.527504,208657.97047758722,300000.0,False,False
298,2,0,1,NORMAL,0.011814342437790447,0.011575907887996551,0.003480486753332765,3.394451200389583,4417162943.605564,5582837056.394436,15392919.114047,6771449.477847,36268.327714,21867876.539761,0.0,9372424.297854,9372424.295448,1113.483728,184677.55687,40830.12773079733,92338.778441,208700.56619336616,300000.0,False,False
299,2,0,1,NORMAL,0.011831432456827573,0.011592393344050166,0.0034951631417386576,3.3850873269801265,4411697132.001773,5588302867.998227,15438705.111544,6792152.346887,36490.383828,21932544.920573,0.0,9400139.318212,9400139.315796,1113.483728,184766.80233,41206.659063956395,92383.40117,208743.50247709834,300000.0,False,False
300,2,0,1,NORMAL,0.01184857084104735,0.011608920924501597,0.003509877090751926,3.3757794175376703,4406236568.060689,5593763431.939311,15484514.694949,6812868.637514,36713.098824,21997244.799261,0.0,9427867.837659,9427867.835232,1113.483728,184856.79625900002,41586.348246961184,92428.39813500001,208786.78654903558,300000.0,False,False
301,2,0,1,NORMAL,0.01186575804450589,0.011625491061276068,0.0035246287414997675,3.3665270627784993,4400771852.837878,5599228147.162122,15530348.049634,6833598.431423,36936.473045,22062087.787877,0.0,9455609.969201,9455609.966762,1002.135356,184947.54356,41969.215948779056,92473.771786,208830.42447632173,300000.0,False,False
302,2,0,1,NORMAL,0.011883000651378041,0.01164210458321813,0.0035394257832603937,3.357324430301189,4395321742.289454,5604678257.710546,15576205.362181,6854341.810837,37160.506835,22126851.455074,0.0,9483365.826579,9483365.824132,1002.135356,185039.049142,42355.282865367895,92519.524575,208873.9760593846,300000.0,False,False
303,2,0,1,NORMAL,0.011900291409914889,0.011658761797843729,0.003554253303022977,3.348183259699979,4389876836.863692,5610123163.136308,15622086.820381,6875098.858513,37385.200542,22191647.41634,0.0,9511135.524274,9511135.521816,1002.135356,185131.317911,42744.56971740327,92565.658961,208918.44450656662,300000.0,False,False
304,2,0,1,NORMAL,0.01191763104814049,0.01167546303979836,0.0035691189515081826,3.339096065460223,4384437121.209622,5615562878.790378,15667992.613237,6895869.657738,37610.554516,22256475.940512,0.0,9538919.177501,9538919.175031,1002.135356,185224.354786,43137.09724795834,92612.17739899998,208963.25444925335,300000.0,False,False
305,2,0,1,NORMAL,0.011935020193586983,0.011692208662623433,0.003584022873757552,3.3300625062903406,4379002580.120714,5620997419.879286,15713922.930967,6916654.292332,37836.569109,22321337.298151,0.0,9566716.902211,9566716.899732,1002.135356,185318.164689,43532.886220135624,92659.08234899999,209008.41585739003,300000.0,False,False
306,2,0,1,NORMAL,0.011952459397926971,0.011708999032643016,0.0035989652156266953,3.3210822227537604,4373573198.4992,5626426801.5008,15759877.964994,6937452.84665,38063.244677,22386231.761538,0.0,9594528.815102,9594528.812611,1002.135356,185412.75254400002,43931.95741465063,92706.376278,209053.9368860409,300000.0,False,False
307,2,0,1,NORMAL,0.011969949155487138,0.011725834524439411,0.003613946123820635,3.3121548427602465,4368148961.328215,5631851038.671785,15805857.907962,6958265.405579,38290.581578,22451159.604682,0.0,9622355.033604,9622355.0311,1002.135356,185508.123279,44334.33162736664,92754.061646,209099.82431569314,300000.0,False,False
308,2,0,1,NORMAL,0.011987489917504502,0.011742715517540386,0.0036289657459181415,3.3032799857612387,4362721493.808263,5637278506.191737,15851862.953728,6979092.054543,38518.580173,22516221.316855,0.0,9650195.675886,9650195.673371,901.921821,185604.281829,44740.02966678073,92802.14091999999,209146.08388277073,300000.0,False,False
309,2,0,1,NORMAL,0.012005087708977534,0.011759642755697622,0.0036440312130693845,3.2944524914937796,4357307503.243047,5642692496.756953,15897893.297366,6999932.879495,38747.240827,22581216.748446,0.0,9678050.860863,9678050.858337,901.921821,185701.23312500003,45149.07235145992,92850.616568,209192.3196796269,300000.0,False,False
310,2,0,1,NORMAL,0.012022735973003004,0.011776616511652807,0.0036591287448253934,3.2856826888108595,4351898614.294639,5648101385.705361,15943949.13516,7020787.96693,38976.563905,22646246.39218,0.0,9705920.708189,9705920.70565,901.921821,185798.982107,45561.48050742806,92899.49106000001,209239.43500567475,300000.0,False,False
311,2,0,1,NORMAL,0.012040435410949062,0.011793637085800952,0.0036742654371806145,3.2769639583219896,4346494811.643379,5653505188.356621,15990030.664617,7041657.403874,39206.549777,22711310.528976,0.0,9733805.338253,9733805.335703,901.921821,185897.53370899995,45977.27496550217,92948.76686,209286.91208376831,300000.0,False,False
312,2,0,1,NORMAL,0.012058186632632906,0.011810704798499789,0.00368944144175657,3.2682959800256146,4341096080.102284,5658903919.897716,16036138.084457,7062541.277889,39437.198816,22776409.441478,0.0,9761704.872192,9761704.869631,901.921821,185996.892871,46396.47655857849,92998.44644100001,209334.76017446927,300000.0,False,False
313,2,0,1,NORMAL,0.012075990178687797,0.01182781998431837,0.003704656911034568,3.259678417917366,4335702404.5844,5664297595.4156,16082271.594616,7083439.677072,39668.511397,22841543.414059,0.0,9789619.431883,9789619.429307,901.921821,186097.064529,46819.10611886785,93048.53227200001,209382.9868962579,300000.0,False,False
314,2,0,1,NORMAL,0.012093846537516006,0.011844982987750477,0.0037199119983877204,3.251110924870724,4330313770.078179,5669686229.921821,16128431.396252,7104352.690054,39900.487898,22906712.732824,0.0,9817549.139934,9817549.137347,901.921821,186198.05362099994,47245.184475079644,93099.02681599998,209431.59862189714,300000.0,False,False
315,2,0,1,NORMAL,0.012111756158384637,0.011862194160049456,0.0037352068581025678,3.2425931463772364,4324922714.965763,5675077285.034237,16174617.691732,7125280.406004,40133.1287,22972007.877782,0.0,9845494.119704,9845494.117107,811.729639,186299.865082,47674.732449554744,93149.93254600001,209480.60077847147,300000.0,False,False
316,2,0,1,NORMAL,0.012129724558913237,0.011879454185782604,0.0037505481030935387,3.2341205139879046,4319544119.926187,5680455880.073813,16220830.684641,7146222.914627,40366.434187,23037248.754126,0.0,9873454.495287,9873454.492681,811.729639,186402.503845,48107.77085534642,93201.25192699999,209529.63731009673,300000.0,False,False
317,2,0,1,NORMAL,0.012147745813850013,0.011896763323077276,0.003765923006721824,3.225702116630481,4314170522.866016,5685829477.133984,16267070.57978,7167180.306159,40600.404746,23102525.845319,0.0,9901430.391519,9901430.388904,811.729639,186505.97484100002,48544.32049324946,93252.98742499998,209579.52157911172,300000.0,False,False
318,2,0,1,NORMAL,0.012165820600860626,0.011914121857127815,0.003781338149870493,3.2173320974420903,4308801908.516946,5691198091.483054,16313337.58316,7188152.671374,40835.040767,23167839.444365,0.0,9929421.933976,9929421.93135,811.729639,186610.28299499996,48984.402148776964,93305.141503,209629.78763752308,300000.0,False,False
319,2,0,1,NORMAL,0.012183949513981853,0.011931530093053883,0.0037967936909960778,3.20901015582583,4303438261.732871,5696561738.267129,16359631.902009,7209140.101578,41070.342643,23233189.845993,0.0,9957429.248967,9957429.246332,811.729639,186715.43322900002,49428.03658908469,93357.71661900001,209680.4440946522,300000.0,False,False
320,2,0,1,NORMAL,0.01220213308427341,0.011948988350551918,0.00381228978945751,3.2007359771067603,4298079567.461352,5701920432.538648,16405953.744765,7230142.688612,41306.31077,23298577.346652,0.0,9985452.463546,9985452.460899,811.729639,186821.43046399998,49875.24455984257,93410.715238,209731.4980699645,300000.0,False,False
321,2,0,1,NORMAL,0.012220371795148812,0.011966496959880751,0.0038278266055447882,3.1925092368204515,4292725810.7217274,5707274189.278273,16452303.321077,7251160.524851,41542.945547,23364002.244511,0.0,10013491.705495,10013491.702835,811.729639,186928.27960299997,50326.04678205344,93464.139808,209782.95555583885,300000.0,False,False
322,2,0,1,NORMAL,0.012238666094421554,0.011984056258883385,0.003843404300501343,3.1843296040505322,4287370344.088327,5712629655.911673,16498680.841801,7272193.703202,41780.247375,23429546.012417,0.0,10041547.103341,10041547.100667,730.556676,187035.98556400003,50780.463948818324,93517.992789,209834.82168660447,300000.0,False,False
323,2,0,1,NORMAL,0.012257021039041341,0.012001666889861318,0.0038590290063972004,3.176193031646717,4282026419.702429,5717973580.297571,16545086.519004,7293242.317105,42018.21666,23495046.606046,0.0,10069618.78633,10069618.78365,730.556676,187144.55323,51238.51672204868,93572.276618,209886.7762576891,300000.0,False,False
324,2,0,1,NORMAL,0.012275431277954286,0.012019329108447961,0.0038746889766051455,3.1681075183251353,4276687389.7214046,5723312610.278595,16591520.565953,7314306.460531,42256.853809,23560585.501669,0.0,10097706.884461,10097706.881774,730.556676,187253.987501,51700.22572912479,93626.993754,209939.55166409415,300000.0,False,False
325,2,0,1,NORMAL,0.01229389746746411,0.012037043196126423,0.00389039031403248,3.160067878824529,4271353238.952167,5728646761.0478325,16637983.197117,7335386.227981,42496.159234,23626163.004302,0.0,10125811.528459,10125811.525759,730.556676,187364.29324899995,52165.611559500656,93682.14663100001,209992.7285992752,300000.0,False,False
326,2,0,1,NORMAL,0.012312420187506461,0.012054809453634813,0.0039061331842147,3.1520738302684843,4266023952.315606,5733976047.684393,16684474.628174,7356481.714484,42736.133349,23691779.420671,0.0,10153932.84977,10153932.847059,730.556676,187475.475349,52634.69476125488,93737.73768,210046.3150679947,300000.0,False,False
327,2,0,1,NORMAL,0.012330999960571281,0.012072628196017812,0.00392191775362897,3.144125077370974,4260699514.821653,5739300485.178347,16730995.075993,7377593.015602,42976.776571,23757435.059199,0.0,10182070.98058,10182070.977854,730.556676,187587.538661,53107.49583758778,93793.76933799998,210100.3177235071,300000.0,False,False
328,2,0,1,NORMAL,0.01234963726568185,0.012090499748899364,0.003937744189721458,3.1362213162342116,4255379911.5496154,5744620088.450384,16777544.758638,7398720.227421,43218.089321,23823130.230006,0.0,10210226.053795,10210226.051056,730.556676,187700.488031,53584.03524326408,93850.24402200001,210154.7421970875,300000.0,False,False
329,2,0,1,NORMAL,0.012368332549313604,0.012108424445700284,0.00395361266093053,3.1283622372866864,4250059220.9628596,5749940779.037139,16824123.895372,7419863.446553,43460.072022,23888938.300575,0.0,10238398.203044,10238398.200298,657.501009,187814.32829499998,54064.33338100179,93907.16415099999,210209.59334122826,300000.0,False,False
330,2,0,1,NORMAL,0.012387090450338874,0.012126402897612451,0.0039695288534856935,3.1205442528680987,4244749243.389135,5755250756.610864,16870732.706635,7441022.77014,43702.725102,23954713.47307,0.0,10266587.562693,10266587.559936,657.501009,187929.06427700003,54548.41059780647,93964.532144,210264.58319658143,300000.0,False,False
331,2,0,1,NORMAL,0.01240590613913552,0.012144435364807488,0.003985481931684535,3.112774402640923,4239444056.9292455,5760555943.070753,16917371.414059,7462198.295842,43946.04899,24020529.118342,0.0,10294794.267819,10294794.265051,657.501009,188044.700785,55036.287181251515,94022.350398,210320.37126747487,300000.0,False,False
332,2,0,1,NORMAL,0.012424780252530859,0.012162522131757383,0.0040014775552315125,3.1050480931191933,4234143646.4934483,5765856353.50655,16964040.240462,7483390.121842,44190.044119,24086385.553255,0.0,10323018.454215,10323018.451441,657.501009,188161.24261199997,55527.98335570378,94080.621309,210376.5802095205,300000.0,False,False
333,2,0,1,NORMAL,0.012443713357737451,0.012180663501175453,0.004017515896968358,3.0973650576286587,4228847997.1008153,5771152002.899183,17010739.409835,7504598.346843,44434.710926,24152283.09634,0.0,10351260.258403,10351260.255618,657.501009,188278.69453500002,56023.51927849516,94139.34727300002,210433.21746132322,300000.0,False,False
334,2,0,1,NORMAL,0.012462705969300183,0.012198859789441565,0.004033597130717667,3.0897250184930565,4223557093.85537,5776442906.144629,17057469.147347,7525823.07007,44680.04985,24218222.0678,0.0,10379519.817609,10379519.814812,657.501009,188397.06131999998,56522.915036039485,94198.53066600002,210490.28923745875,300000.0,False,False
335,2,0,1,NORMAL,0.012481758562132997,0.012217111323163594,0.004049721431305389,3.082127690474162,4218270921.9297915,5781729078.070208,17104229.679328,7547064.391265,44926.061335,24284202.789493,0.0,10407797.269773,10407797.266965,657.501009,188516.34770299998,57026.19063989544,94258.173857,210547.8008210858,300000.0,False,False
336,2,0,1,NORMAL,0.012500871581473982,0.012235418436602974,0.004065888974583378,3.074572783373879,4212984206.910901,5787015793.089098,17151021.23328,7568322.410683,45172.745827,24350291.335032,0.0,10436092.753547,10436092.750725,591.750909,188636.55841199998,57533.3660227749,94318.27921300002,210605.7567887753,300000.0,False,False
337,2,0,1,NORMAL,0.012520049285845315,0.012253781717199255,0.004082105033685143,3.067057114535529,4207707454.9714584,5792292545.028541,17197844.037867,7589597.229095,45420.103774,24416356.529383,0.0,10464406.408276,10464406.405444,591.750909,188757.69814999998,58044.461034497406,94378.84908,210663.89818148472,300000.0,False,False
338,2,0,1,NORMAL,0.012539287319352306,0.012272201433467194,0.004098359619210022,3.0595868797305084,4202435391.3863955,5797564608.613604,17244698.322904,7610888.947779,45668.13563,24482464.449442,0.0,10492738.374024,10492738.371183,591.750909,188879.77160500002,58559.49543789026,94439.885807,210722.81886664566,300000.0,False,False
339,2,0,1,NORMAL,0.012558586300923272,0.012290677876528877,0.004114657980179549,3.0521580071584125,4197168001.202905,5802831998.797094,17291584.319357,7632197.668527,45916.841851,24548615.423642,0.0,10521088.791549,10521088.788695,591.750909,189002.78343699998,59078.48890463476,94501.39172500001,210782.1792544351,300000.0,False,False
340,2,0,1,NORMAL,0.012577946785621163,0.01230921135453483,0.004131000296954947,3.044770244846666,4191905269.5721216,5808094730.427877,17338502.259339,7653523.493635,46166.222897,24614809.782041,0.0,10549457.802299,10549457.799434,591.750909,189126.73828700001,59601.461011058775,94563.36914899999,210841.98625032126,300000.0,False,False
341,2,0,1,NORMAL,0.012597369280460943,0.01232780218846555,0.004147386750911853,3.037423331135265,4186647181.7291512,5813352818.270847,17385452.376101,7674866.525901,46416.27923,24681047.856308,0.0,10577845.548422,10577845.545546,591.750909,189251.64076900002,60128.4312338754,94625.82039000001,210902.24564417233,300000.0,False,False
342,2,0,1,NORMAL,0.01261685425624777,0.012346450708967628,0.004163817524461932,3.0301169977130966,4181393722.977325,5818606277.022674,17432434.904023,7696226.86863,46667.011316,24747329.979721,0.0,10606252.172754,10606252.169864,591.750909,189377.49547599998,60659.41894586843,94688.74774499997,210962.96238097278,300000.0,False,False
343,2,0,1,NORMAL,0.012636402156502215,0.01236515725396986,0.004180292801073731,3.0228509718880185,4176140195.7703075,5823859804.2296915,17479450.078617,7717604.625624,46918.419626,24813715.662249,0.0,10634677.81881,10634677.815906,532.575819,189504.30697399998,61194.44341152444,94752.153494,211024.1407631767,300000.0,False,False
344,2,0,1,NORMAL,0.012656016893902033,0.01238392239203,0.004196817471373027,3.015622428240012,4170895952.776212,5829104047.223787,17526498.136512,7738999.901181,47170.504631,24880086.890178,0.0,10663122.63079,10663122.627872,532.575819,189632.079804,61733.52378261199,94816.039909,211085.54790275,300000.0,False,False
345,2,0,1,NORMAL,0.012675694542271871,0.012402746401723026,0.00421338233185912,3.0084368196130034,4165656296.184417,5834343703.815582,17573579.31545,7760412.800094,47423.266809,24946503.176642,0.0,10691586.753569,10691586.75064,532.575819,189760.81847499995,62276.67909370822,94880.409243,211147.71856417344,300000.0,False,False
346,2,0,1,NORMAL,0.012695435703618536,0.01242162958249048,0.004229992251261077,3.001290534240028,4160421211.2166705,5839578788.783329,17620693.854277,7781843.427649,47676.706639,25012964.861253,0.0,10720070.332702,10720070.329757,532.575819,189890.52747199996,62823.92825767283,94945.26374400001,211210.34711410108,300000.0,False,False
347,2,0,1,NORMAL,0.012715240921354976,0.012440572249513997,0.004246647417649866,2.994183333541664,4155190683.1955853,5844809316.804415,17667841.992949,7803291.889614,47930.824604,25079472.285187,0.0,10748573.514396,10748573.511442,532.575819,190021.21124699997,63375.2900610704,95010.60562799999,211273.439947888,300000.0,False,False
348,2,0,1,NORMAL,0.01273511069501477,0.012459574729868885,0.004263348020138298,2.987114970408083,4149964697.5274706,5850035302.472529,17715023.972499,7824758.292247,48185.621191,25146025.791161,0.0,10777096.445539,10777096.442572,532.575819,190152.87422099998,63930.78315954067,95076.43711700001,211337.0024440058,300000.0,False,False
349,2,0,1,NORMAL,0.012755045490816255,0.012478637359607426,0.004280094248906902,2.9800851918328153,4144743239.6878295,5855256760.31217,17762240.035054,7846242.742284,48441.096891,25212625.723434,0.0,10805639.273666,10805639.270686,532.575819,190285.520787,64490.426073117844,95142.76039999998,211401.03921366332,300000.0,False,False
350,2,0,1,NORMAL,0.012775045749943634,0.0124977604815646,0.004296886295217496,2.973093740963652,4139522126.3362556,5860477873.663744,17809490.42381,7867745.346943,48697.252197,25279325.685366,0.0,10834202.146967,10834202.143977,479.318238,190419.15529400003,65054.23718149892,95209.577652,211465.55427988563,300000.0,False,False
351,2,0,1,NORMAL,0.012795115069971356,0.012516944648558586,0.004313728695741602,2.966138107526872,4134309682.1061506,5865690317.893848,17856775.383034,7889266.213909,48954.087606,25346019.509086,0.0,10862785.214288,10862785.211285,479.318238,190553.78206899998,65622.23471926166,95276.89104100001,211530.33818739848,300000.0,False,False
352,2,0,1,NORMAL,0.01281524991441563,0.01253619014958162,0.004330612976464084,2.959223090140739,4129101723.437243,5870898276.562756,17904095.15805,7910805.451345,49211.603619,25412760.800972,0.0,10891388.625109,10891388.622092,479.318238,190689.4054,66194.43677103269,95344.70270700002,211595.8724697796,300000.0,False,False
353,2,0,1,NORMAL,0.012835450868789431,0.012555497292756318,0.004347543654189133,2.9523454828157187,4123898235.7672925,5876101764.232706,17951449.995231,7932363.167881,49469.80074,25479549.911306,0.0,10920012.529548,10920012.526519,479.318238,190826.02953400003,66770.86126660623,95413.01477299999,211661.88203157025,300000.0,False,False
354,2,0,1,NORMAL,0.012855718465051423,0.012574866400646326,0.004364520924858404,2.945505059176339,4118699204.634206,5881300795.365793,17998840.141993,7953939.472605,49728.679478,25546387.191844,0.0,10948657.078357,10948657.075319,479.318238,190963.658685,67351.52597601405,95481.82934699999,211728.37277231397,300000.0,False,False
355,2,0,1,NORMAL,0.012876053194701895,0.012594297806714429,0.0043815449854832855,2.9387015852541025,4113504615.6600375,5886495384.339962,18046265.846779,7975534.475068,49988.240343,25613272.9958,0.0,10977322.422916,10977322.41987,479.318238,191102.29702199998,67936.44850454714,95551.14851499998,211795.3496680343,300000.0,False,False
356,2,0,1,NORMAL,0.01289645551873813,0.012613791852651443,0.004398616034165249,2.9319348219003083,4108314454.53881,5891685545.461189,18093727.359055,7997148.285273,50248.483851,25680207.677835,0.0,11006008.715225,11006008.71217,479.318238,191241.94867899996,68525.64628772983,95620.974344,211862.81699156167,300000.0,False,False
357,2,0,1,NORMAL,0.012916925875172673,0.012633348886362491,0.0044157342701099285,2.925204526596459,4103124996.251305,5896875003.748694,18141224.929295,8018781.013678,50509.41052,25747239.525867,0.0,11034716.107897,11034716.104831,431.386415,191382.61775099998,69119.13658624703,95691.308881,211930.77847979465,300000.0,False,False
358,2,0,1,NORMAL,0.012937467573928035,0.012652969446850591,0.0044329039026582435,2.9185084671404513,4097943649.3213935,5902056350.678606,18188758.808977,8040432.771183,50771.020873,25814273.033762,0.0,11063444.75415,11063444.751069,431.386415,191524.30828099998,69716.93648082504,95762.15414800002,211999.04573258504,300000.0,False,False
359,2,0,1,NORMAL,0.012958077431346937,0.01267265383294713,0.0044501171346233315,2.9118508657960844,4092766688.5530686,5907233311.446931,18236329.250566,8062103.669136,51033.315435,25881356.492257,0.0,11092194.807801,11092194.804708,431.386415,191667.02428,70319.06286706708,95833.512146,212068.0523315194,300000.0,False,False
360,2,0,1,NORMAL,0.012978756016708148,0.012692402360931714,0.004467378157334199,2.9052288746589814,4087594099.6465836,5912405900.353416,18283936.507507,8083793.819315,51296.294736,25948490.261649,0.0,11120966.423264,11120966.420159,431.386415,191810.769698,70925.53245024389,95905.384855,212137.55063483224,300000.0,False,False
361,2,0,1,NORMAL,0.012999503850095052,0.012712215360232575,0.004484687174736347,2.8986422784013444,4082425868.402473,5917574131.597527,18331580.834213,8105503.333933,51559.959309,26015674.703605,0.0,11149759.755543,11149759.752424,431.386415,191955.548456,71536.3617400404,95977.77423500002,212207.5460585953,300000.0,False,False
362,2,0,1,NORMAL,0.013020321414295983,0.01273209317017215,0.00450204439186599,2.892090854950315,4077261980.706799,5922738019.2932005,18379262.48605,8127232.325634,51824.309691,26082910.18115,0.0,11178574.960212,11178574.957084,431.386415,192101.36441900002,72151.56704525936,96050.68221399999,212278.04317610234,300000.0,False,False
363,2,0,1,NORMAL,0.013041209164046533,0.012752036137518886,0.004519450014868963,2.8855743776656526,4072102422.5216193,5927897577.47838,18426981.71933,8148980.907477,52089.346423,26150197.058637,0.0,11207412.193429,11207412.190292,431.386415,192248.221399,72771.16446848263,96124.11070399999,212349.04591636636,300000.0,False,False
364,2,0,1,NORMAL,0.013062167532820121,0.012772044614635096,0.004536904251012099,2.8790926169328337,4066943877.3125877,5933056122.687411,18474738.791295,8170749.192945,52355.070049,26217578.840383,0.0,11236271.611912,11236271.608766,388.247774,192396.12316699998,73395.1699006912,96198.061588,212420.55771810014,300000.0,False,False
365,2,0,1,NORMAL,0.010200627834423714,0.012606146757847264,0.0045452969962602695,2.2442159099430636,4065528191.8529863,5934471808.147013,18485467.789508,8176649.280941,52620.947991,26232019.720887,0.0,11242460.56071,11242460.557552,388.247774,41259.65859200001,74023.59901584474,20629.829302000006,212492.40908813625,300000.0,False,True
366,2,0,2,CONSERVADOR,0.0071204394840966,0.01225223015954077,0.004549520788039549,1.5650965927699156,4063498523.4990487,5936501476.50095,18496205.023196,8182553.876163,52886.980367,26246471.851574,0.0,11248654.331013,11248654.327846,388.247774,41291.80197099999,74656.46726542187,20645.90099,995302.5608507972,300000.0,False,True
367,2,0,3,DEFENSIVO,0.00496430763886762,0.011782041609819922,0.004554437620941425,1.0899935517925643,4060692880.2871027,5939307119.712896,18506950.548064,8188463.003235,53153.167297,26260399.927603,0.0,11254852.956756,11254852.953582,923.631797,41324.171582999996,75293.78987292197,20126.701772,694413.4879269807,300000.0,False,True
368,2,0,3,DEFENSIVO,0.004560232690806389,0.011316118453754532,0.004560232690806389,1.0,4057740735.4892855,5942259264.510714,18517704.42001,8194376.686863,53419.508901,26273862.394818,0.0,11261056.471993,11261056.46881,1936.033449,41356.768199000006,75935.58182832964,19665.982452,483804.6884329109,300000.0,False,True
369,2,0,3,DEFENSIVO,0.004566202698231488,0.010880640017914337,0.004566202698231488,1.0,4054791821.4272323,5945208178.572767,18528466.695115,8200294.951839,53686.005299,26287327.734165,0.0,11267264.910884,11267264.907691,2957.051496,41389.592560000005,76581.85788254309,19673.778237999995,444101.80686708,300000.0,False,True
370,2,0,3,DEFENSIVO,0.004572179842049558,0.010473642587213386,0.004572179842049558,1.0,4051846129.8894377,5948153870.110561,18539237.429637,8206217.823041,53952.656614,26300795.965635,0.0,11273478.307701,11273478.304499,3986.745916,41422.645404999996,77232.63254176735,19681.628287000003,444360.032538432,300000.0,False,True
371,2,0,3,DEFENSIVO,0.004578164146753069,0.010093289139441752,0.004578164146753069,1.0,4048903652.682596,5951096347.317403,18550016.68002,8212145.325421,54219.462967,26314267.109286,0.0,11279696.696828,11279696.693615,5025.176873,41455.92745900001,77887.92006187371,19689.532778,444618.460756008,300000.0,False,True
372,2,0,3,DEFENSIVO,0.0045841556369420056,0.009737861171538542,0.0045841556369420056,1.0,4045964381.633547,5954035618.366452,18560804.50288,8218077.484014,54486.424483,26327741.185234,0.0,11285920.112751,11285920.109526,6072.404722,41489.439428,78547.73444272636,19697.491871,444877.09287285607,300000.0,False,True
373,2,0,3,DEFENSIVO,0.0045901543373226055,0.009405751053202032,0.0045901543373226055,1.0,4043028308.5881553,5956971691.411844,18571600.955008,8224014.323934,54753.541285,26341218.213658,0.0,11292148.590061,11292148.586826,7128.490002,41523.18201800001,79212.0894224779,19705.505734000002,445135.930246368,300000.0,False,True
374,2,0,2,CONSERVADOR,0.004596160272707333,0.009095454873815278,0.004596160272707333,1.0,4040095425.4119425,5959904574.588057,18582406.093364,8229955.870369,55020.813498,26354698.214797,0.0,11298382.163458,11298382.160209,8193.493428,41557.15591,79880.99847183452,19713.574536,445394.97423801594,300000.0,False,True
375,2,0,2,CONSERVADOR,0.00460217346801361,0.008805565750860332,0.00460217346801361,1.0,4037056820.7041464,5962943179.295853,18593219.975074,8235902.148583,55288.241248,26368682.400763,0.0,11304620.867733,11304620.864473,8766.284078,41591.361771,80554.4747882926,20222.890241,445654.2262134,300000.0,False,True
376,2,0,2,CONSERVADOR,0.00460831825849458,0.008534775590062542,0.00460831825849458,1.0,4034020698.356214,5965979301.643785,18604042.657431,8241853.183914,55555.824661,26382673.818814,0.0,11310864.737779,11310864.73451,9343.896116,41625.800261000004,81232.53129034802,20235.288097,445901.658938592,300000.0,False,True
377,2,0,2,CONSERVADOR,0.004614471662346007,0.008281852756016315,0.004614471662346007,1.0,4030987046.80446,5969012953.195539,18614874.197882,8247809.001771,55823.563865,26396672.517933,0.0,11317113.808592,11317113.80531,9926.362201,41660.472021,81915.18061167945,20247.769932,446161.22974512,300000.0,False,True
378,2,0,2,CONSERVADOR,0.004620633715207648,0.008045645075964144,0.004620633715207648,1.0,4027955854.5108786,5972044145.4891205,18625714.65403,8253769.627638,56091.458988,26410678.547242,0.0,11323368.11525,11323368.111959,10513.715077,41695.377677,82602.4350953073,20260.335966999995,446421.011970312,300000.0,False,True
379,2,0,2,CONSERVADOR,0.004626804452874042,0.007825074713184138,0.004626804452874042,1.0,4024927109.967051,5975072890.032948,18636564.083631,8259735.087062,56359.510159,26424691.955984,0.0,11329627.692934,11329627.689631,11105.987577,41730.51784,83294.30678772982,20272.986426,446681.00699330395,300000.0,False,True
380,2,0,2,CONSERVADOR,0.004632983911288683,0.007619133371126367,0.004632983911288683,1.0,4021900801.6924124,5978099198.307587,18647422.544587,8265705.405663,56627.717509,26438712.793531,0.0,11335892.576911,11335892.573593,11703.212614,41765.893106999996,83990.80743303776,20285.721524,446941.21619733603,300000.0,False,True
381,2,0,2,CONSERVADOR,0.004639172126546634,0.007426877806959932,0.004639172126546634,1.0,4018876918.2351193,5981123081.764879,18658290.094947,8271680.609124,56896.081168,26452741.10938,0.0,11342162.802528,11342162.7992,12305.423183,41801.50405999999,84691.94846700935,20298.541466000002,447201.64096896,300000.0,False,True
382,2,0,2,CONSERVADOR,0.004645369134892174,0.007247425634568465,0.004645369134892174,1.0,4015855448.1746297,5984144551.825369,18669166.7929,8277660.723192,57164.601267,26466776.953141,0.0,11348438.405228,11348438.401885,12912.652361,41837.351263,85397.74101118723,20311.446461000003,447462.282698352,300000.0,False,True
383,2,0,2,CONSERVADOR,0.004651574972714679,0.007079951398319834,0.004651574972714679,1.0,4012836380.12061,5987163619.879389,18680052.696769,8283645.773678,57433.277939,26480820.374542,0.0,11354719.420526,11354719.417172,13524.9333,41873.435265,86108.1958669389,20324.436699,447723.1427793361,300000.0,False,True
384,2,0,2,CONSERVADOR,0.004657789676550735,0.0069236829001411825,0.004657789676550735,1.0,4009819702.7142134,5990180297.285786,18690947.865013,8289635.786453,57702.111317,26494871.423423,0.0,11361005.884025,11361005.880659,14142.299225,41909.75659800001,86823.32350950252,20337.51238,447984.22260883194,300000.0,False,True
385,2,0,2,CONSERVADOR,0.004664013283080003,0.00677789776355659,0.004664013283080003,1.0,4006805404.628914,5993194595.371085,18701852.356215,8295630.787448,57971.101535,26508930.149732,0.0,11367297.8314,11367297.828023,14764.783435,41946.315777,87543.1340820199,20350.673684,448245.523587168,300000.0,False,True
386,2,0,2,CONSERVADOR,0.004670245829125326,0.006641920219399735,0.004670245829125326,1.0,4003793474.5715547,5996206525.428444,18712766.229085,8301630.802651,58240.248728,26522996.60352,0.0,11373595.298403,11373595.295017,15392.419299,41983.113301,88267.63738955835,20363.920791,448507.047117744,300000.0,False,True
387,2,0,2,CONSERVADOR,0.004676487351650079,0.006515118098899758,0.004676487351650079,1.0,4000783901.281886,5999216098.718113,18723689.542453,8307635.858102,58509.553032,26537070.834943,0.0,11379898.32086,11379898.317462,16025.240249,42020.149648,88996.84289312325,20377.253880000004,448768.79460712796,300000.0,False,True
388,2,0,2,CONSERVADOR,0.004682737887757512,0.006396900020761548,0.004682737887757512,1.0,3997776673.5355253,6002223326.464474,18734622.355263,8313645.979902,58779.014583,26551152.894248,0.0,11386206.934658,11386206.931252,16663.279791,42057.425282,89730.75970366341,20390.673103,449030.76746471995,300000.0,False,True
389,2,0,2,CONSERVADOR,0.004688997474686581,0.006286712759724454,0.004688997474686581,1.0,3994771780.142414,6005228219.857585,18745564.726569,8319661.194195,59048.633519,26565242.83178,0.0,11392521.175767,11392521.172345,17306.571482,42094.940648,90469.396576071,20404.178641000002,449292.96710299194,300000.0,False,True
390,2,0,2,CONSERVADOR,0.004695266149813276,0.006184038784891475,0.004695266149813276,1.0,3991769209.9491224,6008230790.050877,18756516.715532,8325681.527181,59318.409979,26579340.697971,0.0,11398841.080206,11398841.076767,17955.148947,42132.696173000004,91212.76190317818,20417.77063,449555.39493688795,300000.0,False,True
391,2,0,2,CONSERVADOR,0.004701543950647689,0.006088393956875747,0.004701543950647689,1.0,3988768951.838368,6011231048.161631,18767478.381418,8331707.005106,59588.344101,26593446.543342,0.0,11405166.684056,11405166.680604,18609.045865,42170.692265,91960.86370975213,20431.449220999995,449818.05238418403,300000.0,False,True
392,2,0,2,CONSERVADOR,0.004707830914831824,0.005999325373518075,0.004707830914831824,1.0,3985770994.7310863,6014229005.268912,18778449.783586,8337737.654262,59858.436026,26607560.418493,0.0,11411498.023462,11411498.019998,19268.295969,42208.92931000001,92713.70964649112,20445.214557,450080.940865128,300000.0,False,True
393,2,0,2,CONSERVADOR,0.004714127080137401,0.0059164093545902895,0.004714127080137401,1.0,3982775327.587003,6017224672.412995,18789430.981488,8343773.500985,60128.685894,26621682.3741,0.0,11417835.134623,11417835.131147,19932.933046,42247.40767800001,93471.30698402318,20459.066767999997,450344.06180244,300000.0,False,True
394,2,0,1,NORMAL,0.004720432484464644,0.005839249556517668,0.004720432484464644,1.0,3979345475.3513694,6020654524.648629,18800422.034666,8349814.571654,60399.093847,26637872.76001,0.0,11424178.053788,11424178.050302,18542.691836,42286.127720000004,94233.66260690973,20473.005983,450607.416621144,300000.0,False,True
395,2,0,1,NORMAL,0.004727265606684723,0.005767508656528446,0.004727265606684723,1.0,3976211786.100642,6023788213.899357,18811423.002745,8355860.892683,60669.660028,26652686.541427,0.0,11430526.81726,11430526.813763,18542.691836,42325.089767,95000.7830076565,21162.544888999997,450821.5595701441,300000.0,False,True
396,2,0,1,NORMAL,0.004733760412666958,0.005700815221440609,0.004733760412666958,1.0,3973079497.6771884,6026920502.322811,18822433.945423,8361912.490527,60940.38458,26667514.044367,0.0,11436881.461389,11436881.457877,18542.691836,42364.294123,95772.67428073376,21182.147069000002,451118.621311872,300000.0,False,True
397,2,0,1,NORMAL,0.004740266318226642,0.0056388443244590625,0.004740266318226642,1.0,3969948595.660157,6030051404.339842,18833454.922476,8367969.391676,61211.267648,26682355.353744,0.0,11443242.022556,11443242.019038,18542.691836,42403.741082,96549.34211660821,21201.870544,451382.5546195919,300000.0,False,True
398,2,0,1,NORMAL,0.004746783375065938,0.005581292005143378,0.004746783375065938,1.0,3966819065.693605,6033180934.306395,18844485.993746,8374031.622654,61482.309377,26697210.554561,0.0,11449608.537201,11449608.533673,18542.691836,42443.430914,97330.79179578897,21221.715462,451646.72671437607,300000.0,False,True
399,2,0,1,NORMAL,0.00475331163505918,0.005527873916750849,0.00475331163505918,1.0,3963690893.486816,6036309106.513184,18855527.219136,8380099.210015,61753.509913,26712079.731908,0.0,11455981.041789,11455981.038249,18542.691836,42483.363858000004,98117.02818288958,21241.681935,451911.13903029595,300000.0,False,True
400,2,0,1,NORMAL,0.004759851150252859,0.005478324060847753,0.004759851150252859,1.0,3960564064.815039,6039435935.18496,18866578.65861,8386172.180343,62024.869402,26726962.970958,0.0,11462359.572818,11462359.569268,18542.691836,42523.540148,98908.0557207091,21261.770079,452175.793002936,300000.0,False,True
401,2,0,1,NORMAL,0.004766401972861812,0.005432393603558338,0.004766401972861812,1.0,3957049536.3996058,6042950463.600393,18877640.37218,8392250.560245,62296.387993,26743714.626131,0.0,11468744.166825,11468744.163264,16688.422653,42563.95998299999,99703.87842433424,21281.979997,452440.69006944,300000.0,False,True
402,2,0,1,NORMAL,0.004773433399343098,0.005389880041996064,0.004773433399343098,1.0,3953925659.519067,6046074340.480932,18888712.419905,8398334.376358,62568.065834,26758626.244368,0.0,11475134.860369,11475134.856792,16688.422653,42604.623546,100504.49987526468,21302.311781,452661.329208168,300000.0,False,True
403,2,0,1,NORMAL,0.004780007640352768,0.005350533435438433,0.004780007640352768,1.0,3950803083.789272,6049196916.210728,18899794.861888,8404423.655337,62839.903075,26773552.180214,0.0,11481531.690025,11481531.68644,16688.422653,42645.530995999994,101309.9232155652,21322.765502,452971.219240032,300000.0,False,True
404,2,0,1,NORMAL,0.0047865933475305725,0.005314150203960507,0.0047865933475305725,1.0,3947681795.269806,6052318204.730194,18910887.758269,8410518.423855,63111.899866,26788492.519077,0.0,11487934.692404,11487934.688809,16688.422653,42686.682474,102120.15114204588,21343.341242,453236.85422500793,300000.0,False,True
405,2,0,1,NORMAL,0.004793190573739688,0.0052805399052365835,0.004793190573739688,1.0,3944561780.094542,6055438219.905458,18921991.169211,8416618.708605,63384.056358,26803447.346405,0.0,11494343.904126,11494343.90052,16688.422653,42728.078088999995,102935.18590047366,21364.03905,453502.738065744,300000.0,False,True
406,2,0,1,NORMAL,0.0047997993719982295,0.005249524386963141,0.0047997993719982295,1.0,3941443024.472936,6058556975.527064,18933105.154906,8422724.536296,63656.372703,26818416.747679,0.0,11500759.361825,11500759.358206,16688.422653,42769.717933,103755.0292798178,21384.858973000002,453768.8722051921,300000.0,False,True
407,2,0,1,NORMAL,0.004806419795475615,0.0052209369939639465,0.004806419795475615,1.0,3938325514.6919336,6061674485.308067,18944229.775566,8428835.933645,63928.849054,26833400.808403,0.0,11507181.102143,11507181.098516,16688.422653,42811.60207600001,104579.68260653164,21405.801042000006,454035.25808716804,300000.0,False,True
408,2,0,1,NORMAL,0.004813051897487386,0.00519462182644933,0.004813051897487386,1.0,3934862504.461834,6065137495.538167,18955365.091411,8434952.927383,64201.485565,26850068.456362,0.0,11513609.161735,11513609.158096,15019.580388,42853.73056,105409.14673887358,21426.865286000004,454301.897156208,300000.0,False,True
409,2,0,1,NORMAL,0.004820120433982744,0.005170460446290196,0.004820120433982744,1.0,3931747720.0091157,6068252279.990885,18966511.162669,8441075.544245,64474.282391,26865082.09255,0.0,11520043.577254,11520043.573603,15019.580388,42896.103402,106243.42206126958,21448.051707,454528.7386428479,300000.0,False,True
410,2,0,1,NORMAL,0.004826776640065807,0.005148287297501526,0.004826776640065807,1.0,3928634140.630851,6071365859.36915,18977668.049572,8447203.810973,64747.239688,26880110.64476,0.0,11526484.385348,11526484.381692,15019.580388,42938.720603,107082.50847872069,21469.360304,454835.9406355441,300000.0,False,True
411,2,0,1,NORMAL,0.004833444686528336,0.005127974870987127,0.004833444686528336,1.0,3925521752.940778,6074478247.059223,18988835.812346,8453337.754307,65020.357612,26895154.198503,0.0,11532931.622673,11532931.619008,15019.580388,42981.582126999994,107926.40541125728,21490.791067999995,455103.347936688,300000.0,False,True
412,2,0,1,NORMAL,0.00484012462724688,0.005109403887520014,0.00484012462724688,1.0,3922410543.6371517,6077589456.362849,19000014.511202,8459477.40099,65293.63632,26910212.839274,0.0,11539385.325869,11539385.322195,15019.580388,43024.687925,108775.11178844374,21512.343967,455371.0142064721,300000.0,False,True
413,2,0,1,NORMAL,0.004846816516229939,0.005092462766791622,0.004846816516229939,1.0,3919300499.5047765,6080699500.495224,19011204.206335,8465622.777763,65567.07597,26925286.652541,0.0,11545845.531565,11545845.527878,15019.580388,43068.037913,109628.62604393584,21534.018963000002,455638.940890344,300000.0,False,True
414,2,0,1,NORMAL,0.004853520407614466,0.0050770471307156765,0.004853520407614466,1.0,3916191607.4170194,6083808392.582981,19022404.95792,8471773.911357,65840.676721,26940375.723734,0.0,11552312.276373,11552312.272673,15019.580388,43111.631988999994,110486.94611009391,21555.816001,455907.129433632,300000.0,False,True
415,2,0,1,NORMAL,0.004860236355660824,0.005063059338776654,0.004860236355660824,1.0,3912774824.5019956,6087225175.498005,19033616.826102,8477930.828494,66114.438733,26956982.096277,0.0,11558785.596885,11558785.593173,13517.62235,43155.470022,111350.06941265443,21577.735016999995,456175.5812814481,300000.0,False,True
416,2,0,1,NORMAL,0.004867348806203526,0.005050432852804195,0.004867348806203526,1.0,3909668442.8252335,6090331557.174767,19044839.870983,8484093.555891,66388.362167,26972101.939423,0.0,11565265.529671,11565265.52595,13517.62235,43199.551855,112217.99286546325,21599.775931999997,456408.250885416,300000.0,False,True
417,2,0,1,NORMAL,0.004874089563169341,0.005039055866376141,0.004874089563169341,1.0,3906563174.270185,6093436825.729815,19056074.152627,8490262.120247,66662.447185,26987237.296478,0.0,11571752.111271,11571752.107544,13517.62235,43243.87730400001,113090.7128652731,21621.938655,456713.280668088,300000.0,False,True
418,2,0,1,NORMAL,0.004880842541247298,0.0050288485550775055,0.004880842541247298,1.0,3903459006.0809917,6096540993.919008,19067319.731048,8496436.548241,66936.693949,27002388.252631,0.0,11578245.378203,11578245.374465,13517.62235,43288.44615900001,113968.22528660811,21644.223084999998,456982.53109372803,300000.0,False,True
419,2,0,1,NORMAL,0.004887607795158985,0.005019736247985988,0.004887607795158985,1.0,3900355925.5971155,6099644074.4028845,19078576.666205,8502616.866536,67211.102622,27017554.892993,0.0,11584745.36694,11584745.36319,13517.62235,43333.25818600001,114850.52547669905,21666.629098999998,457252.05059748,300000.0,False,True
420,2,0,1,NORMAL,0.004894385379731334,0.0050116490951953654,0.004894385379731334,1.0,3897253920.256287,6102746079.743713,19089845.017991,8508803.101774,67485.673369,27032737.302581,0.0,11591252.113919,11591252.110155,13517.62235,43378.31312,115737.60825049119,21689.156566999998,457521.84062023205,300000.0,False,True
421,2,0,1,NORMAL,0.004901175349893007,0.005004521756788762,0.004901175349893007,1.0,3894152977.59519,6105847022.40481,19101124.846234,8514995.28057,67760.406355,27047935.566313,0.0,11597765.655528,11597765.651753,13517.62235,43423.610670999995,116629.46788572862,21711.805341,457791.9026016719,300000.0,False,True
422,2,0,1,NORMAL,0.004907977760669986,0.004998293111877873,0.004907977760669986,1.0,3890777663.826299,6109222336.1737,19112416.210684,8521193.429507,68035.301745,27064501.531226,0.0,11604286.028116,11604286.024328,12165.860115,43469.150519,117526.09811811765,21734.575266,458062.237980048,300000.0,False,True
423,2,0,1,NORMAL,0.004915140576859178,0.0049929284321992475,0.004915140576859178,1.0,3887679028.8896494,6112320971.11035,19123719.17101,8527397.575141,68310.359706,27079731.757536,0.0,11610813.267973,11610813.264174,12165.860115,43514.93232299999,118427.4921365723,21757.466167,458300.4058985041,300000.0,False,True
424,2,0,1,NORMAL,0.004921968517615281,0.004988350373193831,0.004921968517615281,1.0,3884581419.784789,6115418580.21521,19135033.786788,8533607.743994,68585.580407,27094978.09203,0.0,11617347.411336,11617347.407527,12165.860115,43560.95570400001,119333.64257854481,21780.477857000005,458603.7346728,300000.0,False,True
425,2,0,1,NORMAL,0.004928809065497908,0.004984508998503771,0.004928809065497908,1.0,3881484824.464463,6118515175.535536,19146360.1175,8539823.962547,68860.964015,27110240.619117,0.0,11623888.494386,11623888.490563,12165.860115,43607.22026,120244.54152544444,21803.610136999996,458874.8988550561,300000.0,False,True
426,2,0,1,NORMAL,0.004935662275883361,0.00498135759704439,0.004935662275883361,1.0,3878389230.9878483,6121610769.012151,19157698.222523,8546046.257246,69136.5107,27125519.423061,0.0,11630436.55323,11630436.549394,12165.860115,43653.72556299999,121160.18049814756,21826.862788,459146.342169912,300000.0,False,True
427,2,0,1,NORMAL,0.0049425282042268185,0.004978852474927128,0.0049425282042268185,1.0,3875294627.5239935,6124705372.476006,19169048.161127,8552274.654489,69412.220632,27140814.587962,0.0,11636991.623911,11636991.620065,12165.860115,43700.471154000006,122080.55045260147,21850.235582,459418.06604589603,300000.0,False,True
428,2,0,1,NORMAL,0.004949406906053686,0.004976952760806261,0.004949406906053686,1.0,3872201002.3526073,6127798997.647392,19180409.99246,8558509.180632,69688.093982,27156126.19775,0.0,11643553.742399,11643553.738545,12165.860115,43747.45654399999,123005.64177552595,21873.728275999998,459690.07190942403,300000.0,False,True
429,2,0,1,NORMAL,0.004956298436957631,0.0049756202237837685,0.004956298436957631,1.0,3868862881.2443967,6131137118.755603,19191783.775546,8564749.861977,69964.130922,27172670.922181,0.0,11650122.944592,11650122.940723,10949.274104,43794.681211,123935.4442802149,21897.340613000004,459962.36118412804,300000.0,False,True
430,2,0,1,NORMAL,0.004963517746357404,0.0049748394187885195,0.004963517746357404,1.0,3865771374.0923853,6134228625.907614,19203169.56928,8570996.724778,70240.331625,27188015.672793,0.0,11656699.266294,11656699.262412,10949.274104,43842.144615,124869.94720244118,21921.072314,460205.73722675996,300000.0,False,True
431,2,0,1,NORMAL,0.004970435541322006,0.004974555297661647,0.004970435541322006,1.0,3862680810.6938076,6137319189.306191,19214567.432414,8577249.795234,70516.696264,27203377.118952,0.0,11663282.743228,11663282.739337,10949.274104,43889.846177,125809.13919646788,21944.923093,460507.79564803204,300000.0,False,True
432,2,0,1,NORMAL,0.00497736633333254,0.0049747366548017055,0.00497736633333254,1.0,3859591179.788601,6140408820.211398,19225977.423557,8583509.099482,70793.225014,27218755.343802,0.0,11669873.411027,11669873.407129,10949.274104,43937.785291,126753.00833116891,21968.892649,460780.94367012003,300000.0,False,True
433,2,0,1,NORMAL,0.004984310178213144,0.004975354301473412,0.004984310178213144,1.0,3856502470.236115,6143497529.763884,19237399.601162,8589774.663596,71069.91805,27234150.430262,0.0,11676471.305232,11676471.301324,10949.274104,43985.96132,127701.54208626202,21992.980665000003,76842.396794828,300000.0,False,True
434,2,0,1,NORMAL,0.004991267131832406,0.004976380935690121,0.004991267131832406,1.0,3853414671.015811,6146585328.984188,19248834.02352,8596046.51359,71346.775548,27249562.46102,0.0,11683076.461278,11683076.457362,10949.274104,44034.37359999999,128654.7273486571,22017.186803999997,76888.01805880801,300000.0,False,True
435,2,0,1,NORMAL,0.004998237250100503,0.004977791020490791,0.004998237250100503,1.0,3850327771.2297535,6149672228.770246,19260280.748755,8602324.675405,71623.797686,27264991.518518,0.0,11689688.9145,11689688.910575,10949.274104,44083.021430999994,129612.550408923,22041.51072,76933.687971048,300000.0,False,True
436,2,0,1,NORMAL,0.005005220588961913,0.004979560670069574,0.005005220588961913,1.0,3847023003.0294313,6152976996.970568,19271739.834811,8608609.174918,71900.98464,27281532.612356,0.0,11696308.700124,11696308.696187,9854.346694,44131.904092000004,130574.9969578755,22065.952052000004,76979.406765028,300000.0,False,True
437,2,0,1,NORMAL,0.005012502219059509,0.004981685931294731,0.005012502219059509,1.0,3843938045.3358064,6156061954.664192,19283211.339458,8614900.037922,72178.33659,27296995.969641,0.0,11702935.853256,11702935.849307,9854.346694,44181.020822000006,131542.0520832899,22090.510416999998,77020.794963892,300000.0,False,True
438,2,0,1,NORMAL,0.005019512565682211,0.00498412635931973,0.005019512565682211,1.0,3840853955.0805416,6159146044.9194565,19294695.320267,8621197.290138,72455.853715,27312476.599431,0.0,11709570.408886,11709570.40493,9854.346694,44230.370833,132513.7002667406,22115.18542,77070.991928692,300000.0,False,True
439,2,0,1,NORMAL,0.005026536301666059,0.0049868624846323975,0.005026536301666059,1.0,3837770721.8710523,6162229278.128946,19306191.83461,8627500.957204,72733.536195,27327974.583085,0.0,11716212.401891,11716212.397923,9854.346694,44279.953305999996,133489.92538057122,22139.976659,77116.85876190799,300000.0,False,True
440,2,0,1,NORMAL,0.005033573483054746,0.0049898760974338395,0.005033573483054746,1.0,3834688335.443948,6165311664.556051,19317700.939654,8633811.064675,73011.384212,27343490.001669,0.0,11722861.867012,11722861.863028,9854.346694,44329.767393999995,134470.71068499755,22164.883704999997,77162.77540382401,300000.0,False,True
441,2,0,1,NORMAL,0.005040624165905578,0.0049931501663675005,0.005040624165905578,1.0,3831606785.6676197,6168393214.332379,19329222.692355,8640127.638017,73289.397947,27359022.93594,0.0,11729518.838851,11729518.834856,9854.346694,44379.812209,135456.03882534677,22189.906110000004,77208.74208428,300000.0,False,True
442,2,0,1,NORMAL,0.005047688406281769,0.004996668762491002,0.005047688406281769,1.0,3828526062.54421,6171473937.45579,19340757.149445,8646450.702605,73567.577583,27374573.466333,0.0,11736183.351884,11736183.34788,9854.346694,44430.086843,136445.89182943525,22215.043426,77254.759032336,300000.0,False,True
443,2,0,1,NORMAL,0.0050547662602470605,0.0050004169881526835,0.0050547662602470605,1.0,3825251204.630564,6174748795.369435,19352304.367425,8652780.283721,73845.923304,27391127.107622,0.0,11742855.440444,11742855.43643,8868.912025,44480.59035,137440.25110508845,22240.29518,77300.826476208,300000.0,False,True
444,2,0,1,NORMAL,0.0050621157583372696,0.005004397553971044,0.0050621157583372696,1.0,3822172262.27601,6177827737.7239895,19363864.402559,8659116.406549,74124.435293,27406713.070234,0.0,11749535.138716,11749535.13469,8868.912025,44531.321756,138439.0974378051,22265.660884,77343.002904544,300000.0,False,True
445,2,0,1,NORMAL,0.005069221369769033,0.005008579735635431,0.005069221369769033,1.0,3819094117.354572,6180905882.645428,19375437.310868,8665459.096171,74403.113736,27422316.868249,0.0,11756222.480733,11756222.476694,8868.912025,44582.280050999994,139442.41098856844,22291.140032,77393.11375978802,300000.0,False,True
446,2,0,1,NORMAL,0.0050763407636439965,0.005012951414861791,0.0050763407636439965,1.0,3816016760.417291,6183983239.582708,19387023.14812,8671808.377564,74681.958819,27437938.580714,0.0,11762917.500374,11762917.496322,8868.912025,44633.464199,140450.17129180804,22316.732106000003,77439.33405141199,300000.0,False,True
447,2,0,1,NORMAL,0.005083473995984155,0.005017501258805169,0.005083473995984155,1.0,3812940182.155584,6187059817.844416,19398621.969821,8678164.2756,74960.970729,27453578.286304,0.0,11769620.231351,11769620.227288,8868.912025,44684.873123000005,141462.35725351374,22342.436567,77485.60574262001,300000.0,False,True
448,2,0,1,NORMAL,0.005090621122788435,0.005022218669384735,0.005090621122788435,1.0,3809864373.4040923,6190135626.595907,19410233.83121,8684526.815037,75240.149654,27469236.063304,0.0,11776330.707218,11776330.703143,8868.912025,44736.505721999994,142478.9471495051,22368.252867,77531.929056924,300000.0,False,True
449,2,0,1,NORMAL,0.005097782200024795,0.005027093735877643,0.005097782200024795,1.0,3806789325.1409626,6193210674.859037,19421858.787248,8690896.020523,75519.495781,27484911.989604,0.0,11783048.961357,11783048.957268,8868.912025,44788.360863999995,143499.91862385918,22394.180439,77578.30421683998,300000.0,False,True
450,2,0,1,NORMAL,0.005104957283627034,0.005032117190571153,0.005104957283627034,1.0,3803541297.124317,6196458702.875683,19433496.892612,8697271.916582,75799.0093,27501493.033885,0.0,11789775.026972,11789775.022872,7982.020823,44840.43737700001,144525.248687498,22420.218694,77624.731443792,300000.0,False,True
451,2,0,1,NORMAL,0.005112379932982609,0.005037295432017053,0.005112379932982609,1.0,3800467883.738189,6199532116.26181,19445148.201689,8703654.527621,76078.690401,27517205.490806,0.0,11796508.937089,11796508.932978,7982.020823,44892.734065,145554.91371694003,22446.367038,77667.66339332401,300000.0,False,True
452,2,0,1,NORMAL,0.005119583525969973,0.005042604341304338,0.005119583525969973,1.0,3797395204.6207957,6202604795.379204,19456812.768564,8710043.87792,76358.539274,27532936.328196,0.0,11803250.724549,11803250.72043,7982.020823,44945.249692,146588.88945321622,22472.62485,77717.742979072,300000.0,False,True
453,2,0,1,NORMAL,0.005126801293508271,0.0050480364027368505,0.005126801293508271,1.0,3794323251.341674,6205676748.658325,19468490.647012,8716439.991634,76638.556111,27548685.622241,0.0,11810000.422009,11810000.417876,7982.020823,44997.98299599999,147627.15100095447,22498.991504999998,77764.32772469599,300000.0,False,True
454,2,0,1,NORMAL,0.0051340332913409,0.005053584589098402,0.0051340332913409,1.0,3791252015.621291,6208747984.378708,19480181.890497,8722842.892782,76918.741104,27564453.448675,0.0,11816758.061922,11816758.057775,7982.020823,45050.93267999999,148669.67282763426,22525.466346999998,77810.965411868,300000.0,False,True
455,2,0,1,NORMAL,0.0051412795751492055,0.005059242330133938,0.0051412795751492055,1.0,3788181489.33299,6211818510.667009,19491886.552157,8729252.605252,77199.094446,27580239.882766,0.0,11823523.676545,11823523.672384,7982.020823,45104.097413999996,149716.42876301354,22552.048714,77857.656256252,300000.0,False,True
456,2,0,1,NORMAL,0.005148540200546761,0.0050650034830637975,0.005148540200546761,1.0,3785111664.5041347,6214888335.495865,19503604.684798,8735669.15279,77479.616331,27596044.999306,0.0,11830297.297929,11830297.293756,7982.020823,45157.47583600001,150767.39199873063,22578.73792400001,77904.40047226401,300000.0,False,True
457,2,0,1,NORMAL,0.0051558152230736344,0.005070862304999917,0.0051558152230736344,1.0,3781887717.4356647,6218112282.564335,19515336.340884,8742092.559006,77760.306953,27612667.07468,0.0,11837078.95792,11837078.953737,7183.818741,45211.066556000005,151822.53508808292,22605.533283,77951.19827303202,300000.0,False,True
458,2,0,1,NORMAL,0.005163316055764732,0.005076827063113775,0.005163316055764732,1.0,3778819397.837388,6221180602.162611,19527081.572535,8748522.847357,78041.166508,27628509.778526,0.0,11843868.68815,11843868.683954,7183.818741,45264.868139000006,152881.82994598473,22632.434075999994,77994.85706204,300000.0,False,True
459,2,0,1,NORMAL,0.005170620337848388,0.005082878242128912,0.005170620337848388,1.0,3775751756.692109,6224248243.30789,19538840.431514,8754960.041156,78322.195192,27644371.386221,0.0,11850666.520028,11850666.515822,7183.818741,45318.879135999996,153945.24784910592,22659.439573,78044.955474756,300000.0,False,True
460,2,0,1,NORMAL,0.0051779391837839086,0.005089011206106654,0.0051779391837839086,1.0,3772684786.658213,6227315213.341785,19550612.969217,8761404.163564,78603.393201,27660251.970535,0.0,11857472.484744,11857472.480525,7183.818741,45373.09804699999,155012.75943619377,22686.54903,78091.91529527599,300000.0,False,True
461,2,0,1,NORMAL,0.005185272648766418,0.005095221621762123,0.005185272648766418,1.0,3769618480.5545635,6230381519.445435,19562399.236676,8767855.237583,78884.760732,27676151.603707,0.0,11864286.613258,11864286.609025,7183.818741,45427.523358000006,156084.3347085798,22713.761685999998,78138.929539612,300000.0,False,True
462,2,0,1,NORMAL,0.0051926207878886885,0.005101505438931579,0.0051926207878886885,1.0,3766552831.362516,6233447168.637482,19574199.284537,8774313.286059,79166.297985,27692070.35743,0.0,11871108.936294,11871108.932047,7183.818741,45482.153504,157159.94303087308,22741.076759000003,78185.998414016,300000.0,False,True
463,2,0,1,NORMAL,0.005199983656136834,0.005107858872299659,0.005199983656136834,1.0,3763487832.226376,6236512167.773622,19586013.163061,8780778.331677,79448.005158,27708008.302844,0.0,11877939.484334,11877939.48008,7183.818741,45536.986901,158239.55313184217,22768.493454,78233.122123256,300000.0,False,True
464,2,0,1,NORMAL,0.0052073613083841045,0.005114278384305108,0.0052073613083841045,1.0,3760285521.390339,6239714478.609659,19597840.92211,8787250.396952,79729.88245,27724683.892389,0.0,11884778.287634,11884778.283365,6465.436867,45592.021927,159323.13310548724,22796.010971000003,78280.30087058799,300000.0,False,True
465,2,0,1,NORMAL,0.00521494511509819,0.00512077301209821,0.00521494511509819,1.0,3757221914.857502,6242778085.142496,19609682.611149,8793729.504232,80011.930062,27740660.432312,0.0,11891625.37618,11891625.371903,6465.436867,45647.25693,160410.6504123035,22823.628469000003,78324.66133026,300000.0,False,True
466,2,0,1,NORMAL,0.0052223527712427316,0.005127326544946244,0.0052223527712427316,1.0,3754158938.7854753,6245841061.214523,19621538.27923,8800215.675693,80294.148195,27756656.37389,0.0,11898480.779722,11898480.775434,6465.436867,45702.690229,161502.0718807385,22851.34512,78374.824284904,300000.0,False,True
467,2,0,1,NORMAL,0.00522977537582138,0.005133936146938189,0.00522977537582138,1.0,3751096586.986191,6248903413.013807,19633407.97498,8806708.933336,80576.537051,27772671.785922,0.0,11905344.527744,11905344.523447,6465.436867,45758.320099000004,162597.36370884324,22879.160054000004,78422.16935060799,300000.0,False,True
468,2,0,1,NORMAL,0.005237212983201523,0.0051405991686325975,0.005237212983201523,1.0,3748034853.4406137,6251965146.559384,19645291.746607,8813209.298977,80859.096832,27788706.736598,0.0,11912216.649474,11912216.645163,6465.436867,45814.14479799999,163696.49146611977,22907.072405999996,78469.57025179201,300000.0,False,True
469,2,0,1,NORMAL,0.005244665647608941,0.005147313135018168,0.005244665647608941,1.0,3744973732.3004475,6255026267.699551,19657189.641881,8819716.794255,81141.827741,27804761.293485,0.0,11919097.173865,11919097.169543,6465.436867,45870.162545,164799.4200955657,22935.081278,78517.02718372399,300000.0,False,True
470,2,0,1,NORMAL,0.005252133423122234,0.005154075734250689,0.005252133423122234,1.0,3741913217.88944,6258086782.110558,19669101.70813,8826231.440621,81424.729983,27820835.523515,0.0,11925986.129604,11925986.125267,6465.436867,45926.37152300001,165906.11391591694,22963.185769,78564.540339976,300000.0,False,True
471,2,0,1,NORMAL,0.0052596163636664285,0.005160884807116221,0.0052596163636664285,1.0,3738730378.6885347,6261269621.311462,19681027.992231,8832753.259336,81707.803761,27837576.036659,0.0,11932883.545098,11932883.540747,5818.893181,45982.769889999996,167016.53662408987,22991.384951999997,78612.10991239999,300000.0,False,True
472,2,0,1,NORMAL,0.005267287700889216,0.0051677495099402854,0.005267287700889216,1.0,3735671161.9844084,6264328838.015589,19692968.540607,8839282.271467,81991.049281,27853689.811179,0.0,11939789.448473,11939789.44411,5818.893181,46039.355778,168130.65129782367,23019.677895,78657.149916348,300000.0,False,True
473,2,0,1,NORMAL,0.005274801379664167,0.0051746560821805355,0.005274801379664167,1.0,3732612536.0040636,6267387463.995934,19704923.399207,8845818.497889,82274.466749,27869823.45572,0.0,11946703.867572,11946703.863197,5818.893181,46096.127268000004,169248.42039852377,23048.063640000004,78707.41906434801,300000.0,False,True
474,2,0,1,NORMAL,0.0052823303847719634,0.005181602811379983,0.0052823303847719634,1.0,3729554495.7696686,6270445504.230329,19716892.613515,8852361.959273,82558.056371,27885977.034568,0.0,11953626.829947,11953626.825559,5818.893181,46153.082433,170369.8057743073,23076.541223000004,78755.15901866401,300000.0,False,True
475,2,0,1,NORMAL,0.005289874769469362,0.005188588098998653,0.005289874769469362,1.0,3726497036.4805856,6273502963.519411,19728876.228533,8858912.676089,82841.818354,27902150.61132,0.0,11960558.362848,11960558.35845,5818.893181,46210.219296,171494.7686632506,23105.109653000003,78802.956138668,300000.0,False,True
476,2,0,1,NORMAL,0.005297434586830067,0.005195610453052293,0.005297434586830067,1.0,3723440153.5149593,6276559846.485037,19740874.288772,8865470.668599,83125.752906,27918344.24887,0.0,11967498.493238,11967498.488826,5818.893181,46267.535866,172623.26969684038,23133.76794,78850.810607124,300000.0,False,True
477,2,0,1,NORMAL,0.0053050098897384195,0.005202668481225592,0.0053050098897384195,1.0,3720383842.42959,6279616157.570406,19752886.838246,8872035.95686,83409.860236,27934558.009404,0.0,11974447.247764,11974447.243337,5818.893181,46325.030105000005,173755.2689036278,23162.515060000005,78898.72260488801,300000.0,False,True
478,2,0,1,NORMAL,0.005312600730886563,0.005209760884429526,0.005312600730886563,1.0,3717218568.9312005,6282781431.068795,19764913.92047,8878608.560713,83694.140552,27951373.843705,0.0,11981404.652765,11981404.648327,5237.003863,46382.699957,174890.72571308646,23191.349984,78946.692310848,300000.0,False,True
479,2,0,1,NORMAL,0.0053203639257966475,0.005216896564517728,0.0053203639257966475,1.0,3714163479.018236,6285836520.98176,19776955.578443,8885188.499785,83978.594064,27967628.033868,0.0,11988370.734271,11988370.729824,5237.003863,46440.54332900001,176029.59895967488,23220.271669,78992.392344676,300000.0,False,True
480,2,0,1,NORMAL,0.005327986225280752,0.005224063639405666,0.005327986225280752,1.0,3711108948.724074,6288891051.275923,19789011.85465,8891775.793481,84263.220983,27983902.5292,0.0,11995345.517996,11995345.513535,5237.003863,46498.5581,177171.84688710226,23249.279057,79042.80555312,300000.0,False,True
481,2,0,1,NORMAL,0.005335624220317182,0.005231261096238667,0.005335624220317182,1.0,3708054974.331171,6291945025.668825,19801082.791048,8898370.460988,84548.021519,28000197.388939,0.0,12002329.029324,12002329.024851,5237.003863,46556.742121999996,178317.42715279912,23278.371067,79090.949437272,300000.0,False,True
482,2,0,1,NORMAL,0.0053432779627653,0.005238487990853289,0.0053432779627653,1.0,3705001552.305461,6294998447.694535,19813168.429066,8904972.521264,84832.995884,28016512.67156,0.0,12009321.293316,12009321.288831,5237.003863,46615.093214,179466.29683259147,23307.546613,79139.15172523602,300000.0,False,True
483,2,0,1,NORMAL,0.005350947504259641,0.005245743443331118,0.005350947504259641,1.0,3701948679.2970834,6298051320.702913,19825268.809587,8911581.993043,85118.144289,28032848.434765,0.0,12016322.334699,12016322.330203,5237.003863,46673.60916500001,180618.41242557904,23336.804588000003,79187.41258578,300000.0,False,True
484,2,0,1,NORMAL,0.005358632896206349,0.005253026633839197,0.005358632896206349,1.0,3698896352.1418533,6301103647.858143,19837383.972949,8918198.894822,85403.466948,28049204.735469,0.0,12023332.177869,12023332.17336,5237.003863,46732.287735,181773.7298592168,23366.143873999998,79235.73218552802,300000.0,False,True
485,2,0,1,NORMAL,0.005366334189775579,0.005260336798738319,0.005366334189775579,1.0,3695746977.8918858,6304253022.10811,19849513.958935,8924823.24487,85688.964073,28066105.330183,0.0,12030350.846879,12030350.842358,4713.303477,46791.126664,182932.20449459966,23395.563338,79284.11068898,300000.0,False,True
486,2,0,1,NORMAL,0.005374193343209176,0.005267682382252568,0.005374193343209176,1.0,3692695814.2608414,6307304185.739155,19861658.806772,8931455.061212,85974.635878,28082502.873458,0.0,12037378.365435,12037378.360902,4713.303477,46850.123649999994,184093.79113194914,23425.061831,79330.453456884,300000.0,False,True
487,2,0,1,NORMAL,0.005381926796775731,0.00527505298964116,0.005381926796775731,1.0,3689645188.092006,6310354811.9079895,19873818.555112,8938094.361636,86260.482578,28098921.120183,0.0,12044414.756903,12044414.752354,4713.303477,46909.27636999999,185258.4440163026,23454.638193,79381.045053988,300000.0,False,True
488,2,0,1,NORMAL,0.005389676304436326,0.00528244804220859,0.005389676304436326,1.0,3686595096.966966,6313404903.03303,19885993.242037,8944741.163685,86546.504388,28115360.124046,0.0,12051460.044281,12051460.039722,4713.303477,46968.582472,186426.1168434022,23484.291241000003,79429.601233548,300000.0,False,True
489,2,0,1,NORMAL,0.0053974419163673884,0.005289867001831739,0.0053974419163673884,1.0,3683545538.656929,6316454461.343067,19898182.905044,8951395.484657,86832.701523,28131819.937895,0.0,12058514.250227,12058514.245654,4713.303477,47028.039576,187596.76276578536,23514.019795000004,79478.21695269599,300000.0,False,True
490,2,0,1,NORMAL,0.005405223682480277,0.005297309368325193,0.005405223682480277,1.0,3680496511.1213217,6319503488.8786745,19910387.581043,8958057.341598,87119.074198,28148300.613739,0.0,12065577.397029,12065577.392444,4713.303477,47087.64528,188770.33439907272,23543.822645999997,79526.89236478,300000.0,False,True
491,2,0,1,NORMAL,0.005413021652418375,0.005304774676976367,0.005413021652418375,1.0,3677448012.5086055,6322551987.49139,19922607.30635,8964726.751305,87405.622631,28164802.202737,0.0,12072649.50661,12072649.502013,4713.303477,47147.397146,189946.78382845497,23573.698579,79575.62762079602,300000.0,False,True
492,2,0,1,NORMAL,0.005420835875550355,0.005312262496239206,0.005420835875550355,1.0,3674313093.247971,6325686906.752024,19934842.116678,8971403.730319,87692.347038,28181796.085532,0.0,12079730.600526,12079730.595917,4241.97313,47207.29271600001,191126.0626153755,23603.646364000004,79624.422869408,300000.0,False,True
493,2,0,1,NORMAL,0.005428794863396203,0.0053197807134751415,0.005428794863396203,1.0,3671265719.7994833,6328734280.200512,19947092.047134,8978088.29492,87979.247637,28198339.650856,0.0,12086820.699961,12086820.695339,4241.97313,47267.32950500001,192308.12180440893,23633.664759000003,79671.39293553199,300000.0,False,True
494,2,0,1,NORMAL,0.005436641925579862,0.005327320146514156,0.005436641925579862,1.0,3668218870.8490195,6331781129.150976,19959357.132206,8984780.461132,88266.324645,28214904.277601,0.0,12093919.825719,12093919.821085,4241.97313,47327.50499399999,193492.91193033228,23663.752502999996,79722.19392724,300000.0,False,True
495,2,0,1,NORMAL,0.0054445053877449,0.005334880484658075,0.0054445053877449,1.0,3665172545.307248,6334827454.692747,19971637.405765,8991480.244713,88553.578281,28231490.013426,0.0,12101027.998225,12101027.99358,4241.97313,47387.816650999994,194680.38302538902,23693.908331,79771.170021844,300000.0,False,True
496,2,0,1,NORMAL,0.005452385298107095,0.005342461440364463,0.005452385298107095,1.0,3662126742.2762766,6337873257.723719,19983932.901059,8998187.661151,88841.008764,28248096.905093,0.0,12108145.23752,12108145.232863,4241.97313,47448.261912,195870.4846267428,23724.130961999996,79820.20667976001,300000.0,False,True
497,2,0,1,NORMAL,0.0054602817045769116,0.005350062747733008,0.0054602817045769116,1.0,3659081461.0505733,6340918538.949422,19996243.650693,9004902.725673,89128.616314,28264724.998455,0.0,12115271.563258,12115271.558587,4241.97313,47508.838186,197063.16578411972,23754.4191,79869.304037568,300000.0,False,True
498,2,0,1,NORMAL,0.0054681946547588635,0.005357684161089516,0.0054681946547588635,1.0,3656036701.1154985,6343963298.884497,20008569.686644,9011625.453229,89416.40115,28281374.338457,0.0,12122406.994694,12122406.990015,4241.97313,47569.542868000004,198258.37506763684,23784.771438000003,79918.462229324,300000.0,False,True
499,2,0,1,NORMAL,0.005476124195943217,0.0053653254536607225,0.005476124195943217,1.0,3652914999.0944476,6347085000.905547,20020911.040235,9018355.858497,89704.363493,28298469.166427,0.0,12129551.550701,12129551.546008,3817.775817,47630.373314,199456.0605758151,23815.186664,79967.681386568,300000.0,False,True
500,2,0,1,NORMAL,0.005616506644758594,0.00538153069179607,0.005489517921760305,1.023132946245591,3644989805.038363,6355010194.961632,20052742.354196,9033441.53868,89992.783668,28342981.071504,0.0,12148628.081454,12148628.076755,3817.775817,127176.871654,200656.169943774,63588.43582999999,80015.26484906,300000.0,False,True
501,2,0,1,NORMAL,0.005748747302838965,0.005405222086056902,0.005510197754658086,1.0432923751201524,3637237001.669359,6362762998.330635,20084614.639474,9048547.216,90281.662265,28387549.978961,0.0,12167729.041802,12167729.037093,3817.775817,127339.73559999999,201858.65035160608,63669.867805,81888.4378403012,300000.0,False,True
502,2,0,1,NORMAL,0.00587291317159494,0.0054353957044787115,0.005530716850489326,1.0618719653086812,3629638384.35524,6370361615.644754,20116527.974356,9063672.927262,90570.999874,28432175.998671,0.0,12186854.478831,12186854.474109,3817.775817,127502.91346499999,203063.44853292865,63751.456738999994,83638.22561253124,300000.0,False,True
503,2,0,1,NORMAL,0.005989166472649593,0.005471122850812317,0.005551099118357524,1.0789154264681344,3622177706.8981924,6377822293.101802,20148482.435351,9078818.708513,90860.797087,28476859.23796,0.0,12206004.438538,12206004.433802,3817.775817,127666.39797800002,204270.51078360996,63833.198996,85266.20430242586,300000.0,False,True
504,2,0,1,NORMAL,0.006097748591967895,0.005511550317983645,0.005571366103530383,1.0944799675081416,3614840480.222771,6385159519.777224,20180478.097176,9093984.595032,91151.054496,28521599.801589,0.0,12225178.965817,12225178.961069,3817.775817,127830.18180399999,205479.78297066744,63915.090908,86775.30112053375,300000.0,False,True
505,2,0,1,NORMAL,0.006198964129870282,0.00555589959616988,0.005591537204289127,1.1086332619078727,3607613790.5369678,6392386209.463027,20212515.032736,9109170.621334,91441.772694,28566397.791729,0.0,12244378.104458,12244378.0997,3817.775817,127994.25755199998,206691.210541335,63997.12878099999,88169.55379386782,300000.0,False,True
506,2,0,1,NORMAL,0.006293165701385475,0.005603465151345081,0.005611629871861293,1.1214506026032909,3600425469.75383,6399574530.246164,20244593.313116,9124376.82116,91732.952277,28611635.085532,0.0,12263601.897134,12263601.892364,3435.998236,128158.617784,207904.73853229635,64079.308898,89453.87392785608,300000.0,False,True
507,2,0,1,NORMAL,0.006380751168965418,0.005653612636352844,0.005631754685079864,1.1329952254258981,3593386621.49652,6406613378.503474,20276713.007567,9139603.227465,92024.59384,28656548.224778,0.0,12282850.385391,12282850.380612,3435.998236,128323.254997,209120.3115790819,64161.627502999996,90632.29630659796,300000.0,False,True
508,2,0,1,NORMAL,0.006462116807391838,0.005705774195774715,0.005651736459972143,1.1433860819872144,3586427468.9600697,6413572531.039925,20308874.183488,9154849.872424,92316.69798,28701519.081349,0.0,12302123.609647,12302123.604856,3435.998236,128488.161642,210337.8739256253,64244.080827000005,91714.02354263446,300000.0,False,True
509,2,0,1,NORMAL,0.0065376816619577265,0.005759445645205878,0.005671682219277156,1.1526882870371642,3579539910.3628044,6420460089.63719,20341076.906428,9170116.78741,92609.265294,28746547.746886,0.0,12321421.609173,12321421.60437,3435.998236,128653.33011399998,211557.36943397683,64326.66506300001,92703.65290263455,300000.0,False,True
510,2,0,1,NORMAL,0.0066078665584309235,0.005814182478317172,0.005691603320603027,1.1609850838534577,3572716745.4177628,6427283254.5822315,20373321.240052,9185404.003008,92902.296381,28791634.310349,0.0,12340744.422096,12340744.41728,3435.998236,128818.752759,212778.7415941705,64409.376386,93607.56972089884,300000.0,False,True
511,2,0,1,NORMAL,0.006673086732693277,0.005869595656018856,0.00571150995172413,1.1683577178533806,3565951578.192703,6434048421.807291,20405607.246145,9200711.548993,93195.79184,28836778.858003,0.0,12360092.085383,12360092.080559,3435.998236,128984.42187399999,214001.9335342407,64492.210941,94432.14201916881,300000.0,False,True
512,2,0,1,NORMAL,0.006733746022414797,0.00592534729256053,0.0057314112478642695,1.1748844623432027,3559238729.9139686,6440761270.086025,20437934.984593,9216039.454336,93489.752271,28881981.473399,0.0,12379464.634848,12379464.630013,3435.998236,129150.329711,215226.88803038548,64575.164861000005,95183.61666345752,300000.0,False,True
513,2,0,1,NORMAL,0.006790232465913681,0.005981146336002669,0.005751315398242982,1.1806399050881624,3552522558.7055554,6447477441.294438,20470304.513377,9231387.747192,93784.178276,28927585.837185,0.0,12398862.105128,12398862.100282,3092.398413,129316.46847499999,216453.54751727285,64658.234243,95868.03856153152,300000.0,False,True
514,2,0,1,NORMAL,0.006842926020828878,0.006036745025346295,0.005771311947987642,1.1856794577210281,3545899808.368922,6454100191.631071,20502715.888553,9246756.454901,94079.070456,28972904.827793,0.0,12418284.529684,12418284.524826,3092.398413,129482.83031599998,217681.8540984854,64741.415164000005,96489.81605605282,300000.0,False,True
515,2,0,1,NORMAL,0.006892162794079437,0.006091933268490369,0.005791243485161519,1.1901006772964602,3539315910.98783,6460684089.012163,20535169.164252,9262145.603976,94374.429414,29018282.120363,0.0,12437731.9408,12437731.935926,3092.398413,129649.40735599998,218911.74955710096,64824.70368600001,97057.32026375932,300000.0,False,True
516,2,0,1,NORMAL,0.00693826850360119,0.006146535541723326,0.005811197674899137,1.1939481139267243,3532767351.0613275,6467232648.938665,20567664.392666,9277555.220107,94670.255754,29063717.787445,0.0,12457204.369555,12457204.364675,3092.398413,129816.19166800001,220143.17536640354,64908.09583700001,97574.16575281478,300000.0,False,True
517,2,0,1,NORMAL,0.006981545996341737,0.006200407183956772,0.005831179802384159,1.1972784638688787,3526251013.366233,6473748986.63376,20600201.624031,9292985.328148,94966.550079,29109211.898791,0.0,12476701.845856,12476701.840965,3092.398413,129983.17528300002,221376.0727007222,64991.587647,98045.15376967766,300000.0,False,True
518,2,0,1,NORMAL,0.007022275269441786,0.006253430931407419,0.0058511946053813445,1.2001438583128647,3519764138.2697487,6480235861.730245,20632780.906629,9308435.95212,95263.312995,29154764.521357,0.0,12496224.398391,12496224.393493,3092.398413,130150.35019499999,222610.3824463926,65075.175101,98474.73457785207,300000.0,False,True
519,2,0,1,NORMAL,0.0070607139224295795,0.006305513705021752,0.005871246332126598,1.2025920090925821,3513304281.8835397,6486695718.116453,20665402.286767,9323907.115202,95560.545106,29200375.71928,0.0,12515772.054656,12515772.049744,3092.398413,130317.70836199998,223846.0452128374,65158.854188000005,98867.01064975896,300000.0,False,True
520,2,0,1,NORMAL,0.007097097928598193,0.00635658365492991,0.005891338793371587,1.2046664056365626,3506825707.8386865,6493174292.161306,20698065.808779,9339398.839731,95858.247019,29246354.793714,0.0,12535344.840918,12535344.835995,2783.158572,130485.24169899999,225083.00134376108,65242.620854999994,99225.74582730625,300000.0,False,True
521,2,0,1,NORMAL,0.007131652875504517,0.0064065881207734324,0.0059115488598900775,1.2063932895645773,3500413655.74806,6499586344.251932,20730771.515007,9354911.147194,96156.419341,29292083.323444,0.0,12554942.782242,12554942.777307,2783.158572,130652.942096,226321.19092845535,65326.471053999994,99553.14186822734,300000.0,False,True
522,2,0,1,NORMAL,0.007164563339923918,0.0064554897478154,0.005931733071521144,1.2078364372668282,3494022857.269965,6505977142.730027,20763519.445805,9370444.058227,96455.062679,29337870.603933,0.0,12574565.902462,12574565.897515,2783.158572,130820.801406,227560.55381320996,65410.400709,99854.94045388373,300000.0,False,True
523,2,0,1,NORMAL,0.007196007049038351,0.006503265057571719,0.005951967256381395,1.209013211778536,3487651812.3708186,6512348187.629173,20796309.639519,9385997.592613,96754.177641,29383716.687937,0.0,12594214.224187,12594214.219231,2783.158572,130988.81144900003,228801.0296128245,65494.405729,100132.59228821045,300000.0,False,True
524,2,0,1,NORMAL,0.007226144762934197,0.006549902457917686,0.005972253898340806,1.2099527056178478,3481299194.3555436,6518700805.644448,20829142.132487,9401571.769273,97053.764836,29429621.625339,0.0,12613887.7688,12613887.76383,2783.158572,131156.964016,230042.55772221714,65578.482015,100388.66810564717,300000.0,False,True
525,2,0,1,NORMAL,0.007255121559753949,0.006595400464487768,0.005992595233657579,1.2106810616884909,3474963830.0996265,6525036169.900366,20862016.959031,9417166.606271,97353.824872,29475585.463141,0.0,12633586.55644,12633586.551458,2783.158572,131325.250872,231285.07732812522,65662.625442,100625.48776599742,300000.0,False,True
526,2,0,1,NORMAL,0.007283068098264505,0.006639766118279816,0.006012993277932607,1.2112217262894691,3468644682.4975376,6531355317.502455,20894934.151448,9432782.120803,97654.358359,29521608.24545,0.0,12653310.606013,12653310.601017,2783.158572,131493.66375,232528.52742089273,65746.831882,100845.14001248384,300000.0,False,True
527,2,0,1,NORMAL,0.007310101837433889,0.006683013584031692,0.006033449850198329,1.211595690514208,3462302762.109425,6537697237.890568,20927893.740006,9448418.3292,97955.365906,29567968.329332,0.0,12673059.935178,12673059.930169,2504.842715,131662.194367,233772.84680634062,65831.09719000001,101049.50172525052,300000.0,False,True
528,2,0,1,NORMAL,0.007336337693678749,0.006725163526589567,0.00605403316611499,1.2118099607945563,3456013412.5771976,6543986587.422795,20960895.752942,9464075.246922,98256.848123,29614109.121374,0.0,12692834.560345,12692834.555329,2504.842715,131830.834411,235017.97411771413,65915.41720899999,101239.14313219415,300000.0,False,True
529,2,0,1,NORMAL,0.007361859630524209,0.006766240694585352,0.006074611904005177,1.2119061673175056,3449737844.479099,6550262155.520894,20993940.216443,9479752.888561,98558.805621,29660308.972814,0.0,12712634.496681,12712634.491659,2504.842715,131999.57554599998,236263.84782770317,65999.78777600001,101417.92587419768,300000.0,False,True
530,2,0,1,NORMAL,0.00738675232495795,0.006806273702996487,0.0060952536403052465,1.2118859625648042,3443475424.7767754,6556524575.223217,21027027.15466,9495451.267825,98861.239011,29706567.91611,0.0,12732459.758099,12732459.753071,2504.842715,132168.409422,237510.40626053,66084.20471399999,101585.94309264912,300000.0,False,True
531,2,0,1,NORMAL,0.007411091481863169,0.006845294204858855,0.0061159596023689445,1.2117626609228371,3437225594.398436,6562774405.601557,21060156.589685,9511170.397555,99164.148905,29752885.98079,0.0,12752310.357253,12752310.352218,2504.842715,132337.32766100002,238757.58760409994,66168.663834,101744.40039962163,300000.0,False,True
532,2,0,1,NORMAL,0.007434944714129079,0.00688333617319887,0.006136730907606788,1.2115481069755054,3430987859.695733,6569012140.30426,21093328.541562,9526910.289709,99467.535914,29799263.193446,0.0,12772186.305543,12772186.300497,2504.842715,132506.32188099998,240005.32992220912,66253.160946,101894.37329555328,300000.0,False,True
533,2,0,1,NORMAL,0.007458372350631855,0.006920435281420353,0.006157568575642977,1.211252827964331,3424761784.8765984,6575238215.123395,21126543.028275,9542670.955364,99771.400649,29845699.57773,0.0,12792087.613101,12792087.608047,2504.842715,132675.383676,241253.57116680514,66337.691842,102036.82020674333,300000.0,False,True
534,2,0,1,NORMAL,0.007481428175104806,0.006956628371335479,0.006178473539146733,1.2108861724020614,3418513504.4957814,6581486495.504212,21159800.065741,9558452.40472,100075.743723,29892445.638617,0.0,12812014.288806,12812014.283739,2254.358444,132844.504629,242502.24919029497,66422.252321,102172.59441529689,300000.0,False,True
535,2,0,1,NORMAL,0.007504168844055407,0.006991953563123862,0.006199507370660193,1.2104459911717598,3412309647.989957,6587690352.010036,21193099.667823,9574254.647086,100380.565748,29939000.425321,0.0,12831966.340262,12831966.335182,2254.358444,133013.676307,243751.3017578948,66506.83816000001,102301.45299804403,300000.0,False,True
536,2,0,1,NORMAL,0.007526627294449827,0.007026448642564247,0.006220549726139764,1.2099617599424872,3406116434.247678,6593883565.7523155,21226441.846308,9590077.690893,100685.867336,29985614.436914,0.0,12851943.773815,12851943.768719,2254.358444,133182.890276,245000.6665600173,66591.445146,102426.19098686363,300000.0,False,True
537,2,0,1,NORMAL,0.007548841574833846,0.007060151412388093,0.006241661734506072,1.2094281772915103,3399933598.3960686,6600066401.603925,21259826.610916,9605921.543685,100991.649099,30032287.685241,0.0,12871946.594537,12871946.589429,2254.358444,133352.138086,246250.28122468982,66676.06904900001,102546.27568833076,300000.0,False,True
538,2,0,1,NORMAL,0.007570845512938274,0.007093099418875202,0.006262844068290385,1.2088510316376029,3393760906.869721,6606239093.130272,21293253.969296,9621786.212118,101297.911651,30079020.179186,0.0,12891974.806242,12891974.801116,2254.358444,133521.41128200002,247500.08333000014,66760.70565,102662.24039698674,300000.0,False,True
539,2,0,1,NORMAL,0.007592669166613404,0.0071253297251808925,0.006284097351659631,1.2082354460355678,3387598153.7635074,6612401846.2364855,21326723.927026,9637671.701964,101604.655604,30125811.924677,0.0,12912028.411459,12912028.406323,2254.358444,133690.701406,248750.01041656252,66845.350708,102774.55813503983,300000.0,False,True
540,2,0,1,NORMAL,0.007614339229775813,0.00715687872547734,0.00630542216581518,1.207585952144001,3381445157.60899,6618554842.391003,21360236.487615,9653578.018101,101911.881571,30172662.924677,0.0,12932107.411459,12932107.406323,2254.358444,133860.0,250000.0,66930.0,102883.64820382671,300000.0,False,True
541,2,0,1,NORMAL,0.00763587939674605,0.007187781994591451,0.006326819053783054,1.2069065563334322,3375272235.290824,6624727764.709169,21393791.652483,9669505.164526,102219.590164,30219798.615024,0.0,12952211.806256,12952211.801108,2028.9226,134029.298588,251249.9895834375,67014.64930000002,102989.88206767038,300000.0,False,True
542,2,0,1,NORMAL,0.0076573187219510196,0.0072180746866791655,0.006348344052652911,1.2061915136359223,3369138298.888993,6630861701.111,21427389.420993,9685453.144345,102527.781997,30266768.121073,0.0,12972341.594565,12972341.589413,2028.9226,134198.58871200003,252499.91666999986,67099.294358,103092.68687946476,300000.0,False,True
543,2,0,1,NORMAL,0.007678666911867131,0.007247790314110648,0.006369886863207127,1.2054636254561444,3363013700.4131403,6636986299.586853,21461029.790421,9701421.959775,102836.457682,30313796.872738,0.0,12992496.773859,12992496.768697,2028.9226,134367.861908,253749.71877531018,67183.930959,103194.26309169957,300000.0,False,True
544,2,0,1,NORMAL,0.0076999405911181516,0.007276961299724036,0.006391503178634512,1.2047151313101867,3356898330.061541,6643101669.938452,21494712.755982,9717411.612146,103145.617831,30360884.861138,0.0,13012677.34032,13012677.335154,2028.9226,134537.10971799996,254999.33343998276,67268.554861,103293.84810207288,300000.0,False,True
545,2,0,1,NORMAL,0.007721154488271684,0.007305618924791626,0.006413193428594642,1.2039484812426222,3350792091.239534,6649207908.760459,21528438.310811,9733422.101898,103455.263058,30408032.074425,0.0,13032883.288882,13032883.283705,2028.9226,134706.32368700003,256248.69824210517,67353.16184899998,103391.67084759039,300000.0,False,True
546,2,0,1,NORMAL,0.007742321645659301,0.007333793293879864,0.0064349580215222035,1.2031658357000188,3344694899.0101895,6655305100.989803,21562206.445975,9749453.428591,103765.393974,30455238.4978,0.0,13053114.613195,13053114.608007,2028.9226,134875.495365,257497.75080970503,67437.747688,103487.93357815756,300000.0,False,True
547,2,0,1,NORMAL,0.007763453606933327,0.007361513314076862,0.006456797347008244,1.2023690987499434,3338606678.728073,6661393321.271919,21596017.150481,9765505.590888,104076.011193,30502504.113509,0.0,13073371.305651,13073371.300451,2028.9226,135044.616318,258746.42883319486,67522.308165,103582.81485893136,300000.0,False,True
548,2,0,1,NORMAL,0.007784560584018487,0.007388806686331161,0.0064787117779020464,1.201559947545514,3332501301.413061,6667498698.58693,21629870.411258,9781578.586575,104387.115326,30550031.793106,0.0,13093653.357376,13093653.352165,1826.03034,135213.678113,259994.6700777909,67606.839062,103676.47224841263,300000.0,False,True
549,2,0,1,NORMAL,0.007805658976665857,0.007415700382481787,0.00650075251403294,1.2007316014286136,3326430842.0893,6673569157.910691,21663766.213179,9797672.412551,104698.706985,30597415.728419,0.0,13113960.758237,13113960.753011,1826.03034,135382.672333,261242.41239590006,67691.336174,103768.23310868171,300000.0,False,True
550,2,0,1,NORMAL,0.007826748558062514,0.007442219619616028,0.006522818470931406,1.199902862994272,3320369186.1735587,6679630813.826433,21697704.539056,9813787.064832,105010.786781,30644858.785117,0.0,13134293.496831,13134293.491593,1826.03034,135551.59057200002,262489.59373947,67775.79529200001,103859.93905125004,300000.0,False,True
551,2,0,1,NORMAL,0.007847836470502528,0.007468388448705479,0.006544960560452288,1.1990655097179386,3314316288.826303,6685683711.173689,21731685.369647,9829922.53855,105323.355326,30692360.933671,0.0,13154651.560508,13154651.555256,1826.03034,135720.424448,263736.15217229683,67860.212231,103950.77896047641,300000.0,False,True
552,2,0,1,NORMAL,0.007868929017778524,0.00749422977574245,0.0065671791063021566,1.1982205586911967,3308272110.7884097,6691727889.211582,21765708.683657,9846078.827959,105636.413231,30739922.141622,0.0,13175034.935355,13175034.93009,1826.03034,135889.16558300002,264982.0258822859,67944.58279799999,104040.8489849266,300000.0,False,True
553,2,0,1,NORMAL,0.007890031759761017,0.007519765387614616,0.006589474422811851,1.1973689028136774,3302236617.723621,6697763382.276371,21799774.457742,9862255.926436,105949.961107,30787542.373589,0.0,13195443.606206,13195443.600932,1826.03034,136057.805627,266227.1531936594,68028.902818,104130.23364516131,300000.0,False,True
554,4,0,1,NORMAL,0.007911149596409556,0.007545015981730419,0.006611846815982578,1.196511325290571,3300000000.0,6699999999.999992,21833882.666517,9878453.826478,106263.999564,30835221.591271,0.0,13215877.556653,13215877.551365,1826.03034,136226.33624400003,267471.4725791072,68113.168129,104219.00716834067,300000.0,False,True
555,4,0,1,NORMAL,0.007954989287373357,0.00757146587241706,0.006627059806054243,1.2003798849236227,3300000000.0,6699999999.999992,21869297.359979,9895214.352887,106578.547393,30884948.120774,0.0,13237110.66801,13237110.662708,1643.427306,141554.075638,268714.92267187475,70777.037826,104427.17467260614,300000.0,False,True
556,4,0,1,NORMAL,0.00799459287796831,0.007598764388904238,0.006637806157178182,1.2044028838237293,3300000000.0,6699999999.999992,21904760.318688,9911998.272552,106893.605289,30934559.297374,0.0,13258372.600853,13258372.595534,1643.427306,141746.21886900003,269957.44227778283,70873.109443,105005.85859332832,300000.0,False,True
557,4,0,1,NORMAL,0.008030413116183301,0.007626612693889984,0.006648567123242121,1.2078411734929337,3300000000.0,6699999999.999992,21940271.506699,9928805.573856,107209.173945,30984237.670441,0.0,13279663.332183,13279663.326846,1643.427306,141938.208776,271198.9703871755,70969.10439699999,105528.62598918169,300000.0,False,True
558,4,0,1,NORMAL,0.008062862615544387,0.007654757850125753,0.00665934269265394,1.2107595280295005,3300000000.0,6699999999.999992,21975830.885758,9945636.244198,107525.254054,31033983.183022,0.0,13300982.837585,13300982.832236,1643.427306,142130.03595400002,272439.44618679,71065.017983,106001.45313361958,300000.0,False,True
559,4,0,1,NORMAL,0.008092315463822868,0.007682987373590083,0.006670132853127273,1.2132165343646504,3300000000.0,6699999999.999992,22011438.41532,9962490.269981,107841.846309,31083795.774881,0.0,13322331.091247,13322331.085888,1643.427306,142321.691032,273678.8090715447,71160.84552100001,106429.78652518592,300000.0,False,True
560,4,0,1,NORMAL,0.008119109292344318,0.007711124271574227,0.006680937591679394,1.2152649506045468,3300000000.0,6699999999.999992,22047094.052542,9979367.636631,108158.951402,31133675.382511,0.0,13343708.06596,13343708.060585,1643.427306,142513.16466999997,274916.99865623895,71256.58234299999,106818.56412246186,300000.0,False,True
561,4,0,1,NORMAL,0.008143547632572605,0.007739022552928961,0.00669175689463909,1.2169521040276545,3300000000.0,6699999999.999992,22082797.752309,9996268.328592,108476.570024,31183621.939154,0.0,13365113.733106,13365113.727716,1643.427306,142704.44756300002,276153.95478716266,71352.223789,107172.24265894499,300000.0,False,True
562,4,0,1,NORMAL,0.008165902424638685,0.00776656318981346,0.006702590747645758,1.2183203080848857,3300000000.0,6699999999.999992,22118549.467231,10013192.329333,108794.702866,31233799.717541,0.0,13386548.062684,13386548.05728,1479.084576,142895.53045599998,277389.6175536074,71447.76523500001,107494.82874995838,300000.0,False,True
563,4,0,1,NORMAL,0.008186416573912043,0.007793650504916595,0.006713439135652424,1.2194072826902114,3300000000.0,6699999999.999992,22154349.147653,10030139.621351,109113.350618,31283879.958977,0.0,13408011.023313,13408011.017894,1479.084576,143086.404115,278623.9272992778,71543.20206499999,107789.91200523064,300000.0,False,True
564,4,0,1,NORMAL,0.008205306479624065,0.007820208954897722,0.006724302042931818,1.2202465664446156,3300000000.0,6699999999.999992,22190196.741675,10047110.186174,109432.513968,31334026.929749,0.0,13429502.582228,13429502.576793,1479.084576,143277.05935799997,279856.82463359646,71638.52968700002,108060.69877563897,300000.0,False,True
565,4,0,1,NORMAL,0.00822276448079979,0.007846180279149469,0.006735179453076061,1.2208679127390325,3300000000.0,6699999999.999992,22226092.195151,10064104.004366,109752.193606,31384240.55021,0.0,13451022.705297,13451022.699848,1479.084576,143467.48704600002,281088.250442899,71733.74352999999,108310.04553103766,300000.0,False,True
566,4,0,1,NORMAL,0.008238961182452095,0.007871520982588347,0.006746071349001515,1.221297664406046,3300000000.0,6699999999.999992,22262035.451705,10081121.055537,110072.390218,31434520.737535,0.0,13472571.357017,13472571.351557,1479.084576,143657.678079,282318.14590151457,71828.83904500002,108540.49114655721,300000.0,False,True
567,4,0,1,NORMAL,0.008254047638615467,0.007896200121686871,0.006756977712951818,1.2215591036794535,3300000000.0,6699999999.999992,22298026.452741,10098161.318335,110393.104492,31484867.405724,0.0,13494148.500537,13494148.495065,1479.084576,143847.623406,283546.4524827272,71923.811709,108754.28760836765,300000.0,False,True
568,4,0,1,NORMAL,0.008268157379142332,0.007920197364103354,0.006767898526501818,1.2216727757908576,3300000000.0,6699999999.999992,22334065.137456,10115224.770465,110714.337113,31535280.465632,0.0,13515754.097652,13515754.092166,1479.084576,144037.31403200002,284773.1119696145,72018.657023,108953.42882972416,300000.0,False,True
569,4,0,1,NORMAL,0.008281408275029737,0.007943501293840539,0.006778833770560909,1.2216567857135252,3300000000.0,6699999999.999992,22370151.442851,10132311.388684,111036.088766,31585907.733433,0.0,13537388.108815,13537388.103311,1331.176119,144226.740996,285998.0664657593,72113.370507,109139.67740467878,300000.0,False,True
570,4,0,1,NORMAL,0.008293904242846975,0.007966107935711923,0.006789783425377576,1.2215270684257142,3300000000.0,6699999999.999992,22406285.303746,10149421.14881,111358.360135,31636453.296819,0.0,13559050.493132,13559050.487618,1331.176119,144415.895396,287221.2584058295,72207.947703,109314.58923039254,300000.0,False,True
571,4,0,1,NORMAL,0.008305736792979707,0.00798801947489049,0.006800747470542121,1.2212976336728492,3300000000.0,6699999999.999992,22442466.652789,10166554.025728,111681.151903,31687064.965752,0.0,13580741.208399,13580741.202871,1331.176119,144604.76838599998,288442.6305660232,72302.3842,109479.53600558007,300000.0,False,True
572,4,0,1,NORMAL,0.008316986428244204,0.008009243149300408,0.006811725884990909,1.2209807864655882,3300000000.0,6699999999.999992,22478695.42047,10183709.993392,112004.464753,31737742.638659,0.0,13602460.211085,13602460.205543,1331.176119,144793.351172,289662.1260743747,72396.67559299999,109635.72566733214,300000.0,False,True
573,4,0,1,NORMAL,0.008327723902568543,0.008029790294672547,0.006822718647011515,1.2205873249978219,3300000000.0,6699999999.999992,22514971.535138,10200889.024835,112328.299365,31788486.21091,0.0,13624207.456349,13624207.450791,1331.176119,144981.63501400003,290879.68842091813,72490.817515,109784.22085282349,300000.0,False,True
574,4,0,1,NORMAL,0.008338011349138986,0.008049675523992963,0.00683372573424606,1.2201267176050763,3300000000.0,6699999999.999992,22551294.923012,10218091.092175,112652.656419,31839295.574838,0.0,13645982.898042,13645982.892472,1331.176119,145169.61122999998,292095.26146770373,72584.805621,109925.95551390477,300000.0,False,True
575,4,0,1,NORMAL,0.008347903288678066,0.008068916024940389,0.006844747123695455,1.2196072605485917,3300000000.0,6699999999.999992,22587665.508195,10235316.166617,112977.536594,31890170.619755,0.0,13667786.488731,13667786.483148,1331.176119,145357.27119899998,293308.78945866507,72678.635606,110061.74980863463,300000.0,False,True
576,4,0,1,NORMAL,0.00835744752777088,0.008087530960606873,0.006855782791722728,1.2190362182800152,3300000000.0,6699999999.999992,22624083.212685,10252564.218464,113302.940568,31941244.349588,0.0,13689618.179692,13689618.174099,1198.058508,145544.606356,294520.21702933253,72772.30318300001,110192.32341055048,300000.0,False,True
577,4,0,1,NORMAL,0.00836668595779635,0.00810554096042555,0.006866832714062121,1.2184199479132178,3300000000.0,6699999999.999992,22660547.956405,10269835.217116,113628.869017,31992250.412458,0.0,13711477.920931,13711477.915328,1198.058508,145731.608208,295729.48921639,72865.80410899999,110318.30736657561,300000.0,False,True
578,4,0,1,NORMAL,0.00837565526358977,0.00812296768966195,0.0068778968658190906,1.217764009404394,3300000000.0,6699999999.999992,22697059.657203,10287129.131084,113955.322617,32043321.806365,0.0,13733365.661189,13733365.655573,1198.058508,145918.268317,296936.55146707135,72959.13416499998,110440.25464291182,300000.0,False,True
579,4,0,1,NORMAL,0.008384387551143355,0.008139833487176881,0.006888975221476666,1.2170732629440557,3300000000.0,6699999999.999992,22733618.230873,10304445.927994,114282.302042,32094458.408769,0.0,13755281.347946,13755281.342315,1198.058508,146104.57830700002,298141.3496483939,73052.28916100001,110558.64947938497,300000.0,False,True
580,4,0,1,NORMAL,0.008392910902786335,0.008156161062377492,0.006900067754901212,1.2163519549246073,3300000000.0,6699999999.999992,22770223.591174,10321785.574593,114609.807965,32145660.094223,0.0,13777224.927438,13777224.921792,1198.058508,146290.52987699996,299343.830056226,73145.26494600001,110673.91567509228,300000.0,False,True
581,4,0,1,NORMAL,0.008401249867380792,0.008171973243345447,0.006911174439346061,1.2156037936984445,3300000000.0,6699999999.999992,22806875.649842,10339148.036756,114937.841057,32196926.734398,0.0,13799196.344662,13799196.339008,1198.058508,146476.11479000002,300543.9394241849,73238.057399,110786.42391677962,300000.0,False,True
582,4,0,1,NORMAL,0.008409425892867603,0.008187292769121071,0.006922295247456061,1.2148320162966266,3300000000.0,6699999999.999992,22843574.316605,10356533.279494,115266.401989,32248258.1981,0.0,13821195.543406,13821195.537735,1198.058508,146661.324875,301741.62493236316,73330.662446,110896.49824942646,300000.0,False,True
583,4,0,1,NORMAL,0.008417457707059407,0.008202142119955803,0.00693343015127606,1.2140394470564069,3300000000.0,6699999999.999992,22880319.499211,10373941.266964,115595.491429,32299774.157161,0.0,13843222.466221,13843222.460537,1078.252658,146846.152039,302936.8342158803,73423.076026,111004.42178585236,300000.0,False,True
584,4,0,1,NORMAL,0.008425361653277747,0.008216543380170123,0.00694457912225303,1.2132285491974215,3300000000.0,6699999999.999992,22917111.103435,10391371.962468,115925.110046,32351234.863047,0.0,13865277.054469,13865277.048771,1078.252658,147030.58825400003,304129.51537325716,73515.29413399998,111110.44173318418,300000.0,False,True
585,4,0,1,NORMAL,0.008433151985246976,0.008230518128884758,0.006955742131242728,1.2124014700556893,3300000000.0,6699999999.999992,22953949.033101,10408825.328468,116255.258506,32402759.981992,0.0,13887359.248312,13887359.242603,1078.252658,147214.62556499997,305319.616974611,73607.31278800001,111214.77382326627,300000.0,False,True
586,4,0,1,NORMAL,0.008440841126522389,0.0082440873545388,0.0069669191485136365,1.211560080803178,3300000000.0,6699999999.999992,22990833.190095,10426301.326595,116585.937474,32454349.371622,0.0,13909468.986735,13909468.981015,1078.252658,147398.256095,306507.08806966775,73699.12805300002,111317.60620526009,300000.0,False,True
587,4,0,1,NORMAL,0.008448439898202313,0.008257271389613866,0.006978110143756969,1.2107060112487316,3300000000.0,6699999999.999992,23027763.474398,10443799.917647,116917.147613,32506002.886835,0.0,13931606.207547,13931606.201819,1078.252658,147581.472042,307691.8781955911,73790.736025,111419.10287009554,300000.0,False,True
588,4,0,1,NORMAL,0.008455957718970479,0.008270089862475584,0.006989315086085758,1.2098406803557182,3300000000.0,6699999999.999992,23064739.784083,10461321.061604,117248.889585,32557720.379816,0.0,13953770.847412,13953770.841665,1078.252658,147764.26567300002,308873.93738462444,73882.13284600001,111519.40665627054,300000.0,False,True
589,4,0,1,NORMAL,0.008463402780361113,0.008282561663629489,0.007000533944046061,1.2089653229321484,3300000000.0,6699999999.999992,23101762.015352,10478864.717638,117581.164051,32609501.700082,0.0,13975962.841825,13975962.836064,1078.252658,147946.62934400004,310053.21617154503,73973.314679,111618.64189041032,300000.0,False,True
590,4,0,1,NORMAL,0.008470782200853715,0.008294704924095569,0.007011766685621213,1.2080810130525956,3300000000.0,6699999999.999992,23138830.06255,10496430.844118,117913.97167,32661454.519763,0.0,13998182.125157,13998182.119384,970.427393,148128.555484,311229.66560092726,74064.277748,111716.91670076668,300000.0,False,True
591,4,0,1,NORMAL,0.008478102160651693,0.008306537003873384,0.007023013278236061,1.2071886845102335,3300000000.0,6699999999.999992,23175943.818179,10514019.398615,118247.313098,32713363.032571,0.0,14020428.630657,14020428.624871,970.427393,148310.036603,312403.23723421467,74155.01830800001,111814.32505126904,300000.0,False,True
592,4,0,1,NORMAL,0.008485368019838648,0.008318074488774368,0.007034273688765151,1.2062891487135514,3300000000.0,6699999999.999992,23213103.172925,10531630.337916,118581.188993,32765334.905419,0.0,14042702.29046,14042702.284661,970.427393,148491.065289,313573.8831565978,74245.532651,111910.94852060235,300000.0,False,True
593,4,0,1,NORMAL,0.008492584421942168,0.008329333194140033,0.007045547883536364,1.2053831103450672,3300000000.0,6699999999.999992,23250308.01567,10549263.61803,118915.600007,32817369.977389,0.0,14065003.035603,14065003.029791,970.427393,148671.63421299998,314741.5559836975,74335.81711300001,112006.85786187016,300000.0,False,True
594,4,0,1,NORMAL,0.008499755384626242,0.008340328174171402,0.007056835828340001,1.2044711810485271,3300000000.0,6699999999.999992,23287558.233522,10566919.194198,119250.546794,32869468.085032,0.0,14087330.796035,14087330.790208,970.427393,148851.736135,315906.20886805083,74425.86807499999,112102.1143696366,300000.0,False,True
595,4,0,1,NORMAL,0.008506884378979822,0.008351073735771946,0.007068137488433636,1.203553891375283,3300000000.0,6699999999.999992,23324853.711831,10584597.020899,119586.030005,32921629.062392,0.0,14109685.500628,14109685.494788,970.427393,149031.36389300003,317067.79550540034,74515.681953,112196.7710770664,300000.0,False,True
596,4,0,1,NORMAL,0.00851397439904145,0.008361583455982882,0.007079452828547879,1.2026317012395176,3300000000.0,6699999999.999992,23362194.334208,10602297.05186,119922.050289,32973852.741033,0.0,14132067.077199,14132067.071346,970.427393,149210.51041100002,318226.2701407832,74605.25521199999,112290.87380253366,300000.0,False,True
597,4,0,1,NORMAL,0.008521028022495061,0.008371870202209475,0.007090781812892728,1.2017050090304295,3300000000.0,6699999999.999992,23399579.982546,10620019.240067,120258.608294,33026235.992815,0.0,14154475.452509,14154475.446649,873.384654,149389.168699,319381.58757442096,74694.584353,112384.46206734714,300000.0,False,True
598,4,0,1,NORMAL,0.00852804746393671,0.008381946154578976,0.007102124405165455,1.2007741595928911,3300000000.0,6699999999.999992,23437010.537046,10637763.537768,120595.704666,33078584.558962,0.0,14176910.552293,14176910.546426,873.384654,149567.331855,320533.70316740853,74783.665931,112477.56989693482,300000.0,False,True
599,4,0,1,NORMAL,0.00853503462127432,0.008391822829849644,0.007113480568556061,1.199839451168532,3300000000.0,6699999999.999992,23474485.876235,10655529.896489,120933.340048,33130995.306532,0.0,14199372.30126,14199372.295381,873.384654,149744.99306200002,321682.57284720085,74872.49653699998,112570.2265239646,300000.0,False,True
600,4,0,1,NORMAL,0.008541991116362564,0.008401511106398864,0.007124850265752425,1.198901141462863,3300000000.0,6699999999.999992,23512005.876983,10673318.267039,121271.515084,33183468.057485,0.0,14221860.623112,14221860.617216,873.384654,149922.14559300002,322828.1531128977,74961.07280499999,112662.45700082103,300000.0,False,True
601,4,0,1,NORMAL,0.008548918330540485,0.008411021249891872,0.007136233458950303,1.1979594529405964,3300000000.0,6699999999.999992,23549570.414536,10691128.599522,121610.230413,33236002.631466,0.0,14244375.440545,14244375.434633,873.384654,150098.782812,323970.4010403251,75049.391414,112754.28273598585,300000.0,False,True
602,4,0,1,NORMAL,0.00855581743573743,0.008420362939301264,0.0071476301098566675,1.197014577452582,3300000000.0,6699999999.999992,23587179.362527,10708960.843344,121949.486675,33288598.845822,0.0,14266916.675282,14266916.669356,873.384654,150274.898172,325109.2742869135,75137.449093,112845.72196313439,300000.0,False,True
603,4,0,1,NORMAL,0.008562689421581152,0.00842954529299674,0.007159040179698788,1.1960666802601214,3300000000.0,6699999999.999992,23624832.593006,10726814.947225,122289.284506,33341256.515644,0.0,14289484.248074,14289484.242135,873.384654,150450.485215,326244.73109637224,75225.242614,112936.79015173408,300000.0,False,True
604,4,0,1,NORMAL,0.008569535119098371,0.008438576894680716,0.0071704636292284855,1.1951159035472885,3300000000.0,6699999999.999992,23662529.976454,10744690.859203,122629.624542,33394062.792254,0.0,14312078.078723,14312078.072766,786.046189,150625.53757000001,327376.7303031596,75312.76879400002,113027.5003648712,300000.0,False,True
605,4,0,1,NORMAL,0.008576355221375008,0.008447465818983575,0.007181900418732727,1.1941623694760637,3300000000.0,6699999999.999992,23700271.381818,10762588.52665,122970.507415,33446842.809391,0.0,14334698.086077,14334698.080109,786.046189,150800.048971,328505.2313367494,75400.024491,113117.8635720985,300000.0,False,True
606,4,0,1,NORMAL,0.008583150301777883,0.008456219656583209,0.00719335050803697,1.1932061828751597,3300000000.0,6699999999.999992,23738056.676522,10780507.896276,123311.933757,33499683.714021,0.0,14357344.188069,14357344.18209,786.046189,150974.01323299998,329630.1942256927,75487.006622,113207.8889221501,300000.0,False,True
607,4,0,1,NORMAL,0.008589920829643804,0.008464845538716152,0.007204813856512121,1.1922474335516309,3300000000.0,6699999999.999992,23775885.72649,10798448.914143,123653.904197,33552585.31251,0.0,14380016.301721,14380016.295728,786.046189,151147.424268,330751.5796014762,75573.71214100001,113297.58398346805,300000.0,False,True
608,4,0,1,NORMAL,0.008596667184065748,0.008473350160996772,0.007216290423084242,1.1912861983167706,3300000000.0,6699999999.999992,23813758.396178,10816411.525675,123996.419363,33605547.409134,0.0,14402714.343145,14402714.337136,786.046189,151320.27607999998,331869.34870217636,75660.13804800001,113386.95495129822,300000.0,False,True
609,4,0,1,NORMAL,0.008603389665975842,0.008481739806479293,0.0072277801662400006,1.1903225427581665,3300000000.0,6699999999.999992,23851674.548592,10834395.675665,124339.47988,33658569.806102,0.0,14425438.227571,14425438.221548,786.046189,151492.56277399996,332983.4633759101,75746.281394,113476.00682966787,300000.0,False,True
610,4,0,1,NORMAL,0.00861008850864976,0.008490020367909646,0.00723928304403303,1.1893565227770193,3300000000.0,6699999999.999992,23889634.045309,10852401.308284,124683.086371,33711652.303588,0.0,14448187.869362,14448187.863325,786.046189,151664.27854,334093.88608408306,75832.139277,113564.74359088112,300000.0,False,True
611,4,0,1,NORMAL,0.008616763886892349,0.008498197369134338,0.007250799014092121,1.1883881859289491,3300000000.0,6699999999.999992,23927636.746504,10870428.367092,125027.239458,33764873.304388,0.0,14470963.182024,14470963.175972,707.441571,151835.417673,335200.5799044343,75917.708844,113653.16831417683,300000.0,False,True
612,4,0,1,NORMAL,0.008623415924960753,0.008506275985639269,0.007262328033627576,1.1874175725787623,3300000000.0,6699999999.999992,23965682.510971,10888476.795053,125371.939761,33818075.39548,0.0,14493764.078214,14493764.072153,707.441571,152005.974555,336303.50853388023,76002.987282,113741.283306979,300000.0,False,True
613,4,0,1,NORMAL,0.008630044703737147,0.008514261064226229,0.007273870059438182,1.1864447169411922,3300000000.0,6699999999.999992,24003771.196146,10906546.534535,125717.187896,33871336.975761,0.0,14516590.469777,14516590.463701,707.441571,152175.943673,337402.63629115676,76087.97184399999,113829.09020948195,300000.0,False,True
614,4,0,1,NORMAL,0.008636650266571516,0.008522157141796893,0.007285425047919697,1.185469647929142,3300000000.0,6699999999.999992,24041902.658135,10924637.527329,126062.984479,33924657.837616,0.0,14539442.26773,14539442.261637,707.441571,152345.319599,338497.9281192615,76172.659808,113916.59008933033,300000.0,False,True
615,4,0,1,NORMAL,0.008643232624759582,0.008529968463278357,0.007296992955071515,1.1844923899443278,3300000000.0,6699999999.999992,24080076.751736,10942749.714656,126409.330123,33978037.77157,0.0,14562319.382291,14562319.376186,707.441571,152514.09701800003,339589.3495876965,76257.04851500002,114003.783518744,300000.0,False,True
616,4,0,1,NORMAL,0.008649791762137343,0.008537698998688614,0.007308573736501818,1.1835129635399269,3300000000.0,6699999999.999992,24118293.330456,10960883.037176,126756.225439,34031476.566311,0.0,14585221.722901,14585221.716789,707.441571,152682.270695,340676.8668945128,76341.135351,114090.67064682647,300000.0,False,True
617,4,0,1,NORMAL,0.008656327639197376,0.0085453524593666,0.007320167347437273,1.1825313860109878,3300000000.0,6699999999.999992,24156552.246543,10979037.434995,127103.671036,34084974.008732,0.0,14608149.198238,14608149.192109,707.441571,152849.835499,341760.44686815783,76424.917758,114177.25126021293,300000.0,False,True
618,4,0,1,NORMAL,0.008662840196454465,0.008552932313372268,0.007331773742728788,1.181547671877593,3300000000.0,6699999999.999992,24194853.351005,10997212.84769,127451.667521,34138600.628128,0.0,14631101.716211,14631101.710064,636.697414,153016.78640600003,342840.0569691269,76508.393212,114263.52483740536,300000.0,False,True
619,4,0,1,NORMAL,0.008669329357621335,0.008560441800098014,0.007343392876860606,1.1805618333371242,3300000000.0,6699999999.999992,24233196.49364,11015409.214297,127800.215498,34192214.719591,0.0,14654079.183995,14654079.177831,636.697414,153183.118477,343915.6652914202,76591.559247,114349.49059319895,300000.0,False,True
620,4,0,1,NORMAL,0.008675795032294896,0.008567883944110717,0.007355024703955757,1.1795738806463543,3300000000.0,6699999999.999992,24271581.523054,11033626.473336,128149.31557,34245886.808993,0.0,14677081.50804,14677081.501859,636.697414,153348.82687699998,344987.2405638062,76674.413447,114435.14752060163,300000.0,False,True
621,4,0,1,NORMAL,0.008682237118266206,0.008575261568249781,0.007366669177784545,1.1785838224484115,3300000000.0,6699999999.999992,24310008.286689,11051864.56282,128498.968337,34299616.676393,0.0,14700108.594083,14700108.587885,636.697414,153513.906869,346054.7521508941,76756.95344299999,114520.49442629263,300000.0,False,True
622,4,0,1,NORMAL,0.00868865550355293,0.008582577306011275,0.007378326251770605,1.1775916660594778,3300000000.0,6699999999.999992,24348476.630843,11070123.42026,128849.174397,34353404.100224,0.0,14723160.347167,14723160.340954,636.697414,153678.353815,347118.1700540153,76839.17691499999,114605.52996111393,300000.0,False,True
623,4,0,1,NORMAL,0.008695050068179664,0.008589833613247945,0.007389995878999393,1.1765974177183136,3300000000.0,6699999999.999992,24386986.400698,11088402.982679,129199.934346,34407248.85733,0.0,14746236.671654,14746236.665426,636.697414,153842.16317100002,348177.4649119171,76921.08159299998,114690.25264689868,300000.0,False,True
624,4,0,1,NORMAL,0.008701420685728295,0.00859703277921442,0.0074016780122242425,1.1756010828027728,3300000000.0,6699999999.999992,24425537.44034,11106703.186625,129551.248778,34461150.723001,0.0,14769337.47124,14769337.464996,636.697414,154005.33049800002,349232.6080012694,77002.665257,114774.66089997158,300000.0,False,True
625,4,0,1,NORMAL,0.008707767224626956,0.00860417693698297,0.007413372603875152,1.1746026660086115,3300000000.0,6699999999.999992,24464129.592788,11125023.968171,129903.118284,34515173.140747,0.0,14792462.648966,14792462.642711,573.027673,154167.851451,350283.57123698643,77083.92573100001,114858.7530516135,300000.0,False,True
626,4,0,1,NORMAL,0.008714089549475331,0.008611268073272801,0.007425079606065758,1.1736021715318101,3300000000.0,6699999999.999992,24502762.700017,11143365.262936,130255.543453,34569188.543371,0.0,14815612.107245,14815612.100975,573.027673,154329.72179100002,351330.32717236574,77164.860903,114942.52736507582,300000.0,False,True
627,4,0,1,NORMAL,0.008720387521822017,0.008618308037695331,0.007436798970599091,1.1725996031757093,3300000000.0,6699999999.999992,24541436.602977,11161727.006093,130608.524872,34623260.371447,0.0,14838785.747857,14838785.741577,573.027673,154490.937366,352372.8489990455,77245.468688,115025.98205307437,300000.0,False,True
628,4,0,1,NORMAL,0.008726661001288714,0.008625298551475551,0.007448530648977272,1.1715949645030912,3300000000.0,6699999999.999992,24580151.141625,11180109.132373,130962.063125,34677388.394389,0.0,14861983.471987,14861983.465694,573.027673,154651.494131,353411.1105467838,77325.747072,115109.11528805064,300000.0,False,True
629,4,0,1,NORMAL,0.008732909846192032,0.008632241215650807,0.00746027459240697,1.1705882589201668,3300000000.0,6699999999.999992,24618906.154943,11198511.576083,131316.158795,34731572.380234,0.0,14885205.180219,14885205.173913,573.027673,154811.388141,354445.08628305997,77405.69407700001,115191.92521701103,300000.0,False,True
630,4,0,1,NORMAL,0.008739133914257652,0.008639137518786732,0.007472030751807879,1.1695794897716654,3300000000.0,6699999999.999992,24657701.480966,11216934.271112,131670.812461,34785812.09567,0.0,14908450.772561,14908450.76624,573.027673,154970.61554099998,355474.75131250196,77485.30777799999,115274.40996973481,300000.0,False,True
631,4,0,1,NORMAL,0.008745333063159938,0.008645988844230165,0.0074837990778193935,1.1685686604119958,3300000000.0,6699999999.999992,24696536.956804,11235377.150941,132026.024701,34840107.30607,0.0,14931720.148456,14931720.142125,573.027673,155129.17258000004,356500.0813761408,77564.586295,115356.56766820101,300000.0,False,True
632,4,0,1,NORMAL,0.008751507151195263,0.008652796476937591,0.007495579520806969,1.1675557742936309,3300000000.0,6699999999.999992,24735412.418663,11253840.148659,132381.79609,34894515.078296,0.0,14955013.20681,14955013.200462,515.724906,155287.05560899997,357521.0528504949,77643.52781300002,115438.39643371118,300000.0,False,True
633,4,0,1,NORMAL,0.008757656037459035,0.008659561609874458,0.007507372030871819,1.1665408349880355,3300000000.0,6699999999.999992,24774327.701877,11272323.196965,132738.1272,34948920.569667,0.0,14978329.845981,14978329.839619,515.724906,155444.26107,358537.6427464863,77722.13054200001,115519.89439577748,300000.0,False,True
634,4,0,1,NORMAL,0.008763779582459332,0.008666285350041224,0.007519176557855757,1.1655238462652215,3300000000.0,6699999999.999992,24813282.640924,11290826.228184,133095.018602,35003380.84459,0.0,15001669.96382,15001669.957442,515.724906,155600.78550799997,359549.8287081919,77800.392762,115601.05969445927,300000.0,False,True
635,4,0,1,NORMAL,0.00876987764826173,0.008672968724119967,0.007530993051351516,1.1645048121094579,3300000000.0,6699999999.999992,24852277.06946,11309349.174273,133452.470864,35057895.663534,0.0,15025033.457661,15025033.451274,515.724906,155756.625561,360557.58901143156,77878.312785,115681.89048846318,300000.0,False,True
636,4,0,1,NORMAL,0.00877595009898342,0.008679612683788578,0.007542821460705757,1.1634837367822681,3300000000.0,6699999999.999992,24891310.820329,11327891.966836,133810.484552,35112464.785821,0.0,15048420.224365,15048420.217965,515.724906,155911.777969,361560.9025621949,77955.888991,115762.38495705482,300000.0,False,True
637,4,0,1,NORMAL,0.008781996800833441,0.008686218110694699,0.007554661735028182,1.162460624823817,3300000000.0,6699999999.999992,24930383.725593,11346454.537129,134169.060228,35167087.969665,0.0,15071830.160311,15071830.153896,515.724906,156066.23956500003,362559.74889491155,78033.11979,115842.54130658114,300000.0,False,True
638,4,0,1,NORMAL,0.008788017622434394,0.008692785821129518,0.007566513823201515,1.161435481091349,3300000000.0,6699999999.999992,24969495.616565,11365036.816073,134528.198454,35221764.97221,0.0,15095263.161416,15095263.154984,515.724906,156220.007283,363554.1081705648,78110.00365000001,115922.35777100144,300000.0,False,True
639,4,0,1,NORMAL,0.008794012434978798,0.008699316570410117,0.007578377673884242,1.1604083107765586,3300000000.0,6699999999.999992,25008646.323818,11383638.734265,134887.899787,35276547.122049,0.0,15118719.123152,15118719.116703,464.152416,156373.078153,364543.96117465326,78186.53908499998,116001.83261613401,300000.0,False,True
640,4,0,1,NORMAL,0.008799981112375014,0.008705811056988498,0.00759025323552,1.1593791194203993,3300000000.0,6699999999.999992,25047835.677216,11402260.221985,135248.164784,35331331.029298,0.0,15142197.940559,15142197.934094,464.152416,156525.44929599998,365529.28931500245,78262.724656,116080.96414172013,300000.0,False,True
641,4,0,1,NORMAL,0.00880592353141492,0.008712269926306332,0.007602140456344242,1.1583479129310323,3300000000.0,6699999999.999992,25087063.505936,11420901.209213,135608.993998,35386168.020572,0.0,15165699.50826,15165699.50178,464.152416,156677.11793500002,366510.0746194288,78338.558975,116159.7506833502,300000.0,False,True
642,4,0,1,NORMAL,0.008811839571878258,0.008718693774407748,0.007614039284392728,1.1573146975930089,3300000000.0,6699999999.999992,25126329.638496,11439561.625624,135970.38798,35441057.849054,0.0,15189223.720479,15189223.713984,464.152416,156828.08138699995,367486.29973325937,78414.04070099999,116238.19061467695,300000.0,False,True
643,4,0,1,NORMAL,0.008817729116581975,0.008725083151322213,0.007625949667505757,1.156279480069794,3300000000.0,6699999999.999992,25165633.902769,11458241.400617,136332.347278,35496000.267023,0.0,15212770.471046,15212770.46454,464.152416,156978.337061,368457.9479167101,78489.16853600001,116316.28234879301,300000.0,False,True
644,4,0,1,NORMAL,0.008823592051587451,0.008731438564242551,0.0076378715533357575,1.1552422674264329,3300000000.0,6699999999.999992,25204976.126008,11476940.463313,136694.872438,35550995.025882,0.0,15236339.653428,15236339.646907,464.152416,157127.88246700005,369425.00304212444,78563.941241,116394.02433888208,300000.0,False,True
645,4,0,1,NORMAL,0.008829428266102318,0.008737760480491569,0.007649804889358181,1.1542030671115726,3300000000.0,6699999999.999992,25244356.134882,11495658.742565,137057.964004,35606041.876199,0.0,15259931.16072,15259931.154183,464.152416,157276.715202,370387.449591077,78638.35760899998,116471.41508095436,300000.0,False,True
646,4,0,1,NORMAL,0.008835237652611329,0.008744049330305748,0.007661749622872727,1.1531618869710087,3300000000.0,6699999999.999992,25283773.75548,11514396.166971,137421.622517,35661186.982971,0.0,15283544.885675,15283544.879124,417.737175,157424.83295799998,371345.2726513429,78712.41648600002,116548.45311255059,300000.0,False,True
647,4,0,1,NORMAL,0.008841020107000094,0.00875030550944732,0.007673705701015152,1.152118735258575,3300000000.0,6699999999.999992,25323228.81335,11533152.664884,137785.848515,35716337.264701,0.0,15307180.720717,15307180.714149,417.737175,157572.23352699997,372298.457913738,78786.11677200001,116625.13701446954,300000.0,False,True
648,4,0,1,NORMAL,0.008846775528435337,0.008756529381640095,0.0076856730707621215,1.1510736206162981,3300000000.0,6699999999.999992,25362721.133515,11551928.164421,138150.642534,35771538.884877,0.0,15330838.55794,15330838.551364,417.737175,157718.91479,373246.9916688311,78859.457399,116701.46541240124,300000.0,False,True
649,4,0,1,NORMAL,0.008852503819580741,0.008762721280862074,0.0076976516789345455,1.150026552098554,3300000000.0,6699999999.999992,25402250.540484,11570722.593469,138516.005108,35826791.591022,0.0,15354518.289157,15354518.282568,417.737175,157864.87471099995,374190.8608035321,78932.43736200001,116777.43697534644,300000.0,False,True
650,4,0,1,NORMAL,0.00885820488648454,0.008768881513482879,0.007709641472211818,1.148977539151793,3300000000.0,6699999999.999992,25441816.858299,11589535.879701,138881.936767,35882095.129994,0.0,15378219.805875,15378219.799267,417.737175,158010.111361,375130.05279755883,79005.05569000001,116853.05041846578,300000.0,False,True
651,4,0,1,NORMAL,0.008863878638543788,0.008775010360261001,0.007721642397133637,1.1479265916062316,3300000000.0,6699999999.999992,25481419.910541,11608367.950581,139248.43804,35937449.248004,0.0,15401942.999317,15401942.992698,417.737175,158154.622893,376064.5557197851,79077.311452,116928.30450159594,300000.0,False,True
652,4,0,1,NORMAL,0.008869524988752394,0.008781108078228189,0.007733654400105455,1.146873719703773,3300000000.0,6699999999.999992,25521059.520348,11627218.733376,139615.509453,35992853.690644,0.0,15425687.760461,15425687.753826,417.737175,158298.40755199996,376994.35822447407,79149.203784,117003.198028778,300000.0,False,True
653,4,0,1,NORMAL,0.008875143853471087,0.00878717490243741,0.0077456774274096965,1.1458189340630864,3300000000.0,6699999999.999992,25560735.510452,11646088.155161,139983.151529,36048349.976642,0.0,15449453.980026,15449453.973374,375.963458,158441.46367499998,377919.44954739854,79220.73184600001,117077.7298515316,300000.0,False,True
654,4,0,1,NORMAL,0.008880735152517647,0.008793211047603878,0.007757711425209394,1.144762245687418,3300000000.0,6699999999.999992,25600447.703191,11664976.142837,140351.364788,36103854.303027,0.0,15473241.548491,15473241.541823,375.963458,158583.78968400002,378839.8195018525,79291.89485,117151.89886581835,300000.0,False,True
655,4,0,1,NORMAL,0.008886298809172428,0.00879921670964056,0.007769756339555758,1.143703665960844,3300000000.0,6699999999.999992,25640195.920534,11683882.62313,140720.149749,36159408.187457,0.0,15497050.356114,15497050.349435,375.963458,158725.38409500002,379755.4584745555,79362.692053,117225.70401323293,300000.0,False,True
656,4,0,1,NORMAL,0.008891834750214043,0.008805192067096915,0.007781812116392728,1.1426432066488734,3300000000.0,6699999999.999992,25679979.984096,11702807.522609,141089.506927,36215011.373381,0.0,15520880.29295,15520880.286259,375.963458,158866.24550799996,380666.3574214552,79433.12276,117299.14428107605,300000.0,False,True
657,4,0,1,NORMAL,0.008897342905846371,0.008811137282500105,0.0077938787015657575,1.1415808798844833,3300000000.0,6699999999.999992,25719799.715167,11721750.767689,141459.436836,36270663.603791,0.0,15544731.248854,15544731.242147,375.963458,159006.37261199998,381572.5078634277,79503.18631399999,117372.21870282537,300000.0,False,True
658,4,0,1,NORMAL,0.008902823209655835,0.008817052503606926,0.007805956040829394,1.1405166981583332,3300000000.0,6699999999.999992,25759654.934737,11740712.284643,141829.939985,36326364.621254,0.0,15568603.113489,15568603.106771,375.963458,159145.764185,382473.90188188234,79572.88209800002,117444.92635717211,300000.0,False,True
659,4,0,1,NORMAL,0.008908275598719624,0.00882293786458194,0.007818044079849394,1.1394506743291772,3300000000.0,6699999999.999992,25799545.463503,11759691.999608,142201.016883,36382114.167929,0.0,15592495.776363,15592495.76963,375.963458,159284.41908300004,383370.53211427137,79642.209549,117517.26636745702,300000.0,False,True
660,4,0,1,NORMAL,0.008913700013449823,0.008828793487089545,0.007830142764212728,1.1383828215992995,3300000000.0,6699999999.999992,25839471.121902,11778689.8386,142572.668035,36437949.581961,0.0,15616409.12681,15616409.120066,338.367113,159422.33625699996,384262.3917495088,79711.16813399999,117589.23790309904,300000.0,False,True
661,4,0,1,NORMAL,0.008919096397718155,0.00883461948132365,0.007842252039432727,1.137313153526665,3300000000.0,6699999999.999992,25879431.730128,11797705.727515,142944.893944,36493795.412115,0.0,15640343.054031,15640343.047273,338.367113,159559.51473599998,385149.47452330095,79779.757375,117660.84017753767,300000.0,False,True
662,4,0,1,NORMAL,0.008924464698724547,0.008840415946962417,0.007854371850954242,1.136241684004342,3300000000.0,6699999999.999992,25919427.108149,11816739.592146,143317.695109,36549688.995885,0.0,15664297.447087,15664297.440315,338.367113,159695.953638,386031.77471339185,79847.97682599998,117732.07244987965,300000.0,False,True
663,4,0,1,NORMAL,0.008929804867028834,0.008846182974063477,0.007866502144162424,1.135168427260325,3300000000.0,6699999999.999992,25959457.075736,11835791.358184,143691.072028,36605630.074138,0.0,15688272.194921,15688272.188134,338.367113,159831.652159,386909.28713472694,79915.826087,117802.93402316402,300000.0,False,True
664,4,0,1,NORMAL,0.008935116856505115,0.008851920643898422,0.007878642864384545,1.1340933978485517,3300000000.0,6699999999.999992,25999521.452469,11854860.951233,144065.025196,36661618.387486,0.0,15712267.18637,15712267.179568,338.367113,159966.609579,387782.00713453675,79983.30479700002,117873.4242447806,300000.0,False,True
665,4,0,1,NORMAL,0.008940400624343738,0.008857629029733605,0.007890793956901818,1.1330166106445934,3300000000.0,6699999999.999992,26039620.057776,11873948.296812,144439.555106,36717653.676324,0.0,15736282.31017,15736282.303354,338.367113,160100.825262,388649.93058734556,80050.412638,117943.54250586752,300000.0,False,True
666,4,0,1,NORMAL,0.008945656131011108,0.00886330819755796,0.007902955366950303,1.1319380808376216,3300000000.0,6699999999.999992,26079752.710936,11893053.32037,144814.662247,36773735.680847,0.0,15760317.454978,15760317.448148,338.367113,160234.298648,389513.0538899061,80117.149331,118013.28824133733,300000.0,False,True
667,4,0,1,NORMAL,0.008950883340256462,0.008868958206764315,0.007915127039728485,1.1308578239274232,3300000000.0,6699999999.999992,26119919.231104,11912175.947294,145190.347106,36829897.977796,0.0,15784372.50938,15784372.502534,304.530402,160367.02926399998,390371.37395606417,80183.51464,118082.66092934662,300000.0,False,True
668,4,0,1,NORMAL,0.008956082219013119,0.008874579110780368,0.007927308920405454,1.1297758557080486,3300000000.0,6699999999.999992,26160119.437338,11931316.10291,145566.610168,36886072.633641,0.0,15808447.361897,15808447.355037,304.530402,160499.01670999997,391224.88821155624,80249.508362,118151.66009138529,300000.0,False,True
669,4,0,1,NORMAL,0.008961252737448668,0.008880170957662194,0.007939500954122122,1.128692192271362,3300000000.0,6699999999.999992,26200353.148603,11950473.7125,145943.451915,36942293.224869,0.0,15832541.901009,15832541.894134,304.530402,160630.26066499995,392073.5945887427,80315.13034,118220.28529097317,300000.0,False,True
670,4,0,1,NORMAL,0.008966394868893219,0.008885733790644841,0.007951703086002121,1.1276068499938487,3300000000.0,6699999999.999992,26240620.183807,11969648.701302,146320.872825,36998559.491175,0.0,15856656.015155,15856656.008262,304.530402,160760.76088600003,392917.4915212793,80380.38045199998,118288.5361343224,300000.0,False,True
671,4,0,1,NORMAL,0.00897150858976669,0.008891267648652702,0.007963915261153334,1.1265198455247547,3300000000.0,6699999999.999992,26280920.361806,11988840.994526,146698.873376,37054871.172195,0.0,15880789.592745,15880789.585842,304.530402,160890.51721,393756.5779387304,80445.25861,118356.41226939048,300000.0,False,True
672,4,0,1,NORMAL,0.00897659387969365,0.008896772566784377,0.007976137424674545,1.125431195797122,3300000000.0,6699999999.999992,26321253.501426,12008050.517357,147077.454042,37111228.007532,0.0,15904942.522185,15904942.515272,304.530402,161019.529544,394590.8532611265,80509.764777,118423.91338492032,300000.0,False,True
673,4,0,1,NORMAL,0.00898165072139305,0.008902248576759132,0.00798836952166394,1.1243409180102895,3300000000.0,6699999999.999992,26361619.421491,12027277.194963,147456.615294,37167629.736786,0.0,15929114.691878,15929114.684949,304.530402,161147.79787799995,395420.3173934684,80573.898947,118491.03921195617,300000.0,False,True
674,4,0,1,NORMAL,0.008986679100561733,0.008907695707327043,0.008000611497219999,1.1232490296128448,3300000000.0,6699999999.999992,26402017.940826,12046520.952506,147836.357601,37224106.552616,0.0,15953305.990231,15953305.983284,274.077362,161275.32226799996,396244.97072018223,80637.66114299999,118557.78952238827,300000.0,False,True
675,4,0,1,NORMAL,0.008991679005909775,0.00891311398465496,0.00801286329645,1.1221555483036167,3300000000.0,6699999999.999992,26442448.878285,12065781.715149,148216.68143,37280597.28861,0.0,15977516.305667,15977516.298709,274.077362,161402.102849,397064.8140995264,80701.05142999999,118624.16412741489,300000.0,False,True
676,4,0,1,NORMAL,0.008996650429232879,0.008918503432692246,0.00802512486447485,1.1210604920377902,3300000000.0,6699999999.999992,26482912.052767,12085059.408058,148597.587244,37337132.137545,0.0,16001745.526651,16001745.519678,274.077362,161528.13982299998,397879.84885795414,80764.06991900002,118690.16287800904,300000.0,False,True
677,4,0,1,NORMAL,0.009001593365222903,0.008923864073500676,0.008037396146434244,1.1199638790003428,3300000000.0,6699999999.999992,26523407.283233,12104353.956413,148979.075504,37393710.839254,0.0,16025993.541685,16025993.534696,274.077362,161653.43347,398690.0767844348,80826.71674299998,118755.78566587399,300000.0,False,True
678,4,0,1,NORMAL,0.009006507811450912,0.008929195927561983,0.00804967708749303,1.1188657276009906,3300000000.0,6699999999.999992,26563934.388727,12123665.285419,149361.146668,37450333.133699,0.0,16050260.239311,16050260.232315,274.077362,161777.98413499998,399495.5001247353,80888.99207099999,118821.03242094233,300000.0,False,True
679,4,0,1,NORMAL,0.009011393768520478,0.008934499014075436,0.008061967632841819,1.1177660564910987,3300000000.0,6699999999.999992,26604493.188378,12142993.320314,149743.801193,37506998.76098,0.0,16074545.508154,16074545.501147,274.077362,161901.79223700002,400296.1215756657,80950.89612399999,118885.90311115205,300000.0,False,True
680,4,0,1,NORMAL,0.00901625123979005,0.008939773351218315,0.008074267727708181,1.1166648845256018,3300000000.0,6699999999.999992,26645083.501437,12162337.986365,150127.039531,37563707.461369,0.0,16098849.236901,16098849.229882,274.077362,162024.85826000004,401091.9442792909,81012.42913599998,118950.3977444703,300000.0,False,True
681,4,0,1,NORMAL,0.009021080231479952,0.008945018956396485,0.008086577317357879,1.1155622307742188,3300000000.0,6699999999.999992,26685705.147281,12181699.208887,150510.862134,37620486.383067,0.0,16123171.314326,16123171.307291,246.669626,162147.18275800004,401882.97181711043,81073.591387,119014.51636522867,300000.0,False,True
682,4,0,1,NORMAL,0.00902588075257527,0.008950235846472535,0.008098896347101212,1.1144581145066572,3300000000.0,6699999999.999992,26726357.945434,12201076.913246,150895.269449,37677280.451287,0.0,16147511.629291,16147511.62224,246.669626,162268.76635400002,402669.208204211,81134.383185,119078.25905553538,300000.0,False,True
683,4,0,1,NORMAL,0.009030652814826024,0.008955424037979212,0.00811122476229788,1.1133525551901577,3300000000.0,6699999999.999992,26767041.715583,12220471.024865,151280.261922,37734116.814688,0.0,16171870.070764,16171870.063696,246.669626,162389.609731,403450.6578833918,81194.804874,119141.62593399356,300000.0,False,True
684,4,0,1,NORMAL,0.009035396432705062,0.008960583547316364,0.008123562508361515,1.1122455724819011,3300000000.0,6699999999.999992,26807756.277593,12239881.469234,151665.839996,37790995.214462,0.0,16196246.52782,16196246.520738,246.669626,162509.713646,404227.32571926626,81254.85682999999,119204.61715570353,300000.0,False,True
685,4,0,1,NORMAL,0.009040111623371507,0.008965714390932824,0.008135909530764242,1.111137186222169,3300000000.0,6699999999.999992,26848501.451522,12259308.17191,152052.004111,37847915.392079,0.0,16220640.889664,16220640.882573,246.669626,162629.07891299995,404999.2169923435,81314.53946100001,119267.23291170683,300000.0,False,True
686,4,0,1,NORMAL,0.009044798406723452,0.00897081658549996,0.008148265775042424,1.1100274164383597,3300000000.0,6699999999.999992,26889277.05764,12278751.058529,152438.754705,37904877.089319,0.0,16245053.045639,16245053.03853,246.669626,162747.706412,405766.33739309025,81373.85321500001,119329.4734285039,300000.0,False,True
687,4,0,1,NORMAL,0.009049456805126766,0.008975890148056529,0.008160631186799697,1.1089162833096535,3300000000.0,6699999999.999992,26930082.916439,12298210.054817,152826.092212,37961880.048296,0.0,16269482.885212,16269482.878087,246.669626,162865.59708399998,406528.6930159768,81432.79855000002,119391.33896874955,300000.0,False,True
688,4,0,1,NORMAL,0.009054086843634717,0.008980935096158348,0.008173005711712122,1.1078038071917635,3300000000.0,6699999999.999992,26970918.84865,12317685.086585,153214.017066,38018948.678431,0.0,16293930.298016,16293930.290873,222.002664,162982.751936,407286.2903535089,81491.37597700002,119452.82982767331,300000.0,False,True
689,4,0,1,NORMAL,0.009058688549797246,0.00898595144800602,0.008185389295534242,1.106690008591217,3300000000.0,6699999999.999992,27011784.675263,12337176.079745,153602.529696,38076033.388638,0.0,16318395.173833,16318395.166675,222.002664,163099.17203300004,408039.1362902479,81549.586024,119513.94633597827,300000.0,False,True
690,4,0,1,NORMAL,0.00906326195367582,0.008990939222565364,0.008197781884102424,1.105574908165315,3300000000.0,6699999999.999992,27052680.217538,12356682.960312,153991.63053,38133158.589109,0.0,16342877.402615,16342877.395447,222.002664,163214.85849599997,408787.2380968218,81607.42925300001,119574.68885732365,300000.0,False,True
691,4,0,1,NORMAL,0.009067807087887845,0.008995898439682943,0.008210183423336364,1.1044585267259437,3300000000.0,6699999999.999992,27093605.29701,12376205.654411,154381.319993,38190324.023483,0.0,16367376.874504,16367376.86732,222.002664,163329.81251000002,409530.603423929,81664.90626300001,119635.05778852083,300000.0,False,True
692,4,0,1,NORMAL,0.00907232398738044,0.009000829120179557,0.008222593859249394,1.1033408852092585,3300000000.0,6699999999.999992,27134559.735523,12395744.088283,154771.598507,38247529.43584,0.0,16391893.479812,16391893.472613,222.002664,163444.035315,410269.24029633665,81722.01766499999,119695.05356011956,300000.0,False,True
693,4,0,1,NORMAL,0.009076812689563118,0.009005731285946238,0.008235013137947576,1.1022220046907352,3300000000.0,6699999999.999992,27175543.355227,12415298.188291,155162.466491,38304774.57071,0.0,16416427.109055,16416427.101842,222.002664,163557.528212,411003.1571068768,81778.764113,119754.67663342181,300000.0,False,True
694,4,0,1,NORMAL,0.009081273234157498,0.009010604960024385,0.008247441205636363,1.101101906364763,3300000000.0,6699999999.999992,27216555.9786,12434867.880928,155553.924363,38362059.173101,0.0,16440977.652943,16440977.645724,222.002664,163670.29255200003,411732.3626104417,81835.14627900001,119813.92750223317,300000.0,False,True
695,4,0,1,NORMAL,0.009085705663332324,0.009015450166689414,0.008259878008622728,1.0999806115595765,3300000000.0,6699999999.999992,27257597.428455,12454453.092819,155945.972538,38419405.188773,0.0,16465545.002415,16465544.995182,199.802398,163782.329742,412456.8659179801,81891.16487800001,119872.80669087898,300000.0,False,True
696,4,0,1,NORMAL,0.009090110021406507,0.009020266931509872,0.008272323493322728,1.0988581416991106,3300000000.0,6699999999.999992,27298667.527965,12474053.750726,156338.611427,38476767.963208,0.0,16490129.048609,16490129.041368,199.802398,163893.64125000002,413176.6764904975,81946.82062900001,119931.31475598668,300000.0,False,True
697,4,0,1,NORMAL,0.009094486355069995,0.009025055281416977,0.008284777606261211,1.0977345183287535,3300000000.0,6699999999.999992,27339766.100662,12493669.78156,156731.84144,38534169.443211,0.0,16514729.682906,16514729.675652,199.802398,164004.228587,413891.80413306114,82002.11429999999,119989.4522825659,300000.0,False,True
698,4,0,1,NORMAL,0.009098834713171059,0.009029815244755952,0.008297240294078788,1.096609763087652,3300000000.0,6699999999.999992,27380892.97046,12513301.112384,157125.662984,38591609.375874,0.0,16539346.796913,16539346.789647,199.802398,164114.09332800005,414602.2589888128,82057.04667,120047.21988692394,300000.0,False,True
699,4,0,1,NORMAL,0.009103155146734383,0.009034546851335206,0.008309711503533636,1.095483897709727,3300000000.0,6699999999.999992,27422047.961661,12532947.670414,157520.076464,38649087.508852,0.0,16563980.282483,16563980.275207,199.802398,164223.237086,415308.05153299065,82111.618548,120104.61821385798,300000.0,False,True
700,4,0,1,NORMAL,0.009107447709008419,0.009039250132475413,0.008322191181506667,1.0943569440277612,3300000000.0,6699999999.999992,27463230.898972,12552609.383026,157915.082281,38706603.590386,0.0,16588630.031725,16588630.024433,199.802398,164331.661536,416009.1925669622,82165.830776,120161.64793689387,300000.0,False,True
701,4,0,1,NORMAL,0.009111712455229902,0.009043925121040219,0.008334679275004545,1.0932289239437991,3300000000.0,6699999999.999992,27504441.607515,12572286.177768,158310.680835,38764157.369321,0.0,16613295.936993,16613295.92969,199.802398,164439.368395,416705.6932122702,82219.68420300001,120218.30975891114,300000.0,False,True
702,4,0,1,NORMAL,0.00911594944284587,0.009048571851479293,0.008347175731164546,1.092099859454387,3300000000.0,6699999999.999992,27545679.912843,12591977.982354,158706.872523,38821768.575358,0.0,16637977.89092,16637977.8836,179.822159,164546.35943300003,417397.5649046927,82273.17972500001,120274.6044090347,300000.0,False,True
703,4,0,1,NORMAL,0.009120158731237088,0.009053190359850765,0.008359680497255757,1.0909697726164265,3300000000.0,6699999999.999992,27586945.640944,12611684.724679,159103.657739,38879396.998119,0.0,16662675.7864,16662675.779066,179.822159,164652.63646799998,418084.81938832055,82326.318241,120330.53264556549,300000.0,False,True
704,4,0,1,NORMAL,0.00912434038181998,0.00905778068384878,0.00837219352068303,1.089838685558189,3300000000.0,6699999999.999992,27628238.618254,12631406.33282,159501.036875,38937062.368591,0.0,16687389.516613,16687389.509266,179.822159,164758.20135699998,418767.46870965196,82379.100685,120386.09525232956,300000.0,False,True
705,4,0,1,NORMAL,0.009128494458017318,0.009062342862827396,0.00838471474899394,1.0887066204741935,3300000000.0,6699999999.999992,27669558.67168,12651142.735036,159899.01032,38994764.438193,0.0,16712118.975026,16712118.967665,179.822159,164863.05601600002,419445.5252117074,82431.52801499999,120441.29304002374,300000.0,False,True
706,4,0,1,NORMAL,0.00913262102511574,0.009066876937813741,0.00839724412987697,1.087573599607797,3300000000.0,6699999999.999992,27710905.628594,12670893.859782,160297.578462,39052502.959027,0.0,16736864.055394,16736864.048022,179.822159,164967.202393,420119.0015281655,82483.601202,120496.12684582859,300000.0,False,True
707,4,0,1,NORMAL,0.009136720150345296,0.009071382951525455,0.008409781611167878,1.086439645259286,3300000000.0,6699999999.999992,27752279.316854,12690659.635708,160696.741685,39110277.683894,0.0,16761624.651776,16761624.644393,179.822159,165070.642487,420787.9105775221,82535.32124899999,120550.59753152778,300000.0,False,True
708,4,0,1,NORMAL,0.009140791902798689,0.009075860948381793,0.008422327140851211,1.0853047797754938,3300000000.0,6699999999.999992,27793679.564809,12710439.991666,161096.500371,39168088.36631,0.0,16786400.658537,16786400.651142,179.822159,165173.378342,421452.2655572737,82586.68917700001,120604.70598455792,300000.0,False,True
709,4,0,1,NORMAL,0.009144836353372284,0.009080310974510213,0.008434880667066364,1.0841690255415126,3300000000.0,6699999999.999992,27835106.201319,12730234.856709,161496.8549,39225952.742734,0.0,16811191.970354,16811191.962945,161.839944,165275.41203799998,422112.07993812626,82637.706026,120658.45311694269,300000.0,False,True
710,4,0,1,NORMAL,0.009148853574725866,0.009084733077749934,0.008447442138108182,1.0830324049754032,3300000000.0,6699999999.999992,27876559.055757,12750044.160103,161897.805648,39283834.603726,0.0,16835998.482218,16835998.474797,161.839944,165376.74569999997,422767.3674582326,82688.372856,120711.83986451416,300000.0,False,True
711,4,0,1,NORMAL,0.009152843641311937,0.00908912730765716,0.008460011502429697,1.0818949405309035,3300000000.0,6699999999.999992,27918037.958018,12769867.831326,162299.352991,39341751.687246,0.0,16860820.089451,16860820.082018,161.839944,165477.38149399997,423418.14211745694,82738.69075300002,120764.86718638144,300000.0,False,True
712,4,0,1,NORMAL,0.00915680662926209,0.009093493715502641,0.008472588708646363,1.0807566546830576,3300000000.0,6699999999.999992,27959542.738533,12789705.800073,162701.4973,39399703.74981,0.0,16885656.687703,16885656.68026,161.839944,165577.32162199996,424064.41817167035,82788.660816,120817.53606531756,300000.0,False,True
713,4,0,1,NORMAL,0.00916074261644929,0.009097832354273392,0.008485173705537878,1.079617569935015,3300000000.0,6699999999.999992,28001073.228275,12809557.996267,163104.238946,39457690.548722,0.0,16910508.172963,16910508.165507,161.839944,165676.56833099996,424706.210127078,82838.28417200001,120869.8475062596,300000.0,False,True
714,4,0,1,NORMAL,0.009164651682327728,0.009102143278663995,0.008497766442052728,1.0784777087982553,3300000000.0,6699999999.999992,28042629.258774,12829424.35005,163507.578295,39515711.842083,0.0,16935374.441558,16935374.434089,161.839944,165775.123899,425343.5327345781,82887.56195599999,120921.80253713064,300000.0,False,True
715,4,0,1,NORMAL,0.009168533907976575,0.009106426545071258,0.008510366867308787,1.077337093797452,3300000000.0,6699999999.999992,28084210.662119,12849304.791798,163911.515713,39573767.388806,0.0,16960255.390163,16960255.382682,161.839944,165872.99064400003,425976.4009841553,82936.49532799999,120973.40220672602,300000.0,False,True
716,4,0,1,NORMAL,0.009172389376073441,0.009110682211587529,0.008522974930597272,1.0761957474666255,3300000000.0,6699999999.999992,28125817.270971,12869199.252122,164316.051562,39631873.132621,0.0,16985150.915809,16985150.908317,145.65595,165970.17092300003,426604.8300993088,82985.085467,121024.64758529079,300000.0,False,True
717,4,0,1,NORMAL,0.009176218170828667,0.009114910337990183,0.008535590581385455,1.0750536923409029,3300000000.0,6699999999.999992,28167448.918572,12889107.661864,164721.186202,39689996.466111,0.0,17010060.915886,17010060.908384,145.65595,166066.66712400003,427228.83553151734,83033.333567,121075.53976416943,300000.0,False,True
718,4,0,1,NORMAL,0.009180020377971512,0.009119110985730913,0.008548213769318485,1.0739109509545406,3300000000.0,6699999999.999992,28209105.438751,12909029.952115,165126.919991,39748153.334693,0.0,17034985.288145,17034985.280631,145.65595,166162.48166999995,427848.4329547406,83081.24084099999,121126.0798549384,300000.0,False,True
719,4,0,1,NORMAL,0.009183796084663244,0.009123284217920096,0.008560844444222424,1.0727675458302761,3300000000.0,6699999999.999992,28250786.665934,12928966.054205,165533.253285,39806343.500646,0.0,17059923.930706,17059923.923181,145.65595,166257.617017,428463.63825995964,83128.80851400002,121176.26898922396,300000.0,False,True
720,4,0,1,NORMAL,0.009187545379540122,0.009127430099314937,0.008573482556106668,1.0716234994840075,3300000000.0,6699999999.999992,28292492.435152,12948915.899717,165940.186436,39864566.727125,0.0,17084876.742061,17084876.734527,145.65595,166352.075659,429074.4675497561,83176.037834,121226.10831755484,300000.0,False,True
721,4,0,1,NORMAL,0.009191268352675334,0.009131548696305931,0.008586128055165152,1.0704788344201492,3300000000.0,6699999999.999992,28334222.582045,12968879.420485,166347.719795,39922822.778162,0.0,17109843.621089,17109843.61354,145.65595,166445.860115,429680.93713293294,83222.930065,121275.59900992962,300000.0,False,True
722,4,0,1,NORMAL,0.00919496509543897,0.009135640076895159,0.008598780891781819,1.0693335731146432,3300000000.0,6699999999.999992,28375976.94288,12988856.548592,166755.85371,39981111.418687,0.0,17134824.467041,17134824.459476,145.65595,166538.97293800002,430283.063519175,83269.486477,121324.74225531441,300000.0,False,True
723,4,0,1,NORMAL,0.009198635700581256,0.00913970431068136,0.008611441016528788,1.068187738024961,3300000000.0,6699999999.999992,28417755.354545,13008847.216387,167164.588527,40039446.980128,0.0,17159819.17956,17159819.171979,131.090355,166631.416714,430880.863413753,83315.708365,121373.53925979442,300000.0,False,True
724,4,0,1,NORMAL,0.009202280262164662,0.009143741468841572,0.008624108380171212,1.067041351581666,3300000000.0,6699999999.999992,28459557.654565,13028851.356477,167573.92459,40097800.098042,0.0,17184827.658682,17184827.651083,131.090355,166723.19405399996,431474.3537122702,83361.59703599999,121421.99124767259,300000.0,False,True
725,4,0,1,NORMAL,0.009205898875462486,0.009147751624107437,0.00863678293366909,1.0658944361765526,3300000000.0,6699999999.999992,28501383.681108,13048868.901735,167983.86224,40156185.105699,0.0,17209849.80483,17209849.797221,131.090355,166814.3076,432063.5514954529,83407.15380499998,121470.09946057355,300000.0,False,True
726,4,0,1,NORMAL,0.00920949163710785,0.009151734850752626,0.008649464628177575,1.0647470141800293,3300000000.0,6699999999.999992,28543233.272986,13068899.7853,168394.401816,40214601.771702,0.0,17234885.518844,17234885.51122,131.090355,166904.76001899998,432648.4740239859,83452.38001699999,121517.86515610482,300000.0,False,True
727,4,0,1,NORMAL,0.009213058644824324,0.009155691224563703,0.008662153415051818,1.0635991079094977,3300000000.0,6699999999.999992,28585106.269671,13088943.940582,168805.543655,40273049.865602,0.0,17259934.701954,17259934.694318,131.090355,166994.55400799998,433229.1387333938,83497.27701,121565.28960982362,300000.0,False,True
728,4,0,1,NORMAL,0.009216599997602576,0.009159620822824276,0.00867484924584697,1.0624507396500251,3300000000.0,6699999999.999992,28627002.511295,13109001.301263,169217.288091,40331529.157902,0.0,17284997.255807,17284997.248158,131.090355,167083.69229300003,433805.5632289673,83541.846153,121612.37411168107,300000.0,False,True
729,4,0,1,NORMAL,0.009220115795562003,0.009163523724291226,0.008687552072320302,1.0613019316383172,3300000000.0,6699999999.999992,28668921.838657,13129071.801302,169629.635456,40390039.420064,0.0,17310073.082464,17310073.074796,131.090355,167172.17761899997,434377.76528073836,83586.08881900003,121659.119968354,300000.0,False,True
730,4,0,1,NORMAL,0.009223606139831678,0.009167400009164803,0.008700261846434243,1.0601527060489477,3300000000.0,6699999999.999992,28710864.093233,13149155.374938,170042.58608,40448593.533562,0.0,17335162.084386,17335162.076707,117.98132,167260.012759,434945.76281850104,83630.00638500002,121705.52850141845,300000.0,False,True
731,4,0,1,NORMAL,0.009227071132781497,0.009171249759075559,0.008712978520356062,1.0590030850213121,3300000000.0,6699999999.999992,28752829.117175,13169251.956686,170456.14029,40507165.053736,0.0,17360264.164475,17360264.156779,117.98132,167347.200509,435509.5739268821,83673.60026300001,121751.60104577815,300000.0,False,True
732,4,0,1,NORMAL,0.009230510877661222,0.009175073057048828,0.008725702046461515,1.0578530906180115,3300000000.0,6699999999.999992,28794816.753323,13189361.481352,170870.298411,40565766.864024,0.0,17385379.226035,17385379.218331,117.98132,167433.74368800002,436069.2168404594,83716.871848,121797.33895271577,300000.0,False,True
733,4,0,1,NORMAL,0.009233925478925365,0.009178869987492476,0.00873843237733606,1.0567027448623865,3300000000.0,6699999999.999992,28836826.845209,13209483.884019,171285.060767,40624398.73982,0.0,17410507.172816,17410507.165099,117.98132,167519.64514100002,436624.7099389296,83759.82257700001,121842.74358512813,300000.0,False,True
734,4,0,1,NORMAL,0.009237315041930845,0.00918264063616592,0.00875116946577515,1.0555520697041643,3300000000.0,6699999999.999992,28878859.237058,13229619.100065,171700.427678,40683060.457521,0.0,17435647.90899,17435647.901254,117.98132,167604.90773099998,437176.0717423272,83802.45387499999,121887.81632181483,300000.0,False,True
735,4,0,1,NORMAL,0.00924067967289252,0.009186385090148281,0.008763913264787575,1.0544010870144662,3300000000.0,6699999999.999992,28920913.773799,13249767.065159,172116.399463,40741751.794539,0.0,17460801.339147,17460801.331403,117.98132,167689.53434200003,437723.3209062918,83844.76717499999,121932.55855348715,300000.0,False,True
736,4,0,1,NORMAL,0.00924401947913601,0.00919010343782491,0.008776663727595757,1.0532498186151058,3300000000.0,6699999999.999992,28962990.301066,13269927.715258,172532.976438,40800472.529293,0.0,17485967.368338,17485967.360582,117.98132,167773.52787800002,438266.476217388,83886.76394500001,121976.97168218126,300000.0,False,True
737,4,0,1,NORMAL,0.009247334568818986,0.009193795768856787,0.008789420807637576,1.0520982862469739,3300000000.0,6699999999.999992,29005088.665204,13290100.986618,172950.158917,40859234.239364,0.0,17511145.902041,17511145.894268,106.183188,167856.891267,438805.5565884756,83928.445642,122021.05712459533,300000.0,False,True
738,4,0,1,NORMAL,0.009250625050896516,0.009197462174149674,0.008802184458569394,1.05094651156629,3300000000.0,6699999999.999992,29047208.713279,13310286.815791,173367.947212,40918013.108969,0.0,17536336.846167,17536336.838383,106.183188,167939.62745099998,439340.5810541315,83969.81373099999,122064.81630841062,300000.0,False,True
739,4,0,1,NORMAL,0.009253891035253151,0.00920110274583377,0.00881495463426515,1.0497945161602742,3300000000.0,6699999999.999992,29089350.293075,13330485.139625,173786.341633,40976820.717754,0.0,17561540.107082,17561540.09929,106.183188,168021.739392,439871.56876612455,84010.86970000001,122108.25067183403,300000.0,False,True
740,4,0,1,NORMAL,0.00925713263256816,0.00920471757723599,0.008827731288816969,1.0486423215322787,3300000000.0,6699999999.999992,29131513.253096,13350695.895273,174205.342487,41035656.848275,0.0,17586755.591598,17586755.583799,106.183188,168103.23006700003,440398.5389889412,84051.615037,122151.36166534161,300000.0,False,True
741,4,0,1,NORMAL,0.009260349954383287,0.009208306762858397,0.008840514376538787,1.0474899491095984,3300000000.0,6699999999.999992,29173697.442578,13370919.020188,174624.950079,41094521.284137,0.0,17611983.206983,17611983.199165,106.183188,168184.102475,440921.5110953653,84092.05124700001,122194.15074989972,300000.0,False,True
742,4,0,1,NORMAL,0.00926354311277204,0.009211870398336697,0.008853303851967576,1.0463374202065021,3300000000.0,6699999999.999992,29215902.711493,13391154.452126,175045.164713,41153413.810001,0.0,17637222.860935,17637222.853106,106.183188,168264.359621,441440.50456210977,84132.179816,122236.6193978594,300000.0,False,True
743,4,0,1,NORMAL,0.009266712220757976,0.009215408580428394,0.008866099669862727,1.0451847560722778,3300000000.0,6699999999.999992,29258128.910547,13411402.129154,175465.98669,41212334.211589,0.0,17662474.461623,17662474.453786,106.183188,168344.00454399994,441955.5389655026,84172.00227599998,122278.76908859094,300000.0,False,True
744,4,0,1,NORMAL,0.009269857392014663,0.009218921406982347,0.008878901785208181,1.044031977857644,3300000000.0,6699999999.999992,29300375.891187,13431661.989639,175887.416308,41271292.894,0.0,17687737.917674,17687737.909824,95.56487,168423.040275,442466.6339772251,84211.52014400001,122320.60131400528,300000.0,False,True
745,4,0,1,NORMAL,0.009272978740867426,0.009222408976910417,0.008891710153211819,1.0428791066157153,3300000000.0,6699999999.999992,29342643.505599,13451933.972265,176309.453865,41330268.408452,0.0,17713013.138168,17713013.1303,95.56487,168501.46987400003,442973.80936010455,84250.73494600001,122362.11757459356,300000.0,False,True
746,4,0,1,NORMAL,0.009276076382251567,0.009225871390158234,0.008904524729310909,1.0417261632973656,3300000000.0,6699999999.999992,29384931.606726,13472218.016022,176732.099655,41389271.162194,0.0,17738300.032639,17738300.02476,95.56487,168579.296415,443477.0849639605,84289.64821300001,122403.31937945003,300000.0,False,True
747,4,0,1,NORMAL,0.009279150431795532,0.009229308747683221,0.008917345469167576,1.0405731687618165,3300000000.0,6699999999.999992,29427240.048253,13492514.060216,177155.353971,41448300.945233,0.0,17763598.511092,17763598.503204,95.56487,168656.522975,443976.4807215049,84328.26149200002,122444.20824572069,300000.0,False,True
748,4,0,1,NORMAL,0.009282201005751627,0.00923272115142957,0.008930172328672424,1.0394201437691108,3300000000.0,6699999999.999992,29469568.684619,13512822.044461,177579.217103,41507357.548657,0.0,17788908.484001,17788908.476097,95.56487,168733.15264999997,444472.0166442962,84366.57633300002,122484.78569970101,300000.0,False,True
749,4,0,1,NORMAL,0.009285228220828206,0.009236108704293998,0.008943005263946969,1.0382671089617808,3300000000.0,6699999999.999992,29511917.371025,13533141.908688,178003.689339,41566440.764646,0.0,17814229.862291,17814229.854376,95.56487,168809.18854700003,444963.71281874843,84404.59427900001,122525.05327592148,300000.0,False,True
750,4,0,1,NORMAL,0.009288232194381362,0.009239471510106087,0.008955844231342424,1.0371140848872398,3300000000.0,6699999999.999992,29554285.96343,13553473.59314,178428.770966,41625550.386468,0.0,17839562.557366,17839562.54944,95.56487,168884.63378300003,445451.58940219355,84442.31689700001,122565.01251493233,300000.0,False,True
751,4,0,1,NORMAL,0.009291213044276166,0.009242809673600931,0.008968689187437576,1.0359610919832463,3300000000.0,6699999999.999992,29596674.318544,13573817.038387,178854.462268,41684695.764971,0.0,17864906.4811,17864906.473157,86.008383,168959.49148300005,445935.6666189983,84479.74575,122604.66496583397,300000.0,False,True
752,4,0,1,NORMAL,0.009294170888800014,0.00924612330038797,0.008981540089046062,1.0348081505682125,3300000000.0,6699999999.999992,29639082.293852,13594172.185307,179280.763527,41743857.582642,0.0,17890261.545829,17890261.537872,86.008383,169033.764786,446415.96475673595,84516.88240000002,122644.01218444538,300000.0,False,True
753,4,0,1,NORMAL,0.009297105846805093,0.00924941249693101,0.008994396893211817,1.0336552808584347,3300000000.0,6699999999.999992,29681509.747599,13614538.975105,179707.675024,41803045.192532,0.0,17915627.664367,17915627.656392,86.008383,169107.45683799998,446892.50416241225,84553.728428,122683.05573216018,300000.0,False,True
754,4,0,1,NORMAL,0.00930001803751618,0.00925267737051715,0.009007259557212727,1.0325025029470833,3300000000.0,6699999999.999992,29723956.538802,13634917.349303,180135.197036,41862258.392309,0.0,17941004.749995,17941004.742009,86.008383,169180.57079899995,447365.3052387451,84590.28540499997,122721.79717782723,300000.0,False,True
755,4,0,1,NORMAL,0.00930290758065857,0.009255918029235954,0.00902012803856,1.0313498368193579,3300000000.0,6699999999.999992,29766422.527248,13655307.24974,180563.32984,41921496.980746,0.0,17966392.716477,17966392.708479,86.008383,169253.109826,447834.3884404994,84626.55491899999,122760.23809521359,300000.0,False,True
756,4,0,1,NORMAL,0.009305774596329162,0.009259134581951645,0.009033002294998182,1.0301973023390043,3300000000.0,6699999999.999992,29808907.573494,13675708.618579,180992.07371,41980760.757724,0.0,17991791.478052,17991791.470039,86.008383,169325.077091,448299.7742708752,84662.53855299999,122798.38006469313,300000.0,False,True
757,4,0,1,NORMAL,0.009308619204950921,0.00926232713827418,0.009045882284505757,1.0290449192441067,3300000000.0,6699999999.999992,29851411.538869,13696121.398311,181421.428918,42040049.52424,0.0,18017200.949427,18017200.9414,86.008383,169396.47576799997,448761.48327795137,84698.237891,122836.22467154494,300000.0,False,True
758,4,0,1,NORMAL,0.009311441527407574,0.00926549580854085,0.009058767965299091,1.0278927071624293,3300000000.0,6699999999.999992,29893934.285487,13716545.531742,181851.395734,42099371.683244,0.0,18042621.045795,18042621.037753,77.407545,169467.309053,449219.5360511817,84733.654534,122873.77350535218,300000.0,False,True
759,4,0,1,NORMAL,0.00931424168477904,0.009268640703782022,0.009071659295825757,1.0267406855838275,3300000000.0,6699999999.999992,29936475.676225,13736980.962009,182281.974426,42158709.836284,0.0,18068051.68282,18068051.674769,77.407545,169537.580121,449673.9532179466,84768.79006500001,122911.02816177999,300000.0,False,True
760,4,0,1,NORMAL,0.0093170197986142,0.009271761935706679,0.00908455623477303,1.0255888738903247,3300000000.0,6699999999.999992,29979035.574751,13757427.632569,182713.16526,42218072.388544,0.0,18093492.776655,18093492.768593,77.407545,169607.292179,450124.75544015743,84803.646095,122947.99023908332,300000.0,False,True
761,4,0,1,NORMAL,0.009319775990654172,0.009274859616671034,0.009097458741061515,1.024437291327217,3300000000.0,6699999999.999992,30021613.845503,13777885.487206,183144.968501,42277459.145487,0.0,18118944.243928,18118944.235852,77.407545,169676.44841799996,450571.9634109153,84838.224216,122984.66134170744,300000.0,False,True
762,4,0,1,NORMAL,0.00932251038291014,0.009277933859654202,0.00911036677385,1.0232859570120787,3300000000.0,6699999999.999992,30064210.353705,13798354.47003,183577.384411,42336869.913701,0.0,18144406.001744,18144405.993656,77.407545,169745.05204800004,451015.5978512231,84872.52603,123021.04307663508,300000.0,False,True
763,4,0,1,NORMAL,0.009325223097675778,0.009280984778236238,0.009123280292533635,1.022134889937275,3300000000.0,6699999999.999992,30106824.965361,13818834.525476,184010.41325,42396304.500893,0.0,18169877.967696,18169877.959595,77.407545,169813.106275,451455.6795067505,84906.55314400002,123057.13705441386,300000.0,False,True
764,4,0,1,NORMAL,0.00932791425747267,0.009284012486574072,0.009136199256744545,1.0209841089648517,3300000000.0,6699999999.999992,30149457.547257,13839325.598307,184444.055277,42455762.715898,0.0,18195360.059855,18195360.051737,77.407545,169880.61431099998,451892.2291446536,84940.30716400003,123092.94488932028,300000.0,False,True
765,4,0,1,NORMAL,0.00933058398497085,0.009287017099373865,0.009149123626353332,1.0198336328186488,3300000000.0,6699999999.999992,30192107.966966,13859827.633612,184878.310748,42515252.109429,0.0,18220852.19677,18220852.188639,69.666791,169947.579371,452325.2675504453,84973.78969199996,123128.46819863925,300000.0,False,True
766,4,0,1,NORMAL,0.009333232403094808,0.00928999873187199,0.009162053361465455,1.0186834800973015,3300000000.0,6699999999.999992,30234776.092836,13880340.576807,185313.179918,42574757.011059,0.0,18246354.297482,18246354.289336,69.666791,170014.004669,452754.81552492036,85007.00234200002,123163.70860161522,300000.0,False,True
767,4,0,1,NORMAL,0.009335859634885799,0.009292957499808366,0.009174988422425454,1.0175336692596957,3300000000.0,6699999999.999992,30277461.794004,13900864.373639,185748.66304,42634284.973754,0.0,18271866.281506,18271866.273347,69.666791,170079.89342500002,453180.8938811321,85039.94671899999,123198.66772085147,300000.0,False,True
768,4,0,1,NORMAL,0.009338465803590695,0.009295893519407227,0.00918792876981697,1.0163842186356788,3300000000.0,6699999999.999992,30320164.940396,13921398.970179,186184.760365,42693835.810854,0.0,18297388.068844,18297388.060672,69.666791,170145.248863,453603.5234414215,85072.624438,123233.34718049254,300000.0,False,True
769,4,0,1,NORMAL,0.009341051032498535,0.009298806907348602,0.009200874364459394,1.015235146409629,3300000000.0,6699999999.999992,30362885.402716,13941944.312826,186621.472141,42753409.336821,0.0,18322919.579979,18322919.5718,69.666791,170210.074197,454022.7250344978,85105.03710200002,123267.74860739717,300000.0,False,True
770,4,0,1,NORMAL,0.009343615445116384,0.009301697780752976,0.009213825167410606,1.0140864706403208,3300000000.0,6699999999.999992,30405623.052455,13962500.348308,187058.798617,42813005.367246,0.0,18348460.735885,18348460.727695,69.666791,170274.37265099995,454438.5194925719,85137.18633099999,123301.87362898065,300000.0,False,True
771,4,0,1,NORMAL,0.00934615916497138,0.009304566257154163,0.009226781139965758,1.0129382092405483,3300000000.0,6699999999.999992,30448377.761887,13983067.023681,187496.740037,42872623.718849,0.0,18374011.458012,18374011.449808,69.666791,170338.147446,454850.9276485401,85169.07373,123335.72387553628,300000.0,False,True
772,4,0,1,NORMAL,0.009348682315691748,0.009307412454479169,0.009239742243659697,1.011790379986715,3300000000.0,6699999999.999992,30491149.404077,14003644.286329,187935.296645,42932271.176157,0.0,18399571.668295,18399571.660076,62.700112,170401.401809,455259.9703332193,85200.70091200001,123369.30097762222,300000.0,False,True
773,4,0,1,NORMAL,0.009351185020923627,0.009310236491023973,0.009252708440263636,1.0106430005112303,3300000000.0,6699999999.999992,30533937.85287,14024232.083966,188374.468682,42991933.624787,0.0,18425141.289149,18425141.280916,62.700112,170464.13895399997,455665.66837263334,85232.06948399999,123402.60656713108,300000.0,False,True
774,4,0,1,NORMAL,0.00935366740439068,0.00931303848543473,0.009265679691786667,1.0094960883098525,3300000000.0,6699999999.999992,30576742.982896,14044830.364631,188814.256389,43051617.851519,0.0,18450720.243476,18450720.235226,62.700112,170526.362101,456068.0425853494,85263.181059,123435.64227619188,300000.0,False,True
775,4,0,1,NORMAL,0.009356129589803377,0.00931581855668432,0.009278655960475756,1.0083496607329374,3300000000.0,6699999999.999992,30619564.66957,14065439.076694,189254.660004,43111323.677581,0.0,18476308.454657,18476308.446393,62.700112,170588.074472,456467.11377986433,85294.037243,123468.40973795699,300000.0,False,True
776,4,0,1,NORMAL,0.009358571700923133,0.009318576824054566,0.009291637208815455,1.00720373499346,3300000000.0,6699999999.999992,30662402.789091,14086058.168848,189695.679763,43171050.925324,0.0,18501905.846562,18501905.83828,62.700112,170649.27927799997,456862.9027520417,85324.639648,123500.91058540459,300000.0,False,True
777,4,0,1,NORMAL,0.00936099386144264,0.009321313407111861,0.00930462339952788,1.0060583281551858,3300000000.0,6699999999.999992,30705257.218442,14106687.590119,190137.3159,43230799.418228,0.0,18527512.343534,18527512.335236,62.700112,170709.97973600004,457255.4302825968,85354.989876,123533.14645218536,300000.0,False,True
778,4,0,1,NORMAL,0.009363396195047103,0.009324028425688328,0.009317614495571514,1.004913457140489,3300000000.0,6699999999.999992,30748127.835386,14127327.289858,190579.568649,43290568.980893,0.0,18553127.870403,18553127.862091,62.700112,170770.17905399995,457644.7171346321,85385.089534,123565.11897104284,300000.0,False,True
779,4,0,1,NORMAL,0.009365778825401242,0.009326721999863357,0.00933061046014212,1.0037691387299204,3300000000.0,6699999999.999992,30791014.518469,14147977.217746,191022.43824,43350365.709056,0.0,18578752.352479,18578752.344153,56.430101,170829.88044200002,458030.784051221,85414.94022799999,123596.82977462176,300000.0,False,True
780,4,0,1,NORMAL,0.00936814187610538,0.009329394249943487,0.009343611256672121,1.0026253895586401,3300000000.0,6699999999.999992,30833917.147018,14168637.323784,191465.924903,43410176.889538,0.0,18604385.715557,18604385.707215,56.430101,170889.08710400006,458413.6517530388,85444.54355999999,123628.28049529639,300000.0,False,True
781,4,0,1,NORMAL,0.009370485470625047,0.009332045296439072,0.00935661684883091,1.0014822261099503,3300000000.0,6699999999.999992,30876835.601142,14189307.558304,191910.028866,43470008.620318,0.0,18630027.885902,18630027.877548,56.430101,170947.80223799997,458793.3409360436,85473.901125,123659.47276459102,300000.0,False,True
782,4,0,1,NORMAL,0.009372809732438387,0.009334675260051932,0.009369627200522727,1.00033966473239,3300000000.0,6699999999.999992,30919769.761725,14209987.871968,192354.750354,43529860.73048,0.0,18655678.79027,18655678.7819,56.430101,171006.02904400002,459169.87226920266,85503.01453000001,123690.40821225062,300000.0,False,True
783,4,0,1,NORMAL,0.009382642275888486,0.009337769906234935,0.009382642275888486,1.0,3300000000.0,6699999999.999992,30962719.510432,14230678.215757,192800.089592,43589733.050225,0.0,18681338.355887,18681338.347503,56.430101,171063.77071,459543.2663922673,85531.885362,123721.0884681867,300000.0,False,True
784,4,0,1,NORMAL,0.009395662039304848,0.009341504882562027,0.009395662039304848,1.0,3300000000.0,6699999999.999992,31005684.729706,14251378.54098,193246.046802,43649625.410872,0.0,18707006.51046,18707006.502064,56.430101,171121.030428,459913.54391359386,85560.51522,123850.878041728,300000.0,False,True
785,4,0,1,NORMAL,0.009408686455381818,0.009345839177582659,0.009408686455381818,1.0,3300000000.0,6699999999.999992,31048665.30276,14272088.799272,193692.622205,43709537.644849,0.0,18732683.182176,18732683.173767,56.430101,171177.81137300003,460280.72540801077,85588.90569300001,124022.738918824,300000.0,False,True
786,4,0,1,NORMAL,0.009421715488966666,0.009350734423478401,0.009421715488966666,1.0,3300000000.0,6699999999.999992,31091661.11359,14292808.942589,194139.81602,43769475.228711,0.0,18758368.299693,18758368.291273,50.787091,171234.11672699996,460644.83141473244,85617.05836899999,124194.66121104,300000.0,False,True
787,4,0,1,NORMAL,0.009434749105137879,0.009356154725520947,0.009434749105137879,1.0,3300000000.0,6699999999.999992,31134672.046955,14313538.923214,194587.628465,43829426.711087,0.0,18784061.792149,18784061.78372,50.787091,171289.949655,461005.8824353168,85644.974832,124366.64445436,300000.0,False,True
788,4,0,1,NORMAL,0.00944778726921,0.009362066502533144,0.00944778726921,1.0,3300000000.0,6699999999.999992,31177697.988393,14334278.693751,195036.059755,43889397.570747,0.0,18809763.589161,18809763.580715,50.787091,171345.313327,461363.89893167006,85672.65667200001,124538.68818782001,300000.0,False,True
789,4,0,1,NORMAL,0.009460829946729393,0.00936843833764258,0.009460829946729393,1.0,3300000000.0,6699999999.999992,31220738.824207,14355028.207131,195485.110105,43949387.644558,0.0,18835473.620806,18835473.612345,50.787091,171400.210897,461718.9013240939,85700.105456,124710.79195357201,300000.0,False,True
790,4,0,1,NORMAL,0.009473877103476363,0.009375240838664114,0.009473877103476363,1.0,3300000000.0,6699999999.999992,31263794.441472,14375787.416601,195934.779727,44009396.770485,0.0,18861191.817644,18861191.809169,50.787091,171454.64551600002,462070.90998937824,85727.32276500002,124882.95529682799,300000.0,False,True
791,4,0,1,NORMAL,0.009486928705462121,0.009382446507489792,0.009486928705462121,1.0,3300000000.0,6699999999.999992,31306864.728025,14396556.275732,196385.068833,44069424.787596,0.0,18886918.110706,18886918.102216,50.787091,171508.62033099998,462419.9452589367,85754.31017299999,125055.17776588799,300000.0,False,True
792,4,0,1,NORMAL,0.009499984718932122,0.009390029617905428,0.009499984718932122,1.0,3300000000.0,6699999999.999992,31349949.572476,14417334.738413,196835.977631,44129471.536059,0.0,18912652.431489,18912652.422983,50.787091,171562.138476,462766.02741698595,85781.069246,125227.4589121,300000.0,False,True
793,4,0,1,NORMAL,0.00951304511036,0.009397966101289595,0.00951304511036,1.0,3300000000.0,6699999999.999992,31393048.864188,14438122.758857,197287.50633,44189541.935842,0.0,18938394.711963,18938394.703442,45.708382,171615.20308099996,463109.17669876735,85807.60154799999,125399.79828990402,300000.0,False,True
794,4,0,1,NORMAL,0.009526109846452122,0.009406233439687179,0.009526109846452122,1.0,3300000000.0,6699999999.999992,31436162.493292,14458920.291596,197739.655136,44249625.671883,0.0,18964144.884562,18964144.876029,45.708382,171667.817268,463449.41328881093,85833.90864,125572.195456752,300000.0,False,True
795,4,0,1,NORMAL,0.009539178894144849,0.009414810565781223,0.009539178894144849,1.0,3300000000.0,6699999999.999992,31479290.350678,14479727.291473,198192.424253,44309727.666333,0.0,18989902.882191,18989902.873649,45.708382,171719.98414900003,463786.7573192411,85859.992079,125744.64997316801,300000.0,False,True
796,4,0,1,NORMAL,0.009552252220601817,0.009423677769318036,0.009552252220601817,1.0,3300000000.0,6699999999.999992,31522432.327986,14500543.713658,198645.813884,44369847.76372,0.0,19015668.638224,19015668.62967,45.708382,171771.70682799997,464121.2288681243,85885.85341999998,125917.16140271201,300000.0,False,True
797,4,0,1,NORMAL,0.009565329793217576,0.00943281660956962,0.009565329793217576,1.0,3300000000.0,6699999999.999992,31565588.317618,14521369.513632,199099.824231,44429985.80966,0.0,19041442.086491,19041442.077928,45.708382,171822.988405,464452.8479578564,85911.494207,126089.72931194399,300000.0,False,True
798,4,0,1,NORMAL,0.009578411579613635,0.009442209833443427,0.009578411579613635,1.0,3300000000.0,6699999999.999992,31608758.212725,14542204.647192,199554.455494,44490141.650844,0.0,19067223.161297,19067223.152718,45.708382,171873.831964,464781.6345535915,85936.91598999998,126262.35327047201,300000.0,False,True
799,4,0,1,NORMAL,0.00959149754764,0.009451841298875465,0.00959149754764,1.0,3300000000.0,6699999999.999992,31651941.907212,14563049.070451,200009.707872,44550315.135046,0.0,19093011.797393,19093011.788803,45.708382,171924.24058500002,465107.60856171,85962.120298,126435.03285089998,300000.0,False,True
800,4,0,1,NORMAL,0.009604587665372425,0.009461695903165592,0.009604587665372425,1.0,3300000000.0,6699999999.999992,31695139.295729,14583902.739836,200465.581561,44610510.681948,0.0,19118807.930005,19118807.9214,41.137544,171974.217337,465430.7898283266,85987.108676,126607.767628848,300000.0,False,True
801,4,0,1,NORMAL,0.00961768190111394,0.009471759515936453,0.00961768190111394,1.0,3300000000.0,6699999999.999992,31738350.273676,14604765.612086,200922.076757,44670718.999792,0.0,19144611.494806,19144611.486189,41.137544,172023.76527799998,465751.198137837,86011.88264499999,126780.55718291602,300000.0,False,True
802,4,0,1,NORMAL,0.009630780223391516,0.009482018916417425,0.009630780223391516,1.0,3300000000.0,6699999999.999992,31781574.737192,14625637.644253,201379.193654,44730944.510399,0.0,19170422.427932,19170422.419306,41.137544,172072.88745699998,466068.8532115028,86036.443733,126953.40109470401,300000.0,False,True
803,4,0,1,NORMAL,0.009643882600957577,0.009492461734774854,0.009643882600957577,1.0,3300000000.0,6699999999.999992,31824812.58316,14646518.7937,201836.932445,44791187.065817,0.0,19196240.66598,19196240.65734,41.137544,172121.586918,466383.774706075,86060.79346599999,127126.298948768,300000.0,False,True
804,4,0,1,NORMAL,0.009656989002788182,0.009503076397227328,0.009656989002788182,1.0,3300000000.0,6699999999.999992,31868063.709201,14667409.018097,202295.29332,44851446.519153,0.0,19222066.145994,19222066.13734,41.137544,172169.866686,466695.98221245466,86084.93335,127299.25033264,300000.0,False,True
805,4,0,1,NORMAL,0.009670099398082728,0.009513852074701871,0.009670099398082728,1.0,3300000000.0,6699999999.999992,31911328.013673,14688308.275428,202754.276469,44911722.724573,0.0,19247898.805473,19247898.796804,41.137544,172217.72978300002,467005.49525439064,86108.86489900001,127472.254836804,300000.0,False,True
806,4,0,1,NORMAL,0.009683213756263031,0.009524778634802592,0.009683213756263031,1.0,3300000000.0,6699999999.999992,31954605.395668,14709216.523982,203213.88208,44972015.537295,0.0,19273738.582369,19273738.573681,41.137544,172265.17921699997,467312.33328721364,86132.58961800001,127645.31205469201,300000.0,False,True
807,4,0,1,NORMAL,0.009696332046972728,0.009535846596878084,0.009696332046972728,1.0,3300000000.0,6699999999.999992,31997895.75501,14730133.722356,203674.11034,45032328.927342,0.0,19299585.415072,19299585.406377,37.02379,172312.21798500002,467616.51569660724,86156.10899599998,127818.42158267202,300000.0,False,True
808,4,0,1,NORMAL,0.009709454240074848,0.009547047089987553,0.009709454240074848,1.0,3300000000.0,6699999999.999992,32041198.992247,14751059.829451,204134.961433,45092654.524515,0.0,19325439.242442,19325439.233735,37.02379,172358.849074,467918.06179741304,86179.424543,127991.58302004001,300000.0,False,True
809,4,0,1,NORMAL,0.00972258030565303,0.009558371813578874,0.00972258030565303,1.0,3300000000.0,6699999999.999992,32084515.008655,14771994.804473,204596.435544,45152996.300923,0.0,19351300.003768,19351299.995051,37.02379,172405.075458,468216.9908324724,86202.537734,128164.79596898801,300000.0,False,True
810,4,0,1,NORMAL,0.009735710214011515,0.00956981300070356,0.009735710214011515,1.0,3300000000.0,6699999999.999992,32127843.706238,14792938.606931,205058.532855,45213354.115958,0.0,19377167.638792,19377167.630064,37.02379,172450.90010699996,468513.32197150175,86225.450059,128338.06003462001,300000.0,False,True
811,4,0,1,NORMAL,0.00974884393567,0.009581363383604621,0.00974884393567,1.0,3300000000.0,6699999999.999992,32171184.987711,14813891.19664,205521.253547,45273727.830044,0.0,19403042.087696,19403042.078955,37.02379,172496.32596699995,468807.0743100028,86248.16299,128511.374824952,300000.0,False,True
812,4,0,1,NORMAL,0.009761981441367274,0.009593016161524793,0.009761981441367274,1.0,3300000000.0,6699999999.999992,32214538.756512,14834852.533713,205984.5978,45334117.304636,0.0,19428923.2911,19428923.28235,37.02379,172541.35598300002,469098.26686820574,86270.67799599998,128684.73995084401,300000.0,False,True
813,4,0,1,NORMAL,0.00977512270205909,0.009604764970591522,0.00977512270205909,1.0,3300000000.0,6699999999.999992,32257904.916795,14855822.578562,206448.565792,45394522.402214,0.0,19454811.190071,19454811.18131,37.02379,172585.99308699998,469386.91859004594,86292.996549,128858.15502604803,300000.0,False,True
814,4,0,1,NORMAL,0.009788267688915758,0.009616603855644699,0.009788267688915758,1.0,3300000000.0,6699999999.999992,32301283.373422,14876801.291902,206913.157699,45454946.688658,0.0,19480705.72611,19480705.717334,33.321411,172630.24019300003,469673.048342174,86315.12010399999,129031.61966717998,300000.0,False,True
815,4,0,1,NORMAL,0.009801416373322424,0.009628527243881973,0.009801416373322424,1.0,3300000000.0,6699999999.999992,32344674.031964,14897788.63474,207378.373698,45515382.623726,0.0,19506606.841153,19506606.83236,33.321411,172674.10020500002,469956.6749129962,86337.05011099998,129205.133493688,300000.0,False,True
816,4,0,1,NORMAL,0.009814568726879394,0.009640529920204387,0.009814568726879394,1.0,3300000000.0,6699999999.999992,32388076.798702,14918784.568382,207844.213962,45575833.775329,0.0,19532514.477565,19532514.46876,33.321411,172717.57601800002,470237.8170117492,86358.78801499998,129378.69612785599,300000.0,False,True
817,4,0,1,NORMAL,0.009827724721397577,0.009652607004152335,0.009827724721397577,1.0,3300000000.0,6699999999.999992,32431491.580612,14939789.054434,208310.678664,45636300.010006,0.0,19558428.578151,19558428.569335,33.321411,172760.67051500003,470516.49326760415,86380.33526299999,129552.307194808,300000.0,False,True
818,4,0,1,NORMAL,0.009840884328901818,0.009664753928329722,0.009840884328901818,1.0,3300000000.0,6699999999.999992,32474918.285376,14960802.054789,208777.767976,45696781.1953,0.0,19584349.086145,19584349.077314,33.321411,172803.38656099996,470792.72222880187,86401.693288,129725.96632244802,300000.0,False,True
819,4,0,1,NORMAL,0.009854047521628183,0.009676966418219945,0.009854047521628183,1.0,3300000000.0,6699999999.999992,32518356.821373,14981823.531633,209245.482068,45757277.199753,0.0,19610275.945206,19610275.936363,33.321411,172845.727016,471066.5223618195,86422.863514,129899.67314150401,300000.0,False,True
820,4,0,1,NORMAL,0.00986721427202,0.009689240473303821,0.00986721427202,1.0,3300000000.0,6699999999.999992,32561807.097666,15002853.447447,209713.821109,45817787.892898,0.0,19636209.099428,19636209.090567,33.321411,172887.694716,471337.91205056565,86443.84736700001,130073.42728549203,300000.0,False,True
821,4,0,1,NORMAL,0.009880384552734243,0.009701572349396106,0.009880384552734243,1.0,3300000000.0,6699999999.999992,32605269.024023,15023891.765003,210182.785266,45878316.477411,0.0,19662148.493311,19662148.484438,29.98927,172929.29249800002,471606.90959560574,86464.64625499999,130247.228390664,300000.0,False,True
822,4,0,1,NORMAL,0.009893558336632425,0.00971395854212103,0.009893558336632425,1.0,3300000000.0,6699999999.999992,32648742.510887,15044938.447354,210652.374706,45938856.160517,0.0,19688094.0718,19688094.062909,29.98927,172970.523172,471873.53321341635,86485.261595,130421.076096092,300000.0,False,True
823,4,0,1,NORMAL,0.009906735596785454,0.00972639577145422,0.009906735596785454,1.0,3300000000.0,6699999999.999992,32692227.469392,15065993.457849,211122.589593,45999410.146857,0.0,19714045.780241,19714045.771336,29.98927,173011.389548,472137.8010356673,86505.69478099998,130594.97004354802,300000.0,False,True
824,4,0,1,NORMAL,0.009919916306469394,0.009738880967261651,0.009919916306469394,1.0,3300000000.0,6699999999.999992,32735723.811349,15087056.760116,211593.430092,46059978.309899,0.0,19740003.564413,19740003.555495,29.98927,173051.89441500002,472399.73110853287,86525.947214,130768.90987756799,300000.0,False,True
825,4,0,1,NORMAL,0.009933100439166061,0.009751411255771614,0.009933100439166061,1.0,3300000000.0,6699999999.999992,32779231.449248,15108128.318072,212064.896364,46120560.524087,0.0,19765967.370506,19765967.361574,29.98927,173092.04054800002,472659.3413920296,86546.02028099999,130942.89524539601,300000.0,False,True
826,4,0,1,NORMAL,0.009946287968561516,0.009763983946919349,0.009946287968561516,1.0,3300000000.0,6699999999.999992,32822750.296253,15129208.095919,212536.988571,46181156.664835,0.0,19791937.145121,19791937.136178,29.98927,173131.830715,472916.64975938195,86565.91536300001,131116.925796992,300000.0,False,True
827,4,0,1,NORMAL,0.00995947886854485,0.00977659652250809,0.00995947886854485,1.0,3300000000.0,6699999999.999992,32866280.266198,15150296.058138,213009.706873,46241766.608515,0.0,19817912.835277,19817912.826325,29.98927,173171.26766299998,473171.673996414,86585.63383600001,131291.001185012,300000.0,False,True
828,4,0,1,NORMAL,0.009972673113207878,0.009789246625133884,0.009972673113207878,1.0,3300000000.0,6699999999.999992,32909821.273586,15171392.169489,213483.051429,46302393.231385,0.0,19843894.388406,19843894.37944,26.990343,173210.35413,473424.43180096813,86605.177072,131465.12106479204,300000.0,False,True
829,4,0,1,NORMAL,0.009985870676844241,0.009801932047824874,0.009985870676844241,1.0,3300000000.0,6699999999.999992,32953373.233586,15192496.395012,213957.022396,46363030.413876,0.0,19869881.752341,19869881.743363,26.990343,173249.09284000003,473674.9407823485,86624.546426,131639.285094344,300000.0,False,True
830,4,0,1,NORMAL,0.009999071533946061,0.009814650724348822,0.009999071533946061,1.0,3300000000.0,6699999999.999992,32996936.062022,15213608.700028,214431.619931,46423681.034146,0.0,19895874.875328,19895874.866336,26.990343,173287.4865,473923.21846079116,86643.74325700001,131813.492934344,300000.0,False,True
831,4,0,1,NORMAL,0.010012275659206364,0.009827400720146083,0.010012275659206364,1.0,3300000000.0,6699999999.999992,33040509.675381,15234729.050133,214906.844189,46484344.972374,0.0,19921873.706011,19921873.697003,26.990343,173325.53780599998,474169.2822669576,86662.768911,131987.744248088,300000.0,False,True
832,4,0,1,NORMAL,0.01002548302751606,0.009840180223847373,0.01002548302751606,1.0,3300000000.0,6699999999.999992,33084093.990803,15255857.411198,215382.695324,46545022.109674,0.0,19947878.19344,19947878.184416,26.990343,173363.249442,474413.1495414542,86681.624729,132162.038701524,300000.0,False,True
833,4,0,1,NORMAL,0.01003869361396303,0.009852987539338706,0.01003869361396303,1.0,3300000000.0,6699999999.999992,33127688.926078,15276993.749368,215859.173488,46605712.328098,0.0,19973888.287056,19973888.278026,26.990343,173400.62407400005,474654.8375343747,86700.31204000002,132336.375963212,300000.0,False,True
834,4,0,1,NORMAL,0.010051907393831515,0.009865821078338242,0.010051907393831515,1.0,3300000000.0,6699999999.999992,33171294.399644,15298138.031055,216336.278833,46666415.510617,0.0,19999903.936722,19999903.927675,26.990343,173437.664353,474894.3634048668,86718.83218500002,132510.75570431197,300000.0,False,True
835,4,0,1,NORMAL,0.010065124342601515,0.009878679353452003,0.010065124342601515,1.0,3300000000.0,6699999999.999992,33214910.330585,15319290.22295,216814.011509,46727134.240173,0.0,20025925.092669,20025925.083609,24.291309,173474.372925,475131.7442207217,86737.18646900001,132685.177598576,300000.0,False,True
836,4,0,1,NORMAL,0.01007834443594485,0.009891560971677349,0.01007834443594485,1.0,3300000000.0,6699999999.999992,33258536.638618,15340450.292008,217292.371666,46787863.003512,0.0,20051951.705539,20051951.696467,24.291309,173510.75240599999,475366.9969579866,86755.376209,132859.64132234,300000.0,False,True
837,4,0,1,NORMAL,0.010091567649729394,0.009904464628325867,0.010091567649729394,1.0,3300000000.0,6699999999.999992,33302173.244107,15361618.205453,217771.359451,46848604.385404,0.0,20077983.726362,20077983.717274,24.291309,173546.805414,475600.1385006,86773.402715,133034.146554472,300000.0,False,True
838,4,0,1,NORMAL,0.010104793960012121,0.009917389101337883,0.010104793960012121,1.0,3300000000.0,6699999999.999992,33345820.06804,15382793.930778,218250.975012,46909358.272491,0.0,20104021.106554,20104021.097453,24.291309,173582.534545,475831.1856400474,86791.26727899999,133208.692976428,300000.0,False,True
839,4,0,1,NORMAL,0.010118023343043637,0.009930333245964061,0.010118023343043637,1.0,3300000000.0,6699999999.999992,33389477.032044,15403977.435734,218731.218495,46970124.552319,0.0,20130063.797923,20130063.788805,24.291309,173617.94237700003,476060.15507504053,86808.97119699999,133383.28027216,300000.0,False,True
840,4,0,1,NORMAL,0.010131255775262728,0.009943295989789783,0.010131255775262728,1.0,3300000000.0,6699999999.999992,33433144.058367,15425168.688343,219212.090044,47030903.113334,0.0,20156111.752657,20156111.743523,24.291309,173653.03148200005,476287.06341121666,86826.51574899998,133557.908128176,300000.0,False,True
841,4,0,1,NORMAL,0.01014449123329697,0.00995627632808057,0.01014449123329697,1.0,3300000000.0,6699999999.999992,33476821.06988,15446367.656887,219693.589803,47091693.844875,0.0,20182164.923329,20182164.914181,24.291309,173687.80441200003,476511.9271608582,86843.90221300001,133732.57623346802,300000.0,False,True
842,4,0,1,NORMAL,0.010157729693962727,0.009969273319427806,0.010157729693962727,1.0,3300000000.0,6699999999.999992,33520507.990077,15467574.309906,220175.717914,47152499.0663,0.0,20208223.262892,20208223.253735,21.862179,173722.263707,476734.7627426342,86861.131858,133907.28427952,300000.0,False,True
843,4,0,1,NORMAL,0.010170971134262423,0.009982286081675201,0.010170971134262423,1.0,3300000000.0,6699999999.999992,33564204.743066,15488788.6162,220658.474519,47213313.810459,0.0,20234286.724684,20234286.715516,21.862179,173756.41189100003,476955.58648136014,86878.20595100001,134082.031960308,300000.0,False,True
844,4,0,1,NORMAL,0.010184215531383333,0.009995313788107984,0.010184215531383333,1.0,3300000000.0,6699999999.999992,33607911.253565,15510010.544829,221141.859758,47274140.398471,0.0,20260355.262413,20260355.253234,21.862179,173790.251471,477174.4146077781,86895.12574100001,134256.818972264,300000.0,False,True
845,4,0,1,NORMAL,0.010197462862697576,0.010008355663887959,0.010197462862697576,1.0,3300000000.0,6699999999.999992,33651627.446902,15531240.065107,221625.873771,47334978.723199,0.0,20286428.830165,20286428.820973,21.862179,173823.78494699998,477391.26325835625,86911.89248,134431.64501426,300000.0,False,True
846,4,0,1,NORMAL,0.010210713105761516,0.010021410982718512,0.010210713105761516,1.0,3300000000.0,6699999999.999992,33695353.249013,15552477.146604,222110.516696,47395828.678375,0.0,20312507.382393,20312507.373189,21.862179,173857.01479599994,477606.1484751066,86928.507404,134606.509787608,300000.0,False,True
847,4,0,1,NORMAL,0.010223966238313334,0.01003447906372463,0.010223966238313334,1.0,3300000000.0,6699999999.999992,33739088.586434,15573721.759141,222595.788669,47456690.158592,0.0,20338590.873929,20338590.864707,21.862179,173889.94348800002,477819.0862054219,86944.97175299999,134781.412996052,300000.0,False,True
848,4,0,1,NORMAL,0.010237222238272727,0.010047559268534186,0.010237222238272727,1.0,3300000000.0,6699999999.999992,33782833.3863,15594973.872792,223081.689827,47517563.059304,0.0,20364679.259959,20364679.250724,21.862179,173922.57347099998,478030.09230192937,86961.286742,134956.354345736,300000.0,False,True
849,4,0,1,NORMAL,0.010250481083738787,0.010060650998547386,0.010250481083738787,1.0,3300000000.0,6699999999.999992,33826587.576338,15616233.457882,223568.220305,47578449.463032,0.0,20390772.496047,20390772.486798,19.675962,173954.907184,478239.1825223639,86977.45359899999,135131.3335452,300000.0,False,True
850,4,0,1,NORMAL,0.010263742752989698,0.010073753692382375,0.010263742752989698,1.0,3300000000.0,6699999999.999992,33870351.084866,15637500.484985,224055.380237,47639344.894494,0.0,20416870.538114,20416870.528852,19.675962,173986.947045,478446.3725294569,86993.47352899998,135306.350305352,300000.0,False,True
851,4,0,1,NORMAL,0.010277007224483029,0.010086866823485644,0.010277007224483029,1.0,3300000000.0,6699999999.999992,33914123.840794,15658774.924919,224543.169756,47700251.437903,0.0,20442973.342445,20442973.333168,19.675962,174018.69546499997,478651.677890843,87009.34774000001,135481.404339464,300000.0,False,True
852,4,0,1,NORMAL,0.010290274476852424,0.010099989897896405,0.010290274476852424,1.0,3300000000.0,6699999999.999992,33957905.773613,15680056.74875,225031.588994,47761168.992093,0.0,20469080.86568,20469080.856392,19.675962,174050.15483899997,478855.1140789831,87025.07742500001,135656.49536317599,300000.0,False,True
853,4,0,1,NORMAL,0.01030354448890818,0.010113122452155229,0.01030354448890818,1.0,3300000000.0,6699999999.999992,34001696.813397,15701345.927786,225520.638082,47822097.456729,0.0,20495193.06482,20495193.05552,19.675962,174081.32754,479056.69647110364,87040.663776,135831.623094452,300000.0,False,True
854,4,0,1,NORMAL,0.010316817239632726,0.010126264051347325,0.010316817239632726,1.0,3300000000.0,6699999999.999992,34045496.890788,15722642.433582,226010.31715,47883036.732301,0.0,20521309.897222,20521309.887906,19.675962,174112.215932,479256.4403491521,87056.10797400001,136006.787253588,300000.0,False,True
855,4,0,1,NORMAL,0.010330092708185152,0.010139414287272348,0.010330092708185152,1.0,3300000000.0,6699999999.999992,34089305.937011,15743946.237932,226500.626327,47943986.720127,0.0,20547431.320585,20547431.311257,19.675962,174142.822366,479454.36089976755,87071.41118899998,136181.98756315198,300000.0,False,True
856,4,0,1,NORMAL,0.010343370873894545,0.010152572776731846,0.010343370873894545,1.0,3300000000.0,6699999999.999992,34133123.883852,15765257.312869,226991.565741,48004949.289929,0.0,20573557.292975,20573557.283629,17.708366,174173.149174,479650.47321426676,87086.574596,136357.22374804402,300000.0,False,True
857,4,0,1,NORMAL,0.010356651716264546,0.010165739159927504,0.010356651716264546,1.0,3300000000.0,6699999999.999992,34176950.663673,15786575.630663,227483.135519,48065920.409462,0.0,20599687.772786,20599687.763427,17.708366,174203.19867499996,479844.79228864535,87101.599344,136532.495535408,300000.0,False,True
858,4,0,1,NORMAL,0.01036993521496606,0.01017891309896225,0.01036993521496606,1.0,3300000000.0,6699999999.999992,34220786.209388,15807901.163824,227975.335787,48126901.950069,0.0,20625822.718775,20625822.7094,17.708366,174232.973176,480037.3330235932,87116.48659600002,136707.802654692,300000.0,False,True
859,4,0,1,NORMAL,0.010383221349841818,0.010192094276438352,0.010383221349841818,1.0,3300000000.0,6699999999.999992,34264630.454478,15829233.885095,228468.16667,48187893.816302,0.0,20651962.09003,20651962.080641,17.708366,174262.474962,480228.11022452347,87131.237488,136883.144837552,300000.0,False,True
860,4,0,1,NORMAL,0.010396510100900605,0.010205282394145594,0.010396510100900605,1.0,3300000000.0,6699999999.999992,34308483.332972,15850573.767454,228961.628293,48248895.913507,0.0,20678105.845987,20678105.836585,17.708366,174291.70631099996,480417.13860161783,87145.85316200001,137058.52181791203,300000.0,False,True
861,4,0,1,NORMAL,0.010409801448320304,0.010218477171834285,0.010409801448320304,1.0,3300000000.0,6699999999.999992,34352344.779457,15871920.784107,229455.720778,48309908.147821,0.0,20704253.946421,20704253.937004,17.708366,174320.669481,480604.43276988197,87160.334748,137233.933331888,300000.0,False,True
862,4,0,1,NORMAL,0.01042309537244303,0.010231678346067107,0.01042309537244303,1.0,3300000000.0,6699999999.999992,34396214.729062,15893274.908498,229950.444249,48370930.426168,0.0,20730406.351439,20730406.342008,17.708366,174349.36671600002,480790.00724921736,87174.683365,137409.379117828,300000.0,False,True
863,4,0,1,NORMAL,0.010436391853777273,0.010244885669145182,0.010436391853777273,1.0,3300000000.0,6699999999.999992,34440093.117465,15914636.114294,230445.798826,48431964.427089,0.0,20756563.021488,20756563.012044,15.93753,174377.80025499998,480973.876464504,87188.900134,137584.858916248,300000.0,False,True
864,4,0,1,NORMAL,0.010449690872994242,0.010258098908103187,0.010449690872994242,1.0,3300000000.0,6699999999.999992,34483979.880881,15936004.375394,230941.78463,48493006.517391,0.0,20782723.917344,20782723.907886,15.93753,174405.972302,481156.05474569707,87202.986158,137760.37246985998,300000.0,False,True
865,4,0,1,NORMAL,0.010462992410929395,0.010271317843769393,0.010462992410929395,1.0,3300000000.0,6699999999.999992,34527874.956067,15957379.665918,231438.40178,48554058.377162,0.0,20808889.000111,20808888.990644,15.93753,174433.88506700002,481336.5563279353,87216.94253799999,137935.91952352397,300000.0,False,True
866,4,0,1,NORMAL,0.010476296448578786,0.010284542269886128,0.010476296448578786,1.0,3300000000.0,6699999999.999992,34571778.28031,15978761.960214,231935.650395,48615119.916415,0.0,20835058.231233,20835058.22175,15.93753,174461.540734,481515.3953516614,87230.77037500001,138111.49982426802,300000.0,False,True
867,4,0,1,NORMAL,0.010489602967099696,0.010297771992287003,0.010489602967099696,1.0,3300000000.0,6699999999.999992,34615689.791429,16000151.232854,232433.530593,48676191.045929,0.0,20861231.572463,20861231.562967,15.93753,174488.94147500003,481692.5858627551,87244.47074399999,138287.11312124,300000.0,False,True
868,4,0,1,NORMAL,0.01050291194780788,0.010311006828127061,0.01050291194780788,1.0,3300000000.0,6699999999.999992,34659609.427766,16021547.458631,232932.04249,48737271.677233,0.0,20887408.985885,20887408.976383,15.93753,174516.08944600003,481868.14181267587,87258.04472600002,138462.759165716,300000.0,False,True
869,4,0,1,NORMAL,0.010516223372178182,0.010324246605162617,0.010516223372178182,1.0,3300000000.0,6699999999.999992,34703537.128188,16042950.612556,233431.186203,48798361.722607,0.0,20913590.433915,20913590.424398,15.93753,174542.986793,482042.0770586192,87271.493404,138638.437711064,300000.0,False,True
870,4,0,1,NORMAL,0.010529537221843636,0.010337491161077522,0.010529537221843636,1.0,3300000000.0,6699999999.999992,34747472.832084,16064360.669859,233930.961846,48859462.68883,0.0,20939775.879274,20939775.869741,14.343777,174569.63564200004,482214.4053636819,87284.81782900002,138814.148512752,300000.0,False,True
871,4,0,1,NORMAL,0.010542853478592424,0.010350740342852677,0.010542853478592424,1.0,3300000000.0,6699999999.999992,34791416.479355,16085777.605993,234431.369535,48920571.302164,0.0,20965965.285001,20965965.275453,14.343777,174596.038107,482385.1403970392,87298.019061,138989.891328336,300000.0,False,True
872,4,0,1,NORMAL,0.010556172124368485,0.010363994006176278,0.010556172124368485,1.0,3300000000.0,6699999999.999992,34835368.010416,16107201.396621,234932.409382,48981689.070862,0.0,20992158.614456,20992158.604891,14.343777,174622.19628899998,482554.29573413153,87311.09815299998,139165.66591742,300000.0,False,True
873,4,0,1,NORMAL,0.01056949314127091,0.010377252014892062,0.01056949314127091,1.0,3300000000.0,6699999999.999992,34879327.366194,16128632.01762,235434.0815,49042815.910155,0.0,21018355.831304,21018355.821729,14.343777,174648.11227200003,482721.8848568618,87324.056141,139341.472041664,300000.0,False,True
874,4,0,1,NORMAL,0.010582816511549697,0.010390514240482877,0.010582816511549697,1.0,3300000000.0,6699999999.999992,34923294.488114,16150069.445083,235936.386,49103951.735995,0.0,21044556.899532,21044556.889944,14.343777,174673.78812300003,482887.921153802,87336.894068,139517.30946477602,300000.0,False,True
875,4,0,1,NORMAL,0.010596142217608484,0.010403780561587755,0.010596142217608484,1.0,3300000000.0,6699999999.999992,34967269.318108,16171513.655314,236439.322994,49165096.46506,0.0,21070761.783426,21070761.773825,14.343777,174699.225905,483052.4179204109,87349.61295899999,139693.177952456,300000.0,False,True
876,4,0,1,NORMAL,0.010609470242001819,0.010417050863549953,0.010609470242001819,1.0,3300000000.0,6699999999.999992,35011251.798606,16192964.624822,236942.892591,49226250.014735,0.0,21096970.447585,21096970.437969,14.343777,174724.427653,483215.38835925877,87362.21383400001,139869.077272432,300000.0,False,True
877,4,0,1,NORMAL,0.010622800567433635,0.010430325037994062,0.010622800567433635,1.0,3300000000.0,6699999999.999992,35055241.872531,16214422.330331,237447.094901,49287413.737498,0.0,21123182.856905,21123182.847274,12.9094,174749.395397,483376.84558026295,87374.69770600002,140045.00719442402,300000.0,False,True
878,4,0,1,NORMAL,0.010636133176756971,0.01044360298243038,0.010636133176756971,1.0,3300000000.0,6699999999.999992,35099239.483298,16235886.74877,237951.930032,49348584.683399,0.0,21149398.976586,21149398.966942,12.9094,174774.131151,483536.8026009319,87387.065582,140220.967490124,300000.0,False,True
879,4,0,1,NORMAL,0.010649468052972727,0.010456884599884725,0.010649468052972727,1.0,3300000000.0,6699999999.999992,35143244.57481,16257357.857271,238457.398092,49409764.206316,0.0,21175618.772131,21175618.762476,12.9094,174798.636913,483695.2723466172,87399.31846200001,140396.95793319202,300000.0,False,True
880,4,0,1,NORMAL,0.010662805179228485,0.010470169798552064,0.010662805179228485,1.0,3300000000.0,6699999999.999992,35187257.091454,16278835.633172,238963.499187,49470952.226447,0.0,21201842.209339,21201842.199671,12.9094,174822.91466500002,483852.2676507747,87411.45733900002,140572.97829924,300000.0,False,True
881,4,0,1,NORMAL,0.01067614453881788,0.01048345849147244,0.01067614453881788,1.0,3300000000.0,6699999999.999992,35231276.978099,16300320.054013,239470.233424,49532148.664679,0.0,21228069.254305,21228069.244626,12.9094,174846.96638500004,484007.8012552334,87423.48319800002,140749.028365816,300000.0,False,True
882,4,0,1,NORMAL,0.01068948611517788,0.01049675059622763,0.01068948611517788,1.0,3300000000.0,6699999999.999992,35275304.180087,16321811.097537,239977.600907,49593353.442581,0.0,21254299.873419,21254299.863725,12.9094,174870.794017,484161.88581047184,87435.39701599999,140925.10791239602,300000.0,False,True
883,4,0,1,NORMAL,0.010702829891892121,0.010510046034657598,0.010702829891892121,1.0,3300000000.0,6699999999.999992,35319338.643244,16343308.741681,240485.601742,49654566.482408,0.0,21280534.033357,21280534.023649,12.9094,174894.399516,484314.5338759031,87447.19976500001,141101.216720348,300000.0,False,True
884,4,0,1,NORMAL,0.010716175852684546,0.010523344732594822,0.010716175852684546,1.0,3300000000.0,6699999999.999992,35363380.313859,16364812.964588,240994.236031,49715788.998027,0.0,21306771.701086,21306771.691364,11.61846,174917.784802,484465.7579201663,87458.89240800003,141277.354572976,300000.0,False,True
885,4,0,1,NORMAL,0.010729523981419393,0.010536646619615763,0.010729523981419393,1.0,3300000000.0,6699999999.999992,35407429.138684,16386323.744594,241503.503878,49777018.33115,0.0,21333012.843867,21333012.834129,11.61846,174940.951792,484615.570321426,87470.475904,141453.521255436,300000.0,False,True
886,4,0,1,NORMAL,0.010742874262105151,0.010549951628808629,0.010742874262105151,1.0,3300000000.0,6699999999.999992,35451485.064947,16407841.060229,242013.405385,49838255.696983,0.0,21359257.429231,21359257.419484,11.61846,174963.90238500002,484763.98336767795,87481.95119700002,141629.716554736,300000.0,False,True
887,4,0,1,NORMAL,0.010756226678886364,0.01056325969655558,0.010756226678886364,1.0,3300000000.0,6699999999.999992,35495548.040325,16429364.890218,242523.940653,49899501.020443,0.0,21385505.425014,21385505.41525,11.61846,174986.638469,484911.00925706205,87493.31924299999,141805.940259788,300000.0,False,True
888,4,0,1,NORMAL,0.010769581216047878,0.010576570762329278,0.010769581216047878,1.0,3300000000.0,6699999999.999992,35539618.012958,16450895.213481,243035.109783,49960754.227109,0.0,21411756.799313,21411756.789533,11.61846,175009.16191399997,485056.6600981819,87504.580965,141982.19216130002,300000.0,False,True
889,4,0,1,NORMAL,0.010782937858012424,0.010589884768502384,0.010782937858012424,1.0,3300000000.0,6699999999.999992,35583694.931441,16472432.009124,243546.912875,50022015.243209,0.0,21438011.52051,21438011.510716,11.61846,175031.47458,485200.94791043043,87515.737297,142158.47205183198,300000.0,False,True
890,4,0,1,NORMAL,0.010796296589337576,0.01060320166016917,0.010796296589337576,1.0,3300000000.0,6699999999.999992,35627778.744814,16493975.256451,244059.350028,50083283.995617,0.0,21464269.557264,21464269.54746,11.61846,175053.57831399998,485343.88462432177,87526.789162,142334.779725764,300000.0,False,True
891,4,0,1,NORMAL,0.010809657394716668,0.010616521384978688,0.010809657394716668,1.0,3300000000.0,6699999999.999992,35671869.402565,16515524.934945,244572.42134,50144561.573689,0.0,21490530.878519,21490530.868697,10.456614,175075.47494400005,485485.4820818296,87537.737481,142511.114979256,300000.0,False,True
892,4,0,1,NORMAL,0.010823020258979393,0.010629843892978733,0.010823020258979393,1.0,3300000000.0,6699999999.999992,35715966.854632,16537081.024282,245086.12691,50205845.581888,0.0,21516795.453473,21516795.443637,10.456614,175097.16629200004,485625.75203672994,87548.583153,142687.47761026002,300000.0,False,True
893,4,0,1,NORMAL,0.01083638516708606,0.01064316913646953,0.01083638516708606,1.0,3300000000.0,6699999999.999992,35760071.051384,16558643.504323,245600.466834,50267137.11084,0.0,21543063.251606,21543063.241756,10.456614,175118.65415599998,485764.7061549514,87559.327085,142863.86741852798,300000.0,False,True
894,4,0,1,NORMAL,0.010849752104130606,0.01065649706986702,0.010849752104130606,1.0,3300000000.0,6699999999.999992,35804181.943631,16580212.355113,246115.441208,50328436.089952,0.0,21569334.242666,21569334.232802,10.456614,175139.94033,485902.3560149287,87569.970172,143040.284205536,300000.0,False,True
895,4,0,1,NORMAL,0.010863121055339394,0.010669827649574916,0.010863121055339394,1.0,3300000000.0,6699999999.999992,35848299.48262,16601787.556876,246631.050128,50389742.449255,0.0,21595608.396665,21595608.386787,10.456614,175161.02659,486038.71310796356,87580.51330199999,143216.727774524,300000.0,False,True
896,4,0,1,NORMAL,0.010876492006068788,0.010683160833864844,0.010876492006068788,1.0,3300000000.0,6699999999.999992,35892423.620027,16623369.090019,247147.293689,50451056.119397,0.0,21621885.683882,21621885.673988,10.456614,175181.914702,486173.78883858846,87590.957359,143393.19793048,300000.0,False,True
897,4,0,1,NORMAL,0.010889864941803029,0.010696496582764082,0.010889864941803029,1.0,3300000000.0,6699999999.999992,35936554.30795,16644956.935135,247664.171985,50512377.031638,0.0,21648166.074855,21648166.064945,10.456614,175202.606412,486307.59452493716,87601.30321399999,143569.694480108,300000.0,False,True
898,4,0,1,NORMAL,0.010903239848156667,0.0107098348579507,0.010903239848156667,1.0,3300000000.0,6699999999.999992,35980691.498917,16666551.072989,248181.68511,50573706.163508,0.0,21674449.540384,21674449.53046,9.410953,175223.10346199997,486440.14139911847,87611.55173800001,143746.2172318,300000.0,False,True
899,4,0,1,NORMAL,0.010916616710871211,0.010723175622655248,0.010916616710871211,1.0,3300000000.0,6699999999.999992,36024835.145875,16688151.484522,248699.833157,50635041.356153,0.0,21700736.051532,21700736.041592,9.410953,175243.40757,486571.4406075952,87621.70379300001,143922.76599566799,300000.0,False,True
900,4,0,1,NORMAL,0.010929995515814545,0.010736518841568751,0.010929995515814545,1.0,3300000000.0,6699999999.999992,36068985.202188,16709758.15086,249218.616217,50696383.588309,0.0,21727025.579608,21727025.569657,9.410953,175263.520453,486701.50321156706,87631.760232,144099.3405835,300000.0,False,True
901,4,0,1,NORMAL,0.010943376248980303,0.010749864480756594,0.010943376248980303,1.0,3300000000.0,6699999999.999992,36113141.621635,16731371.053293,249738.034383,50757732.793637,0.0,21753318.09619,21753318.086222,9.410953,175283.443803,486830.3401873584,87641.72191000001,144275.940808752,300000.0,False,True
902,4,0,1,NORMAL,0.010956758896485756,0.01076321250757783,0.010956758896485756,1.0,3300000000.0,6699999999.999992,36157304.358403,16752990.173292,250258.087745,50819088.90639,0.0,21779613.573099,21779613.563113,9.410953,175303.17930599998,486957.9624268085,87651.589662,144452.56648654,300000.0,False,True
903,4,0,1,NORMAL,0.010970143444573333,0.010776562890609798,0.010970143444573333,1.0,3300000000.0,6699999999.999992,36201473.367092,16774615.492497,250778.776393,50880451.861409,0.0,21805911.982403,21805911.972406,9.410953,175322.72863500004,487084.380737668,87661.36432300002,144629.21743361198,300000.0,False,True
904,4,0,1,NORMAL,0.01098352987960697,0.010789915599577359,0.01098352987960697,1.0,3300000000.0,6699999999.999992,36245648.602703,16796246.992718,251300.100417,50941821.594111,0.0,21832213.296432,21832213.28642,9.410953,175342.09344700002,487209.6058439962,87671.04673099998,144805.89346836798,300000.0,False,True
905,4,0,1,NORMAL,0.01099691818807303,0.010803270605286758,0.01099691818807303,1.0,3300000000.0,6699999999.999992,36289830.020641,16817884.655936,251822.059906,51003198.981588,0.0,21858517.487748,21858517.477724,8.469858,175361.275384,487333.64838656416,87680.637698,144982.594410812,300000.0,False,True
906,4,0,1,NORMAL,0.011010308356577576,0.010816627879563586,0.011010308356577576,1.0,3300000000.0,6699999999.999992,36334017.576706,16839528.4643,252344.654948,51064582.078214,0.0,21884824.52917,21884824.519133,8.469858,175380.276083,487456.5189232601,87690.13804800001,145159.320082564,300000.0,False,True
907,4,0,1,NORMAL,0.011023700371848182,0.01082998739519485,0.011023700371848182,1.0,3300000000.0,6699999999.999992,36378211.227099,16861178.400122,252867.885631,51125971.762218,0.0,21911134.393755,21911134.383705,8.469858,175399.097165,487578.2279294982,87699.54858899998,145336.070306824,300000.0,False,True
908,4,0,1,NORMAL,0.011037094220730303,0.010843349125874558,0.011037094220730303,1.0,3300000000.0,6699999999.999992,36422410.92841,16882834.445883,253391.752041,51187367.971296,0.0,21937447.0548,21937447.044737,8.469858,175417.740233,487698.78579863027,87708.87012300002,145512.84490839601,300000.0,False,True
909,4,0,1,NORMAL,0.011050489890186668,0.01085671304615276,0.011050489890186668,1.0,3300000000.0,6699999999.999992,36466616.637616,16904496.584229,253916.254266,51248770.643701,0.0,21963762.485845,21963762.475766,8.469858,175436.20688399996,487818.2028423611,87718.10345000001,145689.64371364002,300000.0,False,True
910,4,0,1,NORMAL,0.011063887367297274,0.01087007913138789,0.011063887367297274,1.0,3300000000.0,6699999999.999992,36510828.312081,16926164.797968,254441.392391,51310179.718241,0.0,21990080.660663,21990080.650569,8.469858,175454.49870099997,487936.48929116543,87727.249358,145866.466550464,300000.0,False,True
911,4,0,1,NORMAL,0.01107728663926,0.01088344735770222,0.01107728663926,1.0,3300000000.0,6699999999.999992,36555045.909558,16947839.070067,254967.166501,51371595.134275,0.0,22016401.553262,22016401.543152,8.469858,175472.61724999998,488053.65529470856,87736.30863299998,146043.313248324,300000.0,False,True
912,4,0,1,NORMAL,0.011090687693386364,0.010896817701939907,0.011090687693386364,1.0,3300000000.0,6699999999.999992,36599269.388175,16969519.383657,255493.576681,51433017.67869,0.0,22042725.137885,22042725.127762,7.622873,175490.564093,488169.7109222694,87745.282053,146220.183638232,300000.0,False,True
913,4,0,1,NORMAL,0.01110409051710212,0.010910190141627791,0.01110409051710212,1.0,3300000000.0,6699999999.999992,36643498.706437,16991205.722024,256020.623014,51494445.597956,0.0,22069051.389012,22069051.378875,7.622873,175508.340772,488284.66616316483,87754.17039300001,146397.0775527,300000.0,False,True
914,4,0,1,NORMAL,0.011117495097946059,0.010923564654938647,0.011117495097946059,1.0,3300000000.0,6699999999.999992,36687733.823222,17012898.068615,256548.305584,51555879.680038,0.0,22095380.281348,22095380.271194,7.622873,175525.94881900004,488398.5309271779,87762.974418,146573.994825748,300000.0,False,True
915,4,0,1,NORMAL,0.011130901423571517,0.010936941220656898,0.011130901423571517,1.0,3300000000.0,6699999999.999992,36731974.697786,17034596.40703,257076.624475,51617319.866449,0.0,22121711.789822,22121711.779654,7.622873,175543.38975600005,488511.31504498713,87771.69488499999,146750.935292888,300000.0,False,True
916,4,0,1,NORMAL,0.011144309481740909,0.010950319818146188,0.011144309481740909,1.0,3300000000.0,6699999999.999992,36776221.289745,17056300.721028,257605.579768,51678766.099227,0.0,22148045.889592,22148045.879415,7.622873,175560.66508700003,488623.02826859796,87780.33254799999,146927.89879114402,300000.0,False,True
917,4,0,1,NORMAL,0.011157719260327577,0.010963700427319182,0.011157719260327577,1.0,3300000000.0,6699999999.999992,36820473.559081,17078010.994521,258135.171545,51740218.320932,0.0,22174382.556053,22174382.545858,7.622873,175577.776314,488733.68027177633,87788.88816599999,147104.88515898,300000.0,False,True
918,4,0,1,NORMAL,0.011171130747316365,0.010977083028609324,0.011171130747316365,1.0,3300000000.0,6699999999.999992,36864731.466144,17099727.211573,258665.399887,51801676.47465,0.0,22200721.764799,22200721.754593,7.622873,175594.724917,488843.28065048385,87797.362464,147281.894236324,300000.0,False,True
919,4,0,1,NORMAL,0.011184543930799698,0.010990467602944188,0.011184543930799698,1.0,3300000000.0,6699999999.999992,36908994.971639,17121449.3564,259196.264874,51863141.266264,0.0,22227063.491662,22227063.481444,6.860586,175611.51236800003,488951.8389233149,87805.75619000001,147458.925864576,300000.0,False,True
920,4,0,1,NORMAL,0.011197958798978485,0.011003854131720595,0.011197958798978485,1.0,3300000000.0,6699999999.999992,36953264.036629,17143177.413366,259727.766587,51924611.115306,0.0,22253407.712692,22253407.702459,6.860586,175628.140129,489059.3645319347,87814.07007200002,147635.97988655602,300000.0,False,True
921,4,0,1,NORMAL,0.011211375340160605,0.01101724259678124,0.011211375340160605,1.0,3300000000.0,6699999999.999992,36997538.62253,17164911.366987,260259.905105,51986086.728679,0.0,22279754.404146,22279754.393903,6.860586,175644.60964400004,489165.8668415198,87822.30482700003,147813.056146516,300000.0,False,True
922,4,0,1,NORMAL,0.011224793542759697,0.011030632980392755,0.011224793542759697,1.0,3300000000.0,6699999999.999992,37041818.691107,17186651.201927,260792.680506,52047568.051502,0.0,22306103.542507,22306103.532252,6.860586,175660.92235600002,489271.35514119826,87830.46118399999,147990.15449012,300000.0,False,True
923,4,0,1,NORMAL,0.011238213395294242,0.01104402526522511,0.011238213395294242,1.0,3300000000.0,6699999999.999992,37086104.204471,17208396.902997,261326.092869,52109055.029388,0.0,22332455.104471,22332455.094201,6.860586,175677.07968499998,489375.83864449325,87838.53985,148167.274764428,300000.0,False,True
924,4,0,1,NORMAL,0.011251634886389698,0.011057419434332503,0.011251634886389698,1.0,3300000000.0,6699999999.999992,37130395.125086,17230148.45515,261860.142272,52170547.608451,0.0,22358809.066936,22358809.056656,6.860586,175693.08304599999,489479.32648976584,87846.541528,148344.416817884,300000.0,False,True
925,4,0,1,NORMAL,0.011265058004773636,0.011070815471135158,0.011265058004773636,1.0,3300000000.0,6699999999.999992,37174691.415753,17251905.843484,262394.828792,52232045.735291,0.0,22385165.407024,22385165.396727,6.860586,175708.933839,489581.82774065976,87854.46692800001,148521.58050034402,300000.0,False,True
926,4,0,1,NORMAL,0.011278482739276365,0.011084213359402333,0.011278482739276365,1.0,3300000000.0,6699999999.999992,37218993.039612,17273669.053243,262930.152506,52293550.043055,0.0,22411524.102052,22411524.091741,6.174528,175724.633454,489683.3513865469,87862.316734,148698.765663012,300000.0,False,True
927,4,0,1,NORMAL,0.011291909078829999,0.011097613083236377,0.011291909078829999,1.0,3300000000.0,6699999999.999992,37263299.960139,17295438.069814,263466.11349,52355059.107198,0.0,22437885.129551,22437885.119229,6.174528,175740.183273,489783.9063429735,87870.09164199998,148875.972158448,300000.0,False,True
928,4,0,1,NORMAL,0.011305337012468181,0.011111014627057785,0.011305337012468181,1.0,3300000000.0,6699999999.999992,37307612.141145,17317212.878722,264002.711819,52416573.561827,0.0,22464248.467258,22464248.456923,6.174528,175755.584659,489883.5014521073,87877.79233600001,149053.199840556,300000.0,False,True
929,4,0,1,NORMAL,0.011318766529324545,0.011124417975591126,0.011318766529324545,1.0,3300000000.0,6699999999.999992,37351929.546771,17338993.465631,264539.947569,52478093.355464,0.0,22490614.093117,22490614.082765,6.174528,175770.83897499996,489982.14548318513,87885.419496,149230.44856458,300000.0,False,True
930,4,0,1,NORMAL,0.01133219761863394,0.011137823113851954,0.01133219761863394,1.0,3300000000.0,6699999999.999992,37396252.141492,17360779.816344,265077.820815,52539618.437107,0.0,22516981.985259,22516981.974895,6.174528,175785.94755799999,490079.84713296127,87892.97378500001,149407.71818708398,300000.0,False,True
931,4,0,1,NORMAL,0.011345630269726969,0.011151230027134213,0.011345630269726969,1.0,3300000000.0,6699999999.999992,37440579.890099,17382571.916801,265616.33163,52601148.756214,0.0,22543352.122032,22543352.111653,6.174528,175800.911745,490176.61502615566,87900.45587999998,149585.00856596802,300000.0,False,True
932,4,0,1,NORMAL,0.011359064472033938,0.011164638700998712,0.011359064472033938,1.0,3300000000.0,6699999999.999992,37484912.757712,17404369.753081,266155.480088,52662684.26271,0.0,22569724.481974,22569724.471578,6.174528,175815.73285899998,490272.45771590347,87907.86643799998,149762.319560396,300000.0,False,True
933,4,0,1,NORMAL,0.011372500215082121,0.011178049121262157,0.011372500215082121,1.0,3300000000.0,6699999999.999992,37529250.709771,17426173.311397,266695.266262,52724225.524433,0.0,22596099.043811,22596099.033407,5.557076,175830.41220799997,490367.38368420413,87915.206108,149939.651030848,300000.0,False,True
934,4,0,1,NORMAL,0.011385937488494544,0.011191461273986828,0.011385937488494544,1.0,3300000000.0,6699999999.999992,37573593.712032,17447982.578092,267235.690225,52785771.257314,0.0,22622475.786488,22622475.776067,5.557076,175844.95109900003,490461.4013423709,87922.475558,150117.00283908402,300000.0,False,True
935,4,0,1,NORMAL,0.01139937628199,0.011204875145470904,0.01139937628199,1.0,3300000000.0,6699999999.999992,37617941.730567,17469797.539647,267776.752049,52847322.030097,0.0,22648854.689123,22648854.678686,5.557076,175859.35082,490554.5190314804,87929.675418,150294.374848128,300000.0,False,True
936,4,0,1,NORMAL,0.011412816585381819,0.011218290722239352,0.011412816585381819,1.0,3300000000.0,6699999999.999992,37662294.73176,17491618.182672,268318.451806,52908877.79452,0.0,22675235.731031,22675235.720581,5.557076,175873.61264900002,490646.74502282275,87936.806331,150471.766922268,300000.0,False,True
937,4,0,1,NORMAL,0.011426258388577273,0.011231707991035348,0.011426258388577273,1.0,3300000000.0,6699999999.999992,37706652.682305,17513444.493909,268860.789567,52970438.502766,0.0,22701618.891714,22701618.881258,5.557076,175887.73785200002,490738.08751835034,87943.86892900002,150649.17892704002,300000.0,False,True
938,4,0,1,NORMAL,0.011439701681575454,0.01124512693881213,0.011439701681575454,1.0,3300000000.0,6699999999.999992,37751015.549199,17535276.460229,269403.765402,53032004.107453,0.0,22728004.150877,22728004.140408,5.557076,175901.72768699998,490828.55465112836,87950.86385000002,150826.61072922,300000.0,False,True
939,4,0,1,NORMAL,0.011453146454469999,0.011258547552725541,0.011453146454469999,1.0,3300000000.0,6699999999.999992,37795383.299751,17557114.068629,269947.379382,53093574.561642,0.0,22754391.488396,22754391.477917,5.557076,175915.583406,490918.1544857837,87957.79170800002,151004.062196796,300000.0,False,True
940,4,0,1,NORMAL,0.011466592697443637,0.01127196982012671,0.011466592697443637,1.0,3300000000.0,6699999999.999992,37839755.901564,17578957.306238,270491.631577,53155150.37453,0.0,22780780.884344,22780780.87385,5.001369,175929.30624299997,491006.8950189542,87964.653129,151181.53319900398,300000.0,False,True
941,4,0,1,NORMAL,0.011480040400771212,0.011285393728555389,0.011480040400771212,1.0,3300000000.0,6699999999.999992,37884133.322545,17600806.16031,271036.522056,53216730.388625,0.0,22807172.318967,22807172.30846,5.001369,175942.897423,491094.7841797373,87971.44871800001,151359.023606256,300000.0,False,True
942,4,0,1,NORMAL,0.011493489554817575,0.011298819265733595,0.011493489554817575,1.0,3300000000.0,6699999999.999992,37928515.530898,17622660.618222,271582.050888,53278315.11398,0.0,22833565.772698,22833565.762181,5.001369,175956.358162,491181.82983013865,87978.17908599999,151536.53329018,300000.0,False,True
943,4,0,1,NORMAL,0.011506940150035757,0.011312246419559541,0.011506940150035757,1.0,3300000000.0,6699999999.999992,37972902.495118,17644520.667474,272128.218141,53339904.505359,0.0,22859961.226158,22859961.215628,5.001369,175969.68966499998,491268.03976552014,87984.84483900001,151714.06212359198,300000.0,False,True
944,4,0,1,NORMAL,0.011520392176968484,0.011325675178102054,0.011520392176968484,1.0,3300000000.0,6699999999.999992,38017294.183996,17666386.295696,272675.023883,53401498.517952,0.0,22886358.660137,22886358.649593,5.001369,175982.89313,491353.42171504727,87991.446572,151891.609980472,300000.0,False,True
945,4,0,1,NORMAL,0.011533845626245456,0.011339105529595177,0.011533845626245456,1.0,3300000000.0,6699999999.999992,38061690.56661,17688257.490633,273222.468182,53463097.10736,0.0,22912758.055605,22912758.045051,5.001369,175995.969742,491437.98334213614,87997.984876,152069.176735984,300000.0,False,True
946,4,0,1,NORMAL,0.011547300488582728,0.011352537462433084,0.011547300488582728,1.0,3300000000.0,6699999999.999992,38106091.612323,17710134.240153,273770.551105,53524700.229591,0.0,22939159.393716,22939159.383148,5.001369,176008.92067,491521.7322448996,88004.460342,152246.76226644,300000.0,False,True
947,4,0,1,NORMAL,0.011560756754783333,0.011365970965165359,0.011560756754783333,1.0,3300000000.0,6699999999.999992,38150497.290785,17732016.532248,274319.272718,53586308.341205,0.0,22965562.655788,22965562.645207,4.501233,176021.747087,491604.67595659307,88010.87355000002,152424.36644929202,300000.0,False,True
948,4,0,1,NORMAL,0.011574214415735758,0.011379406026492482,0.011574214415735758,1.0,3300000000.0,6699999999.999992,38194907.571928,17753904.355023,274868.633087,53647920.398752,0.0,22991967.823319,22991967.812725,4.501233,176034.45014299997,491686.8219460592,88017.225078,152601.98916314,300000.0,False,True
949,4,0,1,NORMAL,0.011587673462412426,0.01139284263526151,0.011587673462412426,1.0,3300000000.0,6699999999.999992,38239322.425961,17775797.696705,275418.632279,53709536.859593,0.0,23018374.877976,23018374.867369,4.501233,176047.030983,491768.1776181719,88023.51549800001,152779.630287712,300000.0,False,True
950,4,0,1,NORMAL,0.011601133885871515,0.011406280780462156,0.011601133885871515,1.0,3300000000.0,6699999999.999992,38283741.823376,17797696.545634,275969.270359,53771157.681351,0.0,23044783.801597,23044783.790978,4.501233,176059.49074599997,491848.7503142795,88029.74537899997,152957.28970384403,300000.0,False,True
951,4,0,1,NORMAL,0.011614595677251817,0.01141972045122278,0.011614595677251817,1.0,3300000000.0,6699999999.999992,38328165.734931,17819600.890271,276520.547391,53832782.82204,0.0,23071194.576191,23071194.56556,4.501233,176071.83055400004,491928.54731264734,88035.91528299998,153134.967293504,300000.0,False,True
952,4,0,1,NORMAL,0.011628058827777272,0.011433161636806941,0.011628058827777272,1.0,3300000000.0,6699999999.999992,38372594.131665,17841510.71919,277072.46344,53894412.24007,0.0,23097607.183928,23097607.173285,4.501233,176084.05152199997,492007.5758288987,88042.025767,153312.662939724,300000.0,False,True
953,4,0,1,NORMAL,0.011641523328751818,0.011446604326609837,0.011641523328751818,1.0,3300000000.0,6699999999.999992,38417026.984881,17863426.021077,277625.018571,53956045.894233,0.0,23124021.607153,23124021.596494,4.501233,176096.15475999998,492085.84301645507,88048.077388,153490.37652666,300000.0,False,True
954,4,0,1,NORMAL,0.011654989171561212,0.011460048510155089,0.011654989171561212,1.0,3300000000.0,6699999999.999992,38461464.266152,17885346.784734,278178.212847,54017684.193829,0.0,23150437.828368,23150437.817696,4.05111,176108.141363,492163.3559669757,88054.07068799999,153668.107939524,300000.0,False,True
955,4,0,1,NORMAL,0.011668456347671817,0.011473494177091653,0.011668456347671817,1.0,3300000000.0,6699999999.999992,38505905.947317,17907272.999074,278732.046331,54079326.198173,0.0,23176855.830239,23176855.819555,4.05111,176120.01241800003,492240.12171079556,88060.00621499999,153845.85706460802,300000.0,False,True
956,4,0,1,NORMAL,0.01168192484863,0.0114869413171909,0.01168192484863,1.0,3300000000.0,6699999999.999992,38550352.000479,17929204.653119,279286.519086,54140972.317322,0.0,23203275.595596,23203275.584902,4.05111,176131.76900200002,492316.14721736225,88065.884506,154023.623789268,300000.0,False,True
957,4,0,1,NORMAL,0.01169539466606091,0.011500389920343806,0.01169539466606091,1.0,3300000000.0,6699999999.999992,38594802.398001,17951141.736003,279841.631174,54202622.511586,0.0,23229697.107429,23229697.096728,4.05111,176143.412187,492391.4393956718,88071.706097,154201.408001916,300000.0,False,True
958,4,0,1,NORMAL,0.011708865791666363,0.011513839976558166,0.011708865791666363,1.0,3300000000.0,6699999999.999992,38639257.112499,17973084.236969,280397.382658,54264276.741641,0.0,23256120.348894,23256120.338178,4.05111,176154.943025,492466.0050947036,88077.47152,154379.20959200402,300000.0,False,True
959,4,0,1,NORMAL,0.01172233821722879,0.011527291475956271,0.01172233821722879,1.0,3300000000.0,6699999999.999992,38683716.116855,17995032.145366,280953.773599,54325934.968537,0.0,23282545.303291,23282545.292561,4.05111,176166.36257200004,492539.85110385285,88083.18129299999,154557.028449996,300000.0,False,True
960,4,0,1,NORMAL,0.011735811934605456,0.011540744408772348,0.011735811934605456,1.0,3300000000.0,6699999999.999992,38728179.384198,18016985.450656,281510.804059,54387597.153687,0.0,23308971.954079,23308971.943338,4.05111,176177.67186499998,492612.9841533635,88088.835938,154734.86446742,300000.0,False,True
961,4,0,1,NORMAL,0.011749286935730909,0.011554198765350321,0.011749286935730909,1.0,3300000000.0,6699999999.999992,38772646.887912,18038944.142403,282068.474099,54449263.663975,0.0,23335400.284878,23335400.274125,3.645999,176188.87194,492685.4109147578,88094.435976,154912.717536792,300000.0,False,True
962,4,0,1,NORMAL,0.011762763212614545,0.011567654536141562,0.011762763212614545,1.0,3300000000.0,6699999999.999992,38817118.601628,18060908.210278,282626.783779,54510933.651309,0.0,23361830.279458,23361830.268695,3.645999,176199.96381800002,492757.1380012666,88099.981914,155090.587551648,300000.0,False,True
963,4,0,1,NORMAL,0.011776240757341516,0.011581111711702851,0.011776240757341516,1.0,3300000000.0,6699999999.999992,38861594.499227,18082877.644052,283185.733159,54572607.483283,0.0,23388261.921745,23388261.910968,3.645999,176210.948508,492828.17196825595,88105.474261,155268.474406512,300000.0,False,True
964,4,0,1,NORMAL,0.011789719562072122,0.011594570282694418,0.011789719562072122,1.0,3300000000.0,6699999999.999992,38906074.554838,18104852.433604,283745.322299,54634285.122738,0.0,23414695.195808,23414695.185017,3.645999,176221.82702199998,492898.51931365445,88110.913518,155446.377996908,300000.0,False,True
965,4,0,1,NORMAL,0.011803199619039091,0.011608030239877947,0.011803199619039091,1.0,3300000000.0,6699999999.999992,38950558.742829,18126832.568915,284305.551259,54695966.53286,0.0,23441130.085869,23441130.075067,3.645999,176232.60035500003,492968.1864783772,88116.300183,155624.298219352,300000.0,False,True
966,4,0,1,NORMAL,0.011816680920547272,0.011621491574114679,0.011816680920547272,1.0,3300000000.0,6699999999.999992,38995047.037806,18148818.040071,284866.420098,54757651.677179,0.0,23467566.576301,23467566.565487,3.645999,176243.26949000004,493037.1798467498,88121.63475099999,155802.234971316,300000.0,False,True
967,4,0,1,NORMAL,0.011830163458975454,0.011634954276363763,0.011830163458975454,1.0,3300000000.0,6699999999.999992,39039539.414619,18170808.837252,285427.928874,54819340.519568,0.0,23494004.65162,23494004.640795,3.645999,176253.83540500002,493105.50574692927,88126.917708,155980.188151224,300000.0,False,True
968,4,0,1,NORMAL,0.011843647226774244,0.011648418337680568,0.011843647226774244,1.0,3300000000.0,6699999999.999992,39084035.848355,18192804.950742,285990.077646,54881033.38884,0.0,23520444.296491,23520444.285652,3.2814,176264.299074,493173.17045132455,88132.14954399997,156158.157658476,300000.0,False,True
969,4,0,1,NORMAL,0.011857132216465152,0.011661883749215058,0.011857132216465152,1.0,3300000000.0,6699999999.999992,39128536.314335,18214806.370922,286552.866471,54942729.520347,0.0,23546885.495722,23546885.484866,3.2814,176274.661459,493240.1801770152,88137.330738,156336.14339342,300000.0,False,True
970,4,0,1,NORMAL,0.011870618420638485,0.011675350502210118,0.011870618420638485,1.0,3300000000.0,6699999999.999992,39173040.788107,18236813.088276,287116.295408,55004429.243571,0.0,23573328.234261,23573328.223389,3.2814,176284.92351000005,493306.54108616756,88142.461763,156514.14525734002,300000.0,False,True
971,4,0,1,NORMAL,0.01188410583195788,0.011688818588000298,0.01188410583195788,1.0,3300000000.0,6699999999.999992,39217549.245461,18258825.09338,287680.364513,55066132.523728,0.0,23599772.497198,23599772.486311,3.2814,176295.08617300002,493372.25928645063,88147.54309399998,156692.163152428,300000.0,False,True
972,4,0,1,NORMAL,0.011897594443153638,0.011702287998010192,0.011897594443153638,1.0,3300000000.0,6699999999.999992,39262061.662407,18280842.376909,288245.073844,55127839.326359,0.0,23626218.269764,23626218.258865,3.2814,176305.150382,493437.34083144856,88152.575197,156870.196981844,300000.0,False,True
973,4,0,1,NORMAL,0.011911084247025153,0.011715758723753092,0.011911084247025153,1.0,3300000000.0,6699999999.999992,39306578.015183,18302864.929634,288810.423457,55189549.617331,0.0,23652665.537332,23652665.526424,3.2814,176315.117071,493501.7917210734,88157.55853999998,157048.246649628,300000.0,False,True
974,4,0,1,NORMAL,0.01192457523643909,0.01172923075682961,0.01192457523643909,1.0,3300000000.0,6699999999.999992,39351098.280249,18324892.742419,289376.413409,55251263.362828,0.0,23679114.285417,23679114.274492,3.2814,176324.98714699998,493565.6179019738,88162.49358200001,157226.31206073202,300000.0,False,True
975,4,0,1,NORMAL,0.011938067404331818,0.011742704088926527,0.011938067404331818,1.0,3300000000.0,6699999999.999992,39395622.434295,18346925.806224,289943.043755,55312980.857502,0.0,23705564.499657,23705564.48872,2.95326,176334.76153599998,493628.8252679442,88167.38077399999,157404.393120996,300000.0,False,True
976,4,0,1,NORMAL,0.011951560743704242,0.011756178711815411,0.011951560743704242,1.0,3300000000.0,6699999999.999992,39440150.454224,18368964.112101,290510.314551,55374701.411894,0.0,23732016.165839,23732016.154887,2.95326,176344.44113300001,493691.41966033063,88172.220574,157582.48973718,300000.0,False,True
977,4,0,1,NORMAL,0.011965055247625759,0.011769654617351563,0.011965055247625759,1.0,3300000000.0,6699999999.999992,39484682.317165,18391007.651192,291078.225852,55436425.321282,0.0,23758469.269875,23758469.258907,2.95326,176354.026832,493753.40686843527,88177.01342399999,157760.601816896,300000.0,False,True
978,4,0,1,NORMAL,0.011978550909228485,0.011783131797472656,0.011978550909228485,1.0,3300000000.0,6699999999.999992,39529218.000454,18413056.414739,291646.777714,55498152.553114,0.0,23784923.797813,23784923.786833,2.95326,176363.51952799998,493814.79262991884,88181.75977,157938.72926866,300000.0,False,True
979,4,0,1,NORMAL,0.011992047721712121,0.011796610244197784,0.011992047721712121,1.0,3300000000.0,6699999999.999992,39573757.48165,18435110.394063,292215.970191,55559883.075143,0.0,23811379.735838,23811379.724845,2.95326,176372.92009499998,493875.5826312018,88186.46005400002,158116.872001816,300000.0,False,True
980,4,0,1,NORMAL,0.01200554567834,0.011810089949626314,0.01200554567834,1.0,3300000000.0,6699999999.999992,39618300.738522,18457169.580584,292785.803337,55621616.855432,0.0,23837837.070256,23837837.059254,2.95326,176382.22940499996,493935.7825078629,88191.11470700002,158295.02992660002,300000.0,False,True
981,4,0,1,NORMAL,0.012019044772439697,0.011823570905936855,0.012019044772439697,1.0,3300000000.0,6699999999.999992,39662847.749051,18479233.965804,293356.277206,55683353.862342,0.0,23864295.787512,23864295.776498,2.95326,176391.44832,493995.3978450363,88195.72416599999,158473.20295408802,300000.0,False,True
982,4,0,1,NORMAL,0.01203254499740091,0.01183705310538615,0.01203254499740091,1.0,3300000000.0,6699999999.999992,39707398.491423,18501303.541318,293927.391852,55745094.35986,0.0,23890755.874175,23890755.86315,2.657934,176400.57769899996,494054.4341778065,88200.288855,158651.390996204,300000.0,False,True
983,4,0,1,NORMAL,0.012046046346676666,0.011850536540308118,0.012046046346676666,1.0,3300000000.0,6699999999.999992,39751952.944033,18523378.298808,294499.147328,55806837.726292,0.0,23917217.316943,23917217.305905,2.657934,176409.618387,494112.8969916014,88204.80919999999,158829.593965692,300000.0,False,True
984,4,0,1,NORMAL,0.01205954881378394,0.01186402120311301,0.01205954881378394,1.0,3300000000.0,6699999999.999992,39796511.085487,18545458.230041,295071.543687,55868584.22622,0.0,23943680.102635,23943680.091588,2.657934,176418.571231,494170.79172258347,88209.28562,159007.811776132,300000.0,False,True
985,4,0,1,NORMAL,0.012073052392297272,0.011877507086286189,0.012073052392297272,1.0,3300000000.0,6699999999.999992,39841072.894581,18567543.326875,295644.580982,55930333.829186,0.0,23970144.218203,23970144.207145,2.657934,176427.43705699997,494228.1237580389,88213.71853400003,159186.044341948,300000.0,False,True
986,4,0,1,NORMAL,0.01208655707585697,0.01189099418238753,0.01208655707585697,1.0,3300000000.0,6699999999.999992,39885638.350328,18589633.581243,296218.259266,55992086.505026,0.0,23996609.650715,23996609.639644,2.657934,176436.21669100004,494284.8984367646,88218.108352,159364.291578324,300000.0,False,True
987,4,0,1,NORMAL,0.012100062858161212,0.011904482484050351,0.012100062858161212,1.0,3300000000.0,6699999999.999992,39930207.431932,18611728.98517,296792.57859,56053842.223857,0.0,24023076.387368,24023076.376285,2.657934,176444.91095599998,494341.1210494538,88222.455484,159542.553401312,300000.0,False,True
988,4,0,1,NORMAL,0.012113569732967271,0.011917971983980476,0.012113569732967271,1.0,3300000000.0,6699999999.999992,39974780.118792,18633829.530766,297367.539007,56115600.956083,0.0,24049544.415481,24049544.404379,2.657934,176453.520659,494396.79683907854,88226.76033899999,159720.829727728,300000.0,False,True
989,4,0,1,NORMAL,0.012127077694095455,0.011931462674955637,0.012127077694095455,1.0,3300000000.0,6699999999.999992,40019356.390515,18655935.210217,297943.140568,56177362.938185,0.0,24076013.722481,24076013.711367,2.392141,176462.04660600002,494451.9310012713,88231.023309,159899.120475168,300000.0,False,True
990,4,0,1,NORMAL,0.012140586735421212,0.011944954549824385,0.012140586735421212,1.0,3300000000.0,6699999999.999992,40063936.22689,18678046.0158,298519.383324,56239127.609539,0.0,24102484.295929,24102484.284803,2.392141,176470.48959200003,494506.52868470346,88235.24480199999,160077.42556206,300000.0,False,True
991,4,0,1,NORMAL,0.012154096850880909,0.011958447601505452,0.012154096850880909,1.0,3300000000.0,6699999999.999992,40108519.607907,18700161.939863,299096.267326,56300895.207178,0.0,24128956.123497,24128956.112361,2.392141,176478.85040399997,494560.59499146306,88239.42520700001,160255.74490756,300000.0,False,True
992,4,0,1,NORMAL,0.012167608034467575,0.01197194182298688,0.012167608034467575,1.0,3300000000.0,6699999999.999992,40153106.513743,18722282.974841,299673.792625,56362665.702614,0.0,24155429.192981,24155429.181833,2.392141,176487.12982799998,494614.13497742923,88243.56491999999,160434.078431628,300000.0,False,True
993,4,0,1,NORMAL,0.01218112028023091,0.011985437207325205,0.01218112028023091,1.0,3300000000.0,6699999999.999992,40197696.924762,18744409.113252,300251.959272,56424439.067633,0.0,24181903.49229,24181903.481124,2.392141,176495.32863800004,494667.153652645,88247.66432800001,160612.426054972,300000.0,False,True
994,4,0,1,NORMAL,0.012194633582278788,0.011998933747644793,0.012194633582278788,1.0,3300000000.0,6699999999.999992,40242290.82152,18766540.347685,300830.767316,56486215.274287,0.0,24208379.009442,24208378.998261,2.392141,176503.44759700005,494719.6559816884,88251.723806,160790.78769904803,300000.0,False,True
995,4,0,1,NORMAL,0.012208147934775756,0.012012431437137113,0.012208147934775756,1.0,3300000000.0,6699999999.999992,40286888.18476,18788676.670812,301410.216808,56547994.294899,0.0,24234855.732571,24234855.72138,2.392141,176511.48747200004,494771.6468840409,88255.743741,160969.16328608,300000.0,False,True
996,4,0,1,NORMAL,0.012221663331940606,0.01202593026905992,0.012221663331940606,1.0,3300000000.0,6699999999.999992,40331488.995404,18810818.075383,301990.307797,56609776.341263,0.0,24261333.649934,24261333.638727,2.152927,176519.44900999998,494823.13123445417,88259.724513,161147.55273904,300000.0,False,True
997,4,0,1,NORMAL,0.012235179768047577,0.012039430236736546,0.012235179768047577,1.0,3300000000.0,6699999999.999992,40376093.234557,18832964.554226,302571.040332,56671560.907798,0.0,24287812.749888,24287812.738668,2.152927,176527.33296499998,494874.113863314,88263.66648900002,161325.955981616,300000.0,False,True
998,4,0,1,NORMAL,0.01224869723742606,0.012052931333555224,0.01224869723742606,1.0,3300000000.0,6699999999.999992,40420700.883506,18855116.100241,303152.414462,56733348.206817,0.0,24314293.020915,24314293.009674,2.152927,176535.14007100003,494924.59955700365,88267.570046,161504.372938228,300000.0,False,True
999,4,0,1,NORMAL,0.012262215734460607,0.012066433552968475,0.012262215734460607,1.0,3300000000.0,6699999999.999992,40465311.92372,18877272.70641,303734.430236,56795138.211688,0.0,24340774.451584,24340774.440329,2.152927,176542.87106600002,494974.5930582632,88271.43554,161682.80353402402,300000.0,False,True
1000,4,0,1,NORMAL,0.012275735253588485,0.012079936888492347,0.012275735253588485,1.0,3300000000.0,6699999999.999992,40509926.336842,18899434.365783,304317.087703,56856930.896022,0.0,24367257.030593,24367257.019329,2.152927,176550.526677,495024.0990665479,88275.26334299997,161861.24769488,300000.0,False,True
1001,4,0,1,NORMAL,0.012289255789299697,0.012093441333705724,0.012289255789299697,1.0,3300000000.0,6699999999.999992,40554544.104689,18921601.07149,304900.386911,56918726.233686,0.0,24393740.746745,24393740.735467,2.152927,176558.107618,495073.1222383844,88279.05381599997,162039.705347368,300000.0,False,True
1002,4,0,1,NORMAL,0.012302777336138788,0.012106946882249794,0.012302777336138788,1.0,3300000000.0,6699999999.999992,40599165.209258,18943772.816729,305484.327908,56980524.198797,0.0,24420225.588946,24420225.577656,2.152927,176565.61461199998,495121.6671877244,88282.80731199999,162218.17641875602,300000.0,False,True
1003,4,0,1,NORMAL,0.012316299888700909,0.012120453527827287,0.012316299888700909,1.0,3300000000.0,6699999999.999992,40643789.632713,18965949.594778,306068.910741,57042324.981011,0.0,24446711.546208,24446711.534906,1.937635,176573.04835599998,495169.7384862961,88286.524184,162396.660837032,300000.0,False,True
1004,4,0,1,NORMAL,0.012329823441634242,0.01213396126420193,0.012329823441634242,1.0,3300000000.0,6699999999.999992,40688417.357393,18988131.398982,306654.135459,57104128.124354,0.0,24473198.607647,24473198.596338,1.937635,176580.40955699998,495217.34066395415,88290.20478199999,162575.158530852,300000.0,False,True
1005,4,0,1,NORMAL,0.012343347989636667,0.01214747008519772,0.012343347989636667,1.0,3300000000.0,6699999999.999992,40733048.365801,19010318.222759,307240.002108,57165933.818968,0.0,24499686.762492,24499686.751172,1.937635,176587.69890699998,495264.4782090269,88293.84945899999,162753.66942957198,300000.0,False,True
1006,4,0,1,NORMAL,0.01235687352745879,0.012160979984698433,0.01235687352745879,1.0,3300000000.0,6699999999.999992,40777682.640614,19032510.0596,307826.510735,57227742.039948,0.0,24526176.000064,24526175.988732,1.937635,176594.91709200002,495311.15556866163,88297.45855199998,162932.193463204,300000.0,False,True
1007,4,0,1,NORMAL,0.01237040004990091,0.01217449095664698,0.01237040004990091,1.0,3300000000.0,6699999999.999992,40822320.164673,19054706.903061,308413.661387,57289552.762624,0.0,24552666.309795,24552666.298448,1.937635,176602.064799,495357.37714916724,88301.03240699999,163110.730562456,300000.0,False,True
1008,4,0,1,NORMAL,0.012383927551813334,0.01218800299504481,0.012383927551813334,1.0,3300000000.0,6699999999.999992,40866960.920984,19076908.746773,309001.454111,57351365.962564,0.0,24579157.68121,24579157.669851,1.937635,176609.14269799998,495403.147316356,88304.57135500002,163289.280658692,300000.0,False,True
1009,4,0,1,NORMAL,0.01239745602809606,0.012201516093951342,0.01239745602809606,1.0,3300000000.0,6699999999.999992,40911604.892717,19099115.584432,309589.888952,57413181.615569,0.0,24605650.103943,24605650.092565,1.937635,176616.151457,495448.47039588157,88308.075738,163467.843683936,300000.0,False,True
1010,4,0,1,NORMAL,0.01241098547369818,0.012215030247483397,0.01241098547369818,1.0,3300000000.0,6699999999.999992,40956252.063204,19121327.409809,310178.965957,57474999.891442,0.0,24632143.567709,24632143.556324,1.743872,176623.091745,495493.35067357606,88311.54587599997,163646.419570868,300000.0,False,True
1011,4,0,1,NORMAL,0.012424515883615758,0.012228545449814518,0.012424515883615758,1.0,3300000000.0,6699999999.999992,41000902.415932,19143544.216736,310768.685172,57536820.378914,0.0,24658638.06235,24658638.050952,1.743872,176629.96421299997,495537.7923957844,88314.98211299999,163825.00825281598,300000.0,False,True
1012,4,0,1,NORMAL,0.012438047252895152,0.012242061695174559,0.012438047252895152,1.0,3300000000.0,6699999999.999992,41045555.934554,19165765.999113,311359.046642,57598643.24824,0.0,24685133.577788,24685133.566374,1.743872,176636.76951200003,495581.79976969614,88318.38476399999,164003.609663728,300000.0,False,True
1013,4,0,1,NORMAL,0.012451579576630002,0.012255578977849105,0.012451579576630002,1.0,3300000000.0,6699999999.999992,41090212.602879,19187992.750908,311950.050412,57660468.476139,0.0,24711630.104041,24711630.092613,1.743872,176643.50829000003,495625.3769636764,88321.75415199998,164182.223738216,300000.0,False,True
1014,4,0,1,NORMAL,0.012465112849959697,0.01226909729217882,0.012465112849959697,1.0,3300000000.0,6699999999.999992,41134872.404867,19210224.466156,312541.696528,57722296.039548,0.0,24738127.631231,24738127.619786,1.743872,176650.181181,495668.5281075934,88325.09059900002,164360.850411516,300000.0,False,True
1015,4,0,1,NORMAL,0.012478647068072727,0.012282616632559073,0.012478647068072727,1.0,3300000000.0,6699999999.999992,41179535.32464,19232461.138957,313133.985034,57784125.915635,0.0,24764626.149561,24764626.138107,1.743872,176656.78882500003,495711.257293144,88328.394417,164539.48961946802,300000.0,False,True
1016,4,0,1,NORMAL,0.012492182226201515,0.01229613699343923,0.012492182226201515,1.0,3300000000.0,6699999999.999992,41224201.346465,19254702.763473,313726.915975,57845958.081776,0.0,24791125.649346,24791125.637881,1.743872,176663.33184099995,495753.56857417786,88331.665926,164718.14129856,300000.0,False,True
1017,4,0,1,NORMAL,0.01250571831962606,0.012309658369322251,0.01250571831962606,1.0,3300000000.0,6699999999.999992,41268870.454766,19276949.333934,314320.489395,57907792.689958,0.0,24817626.120985,24817626.109506,1.569485,176669.81085399998,495795.46596701845,88334.90543400001,164896.80538586,300000.0,False,True
1018,4,0,1,NORMAL,0.012519255343671213,0.012323180754764119,0.012519255343671213,1.0,3300000000.0,6699999999.999992,41313542.634115,19299200.844632,314914.705339,57969629.369222,0.0,24844127.554967,24844127.543474,1.569485,176676.22647800003,495836.9534507831,88338.113246,165075.481819064,300000.0,False,True
1019,4,0,1,NORMAL,0.012532793293708181,0.012336704144373413,0.012532793293708181,1.0,3300000000.0,6699999999.999992,41358217.869237,19321457.289918,315509.56385,58031468.271982,0.0,24870629.941875,24870629.930369,1.569485,176682.57932299995,495878.0349676992,88341.289668,165254.17053646,300000.0,False,True
1020,4,0,1,NORMAL,0.012546332165152423,0.012350228532810769,0.012546332165152423,1.0,3300000000.0,6699999999.999992,41402896.145003,19343718.664209,316105.064972,58093309.376478,0.0,24897133.272383,24897133.260865,1.569485,176688.869996,495918.7144234201,88344.435004,165432.871476948,300000.0,False,True
1021,4,0,1,NORMAL,0.012559871953461515,0.012363753914788236,0.012559871953461515,1.0,3300000000.0,6699999999.999992,41447577.446423,19365984.961986,316701.208749,58155152.661157,0.0,24923637.537256,24923637.525725,1.569485,176695.099091,495958.99568733724,88347.54955199998,165611.584580012,300000.0,False,True
1022,4,0,1,NORMAL,0.012573412654138787,0.012377280285068917,0.012573412654138787,1.0,3300000000.0,6699999999.999992,41492261.758658,19388256.177787,317297.995224,58216998.104673,0.0,24950142.727347,24950142.715802,1.569485,176701.2672,495998.88259289187,88350.633607,165790.30978569202,300000.0,False,True
1023,4,0,1,NORMAL,0.012586954262730907,0.012390807638466466,0.012586954262730907,1.0,3300000000.0,6699999999.999992,41536949.067012,19410532.306214,317895.42444,58278845.68589,0.0,24976648.833595,24976648.822035,1.569485,176707.37491500002,496038.3789378825,88353.687465,165969.047034632,300000.0,False,True
1024,4,0,1,NORMAL,0.012600496774827878,0.012404335969844622,0.012600496774827878,1.0,3300000000.0,6699999999.999992,41581639.356932,19432813.341926,318493.49644,58340695.540821,0.0,25003155.847026,25003155.835454,1.412537,176713.422816,496077.48848477216,88356.711414,166147.796268048,300000.0,False,True
1025,4,0,1,NORMAL,0.012614040186060908,0.012417865274116641,0.012614040186060908,1.0,3300000000.0,6699999999.999992,41626332.614001,19455099.279644,319092.211267,58402547.334834,0.0,25029663.758759,25029663.747172,1.412537,176719.41147700002,496116.21496099245,88359.70574599999,166326.557427728,300000.0,False,True
1026,4,0,1,NORMAL,0.012627584492104849,0.012431395546244913,0.012627584492104849,1.0,3300000000.0,6699999999.999992,41671028.823946,19477390.114146,319691.568963,58464401.204344,0.0,25056172.559995,25056172.548388,1.412537,176725.341472,496154.5620592459,88362.67074600002,166505.33045600398,300000.0,False,True
1027,4,0,1,NORMAL,0.01264112968867697,0.01244492678124053,0.01264112968867697,1.0,3300000000.0,6699999999.999992,41715727.972634,19499685.84027,320291.56957,58526257.12902,0.0,25082682.242007,25082682.230392,1.412537,176731.21336800003,496192.5334378054,88365.60668800001,166684.115295784,300000.0,False,True
1028,4,0,1,NORMAL,0.012654675771533636,0.012458458974162668,0.012654675771533636,1.0,3300000000.0,6699999999.999992,41760430.046061,19521986.452911,320892.213131,58588115.088718,0.0,25109192.796178,25109192.784547,1.412537,176737.027722,496230.1327208133,88368.513869,166862.91189053602,300000.0,False,True
1029,4,0,1,NORMAL,0.01266822273647485,0.012471992120118293,0.01266822273647485,1.0,3300000000.0,6699999999.999992,41805135.030367,19544291.94702,321493.499687,58649975.063495,0.0,25135704.213952,25135704.202306,1.412537,176742.78508700003,496267.3634985761,88371.392551,167041.720184244,300000.0,False,True
1030,4,0,1,NORMAL,0.012681770579339696,0.01248552621426161,0.012681770579339696,1.0,3300000000.0,6699999999.999992,41849842.911821,19566602.317609,322095.42928,58711837.033599,0.0,25162216.486861,25162216.475207,1.412537,176748.48601799997,496304.22932785907,88374.24301300001,167220.54012146802,300000.0,False,True
1031,4,0,1,NORMAL,0.012695319296008182,0.012499061251793647,0.012695319296008182,1.0,3300000000.0,6699999999.999992,41894553.676827,19588917.559742,322698.001951,58773701.12072,0.0,25188729.606528,25188729.594863,1.271284,176754.13105900004,496340.73373217694,88377.06553500002,167399.37164728402,300000.0,False,True
1032,4,0,1,NORMAL,0.012708868882399393,0.012512597227961761,0.012708868882399393,1.0,3300000000.0,6699999999.999992,41939267.311918,19611237.668542,323301.217742,58835567.02298,0.0,25215243.564651,25215243.55297,1.271284,176759.72075,496376.88020208426,88379.86038299999,167578.214707308,300000.0,False,True
1033,4,0,1,NORMAL,0.012722419334473637,0.012526134138059303,0.012722419334473637,1.0,3300000000.0,6699999999.999992,41983983.803763,19633562.639184,323905.076694,58897434.862447,0.0,25241758.353003,25241758.34131,1.271284,176765.25562599997,496412.6721954626,88382.627819,167757.06924767199,300000.0,False,True
1034,4,0,1,NORMAL,0.012735970648229698,0.012539671977425136,0.012735970648229698,1.0,3300000000.0,6699999999.999992,42028703.139158,19655892.466898,324509.578848,58959304.62012,0.0,25268273.963441,25268273.951739,1.271284,176770.736213,496448.11313780566,88385.368111,167935.935215052,300000.0,False,True
1035,4,0,1,NORMAL,0.012749522819703638,0.012553210741443104,0.012749522819703638,1.0,3300000000.0,6699999999.999992,42073425.305022,19678227.146971,325114.724244,59021176.27718,0.0,25294790.387906,25294790.376192,1.271284,176776.163038,496483.2064225024,88388.08152499999,168114.812556632,300000.0,False,True
1036,4,0,1,NORMAL,0.012763075844971817,0.012566750425541732,0.012763075844971817,1.0,3300000000.0,6699999999.999992,42118150.288407,19700566.674741,325720.512923,59083049.814993,0.0,25321307.61841,25321307.606681,1.271284,176781.53661900002,496517.9554111189,88390.768317,168293.701220088,300000.0,False,True
1037,4,0,1,NORMAL,0.012776629720149089,0.012580291025193821,0.012776629720149089,1.0,3300000000.0,6699999999.999992,42162878.076492,19722911.045599,326326.944926,59144925.215106,0.0,25347825.647044,25347825.635298,1.271284,176786.85747699998,496552.3634336769,88393.428747,168472.601153628,300000.0,False,True
1038,4,0,1,NORMAL,0.012790184441385454,0.012593832535915863,0.012790184441385454,1.0,3300000000.0,6699999999.999992,42207608.656572,19745260.254995,326934.020292,59206802.586371,0.0,25374344.465973,25374344.454213,1.144156,176792.126118,496586.4337889309,88396.06306600002,168651.512305968,300000.0,False,True
1039,4,0,1,NORMAL,0.012803740004871212,0.012607374953267822,0.012803740004871212,1.0,3300000000.0,6699999999.999992,42252342.016075,19767614.298423,327541.739061,59268681.656433,0.0,25400864.067441,25400864.055666,1.144156,176797.34304500002,496620.1697446434,88398.67153,168830.434626288,300000.0,False,True
1040,4,0,1,NORMAL,0.012817296406831819,0.012620918272852596,0.012817296406831819,1.0,3300000000.0,6699999999.999992,42297078.142545,19789973.171431,328150.101273,59330562.534494,0.0,25427384.443771,25427384.431977,1.144156,176802.50876300002,496653.5745378576,88401.254391,169009.3680643,300000.0,False,True
1041,4,0,1,NORMAL,0.012830853643530605,0.012634462490315695,0.012830853643530605,1.0,3300000000.0,6699999999.999992,42341817.023651,19812336.869622,328759.106968,59392445.202808,0.0,25453905.587347,25453905.575538,1.144156,176807.62376500003,496686.6513751685,88403.81189,169188.31257018002,300000.0,False,True
1042,4,0,1,NORMAL,0.012844411711266665,0.012648007601344791,0.012844411711266665,1.0,3300000000.0,6699999999.999992,42386558.64718,19834705.388644,329368.756186,59454329.643794,0.0,25480427.490639,25480427.478816,1.144156,176812.68854200002,496719.4034329918,88406.344278,169367.268094604,300000.0,False,True
1043,4,0,1,NORMAL,0.012857970606375455,0.01266155360166935,0.012857970606375455,1.0,3300000000.0,6699999999.999992,42431303.001039,19857078.724199,329979.048965,59516215.840045,0.0,25506950.146187,25506950.13435,1.144156,176817.70358399997,496751.8338578308,88408.85179900001,169546.23458872,300000.0,False,True
1044,4,0,1,NORMAL,0.01287153032522697,0.012675100487060165,0.01287153032522697,1.0,3300000000.0,6699999999.999992,42476050.073249,19879456.872039,330589.985345,59578103.774321,0.0,25533473.546603,25533473.534751,1.144156,176822.669369,496783.94576654065,88411.33469199999,169725.212004156,300000.0,False,True
1045,4,0,1,NORMAL,0.012885090864227879,0.012688648253329049,0.012885090864227879,1.0,3300000000.0,6699999999.999992,42520799.851952,19901839.827962,331201.565365,59639993.543964,0.0,25559997.684571,25559997.672704,1.029741,176827.58637700003,496815.7422465922,88413.793196,169904.20029299599,300000.0,False,True
1046,4,0,1,NORMAL,0.012898652219820303,0.012702196896328486,0.012898652219820303,1.0,3300000000.0,6699999999.999992,42565552.325407,19924227.587818,331813.789063,59701884.903241,0.0,25586522.552841,25586522.540961,1.029741,176832.45508099996,496847.2263563321,88416.227547,170083.19940780802,300000.0,False,True
1047,4,0,1,NORMAL,0.012912214388477878,0.012715746411951029,0.012912214388477878,1.0,3300000000.0,6699999999.999992,42610307.481977,19946620.147506,332426.656478,59763777.949819,0.0,25613048.144244,25613048.132349,1.029741,176837.27594700002,496878.4011252417,88418.637981,170262.209301628,300000.0,False,True
1048,4,0,1,NORMAL,0.012925777366711818,0.012729296796129145,0.012925777366711818,1.0,3300000000.0,6699999999.999992,42655065.310149,19969017.502971,333040.167648,59825672.667119,0.0,25639574.451672,25639574.439761,1.029741,176842.04943999997,496909.26955419447,88421.02472800002,170441.22992790802,300000.0,False,True
1049,4,0,1,NORMAL,0.012939341151066968,0.012742848044834812,0.012939341151066968,1.0,3300000000.0,6699999999.999992,42699825.798521,19991419.650205,333654.322612,59887569.038725,0.0,25666101.468082,25666101.456161,1.029741,176846.776022,496939.83461571,88423.388016,170620.261240596,300000.0,False,True
1050,4,0,1,NORMAL,0.01295290573812,0.012756400154079018,0.01295290573812,1.0,3300000000.0,6699999999.999992,42744588.935796,20013826.585248,334269.121408,59949467.048372,0.0,25692629.186515,25692629.17458,1.029741,176851.456146,496970.0992542079,88425.72808,170799.303194084,300000.0,False,True
1051,4,0,1,NORMAL,0.012966471124482121,0.012769953119911477,0.012966471124482121,1.0,3300000000.0,6699999999.999992,42789354.710791,20036238.304188,334884.564073,60011366.67996,0.0,25719157.600065,25719157.588115,1.029741,176856.090261,497000.0663862581,88428.045138,170978.35574318402,300000.0,False,True
1052,4,0,1,NORMAL,0.012980037306797879,0.012783506938420277,0.012980037306797879,1.0,3300000000.0,6699999999.999992,42834123.112433,20058654.803158,335500.650646,60073268.020518,0.0,25745686.701896,25745686.689934,0.926767,176860.67881800001,497029.73890082986,88430.33941499997,171157.418843164,300000.0,False,True
1053,4,0,1,NORMAL,0.012993604281744243,0.012797061605731502,0.012993604281744243,1.0,3300000000.0,6699999999.999992,42878894.129756,20081076.078333,336117.381164,60135170.848304,0.0,25772216.485249,25772216.47327,0.926767,176865.222261,497059.11965953925,88432.611139,171336.492449732,300000.0,False,True
1054,4,0,1,NORMAL,0.013007172046031211,0.012810617118008903,0.013007172046031211,1.0,3300000000.0,6699999999.999992,42923667.751903,20103502.125941,336734.755664,60197075.250659,0.0,25798746.94341,25798746.931421,0.926767,176869.72102199998,497088.21149689425,88434.86051600002,171515.576519024,300000.0,False,True
1055,4,0,1,NORMAL,0.013020740596399393,0.012824173471453452,0.013020740596399393,1.0,3300000000.0,6699999999.999992,42968443.968118,20125932.942249,337352.774184,60258981.212094,0.0,25825278.069752,25825278.057749,0.926767,176874.17554000003,497117.0172205375,88437.087777,171694.671007612,300000.0,False,True
1056,4,0,1,NORMAL,0.013034309929623636,0.012837730662303141,0.013034309929623636,1.0,3300000000.0,6699999999.999992,43013222.767758,20148368.523569,337971.436761,60320888.717277,0.0,25851809.857697,25851809.845682,0.926767,176878.58624399998,497145.5396114883,88439.29312799999,171873.775872472,300000.0,False,True
1057,4,0,1,NORMAL,0.013047880042507577,0.01285128868683246,0.013047880042507577,1.0,3300000000.0,6699999999.999992,43058004.140275,20170808.866259,338590.743432,60382797.751019,0.0,25878342.300738,25878342.288713,0.926767,176882.95355599996,497173.7814243815,88441.476783,172052.891071032,300000.0,False,True
1058,4,0,1,NORMAL,0.013061450931886667,0.012864847541352087,0.013061450931886667,1.0,3300000000.0,6699999999.999992,43102788.075226,20193253.96672,339210.694234,60444708.29828,0.0,25904875.392436,25904875.380395,0.926767,176887.27790199997,497201.7453877051,88443.63895899999,172232.0165611,300000.0,False,True
1059,4,0,1,NORMAL,0.01307502259463,0.012878407222208727,0.01307502259463,1.0,3300000000.0,6699999999.999992,43147574.562279,20215703.821395,339831.289204,60506620.436849,0.0,25931409.126401,25931409.114347,0.834091,176891.55970300004,497229.43420403625,88445.779858,172411.152300904,300000.0,False,True
1060,4,0,1,NORMAL,0.013088595027633636,0.012891967725784527,0.013088595027633636,1.0,3300000000.0,6699999999.999992,43192363.591191,20238158.426773,340452.528378,60568533.966624,0.0,25957943.496315,25957943.484249,0.834091,176895.79936599993,497256.8505502748,88447.89968900001,172590.298249116,300000.0,False,True
1061,4,0,1,NORMAL,0.013102168227826061,0.012905529048496886,0.013102168227826061,1.0,3300000000.0,6699999999.999992,43237155.151826,20260617.779382,341074.411792,60630448.965677,0.0,25984478.495921,25984478.48384,0.834091,176899.99730299998,497283.99707787496,88449.99865899999,172769.454364764,300000.0,False,True
1062,4,0,1,NORMAL,0.013115742192165757,0.012919091186798104,0.013115742192165757,1.0,3300000000.0,6699999999.999992,43281949.234147,20283081.875793,341696.939483,60692365.419549,0.0,26011014.119018,26011014.106925,0.834091,176904.153926,497310.8764130757,88452.076969,172948.620607304,300000.0,False,True
1063,4,0,1,NORMAL,0.013129316917639395,0.012932654137174962,0.013129316917639395,1.0,3300000000.0,6699999999.999992,43326745.82821,20305550.712618,342320.111487,60754283.313915,0.0,26037550.359475,26037550.347366,0.834091,176908.26962999997,497337.4911571289,88454.13482299999,173127.79693658798,300000.0,False,True
1064,4,0,1,NORMAL,0.013142892401265153,0.012946217896148523,0.013142892401265153,1.0,3300000000.0,6699999999.999992,43371544.924175,20328024.286512,342943.92784,60816202.634597,0.0,26064087.211206,26064087.199086,0.834091,176912.34481500002,497363.84388652566,88456.172413,173306.98331284002,300000.0,False,True
1065,4,0,1,NORMAL,0.013156468640088789,0.012959782460273702,0.013156468640088789,1.0,3300000000.0,6699999999.999992,43416346.512293,20350502.59417,343568.388578,60878123.36755,0.0,26090624.668201,26090624.656063,0.834091,176916.37987800004,497389.9371532208,88458.189948,173486.1796967,300000.0,False,True
1066,4,0,1,NORMAL,0.013170045631187274,0.012973347826139094,0.013170045631187274,1.0,3300000000.0,6699999999.999992,43461150.582918,20372985.632326,344193.493736,60940045.582279,0.0,26117162.724491,26117162.712341,0.750682,176920.375208,497415.7734848557,88460.18761,173665.38604917203,300000.0,False,True
1067,4,0,1,NORMAL,0.01318362337166394,0.012986913990366505,0.01318362337166394,1.0,3300000000.0,6699999999.999992,43505957.126491,20395473.397754,344819.243351,61001969.098193,0.0,26143701.37418,26143701.362017,0.750682,176924.33119300002,497441.3553849792,88462.16560299999,173844.602331672,300000.0,False,True
1068,4,0,1,NORMAL,0.013197201858650606,0.013000480949610642,0.013197201858650606,1.0,3300000000.0,6699999999.999992,43550766.133547,20417965.887273,345445.637457,61063893.985067,0.0,26170240.611419,26170240.599246,0.750682,176928.24821600004,497466.6853332669,88464.12411300001,174023.82850596402,300000.0,False,True
1069,4,0,1,NORMAL,0.013210781089308486,0.01301404870055889,0.013210781089308486,1.0,3300000000.0,6699999999.999992,43595577.594718,20440463.097732,346072.67609,61125820.229395,0.0,26196780.430425,26196780.418242,0.750682,176932.12665800002,497491.76578573795,88466.063334,174203.06453418802,300000.0,False,True
1070,4,0,1,NORMAL,0.013224361060825151,0.013027617239930908,0.013224361060825151,1.0,3300000000.0,6699999999.999992,43640391.500723,20462965.026027,346700.359285,61187747.817804,0.0,26223320.82547,26223320.813273,0.750682,176935.96689399998,497516.59917497146,88467.98345400002,174382.310378872,300000.0,False,True
1071,4,0,1,NORMAL,0.013237941770417273,0.013041186564478417,0.013237941770417273,1.0,3300000000.0,6699999999.999992,43685207.842377,20485471.669089,347328.687077,61249676.737054,0.0,26249861.790873,26249861.778664,0.750682,176939.769294,497541.18791031983,88469.884653,174561.56600289198,300000.0,False,True
1072,4,0,1,NORMAL,0.013251523215327576,0.013054756670984815,0.013251523215327576,1.0,3300000000.0,6699999999.999992,43730026.610581,20507983.02389,347957.6595,61311606.974034,0.0,26276403.321015,26276403.308797,0.750682,176943.534235,497565.5343781207,88471.76712199999,174740.831369508,300000.0,False,True
1073,4,0,1,NORMAL,0.013265105392826364,0.013068327556264915,0.013265105392826364,1.0,3300000000.0,6699999999.999992,43774847.796327,20530499.087435,348587.27659,61373538.590825,0.0,26302945.410334,26302945.398105,0.675614,176947.262073,497589.6409419076,88473.63104200001,174920.106442324,300000.0,False,True
1074,4,0,1,NORMAL,0.013278688300211516,0.013081899217164697,0.013278688300211516,1.0,3300000000.0,6699999999.999992,43819671.390698,20553019.856768,349217.538382,61435471.424433,0.0,26329488.053317,26329488.041079,0.675614,176950.95317300005,497613.50994261843,88475.47659099998,175099.39118530802,300000.0,False,True
1075,4,0,1,NORMAL,0.013292271934805453,0.013095471650560875,0.013292271934805453,1.0,3300000000.0,6699999999.999992,43864497.384858,20575545.328973,349848.444909,61497405.537194,0.0,26356031.244512,26356031.23226,0.675614,176954.60789800002,497637.1436988023,88477.303956,175278.685562792,300000.0,False,True
1076,4,0,1,NORMAL,0.013305856293958484,0.013109044853360723,0.013305856293958484,1.0,3300000000.0,6699999999.999992,43909325.770063,20598075.501167,350479.996206,61559340.916499,0.0,26382574.978514,26382574.966246,0.675614,176958.22659799998,497660.54450682463,88479.11330699999,175457.989539432,300000.0,False,True
1077,4,0,1,NORMAL,0.013319441375047274,0.013122618822501791,0.013319441375047274,1.0,3300000000.0,6699999999.999992,43954156.537656,20620610.370506,351112.192308,61621277.549866,0.0,26409119.24997,26409119.237686,0.675614,176961.80963,497683.7146410709,88480.904823,175637.303080252,300000.0,False,True
1078,4,0,1,NORMAL,0.013333027175473335,0.013136193554951568,0.013333027175473335,1.0,3300000000.0,6699999999.999992,43998989.679062,20643149.934181,351745.033248,61683215.424931,0.0,26435664.053578,26435664.041283,0.675614,176965.357335,497706.656354148,88482.678673,175816.626150624,300000.0,False,True
1079,4,0,1,NORMAL,0.01334661369266303,0.013149769047707148,0.01334661369266303,1.0,3300000000.0,6699999999.999992,44043825.185788,20665694.189422,352378.519061,61745154.529452,0.0,26462209.384095,26462209.37179,0.675614,176968.870066,497729.37187708454,88484.43503799998,175995.95871624802,300000.0,False,True
1080,4,0,1,NORMAL,0.01336020092406879,0.013163345297794995,0.01336020092406879,1.0,3300000000.0,6699999999.999992,44088663.049427,20688243.133485,353012.649781,61807094.918863,0.0,26488755.236331,26488755.224009,0.608053,176972.348155,497751.8634195294,88486.174086,176175.300743152,300000.0,False,True
1081,4,0,1,NORMAL,0.013373788867168787,0.013176922302270725,0.013373788867168787,1.0,3300000000.0,6699999999.999992,44133503.261657,20710796.763672,353647.425441,61869036.446042,0.0,26515301.605133,26515301.592798,0.608053,176975.791949,497774.13316994824,88487.89598100001,176354.65219770803,300000.0,False,True
1082,4,0,1,NORMAL,0.013387377519464545,0.013190500058218714,0.013387377519464545,1.0,3300000000.0,6699999999.999992,44178345.814233,20733355.077314,354282.846075,61930979.166661,0.0,26541848.485413,26541848.473061,0.608053,176979.20178099995,497796.18329581857,88489.600899,176534.013046628,300000.0,False,True
1083,4,0,1,NORMAL,0.013400966878483939,0.013204078562751955,0.013400966878483939,1.0,3300000000.0,6699999999.999992,44223190.698997,20755918.071778,354918.911716,61992923.068952,0.0,26568395.872119,26568395.859756,0.608053,176982.577983,497818.01594382373,88491.28899700001,176713.383256932,300000.0,False,True
1084,4,0,1,NORMAL,0.013414556941777879,0.013217657813011693,0.013414556941777879,1.0,3300000000.0,6699999999.999992,44268037.907867,20778485.744463,355555.622398,62054868.141257,0.0,26594943.760262,26594943.747884,0.608053,176985.920881,497839.63324004406,88492.96044800003,176892.762795988,300000.0,False,True
1085,4,0,1,NORMAL,0.013428147706922121,0.013231237806167206,0.013428147706922121,1.0,3300000000.0,6699999999.999992,44312887.432843,20801058.092802,356192.978155,62116814.372036,0.0,26621492.14489,26621492.1325,0.608053,176989.230802,497861.03729014756,88494.61540700002,177072.151631468,300000.0,False,True
1086,4,0,1,NORMAL,0.013441739171514847,0.013244818539415441,0.013441739171514847,1.0,3300000000.0,6699999999.999992,44357739.265999,20823635.114264,356830.979019,62178761.749857,0.0,26648041.021113,26648041.008706,0.608053,176992.50807100002,497882.2301795783,88496.25404399999,177251.549731372,300000.0,False,True
1087,4,0,1,NORMAL,0.013455331333178788,0.01325840000998082,0.013455331333178788,1.0,3300000000.0,6699999999.999992,44402593.39949,20846216.80635,357469.625024,62240710.32421,0.0,26674590.384074,26674590.371656,0.547248,176995.753007,497903.2139737437,88497.876509,177430.957063996,300000.0,False,True
1088,4,0,1,NORMAL,0.01346892418956091,0.01327198221511502,0.01346892418956091,1.0,3300000000.0,6699999999.999992,44447449.825551,20868803.166593,358108.916202,62302659.962279,0.0,26701140.22897,26701140.216542,0.547248,176998.96592,497923.99071819964,88499.482965,177610.37359796,300000.0,False,True
1089,4,0,1,NORMAL,0.013482517738330303,0.01328556515209665,0.013482517738330303,1.0,3300000000.0,6699999999.999992,44492308.53649,20891394.192557,358748.852586,62364610.713771,0.0,26727690.551052,26727690.538607,0.547248,177002.14713099998,497944.5624388347,88501.073574,177789.79930220402,300000.0,False,True
1090,4,0,1,NORMAL,0.013496111977179393,0.013299148818231021,0.013496111977179393,1.0,3300000000.0,6699999999.999992,44537169.524692,20913989.881842,359389.43421,62426562.5677,0.0,26754241.345604,26754241.333146,0.547248,177005.29694900004,497964.93114205194,88502.64848100001,177969.23414596,300000.0,False,True
1091,4,0,1,NORMAL,0.013509706903823637,0.0133127332108499,0.013509706903823637,1.0,3300000000.0,6699999999.999992,44582032.782618,20936590.232075,360030.661106,62488515.513184,0.0,26780792.607967,26780792.595494,0.547248,177008.415679,497985.09881495015,88504.207847,178148.678098768,300000.0,False,True
1092,4,0,1,NORMAL,0.01352330251600091,0.013326318327311256,0.01352330251600091,1.0,3300000000.0,6699999999.999992,44626898.302803,20959195.240917,360672.533306,62550469.53945,0.0,26807344.333519,26807344.321034,0.547248,177011.50362400006,498005.067425503,88505.75181799998,178328.131130472,300000.0,False,True
1093,4,0,1,NORMAL,0.01353689881147,0.013339904164998917,0.01353689881147,1.0,3300000000.0,6699999999.999992,44671766.077851,20981804.906063,361315.050842,62612424.635829,0.0,26833896.51769,26833896.505193,0.547248,177014.56108800002,498024.8389227361,88507.28054999998,178507.59321121202,300000.0,False,True
1094,4,0,1,NORMAL,0.013550495788012727,0.01335349072132239,0.013550495788012727,1.0,3300000000.0,6699999999.999992,44716636.100442,21004419.225235,361958.213748,62674380.846479,0.0,26860449.155957,26860449.143444,0.492524,177017.58836999998,498044.4152369041,88508.79419299998,178687.06431140398,300000.0,False,True
1095,4,0,1,NORMAL,0.013564093443433333,0.013367077993716645,0.013564093443433333,1.0,3300000000.0,6699999999.999992,44761508.36333,21027038.196187,362602.022055,62736338.051492,0.0,26887002.243832,26887002.231304,0.492524,177020.58576099997,498063.7982796645,88510.29288800001,178866.544401768,300000.0,False,True
1096,4,0,1,NORMAL,0.013577691775557574,0.013380665979641868,0.013577691775557574,1.0,3300000000.0,6699999999.999992,44806382.85934,21049661.816702,363246.475795,62798296.295234,0.0,26913555.776878,26913555.764335,0.492524,177023.55356100004,498082.9899442513,88511.77678799999,179046.03345332,300000.0,False,True
1097,4,0,1,NORMAL,0.013591290782233029,0.013394254676583233,0.013591290782233029,1.0,3300000000.0,6699999999.999992,44851259.581369,21072290.084593,363891.575001,62860255.567449,0.0,26940109.750698,26940109.738142,0.492524,177026.492057,498101.99210564635,88513.24603500002,179225.53143735998,300000.0,False,True
1098,4,0,1,NORMAL,0.013604890461326971,0.013407844082050573,0.013604890461326971,1.0,3300000000.0,6699999999.999992,44896138.522379,21094922.997707,364537.319704,62922215.857982,0.0,26966664.160938,26966664.148368,0.492524,177029.401532,498120.80662074964,88514.700773,179405.038325476,300000.0,False,True
1099,4,0,1,NORMAL,0.013618490810729394,0.01342143419357824,0.013618490810729394,1.0,3300000000.0,6699999999.999992,44941019.675407,21117560.553917,365183.709936,62984177.156777,0.0,26993219.003286,26993218.990706,0.492524,177032.282276,498139.43532854784,88516.141143,179584.55408951602,300000.0,False,True
1100,4,0,1,NORMAL,0.013632091828350606,0.013435025008724845,0.013632091828350606,1.0,3300000000.0,6699999999.999992,44985903.033557,21140202.751123,365830.745729,63046139.453874,0.0,27019774.273479,27019774.260887,0.492524,177035.13456799998,498157.88005028205,88517.56729000002,179764.078701628,300000.0,False,True
1101,4,0,1,NORMAL,0.013645693512120605,0.013448616525072959,0.013645693512120605,1.0,3300000000.0,6699999999.999992,45030788.589998,21162849.587256,366478.427115,63108102.788663,0.0,27046329.967293,27046329.954686,0.443272,177037.95868700006,498176.1425896125,88518.97935099999,179943.612134228,300000.0,False,True
1102,4,0,1,NORMAL,0.013659295859990303,0.013462208740228918,0.013659295859990303,1.0,3300000000.0,6699999999.999992,45075676.337968,21185501.060279,367126.754125,63170067.052878,0.0,27072886.08054,27072886.067918,0.443272,177040.75490899995,498194.2247327842,88520.37746200002,180123.154359992,300000.0,False,True
1103,4,0,1,NORMAL,0.013672898869931817,0.013475801651822654,0.013672898869931817,1.0,3300000000.0,6699999999.999992,45120566.270775,21208157.16818,367775.72679,63232032.286104,0.0,27099442.609072,27099442.596443,0.443272,177043.52350900002,498212.1282487889,88521.761758,180302.705351872,300000.0,False,True
1104,4,0,1,NORMAL,0.013686502539936363,0.01348939525750741,0.013686502539936363,1.0,3300000000.0,6699999999.999992,45165458.38179,21230817.908973,368425.345142,63293998.478766,0.0,27125999.548795,27125999.536152,0.443272,177046.26475600002,498229.85488952673,88523.132385,180482.2650831,300000.0,False,True
1105,4,0,1,NORMAL,0.013700106868015455,0.013502989554959542,0.013700106868015455,1.0,3300000000.0,6699999999.999992,45210352.664451,21253483.280702,369075.609212,63355965.621385,0.0,27152556.895641,27152556.882988,0.443272,177048.97892,498247.4063899668,88524.48946499999,180661.83352716,300000.0,False,True
1106,4,0,1,NORMAL,0.013713711852199089,0.013516584541878223,0.013713711852199089,1.0,3300000000.0,6699999999.999992,45255249.112257,21276153.281443,369726.519031,63417933.704574,0.0,27179114.645592,27179114.632924,0.443272,177051.66626499998,498264.7844683053,88525.83314,180841.41065780402,300000.0,False,True
1107,4,0,1,NORMAL,0.013727317490539395,0.013530180215985396,0.013727317490539395,1.0,3300000000.0,6699999999.999992,45300147.71878,21298827.909291,370378.07463,63479902.719042,0.0,27205672.794656,27205672.78198,0.443272,177054.32705600004,498281.99082612304,88527.163532,181020.996449028,300000.0,False,True
1108,4,0,1,NORMAL,0.013740923781105151,0.01354377657502538,0.013740923781105151,1.0,3300000000.0,6699999999.999992,45345048.477647,21321507.162372,371030.27604,63541872.69991,0.0,27232231.338899,27232231.32621,0.398945,177056.96155500002,498299.02714854135,88528.480784,181200.59087512002,300000.0,False,True
1109,4,0,1,NORMAL,0.01375453072198606,0.01355737361676478,0.01375453072198606,1.0,3300000000.0,6699999999.999992,45389951.382554,21344191.038839,371683.123293,63603843.549413,0.0,27258790.27441,27258790.261709,0.398945,177059.570016,498315.8951043766,88529.785014,181380.193910588,300000.0,False,True
1110,4,0,1,NORMAL,0.013768138311288486,0.013570971338992115,0.013768138311288486,1.0,3300000000.0,6699999999.999992,45434856.427252,21366879.536873,372336.616418,63665815.302854,0.0,27285349.597321,27285349.584611,0.398945,177062.15269500003,498332.59634629334,88531.07635199999,181559.80553021602,300000.0,False,True
1111,4,0,1,NORMAL,0.013781746547139394,0.013584569739517747,0.013781746547139394,1.0,3300000000.0,6699999999.999992,45479763.60556,21389572.654678,372990.755447,63727787.951297,0.0,27311909.303809,27311909.291086,0.398945,177064.70984899998,498349.13251095626,88532.354931,181739.425709008,300000.0,False,True
1112,4,0,1,NORMAL,0.013795355427683637,0.013598168816173612,0.013795355427683637,1.0,3300000000.0,6699999999.999992,45524672.911356,21412270.390486,373645.54041,63789761.485897,0.0,27338469.390079,27338469.377341,0.398945,177067.24172499997,498365.5052191807,88533.62087,181919.05442224,300000.0,False,True
1113,4,0,1,NORMAL,0.013808964951085455,0.013611768566813086,0.013808964951085455,1.0,3300000000.0,6699999999.999992,45569584.338582,21434972.742552,374300.971338,63851735.897892,0.0,27365029.852378,27365029.839623,0.398945,177069.74857099995,498381.71607608156,88534.87429400001,182098.691645424,300000.0,False,True
1114,4,0,1,NORMAL,0.013822575115526061,0.013625368989310696,0.013822575115526061,1.0,3300000000.0,6699999999.999992,45614497.881236,21457679.709163,374957.048261,63913711.178613,0.0,27391590.686979,27391590.674216,0.398945,177072.23063599996,498397.7666712215,88536.11532199998,182278.33735432802,300000.0,False,True
1115,4,0,1,NORMAL,0.013836185919204547,0.013638970081561914,0.013836185919204547,1.0,3300000000.0,6699999999.999992,45659413.533375,21480391.288623,375613.771209,63975687.35936,0.0,27418151.890211,27418151.877438,0.359051,177074.68816000002,498413.6585787574,88537.344085,182457.99152494402,300000.0,False,True
1116,4,0,1,NORMAL,0.013849797360339394,0.013652571841483042,0.013849797360339394,1.0,3300000000.0,6699999999.999992,45704331.28912,21503107.479264,376271.140212,64037664.351841,0.0,27444713.45843,27444713.445643,0.359051,177077.121386,498429.3933575853,88538.56069999999,182637.6541335,300000.0,False,True
1117,4,0,1,NORMAL,0.013863409437164544,0.013666174267010882,0.013863409437164544,1.0,3300000000.0,6699999999.999992,45749251.142643,21525828.279448,376929.155301,64099642.187531,0.0,27471275.388023,27471275.375222,0.359051,177079.530552,498444.9725514847,88539.76528299999,182817.32515648002,300000.0,False,True
1118,4,0,1,NORMAL,0.013877022147932426,0.013679777356102596,0.013877022147932426,1.0,3300000000.0,6699999999.999992,45794173.088177,21548553.687556,377587.816506,64161620.858091,0.0,27497837.675417,27497837.662603,0.359051,177081.915895,498460.3976892613,88540.95795399998,182997.004570572,300000.0,False,True
1119,4,0,1,NORMAL,0.013890635490913638,0.013693381106735568,0.013890635490913638,1.0,3300000000.0,6699999999.999992,45839097.120015,21571283.701993,378247.123857,64223600.355265,0.0,27524400.317075,27524400.304246,0.359051,177084.27764900003,498475.6702848881,88542.13883200001,183176.69235270802,300000.0,False,True
1120,4,0,1,NORMAL,0.013904249464395757,0.013706985516907194,0.013904249464395757,1.0,3300000000.0,6699999999.999992,45884023.232506,21594018.321187,378907.077384,64285580.670879,0.0,27550963.309489,27550963.29665,0.359051,177086.616046,498490.7918376458,88543.30802800001,183356.38848006,300000.0,False,True
1121,4,0,1,NORMAL,0.013917864066682424,0.013720590584634628,0.013917864066682424,1.0,3300000000.0,6699999999.999992,45928951.420052,21616757.543594,379567.677117,64347561.796836,0.0,27577526.649198,27577526.636343,0.359051,177088.93131599997,498505.7638322614,88544.46566600002,183536.092930024,300000.0,False,True
1122,4,0,1,NORMAL,0.013931479296093332,0.013734196307954546,0.013931479296093332,1.0,3300000000.0,6699999999.999992,45973881.677108,21639501.367696,380228.923085,64409543.761028,0.0,27604090.332758,27604090.319894,0.323146,177091.22368500003,498520.58773904643,88545.611847,183715.805680208,300000.0,False,True
1123,4,0,1,NORMAL,0.013945095150967273,0.013747802684923111,0.013945095150967273,1.0,3300000000.0,6699999999.999992,46018813.998192,21662249.791989,380890.815318,64471526.483707,0.0,27630654.356775,27630654.343898,0.323146,177093.49337899996,498535.2650140326,88546.74669599999,183895.52670843198,300000.0,False,True
1124,4,0,1,NORMAL,0.013958711629657878,0.013761409713615677,0.013958711629657878,1.0,3300000000.0,6699999999.999992,46063748.377871,21685002.815001,381553.353846,64533509.992922,0.0,27657218.717876,27657218.704988,0.323146,177095.740621,498549.7970991079,88547.87031600002,184075.25599276798,300000.0,False,True
1125,4,0,1,NORMAL,0.013972328730535758,0.013775017392126651,0.013972328730535758,1.0,3300000000.0,6699999999.999992,46108684.810768,21707760.435277,382216.538698,64595494.280891,0.0,27683783.412729,27683783.399829,0.323146,177097.96563199995,498564.1854221498,88548.982822,184254.993511484,300000.0,False,True
1126,4,0,1,NORMAL,0.01398594645198697,0.013788625718569253,0.01398594645198697,1.0,3300000000.0,6699999999.999992,46153623.291557,21730522.651387,382880.369904,64657479.339908,0.0,27710348.438031,27710348.42512,0.323146,177100.168627,498578.4313971586,88550.08431899997,184434.73924307202,300000.0,False,True
1127,4,0,1,NORMAL,0.013999564792414243,0.013802234691075383,0.013999564792414243,1.0,3300000000.0,6699999999.999992,46198563.814967,21753289.461923,383544.847493,64719465.162344,0.0,27736913.790519,27736913.77759,0.323146,177102.34983,498592.53642438847,88551.174924,184614.493166228,300000.0,False,True
1128,4,0,1,NORMAL,0.014013183750236968,0.013815844307795486,0.014013183750236968,1.0,3300000000.0,6699999999.999992,46243506.375782,21776060.8655,384209.971494,64781451.740649,0.0,27763479.466944,27763479.454005,0.323146,177104.50945000004,498606.5018904789,88552.25472999997,184794.255259868,300000.0,False,True
1129,4,0,1,NORMAL,0.014026803323888788,0.01382945456689828,0.014026803323888788,1.0,3300000000.0,6699999999.999992,46288450.968833,21798836.860756,384875.741937,64843439.099658,0.0,27790045.464103,27790045.451157,0.290832,177106.647701,498620.32916858245,88553.32385399999,184974.025503128,300000.0,False,True
1130,4,0,1,NORMAL,0.01404042351181788,0.013843065466570513,0.01404042351181788,1.0,3300000000.0,6699999999.999992,46333397.588999,21821617.446347,385542.158851,64905427.16733,0.0,27816611.778834,27816611.765873,0.290832,177108.764791,498634.0196184945,88554.38240300001,185153.803875332,300000.0,False,True
1131,4,0,1,NORMAL,0.014054044312491212,0.01385667700501701,0.014054044312491212,1.0,3300000000.0,6699999999.999992,46378346.231221,21844402.620955,386209.222265,64967415.968653,0.0,27843178.407985,27843178.395008,0.290832,177110.86093199998,498647.57458677853,88555.43047400002,185333.590355996,300000.0,False,True
1132,4,0,1,NORMAL,0.014067665724388183,0.013870289180460313,0.014067665724388183,1.0,3300000000.0,6699999999.999992,46423296.890481,21867192.383281,386876.932208,65029405.496363,0.0,27869745.348446,27869745.335453,0.290832,177112.936326,498660.9954068935,88556.46817099999,185513.38492488398,300000.0,False,True
1133,4,0,1,NORMAL,0.014081287746004848,0.013883901991140606,0.014081287746004848,1.0,3300000000.0,6699999999.999992,46468249.561816,21889986.732048,387545.288708,65091395.743273,0.0,27896312.597133,27896312.584128,0.290832,177114.99118200003,498674.283399317,88557.49559700002,185693.18756192402,300000.0,False,True
1134,4,0,1,NORMAL,0.01409491037585091,0.013897515435315465,0.01409491037585091,1.0,3300000000.0,6699999999.999992,46513204.240308,21912785.665998,388214.291795,65153386.702262,0.0,27922880.151002,27922880.137979,0.290832,177117.025698,498687.4398716699,88558.51285799999,185872.998247264,300000.0,False,True
1135,4,0,1,NORMAL,0.014108533612452727,0.013911129511259807,0.014108533612452727,1.0,3300000000.0,6699999999.999992,46558160.921094,21935589.183897,388883.941497,65215378.366285,0.0,27949448.007025,27949447.993987,0.290832,177119.04007699998,498700.4661188384,88559.52004600002,186052.81696123202,300000.0,False,True
1136,4,0,1,NORMAL,0.014122157454349998,0.013924744217265627,0.014122157454349998,1.0,3300000000.0,6699999999.999992,46603119.599355,21958397.284528,389554.237844,65277370.757445,0.0,27976016.162215,27976016.14916,0.261749,177121.03451700002,498713.36342309485,88560.51726699999,186232.643684376,300000.0,False,True
1137,4,0,1,NORMAL,0.01413578190009697,0.013938359551641842,0.01413578190009697,1.0,3300000000.0,6699999999.999992,46648080.27032,21981209.966698,390225.180863,65339363.810665,0.0,28002584.613608,28002584.600538,0.261749,177123.009211,498726.1330542187,88561.50461300001,186412.47839742,300000.0,False,True
1138,4,0,1,NORMAL,0.014149406948262121,0.01395197551271412,0.014149406948262121,1.0,3300000000.0,6699999999.999992,46693042.929265,22004027.229236,390896.770584,65401357.548188,0.0,28029153.358272,28029153.345188,0.261749,177124.96436,498738.7762696152,88562.48218700002,186592.32108128,300000.0,False,True
1139,4,0,1,NORMAL,0.014163032597428788,0.013965592098824744,0.014163032597428788,1.0,3300000000.0,6699999999.999992,46738007.571515,22026849.070984,391569.007035,65463351.963237,0.0,28055722.393304,28055722.380206,0.261749,177126.90014800004,498751.2943144332,88563.450081,186772.17171706,300000.0,False,True
1140,4,0,1,NORMAL,0.014176658846194849,0.013979209308332494,0.014176658846194849,1.0,3300000000.0,6699999999.999992,46782974.192443,22049675.490805,392241.890244,65525347.049104,0.0,28082291.715833,28082291.702718,0.261749,177128.816775,498763.6884216827,88564.408396,186952.03028606,300000.0,False,True
1141,4,0,1,NORMAL,0.014190285693170305,0.013992827139612354,0.014190285693170305,1.0,3300000000.0,6699999999.999992,46827942.787462,22072506.487588,392915.42024,65587342.799147,0.0,28108861.323008,28108861.30988,0.261749,177130.714423,498775.95981234993,88565.35721800002,187131.896769772,300000.0,False,True
1142,4,0,1,NORMAL,0.014203913136981213,0.014006445591055506,0.014203913136981213,1.0,3300000000.0,6699999999.999992,46872913.352038,22095342.060238,393589.597052,65649339.206793,0.0,28135431.212008,28135431.198869,0.261749,177132.59328099998,498788.10969551303,88566.29664599999,187311.771149848,300000.0,False,True
1143,4,0,1,NORMAL,0.014217541176265757,0.014020064661069071,0.014217541176265757,1.0,3300000000.0,6699999999.999992,46917885.881677,22118182.207674,394264.420707,65711336.291699,0.0,28162001.380051,28162001.366895,0.235575,177134.45353300005,498800.13926845515,88567.226775,187491.65340815202,300000.0,False,True
1144,4,0,1,NORMAL,0.014231169809676364,0.014033684348075995,0.014231169809676364,1.0,3300000000.0,6699999999.999992,46962860.371932,22141026.928843,394939.891234,65773333.995073,0.0,28188571.824366,28188571.811196,0.235575,177136.29536400002,498812.04971677746,88568.14768900002,187671.543526708,300000.0,False,True
1145,4,0,1,NORMAL,0.014244799035878483,0.014047304650514864,0.014244799035878483,1.0,3300000000.0,6699999999.999992,47007836.818399,22163876.222706,395616.00866,65835332.336704,0.0,28215142.54222,28215142.529037,0.235575,177138.118957,498823.84221451095,88569.059485,187851.441487728,300000.0,False,True
1146,4,0,1,NORMAL,0.01425842885355212,0.01406092556683985,0.01425842885355212,1.0,3300000000.0,6699999999.999992,47052815.216722,22186730.088241,396292.773014,65897331.310272,0.0,28241713.530904,28241713.517707,0.235575,177139.92449000003,498835.5179242266,88569.962252,188031.34727359598,300000.0,False,True
1147,4,0,1,NORMAL,0.014272059261388486,0.014074547095520407,0.014272059261388486,1.0,3300000000.0,6699999999.999992,47097795.562582,22209588.524447,396970.184324,65959330.909515,0.0,28268284.787738,28268284.774525,0.235575,177141.71213799997,498847.0779971459,88570.85607700002,188211.26086688798,300000.0,False,True
1148,4,0,1,NORMAL,0.01428569025809303,0.014088169235041222,0.01428569025809303,1.0,3300000000.0,6699999999.999992,47142777.851707,22232451.530344,397648.242618,66021331.12824,0.0,28294856.310062,28294856.296833,0.235575,177143.48208199994,498858.5235732485,88571.74104899999,188391.182250328,300000.0,False,True
1149,4,0,1,NORMAL,0.014299321842383637,0.014101791983902023,0.014299321842383637,1.0,3300000000.0,6699999999.999992,47187762.079866,22255319.104966,398326.947924,66083331.960309,0.0,28321428.095247,28321428.082005,0.235575,177145.23449499998,498869.85578138067,88572.61725400001,188571.111406828,300000.0,False,True
1150,4,0,1,NORMAL,0.014312954012991515,0.014115415340617474,0.014312954012991515,1.0,3300000000.0,6699999999.999992,47232748.242872,22278191.247368,399006.300269,66145333.423205,0.0,28348000.140689,28348000.127434,0.212018,177146.96954900003,498881.0757393618,88573.48478100002,188751.048319464,300000.0,False,True
1151,4,0,1,NORMAL,0.014326586768661212,0.01412903930371707,0.014326586768661212,1.0,3300000000.0,6699999999.999992,47277736.336582,22301067.956615,399686.299682,66207335.463797,0.0,28374572.443812,28374572.430543,0.212018,177148.687416,498892.1845540897,88574.343715,188930.992971488,300000.0,False,True
1152,4,0,1,NORMAL,0.014340220108147273,0.014142663871744825,0.014340220108147273,1.0,3300000000.0,6699999999.999992,47322726.356886,22323949.231802,400366.946189,66269338.099686,0.0,28401145.002063,28401144.988778,0.212018,177150.38826399995,498903.1833216456,88575.19414,189110.945346328,300000.0,False,True
1153,4,0,1,NORMAL,0.01435385403021909,0.014156289043259294,0.01435385403021909,1.0,3300000000.0,6699999999.999992,47367718.299723,22346835.072032,401048.239819,66331341.324975,0.0,28427717.812915,28427717.799615,0.212018,177152.07226699998,498914.0731273981,88576.036141,189290.905427544,300000.0,False,True
1154,4,0,1,NORMAL,0.014367488533657574,0.014169914816833377,0.014367488533657574,1.0,3300000000.0,6699999999.999992,47412712.16107,22369725.476429,401730.180599,66393345.133825,0.0,28454290.873862,28454290.860549,0.212018,177153.739581,498924.85504610545,88576.86979699999,189470.873198892,300000.0,False,True
1155,4,0,1,NORMAL,0.014381123617255758,0.014183541191054177,0.014381123617255758,1.0,3300000000.0,6699999999.999992,47457707.936944,22392620.444134,402412.768557,66455349.520454,0.0,28480864.182429,28480864.169102,0.212018,177155.39037799995,498935.5301420179,88577.69519600003,189650.84864428,300000.0,False,True
1156,4,0,1,NORMAL,0.014394759279818484,0.014197168164522843,0.014394759279818484,1.0,3300000000.0,6699999999.999992,47502705.623401,22415519.974304,403096.00372,66517354.479137,0.0,28507437.736163,28507437.722821,0.212018,177157.024819,498946.09946897835,88578.512417,189830.831747776,300000.0,False,True
1157,4,0,1,NORMAL,0.014408395520163333,0.014210795735854488,0.014408395520163333,1.0,3300000000.0,6699999999.999992,47547705.216539,22438424.066113,403779.886116,66579360.025408,0.0,28534011.532631,28534011.519279,0.190817,177158.64306600002,498956.5640705224,88579.321538,190010.822493604,300000.0,False,True
1158,4,0,1,NORMAL,0.014422032337118484,0.014224423903677973,0.014422032337118484,1.0,3300000000.0,6699999999.999992,47592706.712491,22461332.718751,404464.415772,66641366.11125,0.0,28560585.569435,28560585.556065,0.190817,177160.245274,498966.9249799773,88580.12264600002,190190.82086615602,300000.0,False,True
1159,4,0,1,NORMAL,0.014435669729524547,0.014238052666635817,0.014435669729524547,1.0,3300000000.0,6699999999.999992,47637710.107431,22484245.931427,405149.592716,66703372.752309,0.0,28587159.84419,28587159.830801,0.190817,177161.831609,498977.1832205601,88580.915814,190370.826849964,300000.0,False,True
1160,4,0,1,NORMAL,0.014449307696234545,0.014251682023384123,0.014449307696234545,1.0,3300000000.0,6699999999.999992,47682715.397574,22507163.703362,405835.416974,66765379.943083,0.0,28613734.354537,28613734.341131,0.190817,177163.40222500003,498987.339805475,88581.70112099999,190550.84042972402,300000.0,False,True
1161,4,0,1,NORMAL,0.014462946236111515,0.014265311972592343,0.014462946236111515,1.0,3300000000.0,6699999999.999992,47727722.579168,22530086.033801,406521.888574,66827387.678126,0.0,28640309.098139,28640309.084717,0.190817,177164.95727400001,498997.39573800977,88582.47864499998,190730.861590296,300000.0,False,True
1162,4,0,1,NORMAL,0.014476585348030304,0.01427894251294318,0.014476585348030304,1.0,3300000000.0,6699999999.999992,47772731.6485,22553012.921996,407209.007543,66889395.952042,0.0,28666884.072685,28666884.05925,0.190817,177166.496911,499007.3520116307,88583.248462,190910.890316672,300000.0,False,True
1163,4,0,1,NORMAL,0.014490225030878181,0.014292573643132536,0.014490225030878181,1.0,3300000000.0,6699999999.999992,47817742.601898,22575944.367218,407896.773908,66951404.759492,0.0,28693459.275887,28693459.26244,0.190817,177168.021292,499017.20961007755,88584.010652,191090.92659400002,300000.0,False,True
1164,4,0,1,NORMAL,0.01450386528355091,0.014306205361869207,0.01450386528355091,1.0,3300000000.0,6699999999.999992,47862755.435718,22598880.368756,408585.187696,67013414.114265,0.0,28720034.705483,28720034.69202,0.171736,177169.53056000004,499026.96950745716,88584.765288,191270.97040759202,300000.0,False,True
1165,4,0,1,NORMAL,0.014517506104958484,0.014319837667874967,0.014517506104958484,1.0,3300000000.0,6699999999.999992,47907770.146363,22621820.925912,409274.248934,67075423.972967,0.0,28746610.359223,28746610.345748,0.171736,177171.02487199995,499036.6326683363,88585.512442,191451.021742872,300000.0,False,True
1166,4,0,1,NORMAL,0.014531147494020303,0.014333470559884345,0.014531147494020303,1.0,3300000000.0,6699999999.999992,47952786.730267,22644766.038004,409963.957649,67137434.349496,0.0,28773186.234883,28773186.221402,0.171736,177172.50437199997,499046.2000478331,88586.25218899999,191631.080585452,300000.0,False,True
1167,4,0,1,NORMAL,0.014544789449666062,0.014347104036644456,0.014544789449666062,1.0,3300000000.0,6699999999.999992,47997805.183898,22667715.704363,410654.313869,67199445.238714,0.0,28799762.330275,28799762.316779,0.171736,177173.969205,499055.6725917089,88586.98461000001,191811.14692106802,300000.0,False,True
1168,4,0,1,NORMAL,0.014558431970835757,0.014360738096914863,0.014558431970835757,1.0,3300000000.0,6699999999.999992,48042825.503758,22690669.924343,411345.317619,67261456.635542,0.0,28826338.643214,28826338.629702,0.171736,177175.41951799998,499065.05123645795,88587.70976700001,191991.220735592,300000.0,False,True
1169,4,0,1,NORMAL,0.014572075056482123,0.014374372739467591,0.014572075056482123,1.0,3300000000.0,6699999999.999992,48087847.686391,22713628.697303,412036.968927,67323468.534948,0.0,28852915.171545,28852915.158017,0.171736,177176.855458,499074.336909397,88588.42773699999,192171.302015032,300000.0,False,True
1170,4,0,1,NORMAL,0.014585718705567576,0.014388007963086945,0.014585718705567576,1.0,3300000000.0,6699999999.999992,48132871.728373,22736592.022623,412729.267819,67385480.931951,0.0,28879491.913128,28879491.899586,0.171736,177178.277158,499083.5305287536,88589.138586,192351.39074556401,300000.0,False,True
1171,4,0,1,NORMAL,0.014599362917063938,0.014401643766569333,0.014599362917063938,1.0,3300000000.0,6699999999.999992,48177897.626311,22759559.899694,413422.214322,67447493.838788,0.0,28906068.865854,28906068.852296,0.154563,177179.684764,499092.63300375413,88589.84239,192531.486913492,300000.0,False,True
1172,4,0,1,NORMAL,0.014613007689953939,0.01441528014872318,0.014613007689953939,1.0,3300000000.0,6699999999.999992,48222925.376848,22782532.327926,414115.808463,67509507.21623,0.0,28932646.027626,28932646.014056,0.154563,177181.07841600003,499101.64523471077,88590.53921399997,192711.59050524398,300000.0,False,True
1173,4,0,1,NORMAL,0.01462665302323,0.014428917108368782,0.01462665302323,1.0,3300000000.0,6699999999.999992,48267954.976659,22805509.306741,414810.050268,67571521.076614,0.0,28959223.396373,28959223.382789,0.154563,177182.458248,499110.568113107,88591.229131,192891.701507392,300000.0,False,True
1174,4,0,1,NORMAL,0.014640298915896363,0.014442554644338305,0.014640298915896363,1.0,3300000000.0,6699999999.999992,48312986.422458,22828490.835572,415504.939764,67633535.415152,0.0,28985800.970044,28985800.956446,0.154563,177183.824404,499119.4025216836,88591.91220899997,193071.819906636,300000.0,False,True
1175,4,0,1,NORMAL,0.014653945366965456,0.014456192755475541,0.014653945366965456,1.0,3300000000.0,6699999999.999992,48358019.710986,22851476.91387,416200.476978,67695550.227101,0.0,29012378.746607,29012378.732994,0.154563,177185.17700900004,499128.1493345226,88592.588512,193251.945689832,300000.0,False,True
1176,4,0,1,NORMAL,0.014667592375460909,0.014469831440635888,0.014667592375460909,1.0,3300000000.0,6699999999.999992,48403054.839021,22874467.541099,416896.661935,67757565.50777,0.0,29038956.724047,29038956.710422,0.154563,177186.516206,499136.8094171314,88593.258109,193432.078843944,300000.0,False,True
1177,4,0,1,NORMAL,0.014681239940414242,0.014483470698686106,0.014681239940414242,1.0,3300000000.0,6699999999.999992,48448091.803367,22897462.71674,417593.494663,67819581.25251,0.0,29065534.900373,29065534.886737,0.154563,177187.84212100002,499145.3836265254,88593.92106600001,193612.21935608398,300000.0,False,True
1178,4,0,1,NORMAL,0.014694888060868789,0.014497110528504343,0.014694888060868789,1.0,3300000000.0,6699999999.999992,48493130.600867,22920462.44028,418290.975187,67881597.472174,0.0,29092113.273616,29092113.259966,0.139107,177189.154888,499153.8728113101,88594.57745099999,193792.36721346798,300000.0,False,True
1179,4,0,1,NORMAL,0.014708536735876363,0.014510750928979958,0.014708536735876363,1.0,3300000000.0,6699999999.999992,48538171.228392,22943466.711225,418989.103534,67943614.131293,0.0,29118691.841824,29118691.828156,0.139107,177190.45463600004,499162.2778117628,88595.227327,193972.52240346803,300000.0,False,True
1180,4,0,1,NORMAL,0.014722185964498181,0.014524391899013393,0.014722185964498181,1.0,3300000000.0,6699999999.999992,48583213.682844,22966475.529096,419687.87973,68005631.240813,0.0,29145270.603061,29145270.589377,0.139107,177191.741498,499170.5994599128,88595.87075699998,194152.684913568,300000.0,False,True
1181,4,0,1,NORMAL,0.014735835745805757,0.014538033437516128,0.014735835745805757,1.0,3300000000.0,6699999999.999992,48628257.961159,22989488.893423,420387.303801,68067648.796268,0.0,29171849.55541,29171849.541712,0.139107,177193.015594,499178.83857962146,88596.507804,194332.854731376,300000.0,False,True
1182,4,0,1,NORMAL,0.014749486078880302,0.01455167554341059,0.014749486078880302,1.0,3300000000.0,6699999999.999992,48673304.060305,23012506.803748,421087.375774,68129666.793234,0.0,29198428.696977,29198428.683268,0.139107,177194.277055,499186.9959866611,88597.138533,194513.031844636,300000.0,False,True
1183,4,0,1,NORMAL,0.014763136962810001,0.014565318215629909,0.014763136962810001,1.0,3300000000.0,6699999999.999992,48718351.977273,23035529.259634,421788.095675,68191685.227332,0.0,29225008.025889,29225008.012165,0.139107,177195.526005,499195.07248879387,88597.76301000001,194693.21624122,300000.0,False,True
1184,4,0,1,NORMAL,0.014776788396694544,0.01457896145311795,0.014776788396694544,1.0,3300000000.0,6699999999.999992,48763401.709092,23058556.260649,422489.46353,68253704.094228,0.0,29251587.540284,29251587.526547,0.139107,177196.762569,499203.0688858485,88598.38129100001,194873.407909092,300000.0,False,True
1185,4,0,1,NORMAL,0.014790440379641515,0.014592605254829149,0.014790440379641515,1.0,3300000000.0,6699999999.999992,48808453.252817,23081587.806378,423191.479365,68315723.403539,0.0,29278167.238322,29278167.224574,0.125197,177197.986867,499210.9859697981,88598.993439,195053.606836368,300000.0,False,True
1186,4,0,1,NORMAL,0.014804092910767574,0.014606249619728402,0.014804092910767574,1.0,3300000000.0,6699999999.999992,48853506.605533,23104623.896414,423894.143206,68377743.123191,0.0,29304747.118188,29304747.104424,0.125197,177199.19902,499218.8245248355,88599.599518,195233.813011268,300000.0,False,True
1187,4,0,1,NORMAL,0.014817745989199394,0.014619894546791048,0.014817745989199394,1.0,3300000000.0,6699999999.999992,48898561.764358,23127664.530369,424597.455079,68439763.262892,0.0,29331327.178068,29331327.164293,0.125197,177200.399151,499226.5853274493,88600.199581,195414.02642213198,300000.0,False,True
1188,4,0,1,NORMAL,0.014831399614069696,0.014633540035002574,0.014831399614069696,1.0,3300000000.0,6699999999.999992,48943618.72643,23150709.707864,425301.415009,68501783.818469,0.0,29357907.416187,29357907.402396,0.125197,177201.58737599998,499234.2691464983,88600.79369600001,195594.247057432,300000.0,False,True
1189,4,0,1,NORMAL,0.014845053784522728,0.014647186083358714,0.014845053784522728,1.0,3300000000.0,6699999999.999992,48988677.488925,23173759.428532,426006.023023,68563804.7858,0.0,29384487.830773,29384487.816965,0.125197,177202.76381700003,499241.87674328557,88601.381917,195774.47490572,300000.0,False,True
1190,4,0,1,NORMAL,0.014858708499710303,0.014660832690865268,0.014858708499710303,1.0,3300000000.0,6699999999.999992,49033738.049044,23196813.692018,426711.279147,68625826.1608,0.0,29411068.420071,29411068.40625,0.125197,177203.92858300003,499249.4088716315,88601.964298,195954.7099557,300000.0,False,True
1191,4,0,1,NORMAL,0.014872363758793333,0.014674479856538046,0.014872363758793333,1.0,3300000000.0,6699999999.999992,49078800.404018,23219872.497981,427417.183406,68687847.939426,0.0,29437649.182351,29437649.168516,0.125197,177205.08179799997,499256.8662779471,88602.54090600001,196134.952196176,300000.0,False,True
1192,4,0,1,NORMAL,0.014886019560940303,0.014688127579402709,0.014886019560940303,1.0,3300000000.0,6699999999.999992,49123864.551103,23242935.846088,428123.735826,68749870.130191,0.0,29464230.115896,29464230.102049,0.112678,177206.22357,499264.24970130523,88603.111791,196315.201616072,300000.0,False,True
1193,4,0,1,NORMAL,0.014899675905328485,0.014701775858494696,0.014899675905328485,1.0,3300000000.0,6699999999.999992,49168930.487584,23266003.736023,428830.936433,68811892.704094,0.0,29490811.219006,29490811.205148,0.112678,177207.35401500002,499271.55987351236,88603.67701299998,196495.45820441202,300000.0,False,True
1194,4,0,1,NORMAL,0.014913332791142727,0.014715424692859086,0.014913332791142727,1.0,3300000000.0,6699999999.999992,49213998.210771,23289076.167479,429538.785253,68873915.669727,0.0,29517392.490003,29517392.476132,0.112678,177208.473247,499278.7975191787,88604.23663,196675.721950336,300000.0,False,True
1195,4,0,1,NORMAL,0.014926990217576666,0.014729074081550542,0.014926990217576666,1.0,3300000000.0,6699999999.999992,49259067.718003,23312153.140161,430247.282311,68935939.023202,0.0,29543973.927221,29543973.913334,0.112678,177209.58136999997,499285.9633557887,88604.790693,196855.992843084,300000.0,False,True
1196,4,0,1,NORMAL,0.014940648183833031,0.014742724023633285,0.014940648183833031,1.0,3300000000.0,6699999999.999992,49304139.006649,23335234.653784,430956.427633,68997962.760674,0.0,29570555.529006,29570555.515105,0.112678,177210.67850000004,499293.0580937697,88605.339257,197036.27087201198,300000.0,False,True
1197,4,0,1,NORMAL,0.014954306689121516,0.014756374518180912,0.014954306689121516,1.0,3300000000.0,6699999999.999992,49349212.074101,23358320.708076,431666.221245,69059986.878332,0.0,29597137.293724,29597137.279814,0.112678,177211.76474299998,499300.08243656077,88605.88237600001,197216.55602659602,300000.0,False,True
1198,4,0,1,NORMAL,0.014967965732658788,0.01477002556427626,0.014967965732658788,1.0,3300000000.0,6699999999.999992,49394286.917774,23381411.302776,432376.663172,69122011.3724,0.0,29623719.219771,29623719.205841,0.112678,177212.84021,499307.037080681,88606.42011500002,197396.848296404,300000.0,False,True
1199,4,0,1,NORMAL,0.014981625313672729,0.014783677161011517,0.014981625313672729,1.0,3300000000.0,6699999999.999992,49439363.53512,23404506.437634,433087.753439,69184036.250416,0.0,29650301.305532,29650301.291588,0.101411,177213.90500600004,499313.922715796,88606.95251,197577.147671096,300000.0,False,True
1200,4,0,1,NORMAL,0.014995285431395758,0.01479732930748792,0.014995285431395758,1.0,3300000000.0,6699999999.999992,49484441.923606,23427606.112411,433799.492072,69246061.486145,0.0,29676883.549427,29676883.53547,0.101411,177214.95923500005,499320.74002478557,88607.479624,197757.45414048003,300000.0,False,True
1201,4,0,1,NORMAL,0.015008946085069091,0.014810982002815738,0.015008946085069091,1.0,3300000000.0,6699999999.999992,49529522.080728,23450710.326879,434511.879097,69308087.087192,0.0,29703465.949887,29703465.935916,0.101411,177216.00299999997,499327.4896838087,88608.00150700001,197937.767694424,300000.0,False,True
1202,4,0,1,NORMAL,0.015022607273942121,0.014824635246114215,0.015022607273942121,1.0,3300000000.0,6699999999.999992,49574604.004009,23473819.080821,435224.914538,69370113.049933,0.0,29730048.505358,29730048.491375,0.101411,177217.03641200002,499334.1723623697,88608.51821200002,198118.08832291202,300000.0,False,True
1203,4,0,1,NORMAL,0.015036268997270303,0.014838289036511383,0.015036268997270303,1.0,3300000000.0,6699999999.999992,49619687.690992,23496932.374032,435938.598422,69432139.370777,0.0,29756631.214303,29756631.200306,0.101411,177218.05956400002,499340.78872338304,88609.02978900001,198298.416016036,300000.0,False,True
1204,4,0,1,NORMAL,0.015049931254319698,0.014851943373144178,0.015049931254319698,1.0,3300000000.0,6699999999.999992,49664773.139255,23520050.206313,436652.930773,69494166.046173,0.0,29783214.075196,29783214.061187,0.101411,177219.07256600002,499347.33942323655,88609.53628900001,198478.75076396798,300000.0,False,True
1205,4,0,1,NORMAL,0.01506359404436,0.014865598255158102,0.01506359404436,1.0,3300000000.0,6699999999.999992,49709860.346388,23543172.577482,437367.911617,69556193.0726,0.0,29809797.086529,29809797.072513,0.101411,177220.075513,499353.82511185633,88610.03775999999,198659.09255702002,300000.0,False,True
1206,4,0,1,NORMAL,0.01507725736667,0.014879253681707257,0.01507725736667,1.0,3300000000.0,6699999999.999992,49754949.310011,23566299.487361,438083.540979,69618220.456712,0.0,29836380.246819,29836380.232786,0.09127,177221.06850499997,499360.24643276853,88610.53426100001,198839.441385552,300000.0,False,True
1207,4,0,1,NORMAL,0.015090921220536364,0.014892909651954297,0.015090921220536364,1.0,3300000000.0,6699999999.999992,49800040.02777,23589430.935789,438799.818885,69680248.174782,0.0,29862963.55458,29862963.540528,0.09127,177222.051643,499366.60402316233,88611.02583099998,199019.797240044,300000.0,False,True
1208,4,0,1,NORMAL,0.01510458560525303,0.014906566165070346,0.01510458560525303,1.0,3300000000.0,6699999999.999992,49845132.497335,23612566.92261,439516.745359,69742276.233537,0.0,29889547.008343,29889546.994277,0.09127,177223.02502199996,499372.8985139516,88611.512518,199200.16011107998,300000.0,False,True
1209,4,0,1,NORMAL,0.015118250520120606,0.014920223220234879,0.015118250520120606,1.0,3300000000.0,6699999999.999992,49890226.716398,23635707.447679,440234.320427,69804304.629595,0.0,29916130.606663,29916130.592583,0.09127,177223.98874200002,499379.13052983594,88611.99437799997,199380.52998934002,300000.0,False,True
1210,4,0,1,NORMAL,0.01513191596444606,0.0149338808166356,0.01513191596444606,1.0,3300000000.0,6699999999.999992,49935322.682672,23658852.510862,440952.544114,69866333.359606,0.0,29942714.348107,29942714.334013,0.09127,177224.942896,499385.3006893613,88612.47145500002,199560.906865592,300000.0,False,True
1211,4,0,1,NORMAL,0.015145581937543636,0.014947538953468377,0.015145581937543636,1.0,3300000000.0,6699999999.999992,49980420.393894,23682002.112037,441671.416444,69928362.420256,0.0,29969298.231252,29969298.217146,0.09127,177225.88757799997,499391.40960498014,88612.94379500001,199741.29073068802,300000.0,False,True
1212,4,0,1,NORMAL,0.015159248438735456,0.014961197629937223,0.015159248438735456,1.0,3300000000.0,6699999999.999992,50025519.847827,23705156.251085,442390.937443,69990391.808261,0.0,29995882.254696,29995882.240575,0.09127,177226.82288300002,499397.4578831105,88613.411449,199921.68157557602,300000.0,False,True
1213,4,0,1,NORMAL,0.01517291546735,0.014974856845254177,0.01517291546735,1.0,3300000000.0,6699999999.999992,50070621.042255,23728314.927904,443111.107137,70052421.529501,0.0,30022466.417042,30022466.402908,0.082143,177227.74890500001,499403.4461241954,88613.87445899998,200102.079391308,300000.0,False,True
1214,4,0,1,NORMAL,0.015186583022722728,0.014988516598639246,0.015186583022722728,1.0,3300000000.0,6699999999.999992,50115723.974985,23751478.142397,443831.92555,70114451.562504,0.0,30049050.716915,30049050.702764,0.082143,177228.665735,499409.3749227604,88614.332876,200282.48416902,300000.0,False,True
1215,4,0,1,NORMAL,0.015200251104194849,0.015002176889320254,0.015200251104194849,1.0,3300000000.0,6699999999.999992,50160828.643843,23774645.894483,444553.392707,70176481.913213,0.0,30075635.152944,30075635.138781,0.082143,177229.573464,499415.2448674722,88614.786738,200462.89589994002,300000.0,False,True
1216,4,0,1,NORMAL,0.015213919711115456,0.015015837716532848,0.015213919711115456,1.0,3300000000.0,6699999999.999992,50205935.046681,23797818.184082,445275.508633,70238512.578472,0.0,30102219.723782,30102219.709604,0.082143,177230.472179,499421.05654119514,88615.236097,200643.314575372,300000.0,False,True
1217,4,0,1,NORMAL,0.015227588842840303,0.015029499079520425,0.015227588842840303,1.0,3300000000.0,6699999999.999992,50251043.181373,23820995.011127,445998.273352,70300543.55516,0.0,30128804.428089,30128804.413897,0.082143,177231.36197600001,499426.8105210482,88615.68099499999,200823.740186724,300000.0,False,True
1218,4,0,1,NORMAL,0.015241258498730606,0.015043160977533986,0.015241258498730606,1.0,3300000000.0,6699999999.999992,50296153.045811,23844176.375563,446721.68689,70362574.840186,0.0,30155389.264537,30155389.250335,0.082143,177232.24293799998,499432.507378461,88616.12147399999,201004.172725492,300000.0,False,True
1219,4,0,1,NORMAL,0.015254928678153938,0.015056823409832049,0.015254928678153938,1.0,3300000000.0,6699999999.999992,50341264.637908,23867362.277341,447445.749272,70424606.430486,0.0,30181974.231821,30181974.217605,0.082143,177233.11515399997,499438.14767922915,88616.55758400001,201184.612183244,300000.0,False,True
1220,4,0,1,NORMAL,0.015268599380486364,0.015070486375680715,0.015268599380486364,1.0,3300000000.0,6699999999.999992,50386377.955605,23890552.716419,448170.460522,70486638.331245,0.0,30208559.328639,30208559.314408,0.073929,177233.97871099997,499443.73198356986,88616.989363,201365.05855163198,300000.0,False,True
1221,4,0,1,NORMAL,0.015282270605108183,0.015084149874353456,0.015282270605108183,1.0,3300000000.0,6699999999.999992,50431492.996857,23913747.692771,448895.820665,70548670.523036,0.0,30235144.5537,30235144.53946,0.073929,177234.833695,499449.2608461758,88617.41685200001,201545.51182242,300000.0,False,True
1222,4,0,1,NORMAL,0.01529594235140606,0.015097813905131043,0.01529594235140606,1.0,3300000000.0,6699999999.999992,50476609.75964,23936947.206374,449621.829726,70610703.011098,0.0,30261729.905739,30261729.891486,0.073929,177235.68018899998,499454.7348162695,88617.840101,201725.97198742803,300000.0,False,True
1223,4,0,1,NORMAL,0.015309614618774241,0.015111478467301574,0.015309614618774241,1.0,3300000000.0,6699999999.999992,50521728.241955,23960151.257214,450348.48773,70672735.792492,0.0,30288315.383492,30288315.369226,0.073929,177236.518281,499460.15443765663,88618.25914699999,201906.43903856,300000.0,False,True
1224,4,0,1,NORMAL,0.015323287406612728,0.015125143560160358,0.015323287406612728,1.0,3300000000.0,6699999999.999992,50566848.441822,23983359.845287,451075.794701,70734768.864304,0.0,30314900.985711,30314900.971431,0.073929,177237.34804800004,499465.520248779,88618.67403099999,202086.91296781998,300000.0,False,True
1225,4,0,1,NORMAL,0.015336960714326971,0.015138809183009817,0.015336960714326971,1.0,3300000000.0,6699999999.999992,50611970.357279,24006572.970601,451803.750665,70796802.223653,0.0,30341486.711158,30341486.696864,0.073929,177238.16957799997,499470.832782767,88619.08479599998,202267.393767288,300000.0,False,True
1226,4,0,1,NORMAL,0.01535063454132879,0.015152475335159428,0.01535063454132879,1.0,3300000000.0,6699999999.999992,50657093.986385,24029790.633167,452532.355645,70858835.867683,0.0,30368072.558611,30368072.544303,0.073929,177238.982952,499476.0925674915,88619.491483,202447.881429116,300000.0,False,True
1227,4,0,1,NORMAL,0.015364308887036061,0.015166142015925664,0.015364308887036061,1.0,3300000000.0,6699999999.999992,50702219.327219,24053012.833009,453261.609667,70920869.80096,0.0,30394658.526854,30394658.512538,0.066537,177239.78824800003,499481.3001256153,88619.89412799999,202628.37594554003,300000.0,False,True
1228,4,0,1,NORMAL,0.015377983750871817,0.01517980922463187,0.015377983750871817,1.0,3300000000.0,6699999999.999992,50747346.377877,24076239.570155,453991.512754,70982904.005898,0.0,30421244.614697,30421244.600367,0.066537,177240.585548,499486.4559746442,88620.29278100001,202808.87730887602,300000.0,False,True
1229,4,0,1,NORMAL,0.015391659132266061,0.01519347696060827,0.015391659132266061,1.0,3300000000.0,6699999999.999992,50792475.136478,24099470.844647,454722.064932,71044938.487122,0.0,30447830.820945,30447830.806605,0.066537,177241.37493400002,499491.5606269774,88620.687472,202989.38551150798,300000.0,False,True
1230,4,0,1,NORMAL,0.015405335030655151,0.01520714522319194,0.015405335030655151,1.0,3300000000.0,6699999999.999992,50837605.601162,24122706.656527,455453.266225,71106973.241886,0.0,30474417.144427,30474417.130073,0.066537,177242.15647799996,499496.61458995723,88621.07824599999,203169.900545912,300000.0,False,True
1231,4,0,1,NORMAL,0.015419011445478184,0.015220814011726537,0.015419011445478184,1.0,3300000000.0,6699999999.999992,50882737.770078,24145947.005855,456185.116658,71169008.267473,0.0,30501003.583977,30501003.56961,0.066537,177242.930261,499501.61836591887,88621.465137,203350.422404648,300000.0,False,True
1232,4,0,1,NORMAL,0.015432688376183938,0.015234483325562499,0.015432688376183938,1.0,3300000000.0,6699999999.999992,50927871.641407,24169191.89269,456917.616255,71231043.561195,0.0,30527590.138441,30527590.124061,0.066537,177243.696359,499506.5724522395,88621.84818600002,203530.95108031202,300000.0,False,True
1233,4,0,1,NORMAL,0.015446365822223636,0.015248153164056767,0.015446365822223636,1.0,3300000000.0,6699999999.999992,50973007.213338,24192441.317107,457650.76504,71293079.120389,0.0,30554176.80668,30554176.792286,0.066537,177244.45485199994,499511.4773413866,88622.22743299998,203711.486565628,300000.0,False,True
1234,4,0,1,NORMAL,0.015460043783056971,0.01526182352657291,0.015460043783056971,1.0,3300000000.0,6699999999.999992,51018144.484088,24215695.279182,458384.563038,71355114.949074,0.0,30580763.587558,30580763.573155,0.059884,177245.20581100002,499516.3335209661,88622.60291,203892.028853352,300000.0,False,True
1235,4,0,1,NORMAL,0.015473722258145455,0.015275494412480817,0.015473722258145455,1.0,3300000000.0,6699999999.999992,51063283.45188,24238953.779005,459119.010273,71417151.031329,0.0,30607350.479969,30607350.465549,0.059884,177245.94931500003,499521.14147376985,88622.974666,204072.57793635203,300000.0,False,True
1236,4,0,1,NORMAL,0.015487401246959394,0.015289165821156855,0.015487401246959394,1.0,3300000000.0,6699999999.999992,51108424.114966,24262216.816671,459854.10677,71479187.371228,0.0,30633937.482793,30633937.468361,0.059884,177246.685434,499525.9016778231,88623.342723,204253.13380752,300000.0,False,True
1237,4,0,1,NORMAL,0.015501080748973333,0.015302837751983725,0.015501080748973333,1.0,3300000000.0,6699999999.999992,51153566.471612,24285484.392278,460589.852553,71541223.966208,0.0,30660524.594939,30660524.580494,0.059884,177247.41423900003,499530.614606431,88623.707126,204433.696459864,300000.0,False,True
1238,4,0,1,NORMAL,0.015514760763666062,0.015316510204350327,0.015514760763666062,1.0,3300000000.0,6699999999.999992,51198710.520098,24308756.505941,461326.247647,71603260.813738,0.0,30687111.815317,30687111.800863,0.059884,177248.135807,499535.28072822466,88624.06790799998,204614.265886448,300000.0,False,True
1239,4,0,1,NORMAL,0.015528441290523635,0.015330183177651831,0.015528441290523635,1.0,3300000000.0,6699999999.999992,51243856.258728,24332033.157776,462063.292075,71665297.911309,0.0,30713699.142857,30713699.128392,0.059884,177248.850211,499539.9005072074,88624.425111,204794.842080392,300000.0,False,True
1240,4,0,1,NORMAL,0.015542122329036363,0.015343856671289544,0.015542122329036363,1.0,3300000000.0,6699999999.999992,51289003.68582,24355314.347905,462800.985862,71727335.256436,0.0,30740286.576497,30740286.562016,0.059884,177249.55751800002,499544.4744027997,88624.77876700001,204975.42503491198,300000.0,False,True
1241,4,0,1,NORMAL,0.015555803878699394,0.015357530684670826,0.015555803878699394,1.0,3300000000.0,6699999999.999992,51334152.799708,24378600.076466,463539.329033,71789372.852652,0.0,30766874.115177,30766874.100681,0.053896,177250.25780100003,499549.0028698843,88625.128908,205156.01474328,300000.0,False,True
1242,4,0,1,NORMAL,0.015569485939013637,0.015371205217209074,0.015569485939013637,1.0,3300000000.0,6699999999.999992,51379303.598745,24401890.343595,464278.321611,71851410.685543,0.0,30793461.757855,30793461.743347,0.053896,177250.95112600003,499553.48635885085,88625.47556899999,205336.61119883202,300000.0,False,True
1243,4,0,1,NORMAL,0.015583168509484848,0.015384880268323641,0.015583168509484848,1.0,3300000000.0,6699999999.999992,51424456.0813,24425185.149443,465017.963621,71913448.758689,0.0,30820049.503499,30820049.488979,0.053896,177251.63756799998,499557.92531563964,88625.81879,205517.21439498002,300000.0,False,True
1244,4,0,1,NORMAL,0.015596851589623635,0.01539855583743977,0.015596851589623635,1.0,3300000000.0,6699999999.999992,51469610.245758,24448484.494161,465758.255087,71975487.069701,0.0,30846637.351088,30846637.336554,0.053896,177252.31718799996,499562.3201817853,88626.158601,205697.8243252,300000.0,False,True
1245,4,0,1,NORMAL,0.015610535178946668,0.015412231923988603,0.015610535178946668,1.0,3300000000.0,6699999999.999992,51514766.090524,24471788.37791,466499.196033,72037525.616218,0.0,30873225.299607,30873225.285061,0.053896,177252.99006,499566.67139446037,88626.495036,205878.440983032,300000.0,False,True
1246,4,0,1,NORMAL,0.01562421927697485,0.015425908527407071,0.01562421927697485,1.0,3300000000.0,6699999999.999992,51559923.614017,24495096.800862,467240.786483,72099564.395903,0.0,30899813.348053,30899813.333496,0.053896,177253.65625100004,499570.97938651755,88626.828131,206059.06436209602,300000.0,False,True
1247,4,0,1,NORMAL,0.015637903883233637,0.015439585647137818,0.015637903883233637,1.0,3300000000.0,6699999999.999992,51605082.814671,24518409.763189,467983.026461,72161603.406435,0.0,30926401.49544,30926401.480865,0.053896,177254.31582000002,499575.2445865325,88627.15791900002,206239.694456068,300000.0,False,True
1248,4,0,1,NORMAL,0.015651588997253635,0.015453263282629163,0.015651588997253635,1.0,3300000000.0,6699999999.999992,51650243.690937,24541727.265075,468725.915992,72223642.650913,0.0,30952989.740776,30952989.726188,0.048507,177254.968837,499579.46741884557,88627.484425,206420.33125868402,300000.0,False,True
1249,4,0,1,NORMAL,0.01566527461857,0.015466941433335024,0.01566527461857,1.0,3300000000.0,6699999999.999992,51695406.241281,24565049.306712,469469.455099,72285682.116289,0.0,30979578.083091,30979578.068491,0.048507,177255.61537000004,499583.6483036036,88627.80769100002,206600.974763748,300000.0,False,True
1250,4,0,1,NORMAL,0.015678960746724244,0.015480620098714974,0.015678960746724244,1.0,3300000000.0,6699999999.999992,51740570.46419,24588375.888291,470213.643807,72347721.805705,0.0,31006166.521419,31006166.506811,0.048507,177256.25547999996,499587.7876568008,88628.127744,206781.624965124,300000.0,False,True
1251,4,0,1,NORMAL,0.015692647381259396,0.015494299278233968,0.015692647381259396,1.0,3300000000.0,6699999999.999992,51785736.358156,24611707.01002,470958.482139,72409761.716933,0.0,31032755.054813,31032755.040192,0.048507,177256.88923099998,499591.8858903199,88628.44462199998,206962.28185676003,300000.0,False,True
1252,4,0,1,NORMAL,0.015706334521725457,0.015507978971362453,0.015706334521725457,1.0,3300000000.0,6699999999.999992,51830903.921694,24635042.672105,471703.97012,72471801.847768,0.0,31059343.682329,31059343.667692,0.048507,177257.516686,499595.9434119719,88628.758351,207142.94543262405,300000.0,False,True
1253,4,0,1,NORMAL,0.015720022167677577,0.015521659177576332,0.015720022167677577,1.0,3300000000.0,6699999999.999992,51876073.153336,24658382.874763,472450.107774,72533842.196033,0.0,31085932.403026,31085932.388375,0.048507,177258.13791,499599.9606255367,88629.06896199999,207323.61568677606,300000.0,False,True
1254,4,0,1,NORMAL,0.01573371031867424,0.015535339896356843,0.01573371031867424,1.0,3300000000.0,6699999999.999992,51921244.051625,24681727.618215,473196.895125,72595882.759564,0.0,31112521.215981,31112521.201316,0.048507,177258.75295799997,499603.9379308024,88629.37648600002,207504.292613344,300000.0,False,True
1255,4,0,1,NORMAL,0.015747398974278487,0.015549021127190499,0.015747398974278487,1.0,3300000000.0,6699999999.999992,51966416.615119,24705076.902695,473944.332196,72657923.541077,0.0,31139110.120273,31139110.105596,0.043657,177259.36189800003,499607.8757236045,88629.68095500002,207684.9762065,300000.0,False,True
1256,4,0,1,NORMAL,0.01576108813405818,0.01556270286956906,0.01576108813405818,1.0,3300000000.0,6699999999.999992,52011590.842392,24728430.728433,474692.419012,72719964.528749,0.0,31165699.115003,31165699.100312,0.043657,177259.96479,499611.77439586463,88629.98240200001,207865.66646047606,300000.0,False,True
1257,4,0,1,NORMAL,0.015774777797584544,0.015576385122989414,0.015774777797584544,1.0,3300000000.0,6699999999.999992,52056766.732029,24751789.095675,475441.155596,72782005.725336,0.0,31192288.19927,31192288.184561,0.043657,177260.56169000003,499615.6343356292,88630.28085400001,208046.363369568,300000.0,False,True
1258,4,0,1,NORMAL,0.015788467964435456,0.015590067886953675,0.015788467964435456,1.0,3300000000.0,6699999999.999992,52101944.282637,24775152.004667,476190.541972,72844047.128762,0.0,31218877.372184,31218877.357456,0.043657,177261.15266099994,499619.45592710737,88630.57634000003,208227.06692811596,300000.0,False,True
1259,4,0,1,NORMAL,0.01580215863419182,0.01560375116096904,0.01580215863419182,1.0,3300000000.0,6699999999.999992,52147123.492833,24798519.455664,476940.578164,72906088.736975,0.0,31245466.632859,31245466.618115,0.043657,177261.73776000005,499623.2395507091,88630.86888799998,208407.777130548,300000.0,False,True
1260,4,0,1,NORMAL,0.015815849806438485,0.015617434944547714,0.015815849806438485,1.0,3300000000.0,6699999999.999992,52192304.361247,24821891.448928,477691.264196,72968130.547938,0.0,31272055.980426,31272055.965669,0.043657,177262.317047,499626.98558308167,88631.15853000002,208588.49397133203,300000.0,False,True
1261,4,0,1,NORMAL,0.015829541480765152,0.015631119237206902,0.015829541480765152,1.0,3300000000.0,6699999999.999992,52237486.886525,24845267.984725,478442.600092,73030172.559638,0.0,31298645.414023,31298645.399251,0.043657,177262.890579,499630.69439714745,88631.445297,208769.21744498803,300000.0,False,True
1262,4,0,1,NORMAL,0.015843233656765758,0.015644804038468765,0.015843233656765758,1.0,3300000000.0,6699999999.999992,52282671.067327,24868649.063326,479194.585876,73092214.774444,0.0,31325234.932793,31325234.91801,0.039292,177263.45841100003,499634.36636214034,88631.72921100001,208949.9475461,300000.0,False,True
1263,4,0,1,NORMAL,0.015856926334037576,0.0156584893478603,0.015856926334037576,1.0,3300000000.0,6699999999.999992,52327856.902324,24892034.685011,479947.221571,73154257.18165,0.0,31351824.535895,31351824.521098,0.039292,177264.020602,499638.00184364174,88632.010308,209130.684269308,300000.0,False,True
1264,4,0,1,NORMAL,0.015870619512184242,0.015672175164913458,0.015870619512184242,1.0,3300000000.0,6699999999.999992,52373044.390208,24915424.850063,480700.507201,73216299.783669,0.0,31378414.222486,31378414.207676,0.039292,177264.57720699997,499641.60120361677,88632.28861,209311.427609296,300000.0,False,True
1265,4,0,1,NORMAL,0.01588431319081,0.01568586148916485,0.01588431319081,1.0,3300000000.0,6699999999.999992,52418233.529673,24938819.558776,481454.44279,73278342.578563,0.0,31405003.991742,31405003.976915,0.039292,177265.12828300003,499645.16480044974,88632.56414999999,209492.177560832,300000.0,False,True
1266,4,0,1,NORMAL,0.01589800736952667,0.015699548320155937,0.01589800736952667,1.0,3300000000.0,6699999999.999992,52463424.319438,24962218.811445,482209.028362,73340385.564419,0.0,31431593.842834,31431593.827992,0.039292,177265.67388099997,499648.6929889791,88632.83694800001,209672.934118692,300000.0,False,True
1267,4,0,1,NORMAL,0.015911702047947878,0.015713235657432836,0.015911702047947878,1.0,3300000000.0,6699999999.999992,52508616.758228,24985622.608369,482964.263941,73402428.739335,0.0,31458183.774958,31458183.760095,0.039292,177266.214059,499652.18612053315,88633.10704,209853.697277752,300000.0,False,True
1268,4,0,1,NORMAL,0.01592539722569121,0.015726923500546282,0.01592539722569121,1.0,3300000000.0,6699999999.999992,52553810.844781,25009030.949861,483720.14955,73464472.101435,0.0,31484773.787301,31484773.772421,0.039292,177266.74886899997,499655.64454296336,88633.37444300001,210034.46703291198,300000.0,False,True
1269,4,0,1,NORMAL,0.015939092902380606,0.015740611849051723,0.015939092902380606,1.0,3300000000.0,6699999999.999992,52599006.577856,25032443.83623,484476.685212,73526515.652789,0.0,31511363.879065,31511363.864173,0.035363,177267.27836599998,499659.06860067963,88633.63918900001,210215.24337912397,300000.0,False,True
1270,4,0,1,NORMAL,0.015952789077640608,0.01575430070250907,0.015952789077640608,1.0,3300000000.0,6699999999.999992,52644203.956214,25055861.267797,485233.870952,73588559.383696,0.0,31537954.049464,31537954.03456,0.035363,177267.8026,499662.45863468363,88633.90130600003,210396.02631142398,300000.0,False,True
1271,4,0,1,NORMAL,0.015966485751101513,0.015767990060482778,0.015966485751101513,1.0,3300000000.0,6699999999.999992,52689402.978635,25079283.244887,485991.706793,73650603.296261,0.0,31564544.297716,31564544.282801,0.035363,177268.321623,499665.81498260226,88634.16081699998,210576.81582485602,300000.0,False,True
1272,4,0,1,NORMAL,0.015980182922397577,0.015781679922541796,0.015980182922397577,1.0,3300000000.0,6699999999.999992,52734603.643912,25102709.76783,486750.192759,73712647.388681,0.0,31591134.623049,31591134.608122,0.035363,177268.83549400003,499669.1379787215,88634.41775299999,210757.61191453997,300000.0,False,True
1273,4,0,1,NORMAL,0.01599388059116606,0.015795370288259492,0.01599388059116606,1.0,3300000000.0,6699999999.999992,52779805.950848,25126140.83696,487509.328873,73774691.659166,0.0,31617725.024699,31617725.009758,0.035363,177269.344256,499672.4279540184,88634.67213499999,210938.41457564803,300000.0,False,True
1274,4,0,1,NORMAL,0.01600757875704879,0.01580906115721364,0.01600757875704879,1.0,3300000000.0,6699999999.999992,52825009.898261,25149576.452621,488269.115159,73836736.105951,0.0,31644315.501901,31644315.486949,0.035363,177269.84796299998,499675.6852361943,88634.92398700002,211119.223803392,300000.0,False,True
1275,4,0,1,NORMAL,0.01602127741969,0.01582275252898631,0.01602127741969,1.0,3300000000.0,6699999999.999992,52870215.484977,25173016.615156,489029.55164,73898780.727278,0.0,31670906.053912,31670906.038945,0.035363,177270.34666100002,499678.91014970705,88635.173338,211300.03959304403,300000.0,False,True
1276,4,0,1,NORMAL,0.01603497657873909,0.01583644440316391,0.01603497657873909,1.0,3300000000.0,6699999999.999992,52915422.709839,25196461.324918,489790.638341,73960825.524952,0.0,31697496.679985,31697496.665003,0.031827,177270.840407,499682.1030158024,88635.42021099999,211480.86193990798,300000.0,False,True
1277,4,0,1,NORMAL,0.01604867623384818,0.01585013677933709,0.01604867623384818,1.0,3300000000.0,6699999999.999992,52960631.571699,25219910.582263,490552.375284,74022870.490184,0.0,31724087.379381,31724087.364387,0.031827,177271.329244,499685.2641525464,88635.66462800001,211661.69083935602,300000.0,False,True
1278,4,0,1,NORMAL,0.016062376384673335,0.015863829657100717,0.016062376384673335,1.0,3300000000.0,6699999999.999992,53005842.069422,25243364.387554,491314.762493,74084915.624809,0.0,31750678.151375,31750678.136368,0.031827,177271.813225,499688.393874856,88635.90661899999,211842.526286796,300000.0,False,True
1279,4,0,1,NORMAL,0.01607607703087394,0.015877523036053828,0.01607607703087394,1.0,3300000000.0,6699999999.999992,53051054.201884,25266822.741157,492077.799992,74146960.927144,0.0,31777268.995243,31777268.980224,0.031827,177272.292394,499691.4924945307,88636.14620299998,212023.36827768805,300000.0,False,True
1280,4,0,1,NORMAL,0.016089778172113635,0.015891216915799623,0.016089778172113635,1.0,3300000000.0,6699999999.999992,53096267.967975,25290285.643446,492841.487804,74209006.395524,0.0,31803859.91027,31803859.895242,0.031827,177272.76680500005,499694.5603202828,88636.38340699999,212204.21680753602,300000.0,False,True
1281,4,0,1,NORMAL,0.016103479808058485,0.015904911295945356,0.016103479808058485,1.0,3300000000.0,6699999999.999992,53141483.366593,25313753.094795,493605.825953,74271052.028295,0.0,31830450.895755,31830450.880714,0.031827,177273.23649899996,499697.5976577679,88636.61825600002,212385.0718719,300000.0,False,True
1282,4,0,1,NORMAL,0.016117181938378487,0.015918606176102332,0.016117181938378487,1.0,3300000000.0,6699999999.999992,53186700.396649,25337225.09559,494370.814462,74333097.823826,0.0,31857041.950992,31857041.935939,0.031827,177273.701524,499700.6048096153,88636.85076799999,212565.93346637202,300000.0,False,True
1283,4,0,1,NORMAL,0.016130884562746667,0.015932301555885837,0.016130884562746667,1.0,3300000000.0,6699999999.999992,53231919.057064,25360701.646217,495136.453354,74395143.783679,0.0,31883633.075293,31883633.060223,0.028645,177274.16192700004,499703.58207545744,88637.080972,212746.80158659603,300000.0,False,True
1284,4,0,1,NORMAL,0.01614458768084091,0.015945997434915198,0.01614458768084091,1.0,3300000000.0,6699999999.999992,53277139.346775,25384182.747065,495902.742653,74457189.89989,0.0,31910224.267968,31910224.252883,0.028645,177274.617757,499706.52975195966,88637.308886,212927.676228256,300000.0,False,True
1285,4,0,1,NORMAL,0.016158291292341212,0.01595969381281365,0.016158291292341212,1.0,3300000000.0,6699999999.999992,53322361.264726,25407668.398534,496669.682383,74519236.174057,0.0,31936815.528336,31936815.513239,0.028645,177275.06905800002,499709.44813284924,88637.53453500001,213108.5573871,300000.0,False,True
1286,4,0,1,NORMAL,0.016171995396930608,0.01597339068920829,0.016171995396930608,1.0,3300000000.0,6699999999.999992,53367584.809871,25431158.601027,497437.272567,74581282.60461,0.0,31963406.855721,31963406.840619,0.028645,177275.51587099998,499712.3375089446,88637.75793800001,213289.445058904,300000.0,False,True
1287,4,0,1,NORMAL,0.01618569999429606,0.015987088063730084,0.01618569999429606,1.0,3300000000.0,6699999999.999992,53412809.981177,25454653.354946,498205.513228,74643329.18999,0.0,31989998.24947,31989998.234352,0.028645,177275.95824200002,499715.19816818414,88637.97912900001,213470.33923948402,300000.0,False,True
1288,4,0,1,NORMAL,0.01619940508412818,0.016000785936013832,0.01619940508412818,1.0,3300000000.0,6699999999.999992,53458036.777623,25478152.660704,498974.40439,74705375.928662,0.0,32016589.708913,32016589.693781,0.028645,177276.39621600002,499718.0303956539,88638.19811499998,213651.23992470797,300000.0,False,True
1289,4,0,1,NORMAL,0.01621311066611939,0.016014484305698063,0.01621311066611939,1.0,3300000000.0,6699999999.999992,53503265.198194,25501656.51872,499743.946075,74767422.819103,0.0,32043181.233398,32043181.218254,0.028645,177276.82984000002,499720.83447361644,88638.414926,213832.147110492,300000.0,False,True
1290,4,0,1,NORMAL,0.016226816739966666,0.016028183172425072,0.016226816739966666,1.0,3300000000.0,6699999999.999992,53548495.24189,25525164.92941,500514.138308,74829469.862666,0.0,32069772.822284,32069772.807123,0.025781,177277.259153,499723.61068153824,88638.62958499997,214013.06079277597,300000.0,False,True
1291,4,0,1,NORMAL,0.01624052330537,0.016041882535840876,0.01624052330537,1.0,3300000000.0,6699999999.999992,53593726.907721,25548677.893201,501284.981111,74891517.052131,0.0,32096364.474926,32096364.459748,0.025781,177277.68419699997,499726.3592961175,88638.842107,214193.98096756,300000.0,False,True
1292,4,0,1,NORMAL,0.016254230362032423,0.01605558239559517,0.016254230362032423,1.0,3300000000.0,6699999999.999992,53638960.194707,25572195.410522,502056.474508,74953564.388885,0.0,32122956.190687,32122956.175497,0.025781,177278.105018,499729.0805913113,88639.05251499999,214374.907630884,300000.0,False,True
1293,4,0,1,NORMAL,0.016267937909659393,0.01606928275134125,0.016267937909659393,1.0,3300000000.0,6699999999.999992,53684195.101876,25595717.481807,502828.618522,75015611.871462,0.0,32149547.968947,32149547.953741,0.025781,177278.52165799995,499731.77483836294,88639.26083699998,214555.840778828,300000.0,False,True
1294,4,0,1,NORMAL,0.016281645947960305,0.01608298360273603,0.016281645947960305,1.0,3300000000.0,6699999999.999992,53729431.628269,25619244.107494,503601.413177,75077659.498414,0.0,32176139.809078,32176139.793861,0.025781,177278.934155,499734.44230582804,88639.467083,214736.780407504,300000.0,False,True
1295,4,0,1,NORMAL,0.01629535447664606,0.016096684949439905,0.01629535447664606,1.0,3300000000.0,6699999999.999992,53774669.772932,25642775.288027,504374.858496,75139707.268303,0.0,32202731.710473,32202731.695239,0.025781,177279.34255100004,499737.08325960167,88639.67128399998,214917.72651307605,300000.0,False,True
1296,4,0,1,NORMAL,0.016309063495433332,0.016110386791116902,0.016309063495433332,1.0,3300000000.0,6699999999.999992,53819909.53493,25666311.023852,505148.954502,75201755.179712,0.0,32229323.672514,32229323.657269,0.025781,177279.746889,499739.6979629445,88639.87345,215098.679091728,300000.0,False,True
1297,4,0,1,NORMAL,0.01632277300403909,0.016124089127434463,0.01632277300403909,1.0,3300000000.0,6699999999.999992,53865150.913329,25689851.315422,505923.701218,75263803.233809,0.0,32255915.694606,32255915.679348,0.023203,177280.147209,499742.2866765086,88640.07361100001,215279.63813972,300000.0,False,True
1298,4,0,1,NORMAL,0.016336483002184245,0.016137791958063485,0.016336483002184245,1.0,3300000000.0,6699999999.999992,53910393.907208,25713396.163194,506699.098668,75325851.424048,0.0,32282507.776148,32282507.760876,0.023203,177280.543548,499744.8496583632,88640.271781,215460.603653316,300000.0,False,True
1299,4,0,1,NORMAL,0.01635019348959394,0.016151495282678355,0.01635019348959394,1.0,3300000000.0,6699999999.999992,53955638.51566,25736945.567623,507475.146875,75387899.751626,0.0,32309099.916551,32309099.901264,0.023203,177280.93594700002,499747.3871640205,88640.46798099998,215641.57562883204,300000.0,False,True
1300,4,0,1,NORMAL,0.01636390446599394,0.016165199100956783,0.01636390446599394,1.0,3300000000.0,6699999999.999992,54000884.73778,25760499.529178,508251.845861,75449948.215179,0.0,32335692.115228,32335692.099928,0.023203,177281.32444700002,499749.89944646024,88640.66223,215822.55406264,300000.0,False,True
1301,4,0,1,NORMAL,0.01637761593111394,0.016178903412579826,0.01637761593111394,1.0,3300000000.0,6699999999.999992,54046132.572676,25784058.048326,509029.195651,75511996.813355,0.0,32362284.371601,32362284.356288,0.023203,177281.70908499998,499752.38675615547,88640.85454900001,216003.53895112002,300000.0,False,True
1302,4,0,1,NORMAL,0.016391327884686665,0.01619260821723188,0.016391327884686665,1.0,3300000000.0,6699999999.999992,54091382.019466,25807621.125538,509807.196267,75574045.544815,0.0,32388876.685096,32388876.66977,0.023203,177282.08989700003,499754.84934109665,88641.04495499999,216184.53029070402,300000.0,False,True
1303,4,0,1,NORMAL,0.01640504032644788,0.016206313514600654,0.01640504032644788,1.0,3300000000.0,6699999999.999992,54136633.077278,25831188.761292,510585.847733,75636094.408236,0.0,32415469.055147,32415469.039804,0.023203,177282.46692700003,499757.28744681674,88641.23347199999,216365.528077864,300000.0,False,True
1304,4,0,1,NORMAL,0.01641875325613606,0.016220019304377133,0.01641875325613606,1.0,3300000000.0,6699999999.999992,54181885.745249,25854760.956069,511365.150071,75698143.404627,0.0,32442061.481186,32442061.465832,0.020883,177282.840209,499759.7013164149,88641.42010999999,216546.532309112,300000.0,False,True
1305,4,0,1,NORMAL,0.016432466673490305,0.016233725586255403,0.016432466673490305,1.0,3300000000.0,6699999999.999992,54227140.022518,25878337.710354,512145.103305,75760192.528045,0.0,32468653.962665,32468653.947295,0.020883,177283.209778,499762.0911905808,88641.60489699998,216727.54298099602,300000.0,False,True
1306,4,0,1,NORMAL,0.01644618057825606,0.016247432359932864,0.01644618057825606,1.0,3300000000.0,6699999999.999992,54272395.908245,25901919.024634,512925.707458,75822241.779529,0.0,32495246.499024,32495246.483644,0.020883,177283.57567599995,499764.4573076186,88641.787843,216908.56009007205,300000.0,False,True
1307,4,0,1,NORMAL,0.016459894970178485,0.016261139625110003,0.016459894970178485,1.0,3300000000.0,6699999999.999992,54317653.401589,25925504.899403,513706.962553,75884291.157802,0.0,32521839.089727,32521839.074329,0.020883,177283.93793400002,499766.79990347,88641.968976,217089.58363298,300000.0,False,True
1308,4,0,1,NORMAL,0.016473609849008183,0.016274847381490532,0.016473609849008183,1.0,3300000000.0,6699999999.999992,54362912.501727,25949095.335154,514488.868613,75946340.661607,0.0,32548431.734224,32548431.718814,0.020883,177284.296592,499769.11921173794,88642.14830199999,217270.613606356,300000.0,False,True
1309,4,0,1,NORMAL,0.016487325214493937,0.016288555628781076,0.016487325214493937,1.0,3300000000.0,6699999999.999992,54408173.20783,25972690.332393,515271.425662,76008390.289692,0.0,32575024.431987,32575024.416564,0.020883,177284.65168299997,499771.4154637098,88642.32584800001,217451.65000690802,300000.0,False,True
1310,4,0,1,NORMAL,0.016501041066392122,0.016302264366691466,0.016501041066392122,1.0,3300000000.0,6699999999.999992,54453435.519094,25996289.891621,516054.633722,76070440.040825,0.0,32601617.182483,32601617.167047,0.020883,177285.003245,499773.6888883798,88642.501629,217632.69283131996,300000.0,False,True
1311,4,0,1,NORMAL,0.016514757404458486,0.016315973594934502,0.016514757404458486,1.0,3300000000.0,6699999999.999992,54498699.434713,26019894.013346,516838.492817,76132489.915868,0.0,32628209.985192,32628209.969741,0.018795,177285.35131300005,499775.93971247197,88642.675664,217813.74207637602,300000.0,False,True
1312,4,0,1,NORMAL,0.016528474228453938,0.016329683313226078,0.016528474228453938,1.0,3300000000.0,6699999999.999992,54543964.953898,26043502.698078,517623.002969,76194539.909437,0.0,32654802.839589,32654802.824128,0.018795,177285.695922,499778.16816046287,88642.84796600002,217994.797738852,300000.0,False,True
1313,4,0,1,NORMAL,0.016542191538138788,0.016343393521284964,0.016542191538138788,1.0,3300000000.0,6699999999.999992,54589232.075858,26067115.946335,518408.164202,76256590.022418,0.0,32681395.745168,32681395.729689,0.018795,177286.03710199997,499780.37445460295,88643.01855999998,218175.859815592,300000.0,False,True
1314,4,0,1,NORMAL,0.016555909333278787,0.016357104218832956,0.016555909333278787,1.0,3300000000.0,6699999999.999992,54634500.79982,26090733.758635,519193.976538,76318640.253627,0.0,32707988.701412,32707988.685919,0.018795,177286.37489200002,499782.5588149395,88643.187453,218356.928303432,300000.0,False,True
1315,4,0,1,NORMAL,0.016569627613640607,0.01637081540559474,0.016569627613640607,1.0,3300000000.0,6699999999.999992,54679771.125014,26114356.1355,519980.440001,76380690.601888,0.0,32734581.707821,32734581.692313,0.018795,177286.70932499997,499784.72145933774,88643.35467000002,218538.00319928,300000.0,False,True
1316,4,0,1,NORMAL,0.016583346378993332,0.016384527081297874,0.016583346378993332,1.0,3300000000.0,6699999999.999992,54725043.050678,26137983.077458,520767.554614,76442741.066037,0.0,32761174.763888,32761174.748376,0.018795,177287.040428,499786.86260350246,88643.52021599999,218719.084500056,300000.0,False,True
1317,4,0,1,NORMAL,0.016597065629109394,0.01639823924567281,0.016597065629109394,1.0,3300000000.0,6699999999.999992,54770316.576061,26161614.585035,521555.320399,76504791.644919,0.0,32787767.869133,32787767.85361,0.018795,177287.36824299998,499788.982461,88643.684127,218900.17220271198,300000.0,False,True
1318,4,0,1,NORMAL,0.01661078536376212,0.016411951898452765,0.01661078536376212,1.0,3300000000.0,6699999999.999992,54815591.700415,26185250.658767,522343.73738,76566842.339274,0.0,32814361.023063,32814361.007526,0.016916,177287.69279799997,499791.08124327834,88643.846406,219081.26630424403,300000.0,False,True
1319,4,0,1,NORMAL,0.016624505582728787,0.0164256650393738,0.016624505582728787,1.0,3300000000.0,6699999999.999992,54860868.423005,26208891.299192,523132.80558,76628893.144217,0.0,32840954.225189,32840954.209642,0.016916,177288.014128,499793.1591596889,88644.00706900001,219262.36680166,300000.0,False,True
1320,4,0,1,NORMAL,0.016638226285788486,0.01643937866817475,0.016638226285788486,1.0,3300000000.0,6699999999.999992,54906146.743102,26232536.506849,523922.525022,76690944.060506,0.0,32867547.475039,32867547.459477,0.016916,177288.33226299996,499795.216417507,88644.16613900001,219443.47369201996,300000.0,False,True
1321,4,0,1,NORMAL,0.016651947472722424,0.01645309278459718,0.016651947472722424,1.0,3300000000.0,6699999999.999992,54951426.659984,26256186.282283,524712.895728,76752995.087036,0.0,32894140.772132,32894140.756559,0.016916,177288.64723499998,499797.25322195207,88644.32362299999,219624.586972408,300000.0,False,True
1322,4,0,1,NORMAL,0.016665669143314243,0.01646680738838538,0.016665669143314243,1.0,3300000000.0,6699999999.999992,54996708.172937,26279840.626037,525503.917722,76815046.222707,0.0,32920734.116006,32920734.100416,0.016916,177288.959073,499799.2697762086,88644.47954499998,219805.70663993602,300000.0,False,True
1323,4,0,1,NORMAL,0.016679391297350608,0.016480522479286365,0.016679391297350608,1.0,3300000000.0,6699999999.999992,55041991.281257,26303499.538666,526295.591026,76877097.46644,0.0,32947327.506186,32947327.490585,0.016916,177289.26781500003,499801.2662814455,88644.63391300001,219986.83269174802,300000.0,False,True
1324,4,0,1,NORMAL,0.01669311393461939,0.016494238057049786,0.01669311393461939,1.0,3300000000.0,6699999999.999992,55087275.984244,26327163.020722,527087.915664,76939148.817157,0.0,32973920.942217,32973920.926604,0.016916,177289.57348400002,499803.24293683673,88644.786748,220167.96512502801,300000.0,False,True
1325,4,0,1,NORMAL,0.016706837054910908,0.016507954121427925,0.016706837054910908,1.0,3300000000.0,6699999999.999992,55132562.281206,26350831.072762,527880.891658,77001200.275484,0.0,33000514.423646,33000514.408017,0.015225,177289.87611400004,499805.1999395806,88644.93806500001,220349.10393697597,300000.0,False,True
1326,4,0,1,NORMAL,0.016720560658018788,0.016521670672175724,0.016720560658018788,1.0,3300000000.0,6699999999.999992,55177850.171462,26374503.695346,528674.519031,77063251.836988,0.0,33027107.950018,33027107.934373,0.015225,177290.17573599998,499807.13748491934,88645.08787600002,220530.24912482398,300000.0,False,True
1327,4,0,1,NORMAL,0.016734284743737577,0.01653538770905068,0.016734284743737577,1.0,3300000000.0,6699999999.999992,55223139.654334,26398180.88904,529468.797807,77125303.502318,0.0,33053701.520883,33053701.505228,0.015225,177290.47238,499809.05576615856,88645.23619499999,220711.400685848,300000.0,False,True
1328,4,0,1,NORMAL,0.01674800931186394,0.016549105231812827,0.01674800931186394,1.0,3300000000.0,6699999999.999992,55268430.729151,26421862.65441,530263.728008,77187355.270441,0.0,33080295.135801,33080295.120136,0.015225,177290.766072,499810.95497468655,88645.383041,220892.558617336,300000.0,False,True
1329,4,0,1,NORMAL,0.016761734362198483,0.016562823240224806,0.016761734362198483,1.0,3300000000.0,6699999999.999992,55313723.395255,26445548.992024,531059.309657,77249407.140334,0.0,33106888.794339,33106888.778659,0.015225,177291.05684700003,499812.8352999926,88645.528431,221073.722916604,300000.0,False,True
1330,4,0,1,NORMAL,0.016775459894542422,0.01657654173405175,0.016775459894542422,1.0,3300000000.0,6699999999.999992,55359017.65199,26469239.902457,531855.542777,77311459.110987,0.0,33133482.496058,33133482.480365,0.015225,177291.34473100002,499814.69692968676,88645.672372,221254.89358101998,300000.0,False,True
1331,4,0,1,NORMAL,0.01678918590869818,0.016590260713061196,0.01678918590869818,1.0,3300000000.0,6699999999.999992,55404313.498704,26492935.386288,532652.42739,77373511.181398,0.0,33160076.240527,33160076.224825,0.015225,177291.629751,499816.5400495176,88645.81487999999,221436.07060796,300000.0,False,True
1332,4,0,1,NORMAL,0.016802912404472122,0.016603980177023192,0.016802912404472122,1.0,3300000000.0,6699999999.999992,55449610.934758,26516635.444092,533449.96352,77435563.352094,0.0,33186670.027328,33186670.011612,0.013703,177291.91193600002,499818.36484339094,88645.955975,221617.25399481598,300000.0,False,True
1333,4,0,1,NORMAL,0.016816639381673333,0.0166177001257103,0.016816639381673333,1.0,3300000000.0,6699999999.999992,55494909.959522,26540340.076453,534248.151189,77497615.619053,0.0,33213263.856033,33213263.840306,0.013703,177292.19131700002,499820.1714933881,88646.09566399998,221798.443739032,300000.0,False,True
1334,4,0,1,NORMAL,0.016830366840110304,0.016631420558897398,0.016830366840110304,1.0,3300000000.0,6699999999.999992,55540210.572364,26564049.283955,535046.990421,77559667.98282,0.0,33239857.726233,33239857.710491,0.013703,177292.46791900005,499821.9601797838,88646.233967,221979.639838088,300000.0,False,True
1335,4,0,1,NORMAL,0.016844094779595756,0.01664514147636181,0.016844094779595756,1.0,3300000000.0,6699999999.999992,55585512.772666,26587763.06719,535846.481238,77621720.442438,0.0,33266451.637505,33266451.621754,0.013703,177292.74177099997,499823.73108106444,88646.37088999999,222160.84228945602,300000.0,False,True
1336,4,0,1,NORMAL,0.016857823199943032,0.01665886287788318,0.016857823199943032,1.0,3300000000.0,6699999999.999992,55630816.559812,26611481.426746,536646.623663,77683772.996949,0.0,33293045.589453,33293045.573685,0.013703,177293.01290100004,499825.484373945,88646.506459,222342.051090664,300000.0,False,True
1337,4,0,1,NORMAL,0.016871552100968787,0.016672584763243542,0.016871552100968787,1.0,3300000000.0,6699999999.999992,55676121.933197,26635204.363218,537447.417718,77745825.645411,0.0,33319639.581665,33319639.565882,0.013703,177293.281333,499827.2202333874,88646.64067400001,222523.266239248,300000.0,False,True
1338,4,0,1,NORMAL,0.016885281482490303,0.016686307132227206,0.016885281482490303,1.0,3300000000.0,6699999999.999992,55721428.892218,26658931.877208,538248.863427,77807878.386892,0.0,33346233.613741,33346233.597942,0.013703,177293.547098,499828.93883261766,88646.77355700001,222704.487732788,300000.0,False,True
1339,4,0,1,NORMAL,0.01689901134432788,0.0167000299846208,0.01689901134432788,1.0,3300000000.0,6699999999.999992,55766737.436282,26682663.969312,539050.960812,77869931.221835,0.0,33372827.685285,33372827.669471,0.012333,177293.81021899998,499830.6403431424,88646.905117,222885.71556887202,300000.0,False,True
1340,4,0,1,NORMAL,0.016912741686303332,0.016713753320213222,0.016912741686303332,1.0,3300000000.0,6699999999.999992,55812047.564801,26706400.640136,539853.709896,77931984.146585,0.0,33399421.795904,33399421.780075,0.012333,177294.07072299998,499832.3249347668,88647.03536899999,223066.94974512805,300000.0,False,True
1341,4,0,1,NORMAL,0.016926472508240305,0.01672747713879562,0.016926472508240305,1.0,3300000000.0,6699999999.999992,55857359.277193,26730141.890284,540657.110702,77994037.161605,0.0,33426015.945213,33426015.929366,0.012333,177294.32864000002,499833.99277561076,88647.16432900002,223248.19025920398,300000.0,False,True
1342,4,0,1,NORMAL,0.01694020380996485,0.016741201440161377,0.01694020380996485,1.0,3300000000.0,6699999999.999992,55902672.572884,26753887.720366,541461.163253,78056090.265998,0.0,33452610.132822,33452610.116961,0.012333,177294.58399,499835.6440321261,88647.292002,223429.43710877205,300000.0,False,True
1343,4,0,1,NORMAL,0.01695393559130485,0.016754926224106115,0.01695393559130485,1.0,3300000000.0,6699999999.999992,55947987.451306,26777638.130992,542265.867572,78118143.458875,0.0,33479204.358352,33479204.342478,0.012333,177294.83680100003,499837.27886911255,88647.41840699998,223610.690291536,300000.0,False,True
1344,4,0,1,NORMAL,0.016967667852088787,0.016768651490427576,0.016967667852088787,1.0,3300000000.0,6699999999.999992,55993303.911893,26801393.122778,543071.223681,78180196.739356,0.0,33505798.621425,33505798.60554,0.012333,177295.08709700004,499838.89744973433,88647.54355399999,223791.949805224,300000.0,False,True
1345,4,0,1,NORMAL,0.016981400592148786,0.016782377238925717,0.016981400592148786,1.0,3300000000.0,6699999999.999992,56038621.954091,26825152.696339,543877.231603,78242250.106569,0.0,33532392.921673,33532392.905771,0.012333,177295.33490500003,499840.4999355365,88647.66746099999,223973.21564757198,300000.0,False,True
1346,4,0,1,NORMAL,0.016995133811318182,0.016796103469402652,0.016995133811318182,1.0,3300000000.0,6699999999.999992,56083941.57735,26848916.852298,544683.891361,78304303.560888,0.0,33558987.258718,33558987.242806,0.0111,177295.58025200004,499842.0864864611,88647.790131,224154.48781636395,300000.0,False,True
1347,4,0,1,NORMAL,0.017008867509431213,0.01680983018166256,0.017008867509431213,1.0,3300000000.0,6699999999.999992,56129262.781123,26872685.591275,545491.202977,78366357.098989,0.0,33585581.632202,33585581.616275,0.0111,177295.82315500002,499843.65726086206,88647.91158499998,224335.7663094,300000.0,False,True
1348,4,0,1,NORMAL,0.017022601686324242,0.0168235573755117,0.017022601686324242,1.0,3300000000.0,6699999999.999992,56174585.56487,26896458.913898,546299.166474,78428410.72126,0.0,33612176.041762,33612176.025817,0.0111,177296.06364400004,499845.2124155222,88648.031831,224517.05112449202,300000.0,False,True
1349,4,0,1,NORMAL,0.017036336341836364,0.016837285050758453,0.017036336341836364,1.0,3300000000.0,6699999999.999992,56219909.92806,26920236.820793,547107.781875,78490464.426866,0.0,33638770.487034,33638770.471075,0.0111,177296.30174200004,499846.7521056682,88648.15087799999,224698.34225948,300000.0,False,True
1350,4,0,1,NORMAL,0.01705007147580818,0.016851013207213276,0.01705007147580818,1.0,3300000000.0,6699999999.999992,56265235.870167,26944019.312592,547917.049203,78552518.214979,0.0,33665364.967662,33665364.951694,0.0111,177296.537473,499848.2764849856,88648.268741,224879.63971224002,300000.0,False,True
1351,4,0,1,NORMAL,0.017063807088081213,0.016864741844688627,0.017063807088081213,1.0,3300000000.0,6699999999.999992,56310563.390668,26967806.389925,548726.96848,78614572.084774,0.0,33691959.483306,33691959.467318,0.0111,177296.770858,499849.78570563486,88648.38543899998,225060.94348066798,300000.0,False,True
1352,4,0,1,NORMAL,0.0170775431785,0.01687847096299904,0.0170775431785,1.0,3300000000.0,6699999999.999992,56355892.48905,26991598.053429,549537.539729,78676626.035443,0.0,33718554.033605,33718554.017603,0.0111,177297.00192200002,499851.2799182659,88648.50096800001,225242.25356267203,300000.0,False,True
1353,4,0,1,NORMAL,0.01709127974690909,0.01689220056196098,0.01709127974690909,1.0,3300000000.0,6699999999.999992,56401223.1648,27015394.303744,550348.762973,78738680.067291,0.0,33745148.618221,33745148.602202,0.00999,177297.230691,499852.75927203347,88648.615354,225423.56995620002,300000.0,False,True
1354,4,0,1,NORMAL,0.01710501679315515,0.016905930641392862,0.01710501679315515,1.0,3300000000.0,6699999999.999992,56446555.417412,27039195.14151,551160.638234,78800734.1773,0.0,33771743.236811,33771743.220776,0.00999,177297.457182,499854.2239146113,88648.728599,225604.8926592,300000.0,False,True
1355,4,0,1,NORMAL,0.017118754317088484,0.016919661201115162,0.017118754317088484,1.0,3300000000.0,6699999999.999992,56491889.246392,27063000.567371,551973.165535,78862788.365796,0.0,33798337.889031,33798337.872987,0.00999,177297.68142300006,499855.6739922077,88648.84071599998,225786.221669648,300000.0,False,True
1356,4,0,1,NORMAL,0.017132492318558786,0.016933392240950234,0.017132492318558786,1.0,3300000000.0,6699999999.999992,56537224.651244,27086810.581971,552786.344899,78924842.631995,0.0,33824932.574556,33824932.558497,0.00999,177297.903433,499857.10964957904,88648.951724,225967.556985568,300000.0,False,True
1357,4,0,1,NORMAL,0.017146230797417273,0.016947123760722303,0.017146230797417273,1.0,3300000000.0,6699999999.999992,56582561.631477,27110625.18596,553600.176348,78986896.975123,0.0,33851527.293052,33851527.276978,0.00999,177298.12323300002,499858.53103004507,88649.061624,226148.89860497598,300000.0,False,True
1358,4,0,1,NORMAL,0.017159969753519393,0.0169608557602576,0.017159969753519393,1.0,3300000000.0,6699999999.999992,56627900.186614,27134444.379987,554414.659905,79048951.394418,0.0,33878122.044188,33878122.028102,0.00999,177298.34084999998,499859.9382755026,88649.17043099999,226330.246525908,300000.0,False,True
1359,4,0,1,NORMAL,0.017173709186719396,0.016974588239384168,0.017173709186719396,1.0,3300000000.0,6699999999.999992,56673240.316174,27158268.164705,555229.795593,79111005.88912,0.0,33904716.827647,33904716.811543,0.00999,177298.55630400003,499861.33152643964,88649.278161,226511.600746456,300000.0,False,True
1360,4,0,1,NORMAL,0.017187449096874544,0.016988321197931935,0.017187449096874544,1.0,3300000000.0,6699999999.999992,56718582.019686,27182096.540771,556045.583434,79173060.459481,0.0,33931311.643098,33931311.626981,0.008991,177298.76961299995,499862.7109219493,88649.38481300001,226692.96126469603,300000.0,False,True
1361,4,0,1,NORMAL,0.01720118948384303,0.017002054635732653,0.01720118948384303,1.0,3300000000.0,6699999999.999992,56763925.296682,27205929.508842,556862.023451,79235115.102758,0.0,33957906.490228,33957906.474099,0.008991,177298.98080199995,499864.07659974426,88649.49040699999,226874.32807874397,300000.0,False,True
1362,4,0,1,NORMAL,0.01721493034748606,0.01701578855261997,0.01721493034748606,1.0,3300000000.0,6699999999.999992,56809270.146704,27229767.069574,557679.115667,79297169.819215,0.0,33984501.368723,33984501.352579,0.008991,177299.18988899997,499865.4286961694,88649.594952,227055.701186728,300000.0,False,True
1363,4,0,1,NORMAL,0.017228671687664544,0.017029522948429302,0.017228671687664544,1.0,3300000000.0,6699999999.999992,56854616.569293,27253609.223635,558496.860104,79359224.608128,0.0,34011096.278266,34011096.262111,0.008991,177299.396901,499866.76734621637,88649.69845600001,227237.080586816,300000.0,False,True
1364,4,0,1,NORMAL,0.01724241350424091,0.017043257822997794,0.01724241350424091,1.0,3300000000.0,6699999999.999992,56899964.563995,27277455.971687,559315.256785,79421279.468771,0.0,34037691.218556,34037691.202383,0.008991,177299.60184800002,499868.0926835359,88649.80093299999,227418.466277172,300000.0,False,True
1365,4,0,1,NORMAL,0.017256155797081514,0.017056993176164485,0.017256155797081514,1.0,3300000000.0,6699999999.999992,56945314.130369,27301307.314396,560134.305732,79483334.400435,0.0,34064286.189277,34064286.173094,0.008991,177299.80476,499869.40484045213,88649.90238500001,227599.85825598,300000.0,False,True
1366,4,0,1,NORMAL,0.017269898566050303,0.01707072900777002,0.017269898566050303,1.0,3300000000.0,6699999999.999992,56990665.267966,27325163.252434,560954.006968,79545389.40241,0.0,34090881.190136,34090881.173938,0.008991,177300.005653,499870.7039479753,88650.002834,227781.256521476,300000.0,False,True
1367,4,0,1,NORMAL,0.01728364181101606,0.017084465317656863,0.01728364181101606,1.0,3300000000.0,6699999999.999992,57036017.976353,27349023.786473,561774.360515,79607444.474898,0.0,34117476.220829,34117476.204617,0.008092,177300.20455000002,499871.99013581476,88650.102282,227962.66107186401,300000.0,False,True
1368,4,0,1,NORMAL,0.017297385531848484,0.017098202105669227,0.017297385531848484,1.0,3300000000.0,6699999999.999992,57081372.2551,27372888.917185,562595.366397,79669499.61541,0.0,34144071.281058,34144071.264833,0.008092,177300.40146899997,499873.26353239175,88650.20074100001,228144.07190541198,300000.0,False,True
1369,4,0,1,NORMAL,0.017311129728417272,0.017111939371652972,0.017311129728417272,1.0,3300000000.0,6699999999.999992,57126728.103777,27396758.645245,563417.024635,79731554.824156,0.0,34170666.370533,34170666.354294,0.008092,177300.596428,499874.5242648524,88650.298221,228325.48902039998,300000.0,False,True
1370,4,0,1,NORMAL,0.017324874400594548,0.017125677115455654,0.017324874400594548,1.0,3300000000.0,6699999999.999992,57172085.521962,27420632.971333,564239.335253,79793610.10046,0.0,34197261.48896,34197261.472709,0.008092,177300.78944999998,499875.77245908027,88650.39473100001,228506.912415108,300000.0,False,True
1371,4,0,1,NORMAL,0.01733861954825394,0.017139415336926513,0.01733861954825394,1.0,3300000000.0,6699999999.999992,57217444.509238,27444511.896129,565062.298273,79855665.44365,0.0,34223856.636053,34223856.619787,0.008092,177300.980551,499877.00823970896,88650.49028300002,228688.34208784805,300000.0,False,True
1372,4,0,1,NORMAL,0.017352365171270607,0.017153154035916454,0.017352365171270607,1.0,3300000000.0,6699999999.999992,57262805.065193,27468395.420314,565885.913717,79917720.853061,0.0,34250451.811524,34250451.795246,0.008092,177301.16975200002,499878.23173013417,88650.584882,228869.778036952,300000.0,False,True
1373,4,0,1,NORMAL,0.0173661112695197,0.017166893212277955,0.0173661112695197,1.0,3300000000.0,6699999999.999992,57308167.189415,27492283.544576,566710.181608,79979776.328034,0.0,34277047.015091,34277046.998803,0.008092,177301.35707000003,499879.4430525263,88650.67854,229051.220260772,300000.0,False,True
1374,4,0,1,NORMAL,0.01737985784288,0.017180632865865186,0.01737985784288,1.0,3300000000.0,6699999999.999992,57353530.881504,27516176.269597,567535.101969,80041831.868725,0.0,34303642.246477,34303642.230179,0.007283,177301.542526,499880.6423278426,88650.771268,229232.66875766002,300000.0,False,True
1375,4,0,1,NORMAL,0.01739360489123,0.017194372996533886,0.01739360489123,1.0,3300000000.0,6699999999.999992,57398896.141059,27540073.596067,568360.674822,80103887.47287,0.0,34330237.505407,34330237.489096,0.007283,177301.726137,499881.8296758389,88650.863075,229414.123526016,300000.0,False,True
1376,4,0,1,NORMAL,0.01740735241445,0.01720811360414138,0.01740735241445,1.0,3300000000.0,6699999999.999992,57444262.967685,27563975.524678,569186.900189,80165943.14064,0.0,34356832.791607,34356832.77528,0.007283,177301.90792399997,499883.0052150819,88650.95397,229595.584564236,300000.0,False,True
1377,4,0,1,NORMAL,0.017421100412422424,0.01722185468854661,0.017421100412422424,1.0,3300000000.0,6699999999.999992,57489631.360994,27587882.05612,570013.778093,80227998.871402,0.0,34383428.104803,34383428.088462,0.007283,177302.08790200006,499884.16906296066,88651.043958,229777.05187074,300000.0,False,True
1378,4,0,1,NORMAL,0.017434848885029393,0.017235596249610016,0.017434848885029393,1.0,3300000000.0,6699999999.999992,57535001.320597,27611793.191089,570841.308557,80290054.664529,0.0,34410023.444727,34410023.428372,0.007283,177302.26608799995,499885.3213356984,88651.133051,229958.52544397602,300000.0,False,True
1379,4,0,1,NORMAL,0.017448597832155452,0.017249338287193595,0.017448597832155452,1.0,3300000000.0,6699999999.999992,57580372.846113,27635708.930284,571669.491604,80352110.519402,0.0,34436618.811113,34436618.794744,0.007283,177302.44250400004,499886.4621483639,88651.221259,230140.00528238798,300000.0,False,True
1380,4,0,1,NORMAL,0.017462347253687272,0.01726308080116093,0.017462347253687272,1.0,3300000000.0,6699999999.999992,57625745.937168,27659629.274401,572498.327255,80414166.435407,0.0,34463214.203699,34463214.187313,0.007283,177302.61716499997,499887.59161488333,88651.30859100001,230321.49138445195,300000.0,False,True
1381,4,0,1,NORMAL,0.017476097149511514,0.017276823791377096,0.017476097149511514,1.0,3300000000.0,6699999999.999992,57671120.593388,27683554.224141,573327.815534,80476222.412664,0.0,34489809.622219,34489809.605824,0.006555,177302.790089,499888.7098480512,88651.39504900001,230502.98374867198,300000.0,False,True
1382,4,0,1,NORMAL,0.017489847519514545,0.01729056725770855,0.017489847519514545,1.0,3300000000.0,6699999999.999992,57716496.814398,27707483.780208,574157.956462,80538278.449111,0.0,34516405.066425,34516405.050015,0.006555,177302.961291,499889.8169595415,88651.480653,230684.482373552,300000.0,False,True
1383,4,0,1,NORMAL,0.017503598363587575,0.017304311200023324,0.017503598363587575,1.0,3300000000.0,6699999999.999992,57761874.599839,27731417.943306,574988.750062,80600334.544885,0.0,34543000.536053,34543000.51963,0.006555,177303.13079099997,499890.9130599195,88651.565402,230865.987257592,300000.0,False,True
1384,4,0,1,NORMAL,0.01751734968162091,0.017318055618190914,0.01751734968162091,1.0,3300000000.0,6699999999.999992,57807253.949349,27755356.714141,575820.196357,80662390.699393,0.0,34569596.030855,34569596.014418,0.006555,177303.29860599997,499891.9982586517,88651.64931000002,231047.498399356,300000.0,False,True
1385,4,0,1,NORMAL,0.017531101473505756,0.017331800512082197,0.017531101473505756,1.0,3300000000.0,6699999999.999992,57852634.862569,27779300.093423,576652.29537,80724446.912052,0.0,34596191.55058,34596191.534128,0.006555,177303.464753,499893.07266411773,88651.73238400002,231229.01579739602,300000.0,False,True
1386,4,0,1,NORMAL,0.017544853739136668,0.01734554588156958,0.017544853739136668,1.0,3300000000.0,6699999999.999992,57898017.339151,27803248.081861,577485.047122,80786503.182285,0.0,34622787.094975,34622787.078513,0.006555,177303.62924599997,499894.13638362044,88651.81462800001,231410.539450276,300000.0,False,True
1387,4,0,1,NORMAL,0.01755860647840788,0.01735929172652689,0.01755860647840788,1.0,3300000000.0,6699999999.999992,57943401.378746,27827200.680168,578318.451637,80848559.509519,0.0,34649382.663798,34649382.647325,0.006555,177303.792103,499895.1895233969,88651.89605699999,231592.069356604,300000.0,False,True
1388,4,0,1,NORMAL,0.01757235969121515,0.01737303804682936,0.01757235969121515,1.0,3300000000.0,6699999999.999992,57988786.98101,27851157.889055,579152.508936,80910615.893841,0.0,34675978.256808,34675978.240324,0.0059,177303.95334299994,499896.23218862875,88651.97667700001,231773.60551498402,300000.0,False,True
1389,4,0,1,NORMAL,0.017586113377454544,0.017386784842353564,0.017586113377454544,1.0,3300000000.0,6699999999.999992,58034174.1456,27875119.709242,579987.219042,80972672.333381,0.0,34702573.873761,34702573.857267,0.0059,177304.112976,499897.2644834532,88652.05649300001,231955.14792404,300000.0,False,True
1390,4,0,1,NORMAL,0.01759986753702394,0.01740053211297746,0.01759986753702394,1.0,3300000000.0,6699999999.999992,58079562.872179,27899086.141445,580822.581978,81034728.828236,0.0,34729169.514423,34729169.497918,0.0059,177304.27102299998,499898.2865109724,88652.135517,232136.69658239998,300000.0,False,True
1391,4,0,1,NORMAL,0.01761362216982303,0.0174142798585804,0.01761362216982303,1.0,3300000000.0,6699999999.999992,58124953.160416,27923057.186382,581658.597766,81096785.377857,0.0,34755765.178556,34755765.162039,0.0059,177304.42749600002,499899.2983732647,88652.21375400001,232318.25148871602,300000.0,False,True
1392,4,0,1,NORMAL,0.01762737727575212,0.01742802807904309,0.01762737727575212,1.0,3300000000.0,6699999999.999992,58170345.009982,27947032.844776,582495.266429,81158841.9817,0.0,34782360.865924,34782360.8494,0.0059,177304.58241500004,499900.3001713944,88652.291211,232499.812641664,300000.0,False,True
1393,4,0,1,NORMAL,0.01764113285471333,0.017441776774247623,0.01764113285471333,1.0,3300000000.0,6699999999.999992,58215738.420554,27971013.117346,583332.587989,81220898.639224,0.0,34808956.576302,34808956.559766,0.0059,177304.73579199996,499901.29200542165,88652.36790200001,232681.38003992796,300000.0,False,True
1394,4,0,1,NORMAL,0.01765488890660879,0.01745552594407738,0.01765488890660879,1.0,3300000000.0,6699999999.999992,58261133.391809,27994998.004821,584170.562468,81282955.349898,0.0,34835552.309456,34835552.29291,0.0059,177304.88764600002,499902.2739744127,88652.44382799999,232862.953682216,300000.0,False,True
1395,4,0,1,NORMAL,0.017668645431341515,0.017469275588417002,0.017668645431341515,1.0,3300000000.0,6699999999.999992,58306529.923427,28018987.507928,585009.189889,81345012.113781,0.0,34862148.06516,34862148.048605,0.00531,177305.03798500003,499903.2461764494,88652.518997,233044.533567236,300000.0,False,True
1396,4,0,1,NORMAL,0.017682402428816666,0.017483025707152464,0.017682402428816666,1.0,3300000000.0,6699999999.999992,58351928.015095,28042981.627392,585848.470274,81407068.929168,0.0,34888743.843194,34888743.826627,0.00531,177305.18682999996,499904.2087086394,88652.59342100003,233226.119693708,300000.0,False,True
1397,4,0,1,NORMAL,0.017696159898940304,0.017496776300171032,0.017696159898940304,1.0,3300000000.0,6699999999.999992,58397327.666503,28066980.363946,586688.403646,81469125.796134,0.0,34915339.643331,34915339.626754,0.00531,177305.334196,499905.16166712553,88652.66710299999,233407.71206038,300000.0,False,True
1398,4,0,1,NORMAL,0.017709917841620303,0.01751052736736131,0.017709917841620303,1.0,3300000000.0,6699999999.999992,58442728.877347,28090983.718318,587528.990027,81531182.714166,0.0,34941935.465353,34941935.448764,0.00531,177305.480096,499906.10514709546,88652.740054,233589.31066601202,300000.0,False,True
1399,4,0,1,NORMAL,0.017723676256763028,0.017524278908613036,0.017723676256763028,1.0,3300000000.0,6699999999.999992,58488131.647318,28114991.691243,588370.22944,81593239.682752,0.0,34968531.309049,34968531.292442,0.00531,177305.624546,499907.0392427911,88652.81228200001,233770.915509388,300000.0,False,True
1400,4,0,1,NORMAL,0.01773743514427909,0.0175380309238173,0.01773743514427909,1.0,3300000000.0,6699999999.999992,58533535.976121,28139004.283457,589212.121907,81655296.701394,0.0,34995127.174191,34995127.157573,0.00531,177305.76755699998,499907.96404751827,88652.88378399999,233952.52658927196,300000.0,False,True
1401,4,0,1,NORMAL,0.017751194504078183,0.017551783412866392,0.017751194504078183,1.0,3300000000.0,6699999999.999992,58578941.863458,28163021.495695,590054.667451,81717353.769591,0.0,35021723.060573,35021723.043942,0.00531,177305.90914499998,499908.8796536554,88652.95457900001,234134.14390448402,300000.0,False,True
1402,4,0,1,NORMAL,0.017764954336072423,0.017565536375653876,0.017764954336072423,1.0,3300000000.0,6699999999.999992,58624349.309039,28187043.328693,590897.866093,81779410.887382,0.0,35048318.967986,35048318.951337,0.004779,177306.049328,499909.78615266335,88653.02467299999,234315.76745383203,300000.0,False,True
1403,4,0,1,NORMAL,0.01777871464017303,0.017579289812074468,0.01777871464017303,1.0,3300000000.0,6699999999.999992,58669758.312571,28211069.783196,591741.717857,81841468.053219,0.0,35074914.896212,35074914.879551,0.004779,177306.188114,499910.6836350941,88653.09406299998,234497.397236156,300000.0,False,True
1404,4,0,1,NORMAL,0.017792475416293335,0.017593043722024075,0.017792475416293335,1.0,3300000000.0,6699999999.999992,58715168.873768,28235100.859945,592586.222764,81903525.267149,0.0,35101510.845049,35101510.828376,0.004779,177306.32552200003,499911.57219060004,88653.16276699999,234679.033250284,300000.0,False,True
1405,4,0,1,NORMAL,0.017806236664348787,0.017606798105399866,0.017806236664348787,1.0,3300000000.0,6699999999.999992,58760580.992351,28259136.559678,593431.380838,81965582.528692,0.0,35128106.814293,35128106.797607,0.004779,177306.46156100003,499912.45190794265,88653.23078700002,234860.67549507204,300000.0,False,True
1406,4,0,1,NORMAL,0.017819998384254243,0.01762055296210015,0.017819998384254243,1.0,3300000000.0,6699999999.999992,58805994.668039,28283176.883142,594277.1921,82027639.837376,0.0,35154702.803739,35154702.787039,0.004779,177306.596246,499913.3228750014,88653.29813,235042.32396940398,300000.0,False,True
1407,4,0,1,NORMAL,0.017833760575925152,0.017634308292024344,0.017833760575925152,1.0,3300000000.0,6699999999.999992,58851409.900553,28307221.831083,595123.656573,82089697.192729,0.0,35181298.81319,35181298.796475,0.004779,177306.72959299997,499914.18517878314,88653.364804,235223.97867215602,300000.0,False,True
1408,4,0,1,NORMAL,0.017847523239279697,0.01764806409507308,0.017847523239279697,1.0,3300000000.0,6699999999.999992,58896826.689623,28331271.40425,595970.774279,82151754.594291,0.0,35207894.84244,35207894.825712,0.004779,177306.861611,499915.03890542925,88653.430812,235405.639602212,300000.0,False,True
1409,4,0,1,NORMAL,0.017861286374236365,0.01766182037114813,0.017861286374236365,1.0,3300000000.0,6699999999.999992,58942245.03498,28355325.60339,596818.545241,82213812.042077,0.0,35234490.891296,35234490.874556,0.004302,177306.992318,499915.8841402258,88653.49616499999,235587.306758492,300000.0,False,True
1410,4,0,1,NORMAL,0.017875049980714243,0.017675577120152396,0.017875049980714243,1.0,3300000000.0,6699999999.999992,58987664.936357,28379384.429256,597666.969481,82275869.534679,0.0,35261086.959561,35261086.942813,0.004302,177307.12172600004,499916.72096761136,88653.56086700001,235768.98013992002,300000.0,False,True
1411,4,0,1,NORMAL,0.017888814058633937,0.017689334341989917,0.017888814058633937,1.0,3300000000.0,6699999999.999992,59033086.393492,28403447.882596,598516.047021,82337927.072121,0.0,35287683.04705,35287683.030287,0.004302,177307.249847,499917.54947118514,88653.624931,235950.659745428,300000.0,False,True
1412,4,0,1,NORMAL,0.01790257860791606,0.0177030920365658,0.01790257860791606,1.0,3300000000.0,6699999999.999992,59078509.406123,28427515.964166,599365.777884,82399984.653959,0.0,35314279.153565,35314279.136787,0.004302,177307.37669099995,499918.36973371595,88653.68835300002,236132.34557396796,300000.0,False,True
1413,4,0,1,NORMAL,0.01791634362848303,0.017716850203786265,0.01791634362848303,1.0,3300000000.0,6699999999.999992,59123933.973994,28451588.674723,600216.162092,82462042.279753,0.0,35340875.278914,35340875.262125,0.004302,177307.502275,499919.18183714995,88653.751143,236314.037624492,300000.0,False,True
1414,4,0,1,NORMAL,0.017930109120258487,0.017730608843558666,0.017930109120258487,1.0,3300000000.0,6699999999.999992,59169360.096853,28475666.015021,601067.199668,82524099.949064,0.0,35367471.422915,35367471.406113,0.004302,177307.62661099996,499919.98586261895,88653.81331199998,236495.73589597602,300000.0,False,True
1415,4,0,1,NORMAL,0.017943875083165455,0.017744367955791363,0.017943875083165455,1.0,3300000000.0,6699999999.999992,59214787.774446,28499747.98582,601918.890633,82586157.66146,0.0,35394067.585381,35394067.568565,0.004302,177307.74971,499920.7818904487,88653.874862,236677.440387412,300000.0,False,True
1416,4,0,1,NORMAL,0.01795764151712909,0.017758127540393798,0.01795764151712909,1.0,3300000000.0,6699999999.999992,59260217.006526,28523834.587878,602771.235011,82648215.416941,0.0,35420663.766128,35420663.7493,0.003872,177307.871584,499921.5700001666,88653.93579800002,236859.15109778402,300000.0,False,True
1417,4,0,1,NORMAL,0.01797140842207515,0.017771887597276468,0.01797140842207515,1.0,3300000000.0,6699999999.999992,59305647.792848,28547925.821956,603624.232823,82710273.214222,0.0,35447259.964976,35447259.948133,0.003872,177307.992243,499922.3502705096,88653.99612899999,237040.86802610397,300000.0,False,True
1418,4,0,1,NORMAL,0.017985175797930304,0.01778564812635091,0.017985175797930304,1.0,3300000000.0,6699999999.999992,59351080.13317,28572021.688816,604477.884092,82772331.053313,0.0,35473856.181744,35473856.164885,0.003872,177308.11170200002,499923.1227794324,88654.055859,237222.591171392,300000.0,False,True
1419,4,0,1,NORMAL,0.017998943644622727,0.017799409127529735,0.017998943644622727,1.0,3300000000.0,6699999999.999992,59396514.027255,28596122.189223,605332.18884,82834388.933802,0.0,35500452.416247,35500452.399379,0.003872,177308.22997500002,499923.887604115,88654.11499200002,237404.32053268002,300000.0,False,True
1420,4,0,1,NORMAL,0.01801271196208121,0.017813170600726607,0.01801271196208121,1.0,3300000000.0,6699999999.999992,59441949.474868,28620227.323939,606187.14709,82896446.855275,0.0,35527048.668315,35527048.651437,0.003872,177308.347072,499924.6448209702,88654.17354099998,237586.05610902,300000.0,False,True
1421,4,0,1,NORMAL,0.01802648075023394,0.017826932545856114,0.01802648075023394,1.0,3300000000.0,6699999999.999992,59487386.475772,28644337.093732,607042.758864,82958504.817322,0.0,35553644.937776,35553644.920884,0.003872,177308.46300199997,499925.39450565143,88654.23150799997,237767.79789947197,300000.0,False,True
1422,4,0,1,NORMAL,0.018040250009011514,0.017840694962833883,0.018040250009011514,1.0,3300000000.0,6699999999.999992,59532825.029738,28668451.499372,607899.024184,83020562.819542,0.0,35580241.224454,35580241.207547,0.003872,177308.577781,499926.1367330605,88654.28889800001,237949.54590308797,300000.0,False,True
1423,4,0,1,NORMAL,0.01805401973834515,0.017854457851576546,0.01805401973834515,1.0,3300000000.0,6699999999.999992,59578265.136539,28692570.541627,608755.943073,83082620.861923,0.0,35606837.528174,35606837.511256,0.003485,177308.691417,499926.8715773547,88654.345714,238131.300118952,300000.0,False,True
1424,4,0,1,NORMAL,0.018067789938166667,0.017868221212001715,0.018067789938166667,1.0,3300000000.0,6699999999.999992,59623706.79595,28716694.221266,609613.515553,83144678.943293,0.0,35633433.848771,35633433.831842,0.003485,177308.80392300003,499927.5991119541,88654.401967,238313.060546156,300000.0,False,True
1425,4,0,1,NORMAL,0.018081560608408483,0.017881985044027958,0.018081560608408483,1.0,3300000000.0,6699999999.999992,59669150.007748,28740822.539062,610471.741646,83206737.063648,0.0,35660030.18608,35660030.169134,0.003485,177308.91531100002,499928.31940954935,88654.457664,238494.82718380002,300000.0,False,True
1426,4,0,1,NORMAL,0.018095331749003334,0.017895749347574756,0.018095331749003334,1.0,3300000000.0,6699999999.999992,59714594.771711,28764955.49579,611330.621375,83268795.2226,0.0,35686626.539929,35686626.52297,0.003485,177309.02558899997,499929.0325421085,88654.51280100002,238676.60003099198,300000.0,False,True
1427,4,0,1,NORMAL,0.01810910335988697,0.017909514122562642,0.01810910335988697,1.0,3300000000.0,6699999999.999992,59760041.087627,28789093.092222,612190.154762,83330853.419766,0.0,35713222.910155,35713222.893182,0.003485,177309.13477000003,499929.73858088447,88654.56739200001,238858.37908684404,300000.0,False,True
1428,4,0,1,NORMAL,0.01812287544099515,0.017923279368913126,0.01812287544099515,1.0,3300000000.0,6699999999.999992,59805488.955284,28813235.329133,613050.341829,83392911.654768,0.0,35739819.29659,35739819.279609,0.003485,177309.24286600002,499930.4375964217,88654.62143700001,239040.16435050798,300000.0,False,True
1429,4,0,1,NORMAL,0.018136647992261817,0.017937045086548527,0.018136647992261817,1.0,3300000000.0,6699999999.999992,59850938.374464,28837382.207303,613911.182599,83454969.927226,0.0,35766415.699082,35766415.682089,0.003485,177309.34988800003,499931.1296585638,88654.67495,239221.95582113598,300000.0,False,True
1430,4,0,1,NORMAL,0.01815042101362424,0.017950811275392123,0.01815042101362424,1.0,3300000000.0,6699999999.999992,59896389.34496,28861533.727508,614772.677094,83517028.237115,0.0,35793012.11747,35793012.100462,0.003137,177309.455843,499931.8148364602,88654.72792899999,239403.753497856,300000.0,False,True
1431,4,0,1,NORMAL,0.01816419450502,0.017964577935368115,0.01816419450502,1.0,3300000000.0,6699999999.999992,59941841.866566,28885689.89053,615634.825336,83579086.583372,0.0,35819608.551591,35819608.534572,0.003137,177309.560745,499932.49319857283,88654.780378,239585.55737984,300000.0,False,True
1432,4,0,1,NORMAL,0.01817796846638818,0.01797834506640167,0.01817796846638818,1.0,3300000000.0,6699999999.999992,59987295.939081,28909850.697146,616497.627347,83641144.965978,0.0,35846205.001296,35846204.984259,0.003137,177309.66460400002,499933.16481268324,88654.832311,239767.36746626403,300000.0,False,True
1433,4,0,1,NORMAL,0.018191742897667878,0.017992112668418846,0.018191742897667878,1.0,3300000000.0,6699999999.999992,60032751.562304,28934016.148139,617361.08315,83703203.384574,0.0,35872801.466421,35872801.44937,0.003137,177309.76742800002,499933.8297458991,88654.88372100002,239949.183756324,300000.0,False,True
1434,4,0,1,NORMAL,0.01820551779879818,0.018005880741346545,0.01820551779879818,1.0,3300000000.0,6699999999.999992,60078208.736034,28958186.244294,618225.192767,83765261.838801,0.0,35899397.946816,35899397.929751,0.003137,177309.86922999998,499934.48806466156,88654.93462200002,240131.006249216,300000.0,False,True
1435,4,0,1,NORMAL,0.018219293169719392,0.018019649285112536,0.018219293169719392,1.0,3300000000.0,6699999999.999992,60123667.460074,28982360.986396,619089.956221,83827320.328304,0.0,35925994.442331,35925994.425251,0.003137,177309.97002100002,499935.1398347508,88654.985018,240312.834944136,300000.0,False,True
1436,4,0,1,NORMAL,0.01823306901037394,0.01803341829964553,0.01823306901037394,1.0,3300000000.0,6699999999.999992,60169127.734234,29006540.375229,619955.373533,83889378.852733,0.0,35952590.952812,35952590.93572,0.003137,177310.06980799997,499935.78512129345,88655.03491,240494.66984029597,300000.0,False,True
1437,4,0,1,NORMAL,0.01824684532070394,0.018047187784875105,0.01824684532070394,1.0,3300000000.0,6699999999.999992,60214589.558323,29030724.41158,620821.444726,83951437.412055,0.0,35979187.478109,35979187.461008,0.002824,177310.168603,499936.42398876866,88655.084306,240676.51093693599,300000.0,False,True
1438,4,0,1,NORMAL,0.018260622100650607,0.01806095774073159,0.018260622100650607,1.0,3300000000.0,6699999999.999992,60260052.932147,29054913.096238,621688.169823,84013496.005296,0.0,36005784.018083,36005784.000967,0.002824,177310.26641500002,499937.056501015,88655.13321500001,240858.358233292,300000.0,False,True
1439,4,0,1,NORMAL,0.018274399350158788,0.01807472816714625,0.018274399350158788,1.0,3300000000.0,6699999999.999992,60305517.855524,29079106.429991,622555.548845,84075554.63243,0.0,36032380.572584,36032380.555452,0.002824,177310.363254,499937.68272123585,88655.18163499999,241040.211728588,300000.0,False,True
1440,4,0,1,NORMAL,0.018288177069172122,0.018088499064051147,0.018288177069172122,1.0,3300000000.0,6699999999.999992,60350984.328268,29103304.413632,623423.581815,84137613.293121,0.0,36058977.141467,36058977.124317,0.002824,177310.45913000003,499938.30271200684,88655.229574,241222.071422096,300000.0,False,True
1441,4,0,1,NORMAL,0.01830195525763606,0.018102270431379207,0.01830195525763606,1.0,3300000000.0,6699999999.999992,60396452.350199,29127507.04795,624292.268755,84199671.987034,0.0,36085573.724588,36085573.70742,0.002824,177310.55405,499938.9165352816,88655.27703399998,241403.93731307203,300000.0,False,True
1442,4,0,1,NORMAL,0.018315733915496363,0.018116042269064186,0.018315733915496363,1.0,3300000000.0,6699999999.999992,60441921.921138,29151714.333738,625161.609688,84261730.71384,0.0,36112170.321803,36112170.304621,0.002824,177310.64802800003,499939.5242523975,88655.32402099998,241585.809400796,300000.0,False,True
1443,4,0,1,NORMAL,0.018329513042698486,0.018129814577040593,0.018329513042698486,1.0,3300000000.0,6699999999.999992,60487393.040905,29175926.271792,626031.604636,84323789.47321,0.0,36138766.932976,36138766.915778,0.002824,177310.74107000002,499940.12592408265,88655.370543,241767.687684552,300000.0,False,True
1444,4,0,1,NORMAL,0.018343292639190305,0.0181435873552438,0.018343292639190305,1.0,3300000000.0,6699999999.999992,60532865.709328,29200142.862906,626902.25362,84385848.265105,0.0,36165363.557961,36165363.540753,0.002542,177310.83318599997,499940.721610461,88655.41659800001,241949.57216362003,300000.0,False,True
1445,4,0,1,NORMAL,0.01835707270491879,0.01815736060360993,0.01835707270491879,1.0,3300000000.0,6699999999.999992,60578339.926232,29224364.107875,627773.556664,84447907.088636,0.0,36191960.19663,36191960.179409,0.002542,177310.92438699998,499941.3113710594,88655.46220000002,242131.46283731205,300000.0,False,True
1446,4,0,1,NORMAL,0.018370853239833333,0.018171134322075958,0.018370853239833333,1.0,3300000000.0,6699999999.999992,60623815.69145,29248590.007495,628645.513789,84509965.94377,0.0,36218556.848843,36218556.831608,0.002542,177311.01468,499941.89526481257,88655.507347,242313.359704928,300000.0,False,True
1447,4,0,1,NORMAL,0.018384634243882425,0.018184908510579603,0.018384634243882425,1.0,3300000000.0,6699999999.999992,60669293.004812,29272820.562567,629518.125018,84572024.830194,0.0,36245153.514463,36245153.497217,0.002542,177311.104077,499942.47335006937,88655.552044,242495.2627658,300000.0,False,True
1448,4,0,1,NORMAL,0.018398415717015757,0.018198683169059354,0.018398415717015757,1.0,3300000000.0,6699999999.999992,60714771.866152,29297055.773889,630391.390373,84634083.747594,0.0,36271750.193362,36271750.1761,0.002542,177311.19258200002,499943.04568459874,88655.59629899997,242677.172019248,300000.0,False,True
1449,4,0,1,NORMAL,0.01841219765918303,0.01821245829745443,0.01841219765918303,1.0,3300000000.0,6699999999.999992,60760252.275304,29321295.642264,631265.309876,84696142.695662,0.0,36298346.885405,36298346.868127,0.002542,177311.280206,499943.6123255954,88655.64011100002,242859.087464608,300000.0,False,True
1450,4,0,1,NORMAL,0.018425980070336665,0.0182262338957049,0.018425980070336665,1.0,3300000000.0,6699999999.999992,60805734.232111,29345540.16849,632139.88355,84758201.674095,0.0,36324943.590459,36324943.573167,0.002542,177311.36695999998,499944.17332968523,88655.68348699997,243041.00910121598,300000.0,False,True
1451,4,0,1,NORMAL,0.018439762950427274,0.018240009963751507,0.018439762950427274,1.0,3300000000.0,6699999999.999992,60851217.73641,29369789.353374,633015.111417,84820260.682845,0.0,36351540.308395,36351540.291092,0.002288,177311.452853,499944.72875293146,88655.726432,243222.93692844396,300000.0,False,True
1452,4,0,1,NORMAL,0.01845354629940697,0.01825378650153573,0.01845354629940697,1.0,3300000000.0,6699999999.999992,60896702.788043,29394043.197717,633890.993499,84882319.721102,0.0,36378137.039089,36378137.021771,0.002288,177311.537887,499945.27865083975,88655.76895099999,243404.87094564,300000.0,False,True
1453,4,0,1,NORMAL,0.01846733011723,0.018267563508999878,0.01846733011723,1.0,3300000000.0,6699999999.999992,60942189.386859,29418301.702322,634767.529818,84944378.788826,0.0,36404733.782409,36404733.76508,0.002288,177311.62207699998,499945.82307836413,88655.81104400002,243586.811152172,300000.0,False,True
1454,4,0,1,NORMAL,0.01848111440384909,0.018281340986086924,0.01848111440384909,1.0,3300000000.0,6699999999.999992,60987677.532702,29442564.867996,635644.720397,85006437.885723,0.0,36431330.538236,36431330.52089,0.002288,177311.70543099995,499946.36208991223,88655.85272400001,243768.757547436,300000.0,False,True
1455,4,0,1,NORMAL,0.018494899159218182,0.018295118932740554,0.018494899159218182,1.0,3300000000.0,6699999999.999992,61033167.22542,29466832.695548,636522.565258,85068497.011504,0.0,36457927.30644,36457927.289078,0.002288,177311.78795399997,499946.8957393509,88655.89398499999,243950.71013080797,300000.0,False,True
1456,4,0,1,NORMAL,0.018508684383292423,0.01830889734890519,0.018508684383292423,1.0,3300000000.0,6699999999.999992,61078658.464865,29491105.185784,637401.064423,85130556.16588,0.0,36484524.086898,36484524.069525,0.002288,177311.86965700006,499947.42408001114,88655.93483399997,244132.66890168004,300000.0,False,True
1457,4,0,1,NORMAL,0.018522470076026972,0.018322676234525954,0.018522470076026972,1.0,3300000000.0,6699999999.999992,61124151.250889,29515382.339515,638280.217914,85192615.348569,0.0,36511120.879488,36511120.862103,0.002288,177311.95054600004,499947.947164694,88655.975279,244314.63385946,300000.0,False,True
1458,4,0,1,NORMAL,0.01853625623737788,0.018336455589548658,0.01853625623737788,1.0,3300000000.0,6699999999.999992,61169645.583347,29539664.157548,639160.025754,85254674.559514,0.0,36537717.684094,36537717.666695,0.00206,177312.030632,499948.46504567575,88656.015323,244496.60500355606,300000.0,False,True
1459,4,0,1,NORMAL,0.01855004286730212,0.018350235413919853,0.01855004286730212,1.0,3300000000.0,6699999999.999992,61215141.462097,29563950.640693,640040.487964,85316733.797982,0.0,36564314.500595,36564314.483178,0.00206,177312.10992000002,499948.97777471243,88656.05496899999,244678.582333388,300000.0,False,True
1460,4,0,1,NORMAL,0.018563829965756364,0.018364015707586726,0.018563829965756364,1.0,3300000000.0,6699999999.999992,61260638.886996,29588241.789766,640921.604567,85378793.063926,0.0,36590911.328866,36590911.311437,0.00206,177312.18841799998,499949.4854030461,88656.094215,244860.565848388,300000.0,False,True
1461,4,0,1,NORMAL,0.01857761753269879,0.018377796470497185,0.01857761753269879,1.0,3300000000.0,6699999999.999992,61306137.857906,29612537.605576,641803.375586,85440852.357071,0.0,36617508.168796,36617508.151355,0.00206,177312.26613799998,499949.987981409,88656.13307499999,245042.555547984,300000.0,False,True
1462,4,0,1,NORMAL,0.018591405568087273,0.01839157770259977,0.018591405568087273,1.0,3300000000.0,6699999999.999992,61351638.374688,29636838.088939,642685.801042,85502911.677147,0.0,36644105.020268,36644105.002814,0.00206,177312.34308299999,499950.48556002893,88656.17154800001,245224.55143162404,300000.0,False,True
1463,4,0,1,NORMAL,0.018605194071881517,0.018405359403843753,0.018605194071881517,1.0,3300000000.0,6699999999.999992,61397140.437209,29661143.240668,643568.880958,85564971.023887,0.0,36670701.883165,36670701.865701,0.00206,177312.41926399997,499950.9781886347,88656.20963699999,245406.553498752,300000.0,False,True
1464,4,0,1,NORMAL,0.01861898304404,0.018419141574178996,0.01861898304404,1.0,3300000000.0,6699999999.999992,61442644.045332,29685453.061579,644452.615356,85627030.397024,0.0,36697298.757377,36697298.739901,0.00206,177312.49468600002,499951.4659164602,88656.247349,245588.56174883601,300000.0,False,True
1465,4,0,1,NORMAL,0.01863277248452273,0.018432924213556013,0.01863277248452273,1.0,3300000000.0,6699999999.999992,61488149.198925,29709767.55249,645337.004258,85689089.796501,0.0,36723895.642792,36723895.625302,0.001854,177312.56935799995,499951.94879225024,88656.28468600001,245770.576181328,300000.0,False,True
1466,4,0,1,NORMAL,0.018646562393290305,0.018446707321925968,0.018646562393290305,1.0,3300000000.0,6699999999.999992,61533655.897858,29734086.714218,646222.047687,85751149.221646,0.0,36750492.539297,36750492.521792,0.001854,177312.643285,499952.4268642648,88656.32165000001,245952.59679570005,300000.0,False,True
1467,4,0,1,NORMAL,0.01866035277030515,0.018460490899240754,0.01866035277030515,1.0,3300000000.0,6699999999.999992,61579164.142007,29758410.547582,647107.745664,85813208.672412,0.0,36777089.446775,36777089.429262,0.001854,177312.71648000003,499952.9001802841,88656.35824400002,246134.62359143203,300000.0,False,True
1468,4,0,1,NORMAL,0.01867414361552788,0.018474274945452826,0.01867414361552788,1.0,3300000000.0,6699999999.999992,61624673.931242,29782739.053401,647994.098212,85875268.148541,0.0,36803686.365124,36803686.347602,0.001854,177312.78894699996,499953.3687876131,88656.39447800002,246316.656568028,300000.0,False,True
1469,4,0,1,NORMAL,0.018687934928919698,0.018488059460515207,0.018687934928919698,1.0,3300000000.0,6699999999.999992,61670185.265435,29807072.232496,648881.105353,85937327.649777,0.0,36830283.294241,36830283.276703,0.001854,177312.86069,499953.8327330866,88656.430353,246498.695724968,300000.0,False,True
1470,4,0,1,NORMAL,0.01870172671044485,0.01850184444438164,0.01870172671044485,1.0,3300000000.0,6699999999.999992,61715698.144468,29831410.085687,649768.76711,85999387.175876,0.0,36856880.234008,36856880.216459,0.001854,177312.93172099997,499954.2920630739,88656.46586600001,246680.74106174,300000.0,False,True
1471,4,0,1,NORMAL,0.018715518960065455,0.018515629897006402,0.018715518960065455,1.0,3300000000.0,6699999999.999992,61761212.568216,29855752.613799,650657.083504,86061446.726588,0.0,36883477.184326,36883477.166762,0.001854,177313.00204500003,499954.7468234829,88656.50102999998,246862.79257787205,300000.0,False,True
1472,4,0,1,NORMAL,0.018729311677746364,0.018529415818344466,0.018729311677746364,1.0,3300000000.0,6699999999.999992,61806728.536563,29880099.817652,651546.054558,86123506.301854,0.0,36910074.145086,36910074.127509,0.001669,177313.071669,499955.19705976517,88656.53584099999,247044.85027286402,300000.0,False,True
1473,4,0,1,NORMAL,0.01874310486345121,0.018543202208351355,0.01874310486345121,1.0,3300000000.0,6699999999.999992,61852246.049389,29904451.698071,652435.680294,86185565.901061,0.0,36936671.116188,36936671.098596,0.001669,177313.140603,499955.64281692053,88656.570309,247226.914146252,300000.0,False,True
1474,4,0,1,NORMAL,0.01875689851714485,0.018556989066983196,0.01875689851714485,1.0,3300000000.0,6699999999.999992,61897765.106578,29928808.255883,653325.960734,86247625.524155,0.0,36963268.097522,36963268.07992,0.001669,177313.208846,499956.08413950104,88656.60442799999,247408.98419755595,300000.0,False,True
1475,4,0,1,NORMAL,0.01877069263879303,0.018570776394196735,0.01877069263879303,1.0,3300000000.0,6699999999.999992,61943285.708017,29953169.49191,654216.895901,86309685.170897,0.0,36989865.088993,36989865.07138,0.001669,177313.27641499997,499956.521071616,88656.638213,247591.060426312,300000.0,False,True
1476,4,0,1,NORMAL,0.01878448722836091,0.018584564189949266,0.01878448722836091,1.0,3300000000.0,6699999999.999992,61988807.853591,29977535.40698,655108.485816,86371744.841052,0.0,37016462.0905,37016462.072874,0.001669,177313.34331099998,499956.9536569363,88656.671662,247773.142832068,300000.0,False,True
1477,4,0,1,NORMAL,0.018798282285815454,0.018598352454198698,0.018798282285815454,1.0,3300000000.0,6699999999.999992,62034331.543191,30001906.001921,656000.730502,86433804.534388,0.0,37043059.101943,37043059.0843,0.001669,177313.409541,499957.38193869794,88656.70477899998,247955.231414364,300000.0,False,True
1478,4,0,1,NORMAL,0.018812077811122728,0.018612141186903474,0.018812077811122728,1.0,3300000000.0,6699999999.999992,62079856.776705,30026281.27756,656893.629981,86495864.250672,0.0,37069656.123221,37069656.105565,0.001669,177313.47511100004,499957.8059597079,88656.73756199998,248137.326172764,300000.0,False,True
1479,4,0,1,NORMAL,0.01882587380425091,0.018625930388022665,0.01882587380425091,1.0,3300000000.0,6699999999.999992,62125383.554028,30050661.234727,657787.184275,86557923.989845,0.0,37096253.154234,37096253.136566,0.001503,177313.54002800002,499958.2257623468,88656.77001999998,248319.42710682002,300000.0,False,True
1480,4,0,1,NORMAL,0.018839670265166364,0.018639720057515807,0.018839670265166364,1.0,3300000000.0,6699999999.999992,62170911.875049,30075045.874253,658681.393407,86619983.751346,0.0,37122850.19489,37122850.177207,0.001503,177313.604299,499958.6413885742,88656.802157,248501.534216112,300000.0,False,True
1481,4,0,1,NORMAL,0.018853467193838486,0.01865351019534308,0.018853467193838486,1.0,3300000000.0,6699999999.999992,62216441.739667,30099435.196968,659576.257398,86682043.535119,0.0,37149447.245092,37149447.227393,0.001503,177313.667934,499959.0528799322,88656.83397499999,248683.647500196,300000.0,False,True
1482,4,0,1,NORMAL,0.018867264590235758,0.01866730080146519,0.018867264590235758,1.0,3300000000.0,6699999999.999992,62261973.147778,30123829.203702,660471.776271,86744103.340941,0.0,37176044.304745,37176044.287029,0.001503,177313.730933,499959.4602775501,88656.865475,248865.76695866804,300000.0,False,True
1483,4,0,1,NORMAL,0.01888106245432697,0.01868109187584337,0.01888106245432697,1.0,3300000000.0,6699999999.999992,62307506.099279,30148227.89529,661367.950048,86806163.168594,0.0,37202641.373754,37202641.356021,0.001503,177313.79330700004,499959.8636221481,88656.896662,249047.892591112,300000.0,False,True
1484,4,0,1,NORMAL,0.018894860786082424,0.018694883418439442,0.018894860786082424,1.0,3300000000.0,6699999999.999992,62353040.594072,30172631.272564,662264.778751,86868223.017861,0.0,37229238.452024,37229238.434277,0.001503,177313.85506,499960.2629540413,88656.92753700001,249230.02439711598,300000.0,False,True
1485,4,0,1,NORMAL,0.01890865958547121,0.01870867542921569,0.01890865958547121,1.0,3300000000.0,6699999999.999992,62398576.632055,30197039.336359,663162.262403,86930282.888526,0.0,37255835.539468,37255835.521701,0.001503,177313.91619800005,499960.65831314435,88656.958109,249412.162376288,300000.0,False,True
1486,4,0,1,NORMAL,0.018922458852465456,0.01872246790813503,0.018922458852465456,1.0,3300000000.0,6699999999.999992,62444114.213136,30221452.087509,664060.401026,86992342.780528,0.0,37282432.635987,37282432.618206,0.001353,177313.97672799998,499961.04973897454,88656.988371,249594.30652822,300000.0,False,True
1487,4,0,1,NORMAL,0.018936258587034547,0.018736260855160804,0.018936258587034547,1.0,3300000000.0,6699999999.999992,62489653.337214,30245869.526852,664959.194641,87054402.693355,0.0,37309029.741493,37309029.723701,0.001353,177314.03665500003,499961.4372706563,88657.01833299999,249776.456852544,300000.0,False,True
1488,4,0,1,NORMAL,0.018950058789150608,0.018750054270256923,0.018950058789150608,1.0,3300000000.0,6699999999.999992,62535194.004197,30270291.655222,665858.643271,87116462.626948,0.0,37335626.855899,37335626.838098,0.001353,177314.095989,499961.8209469254,88657.047999,249958.61334885604,300000.0,False,True
1489,4,0,1,NORMAL,0.018963859458785152,0.018763848153387778,0.018963859458785152,1.0,3300000000.0,6699999999.999992,62580736.213991,30294718.473458,666758.746939,87178522.5811,0.0,37362223.979117,37362223.961304,0.001353,177314.15472800002,499962.2008061319,88657.07736999998,250140.77601678803,300000.0,False,True
1490,4,0,1,NORMAL,0.018977660595911213,0.018777642504518324,0.018977660595911213,1.0,3300000000.0,6699999999.999992,62626279.966507,30319149.982396,667659.505666,87240582.555609,0.0,37388821.111055,37388821.093235,0.001353,177314.212887,499962.5768862447,88657.10644699998,250322.94485596402,300000.0,False,True
1491,4,0,1,NORMAL,0.018991462200500606,0.018791437323613956,0.018991462200500606,1.0,3300000000.0,6699999999.999992,62671825.261652,30343586.182876,668560.919474,87302642.550269,0.0,37415418.251634,37415418.233802,0.001353,177314.270466,499962.94922485534,88657.135239,250505.11986602802,300000.0,False,True
1492,4,0,1,NORMAL,0.019005264272527272,0.018805232610640623,0.019005264272527272,1.0,3300000000.0,6699999999.999992,62717372.09934,30368027.075735,669462.988386,87364702.564879,0.0,37442015.400767,37442015.38292,0.001353,177314.327471,499963.31785918114,88657.163743,250687.30104660802,300000.0,False,True
1493,4,0,1,NORMAL,0.019019066811964545,0.018819028365564747,0.019019066811964545,1.0,3300000000.0,6699999999.999992,62762920.479483,30392472.661815,670365.712424,87426762.599378,0.0,37468612.558365,37468612.540503,0.001218,177314.38390899994,499963.6828260696,88657.19196200001,250869.48839736,300000.0,False,True
1494,4,0,1,NORMAL,0.01903286981878606,0.018832824588353222,0.01903286981878606,1.0,3300000000.0,6699999999.999992,62808470.401994,30416922.941959,671269.09161,87488822.653299,0.0,37495209.724344,37495209.706467,0.001218,177314.439785,499964.04416200187,88657.2199,251051.681917932,300000.0,False,True
1495,4,0,1,NORMAL,0.019046673292966665,0.018846621278973442,0.019046673292966665,1.0,3300000000.0,6699999999.999992,62854021.86679,30441377.917008,672173.125967,87550882.726584,0.0,37521806.898618,37521806.880731,0.001218,177314.49510799997,499964.40190309606,88657.247559,251233.88160797599,300000.0,False,True
1496,4,0,1,NORMAL,0.019060477234481513,0.018860418437393316,0.019060477234481513,1.0,3300000000.0,6699999999.999992,62899574.873789,30465837.587803,673077.815516,87612942.819039,0.0,37548404.081107,37548404.063209,0.001218,177314.549877,499964.7560851111,88657.274944,251416.08746716,300000.0,False,True
1497,4,0,1,NORMAL,0.01907428164330515,0.018874216063581178,0.01907428164330515,1.0,3300000000.0,6699999999.999992,62945129.422907,30490301.955189,673983.16028,87675002.930473,0.0,37575001.271732,37575001.25382,0.001218,177314.604104,499965.10674345074,88657.30205900001,251598.29949515598,300000.0,False,True
1498,4,0,1,NORMAL,0.01908808651941273,0.018888014157505795,0.01908808651941273,1.0,3300000000.0,6699999999.999992,62990685.514062,30514771.020011,674889.160281,87737063.060696,0.0,37601598.470411,37601598.452485,0.001218,177314.65779,499965.45391316595,88657.328902,251780.517691628,300000.0,False,True
1499,4,0,1,NORMAL,0.019101891862781214,0.01890181271913647,0.019101891862781214,1.0,3300000000.0,6699999999.999992,63036243.147178,30539244.783111,675795.815541,87799123.209522,0.0,37628195.677061,37628195.659125,0.001218,177314.710942,499965.79762895993,88657.355476,251962.742056248,300000.0,False,True
1500,4,0,1,NORMAL,0.01911569767338606,0.018915611748442897,0.01911569767338606,1.0,3300000000.0,6699999999.999992,63081802.322174,30563723.245337,676703.126082,87861183.376886,0.0,37654792.891608,37654792.873658,0.001097,177314.763566,499966.13792519015,88657.38179000001,252144.97258871203,300000.0,False,True
1501,4,0,1,NORMAL,0.019129503951205152,0.0189294112453953,0.019129503951205152,1.0,3300000000.0,6699999999.999992,63127363.038977,30588206.407534,677611.091926,87923243.562365,0.0,37681390.113968,37681390.096004,0.001097,177314.81566399997,499966.47483587253,88657.407839,252327.209288696,300000.0,False,True
1502,4,0,1,NORMAL,0.019143310696215454,0.018943211209964346,0.019143310696215454,1.0,3300000000.0,6699999999.999992,63172925.297511,30612694.270549,678519.713096,87985303.765899,0.0,37707987.344064,37707987.326088,0.001097,177314.867248,499966.8083946851,88657.43362999998,252509.45215590802,300000.0,False,True
1503,4,0,1,NORMAL,0.019157117908394243,0.018957011642121116,0.019157117908394243,1.0,3300000000.0,6699999999.999992,63218489.097701,30637186.83523,679428.989614,88047363.987306,0.0,37734584.58182,37734584.563832,0.001097,177314.91831400007,499967.1386349704,88657.459163,252691.701190044,300000.0,False,True
1504,4,0,1,NORMAL,0.01917092558771879,0.018970812541837093,0.01917092558771879,1.0,3300000000.0,6699999999.999992,63264054.439472,30661684.102426,680338.921501,88109424.226407,0.0,37761181.827165,37761181.80916,0.001097,177314.968875,499967.4655897397,88657.48444599999,252873.95639080403,300000.0,False,True
1505,4,0,1,NORMAL,0.019184733734168787,0.0189846139090843,0.019184733734168787,1.0,3300000000.0,6699999999.999992,63309621.322757,30686186.072984,681249.50878,88171484.483029,0.0,37787779.080017,37787779.061997,0.001097,177315.01893299998,499967.78929167596,88657.50947399999,253056.21775788802,300000.0,False,True
1506,4,0,1,NORMAL,0.01919854234772182,0.01899841574383511,0.01919854234772182,1.0,3300000000.0,6699999999.999992,63355189.747482,30710692.747756,682160.751474,88233544.756997,0.0,37814376.340302,37814376.322267,0.001097,177315.06849099998,499968.1097731371,88657.53425300002,253238.485291028,300000.0,False,True
1507,4,0,1,NORMAL,0.01921235142835879,0.019012218046062443,0.01921235142835879,1.0,3300000000.0,6699999999.999992,63400759.713584,30735204.12759,683072.649604,88295605.048249,0.0,37840973.607945,37840973.589896,0.000988,177315.11755800003,499968.42706615914,88657.55878599998,253420.758989928,300000.0,False,True
1508,4,0,1,NORMAL,0.019226160976056665,0.01902602081573949,0.019226160976056665,1.0,3300000000.0,6699999999.999992,63446331.220987,30759720.213338,683985.203193,88357665.356391,0.0,37867570.882879,37867570.864813,0.000988,177315.16613499998,499968.7412024596,88657.583076,253603.038854336,300000.0,False,True
1509,4,0,1,NORMAL,0.019239970990797273,0.019039824052839997,0.019239970990797273,1.0,3300000000.0,6699999999.999992,63491904.269631,30784241.005852,684898.412262,88419725.681368,0.0,37894168.165023,37894168.146945,0.000988,177315.21422999995,499969.0522134406,88657.60712100001,253785.32488394796,300000.0,False,True
1510,4,0,1,NORMAL,0.019253781472559697,0.019053627757338043,0.019253781472559697,1.0,3300000000.0,6699999999.999992,63537478.859447,30808766.505985,685812.276834,88481786.02301,0.0,37920765.454311,37920765.43622,0.000988,177315.26184700002,499969.36013019166,88657.63092999998,253967.617078524,300000.0,False,True
1511,4,0,1,NORMAL,0.019267592421324545,0.01906743192920814,0.019267592421324545,1.0,3300000000.0,6699999999.999992,63583054.990371,30833296.714588,686726.796932,88543846.381151,0.0,37947362.750671,37947362.732565,0.000988,177315.308987,499969.6649834937,88657.654501,254149.915437788,300000.0,False,True
1512,4,0,1,NORMAL,0.019281403837073333,0.019081236568425253,0.019281403837073333,1.0,3300000000.0,6699999999.999992,63628632.662342,30857831.632518,687641.972577,88605906.755631,0.0,37973960.054027,37973960.035912,0.000988,177315.355663,499969.9668038207,88657.677836,254332.219961484,300000.0,False,True
1513,4,0,1,NORMAL,0.01929521571978576,0.019095041674964643,0.01929521571978576,1.0,3300000000.0,6699999999.999992,63674211.875293,30882371.260627,688557.803791,88667967.14628,0.0,38000557.364322,38000557.346189,0.000988,177315.40187000003,499970.26562134444,88657.70094399998,254514.53064936798,300000.0,False,True
1514,4,0,1,NORMAL,0.019309028069445455,0.019108847248802116,0.019309028069445455,1.0,3300000000.0,6699999999.999992,63719792.62917,30906915.59977,689474.290597,88730027.553043,0.0,38027154.681474,38027154.663329,0.00089,177315.44762199998,499970.56146593596,88657.72381700002,254696.84750117204,300000.0,False,True
1515,4,0,1,NORMAL,0.019322840886032727,0.01912265328991377,0.019322840886032727,1.0,3300000000.0,6699999999.999992,63765374.923908,30931464.650805,690391.433017,88792087.97556,0.0,38053752.005419,38053751.987264,0.00089,177315.49291399997,499970.85436716944,88657.746462,254879.17051668,300000.0,False,True
1516,4,0,1,NORMAL,0.01933665416953091,0.01913645979827617,0.01933665416953091,1.0,3300000000.0,6699999999.999992,63810958.759452,30956018.414585,691309.231072,88854148.413773,0.0,38080349.336091,38080349.317924,0.00089,177315.537758,499971.1443543251,88657.76888500003,255061.49969563202,300000.0,False,True
1517,4,0,1,NORMAL,0.019350467919921212,0.01915026677386617,0.019350467919921212,1.0,3300000000.0,6699999999.999992,63856544.13574,30980576.891971,692227.684786,88916208.867525,0.0,38106946.673424,38106946.655243,0.00089,177315.58215600005,499971.43145639164,88657.79108499999,255243.835037808,300000.0,False,True
1518,4,0,1,NORMAL,0.019364282137187574,0.019164074216661102,0.019364282137187574,1.0,3300000000.0,6699999999.999992,63902131.052719,31005140.083818,693146.79418,88978269.336663,0.0,38133544.017347,38133543.999157,0.00089,177315.626113,499971.7157020699,88657.813061,255426.17654296,300000.0,False,True
1519,4,0,1,NORMAL,0.019378096821312727,0.019177882126638627,0.019378096821312727,1.0,3300000000.0,6699999999.999992,63947719.510332,31029707.990984,694066.559276,89040329.821032,0.0,38160141.3678,38160141.349597,0.00089,177315.669631,499971.99711977463,88657.83482199998,255608.524210876,300000.0,False,True
1520,4,0,1,NORMAL,0.019391911972280303,0.019191690503776802,0.019391911972280303,1.0,3300000000.0,6699999999.999992,63993309.508525,31054280.614327,694986.980097,89102390.32048,0.0,38186738.724716,38186738.706502,0.00089,177315.712717,499972.2757376386,88657.856364,255790.878041328,300000.0,False,True
1521,4,0,1,NORMAL,0.019405727590074244,0.01920549934805406,0.019405727590074244,1.0,3300000000.0,6699999999.999992,64038901.047245,31078857.954708,695908.056664,89164450.834947,0.0,38213336.088031,38213336.069805,0.000801,177315.75537400003,499972.55158351443,88657.877693,255973.2380341,300000.0,False,True
1522,4,0,1,NORMAL,0.019419543674678484,0.019219308659449184,0.019419543674678484,1.0,3300000000.0,6699999999.999992,64084494.126439,31103440.012986,696829.789,89226511.364106,0.0,38239933.457681,38239933.439442,0.000801,177315.79760500003,499972.8246849777,88657.89880899999,256155.60418898,300000.0,False,True
1523,4,0,1,NORMAL,0.01943336022607697,0.019233118437941298,0.01943336022607697,1.0,3300000000.0,6699999999.999992,64130088.746054,31128026.790023,697752.177127,89288571.907898,0.0,38266530.833606,38266530.815351,0.000801,177315.839418,499973.09506932995,88657.91971700001,256337.976505756,300000.0,False,True
1524,4,0,1,NORMAL,0.019447177244255758,0.019246928683509974,0.019447177244255758,1.0,3300000000.0,6699999999.999992,64175684.906044,31152618.286679,698675.221067,89350632.46618,0.0,38293128.215736,38293128.197471,0.000801,177315.880814,499973.362763601,88657.94041200003,256520.354984216,300000.0,False,True
1525,4,0,1,NORMAL,0.019460994729198485,0.01926073939613504,0.019460994729198485,1.0,3300000000.0,6699999999.999992,64221282.606355,31177214.503819,699598.920843,89412693.038806,0.0,38319725.604017,38319725.585736,0.000801,177315.921798,499973.627794552,88657.96090699999,256702.739624176,300000.0,False,True
1526,4,0,1,NORMAL,0.01947481268089212,0.01927455057579679,0.01947481268089212,1.0,3300000000.0,6699999999.999992,64266881.846944,31201815.442301,700523.276476,89474753.625634,0.0,38346322.998384,38346322.980088,0.000801,177315.96237499997,499973.8901886778,88657.98119500001,256885.13042542,300000.0,False,True
1527,4,0,1,NORMAL,0.019488631099320607,0.019288362222475746,0.019488631099320607,1.0,3300000000.0,6699999999.999992,64312482.627758,31226421.102991,701448.287989,89536814.226521,0.0,38372920.39878,38372920.380465,0.000801,177316.002547,499974.14997220977,88658.001283,257067.52738777603,300000.0,False,True
1528,4,0,1,NORMAL,0.019502449984471516,0.019302174336152892,0.019502449984471516,1.0,3300000000.0,6699999999.999992,64358084.948756,31251031.486751,702373.955404,89598874.841409,0.0,38399517.80514,38399517.78681,0.000721,177316.042321,499974.4071711183,88658.021168,257249.93051103203,300000.0,False,True
1529,4,0,1,NORMAL,0.019516269336330303,0.019315986916809504,0.019516269336330303,1.0,3300000000.0,6699999999.999992,64403688.80989,31275646.594448,703300.278742,89660935.470001,0.0,38426115.217402,38426115.199062,0.000721,177316.081698,499974.6618111156,88658.04085399999,257432.33979502402,300000.0,False,True
1530,4,0,1,NORMAL,0.01953008915488424,0.019329799964427227,0.01953008915488424,1.0,3300000000.0,6699999999.999992,64449294.211118,31300266.426945,704227.258027,89722996.112239,0.0,38452712.635512,38452712.617161,0.000721,177316.120685,499974.9139176581,88658.06034800001,257614.75523956,300000.0,False,True
1531,4,0,1,NORMAL,0.01954390944011909,0.019343613478987994,0.01954390944011909,1.0,3300000000.0,6699999999.999992,64494901.152393,31324890.985107,705154.89328,89785056.767985,0.0,38479310.059414,38479310.041049,0.000721,177316.159282,499975.16351594916,88658.07964799998,257797.176844472,300000.0,False,True
1532,4,0,1,NORMAL,0.019557730192023032,0.019357427460474128,0.019557730192023032,1.0,3300000000.0,6699999999.999992,64540509.633676,31349520.269799,706083.184523,89847117.437105,0.0,38505907.48905,38505907.470671,0.000721,177316.19749800002,499975.41063094104,88658.09875599999,257979.60460957198,300000.0,False,True
1533,4,0,1,NORMAL,0.01957155141058303,0.019371241908868252,0.01957155141058303,1.0,3300000000.0,6699999999.999992,64586119.654924,31374154.281888,707012.131779,89909178.119467,0.0,38532504.924361,38532504.905966,0.000721,177316.23533000002,499975.6552873384,88658.117673,258162.03853470404,300000.0,False,True
1534,4,0,1,NORMAL,0.019585373095786365,0.019385056824153292,0.019585373095786365,1.0,3300000000.0,6699999999.999992,64631731.216095,31398793.022244,707941.735069,89971238.814939,0.0,38559102.36529,38559102.346881,0.000721,177316.272788,499975.8975095999,88658.136401,258344.478619696,300000.0,False,True
1535,4,0,1,NORMAL,0.01959919524762212,0.019398872206312572,0.01959919524762212,1.0,3300000000.0,6699999999.999992,64677344.317153,31423436.491731,708871.994416,90033299.523462,0.0,38585699.811783,38585699.793358,0.000649,177316.309872,499976.13732194074,88658.154944,258526.92486438,300000.0,False,True
1536,4,0,1,NORMAL,0.01961301786607788,0.01941268805532969,0.01961301786607788,1.0,3300000000.0,6699999999.999992,64722958.958057,31448084.691219,709802.909842,90095360.244765,0.0,38612297.26378,38612297.245342,0.000649,177316.346587,499976.37474833557,88658.1733,258709.377268612,300000.0,False,True
1537,4,0,1,NORMAL,0.019626840951141818,0.01942650437118854,0.019626840951141818,1.0,3300000000.0,6699999999.999992,64768575.138768,31472737.621578,710734.481369,90157420.97879,0.0,38638894.72123,38638894.702781,0.000649,177316.382939,499976.6098125205,88658.19147499999,258891.835832228,300000.0,False,True
1538,4,0,1,NORMAL,0.019640664502803332,0.019440321153873365,0.019640664502803332,1.0,3300000000.0,6699999999.999992,64814192.859251,31497395.283676,711666.70902,90219481.725412,0.0,38665492.184078,38665492.165617,0.000649,177316.418928,499976.8425379953,88658.20946999997,259074.300555072,300000.0,False,True
1539,4,0,1,NORMAL,0.019654488521051817,0.01945413840336875,0.019654488521051817,1.0,3300000000.0,6699999999.999992,64859812.119471,31522057.67838,712599.592816,90281542.484504,0.0,38692089.652271,38692089.633798,0.000649,177316.454558,499977.0729480266,88658.22728499999,259256.771437004,300000.0,False,True
1540,4,0,1,NORMAL,0.01966831300587636,0.019467956119659565,0.01966831300587636,1.0,3300000000.0,6699999999.999992,64905432.919392,31546724.806563,713533.13278,90343603.255943,0.0,38718687.125755,38718687.10727,0.000649,177316.48983399998,499977.3010656488,88658.24492299999,259439.248477884,300000.0,False,True
1541,4,0,1,NORMAL,0.01968213795726606,0.01948177430273095,0.01968213795726606,1.0,3300000000.0,6699999999.999992,64951055.258978,31571396.669096,714467.328933,90405664.039605,0.0,38745284.604479,38745284.585981,0.000649,177316.524759,499977.5269136678,88658.26238599999,259621.731677568,300000.0,False,True
1542,4,0,1,NORMAL,0.019695963375211515,0.01949559295256841,0.019695963375211515,1.0,3300000000.0,6699999999.999992,64996679.138198,31596073.26685,715402.181298,90467724.835434,0.0,38771882.088388,38771882.069878,0.000585,177316.55933600006,499977.7505146626,88658.27967399999,259804.22103591202,300000.0,False,True
1543,4,0,1,NORMAL,0.01970978925970212,0.01950941206915768,0.01970978925970212,1.0,3300000000.0,6699999999.999992,65042304.557017,31620754.6007,716337.689897,90529785.643182,0.0,38798479.57743,38798479.558912,0.000585,177316.593572,499977.9718909872,88658.29679000001,259986.71655279203,300000.0,False,True
1544,4,0,1,NORMAL,0.019723615610728183,0.019523231652484808,0.019723615610728183,1.0,3300000000.0,6699999999.999992,65087931.515403,31645440.671513,717273.854752,90591846.462789,0.0,38825077.071562,38825077.053029,0.000585,177316.627463,499978.1910647738,88658.31373900002,260169.21822806797,300000.0,False,True
1545,4,0,1,NORMAL,0.019737442428280908,0.01953705170253617,0.019737442428280908,1.0,3300000000.0,6699999999.999992,65133560.013327,31670131.480166,718210.675886,90653907.294142,0.0,38851674.570723,38851674.552179,0.000585,177316.661017,499978.408057934,88658.330514,260351.72606161202,300000.0,False,True
1546,4,0,1,NORMAL,0.01975126971235091,0.019550872219298417,0.01975126971235091,1.0,3300000000.0,6699999999.999992,65179190.050758,31694827.027532,719148.15332,90715968.137123,0.0,38878272.07487,38878272.056311,0.000585,177316.69424099996,499978.6228921618,88658.347128,260534.240053308,300000.0,False,True
1547,4,0,1,NORMAL,0.01976509746292909,0.019564693202758464,0.01976509746292909,1.0,3300000000.0,6699999999.999992,65224821.627666,31719527.314485,720086.287077,90778028.991616,0.0,38904869.583948,38904869.565378,0.000585,177316.72713099996,499978.8355889351,88658.36357100002,260716.76020303203,300000.0,False,True
1548,4,0,1,NORMAL,0.019778925680007272,0.01957851465290355,0.019778925680007272,1.0,3300000000.0,6699999999.999992,65270454.744024,31744232.341899,721025.077178,90840089.857507,0.0,38931467.097911,38931467.079329,0.000585,177316.759696,499979.04616951855,88658.37985399998,260899.28651066398,300000.0,False,True
1549,4,0,1,NORMAL,0.019792754363576665,0.01959233656972117,0.019792754363576665,1.0,3300000000.0,6699999999.999992,65316089.399803,31768942.11065,721964.523646,90902150.73474,0.0,38958064.616711,38958064.598116,0.000527,177316.79193700003,499979.2546549649,88658.39597499999,261081.81897609602,300000.0,False,True
1550,4,0,1,NORMAL,0.019806583513628788,0.01960615895319908,0.019806583513628788,1.0,3300000000.0,6699999999.999992,65361725.594975,31793656.621614,722904.626503,90964211.623087,0.0,38984662.140298,38984662.121691,0.000527,177316.82385600003,499979.4610661176,88658.41193400002,261264.35759921197,300000.0,False,True
1551,4,0,1,NORMAL,0.01982041313015606,0.01961998180332534,0.01982041313015606,1.0,3300000000.0,6699999999.999992,65407363.329515,31818375.875665,723845.385771,91026272.522493,0.0,39011259.668629,39011259.650008,0.000527,177316.85546,499979.665423613,88658.42773699999,261446.9023799,300000.0,False,True
1552,4,0,1,NORMAL,0.01983424321315091,0.019633805120088277,0.01983424321315091,1.0,3300000000.0,6699999999.999992,65453002.603398,31843099.873682,724786.801473,91088333.43285,0.0,39037857.201651,39037857.183016,0.000527,177316.88674400002,499979.86774788186,88658.443379,261629.45331806003,300000.0,False,True
1553,4,0,1,NORMAL,0.019848073762606364,0.019647628903476544,0.019848073762606364,1.0,3300000000.0,6699999999.999992,65498643.416601,31867828.61654,725728.87363,91150394.35405,0.0,39064454.739317,39064454.72067,0.000527,177316.91771999997,499980.0680591519,88658.458866,261812.01041359204,300000.0,False,True
1554,4,0,1,NORMAL,0.019861904778514544,0.019661453153478996,0.019861904778514544,1.0,3300000000.0,6699999999.999992,65544285.769098,31892562.105116,726671.602265,91212455.285982,0.0,39091052.281587,39091052.262925,0.000527,177316.948389,499980.2663774497,88658.47420200001,261994.573666404,300000.0,False,True
1555,4,0,1,NORMAL,0.019875736260868786,0.01967527787008479,0.019875736260868786,1.0,3300000000.0,6699999999.999992,65589929.660867,31917300.340291,727614.987399,91274516.228542,0.0,39117649.82841,39117649.809736,0.000527,177316.978754,499980.46272260236,88658.48938299998,262177.143076392,300000.0,False,True
1556,4,0,1,NORMAL,0.019889568209662728,0.019689103053283367,0.019889568209662728,1.0,3300000000.0,6699999999.999992,65635575.091887,31942043.322939,728559.029055,91336577.181675,0.0,39144247.379742,39144247.361055,0.000475,177317.00881299996,499980.6571142401,88658.504413,262359.718643468,300000.0,False,True
1557,4,0,1,NORMAL,0.01990340062488909,0.019702928703064383,0.01990340062488909,1.0,3300000000.0,6699999999.999992,65681222.062134,31966791.053942,729503.727255,91398638.145172,0.0,39170844.935539,39170844.916838,0.000475,177317.038574,499980.84957179765,88658.519294,262542.300367548,300000.0,False,True
1558,4,0,1,NORMAL,0.01991723350654121,0.019716754819417728,0.01991723350654121,1.0,3300000000.0,6699999999.999992,65726870.571586,31991543.534183,730449.082021,91460699.118983,0.0,39197442.495754,39197442.477041,0.000475,177317.06804,499981.0401145164,88658.534026,262724.888248536,300000.0,False,True
1559,4,0,1,NORMAL,0.019931066854613634,0.019730581402333594,0.019931066854613634,1.0,3300000000.0,6699999999.999992,65772520.620225,32016300.76454,731395.093375,91522760.103006,0.0,39224040.060343,39224040.04162,0.000475,177317.09721399998,499981.22876144655,88658.548612,262907.482286344,300000.0,False,True
1560,4,0,1,NORMAL,0.0199449006691,0.019744408451802396,0.0199449006691,1.0,3300000000.0,6699999999.999992,65818172.20803,32041062.74589,732341.76134,91584821.097135,0.0,39250637.62927,39250637.610531,0.000475,177317.126096,499981.41553144855,88658.56305600001,263090.0824809,300000.0,False,True
1561,4,0,1,NORMAL,0.01995873494999515,0.01975823596781483,0.01995873494999515,1.0,3300000000.0,6699999999.999992,65863825.334984,32065829.479116,733289.085938,91646882.101272,0.0,39277235.202485,39277235.183732,0.000475,177317.15468999997,499981.60044319544,88658.57735200001,263272.68883212,300000.0,False,True
1562,4,0,1,NORMAL,0.01997256969729364,0.01977206395036185,0.01997256969729364,1.0,3300000000.0,6699999999.999992,65909480.001069,32090600.965099,734237.06719,91708943.115319,0.0,39303832.779942,39303832.761179,0.000475,177317.182998,499981.7835151746,88658.591504,263455.301339936,300000.0,False,True
1563,4,0,1,NORMAL,0.01998640491099,0.019785892399434638,0.01998640491099,1.0,3300000000.0,6699999999.999992,65955136.206267,32115377.20472,735185.705119,91771004.139221,0.0,39330430.361608,39330430.34283,0.000428,177317.21102699998,499981.964765689,88658.605521,263637.92000427603,300000.0,False,True
1564,4,0,1,NORMAL,0.02000024059107909,0.019799721315024606,0.02000024059107909,1.0,3300000000.0,6699999999.999992,66000793.950561,32140158.198865,736134.999747,91833065.17279,0.0,39357027.947435,39357027.928643,0.000428,177317.23877800003,499982.14421286026,88658.61939599997,263820.54482506803,300000.0,False,True
1565,4,0,1,NORMAL,0.02001407673755606,0.01981355069712341,0.02001407673755606,1.0,3300000000.0,6699999999.999992,66046453.233935,32164943.948414,737084.951096,91895126.215974,0.0,39383625.537385,39383625.518577,0.000428,177317.266252,499982.32187462907,88658.63313400002,264003.175802244,300000.0,False,True
1566,4,0,1,NORMAL,0.020027913350416364,0.01982738054572296,0.020027913350416364,1.0,3300000000.0,6699999999.999992,66092114.056374,32189734.454251,738035.559188,91957187.268678,0.0,39410223.131415,39410223.112591,0.000428,177317.293452,499982.49776875833,88658.64673400001,264185.81293574,300000.0,False,True
1567,4,0,1,NORMAL,0.02004175042965576,0.019841210860815396,0.02004175042965576,1.0,3300000000.0,6699999999.999992,66137776.417864,32214529.71726,738986.824046,92019248.330808,0.0,39436820.729482,39436820.710645,0.000428,177317.32038099997,499982.67191283347,88658.66019699999,264368.456225496,300000.0,False,True
1568,4,0,1,NORMAL,0.020055587975269393,0.019855041642393077,0.020055587975269393,1.0,3300000000.0,6699999999.999992,66183440.318389,32239329.738326,739938.745691,92081309.402271,0.0,39463418.331547,39463418.312697,0.000428,177317.347043,499982.84432426584,88658.673528,264551.105671456,300000.0,False,True
1569,4,0,1,NORMAL,0.020069425987254242,0.019868872890448638,0.020069425987254242,1.0,3300000000.0,6699999999.999992,66229105.757939,32264134.51833,740891.324146,92143370.482972,0.0,39490015.937573,39490015.91871,0.000428,177317.37344099995,499983.0150202927,88658.68672700001,264733.761273556,300000.0,False,True
1570,4,0,1,NORMAL,0.020083264465605453,0.019882704604974884,0.020083264465605453,1.0,3300000000.0,6699999999.999992,66274772.736498,32288944.058162,741844.559432,92205431.572862,0.0,39516613.547518,39516613.528643,0.000386,177317.39957399998,499983.18401798065,88658.69979300002,264916.423031756,300000.0,False,True
1571,4,0,1,NORMAL,0.020097103410320304,0.019896536785964914,0.020097103410320304,1.0,3300000000.0,6699999999.999992,66320441.254057,32313758.358702,742798.451572,92267492.671765,0.0,39543211.161347,39543211.142455,0.000386,177317.425447,499983.3513342261,88658.71273200001,265099.090945992,300000.0,False,True
1572,4,0,1,NORMAL,0.02011094282139394,0.01991036943341195,0.02011094282139394,1.0,3300000000.0,6699999999.999992,66366111.3106,32338577.420843,743753.000588,92329553.779634,0.0,39569808.779015,39569808.760112,0.000386,177317.45106300001,499983.5169857573,88658.725537,265281.765016228,300000.0,False,True
1573,4,0,1,NORMAL,0.020124782698823937,0.0199242025473095,0.020124782698823937,1.0,3300000000.0,6699999999.999992,66411782.906119,32363401.245467,744708.206502,92391614.896379,0.0,39596406.400488,39596406.381573,0.000386,177317.476424,499983.6809891364,88658.73821800001,265464.4452424,300000.0,False,True
1574,4,0,1,NORMAL,0.020138623042606968,0.01993803612765127,0.020138623042606968,1.0,3300000000.0,6699999999.999992,66457456.040603,32388229.833462,745664.069337,92453676.021912,0.0,39623004.02573,39623004.0068,0.000386,177317.50153500002,499983.84336076066,88658.75077500002,265647.13162447594,300000.0,False,True
1575,4,0,1,NORMAL,0.02015246385274091,0.01995187017443125,0.02015246385274091,1.0,3300000000.0,6699999999.999992,66503130.714045,32413063.185714,746620.589114,92515737.156147,0.0,39649601.6547,39649601.635754,0.000386,177317.52639399996,499984.0041168641,88658.76320500001,265829.82416241197,300000.0,False,True
1576,4,0,1,NORMAL,0.020166305129221816,0.019965704687643547,0.020166305129221816,1.0,3300000000.0,6699999999.999992,66548806.926432,32437901.303112,747577.765856,92577798.298995,0.0,39676199.28736,39676199.268402,0.000386,177317.55100399995,499984.1632735194,88658.77550799999,266012.52285618003,300000.0,False,True
1577,4,0,1,NORMAL,0.02018014687204879,0.019979539667282595,0.02018014687204879,1.0,3300000000.0,6699999999.999992,66594484.677761,32462744.186543,748535.599584,92639859.450412,0.0,39702796.923672,39702796.904706,0.000348,177317.57537399998,499984.32084663934,88658.78769099999,266195.227705728,300000.0,False,True
1578,4,0,1,NORMAL,0.02019398908121818,0.019993375113342957,0.02019398908121818,1.0,3300000000.0,6699999999.999992,66640163.96802,32487591.836895,749494.090321,92701920.610232,0.0,39729394.563607,39729394.544627,0.000348,177317.59949600004,499984.4768519785,88658.79975499999,266377.93871104403,300000.0,False,True
1579,4,0,1,NORMAL,0.02020783175672879,0.020007211025819465,0.02020783175672879,1.0,3300000000.0,6699999999.999992,66685844.797205,32512444.255059,750453.238089,92763981.778414,0.0,39755992.207122,39755992.188131,0.000348,177317.623383,499984.63130513433,88658.811697,266560.65587207995,300000.0,False,True
1580,4,0,1,NORMAL,0.020221674898577274,0.020021047404707067,0.020221674898577274,1.0,3300000000.0,6699999999.999992,66731527.165305,32537301.441924,751413.04291,92826042.954871,0.0,39782589.854188,39782589.835181,0.000348,177317.64703000002,499984.7842215497,88658.82352299998,266743.37918882,300000.0,False,True
1581,4,0,1,NORMAL,0.020235518506762123,0.020034884250000943,0.020235518506762123,1.0,3300000000.0,6699999999.999992,66777211.072315,32562163.398381,752373.504807,92888104.139522,0.0,39809187.504762,39809187.485744,0.000348,177317.67043900007,499984.9356165134,88658.83522499997,266926.10866122,300000.0,False,True
1582,4,0,1,NORMAL,0.02024936258128303,0.020048721561696563,0.02024936258128303,1.0,3300000000.0,6699999999.999992,66822896.518234,32587030.125316,753334.623801,92950165.332287,0.0,39835785.158811,39835785.139785,0.000348,177317.69362,499985.0855051624,88658.84681399999,267108.84428926004,300000.0,False,True
1583,4,0,1,NORMAL,0.020263207122137274,0.020062559339789513,0.020263207122137274,1.0,3300000000.0,6699999999.999992,66868583.503053,32611901.623622,754296.399915,93012226.533081,0.0,39862382.816307,39862382.797267,0.000348,177317.716566,499985.2339024831,88658.85828999999,267291.58607293596,300000.0,False,True
1584,4,0,1,NORMAL,0.020277052129323937,0.020076397584275606,0.020277052129323937,1.0,3300000000.0,6699999999.999992,66914272.026769,32636777.89419,755258.83317,93074287.741861,0.0,39888980.477211,39888980.458157,0.000314,177317.73928599994,499985.3808233123,88658.86965,267474.334012212,300000.0,False,True
1585,4,0,1,NORMAL,0.020290897602841515,0.02009023629515083,0.020290897602841515,1.0,3300000000.0,6699999999.999992,66959962.089377,32661658.937914,756221.923589,93136348.958481,0.0,39915578.14149,39915578.12242,0.000314,177317.76178200002,499985.52628234,88658.880899,267657.08810707595,300000.0,False,True
1586,4,0,1,NORMAL,0.02030474354268909,0.020104075472411363,0.02030474354268909,1.0,3300000000.0,6699999999.999992,67005653.690874,32686544.755684,757185.671194,93198410.182895,0.0,39942175.809108,39942175.790025,0.000314,177317.78405100002,499985.67029410956,88658.892032,267839.848357508,300000.0,False,True
1587,4,0,1,NORMAL,0.020318589948866667,0.020117915116053642,0.020318589948866667,1.0,3300000000.0,6699999999.999992,67051346.83126,32711435.348392,758150.076007,93260471.415027,0.0,39968773.480029,39968773.460938,0.000314,177317.80609800003,499985.81287301984,88658.903053,268022.61476349604,300000.0,False,True
1588,4,0,1,NORMAL,0.020332436821373333,0.02013175522607427,0.020332436821373333,1.0,3300000000.0,6699999999.999992,67097041.510532,32736330.716928,759115.13805,93322532.654798,0.0,39995371.154231,39995371.135123,0.000314,177317.82792899996,499985.9540333263,88658.91397300002,268205.38732504,300000.0,False,True
1589,4,0,1,NORMAL,0.020346284160208485,0.02014559580247003,0.020346284160208485,1.0,3300000000.0,6699999999.999992,67142737.728688,32761230.86219,760080.857345,93384593.902135,0.0,40021968.83167,40021968.812551,0.000314,177317.849541,499986.0937891428,88658.92477599999,268388.166042128,300000.0,False,True
1590,4,0,1,NORMAL,0.020360131965371214,0.02015943684523785,0.020360131965371214,1.0,3300000000.0,6699999999.999992,67188435.485725,32786135.785068,761047.233915,93446655.156958,0.0,40048566.512323,40048566.493189,0.000314,177317.870937,499986.2321544427,88658.935476,268570.95091475203,300000.0,False,True
1591,4,0,1,NORMAL,0.02037398023686212,0.020173278354374904,0.02037398023686212,1.0,3300000000.0,6699999999.999992,67234134.781645,32811045.486458,762014.267781,93508716.419227,0.0,40075164.196152,40075164.177004,0.000283,177317.89211999997,499986.3691430603,88658.94606700001,268753.7419429,300000.0,False,True
1592,4,0,1,NORMAL,0.020387828974680305,0.020187120329878478,0.020387828974680305,1.0,3300000000.0,6699999999.999992,67279835.616445,32835959.967254,762981.958966,93570777.688805,0.0,40101761.883129,40101761.863965,0.000283,177317.913094,499986.5047686923,88658.95655499998,268936.53912658,300000.0,False,True
1593,4,0,1,NORMAL,0.020401678178826967,0.020200962771746125,0.020401678178826967,1.0,3300000000.0,6699999999.999992,67325537.990129,32860879.228351,763950.307492,93632838.965653,0.0,40128359.573215,40128359.554041,0.000283,177317.93385799997,499986.6390448992,88658.96693400001,269119.34246578004,300000.0,False,True
1594,4,0,1,NORMAL,0.02041552784930212,0.020214805679975544,0.02041552784930212,1.0,3300000000.0,6699999999.999992,67371241.902697,32885803.270643,764919.313381,93694900.249696,0.0,40154957.266387,40154957.2472,0.000283,177317.954417,499986.7719851065,88658.97721500002,269302.151960516,300000.0,False,True
1595,4,0,1,NORMAL,0.020429377986105758,0.02022864905456459,0.020429377986105758,1.0,3300000000.0,6699999999.999992,67416947.354149,32910732.095027,765888.976655,93756961.540862,0.0,40181554.962614,40181554.943412,0.000283,177317.974771,499986.9036026063,88658.98739299999,269484.967610788,300000.0,False,True
1596,4,0,1,NORMAL,0.02044322858923909,0.020242492895511333,0.02044322858923909,1.0,3300000000.0,6699999999.999992,67462654.344489,32935665.702396,766859.297336,93819022.83908,0.0,40208152.661865,40208152.642646,0.000283,177317.99492099998,499987.0339105584,88658.997469,269667.789416596,300000.0,False,True
1597,4,0,1,NORMAL,0.02045707965870273,0.020256337202814004,0.02045707965870273,1.0,3300000000.0,6699999999.999992,67508362.873719,32960604.093648,767830.275447,93881084.144281,0.0,40234750.364106,40234750.344875,0.000283,177318.014872,499987.16292199166,88659.007442,269850.617377956,300000.0,False,True
1598,4,0,1,NORMAL,0.02047093119449788,0.02027018197647103,0.02047093119449788,1.0,3300000000.0,6699999999.999992,67554072.941843,32985547.26968,768801.911009,93943145.456425,0.0,40261348.069306,40261348.050067,0.000255,177318.034624,499987.29064980533,88659.017316,270033.451494876,300000.0,False,True
1599,4,0,1,NORMAL,0.020484783196624848,0.020284027216480958,0.020484783196624848,1.0,3300000000.0,6699999999.999992,67599784.548862,33010495.231388,769774.204045,94005206.775383,0.0,40287945.777444,40287945.758192,0.000255,177318.054179,499987.4171067702,88659.027096,270216.291767372,300000.0,False,True
1600,4,0,1,NORMAL,0.020498635665085155,0.02029787292284252,0.020498635665085155,1.0,3300000000.0,6699999999.999992,67645497.694781,33035447.979673,770747.154577,94067268.10112,0.0,40314543.488481,40314543.46922,0.000255,177318.073539,499987.54230553034,88659.03677400001,270399.138195448,300000.0,False,True
1601,4,0,1,NORMAL,0.020512488599880606,0.020311719095554657,0.020512488599880606,1.0,3300000000.0,6699999999.999992,67691212.379606,33060405.515427,771720.762627,94129329.433566,0.0,40341141.202395,40341141.183122,0.000255,177318.09270799998,499987.6662586037,88659.04636000002,270581.990779124,300000.0,False,True
1602,4,0,1,NORMAL,0.02052634200101182,0.02032556573461641,0.02052634200101182,1.0,3300000000.0,6699999999.999992,67736928.603339,33085367.839552,772695.028217,94191390.772653,0.0,40367738.919154,40367738.899874,0.000255,177318.111685,499987.788978384,88659.05584600002,270764.84951842396,300000.0,False,True
1603,4,0,1,NORMAL,0.02054019586848091,0.020339412840027025,0.02054019586848091,1.0,3300000000.0,6699999999.999992,67782646.365987,33110334.952944,773669.951369,94253452.118315,0.0,40394336.638736,40394336.619442,0.000255,177318.13047399998,499987.9104771413,88659.06524400001,270947.71441335604,300000.0,False,True
1604,4,0,1,NORMAL,0.020554050202289394,0.020353260411785888,0.020554050202289394,1.0,3300000000.0,6699999999.999992,67828365.667555,33135306.856503,774645.532105,94315513.470487,0.0,40420934.361107,40420934.341801,0.000255,177318.14907400004,499988.030767024,88659.074543,271130.585463948,300000.0,False,True
1605,4,0,1,NORMAL,0.02056790500244,0.020367108449892608,0.02056790500244,1.0,3300000000.0,6699999999.999992,67874086.508052,33160283.551127,775621.770448,94377574.82913,0.0,40447532.086244,40447532.06692,0.00023,177318.16749199998,499988.14986005944,88659.08375500001,271313.46267022,300000.0,False,True
1606,4,0,1,NORMAL,0.020581760268933637,0.020380956954346868,0.020581760268933637,1.0,3300000000.0,6699999999.999992,67919808.887481,33185265.037718,776598.666419,94439636.194129,0.0,40474129.814116,40474129.794775,0.00023,177318.18572500002,499988.2677681552,88659.09287099999,271496.346032208,300000.0,False,True
1607,4,0,1,NORMAL,0.02059561600177303,0.020394805925148557,0.02059561600177303,1.0,3300000000.0,6699999999.999992,67965532.805851,33210251.317174,777576.220041,94501697.565446,0.0,40500727.544695,40500727.525338,0.00023,177318.203776,499988.38450310065,88659.10189600001,271679.235549924,300000.0,False,True
1608,4,0,1,NORMAL,0.020609472200961515,0.020408655362297783,0.020609472200961515,1.0,3300000000.0,6699999999.999992,68011258.263173,33235242.390396,778554.431336,94563758.943021,0.0,40527325.277947,40527325.258584,0.00023,177318.221648,499988.50007656764,88659.110827,271862.131223404,300000.0,False,True
1609,4,0,1,NORMAL,0.0206233288665,0.0204225052657947,0.0206233288665,1.0,3300000000.0,6699999999.999992,68056985.25945,33260238.258286,779533.300326,94625820.326788,0.0,40553923.013857,40553922.994482,0.00023,177318.239342,499988.6145001121,88659.11967699998,272045.033052692,300000.0,False,True
1610,4,0,1,NORMAL,0.020637185998391514,0.020436355635639655,0.020637185998391514,1.0,3300000000.0,6699999999.999992,68102713.794692,33285238.921743,780512.827033,94687881.716686,0.0,40580520.752398,40580520.733006,0.00023,177318.256861,499988.7277851748,88659.12843899998,272227.94103780005,300000.0,False,True
1611,4,0,1,NORMAL,0.02065104359663909,0.02045020647183317,0.02065104359663909,1.0,3300000000.0,6699999999.999992,68148443.868909,33310244.381669,781493.011479,94749943.112654,0.0,40607118.49354,40607118.474133,0.00023,177318.27420499997,499988.8399430828,88659.13711000001,272410.855178768,300000.0,False,True
1612,4,0,1,NORMAL,0.020664901661245152,0.020464057774375877,0.020664901661245152,1.0,3300000000.0,6699999999.999992,68194175.482109,33335254.638967,782473.853687,94812004.514656,0.0,40633716.237256,40633716.217836,0.000207,177318.29137700002,499988.95098505076,88659.145695,272593.775475636,300000.0,False,True
1613,4,0,1,NORMAL,0.02067876019221273,0.02047790954326858,0.02067876019221273,1.0,3300000000.0,6699999999.999992,68239908.634302,33360269.694538,783455.353678,94874065.922585,0.0,40660313.983523,40660313.964088,0.000207,177318.308377,499989.06092218106,88659.15419599999,272776.701928436,300000.0,False,True
1614,4,0,1,NORMAL,0.020692619189544847,0.020491761778512207,0.020692619189544847,1.0,3300000000.0,6699999999.999992,68285643.325498,33385289.549284,784437.511475,94936127.336403,0.0,40686911.732318,40686911.712866,0.000207,177318.325209,499989.1697654664,88659.16261300001,272959.634537208,300000.0,False,True
1615,4,0,1,NORMAL,0.020706478653245455,0.020505614480107903,0.020706478653245455,1.0,3300000000.0,6699999999.999992,68331379.55571,33410314.204108,785420.327099,94998188.756055,0.0,40713509.48361,40713509.464144,0.000207,177318.341874,499989.27752578957,88659.170944,273142.57330199203,300000.0,False,True
1616,4,0,1,NORMAL,0.020720338583317274,0.020519467648056896,0.020720338583317274,1.0,3300000000.0,6699999999.999992,68377117.324947,33435343.659915,786403.800573,95060250.181483,0.0,40740107.237372,40740107.217897,0.000207,177318.35837100004,499989.3842139254,88659.17918999998,273325.51822284004,300000.0,False,True
1617,4,0,1,NORMAL,0.02073419897976394,0.020533321282360576,0.02073419897976394,1.0,3300000000.0,6699999999.999992,68422856.633221,33460377.917605,787387.931919,95122311.612626,0.0,40766704.993589,40766704.974099,0.000207,177318.37470499997,499989.4898405413,88659.18736,273508.469299788,300000.0,False,True
1618,4,0,1,NORMAL,0.020748059842588488,0.020547175383020443,0.020748059842588488,1.0,3300000000.0,6699999999.999992,68468597.480542,33485416.978086,788372.72116,95184373.04943,0.0,40793302.752231,40793302.732726,0.000207,177318.39087700003,499989.5944161989,88659.19544599998,273691.426532884,300000.0,False,True
1619,4,0,1,NORMAL,0.02076192117179606,0.020561029950038223,0.02076192117179606,1.0,3300000000.0,6699999999.999992,68514339.866927,33510460.842258,789358.168317,95246434.491858,0.0,40819900.513273,40819900.493756,0.000187,177318.406888,499989.6979513543,88659.20345000002,273874.38992216805,300000.0,False,True
1620,4,0,1,NORMAL,0.020775782967388485,0.02057488498341566,0.020775782967388485,1.0,3300000000.0,6699999999.999992,68560083.792382,33535509.511029,790344.273413,95308495.939813,0.0,40846498.276694,40846498.257164,0.000187,177318.422739,499989.80045636004,88659.21137599999,274057.359467708,300000.0,False,True
1621,4,0,1,NORMAL,0.020789645229371514,0.02058874048315475,0.020789645229371514,1.0,3300000000.0,6699999999.999992,68605829.256926,33560562.985302,791331.036469,95370557.393262,0.0,40873096.042467,40873096.022926,0.000187,177318.43843300003,499989.9019414653,88659.21922199999,274240.335169528,300000.0,False,True
1622,4,0,1,NORMAL,0.020803507957748185,0.020602596449257552,0.020803507957748185,1.0,3300000000.0,6699999999.999992,68651576.260569,33585621.265982,792318.457508,95432618.852148,0.0,40899693.810573,40899693.791018,0.000187,177318.45396999997,499990.0024168175,88659.22699200003,274423.31702770403,300000.0,False,True
1623,4,0,1,NORMAL,0.020817371152522423,0.020616452881726255,0.020817371152522423,1.0,3300000000.0,6699999999.999992,68697324.803324,33610684.353978,793306.536552,95494680.316419,0.0,40926291.580985,40926291.561418,0.000187,177318.46935399997,499990.101892463,88659.23468299999,274606.30504227604,300000.0,False,True
1624,4,0,1,NORMAL,0.020831234813699393,0.02063030978056323,0.020831234813699393,1.0,3300000000.0,6699999999.999992,68743074.885208,33635752.250191,794295.273623,95556741.78602,0.0,40952889.353681,40952889.334103,0.000187,177318.484583,499990.2003783482,88659.24229700002,274789.299213296,300000.0,False,True
1625,4,0,1,NORMAL,0.020845098941283335,0.020644167145770984,0.020845098941283335,1.0,3300000000.0,6699999999.999992,68788826.506235,33660824.955529,795284.668743,95618803.260899,0.0,40979487.128638,40979487.109048,0.000187,177318.49966,499990.29788432084,88659.24983599999,274972.299540832,300000.0,False,True
1626,4,0,1,NORMAL,0.02085896353527818,0.020658024977352092,0.02085896353527818,1.0,3300000000.0,6699999999.999992,68834579.666418,33685902.470898,796274.721934,95680864.741019,0.0,41006084.905839,41006084.886232,0.000169,177318.51458899997,499990.3944201302,88659.257303,275155.30602494004,300000.0,False,True
1627,4,0,1,NORMAL,0.020872828595688484,0.020671883275309277,0.020872828595688484,1.0,3300000000.0,6699999999.999992,68880334.365772,33710984.797207,797265.433219,95742926.226294,0.0,41032682.685255,41032682.665634,0.000169,177318.52936799996,499990.489995429,88659.26469099999,275338.31866567204,300000.0,False,True
1628,4,0,1,NORMAL,0.0208866941225203,0.02068574203964547,0.0208866941225203,1.0,3300000000.0,6699999999.999992,68926090.604317,33736071.935363,798256.80262,95804987.716693,0.0,41059280.466862,41059280.447231,0.000169,177318.544002,499990.58461977355,88659.272006,275521.337463088,300000.0,False,True
1629,4,0,1,NORMAL,0.020900560115777272,0.020699601270363653,0.020900560115777272,1.0,3300000000.0,6699999999.999992,68971848.382065,33761163.886272,799248.830158,95867049.212162,0.0,41085878.250643,41085878.231002,0.000169,177318.55849000002,499990.67830262554,88659.27924999999,275704.362417268,300000.0,False,True
1630,4,0,1,NORMAL,0.020914426575464242,0.02071346096746692,0.020914426575464242,1.0,3300000000.0,6699999999.999992,69017607.699032,33786260.650843,800241.515856,95929110.712651,0.0,41112476.036576,41112476.016925,0.000169,177318.57283400002,499990.7710533522,88659.28642200002,275887.39352826,300000.0,False,True
1631,4,0,1,NORMAL,0.020928293501586967,0.020727321130958536,0.020928293501586967,1.0,3300000000.0,6699999999.999992,69063368.555237,33811362.229983,801234.859736,95991172.21811,0.0,41139073.824639,41139073.804977,0.000169,177318.58703300002,499990.8628812276,88659.29352200002,276070.430796128,300000.0,False,True
1632,4,0,1,NORMAL,0.02094216089415061,0.020741181760841897,0.02094216089415061,1.0,3300000000.0,6699999999.999992,69109130.950697,33836468.6246,802228.86182,96053233.72849,0.0,41165671.614812,41165671.595136,0.000169,177318.601092,499990.9537954334,88659.30055300001,276253.474220948,300000.0,False,True
1633,4,0,1,NORMAL,0.020956028753160303,0.020755042857120508,0.020956028753160303,1.0,3300000000.0,6699999999.999992,69154894.885429,33861579.835605,803223.522131,96115295.243758,0.0,41192269.407071,41192269.387385,0.000153,177318.61501200005,499991.0438050605,88659.307511,276436.523802788,300000.0,False,True
1634,4,0,1,NORMAL,0.02096989707862091,0.020768904419797955,0.02096989707862091,1.0,3300000000.0,6699999999.999992,69200660.359449,33886695.863906,804218.84069,96177356.763833,0.0,41218867.201399,41218867.181699,0.000153,177318.62879200003,499991.1329191087,88659.31440300001,276619.57954171597,300000.0,False,True
1635,4,0,1,NORMAL,0.020983765870538486,0.020782766448877988,0.020983765870538486,1.0,3300000000.0,6699999999.999992,69246427.372777,33911816.710411,805214.81752,96239418.288683,0.0,41245464.997773,41245464.97806,0.000153,177318.64243500002,499991.22114648874,88659.32122400001,276802.641437796,300000.0,False,True
1636,4,0,1,NORMAL,0.020997635128919088,0.02079662894436451,0.020997635128919088,1.0,3300000000.0,6699999999.999992,69292195.925433,33936942.37603,806211.452642,96301479.818261,0.0,41272062.79617,41272062.77645,0.000153,177318.655943,499991.3084960222,88659.327975,276985.709491108,300000.0,False,True
1637,4,0,1,NORMAL,0.021011504853766665,0.020810491906261424,0.021011504853766665,1.0,3300000000.0,6699999999.999992,69337966.01743,33962072.861676,807208.746079,96363541.352519,0.0,41298660.596575,41298660.576844,0.000153,177318.669315,499991.3949764434,88659.334663,277168.783701732,300000.0,False,True
1638,4,0,1,NORMAL,0.021025375045088182,0.02082435533457283,0.021025375045088182,1.0,3300000000.0,6699999999.999992,69383737.648791,33987208.168258,808206.697853,96425602.891411,0.0,41325258.398966,41325258.379224,0.000153,177318.68255499998,499991.48059639946,88659.34128300002,277351.86406972,300000.0,False,True
1639,4,0,1,NORMAL,0.021039245702889092,0.02083821922930291,0.021039245702889092,1.0,3300000000.0,6699999999.999992,69429510.819534,34012348.296686,809205.307986,96487664.43489,0.0,41351856.203325,41351856.18357,0.000153,177318.69566299996,499991.56536445173,88659.347838,277534.95059516403,300000.0,False,True
1640,4,0,1,NORMAL,0.02105311682717606,0.020852083590456018,0.02105311682717606,1.0,3300000000.0,6699999999.999992,69475285.529681,34037493.247871,810204.576501,96549725.982926,0.0,41378454.009632,41378453.989863,0.000138,177318.70864199998,499991.649289076,88659.35432800002,277718.043278136,300000.0,False,True
1641,4,0,1,NORMAL,0.021066988417954846,0.020865948418036587,0.021066988417954846,1.0,3300000000.0,6699999999.999992,69521061.779251,34062643.022724,811204.503419,96611787.535445,0.0,41405051.817864,41405051.798085,0.000138,177318.721492,499991.73237866396,88659.360751,277901.142118724,300000.0,False,True
1642,4,0,1,NORMAL,0.021080860475230907,0.020879813712049125,0.021080860475230907,1.0,3300000000.0,6699999999.999992,69566839.568262,34087797.62216,812205.088763,96673849.092416,0.0,41431649.628007,41431649.608214,0.000138,177318.73421400003,499991.8146415241,88659.367114,278084.247117004,300000.0,False,True
1643,4,0,1,NORMAL,0.021094732999011212,0.020893679472498292,0.021094732999011212,1.0,3300000000.0,6699999999.999992,69612618.896737,34112957.047087,813206.332554,96735910.653795,0.0,41458247.440038,41458247.420232,0.000138,177318.746807,499991.89608588174,88659.37341,278267.358273048,300000.0,False,True
1644,4,0,1,NORMAL,0.021108605989302424,0.020907545699388883,0.021108605989302424,1.0,3300000000.0,6699999999.999992,69658399.764698,34138121.298417,814208.234815,96797972.219538,0.0,41484845.253942,41484845.23412,0.000138,177318.759278,499991.9767198805,88659.379647,278450.475586948,300000.0,False,True
1645,4,0,1,NORMAL,0.02112247944611,0.02092141239272573,0.02112247944611,1.0,3300000000.0,6699999999.999992,69704182.172163,34163290.377066,815210.795568,96860033.789601,0.0,41511443.069699,41511443.049859,0.000138,177318.771622,499992.05655158334,88659.38582,278633.599058792,300000.0,False,True
1646,4,0,1,NORMAL,0.021136353369440912,0.020935279552513807,0.021136353369440912,1.0,3300000000.0,6699999999.999992,69749966.119155,34188464.283945,816214.014835,96922095.363942,0.0,41538040.887287,41538040.867432,0.000138,177318.783843,499992.13558897254,88659.391929,278816.728688652,300000.0,False,True
1647,4,0,1,NORMAL,0.021150227759302427,0.020949147178758235,0.021150227759302427,1.0,3300000000.0,6699999999.999992,69795751.605698,34213643.019967,817217.892638,96984156.942532,0.0,41564638.70669,41564638.686819,0.000125,177318.795944,499992.2138399511,88659.39798,278999.86447662005,300000.0,False,True
1648,4,0,1,NORMAL,0.021164102615701213,0.020963015271464235,0.021164102615701213,1.0,3300000000.0,6699999999.999992,69841538.631814,34238826.586046,818222.429,97046218.525304,0.0,41591236.527888,41591236.508003,0.000125,177318.807926,499992.2913123437,88659.40396999998,279183.00642279204,300000.0,False,True
1649,4,0,1,NORMAL,0.021177977938643334,0.02097688383063708,0.021177977938643334,1.0,3300000000.0,6699999999.999992,69887327.197523,34264014.983096,819227.623942,97108280.112227,0.0,41617834.350863,41617834.330967,0.000125,177318.81978500003,499992.3680138965,88659.409898,279366.15452725603,300000.0,False,True
1650,4,0,1,NORMAL,0.021191853728135153,0.02099075285628212,0.021191853728135153,1.0,3300000000.0,6699999999.999992,69933117.302846,34289208.212032,820233.477487,97170341.703259,0.0,41644432.175601,41644432.155693,0.000125,177318.83152799995,499992.4439522795,88659.41577,279549.308790092,300000.0,False,True
1651,4,0,1,NORMAL,0.021205729984184546,0.021004622348404858,0.021205729984184546,1.0,3300000000.0,6699999999.999992,69978908.947809,34314406.273766,821239.989657,97232403.298359,0.0,41671030.002086,41671029.982163,0.000125,177318.84315499998,499992.5191350857,88659.421585,279732.469211384,300000.0,False,True
1652,4,0,1,NORMAL,0.021219606706799093,0.021018492307010937,0.021219606706799093,1.0,3300000000.0,6699999999.999992,70024702.132437,34339609.169215,822247.160474,97294464.89749,0.0,41697627.830294,41697627.81036,0.000125,177318.854667,499992.5935698326,88659.427339,279915.635791236,300000.0,False,True
1653,4,0,1,NORMAL,0.02123348389598515,0.021032362732106052,0.02123348389598515,1.0,3300000000.0,6699999999.999992,70070496.856751,34364816.89929,823254.98996,97356526.500607,0.0,41724225.660216,41724225.640266,0.000125,177318.86606200002,499992.6672639634,88659.43303899998,280098.80852974806,300000.0,False,True
1654,4,0,1,NORMAL,0.0212473615517503,0.021046233623696002,0.0212473615517503,1.0,3300000000.0,6699999999.999992,70116293.120776,34390029.46491,824263.478137,97418588.107686,0.0,41750823.491831,41750823.471863,0.000113,177318.877346,499992.7402248466,88659.43868199998,280281.987427004,300000.0,False,True
1655,4,0,1,NORMAL,0.02126123967410121,0.021060104981786662,0.02126123967410121,1.0,3300000000.0,6699999999.999992,70162090.924534,34415246.86699,825272.625028,97480649.718661,0.0,41777421.325123,41777421.305136,0.000113,177318.88851500006,499992.8124597779,88659.44426700001,280465.172483104,300000.0,False,True
1656,4,0,1,NORMAL,0.021275118263046972,0.0210739768063841,0.021275118263046972,1.0,3300000000.0,6699999999.999992,70207890.268055,34440469.106444,826282.430654,97542711.333509,0.0,41804019.160069,41804019.140069,0.000113,177318.89957500005,499992.8839759802,88659.44979400001,280648.363698136,300000.0,False,True
1657,4,0,1,NORMAL,0.021288997318593027,0.021087849097494355,0.021288997318593027,1.0,3300000000.0,6699999999.999992,70253691.151357,34465696.18419,827292.895038,97604772.952187,0.0,41830616.99666,41830616.976644,0.000113,177318.910522,499992.95478060463,88659.45526899998,280831.56107222004,300000.0,False,True
1658,4,0,1,NORMAL,0.021302876840747578,0.021101721855123597,0.021302876840747578,1.0,3300000000.0,6699999999.999992,70299493.574467,34490928.101146,828304.018202,97666834.57466,0.0,41857214.834879,41857214.814843,0.000113,177318.92136400007,499993.02488073095,88659.46069200001,281014.764605428,300000.0,False,True
1659,4,0,1,NORMAL,0.02131675682951879,0.021115595079278127,0.02131675682951879,1.0,3300000000.0,6699999999.999992,70345297.537412,34516164.858227,829315.800168,97728896.200891,0.0,41883812.674703,41883812.654654,0.000113,177318.932097,499993.09428336873,88659.46605499998,281197.97429786803,300000.0,False,True
1660,4,0,1,NORMAL,0.021330637284914848,0.02112946876996437,0.021330637284914848,1.0,3300000000.0,6699999999.999992,70391103.040219,34541406.456349,830328.240958,97790957.830841,0.0,41910410.516121,41910410.496059,0.000113,177318.942723,499993.1629954577,88659.471368,281381.190149648,300000.0,False,True
1661,4,0,1,NORMAL,0.02134451820694182,0.021143342927188724,0.02134451820694182,1.0,3300000000.0,6699999999.999992,70436910.082908,34566652.896432,831341.340594,97853019.464483,0.0,41937008.359117,41937008.339042,0.000102,177318.953241,499993.23102386855,88659.476627,281564.412160876,300000.0,False,True
1662,4,0,1,NORMAL,0.021358399595608788,0.02115721755095776,0.021358399595608788,1.0,3300000000.0,6699999999.999992,70482718.665509,34591904.179391,832355.099099,97915081.10176,0.0,41963606.203675,41963606.183587,0.000102,177318.963657,499993.2983754037,88659.481835,281747.64033163205,300000.0,False,True
1663,4,0,1,NORMAL,0.021372281450924544,0.0211710926412782,0.021372281450924544,1.0,3300000000.0,6699999999.999992,70528528.788051,34617160.306144,833369.516494,97977142.742648,0.0,41990204.049778,41990204.029678,0.000102,177318.97397,499993.3650567977,88659.48699099998,281930.874662036,300000.0,False,True
1664,4,0,1,NORMAL,0.021386163772895452,0.021184968198156733,0.021386163772895452,1.0,3300000000.0,6699999999.999992,70574340.450555,34642421.277611,834384.592802,98039204.387108,0.0,42016801.897413,42016801.877301,0.000102,177318.98417800004,499993.43107471836,88659.49209500001,282114.115152204,300000.0,False,True
1665,4,0,1,NORMAL,0.021400046561530002,0.02119884422160017,0.021400046561530002,1.0,3300000000.0,6699999999.999992,70620153.653049,34667687.094708,835400.328045,98101266.035102,0.0,42043399.74657,42043399.726441,0.000102,177318.99428500002,499993.49643576675,88659.49715099999,282297.36180222,300000.0,False,True
1666,4,0,1,NORMAL,0.021413929816837273,0.02121272071161547,0.021413929816837273,1.0,3300000000.0,6699999999.999992,70665968.395563,34692957.758354,836416.722245,98163327.6866,0.0,42069997.597227,42069997.57708,0.000102,177319.00429200003,499993.5611464788,88659.502155,282480.61461219605,300000.0,False,True
1667,4,0,1,NORMAL,0.02142781353882515,0.021226597668209644,0.02142781353882515,1.0,3300000000.0,6699999999.999992,70711784.678123,34718233.269471,837433.775424,98225389.341567,0.0,42096595.449366,42096595.429207,0.000102,177319.0142,499993.6252133249,88659.50710599999,282663.873582252,300000.0,False,True
1668,4,0,1,NORMAL,0.021441697727501513,0.021240475091389766,0.021441697727501513,1.0,3300000000.0,6699999999.999992,70757602.500755,34743513.628976,838451.487605,98287450.999977,0.0,42123193.302978,42123193.282804,9.2e-05,177319.02400899996,499993.6886427115,88659.512012,282847.138712492,300000.0,False,True
1669,4,0,1,NORMAL,0.021455582382875454,0.021254352981163037,0.021455582382875454,1.0,3300000000.0,6699999999.999992,70803421.863489,34768798.83779,839469.858809,98349512.661777,0.0,42149791.158044,42149791.137857,9.2e-05,177319.033719,499993.751440981,88659.51686599999,283030.41000302,300000.0,False,True
1670,4,0,1,NORMAL,0.021469467504954546,0.021268231337536685,0.021469467504954546,1.0,3300000000.0,6699999999.999992,70849242.76635,34794088.896831,840488.889059,98411574.32694,0.0,42176389.014556,42176388.994354,9.2e-05,177319.043335,499993.8136144128,88659.521675,283213.687453956,300000.0,False,True
1671,4,0,1,NORMAL,0.021483353093748787,0.021282110160518113,0.021483353093748787,1.0,3300000000.0,6699999999.999992,70895065.209371,34819383.807019,841508.578377,98473635.995437,0.0,42202986.87249,42202986.852279,9.2e-05,177319.052853,499993.8751692238,88659.526431,283396.9710654,300000.0,False,True
1672,4,0,1,NORMAL,0.02149723914926515,0.021295989450114697,0.02149723914926515,1.0,3300000000.0,6699999999.999992,70940889.192575,34844683.569276,842528.926785,98535697.66723,0.0,42229584.731846,42229584.711615,9.2e-05,177319.062278,499993.9361115693,88659.53114900002,283580.26083748403,300000.0,False,True
1673,4,0,1,NORMAL,0.02151112567151273,0.021309869206333924,0.02151112567151273,1.0,3300000000.0,6699999999.999992,70986714.715992,34869988.184522,843549.934305,98597759.342287,0.0,42256182.5926,42256182.572353,9.2e-05,177319.071606,499993.99644754274,88659.535811,283763.55677029997,300000.0,False,True
1674,4,0,1,NORMAL,0.021525012660500907,0.02132374942918341,0.021525012660500907,1.0,3300000000.0,6699999999.999992,71032541.779653,34895297.65368,844571.600959,98659821.02058,0.0,42282780.454735,42282780.434476,9.2e-05,177319.080844,499994.0561831777,88659.540428,283946.858863968,300000.0,False,True
1675,4,0,1,NORMAL,0.021538900116238487,0.021337630118670837,0.021538900116238487,1.0,3300000000.0,6699999999.999992,71078370.383587,34920611.977668,845593.926769,98721882.702082,0.0,42309378.318245,42309378.297971,8.3e-05,177319.089991,499994.11532444716,88659.545003,284130.167118612,300000.0,False,True
1676,4,0,1,NORMAL,0.02155278803873394,0.021351511274803944,0.02155278803873394,1.0,3300000000.0,6699999999.999992,71124200.527822,34945931.157409,846616.911758,98783944.386744,0.0,42335976.183113,42335976.162824,8.3e-05,177319.099045,499994.1738772649,88659.54952999999,284313.48153434804,300000.0,False,True
1677,4,0,1,NORMAL,0.02156667642799697,0.021365392897590593,0.02156667642799697,1.0,3300000000.0,6699999999.999992,71170032.21239,34971255.193824,847640.555948,98846006.074545,0.0,42362574.049323,42362574.029021,8.3e-05,177319.10800900002,499994.231847486,88659.554011,284496.802111288,300000.0,False,True
1678,4,0,1,NORMAL,0.021580565284035454,0.02137927498703865,0.021580565284035454,1.0,3300000000.0,6699999999.999992,71215865.437317,34996584.087836,848664.859361,98908067.76545,0.0,42389171.91687,42389171.89655,8.3e-05,177319.116886,499994.28924090695,88659.558452,284680.12884956005,300000.0,False,True
1679,4,0,1,NORMAL,0.021594454606859395,0.021393157543156117,0.021594454606859395,1.0,3300000000.0,6699999999.999992,71261700.202636,35021917.840367,849689.822019,98970129.459432,0.0,42415769.78573,42415769.765399,8.3e-05,177319.12567299997,499994.34606326686,88659.562842,284863.461749268,300000.0,False,True
1680,4,0,1,NORMAL,0.021608344396477578,0.021407040565951052,0.021608344396477578,1.0,3300000000.0,6699999999.999992,71307536.508376,35047256.452338,850715.443944,99032191.156457,0.0,42442367.655898,42442367.635552,8.3e-05,177319.134371,499994.4023202475,88659.56719300001,285046.800810544,300000.0,False,True
1681,4,0,1,NORMAL,0.021622234652899395,0.02142092405543159,0.021622234652899395,1.0,3300000000.0,6699999999.999992,71353374.354568,35072599.924675,851741.725158,99094252.856498,0.0,42468965.527358,42468965.506995,8.3e-05,177319.14298500004,499994.4580174743,88659.571501,285230.146033504,300000.0,False,True
1682,4,0,1,NORMAL,0.021636125376134546,0.021434808011605976,0.021636125376134546,1.0,3300000000.0,6699999999.999992,71399213.741244,35097948.2583,852768.665684,99156314.559534,0.0,42495563.400092,42495563.379718,7.5e-05,177319.151513,499994.5131605167,88659.575762,285413.497418272,300000.0,False,True
1683,4,0,1,NORMAL,0.021650016566191817,0.021448692434482483,0.021650016566191817,1.0,3300000000.0,6699999999.999992,71445054.668433,35123301.454136,853796.265543,99218376.265515,0.0,42522161.274096,42522161.253707,7.5e-05,177319.15995499998,499994.56775488844,88659.57998499999,285596.854964976,300000.0,False,True
1684,4,0,1,NORMAL,0.02166390822308061,0.02146257732406946,0.02166390822308061,1.0,3300000000.0,6699999999.999992,71490897.136166,35148659.513107,854824.524758,99280437.974421,0.0,42548759.149352,42548759.12895,7.5e-05,177319.16831100002,499994.6218060491,88659.58416200001,285780.218673732,300000.0,False,True
1685,4,0,1,NORMAL,0.021677800346810907,0.021476462680375362,0.021677800346810907,1.0,3300000000.0,6699999999.999992,71536741.144476,35174022.436136,855853.443351,99342499.686224,0.0,42575357.025849,42575357.005435,7.5e-05,177319.17658800003,499994.6753194032,88659.5883,285963.58854466403,300000.0,False,True
1686,4,0,1,NORMAL,0.021691692937392124,0.021490348503408703,0.021691692937392124,1.0,3300000000.0,6699999999.999992,71582586.693394,35199390.224146,856883.021344,99404561.400894,0.0,42601954.903576,42601954.883149,7.5e-05,177319.18478100002,499994.7283003017,88659.59239699999,286146.964577904,300000.0,False,True
1687,4,0,1,NORMAL,0.021705585994833333,0.021504234793178034,0.021705585994833333,1.0,3300000000.0,6699999999.999992,71628433.78295,35224762.878064,857913.25876,99466623.118402,0.0,42628552.78252,42628552.762081,7.5e-05,177319.19289200005,499994.78075404256,88659.59645199998,286330.34677357605,300000.0,False,True
1688,4,0,1,NORMAL,0.021719479519144547,0.021518121549692005,0.021719479519144547,1.0,3300000000.0,6699999999.999992,71674282.413177,35250140.398814,858944.15562,99528684.838721,0.0,42655150.662669,42655150.642217,7.5e-05,177319.200923,499994.8326858708,88659.60046799999,286513.7351318,300000.0,False,True
1689,4,0,1,NORMAL,0.02173337351033667,0.021532008772959403,0.02173337351033667,1.0,3300000000.0,6699999999.999992,71720132.584111,35275522.787318,859975.711947,99590746.561831,0.0,42681748.544009,42681748.523545,6.8e-05,177319.20887399997,499994.88410097937,88659.60444300002,286697.129652708,300000.0,False,True
1690,4,0,1,NORMAL,0.02174726796841788,0.021545896462988986,0.02174726796841788,1.0,3300000000.0,6699999999.999992,71765984.295779,35300910.044506,861007.927763,99652808.287689,0.0,42708346.426531,42708346.406054,6.8e-05,177319.216747,499994.9350045096,88659.60838000002,286880.53033644403,300000.0,False,True
1691,4,0,1,NORMAL,0.021761162893398182,0.02155978461978958,0.021761162893398182,1.0,3300000000.0,6699999999.999992,71811837.548214,35326302.171303,862040.80309,99714870.016275,0.0,42734944.31022,42734944.289731,6.8e-05,177319.224538,499994.9854015513,88659.61227499998,287063.93718311604,300000.0,False,True
1692,4,0,1,NORMAL,0.021775058285288487,0.021573673243370155,0.021775058285288487,1.0,3300000000.0,6699999999.999992,71857692.341452,35351699.168631,863074.33795,99776931.747561,0.0,42761542.195069,42761542.174565,6.8e-05,177319.23225499998,499995.0352971441,88659.61613500002,287247.35019285604,300000.0,False,True
1693,4,0,1,NORMAL,0.02178895414409788,0.021587562333739686,0.02178895414409788,1.0,3300000000.0,6699999999.999992,71903548.675523,35377101.03742,864108.532365,99838993.481522,0.0,42788140.081062,42788140.060545,6.8e-05,177319.23989499998,499995.0846962773,88659.619954,287430.769365808,300000.0,False,True
1694,4,0,1,NORMAL,0.021802850469836363,0.021601451890907217,0.021802850469836363,1.0,3300000000.0,6699999999.999992,71949406.55046,35402507.778596,865143.386357,99901055.21813,0.0,42814737.968189,42814737.947661,6.8e-05,177319.247459,499995.1336038904,88659.623735,287614.194702092,300000.0,False,True
1695,4,0,1,NORMAL,0.02181674726251394,0.021615341914881844,0.02181674726251394,1.0,3300000000.0,6699999999.999992,71995265.966296,35427919.393084,866178.899949,99963116.957357,0.0,42841335.85644,42841335.835899,6.8e-05,177319.254943,499995.18202487426,88659.627478,287797.62620184,300000.0,False,True
1696,4,0,1,NORMAL,0.021830644522141517,0.021629232405672792,0.021830644522141517,1.0,3300000000.0,6699999999.999992,72041126.923067,35453335.881809,867215.073163,100025178.699185,0.0,42867933.745803,42867933.725249,6.2e-05,177319.26235700003,499995.22996407043,88659.63118499999,287981.063865184,300000.0,False,True
1697,4,0,1,NORMAL,0.021844542248728484,0.021643123363289288,0.021844542248728484,1.0,3300000000.0,6699999999.999992,72086989.420804,35478757.245701,868251.906021,100087240.443576,0.0,42894531.636268,42894531.615699,6.2e-05,177319.269697,499995.27742627263,88659.634856,288164.507692268,300000.0,False,True
1698,4,0,1,NORMAL,0.02185844044228576,0.021657014787740677,0.02185844044228576,1.0,3300000000.0,6699999999.999992,72132853.459543,35504183.485685,869289.398545,100149302.190509,0.0,42921129.527825,42921129.507241,6.2e-05,177319.276965,499995.32441622694,88659.63849000001,288347.95768321597,300000.0,False,True
1699,4,0,1,NORMAL,0.021872339102824243,0.021670906679036393,0.021872339102824243,1.0,3300000000.0,6699999999.999992,72178719.03932,35529614.602689,870327.550757,100211363.939962,0.0,42947727.420455,42947727.399864,6.2e-05,177319.28415899997,499995.3709386321,88659.642083,288531.41383817204,300000.0,False,True
1700,4,0,1,NORMAL,0.021886238230353332,0.021684799037185874,0.021886238230353332,1.0,3300000000.0,6699999999.999992,72224586.160166,35555050.597642,871366.362679,100273425.691908,0.0,42974325.314155,42974325.293553,6.2e-05,177319.291281,499995.4169981401,88659.645646,288714.87615728006,300000.0,False,True
1701,4,0,1,NORMAL,0.021900137824883033,0.021698691862198596,0.021900137824883033,1.0,3300000000.0,6699999999.999992,72270454.822114,35580491.471473,872405.834334,100335487.446322,0.0,43000923.208911,43000923.188301,6.2e-05,177319.29833199998,499995.46259935666,88659.64917,288898.344640664,300000.0,False,True
1702,4,0,1,NORMAL,0.02191403788642424,0.021712585154084123,0.02191403788642424,1.0,3300000000.0,6699999999.999992,72316325.0252,35605937.225109,873445.965744,100397549.203179,0.0,43027521.104718,43027521.084095,6.2e-05,177319.305315,499995.50774684176,88659.65266400001,289081.81928845606,300000.0,False,True
1703,4,0,1,NORMAL,0.02192793841498727,0.02172647891285207,0.02192793841498727,1.0,3300000000.0,6699999999.999992,72362196.769458,35631387.859478,874486.756931,100459610.962461,0.0,43054119.001562,43054118.980925,5.6e-05,177319.31222600004,499995.55244511,88659.65612000001,289265.3001008,300000.0,False,True
1704,4,0,1,NORMAL,0.021941839410583332,0.02174037313851215,0.021941839410583332,1.0,3300000000.0,6699999999.999992,72408070.054925,35656843.375508,875528.207917,100521672.724132,0.0,43080716.899433,43080716.878781,5.6e-05,177319.319069,499995.59669863083,88659.65954199998,289448.787077832,300000.0,False,True
1705,4,0,1,NORMAL,0.02195574087322212,0.021754267831074085,0.02195574087322212,1.0,3300000000.0,6699999999.999992,72453944.881633,35682303.77413,876570.318724,100583734.488173,0.0,43107314.798323,43107314.777654,5.6e-05,177319.32584499998,499995.64051182946,88659.662931,289632.2802197,300000.0,False,True
1706,4,0,1,NORMAL,0.021969642802915457,0.021768162990547724,0.021969642802915457,1.0,3300000000.0,6699999999.999992,72499821.249621,35707769.056272,877613.089375,100645796.254562,0.0,43133912.698217,43133912.677534,5.6e-05,177319.33255199995,499995.68388908706,88659.66628300001,289815.779526532,300000.0,False,True
1707,4,0,1,NORMAL,0.021983545199673635,0.021782058616942945,0.021983545199673635,1.0,3300000000.0,6699999999.999992,72545699.158923,35733239.222863,878656.519891,100707858.023275,0.0,43160510.599108,43160510.57841,5.6e-05,177319.33919300002,499995.7268347412,88659.669604,289999.284998484,300000.0,False,True
1708,4,0,1,NORMAL,0.021997448063507275,0.021795954710269676,0.021997448063507275,1.0,3300000000.0,6699999999.999992,72591578.609574,35758714.274835,879700.610295,100769919.794291,0.0,43187108.500983,43187108.480271,5.6e-05,177319.34576799997,499995.76935308625,88659.67289100001,290182.796635692,300000.0,False,True
1709,4,0,1,NORMAL,0.022011351394426663,0.021809851270537868,0.022011351394426663,1.0,3300000000.0,6699999999.999992,72637459.601608,35784194.213117,880745.360609,100831981.567584,0.0,43213706.403837,43213706.383109,5.6e-05,177319.352278,499995.81144837366,88659.676147,290366.314438296,300000.0,False,True
1710,4,0,1,NORMAL,0.02202525519244394,0.021823748297757614,0.02202525519244394,1.0,3300000000.0,6699999999.999992,72683342.135065,35809679.03864,881790.770855,100894043.34314,0.0,43240304.307654,43240304.286915,5.1e-05,177319.358725,499995.85312481306,88659.67936800001,290549.83840643195,300000.0,False,True
1711,4,0,1,NORMAL,0.02203915945756909,0.021837645791939,0.02203915945756909,1.0,3300000000.0,6699999999.999992,72729226.209978,35835168.752334,882836.841055,100956105.120924,0.0,43266902.21243,43266902.191677,5.1e-05,177319.365106,499995.89438657183,88659.68255999999,290733.36854026,300000.0,False,True
1712,4,0,1,NORMAL,0.022053064189813332,0.021851543753092183,0.022053064189813332,1.0,3300000000.0,6699999999.999992,72775111.826384,35860663.355131,883883.571232,101018166.90092,0.0,43293500.118151,43293500.097387,5.1e-05,177319.371423,499995.9352377758,88659.685717,290916.904839912,300000.0,False,True
1713,4,0,1,NORMAL,0.02206696938918788,0.021865442181227393,0.02206696938918788,1.0,3300000000.0,6699999999.999992,72820998.98432,35886162.847959,884930.961407,101080228.683105,0.0,43320098.02481,43320098.004035,5.1e-05,177319.377677,499995.9756825102,88659.68884400002,291100.44730553596,300000.0,False,True
1714,4,0,1,NORMAL,0.02208087505570364,0.021879341076354895,0.02208087505570364,1.0,3300000000.0,6699999999.999992,72866887.683822,35911667.231751,885979.011603,101142290.467457,0.0,43346695.932396,43346695.911613,5.1e-05,177319.38386800006,499996.0157248192,88659.69193799997,291283.99593728,300000.0,False,True
1715,4,0,1,NORMAL,0.022094781189371516,0.021893240438485003,0.022094781189371516,1.0,3300000000.0,6699999999.999992,72912777.924926,35937176.507438,887027.721842,101204352.253954,0.0,43373293.840905,43373293.820109,5.1e-05,177319.38999899998,499996.0553687069,88659.69500600001,291467.550735288,300000.0,False,True
1716,4,0,1,NORMAL,0.022108687790201816,0.021907140267628026,0.022108687790201816,1.0,3300000000.0,6699999999.999992,72958669.707666,35962690.675953,888077.092146,101266414.042573,0.0,43399891.750328,43399891.729517,5.1e-05,177319.396069,499996.0946181374,88659.698042,291651.111699704,300000.0,False,True
1717,4,0,1,NORMAL,0.02212259485820697,0.021921040563794413,0.02212259485820697,1.0,3300000000.0,6699999999.999992,73004563.032083,35988209.738228,889127.122537,101328475.833302,0.0,43426489.660648,43426489.639826,4.6e-05,177319.402077,499996.1334770358,88659.70104399999,291834.67883066396,300000.0,False,True
1718,4,0,1,NORMAL,0.02213650239339788,0.02193494132699464,0.02213650239339788,1.0,3300000000.0,6699999999.999992,73050457.898213,36013733.695194,890177.813038,101390537.626108,0.0,43453087.571862,43453087.551027,4.6e-05,177319.408027,499996.1719492875,88659.70402,292018.25212833204,300000.0,False,True
1719,4,0,1,NORMAL,0.022150410395786364,0.02194884255723927,0.022150410395786364,1.0,3300000000.0,6699999999.999992,73096354.306095,36039262.547784,891229.163671,101452599.420976,0.0,43479685.483959,43479685.463112,4.6e-05,177319.413918,499996.2100387399,88659.70696499999,292201.831592852,300000.0,False,True
1720,4,0,1,NORMAL,0.022164318865383028,0.021962744254538865,0.022164318865383028,1.0,3300000000.0,6699999999.999992,73142252.255764,36064796.29693,892281.174457,101514661.217885,0.0,43506283.39693,43506283.376071,4.6e-05,177319.419748,499996.24774920143,88659.70988000001,292385.41722438,300000.0,False,True
1721,4,0,1,NORMAL,0.02217822780219879,0.02197664641890402,0.02217822780219879,1.0,3300000000.0,6699999999.999992,73188151.747256,36090334.943566,893333.845419,101576723.016813,0.0,43532881.310771,43532881.289896,4.6e-05,177319.42552199998,499996.2850844433,88659.71276900002,292569.00902305596,300000.0,False,True
1722,4,0,1,NORMAL,0.022192137206246364,0.021990549050345466,0.022192137206246364,1.0,3300000000.0,6699999999.999992,73234052.780613,36115878.488624,894387.17658,101638784.817742,0.0,43559479.225469,43559479.204578,4.6e-05,177319.43123800002,499996.32204819884,88659.71562699997,292752.606989024,300000.0,False,True
1723,4,0,1,NORMAL,0.022206047077536362,0.02200445214887391,0.022206047077536362,1.0,3300000000.0,6699999999.999992,73279955.35587,36141426.933039,895441.167961,101700846.620653,0.0,43586077.141012,43586077.12011,4.6e-05,177319.43689699998,499996.35864416417,88659.71845400002,292936.21112245205,300000.0,False,True
1724,4,0,1,NORMAL,0.022219957416080908,0.02201835571450017,0.022219957416080908,1.0,3300000000.0,6699999999.999992,73325859.473067,36166980.277744,896495.819584,101762908.425529,0.0,43612675.057396,43612675.036483,4.2e-05,177319.44250100004,499996.39487599884,88659.72125599999,293119.82142348,300000.0,False,True
1725,4,0,1,NORMAL,0.022233868221890607,0.02203225974723504,0.022233868221890607,1.0,3300000000.0,6699999999.999992,73371765.132239,36192538.523675,897551.131472,101824970.232343,0.0,43639272.974609,43639272.953689,4.2e-05,177319.448047,499996.43074732594,88659.72402699997,293303.437892268,300000.0,False,True
1726,4,0,1,NORMAL,0.022247779494977877,0.022046164247089415,0.022247779494977877,1.0,3300000000.0,6699999999.999992,73417672.333427,36218101.671763,898607.103647,101887032.04108,0.0,43665870.892649,43665870.871716,4.2e-05,177319.45354100002,499996.46626173245,88659.726777,293487.060528956,300000.0,False,True
1727,4,0,1,NORMAL,0.02226169123535424,0.022060069214074243,0.02226169123535424,1.0,3300000000.0,6699999999.999992,73463581.076669,36243669.722944,899663.736131,101949093.85172,0.0,43692468.811504,43692468.790558,4.2e-05,177319.45897700003,499996.5014227697,88659.72949499999,293670.68933370797,300000.0,False,True
1728,4,0,1,NORMAL,0.02227560344303121,0.0220739746482005,0.02227560344303121,1.0,3300000000.0,6699999999.999992,73509491.362003,36269242.67815,900721.028946,102011155.664242,0.0,43719066.731169,43719066.710207,4.2e-05,177319.46435799997,499996.5362339536,88659.732187,293854.324306676,300000.0,False,True
1729,4,0,1,NORMAL,0.022289516118019697,0.022087880549479157,0.022289516118019697,1.0,3300000000.0,6699999999.999992,73555403.189465,36294820.53832,901778.982115,102073217.47863,0.0,43745664.651635,43745664.630655,4.2e-05,177319.46969000003,499996.5706987652,88659.734854,294037.965448012,300000.0,False,True
1730,4,0,1,NORMAL,0.022303429260332425,0.022101786917921303,0.022303429260332425,1.0,3300000000.0,6699999999.999992,73601316.559097,36320403.304388,902837.595659,102135279.294865,0.0,43772262.57289,43772262.551897,4.2e-05,177319.474967,499996.604820651,88659.73749000003,294221.61275786,300000.0,False,True
1731,4,0,1,NORMAL,0.022317342869980907,0.022115693753538054,0.022317342869980907,1.0,3300000000.0,6699999999.999992,73647231.470937,36345990.977288,903896.869601,102197341.112932,0.0,43798860.494929,43798860.473923,3.8e-05,177319.48019099995,499996.6386030228,88659.740102,294405.266236388,300000.0,False,True
1732,4,0,1,NORMAL,0.02233125694697697,0.022129601056340563,0.02233125694697697,1.0,3300000000.0,6699999999.999992,73693147.925024,36371583.557956,904956.803963,102259402.932805,0.0,43825458.417745,43825458.396723,3.8e-05,177319.485362,499996.67204925895,88659.742689,294588.925883748,300000.0,False,True
1733,4,0,1,NORMAL,0.02234517149133212,0.02214350882634002,0.02234517149133212,1.0,3300000000.0,6699999999.999992,73739065.921396,36397181.047329,906017.398767,102321464.75447,0.0,43852056.34133,43852056.320291,3.8e-05,177319.49048299997,499996.7051627039,88659.74524999999,294772.59170009603,300000.0,False,True
1734,4,0,1,NORMAL,0.02235908650305879,0.022157417063547687,0.02235908650305879,1.0,3300000000.0,6699999999.999992,73784985.460094,36422783.44634,907078.654036,102383526.577908,0.0,43878654.265676,43878654.244622,3.8e-05,177319.49555300002,499996.73794666893,88659.74778399999,294956.263685584,300000.0,False,True
1735,4,0,1,NORMAL,0.022373001982169093,0.022171325767974877,0.022373001982169093,1.0,3300000000.0,6699999999.999992,73830906.541158,36448390.755926,908140.569791,102445588.403102,0.0,43905252.190777,43905252.169704,3.8e-05,177319.500571,499996.7704044322,88659.75029499998,295139.941840376,300000.0,False,True
1736,4,0,1,NORMAL,0.022386917928674244,0.0221852349396329,0.022386917928674244,1.0,3300000000.0,6699999999.999992,73876829.164625,36474002.977028,909203.146055,102507650.230038,0.0,43931850.116618,43931850.095532,3.8e-05,177319.50554100002,499996.8025392395,88659.752777,295323.62616463203,300000.0,False,True
1737,4,0,1,NORMAL,0.022400834342586665,0.022199144578533142,0.022400834342586665,1.0,3300000000.0,6699999999.999992,73922753.330536,36499620.110579,910266.38285,102569712.058695,0.0,43958448.043199,43958448.022096,3.8e-05,177319.510459,499996.8343543042,88659.755238,295507.3166585,300000.0,False,True
1738,4,0,1,NORMAL,0.022414751223918786,0.022213054684687056,0.022414751223918786,1.0,3300000000.0,6699999999.999992,73968679.038932,36525242.157517,911330.280198,102631773.889061,0.0,43985045.970507,43985045.949394,3.5e-05,177319.515332,499996.8658528077,88659.75767099998,295691.013322144,300000.0,False,True
1739,4,0,1,NORMAL,0.02242866857268273,0.022226965258106135,0.02242866857268273,1.0,3300000000.0,6699999999.999992,74014606.289853,36550869.118776,912394.838121,102693835.721111,0.0,44011643.898542,44011643.877414,3.5e-05,177319.52015500003,499996.89703789976,88659.76008499999,295874.716155728,300000.0,False,True
1740,4,0,1,NORMAL,0.022442586388889997,0.02224087629880187,0.022442586388889997,1.0,3300000000.0,6699999999.999992,74060535.083337,36576500.995298,913460.056642,102755897.554833,0.0,44038241.82729,44038241.806149,3.5e-05,177319.52492699996,499996.9279126989,88659.76247000002,296058.425159412,300000.0,False,True
1741,4,0,1,NORMAL,0.02245650467255333,0.022254787806785834,0.02245650467255333,1.0,3300000000.0,6699999999.999992,74106465.419426,36602137.788017,914525.935782,102817959.390209,0.0,44064839.756747,44064839.735595,3.5e-05,177319.52965500002,499996.9584802923,88659.764833,296242.14033334795,300000.0,False,True
1742,4,0,1,NORMAL,0.022470423423684244,0.022268699782069603,0.022470423423684244,1.0,3300000000.0,6699999999.999992,74152397.298158,36627779.497873,915592.475564,102880021.227222,0.0,44091437.686908,44091437.665741,3.5e-05,177319.53433300002,499996.9887437368,88659.76717400001,296425.861677704,300000.0,False,True
1743,4,0,1,NORMAL,0.022484342642295152,0.0222826122246648,0.022484342642295152,1.0,3300000000.0,6699999999.999992,74198330.719574,36653426.125805,916659.67601,102942083.065857,0.0,44118035.617766,44118035.596582,3.5e-05,177319.538969,499997.0187060586,88659.76949299999,296609.589192632,300000.0,False,True
1744,4,0,1,NORMAL,0.022498262328398484,0.022296525134583106,0.022498262328398484,1.0,3300000000.0,6699999999.999992,74244265.683715,36679077.672751,917727.537142,103004144.906099,0.0,44144633.549308,44144633.528112,3.5e-05,177319.543556,499997.0483702539,88659.77178399998,296793.322878296,300000.0,False,True
1745,4,0,1,NORMAL,0.02251218248200697,0.02231043851183626,0.02251218248200697,1.0,3300000000.0,6699999999.999992,74290202.190623,36704734.139647,918796.058983,103066206.747933,0.0,44171231.481535,44171231.460322,3.2e-05,177319.548099,499997.0777392889,88659.77405800001,296977.06273486,300000.0,False,True
1746,4,0,1,NORMAL,0.022526103103132727,0.022324352356436036,0.022526103103132727,1.0,3300000000.0,6699999999.999992,74336140.240338,36730395.527433,919865.241554,103128268.591338,0.0,44197829.414433,44197829.393207,3.2e-05,177319.55259300006,499997.1068161005,88659.77630299999,297160.80876249203,300000.0,False,True
1747,4,0,1,NORMAL,0.022540024191786967,0.022338266668394162,0.022540024191786967,1.0,3300000000.0,6699999999.999992,74382079.832897,36756061.837051,920935.084878,103190330.4363,0.0,44224427.348,44224427.32676,3.2e-05,177319.55704400002,499997.13560359646,88659.778529,297344.560961352,300000.0,False,True
1748,4,0,1,NORMAL,0.022553945747983334,0.022352181447722497,0.022553945747983334,1.0,3300000000.0,6699999999.999992,74428020.968345,36781733.069438,922005.588977,103252392.282805,0.0,44251025.282228,44251025.260975,3.2e-05,177319.56145300006,499997.1641046552,88659.78073299998,297528.319331588,300000.0,False,True
1749,4,0,1,NORMAL,0.022567867771734848,0.02236609669443297,0.022567867771734848,1.0,3300000000.0,6699999999.999992,74473963.646725,36807409.225531,923076.753873,103314454.130838,0.0,44277623.21711,44277623.195845,3.2e-05,177319.565818,499997.1923221268,88659.782915,297712.08387338003,300000.0,False,True
1750,4,0,1,NORMAL,0.022581790263052726,0.022380012408537472,0.022581790263052726,1.0,3300000000.0,6699999999.999992,74519907.868074,36833090.306271,924148.579589,103376515.980382,0.0,44304221.152641,44304221.131363,3.2e-05,177319.570137,499997.22025883326,88659.78507499999,297895.8545869,300000.0,False,True
1751,4,0,1,NORMAL,0.022595713221950607,0.022393928590048,0.022595713221950607,1.0,3300000000.0,6699999999.999992,74565853.632437,36858776.3126,925221.066146,103438577.831426,0.0,44330819.08881,44330819.067522,3.2e-05,177319.57441599996,499997.2479175677,88659.78721300002,298079.631472296,300000.0,False,True
1752,4,0,1,NORMAL,0.022609636648439697,0.022407845238976497,0.022609636648439697,1.0,3300000000.0,6699999999.999992,74611800.939851,36884467.245457,926294.213567,103500639.683953,0.0,44357417.025616,44357417.004317,2.9e-05,177319.57864900003,499997.2753010962,88659.78933000001,298263.414529748,300000.0,False,True
1753,4,0,1,NORMAL,0.022623560542532423,0.022421762355334943,0.022623560542532423,1.0,3300000000.0,6699999999.999992,74657749.790357,36910163.105784,927368.021874,103562701.537943,0.0,44384014.963055,44384014.94174,2.9e-05,177319.582842,499997.302412157,88659.79142899999,298447.203759404,300000.0,False,True
1754,4,0,1,NORMAL,0.02263748490424303,0.022435679939135467,0.02263748490424303,1.0,3300000000.0,6699999999.999992,74703700.184002,36935863.89452,928442.491089,103624763.393389,0.0,44410612.901109,44410612.879787,2.9e-05,177319.58699299998,499997.3292534611,88659.79350000001,298630.99916142796,300000.0,False,True
1755,4,0,1,NORMAL,0.022651409733582425,0.022449597990390112,0.022651409733582425,1.0,3300000000.0,6699999999.999992,74749652.120822,36961569.612606,929517.621234,103686825.25027,0.0,44437210.839785,44437210.818449,2.9e-05,177319.59110000005,499997.35582769266,88659.795557,298814.800736008,300000.0,False,True
1756,4,0,1,NORMAL,0.022665335030563637,0.022463516509110985,0.022665335030563637,1.0,3300000000.0,6699999999.999992,74795605.60086,36987280.260983,930593.412332,103748887.108575,0.0,44463808.779072,44463808.757722,2.9e-05,177319.59517000004,499997.382137509,88659.797592,298998.608483288,300000.0,False,True
1757,4,0,1,NORMAL,0.022679260795200606,0.022477435495310318,0.022679260795200606,1.0,3300000000.0,6699999999.999992,74841560.624162,37012995.840592,931669.864405,103810948.968292,0.0,44490406.718962,44490406.697597,2.9e-05,177319.59919900002,499997.408185541,88659.79960699998,299182.42240344,300000.0,False,True
1758,4,0,1,NORMAL,0.022693187027505456,0.022491354949000328,0.022693187027505456,1.0,3300000000.0,6699999999.999992,74887517.190768,37038716.352374,932746.977475,103873010.829404,0.0,44517004.659451,44517004.638071,2.9e-05,177319.60318700006,499997.43397439335,88659.801601,299366.24249664805,300000.0,False,True
1759,4,0,1,NORMAL,0.022707113727489698,0.022505274870193194,0.022707113727489698,1.0,3300000000.0,6699999999.999992,74933475.300716,37064441.797273,933824.751564,103935072.691899,0.0,44543602.600532,44543602.579138,2.7e-05,177319.607134,499997.45950664504,88659.803574,299550.068763072,300000.0,False,True
1760,4,0,1,NORMAL,0.02272104089516727,0.0225191952589012,0.02272104089516727,1.0,3300000000.0,6699999999.999992,74979434.954052,37090172.17623,934903.186694,103997134.555761,0.0,44570200.542198,44570200.52079,2.7e-05,177319.611042,499997.4847848491,88659.80552799998,299733.901202864,300000.0,False,True
1761,4,0,1,NORMAL,0.022734968530551517,0.022533116115136708,0.022734968530551517,1.0,3300000000.0,6699999999.999992,75025396.15082,37115907.490184,935982.282887,104059196.420977,0.0,44596798.484444,44596798.463026,2.7e-05,177319.61491399998,499997.5098115334,88659.80746200001,299917.739816208,300000.0,False,True
1762,4,0,1,NORMAL,0.02274889663365424,0.022547037438912034,0.02274889663365424,1.0,3300000000.0,6699999999.999992,75071358.891059,37141647.740083,937062.040166,104121258.287536,0.0,44623396.427266,44623396.405833,2.7e-05,177319.61874699997,499997.53458920046,88659.809381,300101.58460328,300000.0,False,True
1763,4,0,1,NORMAL,0.022762825204488787,0.02256095923023957,0.022762825204488787,1.0,3300000000.0,6699999999.999992,75117323.174813,37167392.926866,938142.458553,104183320.155423,0.0,44649994.370654,44649994.34921,2.7e-05,177319.622539,499997.559120328,88659.81127499999,300285.435564236,300000.0,False,True
1764,4,0,1,NORMAL,0.02277675424306879,0.022574881489131778,0.02277675424306879,1.0,3300000000.0,6699999999.999992,75163289.002127,37193143.051474,939223.53807,104245382.024624,0.0,44676592.314605,44676592.293152,2.7e-05,177319.62629499997,499997.58340736915,88659.813152,300469.292699252,300000.0,False,True
1765,4,0,1,NORMAL,0.02279068374940576,0.02258880421560107,0.02279068374940576,1.0,3300000000.0,6699999999.999992,75209256.373039,37218898.114853,940305.27874,104307443.895125,0.0,44703190.259116,44703190.237651,2.7e-05,177319.630012,499997.6074527526,88659.815012,300653.15600850806,300000.0,False,True
1766,4,0,1,NORMAL,0.022804613723513334,0.022602727409659927,0.022804613723513334,1.0,3300000000.0,6699999999.999992,75255225.287594,37244658.117947,941387.680584,104369505.766918,0.0,44729788.204178,44729788.182703,2.5e-05,177319.633696,499997.63125888264,88659.81685299998,300837.02549215604,300000.0,False,True
1767,4,0,1,NORMAL,0.022818544165404547,0.02261665107132087,0.022818544165404547,1.0,3300000000.0,6699999999.999992,75301195.745835,37270423.061698,942470.743625,104431567.639985,0.0,44756386.149786,44756386.128301,2.5e-05,177319.63734000002,499997.65482814005,88659.818675,301020.901150376,300000.0,False,True
1768,4,0,1,NORMAL,0.02283247507509182,0.022630575200596418,0.02283247507509182,1.0,3300000000.0,6699999999.999992,75347167.747803,37296192.947051,943554.467885,104493629.514315,0.0,44782984.095934,44782984.074441,2.5e-05,177319.64094800001,499997.6781628815,88659.82047800004,301204.78298334003,300000.0,False,True
1769,4,0,1,NORMAL,0.022846406452588484,0.022644499797499135,0.022846406452588484,1.0,3300000000.0,6699999999.999992,75393141.293542,37321967.774949,944638.853386,104555691.389895,0.0,44809582.042622,44809582.021115,2.5e-05,177319.644522,499997.70126544073,88659.822268,301388.670991212,300000.0,False,True
1770,4,0,1,NORMAL,0.022860338297907876,0.022658424862041636,0.022860338297907876,1.0,3300000000.0,6699999999.999992,75439116.383096,37347747.546334,945723.90015,104617753.266712,0.0,44836179.989839,44836179.968321,2.5e-05,177319.64805699998,499997.7241381276,88659.82403399999,301572.565174168,300000.0,False,True
1771,4,0,1,NORMAL,0.022874270611062123,0.022672350394236505,0.022874270611062123,1.0,3300000000.0,6699999999.999992,75485093.016505,37373532.262155,946809.6082,104679815.144755,0.0,44862777.937582,44862777.916052,2.5e-05,177319.65156,499997.7467832295,88659.82578599997,301756.465532384,300000.0,False,True
1772,4,0,1,NORMAL,0.022888203392065758,0.02268627639409646,0.022888203392065758,1.0,3300000000.0,6699999999.999992,75531071.193817,37399321.923352,947895.977557,104741877.024011,0.0,44889375.885845,44889375.864303,2.5e-05,177319.65502600005,499997.769203011,88659.82751900001,301940.37206602003,300000.0,False,True
1773,4,0,1,NORMAL,0.022902136640930604,0.022700202861634145,0.022902136640930604,1.0,3300000000.0,6699999999.999992,75577050.915071,37425116.530874,948983.008245,104803938.90447,0.0,44915973.834624,44915973.813068,2.3e-05,177319.658458,499997.7913997138,88659.829236,302124.28477526805,300000.0,False,True
1774,4,0,1,NORMAL,0.02291607035767091,0.022714129796862326,0.02291607035767091,1.0,3300000000.0,6699999999.999992,75623032.180314,37450916.085662,950070.700285,104866000.786116,0.0,44942571.783915,44942571.762343,2.3e-05,177319.661858,499997.8133755577,88659.830937,302308.203660284,300000.0,False,True
1775,4,0,1,NORMAL,0.022930004542299088,0.022728057199793733,0.022930004542299088,1.0,3300000000.0,6699999999.999992,75669014.989587,37476720.588664,951159.053699,104928062.668939,0.0,44969169.73371,44969169.712123,2.3e-05,177319.665221,499997.83513274026,88659.832618,302492.12872125604,300000.0,False,True
1776,4,0,1,NORMAL,0.022943939194829392,0.022741985070441197,0.022943939194829392,1.0,3300000000.0,6699999999.999992,75714999.342937,37502530.040824,952248.06851,104990124.552929,0.0,44995767.684004,44995767.662403,2.3e-05,177319.66855400003,499997.85667343705,88659.83428400001,302676.059958348,300000.0,False,True
1777,4,0,1,NORMAL,0.022957874315273637,0.022755913408817486,0.022957874315273637,1.0,3300000000.0,6699999999.999992,75760985.240403,37528344.443089,953337.74474,105052186.438071,0.0,45022365.634796,45022365.613177,2.3e-05,177319.67185,499997.87799980224,88659.83593399997,302859.997371748,300000.0,False,True
1778,4,0,1,NORMAL,0.022971809903646667,0.0227698422149355,0.022971809903646667,1.0,3300000000.0,6699999999.999992,75806972.682034,37554163.796403,954428.08241,105114248.324358,0.0,45048963.586072,45048963.564442,2.3e-05,177319.67511500002,499997.8991139683,88659.837563,303043.940961612,300000.0,False,True
1779,4,0,1,NORMAL,0.022985745959960908,0.02278377148880811,0.022985745959960908,1.0,3300000000.0,6699999999.999992,75852961.667871,37579988.101714,955519.081544,105176310.211777,0.0,45075561.537833,45075561.516192,2.3e-05,177319.678349,499997.9200180466,88659.83918000001,303227.890728136,300000.0,False,True
1780,4,0,1,NORMAL,0.022999682484229695,0.022797701230448216,0.022999682484229695,1.0,3300000000.0,6699999999.999992,75898952.197958,37605817.359967,956610.742163,105238372.100318,0.0,45102159.490073,45102159.468422,2.1e-05,177319.681548,499997.94071412756,88659.84077899999,303411.846671484,300000.0,False,True
1781,4,0,1,NORMAL,0.02301361947646606,0.022811631439868724,0.02301361947646606,1.0,3300000000.0,6699999999.999992,75944944.272338,37631651.57211,957703.06429,105300433.989966,0.0,45128757.442792,45128757.421125,2.1e-05,177319.68471800003,499997.9612042808,88659.842367,303595.80879183195,300000.0,False,True
1782,4,0,1,NORMAL,0.023027556936683333,0.02282556211708257,0.023027556936683333,1.0,3300000000.0,6699999999.999992,75990937.891055,37657490.739089,958796.047947,105362495.880711,0.0,45155355.395981,45155355.3743,2.1e-05,177319.68785400002,499997.9814905553,88659.843934,303779.777089352,300000.0,False,True
1783,4,0,1,NORMAL,0.02304149486489606,0.022839493262102793,0.02304149486489606,1.0,3300000000.0,6699999999.999992,76036933.054157,37683334.861851,959889.693156,105424557.772545,0.0,45181953.349632,45181953.327942,2.1e-05,177319.69096100001,499998.0015749796,88659.84548500001,303963.75156422,300000.0,False,True
1784,4,0,1,NORMAL,0.023055433261116667,0.0228534248749424,0.023055433261116667,1.0,3300000000.0,6699999999.999992,76082929.761685,37709183.941343,960983.999939,105486619.665455,0.0,45208551.303748,45208551.282043,2.1e-05,177319.694037,499998.02145956206,88659.84702599999,304147.73221662804,300000.0,False,True
1785,4,0,1,NORMAL,0.023069372125359092,0.022867356955614447,0.023069372125359092,1.0,3300000000.0,6699999999.999992,76128928.013685,37735037.978512,962078.968319,105548681.55943,0.0,45235149.258319,45235149.236602,2.1e-05,177319.69707999998,499998.04114629125,88659.84854599998,304331.71904674,300000.0,False,True
1786,4,0,1,NORMAL,0.023083311457635754,0.02288128950413195,0.023083311457635754,1.0,3300000000.0,6699999999.999992,76174927.810198,37760896.974307,963174.598317,105610743.45446,0.0,45261747.213342,45261747.191614,2.1e-05,177319.70009500004,499998.06063713564,88659.85005300002,304515.71205474,300000.0,False,True
1787,4,0,1,NORMAL,0.02309725125796091,0.02289522252050801,0.02309725125796091,1.0,3300000000.0,6699999999.999992,76220929.151271,37786760.929674,964270.889956,105672805.350535,0.0,45288345.168814,45288345.147073,1.9e-05,177319.70307699998,499998.07993404457,88659.85154499998,304699.711240792,300000.0,False,True
1788,4,0,1,NORMAL,0.023111191526348485,0.022909156004755786,0.023111191526348485,1.0,3300000000.0,6699999999.999992,76266932.03695,37812629.845563,965367.843258,105734867.247644,0.0,45314943.124726,45314943.102975,1.9e-05,177319.70603199996,499998.0990389473,88659.85302099999,304883.716605084,300000.0,False,True
1789,4,0,1,NORMAL,0.023125132262811515,0.022923089956888416,0.023125132262811515,1.0,3300000000.0,6699999999.999992,76312936.467278,37838503.72292,966465.458246,105796929.145776,0.0,45341541.08108,45341541.059314,1.9e-05,177319.70895700002,499998.1179537547,88659.85448600001,305067.7281478,300000.0,False,True
1790,4,0,1,NORMAL,0.02313907346736303,0.022937024376919038,0.02313907346736303,1.0,3300000000.0,6699999999.999992,76358942.442298,37864382.562695,967563.734941,105858991.04492,0.0,45368139.03787,45368139.016089,1.9e-05,177319.71185299996,499998.1366803579,88659.85593400002,305251.745869112,300000.0,False,True
1791,4,0,1,NORMAL,0.02315301514001727,0.02295095926486086,0.02315301514001727,1.0,3300000000.0,6699999999.999992,76404949.962057,37890266.365835,968662.673366,105921052.945068,0.0,45394736.99509,45394736.973294,1.9e-05,177319.71472100003,499998.15522062976,88659.857368,305435.769769192,300000.0,False,True
1792,4,0,1,NORMAL,0.023166957280787576,0.022964894620727098,0.023166957280787576,1.0,3300000000.0,6699999999.999992,76450959.026599,37916155.133292,969762.273543,105983114.84621,0.0,45421334.952734,45421334.930924,1.9e-05,177319.71755800003,499998.1735764241,88659.858786,305619.799848228,300000.0,False,True
1793,4,0,1,NORMAL,0.02318089988968818,0.02297883044453104,0.02318089988968818,1.0,3300000000.0,6699999999.999992,76496969.635971,37942048.866014,970862.535494,106045176.748337,0.0,45447932.910795,45447932.888978,1.9e-05,177319.72036900002,499998.1917495766,88659.860188,305803.83610639605,300000.0,False,True
1794,4,0,1,NORMAL,0.023194842966732424,0.022992766736285968,0.023194842966732424,1.0,3300000000.0,6699999999.999992,76542981.790217,37967947.564948,971963.459242,106107238.651439,0.0,45474530.869276,45474530.847447,1.8e-05,177319.723152,499998.2097419045,88659.861582,305987.87854388397,300000.0,False,True
1795,4,0,1,NORMAL,0.023208786511933636,0.02300670349600517,0.023208786511933636,1.0,3300000000.0,6699999999.999992,76588995.489381,37993851.231046,973065.044808,106169300.555504,0.0,45501128.828171,45501128.806329,1.8e-05,177319.72590700001,499998.22755520704,88659.86295999997,306171.927160868,300000.0,False,True
1796,4,0,1,NORMAL,0.023222730525305154,0.023020640723701944,0.023222730525305154,1.0,3300000000.0,6699999999.999992,76635010.733507,38019759.865256,974167.292215,106231362.460522,0.0,45527726.787476,45527726.765621,1.8e-05,177319.72863299996,499998.24519126554,88659.86432299999,306355.981957524,300000.0,False,True
1797,4,0,1,NORMAL,0.023236675006861517,0.02303457841938966,0.023236675006861517,1.0,3300000000.0,6699999999.999992,76681027.522643,38045673.46853,975270.201485,106293424.366486,0.0,45554324.747181,45554324.725319,1.8e-05,177319.73133099996,499998.2626518435,88659.86566899999,306540.042934028,300000.0,False,True
1798,4,0,1,NORMAL,0.023250619956616665,0.023048516583081727,0.023250619956616665,1.0,3300000000.0,6699999999.999992,76727045.856835,38071592.041814,976373.772641,106355486.273385,0.0,45580922.707292,45580922.685416,1.8e-05,177319.73400599998,499998.27993868705,88659.86701000002,306724.110090572,300000.0,False,True
1799,4,0,1,NORMAL,0.023264565374583334,0.02306245521479151,0.023264565374583334,1.0,3300000000.0,6699999999.999992,76773065.736125,38097515.586062,977478.005704,106417548.18121,0.0,45607520.667801,45607520.64591,1.8e-05,177319.73665300003,499998.29705352476,88659.868334,306908.18342734,300000.0,False,True
1800,4,0,1,NORMAL,0.023278511260775153,0.023076394314532393,0.023278511260775153,1.0,3300000000.0,6699999999.999992,76819087.160558,38123444.102225,978582.900697,106479610.089952,0.0,45634118.628701,45634118.606799,1.8e-05,177319.73927299998,499998.31399806816,88659.86964199999,307092.2629445,300000.0,False,True
1801,4,0,1,NORMAL,0.023292457615206968,0.023090333882317852,0.023292457615206968,1.0,3300000000.0,6699999999.999992,76865110.130183,38149377.591251,979688.457642,106541671.999603,0.0,45660716.58999,45660716.568076,1.7e-05,177319.74186599994,499998.3307740117,88659.870939,307276.348642232,300000.0,False,True
1802,4,0,1,NORMAL,0.02330640443789212,0.023104273918161354,0.02330640443789212,1.0,3300000000.0,6699999999.999992,76911134.645044,38175316.054094,980794.676561,106603733.910153,0.0,45687314.551664,45687314.529738,1.7e-05,177319.74443600004,499998.34738303284,88659.872224,307460.44052073197,300000.0,False,True
1803,4,0,1,NORMAL,0.023320351728843634,0.023118214422076344,0.023320351728843634,1.0,3300000000.0,6699999999.999992,76957160.705184,38201259.491706,981901.557476,106665795.821593,0.0,45713912.51372,45713912.491781,1.7e-05,177319.74697900002,499998.3638267926,88659.87349599997,307644.538580176,300000.0,False,True
1804,4,0,1,NORMAL,0.02333429948807606,0.023132155394076325,0.02333429948807606,1.0,3300000000.0,6699999999.999992,77003188.310651,38227207.905035,983009.10041,106727857.733914,0.0,45740510.476154,45740510.454201,1.7e-05,177319.74949599995,499998.3801069353,88659.87475500001,307828.642820736,300000.0,False,True
1805,4,0,1,NORMAL,0.023348247715603638,0.023146096834174866,0.023348247715603638,1.0,3300000000.0,6699999999.999992,77049217.461492,38253161.295033,984117.305385,106789919.647107,0.0,45767108.43896,45767108.416997,1.7e-05,177319.75198799995,499998.3962250889,88659.875999,308012.753242604,300000.0,False,True
1806,4,0,1,NORMAL,0.023362196411440002,0.023160038742385522,0.023362196411440002,1.0,3300000000.0,6699999999.999992,77095248.157752,38279119.662651,985226.172423,106851981.561162,0.0,45793706.402142,45793706.380161,1.7e-05,177319.75445599997,499998.41218286526,88659.87723700001,308196.86984596803,300000.0,False,True
1807,4,0,1,NORMAL,0.023376145575598483,0.02317398111872184,0.023376145575598483,1.0,3300000000.0,6699999999.999992,77141280.399475,38305083.008844,986335.701547,106914043.476073,0.0,45820304.365689,45820304.343693,1.7e-05,177319.756901,499998.42798186,88659.87845799999,308380.99263100803,300000.0,False,True
1808,4,0,1,NORMAL,0.023390095208094243,0.023187923963197483,0.023390095208094243,1.0,3300000000.0,6699999999.999992,77187314.186711,38331051.334561,987445.892778,106976105.391832,0.0,45846902.329598,45846902.307587,1.6e-05,177319.759319,499998.44362365315,88659.879667,308565.1215979,300000.0,False,True
1809,4,0,1,NORMAL,0.02340404530894,0.023201867275826033,0.02340404530894,1.0,3300000000.0,6699999999.999992,77233349.519502,38357024.640759,988556.746139,107038167.308429,0.0,45873500.293863,45873500.271841,1.6e-05,177319.76171299999,499998.45910980884,88659.880862,308749.256746844,300000.0,False,True
1810,4,0,1,NORMAL,0.023417995878149998,0.023215811056621127,0.023417995878149998,1.0,3300000000.0,6699999999.999992,77279386.397895,38383002.928387,989668.261652,107100229.225855,0.0,45900098.258486,45900098.236451,1.6e-05,177319.764085,499998.4744418757,88659.88204899999,308933.39807800803,300000.0,False,True
1811,4,0,1,NORMAL,0.023431946915738786,0.02322975530559646,0.023431946915738786,1.0,3300000000.0,6699999999.999992,77325424.821938,38408986.198398,990780.43934,107162291.144103,0.0,45926696.22346,45926696.201413,1.6e-05,177319.766432,499998.48962138675,88659.88322199997,309117.54559158,300000.0,False,True
1812,4,0,1,NORMAL,0.023445898421718788,0.023243700022765643,0.023445898421718788,1.0,3300000000.0,6699999999.999992,77371464.791672,38434974.451747,991893.279224,107224353.063163,0.0,45953294.188785,45953294.166723,1.6e-05,177319.768755,499998.50464986014,88659.88438499997,309301.699287752,300000.0,False,True
1813,4,0,1,NORMAL,0.02345985039610545,0.023257645208142406,0.02345985039610545,1.0,3300000000.0,6699999999.999992,77417506.307148,38460967.689386,993006.781327,107286414.983029,0.0,45979892.154452,45979892.132378,1.6e-05,177319.77105399995,499998.5195287986,88659.88553300002,309485.85916668805,300000.0,False,True
1814,4,0,1,NORMAL,0.023473802838912424,0.023271590861740476,0.023473802838912424,1.0,3300000000.0,6699999999.999992,77463549.368411,38486965.91227,994120.945671,107348476.903693,0.0,46006490.120464,46006490.098373,1.6e-05,177319.773335,499998.53425969003,88659.886676,309670.025228592,300000.0,False,True
1815,4,0,1,NORMAL,0.02348775575015333,0.023285536983573565,0.02348775575015333,1.0,3300000000.0,6699999999.999992,77509593.975506,38512969.121351,995235.772278,107410538.825146,0.0,46033088.086815,46033088.064708,1.5e-05,177319.77559000003,499998.54884400737,88659.887803,309854.19747364405,300000.0,False,True
1816,4,0,1,NORMAL,0.023501709129843333,0.023299483573655487,0.023501709129843333,1.0,3300000000.0,6699999999.999992,77555640.128483,38538977.317584,996351.26117,107472600.747382,0.0,46059686.053496,46059686.031378,1.5e-05,177319.77782299998,499998.5632832093,88659.88891699999,310038.375902024,300000.0,False,True
1817,4,0,1,NORMAL,0.023515662977996364,0.02331343063200006,0.023515662977996364,1.0,3300000000.0,6699999999.999992,77601687.827388,38564990.50192,997467.41237,107534662.670391,0.0,46086284.020511,46086283.998379,1.5e-05,177319.780034,499998.5775787396,88659.890024,310222.560513932,300000.0,False,True
1818,4,0,1,NORMAL,0.023529617294625455,0.023327378158621053,0.023529617294625455,1.0,3300000000.0,6699999999.999992,77647737.072264,38591008.675318,998584.2259,107596724.594167,0.0,46112881.98785,46112881.965711,1.5e-05,177319.78222300002,499998.5917320277,88659.891115,310406.751309552,300000.0,False,True
1819,4,0,1,NORMAL,0.02354357207974515,0.023341326153532287,0.02354357207974515,1.0,3300000000.0,6699999999.999992,77693787.863159,38617031.838729,999701.701782,107658786.518699,0.0,46139479.955518,46139479.933368,1.5e-05,177319.78438899998,499998.60574448906,88659.8922,310590.948289056,300000.0,False,True
1820,4,0,1,NORMAL,0.02355752733337,0.023355274616747624,0.02355752733337,1.0,3300000000.0,6699999999.999992,77739840.200121,38643059.993108,1000819.840038,107720848.443982,0.0,46166077.923509,46166077.901346,1.5e-05,177319.78653500002,499998.61961752485,88659.89327400002,310775.151452636,300000.0,False,True
1821,4,0,1,NORMAL,0.023571483055513938,0.023369223548280936,0.023571483055513938,1.0,3300000000.0,6699999999.999992,77785894.083196,38669093.139412,1001938.640691,107782910.37001,0.0,46192675.891815,46192675.869643,1.5e-05,177319.78865899995,499998.6333525225,88659.89433399998,310959.360800484,300000.0,False,True
1822,4,0,1,NORMAL,0.023585439246190606,0.02338317294814608,0.023585439246190606,1.0,3300000000.0,6699999999.999992,77831949.512429,38695131.278595,1003058.103763,107844972.296774,0.0,46219273.860439,46219273.838254,1.4e-05,177319.79076099998,499998.64695085527,88659.89538700003,311143.576332784,300000.0,False,True
1823,4,0,1,NORMAL,0.023599395905414846,0.02339712281635697,0.023599395905414846,1.0,3300000000.0,6699999999.999992,77878006.487869,38721174.411612,1004178.229276,107907034.224266,0.0,46245871.829374,46245871.807176,1.4e-05,177319.79284100002,499998.66041388316,88659.89642699999,311327.798049716,300000.0,False,True
1824,4,0,1,NORMAL,0.0236133530331997,0.023411073152927474,0.0236133530331997,1.0,3300000000.0,6699999999.999992,77924065.009559,38747222.53942,1005299.017252,107969096.152478,0.0,46272469.798621,46272469.776407,1.4e-05,177319.79490200002,499998.67374295235,88659.897459,311512.025951476,300000.0,False,True
1825,4,0,1,NORMAL,0.023630601902915757,0.02342523629808801,0.023630601902915757,1.0,3300000000.0,6699999999.999992,77980986.279622,38777931.200314,1006420.623932,108046673.563639,0.0,46305717.260556,46305717.238332,1.4e-05,221649.74618199997,499998.6869393958,110824.873096,311696.26003823604,300000.0,False,True
