day,stage,motor_b,throttle,throttle_name,price,ema30,p_kash,price_over_pkash,supply,tokens_burned_total,vault_core_usd,vault_sociedad_usd,r_op_usd,burned_total_usd,recirculated_total_usd,staking_total_usd,om_total_usd,deferred_queue_usd,fee_total_usd,users,buy_pressure,sell_pressure,lp_depth_usd,burn_cap_hit,kash_lock_hit
1,1,0,1,NORMAL,0.0001182,0.00010117419354838712,4.900164452e-06,24.1216394179907,9407783417.935701,592216582.0642986,49001.64452,21004.027397,0.704794,70000.0,0.0,30000.0,30000.0,0.0,200000.0,0.0,100000.0,4000.0,300000.0,False,False
2,1,0,0,ACELERADO,0.00013965062079999998,0.00010365654369365246,1.0417430893249101e-05,13.405476093966604,8906532513.363998,1093467486.6360016,98004.933615,42012.082963,2.114406,140000.0,0.0,60000.0,60000.0,0.0,200000.0,0.0,100000.0,4448.0,300000.0,False,False
3,1,0,0,ACELERADO,0.00016490814679800278,0.0001076082600229654,1.6505847491199958e-05,9.99089243287405,8482053787.7268505,1517946212.2731495,147009.867341,63024.167472,4.22886,210000.0,0.0,90000.0,90000.0,0.0,200000.0,0.0,100000.0,4975.2111786666665,300000.0,False,False
4,1,0,0,ACELERADO,0.00019461455541912298,0.00011322156940336267,2.310954995800981e-05,8.421390973547249,8122368460.751961,1877631539.2480392,196016.445754,84040.281695,7.048179,280000.0,0.0,120000.0,120000.0,0.0,200000.0,0.0,100000.0,5595.03908470006,300000.0,False,False
5,1,0,0,ACELERADO,0.00022950698376499555,0.00012072385420088738,3.016665275553331e-05,7.607969821010331,7817366848.811137,2182633151.188863,245024.668908,105060.426406,10.572387,350000.0,0.0,150000.0,150000.0,0.0,200000.0,0.0,100000.0,6322.924507758196,300000.0,False,False
6,1,0,0,ACELERADO,0.00027042670468168203,0.00013038210261900318,3.7612989456125715e-05,7.189715802758132,7558516673.188147,2441483326.8118534,294034.536859,126084.602378,14.801508,420000.0,0.0,180000.0,180000.0,0.0,200000.0,0.0,100000.0,7176.5611458204485,300000.0,False,False
7,1,0,0,ACELERADO,0.0003183268147864154,0.00014250756792012656,4.538536653333925e-05,7.013864580174282,7338616882.317663,2661383117.682337,343046.049661,147112.810383,19.735566,490000.0,0.0,210000.0,210000.0,0.0,200000.0,0.0,100000.0,8176.099024847283,300000.0,False,False
8,1,0,0,ACELERADO,0.00037427751682747265,0.00015746046784963276,5.342412795995162e-05,7.005776811332188,7151589885.362708,2848410114.637292,392059.20737,168145.051195,25.374584,560000.0,0.0,240000.0,240000.0,0.0,200000.0,0.0,100000.0,9344.314148343985,300000.0,False,False
9,1,0,0,ACELERADO,0.00043946748918071636,0.00017565446922583172,6.167495859120143e-05,7.125541698270567,6992306202.898509,3007693797.101491,441074.010041,189181.325588,31.718586,630000.0,0.0,270000.0,270000.0,0.0,200000.0,0.0,100000.0,10706.717214648095,300000.0,False,False
10,1,0,0,ACELERADO,0.0005151993867498531,0.0001975605929370589,7.008995937947392e-05,7.350544804292339,6856436475.953381,3143563524.0466194,490090.45773,210221.634335,38.767595,700000.0,0.0,300000.0,300000.0,0.0,200000.0,0.0,100000.0,12291.565002282226,300000.0,False,False
11,1,0,0,ACELERADO,0.0006028770408606093,0.0002237100411901912,7.862809673534348e-05,7.667450515683345,6740326564.220675,3259673435.7793245,539108.550491,231265.97821,46.521635,770000.0,0.0,330000.0,330000.0,0.0,200000.0,0.0,100000.0,14129.727470802023,300000.0,False,False
12,1,0,0,ACELERADO,0.0007039814832050662,0.00025469529551373153,8.725516230948376e-05,8.068078318485354,6640892130.6879835,3359107869.3120165,588128.28838,252314.357986,54.98073,840000.0,0.0,360000.0,360000.0,0.0,200000.0,0.0,100000.0,16254.352533886075,300000.0,False,False
13,1,0,0,ACELERADO,0.0008200326168682385,0.00029116867108499006,9.594338515268016e-05,8.547046944020934,6555529672.463657,3444470327.5363426,637149.671452,273366.774438,64.144903,910000.0,0.0,390000.0,390000.0,0.0,200000.0,0.0,100000.0,18700.260367866318,300000.0,False,False
14,1,0,0,ACELERADO,0.0009525333575006421,0.0003338373605311612,0.00010467082509659772,9.100275617599998,6482041432.446874,3517958567.5531263,686172.699762,294423.228339,74.014178,980000.0,0.0,420000.0,420000.0,0.0,200000.0,0.0,100000.0,21502.99260907104,300000.0,False,False
15,1,0,0,ACELERADO,0.0011028935898185588,0.0003834538914529288,0.00011342065320438317,9.723922042938272,6418572027.378053,3581427972.6219473,735197.373366,315483.720464,84.588579,1050000.0,0.0,450000.0,450000.0,0.0,200000.0,0.0,100000.0,24697.442756427572,300000.0,False,False
16,1,0,0,ACELERADO,0.0012723325925376847,0.0004408009044261389,0.0001221803991562202,10.413557340820901,6363554966.264823,3636445033.735177,784223.692318,336548.251588,95.86813,1120000.0,0.0,480000.0,480000.0,0.0,200000.0,0.0,100000.0,28316.00777913586,300000.0,False,False
17,1,0,0,ACELERADO,0.0014617609392307772,0.0005066692937683736,0.00013094122091996145,11.163489457031158,6315667518.925564,3684332481.074436,833251.656674,357616.822485,107.852854,1190000.0,0.0,510000.0,510000.0,0.0,200000.0,0.0,100000.0,32386.23355193512,300000.0,False,False
18,1,0,0,ACELERADO,0.001671646448640205,0.0005818291102117176,0.00013969723134492926,11.966210300279387,6273792635.599044,3726207364.400956,882281.266489,378689.43393,120.542774,1260000.0,0.0,540000.0,540000.0,0.0,200000.0,0.0,100000.0,36927.98433733578,300000.0,False,False
19,1,0,0,ACELERADO,0.0019018734629202667,0.000666993261999366,0.00014844490022406916,12.811982493500931,6236986822.086867,3763013177.9131327,931312.521818,399766.086698,133.937915,1330000.0,0.0,570000.0,570000.0,0.0,200000.0,0.0,100000.0,41950.252715216855,300000.0,False,False
20,1,0,0,ACELERADO,0.002151610092704556,0.0007627749930126041,0.00015718253872933164,13.688607590246578,6204453046.456539,3795546953.543461,980345.422717,420846.781563,148.0383,1400000.0,0.0,600000.0,600000.0,0.0,200000.0,0.0,100000.0,47447.83890204168,300000.0,False,False
21,1,0,0,ACELERADO,0.0024192030477736353,0.0008696413191262191,0.00016590986530680494,14.581429761876912,6175517897.724637,3824482102.275363,1029379.96924,441931.519301,162.843953,1470000.0,0.0,630000.0,630000.0,0.0,200000.0,0.0,100000.0,53398.25517786967,300000.0,False,False
22,1,0,0,ACELERADO,0.002702122680019638,0.000987865923054827,0.00017462764731705194,15.473624718276685,6149612338.174139,3850387661.825861,1078416.161444,463020.300688,178.354897,1540000.0,0.0,660000.0,660000.0,0.0,200000.0,0.0,100000.0,59759.326879024295,300000.0,False,False
23,1,0,0,ACELERADO,0.002996980020358342,0.0011174861873969892,0.00018333741012978202,16.346800242442725,6126255492.44127,3873744507.55873,1127453.999383,484113.126499,194.571156,1610000.0,0.0,690000.0,690000.0,0.0,200000.0,0.0,100000.0,66468.02788923575,300000.0,False,False
24,1,0,0,ACELERADO,0.0032996313320736146,0.0012582697451180619,0.00019204120438065105,17.1818925147611,6105041001.19809,3894958998.8019104,1176493.483112,505209.997509,211.492754,1680000.0,0.0,720000.0,720000.0,0.0,200000.0,0.0,100000.0,73441.06124182817,300000.0,False,False
25,1,0,0,ACELERADO,0.003605373649077966,0.0014096958034380558,0.00020074142212091515,17.960287473236566,6085625537.833314,3914374462.166686,1225534.612687,526310.914494,229.119714,1750000.0,0.0,750000.0,750000.0,0.0,200000.0,0.0,100000.0,80577.53828458914,300000.0,False,False
26,1,0,0,ACELERADO,0.003909218489901998,0.00157095533159702,0.00020944065326385368,18.66504152361079,6067719145.499189,3932280854.5008106,1274577.388163,547415.878231,247.45206,1820000.0,0.0,780000.0,780000.0,0.0,200000.0,0.0,100000.0,87763.81580904062,300000.0,False,False
27,1,0,0,ACELERADO,0.004206214121865596,0.00174097202774338,0.00021814157475907796,19.282037944903735,6051077101.615567,3948922898.384433,1323621.809595,568524.889495,266.489816,1890000.0,0.0,810000.0,810000.0,0.0,200000.0,0.0,100000.0,94880.15950047113,300000.0,False,False
28,1,0,0,ACELERADO,0.0044917743303258,0.0019184431440390202,0.000226846866101163,19.80090978344255,6035493059.57512,3964506940.42488,1372667.877038,589637.949062,286.233006,1960000.0,0.0,840000.0,840000.0,0.0,200000.0,0.0,100000.0,101808.50382925177,300000.0,False,False
29,1,0,0,ACELERADO,0.004761968002957333,0.0021018963607434276,0.00023555914595784234,20.215593767730738,6020793254.797657,3979206745.202343,1421715.590548,610755.057709,306.681653,2030000.0,0.0,870000.0,870000.0,0.0,200000.0,0.0,100000.0,108440.2911834362,300000.0,False,False
30,1,0,0,ACELERADO,0.005013730794662096,0.0022897566468026965,0.0002442809257746932,20.524446510761926,6006831595.73241,3993168404.2675896,1470764.95018,631876.216213,327.835781,2100000.0,0.0,900000.0,900000.0,0.0,200000.0,0.0,100000.0,114683.29932707113,300000.0,False,False
31,1,0,0,ACELERADO,0.005244975905190884,0.002480415953795483,0.00025301457711395843,20.729935662278198,5993485490.5709505,4006514509.4290495,1519815.955989,653001.42535,349.695413,2170000.0,0.0,930000.0,930000.0,0.0,200000.0,0.0,100000.0,120466.54619949136,300000.0,False,False
32,1,0,0,ACELERADO,0.00545460077706747,0.002672298845619482,0.00026176231017813753,20.83799143335586,5980652287.397898,4019347712.6021023,1568868.608031,674130.685897,372.260573,2240000.0,0.0,960000.0,960000.0,0.0,200000.0,0.0,100000.0,125742.7479446232,300000.0,False,False
33,1,0,0,ACELERADO,0.00564240452075155,0.0028639185665957447,0.0002705261614638922,20.857149231774596,5968246228.998052,4031753771.0019484,1617922.90636,695263.998631,395.531285,2310000.0,0.0,990000.0,990000.0,0.0,200000.0,0.0,100000.0,130488.28245684366,300000.0,False,False
34,1,0,0,ACELERADO,0.005808942661146164,0.003053920121082869,0.00027930798882469233,20.79762446319481,5956195843.22506,4043804156.7749395,1666978.851032,716401.364329,419.507573,2380000.0,0.0,1020000.0,1020000.0,0.0,200000.0,0.0,100000.0,134701.038013828,300000.0,False,False
35,1,0,0,ACELERADO,0.005955349699352032,0.0032411091261324923,0.0002881094724334701,20.67044047198842,5944441705.595222,4055558294.4047775,1716036.442102,737542.783768,444.18946,2450000.0,0.0,1050000.0,1050000.0,0.0,200000.0,0.0,100000.0,138396.800527406,300000.0,False,False
36,1,0,0,ACELERADO,0.006083157046863199,0.0034244670565022153,0.000296932120297117,20.486692516714776,5932934522.818132,4067065477.1818676,1765095.679625,758688.257726,469.57697,2520000.0,0.0,1080000.0,1080000.0,0.0,200000.0,0.0,100000.0,141604.91649692875,300000.0,False,False
37,1,0,0,ACELERADO,0.006194126779773236,0.003603154780584217,0.00030577727710979005,20.256988479720224,5921633494.846186,4078366505.1538143,1814156.563658,779837.78698,495.670127,2590000.0,0.0,1110000.0,1110000.0,0.0,200000.0,0.0,100000.0,144363.8898042363,300000.0,False,False
38,1,0,0,ACELERADO,0.006290113279699258,0.0037765069418174454,0.00031464613537390113,19.991071151166608,5910504919.431508,4089495080.568492,1863219.094254,800991.372309,522.468954,2660000.0,0.0,1140000.0,1140000.0,0.0,200000.0,0.0,100000.0,146717.39444171576,300000.0,False,False
39,1,0,0,ACELERADO,0.0063729573492279,0.003944019871327798,0.0003235397478787531,19.697602507918667,5899521007.855749,4100478992.144251,1912283.271469,822149.014489,549.973475,2730000.0,0.0,1170000.0,1170000.0,0.0,200000.0,0.0,100000.0,148710.9819337757,300000.0,False,False
40,1,0,0,ACELERADO,0.006444411922737534,0.0041053354875477815,0.00033245904078437643,19.3840778326651,5888658884.074831,4111341115.925169,1961349.095359,843310.714299,578.183713,2800000.0,0.0,1200000.0,1200000.0,0.0,200000.0,0.0,100000.0,150389.58305575475,300000.0,False,False
41,1,0,0,ACELERADO,0.006506095235918401,0.004260223213249112,0.00034140482672819264,19.056834369533355,5877899742.460434,4122100257.539566,2010416.565979,864476.472518,607.099693,2870000.0,0.0,1230000.0,1230000.0,0.0,200000.0,0.0,100000.0,151795.77408586457,300000.0,False,False
42,1,0,0,ACELERADO,0.006559465912388836,0.004408561451903288,0.00035037781752329084,18.721122126838996,5867228141.916282,4132771858.0837183,2059485.683384,885646.289923,636.721438,2940000.0,0.0,1260000.0,1260000.0,0.0,200000.0,0.0,100000.0,152968.7020465113,300000.0,False,False
43,1,0,0,ACELERADO,0.006605814307105404,0.004550319700626006,0.0003593786361510615,18.381210351994078,5856631416.555003,4143368583.444997,2108556.447629,906820.167293,667.048971,3010000.0,0.0,1290000.0,1290000.0,0.0,200000.0,0.0,100000.0,153943.53198843336,300000.0,False,False
44,1,0,0,ACELERADO,0.006646265067294502,0.0046855419823465545,0.00036840782786330163,18.040509904042022,5846099185.4009285,4153900814.5990715,2157628.858769,927998.105407,698.082317,3080000.0,0.0,1320000.0,1320000.0,0.0,200000.0,0.0,100000.0,154751.2784116881,300000.0,False,False
45,1,0,0,ACELERADO,0.006681786812675556,0.004814331971400039,0.0003774658702970096,17.701697924153994,5835622945.741919,4164377054.2580814,2206702.91686,949180.105043,729.821499,3150000.0,0.0,1350000.0,1350000.0,0.0,200000.0,0.0,100000.0,155418.8991834761,300000.0,False,False
46,1,0,0,ACELERADO,0.006713205825552554,0.004936839961990524,0.0003865531825703329,17.366836255011545,5825195736.772165,4174804263.2278347,2255778.621957,970366.16698,762.26654,3220000.0,0.0,1380000.0,1380000.0,0.0,200000.0,0.0,100000.0,155969.55377042096,300000.0,False,False
47,1,0,0,ACELERADO,0.0067412215296769286,0.005053251676034809,0.0003956701333768671,17.03747885174862,5814811862.026047,4185188137.9739532,2304855.974115,991556.291998,795.417465,3290000.0,0.0,1410000.0,1410000.0,0.0,200000.0,0.0,100000.0,156422.95182033122,300000.0,False,False
48,1,0,0,ACELERADO,0.006766422263256299,0.00516377881069426,0.00040481704812540944,16.71476607665028,5804466660.784304,4195533339.2156963,2353934.97339,1012750.480875,829.274297,3360000.0,0.0,1440000.0,1440000.0,0.0,200000.0,0.0,100000.0,156795.7396612431,300000.0,False,False
49,1,0,0,ACELERADO,0.006789300407184916,0.005268651171758174,0.0004139942151915647,16.399505495610246,5794156320.130365,4205843679.8696346,2403015.619837,1033948.734391,863.83706,3430000.0,0.0,1470000.0,1470000.0,0.0,200000.0,0.0,100000.0,157101.88975943945,300000.0,False,False
50,1,0,0,ACELERADO,0.006810266332414205,0.005368110214381144,0.0004232018913593669,16.092239830353655,5783877720.647871,4216122279.352129,2452097.913511,1055151.053326,899.105777,3500000.0,0.0,1500000.0,1500000.0,0.0,200000.0,0.0,100000.0,157353.07145421658,300000.0,False,False
51,1,0,0,ACELERADO,0.006829660908608634,0.005462403807557112,0.00043244030653328446,15.793303273137335,5773628309.888434,4226371690.1115656,2501181.854468,1076357.438459,935.080472,3570000.0,0.0,1530000.0,1530000.0,0.0,200000.0,0.0,100000.0,157558.99084691526,300000.0,False,False
52,1,0,0,ACELERADO,0.0068477664991173,0.005551782045722285,0.0004417096678002605,15.502867603554096,5763405998.714561,4236594001.2854385,2550267.442763,1097567.89057,971.761169,3640000.0,0.0,1560000.0,1560000.0,0.0,200000.0,0.0,100000.0,157727.6942755247,300000.0,False,False
53,1,0,0,ACELERADO,0.006864816480694308,0.005636493944752739,0.0004510101629192436,15.220979581170768,5753209076.452057,4246790923.547943,2599354.67845,1118782.410439,1009.147892,3710000.0,0.0,1590000.0,1590000.0,0.0,200000.0,0.0,100000.0,157865.83407523704,300000.0,False,False
54,1,0,0,ACELERADO,0.006881003391216347,0.005716784876782649,0.00046034196330985193,14.94759100765447,5743036141.486009,4256963858.5139914,2648443.561586,1140000.998846,1047.240664,3780000.0,0.0,1620000.0,1620000.0,0.0,200000.0,0.0,100000.0,157978.89793963265,300000.0,False,False
55,1,0,1,NORMAL,0.006896485840789408,0.005792894616395988,0.00046970522660284245,14.682582713989483,5732886044.521264,4267113955.478736,2697534.092225,1161223.656571,1086.039509,3850000.0,0.0,1650000.0,1650000.0,0.0,200000.0,0.0,100000.0,158071.4046617731,300000.0,False,False
56,1,0,1,NORMAL,0.006911394332709394,0.005865055888416208,0.00047910009881460373,14.425783567587784,5722757842.2179,4277242157.7820997,2746626.270423,1182450.384395,1125.544451,3920000.0,0.0,1680000.0,1680000.0,0.0,200000.0,0.0,100000.0,158147.06973160038,300000.0,False,False
57,1,0,1,NORMAL,0.006925836138900564,0.0059334933239313286,0.0004885267161944942,14.17698543254945,5712650759.31901,4287349240.68099,2795720.096235,1203681.183098,1165.755513,3990000.0,0.0,1710000.0,1710000.0,0.0,200000.0,0.0,100000.0,158208.94447269218,300000.0,False,False
58,1,0,1,NORMAL,0.006939899365254221,0.005998422745952161,0.0004979852067932335,13.935954864891618,5702564157.7249775,4297435842.2750225,2844815.569717,1224916.053461,1206.672719,4060000.0,0.0,1740000.0,1740000.0,0.0,200000.0,0.0,100000.0,158259.5323112374,300000.0,False,False
59,1,0,1,NORMAL,0.006953656329387035,0.0060600507190769915,0.0005074756917909923,13.702442189587577,5692497511.246611,4307502488.753389,2893912.690924,1246154.996265,1248.296093,4130000.0,0.0,1770000.0,1770000.0,0.0,200000.0,0.0,100000.0,158300.88551406818,300000.0,False,False
60,1,0,1,NORMAL,0.006967166359059738,0.006118574308753298,0.0005169982866213857,13.476188489115858,5682450384.998652,4317549615.001348,2943011.459911,1267398.012291,1290.625658,4200000.0,0.0,1800000.0,1800000.0,0.0,200000.0,0.0,100000.0,158334.68539639976,300000.0,False,False
61,1,0,1,NORMAL,0.006980478105254514,0.006174181005301764,0.0005265531019209611,13.256930934009251,5672422418.583672,4327577581.416328,2992111.876733,1288645.10232,1333.661439,4270000.0,0.0,1830000.0,1830000.0,0.0,200000.0,0.0,100000.0,158362.30863755467,300000.0,False,False
62,1,0,1,NORMAL,0.006993631450505195,0.00622704877596005,0.0005361402443306312,13.04440680299371,5662413312.371056,4337586687.628944,3041213.941446,1309896.267134,1377.403458,4340000.0,0.0,1860000.0,1860000.0,0.0,200000.0,0.0,100000.0,158384.88198671272,300000.0,False,False
63,1,0,1,NORMAL,0.007006659080914144,0.006277346214989347,0.0005457598171707768,12.83835647196732,5652422816.302726,4347577183.697274,3090317.654105,1331151.507513,1421.85174,4410000.0,0.0,1890000.0,1890000.0,0.0,200000.0,0.0,100000.0,158403.32730863005,300000.0,False,False
64,1,0,1,NORMAL,0.007019587779530517,0.006325232767540391,0.000555411921010274,12.638525595133325,5642450720.761144,4357549279.238856,3139423.014765,1352410.82424,1467.006308,4480000.0,0.0,1920000.0,1920000.0,0.0,200000.0,0.0,100000.0,158418.39862005517,300000.0,False,False
65,1,0,1,NORMAL,0.007032439489413021,0.006370859007661205,0.000565096654145325,12.44466665627169,5632496849.120246,4367503150.879754,3188530.023482,1373674.218096,1512.867186,4550000.0,0.0,1950000.0,1950000.0,0.0,200000.0,0.0,100000.0,158430.71250423236,300000.0,False,False
66,1,0,1,NORMAL,0.007045232186678601,0.006414366954694586,0.0005748141130015359,12.256540031507154,5622561051.669544,4377438948.330456,3237638.680311,1394941.689863,1559.434398,4620000.0,0.0,1980000.0,1980000.0,0.0,200000.0,0.0,100000.0,158440.7730629905,300000.0,False,False
67,1,0,1,NORMAL,0.007057980597025244,0.0064558904154901125,0.0005845643924721892,12.073914675466705,5612643200.65852,4387356799.34148,3286748.985307,1416213.240324,1606.707967,4690000.0,0.0,2010000.0,2010000.0,0.0,200000.0,0.0,100000.0,158448.99237115102,300000.0,False,False
68,1,0,1,NORMAL,0.00707069678347435,0.006495555342456838,0.0005943475862022746,11.896568519196402,5602743186.254904,4397256813.745096,3335860.938526,1437488.87026,1654.687918,4760000.0,0.0,2040000.0,2040000.0,0.0,200000.0,0.0,100000.0,158455.70723309397,300000.0,False,False
69,1,0,1,NORMAL,0.007083390628266152,0.006533480199605826,0.0006041637868262978,11.724288649400112,5592860913.248433,4407139086.751567,3384974.540023,1458768.580454,1703.374273,4830000.0,0.0,2070000.0,2070000.0,0.0,200000.0,0.0,100000.0,158461.19290274152,300000.0,False,False
70,1,0,1,NORMAL,0.0070960702278284465,0.006569776330458899,0.0006140130861679912,11.556871323564907,5582996298.36265,4417003701.63735,3434089.789852,1480052.371688,1752.767057,4900000.0,0.0,2100000.0,2100000.0,0.0,200000.0,0.0,100000.0,158465.6743124001,300000.0,False,False
71,1,0,1,NORMAL,0.007108742216404185,0.006604548323100532,0.0006238955754084121,11.394121863663944,5573149268.062625,4426850731.937375,3483206.68807,1501340.244745,1802.866293,4970000.0,0.0,2130000.0,2130000.0,0.0,200000.0,0.0,100000.0,158469.33525955048,300000.0,False,False
72,1,0,1,NORMAL,0.007121412031160557,0.006637894368781824,0.0006338113452252698,11.235854461755428,5563319756.767154,4436680243.232846,3532325.234732,1522632.200408,1853.672005,5040000.0,0.0,2160000.0,2160000.0,0.0,200000.0,0.0,100000.0,158472.32592079547,300000.0,False,False
73,1,0,1,NORMAL,0.007134084129318615,0.006669906611397101,0.0006437604859106964,11.08189192324592,5553507705.390815,4446492294.609185,3581445.429893,1543928.23946,1905.184217,5110000.0,0.0,2190000.0,2190000.0,0.0,200000.0,0.0,100000.0,158474.76899613935,300000.0,False,False
74,1,0,1,NORMAL,0.007146762165958475,0.006700671485884932,0.0006537430874697071,10.932065367788137,5543713060.155043,4456286939.844957,3630567.273609,1565228.362684,1957.402952,5180000.0,0.0,2220000.0,2220000.0,0.0,200000.0,0.0,100000.0,158476.76473230898,300000.0,False,False
75,1,0,1,NORMAL,0.0071594491396032665,0.006730270044189341,0.0006637592397020796,10.786213903126532,5533935771.618585,4466064228.381415,3679690.765935,1586532.570863,2010.328234,5250000.0,0.0,2250000.0,2250000.0,0.0,200000.0,0.0,100000.0,158478.39502898377,300000.0,False,False
76,1,0,1,NORMAL,0.0071721475114082025,0.0067587782678808815,0.0006738090322711466,10.644184283540545,5524175793.886858,4475824206.113142,3728815.906925,1607840.86478,2063.960087,5320000.0,0.0,2280000.0,2280000.0,0.0,200000.0,0.0,100000.0,158479.72679493768,300000.0,False,False
77,1,0,1,NORMAL,0.007184859302731837,0.006786267366903524,0.0006838925547620574,10.50583056169053,5514433083.96721,4485566916.03279,3777942.696636,1629153.245219,2118.298534,5390000.0,0.0,2310000.0,2310000.0,0.0,200000.0,0.0,100000.0,158480.81469082824,300000.0,False,False
78,1,0,1,NORMAL,0.007197586175004765,0.006812804064200379,0.0006940098967289884,10.371013740479022,5504707601.243142,4495292398.756858,3827071.135123,1650469.712964,2173.343599,5460000.0,0.0,2340000.0,2340000.0,0.0,200000.0,0.0,100000.0,158481.7033705361,300000.0,False,False
79,1,0,1,NORMAL,0.007210329495103815,0.00683845086619415,0.0007041611477357358,10.239601429713892,5494999307.045556,4505000692.954444,3876201.222441,1671790.268799,2229.095307,5530000.0,0.0,2370000.0,2370000.0,0.0,200000.0,0.0,100000.0,158482.42931260512,300000.0,False,False
80,1,0,1,NORMAL,0.007223090388859663,0.006863266319269344,0.0007143463973895379,10.111467511077631,5485308164.303114,4514691835.696886,3925332.958646,1693114.913508,2285.55368,5600000.0,0.0,2400000.0,2400000.0,0.0,200000.0,0.0,100000.0,158483.0223166624,300000.0,False,False
81,1,0,1,NORMAL,0.007235869784850183,0.006887305252532624,0.0007245657353688422,9.986491813840386,5475634137.257111,4524365862.742889,3974466.343793,1714443.647874,2342.718743,5670000.0,0.0,2430000.0,2430000.0,0.0,200000.0,0.0,100000.0,158483.50672604505,300000.0,False,False
82,1,0,1,NORMAL,0.007248668450242034,0.006910619007223554,0.0007348192514470165,9.864559802928209,5465977191.228952,4534022808.771048,4023601.377937,1735776.472683,2400.590519,5740000.0,0.0,2460000.0,2460000.0,0.0,200000.0,0.0,100000.0,158483.90242669173,300000.0,False,False
83,1,0,1,NORMAL,0.00726148702012356,0.006933255653217103,0.0007451070355120342,9.745562280368885,5456337292.430537,4543662707.569463,4072738.061133,1757113.388718,2459.169031,5810000.0,0.0,2490000.0,2490000.0,0.0,200000.0,0.0,100000.0,158484.22566321553,300000.0,False,False
84,1,0,1,NORMAL,0.007274326021510468,0.006955260193106998,0.0007554291775831367,9.629395100654438,5446714407.80961,4553285592.19039,4121876.393437,1778454.396765,2518.454304,5880000.0,0.0,2520000.0,2520000.0,0.0,200000.0,0.0,100000.0,158484.4897056019,300000.0,False,False
85,1,0,1,NORMAL,0.007287185892991435,0.006976674754389865,0.0007657857678242707,9.515958900222952,5437108504.923653,4562891495.076347,4171016.374904,1799799.497608,2578.446361,5950000.0,0.0,2550000.0,2550000.0,0.0,200000.0,0.0,100000.0,158484.70539386172,300000.0,False,False
86,1,0,1,NORMAL,0.007300067000805329,0.006997538770287637,0.0007761768965560233,9.40515884097617,5427519551.83702,4572480448.16298,4220158.00559,1821148.692032,2639.145226,6020000.0,0.0,2580000.0,2580000.0,0.0,200000.0,0.0,100000.0,158484.88158297358,300000.0,False,False
87,1,0,1,NORMAL,0.007312969651998053,0.007017889149752825,0.000786602654264782,9.296904367597518,5417947517.037057,4582052482.962943,4269301.285549,1842501.980822,2700.550923,6090000.0,0.0,2610000.0,2610000.0,0.0,200000.0,0.0,100000.0,158485.02550636465,300000.0,False,False
88,1,0,1,NORMAL,0.007325894105189392,0.007037760437200346,0.0007970631316118125,9.191108978250002,5408392369.365674,4591607630.634326,4318446.214838,1863859.364763,2762.663475,6160000.0,0.0,2640000.0,2640000.0,0.0,200000.0,0.0,100000.0,158485.14307284082,300000.0,False,False
89,1,0,1,NORMAL,0.007338840579383958,0.007057184962502515,0.0008075584194392048,9.08769000821054,5398854077.963536,4601145922.036464,4367592.793512,1885220.844641,2825.482906,6230000.0,0.0,2670000.0,2670000.0,0.0,200000.0,0.0,100000.0,158485.23910914914,300000.0,False,False
90,2,0,1,NORMAL,0.007351809261181486,0.007076192981772127,0.0008180886087760327,8.986568425858847,5389332612.224537,4610667387.775463,4416741.021626,1906586.421241,2889.00924,6300000.0,0.0,2700000.0,2700000.0,0.0,200000.0,5493.471315296591,100000.0,158485.31755812545,300000.0,False,False
91,2,0,1,NORMAL,0.007047186844521887,0.007074321618078564,0.0008252868649721581,8.539075494385376,5383077811.295388,4616922188.704612,4447745.415835,1920178.22924,2952.981513,6344078.750823,0.0,2718890.893223,2718890.893207,0.0,125939.288076,5548.068998728782,62969.644046,158485.38164055906,300000.0,False,False
92,2,0,2,CONSERVADOR,0.0049330307911653205,0.006936173822793839,0.0008320060185951927,5.929080656765604,5374141719.130922,4625858280.869078,4478753.137564,1933773.624167,3017.399772,6388160.768623,0.0,2737783.186576,2737783.186546,0.0,125948.62229200001,5603.203160921434,62974.311153,455226.66161758243,300000.0,False,False
93,2,0,2,CONSERVADOR,0.0038091273106110393,0.006734428886523981,0.0008391598966093688,4.539215143623812,5362603330.797834,4637396669.202166,4509764.20939,1947372.616339,3082.264066,6432111.958743,0.0,2756676.893816,2756676.893773,134.126748,125958.04820300001,5658.8789505461755,62844.89736000001,318129.67891870765,300000.0,False,False
94,2,0,2,CONSERVADOR,0.003265745020571862,0.006510642830656103,0.000846748934054094,3.856804407105675,5349144475.705313,4650855524.294687,4540778.654108,1960975.216171,3147.574443,6476065.147744,0.0,2775572.028827,2775572.028773,269.586088,125967.56669300002,5715.101563235361,62848.324012000005,245122.06563978907,300000.0,False,False
95,2,0,3,DEFENSIVO,0.0029351271819736315,0.006279964401708847,0.0008546780733799837,3.434190338317823,5334168904.02312,4665831095.97688,4571796.494727,1974581.434169,3213.330952,6520020.355254,0.0,2794468.605634,2794468.605567,406.3911,125977.17864499999,5771.876241961144,62851.784317000005,209627.3032302493,300000.0,False,False
96,2,0,3,DEFENSIVO,0.0027120563950386966,0.006049776788375289,0.0008628931399246615,3.1429805958075923,5318005393.370763,4681994606.629237,4602817.754481,1988191.280939,3279.533642,6563856.707685,0.0,2813366.638386,2813366.638308,665.448402,125986.88495899999,5829.208277416547,62734.385182999984,187877.56972124105,300000.0,False,False
97,2,0,3,DEFENSIVO,0.0025527898103446262,0.005824164725276537,0.0008713497099127398,2.9296960580847293,5300833117.810762,4699166882.189238,4633842.456828,2001804.767179,3346.182563,6607693.917755,0.0,2832266.141374,2832266.141285,927.078618,125996.68653700002,5887.103008398609,62736.713058,173072.7664312975,300000.0,False,False
98,2,0,3,DEFENSIVO,0.002434720207110294,0.0056054908853948445,0.0008800259358797897,2.7666459678557396,5282827732.225603,4717172267.774397,4664870.625444,2015421.903688,3413.277765,6651531.993876,0.0,2851167.129026,2851167.128926,1191.306995,126006.58428899999,5945.565822193496,62739.063773,162382.95323381582,300000.0,False,False
99,2,0,3,DEFENSIVO,0.0023449458396750922,0.005395133140509699,0.0008888993778073968,2.638032940757875,5264132651.967342,4735867348.032658,4695902.284239,2029042.701363,3480.819297,6695370.94455,0.0,2870069.615906,2870069.615793,1458.159018,126016.57914100001,6004.602154963693,62741.437554,154346.4891639879,300000.0,False,False
100,2,0,3,DEFENSIVO,0.002275497119177704,0.005193866300423764,0.000897951812741349,2.534097138498846,5244866605.2514305,4755133394.7485695,4726937.457345,2042667.1712,3548.807211,6739210.77835,0.0,2888973.616719,2888973.616592,1727.660421,126026.67201799998,6064.217492137118,62743.834613000006,148129.27154074356,300000.0,False,False
101,2,0,3,DEFENSIVO,0.0022211547447466245,0.0050020784581220135,0.0009071681945855533,2.4484486537376635,5225128797.38834,4774871202.61166,4757976.169128,2056295.324298,3617.241557,6783051.503936,0.0,2907879.146305,2907879.146168,1999.837183,126036.86385799998,6124.417368798256,62746.25517199999,143216.1462086517,300000.0,False,False
102,2,0,3,DEFENSIVO,0.0021783427452378283,0.004819901960516583,0.0009165359610996919,2.3767127943612563,5205002659.659167,4794997340.340833,4789018.444184,2069927.171855,3686.122387,6826893.130048,0.0,2926786.219652,2926786.219506,2274.715531,126047.15560499999,6185.207370081213,62748.69945900001,139269.83544277604,300000.0,False,False
103,2,0,3,DEFENSIVO,0.002144521313711494,0.0046472967574969,0.0009260445426282695,2.3157863525926987,5184558686.83144,4815441313.16856,4820064.307343,2083562.725172,3755.449752,6870735.665514,0.0,2945694.851893,2945694.851735,2552.321937,126057.54821400002,6246.593131564777,62751.167707,136059.35739134578,300000.0,False,False
104,2,0,3,DEFENSIVO,0.0021178328553471525,0.004484105538003368,0.0009356849978370625,2.2634036670917594,5163856650.021829,4836143349.978171,4851113.783674,2097201.995654,3825.223704,6914579.119242,0.0,2964605.058301,2964605.05813,2832.683132,126068.04264900001,6308.580339669345,62753.660136,133420.7592731772,300000.0,False,False
105,2,0,3,DEFENSIVO,0.0020968852561602624,0.004330091326271554,0.0009454497344470942,2.21787069133457,5142947360.466192,4857052639.533808,4882166.898486,2110844.994809,3895.444295,6958423.500228,0.0,2983516.854293,2983516.854109,3115.8261,126078.639879,6371.174732055798,62756.17697800001,131234.22328462935,300000.0,False,False
106,2,0,3,DEFENSIVO,0.002080613673936745,0.004184963735798341,0.0009553322896314131,2.1778952690267475,5121874098.344907,4878125901.655093,4913223.677328,2124491.734251,3966.111578,7002268.817552,0.0,3002430.255433,3002430.255238,3401.778084,126089.34088499998,6434.3820980262535,62758.718464,129410.04592043877,300000.0,False,False
107,2,0,2,CONSERVADOR,0.0020681893330394114,0.004048397645297765,0.0009653271538997231,2.142475040388486,5100673784.559049,4899326215.440951,4944284.145988,2138142.2257,4037.225606,7046115.080381,0.0,3021345.27744,3021345.277234,3690.566583,126100.14665900002,6498.20827892668,62761.284836000006,127879.69542238621,300000.0,False,False
108,2,0,2,CONSERVADOR,0.002059285950734367,0.003920067858551739,0.00097542962766342,2.111157886056072,5079315253.850229,4920684746.149771,4975348.330505,2151796.480983,4108.786433,7090098.402598,0.0,3040261.936178,3040261.935959,3846.114732,126111.05819499998,6562.6591685513995,62899.980955000006,126589.90935046546,300000.0,False,False
109,2,0,2,CONSERVADOR,0.002053007729915901,0.003799612366381686,0.0009856478692414356,2.0829018090364424,5057890280.422194,4942109719.577806,5006416.257163,2165454.512033,4180.794113,7134084.038659,0.0,3059180.247662,3059180.247431,4003.205443,126122.0765,6627.740713549387,62903.947544999995,125517.15049925452,300000.0,False,False
110,2,0,2,CONSERVADOR,0.002048939042164958,0.0036866657003031874,0.000995966237542723,2.0572374493538663,5036421621.943452,4963578378.056548,5037487.952496,2179116.330894,4253.248699,7178072.011199,0.0,3078100.22806,3078100.227816,4161.853807,126133.202591,6693.45891383239,62907.952937999995,124606.65411327922,300000.0,False,False
111,2,0,2,CONSERVADOR,0.002046740198445737,0.003580864055022062,0.0010063818766094777,2.0337609867749693,5014928746.637438,4985071253.362562,5068563.443288,2192781.949722,4326.150247,7222062.343068,0.0,3097021.893693,3097021.893436,4322.075057,126144.43749099999,6759.8198229848185,62911.997502,123831.85072804443,300000.0,False,False
112,2,0,2,CONSERVADOR,0.0020461313087936127,0.0034818490391363556,0.0010168923656192251,2.012141479248538,4993428311.119965,5006571688.880035,5099642.75658,2206451.38078,4399.498811,7266055.057333,0.0,3115945.26104,3115945.260769,4483.884572,126155.78224,6826.829548675443,62916.081611999994,123171.07509700728,300000.0,False,False
113,2,0,2,CONSERVADOR,0.002046880124312923,0.003389270399470328,0.0010274956602948089,1.9921058583601534,4971934565.870096,5028065434.129904,5130725.919669,2220124.636446,4473.294446,7310050.177282,0.0,3134870.346732,3134870.346448,4647.297875,126167.23787499999,6894.494253070776,62920.205641,122606.52006718767,300000.0,False,False
114,2,0,2,CONSERVADOR,0.002048792746228293,0.003302787970228907,0.0010381900428751269,1.9734274666653888,4950459700.136606,5049540299.863394,5161812.960113,2233801.729208,4547.537209,7354047.726423,0.0,3153797.167556,3153797.167263,4812.330639,126178.805449,6962.820153250198,62924.369965,122123.44850716682,300000.0,False,False
115,2,0,2,CONSERVADOR,0.0020517064324536037,0.00322207303230792,0.0010489740792320162,1.9559171890650686,4929014135.915032,5070985864.084968,5192903.905726,2247482.671671,4622.227155,7398047.728484,0.0,3172725.740467,3172725.740165,4978.998685,126190.486027,7031.813521622737,62928.574971999995,121709.59108962442,300000.0,False,False
116,2,0,2,CONSERVADOR,0.002055483961377613,0.0031468092212801587,0.0010598465820019821,1.939416512053033,4907606778.930106,5092393221.069894,5223998.784589,2261167.476551,4697.364341,7442050.207422,0.0,3191656.082577,3191656.082264,5147.317981,126202.280677,7101.480686345562,62932.821048,121354.68009973936,300000.0,False,False
117,2,0,2,CONSERVADOR,0.00206000916759859,0.0030766930887845736,0.0010708065788010525,1.9237920352573064,4886245233.220434,5113754766.779566,5255097.625047,2274856.156684,4772.948824,7486055.187418,0.0,3210588.211158,3210588.210835,5317.304651,126214.19048400002,7171.828031744043,62937.108577,121050.08427406658,300000.0,False,False
118,2,0,2,CONSERVADOR,0.0020651833708197754,0.003011434397302974,0.0010818532847625747,1.908931090663559,4864935984.8075285,5135064015.1924715,5286200.455715,2288548.72502,4848.980662,7530062.692885,0.0,3229522.143648,3229522.143311,5488.974967,126226.216532,7242.861998733446,62941.437957,120788.51970682807,300000.0,False,False
119,2,0,2,CONSERVADOR,0.00207092249330573,0.002950756209948313,0.0010929860787648922,1.894738216287197,4843684559.06694,5156315440.93306,5317307.305477,2302245.194629,4925.459912,7574072.748466,0.0,3248457.897645,3248457.897298,5662.345358,126238.35992799999,7314.589085242162,62945.80957799999,120563.81875112683,300000.0,False,False
120,2,0,2,CONSERVADOR,0.00207715471412402,0.0028943948231209397,0.001104204482821088,1.881132296091735,4822495655.674368,5177504344.325632,5348418.203493,2315945.578699,5002.386632,7618085.379035,0.0,3267395.490918,3267395.490562,5837.432411,126250.62178100001,7387.015846636527,62950.22384199999,120370.74364619248,300000.0,False,False
121,2,0,2,CONSERVADOR,0.002083818545979712,0.002842099579434409,0.0011155081441824,1.8680442243718667,4801373264.402384,5198626735.597616,5379533.179189,2329649.890539,5079.760882,7662100.609703,0.0,3286334.941412,3286334.941038,6014.252861,126263.00320599998,7460.148896147099,62954.68116199999,120204.83502031944,300000.0,False,False
122,2,0,2,CONSERVADOR,0.0020908612478347903,0.00279363259029895,0.0011268968197900465,1.8554149866394523,4780320764.54732,5219679235.45268,5410652.26228,2343358.14358,5157.58272,7706118.46582,0.0,3305276.26722,3305276.266835,6192.823609,126275.50533499998,7533.99490529641,62959.181925000004,120062.28785439406,300000.0,False,False
123,2,0,2,CONSERVADOR,0.002098237506981717,0.0027487683913752572,0.0011383703627407765,1.8431940743168456,4759341010.3467,5240658989.6533,5441775.482755,2357070.351373,5235.852206,7750138.972971,0.0,3324219.486623,3324219.486228,6373.161713,126288.129306,7608.560604328149,62963.726554,119939.84926574363,300000.0,False,False
124,2,0,2,CONSERVADOR,0.002105908338666271,0.002707293549265,0.0011499287105065665,1.8313381685535761,4738436404.383706,5261563595.616294,5472902.870889,2370786.527591,5314.569399,7794162.156985,0.0,3343164.618074,3343164.617666,6555.284391,126300.876273,7683.852782637775,62968.315465,119834.73379710849,300000.0,False,False
125,2,0,2,CONSERVADOR,0.002113840162962515,0.0026690062340196784,0.0011615718746688275,1.819810042805303,4717608960.700689,5282391039.299311,5504034.457239,2384506.686037,5393.73436,7838188.043934,0.0,3362111.680189,3362111.679772,6739.209027,126313.74739100003,7759.878289204443,62972.949064,119744.55283477763,300000.0,False,False
126,2,0,1,NORMAL,0.0021220040270906043,0.0026337157690565125,0.0011732999319701736,1.8085776443602042,4696534018.832028,5303465981.167972,5535170.272652,2398230.840632,5473.34715,7882909.15545,0.0,3381060.691774,3381060.691344,6232.457849,126326.74383300002,7836.644033024285,62977.627785,119667.2555313716,300000.0,False,False
127,2,0,1,NORMAL,0.002130859910006449,0.0026012734555694115,0.001185195364484398,1.7978976073142579,4675782324.569374,5324217675.430626,5566310.348263,2411959.00543,5553.40783,7927128.108819,0.0,3400011.671796,3400011.671357,6232.457849,126339.866773,7914.156983544922,63169.93339099999,119592.769215955,300000.0,False,False
128,2,0,1,NORMAL,0.0021398475909715432,0.0025715040449501947,0.0011971161886830369,1.787502007909205,4655115623.222704,5344884376.777296,5597454.7155,2425691.19461,5633.916462,7971351.699909,0.0,3418964.639419,3418964.638964,6232.457849,126353.11740999999,7992.424171101292,63176.55871299999,119561.2452400997,300000.0,False,False
129,2,0,1,NORMAL,0.002148955763564749,0.0025442428655059724,0.00120912214897712,1.7772859139026602,4634534336.8719635,5365465663.1280365,5628603.406088,2439427.422481,5714.873109,8015579.973834,0.0,3437919.613969,3437919.613503,6232.457849,126366.49693899998,8071.452687352602,63183.24847499999,119534.85542456516,300000.0,False,False
130,2,0,1,NORMAL,0.002158174656270899,0.0025193352391037096,0.0012212136194608497,1.7672376248339792,4614038774.954639,5385961225.045361,5659756.452047,2453167.703481,5796.277832,8059812.97613,0.0,3456876.614963,3456876.614486,6232.457849,126380.00656899999,8151.249685720472,63190.00329,119512.91129591686,300000.0,False,False
131,2,0,1,NORMAL,0.0021674958257171008,0.0024966359221110256,0.0012333909971868296,1.7573468840463542,4593629150.12163,5406370849.87837,5690913.8857,2466912.052177,5878.130695,8104050.75276,0.0,3475835.662104,3475835.661613,6232.457849,126393.647528,8231.822381828144,63196.823771,119494.81856589994,300000.0,False,False
132,2,0,1,NORMAL,0.0021769119785045197,0.0024760085709106057,0.0012456546997315818,1.747604676459382,4573305591.889205,5426694408.110795,5722075.739673,2480660.483273,5960.431761,8148293.350122,0.0,3494796.77527,3494796.774766,6232.457849,126407.421043,8313.178053940812,63203.710527999996,119480.0640933723,300000.0,False,False
133,2,0,1,NORMAL,0.002186416817553431,0.0024573252319843365,0.0012580051630705419,1.738003055740105,4552783104.892783,5447216895.107217,5753242.046896,2494413.011602,6043.181095,8193164.060829,0.0,3513759.974532,3513759.974016,5609.212065,126421.328358,8395.324043406908,63210.664185,119468.20469214376,300000.0,False,False
134,2,0,1,NORMAL,0.0021960239868444695,0.002440467087136603,0.0012705223831969085,1.728441793617834,4532631968.102794,5467368031.897206,5784412.840607,2508169.652135,6126.378761,8237416.440582,0.0,3532725.280149,3532725.279622,5609.212065,126435.37072899999,8478.267755100382,63217.68536999999,119451.37856652848,300000.0,False,False
135,2,0,1,NORMAL,0.002205707305886038,0.002425321294797857,0.0012830488323962044,1.719114074377582,4512567047.351569,5487432952.648431,5815588.154356,2521930.419976,6210.024824,8281673.782875,0.0,3551692.712571,3551692.71203,5609.212065,126449.549416,8562.01665786387,63224.774715,119445.2223059015,300000.0,False,False
136,2,0,1,NORMAL,0.0022154630585700065,0.002411782053750899,0.0012956634130100017,1.7099063200551334,4492588220.432392,5507411779.567608,5846768.022008,2535695.330366,6294.119349,8325936.135868,0.0,3570662.292433,3570662.291882,5609.212065,126463.86570000001,8646.578284952713,63231.932855,119440.82525572734,300000.0,False,False
137,2,0,1,NORMAL,0.0022252880504746468,0.002399750182571786,0.0013083666228320102,1.700813832790938,4472695329.5814495,5527304670.4185505,5877952.477742,2549464.398684,6378.662403,8370203.548168,0.0,3589634.040569,3589634.04001,5609.212065,126478.32086400001,8731.960234479844,63239.160436,119437.95887681676,300000.0,False,False
138,2,0,1,NORMAL,0.0022351795401411114,0.002389132721769807,0.0013211589702907332,1.691832391411035,4452888186.631669,5547111813.368331,5909141.556054,2563237.640452,6463.654052,8414476.068838,0.0,3608607.978007,3608607.977439,5609.212065,126492.91620699999,8818.170169861334,63246.458108000006,119436.42564397634,300000.0,False,False
139,2,0,1,NORMAL,0.0022451351795130087,0.0023798425577532395,0.0013340409735867389,1.6829581879158308,4433166577.45551,5566833422.54449,5940335.291767,2577015.071326,6549.094363,8458753.747396,0.0,3627584.125973,3627584.125391,5609.212065,126507.65303399999,8905.215820262702,63253.826524,119436.05483154194,300000.0,False,False
140,2,0,1,NORMAL,0.0022551529623014883,0.0023717980677240946,0.0013470131599378026,1.6741877728986838,4413281537.11118,5586718462.88882,5971533.720029,2590796.707107,6634.983403,8503597.555034,0.0,3646562.505882,3646562.505288,5048.290859,126522.53267,8993.104981045779,63261.26634099999,119436.69887623977,300000.0,False,False
141,2,0,1,NORMAL,0.0022652488887114916,0.0023649239271426366,0.001360152717616161,1.6654371669981483,4393730420.687416,5606269579.312584,6002736.876307,2604582.563742,6721.321241,8547885.699786,0.0,3665543.139359,3665543.138751,5048.290859,126537.556444,9081.845514216257,63268.77822900001,119431.49918264092,300000.0,False,False
142,2,0,1,NORMAL,0.0022754015575156693,0.00235914829039251,0.0013733079225791386,1.6568764514533312,4374264206.539545,5625735793.460455,6033944.796407,2618372.657317,6808.107945,8592179.153777,0.0,3684526.04822,3684526.047603,5048.290859,126552.72569499999,9171.445348871644,63276.362852000006,119434.71543312054,300000.0,False,False
143,2,0,1,NORMAL,0.0022856100361836142,0.0023544038868951625,0.0013865549107421452,1.6484093190079685,4354882591.164349,5645117408.835651,6065157.516461,2632167.004065,6895.343584,8636477.968396,0.0,3703511.254497,3703511.253867,5048.290859,126568.04177899998,9261.912481649702,63284.020895999995,119438.4910625415,300000.0,False,False
144,2,0,1,NORMAL,0.0022958735487341154,0.0023506277360460627,0.0013998942440638876,1.640033565727939,4335585262.204559,5664414737.795441,6096375.072945,2645965.620364,6983.028227,8680782.195516,0.0,3722498.780414,3722498.779773,5048.290859,126583.50606300001,9353.254977177301,63291.753036999995,119442.76028119847,300000.0,False,False
145,2,0,1,NORMAL,0.0023061914554572548,0.0023477608792338814,0.0014133264904466988,1.6317471377249537,4316371899.9032,5683628100.0968,6127597.502664,2659768.522743,7071.161945,8725091.887486,0.0,3741488.648412,3741488.647759,5048.290859,126599.11992400001,9445.480968519525,63299.559968,119447.46626132293,300000.0,False,False
146,2,0,1,NORMAL,0.002316563235257026,0.002345748128009568,0.0014268522234863773,1.6235481132003458,4297242178.346912,5702757821.653088,6158824.842771,2673575.727877,7159.744808,8769407.097144,0.0,3760480.881135,3760480.880468,5048.290859,126614.884748,9538.59865762908,63307.44238099999,119452.5599295907,300000.0,False,False
147,2,0,1,NORMAL,0.0023269884703433397,0.002344537827514973,0.0014404720222545677,1.6154346869585379,4277978821.2953897,5722021178.70461,6190057.130761,2687387.252594,7248.776888,8814232.706903,0.0,3779475.501438,3779475.500755,4543.461774,126630.80193799999,9632.616315795838,63315.400977,119457.99892025127,300000.0,False,False
148,2,0,1,NORMAL,0.0023374832791606273,0.00234408269536308,0.0014542602159477655,1.6073349552763847,4259015517.510852,5740984482.489147,6221294.404477,2701203.113873,7338.258256,8858559.112417,0.0,3798472.532384,3798472.531686,4543.461774,126646.872905,9727.542284096517,63323.436460000004,119457.68872232836,300000.0,False,False
149,2,0,1,NORMAL,0.002348028886373149,0.0023443372883314717,0.0014680708901864358,1.599397482825209,4240134964.1542544,5759865035.845745,6252536.70211,2715023.328845,7428.188984,8902891.197089,0.0,3817471.997254,3817471.996543,4543.461774,126663.099071,9823.384973844348,63331.54954200001,119464.53069440715,300000.0,False,False
150,2,0,1,NORMAL,0.0025768095990639887,0.002359335501927118,0.001481977369902511,1.7387644719794197,4222928485.775291,5777071514.224709,6283784.062209,2728847.914791,7518.569146,8947229.015742,0.0,3836473.919547,3836473.918822,4543.461774,126679.481878,9920.152867038754,63339.74094599999,39823.83751181987,300000.0,False,False
151,2,0,1,NORMAL,0.002816774548601892,0.0023888476984867814,0.001495416402372634,1.8836054921778211,4207185795.971448,5792814204.028551,6315036.523675,2742676.889156,7609.398814,8991572.623708,0.0,3855478.32297,3855478.322235,4543.461774,126696.022768,10017.854516814832,63348.01138900001,43526.7306332261,300000.0,False,False
152,2,0,0,ACELERADO,0.0030663760315748907,0.0024325592038473044,0.001508441612406525,2.0328105551814377,4192722647.075054,5807277352.924945,6346294.125769,2756510.269533,7700.678063,9035922.076825,0.0,3874485.23146,3874485.230712,4543.461774,126712.723201,10116.498547892701,63356.361607000006,47402.77548532707,300000.0,False,False
153,2,0,0,ACELERADO,0.0033237331633704224,0.0024900542980100865,0.0015211015478362585,2.185083019669776,4179377606.289042,5820622393.710957,6377556.908114,2770348.073681,7792.406967,9080277.431452,0.0,3893494.669163,3893494.668407,4543.461774,126729.58465199999,10216.093657026508,63364.792330000004,51425.856928128705,300000.0,False,False
154,2,0,0,ACELERADO,0.003586674427088355,0.002560803983757072,0.0015334400273026613,2.3389727431318956,4166882561.060925,5833117438.9390745,6408824.910696,2784190.319512,7884.585601,9125093.090637,0.0,3912506.660465,3912506.659695,4089.115597,126746.608606,10316.6486134531,63373.30431000001,55564.54380908232,300000.0,False,False
155,2,0,0,ACELERADO,0.003852809409631338,0.002644159172523154,0.0015455434799283843,2.4928508706916905,4155366982.66686,5844633017.333139,6440098.173875,2798037.025101,7977.214041,9169460.419431,0.0,3931521.229958,3931521.229175,4089.115597,126763.79656099998,10418.172259340212,63381.898287,59781.0044897506,300000.0,False,False
156,2,0,0,ACELERADO,0.00411958986966882,0.002739348249758358,0.001557353842722155,2.645249754203605,4144595667.0966606,5855404332.903339,6471376.738377,2811888.208686,8070.292363,9213833.821937,0.0,3950538.402468,3950538.401677,4089.115597,126781.150024,10520.67351023414,63390.575015999995,64039.34804516104,300000.0,False,False
157,2,0,0,ACELERADO,0.004384426208487705,0.0028454823116118647,0.001568949342133582,2.7944982611901374,4134473582.1154866,5865526417.884514,6502660.645301,2825743.888667,8163.820644,9258213.356613,0.0,3969558.203055,3969558.202253,4089.115597,126798.67051499999,10624.161355506743,63399.335263,68296.13729617876,300000.0,False,False
158,2,0,0,ACELERADO,0.0046447829489420535,0.0029615662236976838,0.0015803583712313315,2.939069412036641,4124917543.364933,5875082456.635067,6533949.936131,2839604.083609,8257.798961,9302599.082461,0.0,3988580.656998,3988580.656186,4089.115597,126816.35957199997,10728.644858801757,63408.179790999995,72509.17732690873,300000.0,False,False
159,2,0,0,ACELERADO,0.004898278216972808,0.0030865153845541435,0.001591606276660103,3.0775690500866655,4115854771.797124,5884145228.202876,6565244.652725,2853468.812242,8352.227392,9346991.059017,0.0,4007605.789818,4007605.788993,4089.115597,126834.21873899999,10834.133158480265,63417.10937599999,76637.38668485354,300000.0,False,False
160,2,0,0,ACELERADO,0.005142772528196129,0.0032191771357568525,0.0016027156454902615,3.208786625791616,4107221629.439071,5892778370.560928,6596544.837325,2867338.093467,8447.106016,9391389.346368,0.0,4026633.627264,4026633.626426,4089.115597,126852.249581,10940.635468065233,63426.12479699999,80642.40709166975,300000.0,False,False
161,2,0,0,ACELERADO,0.005376439887152479,0.003358355377782377,0.0016137065711421506,3.3317332799525863,4098886453.8802247,5901113546.119775,6627850.532563,2881211.946348,8542.434913,9436202.916709,0.0,4045664.19532,4045664.194473,3680.204038,126870.45366699998,11048.161076685094,63435.226837999995,84490.02625236879,300000.0,False,False
162,2,0,0,ACELERADO,0.0055978266712404445,0.003502837396715156,0.001624627043559863,3.445607220088221,4090952822.8465652,5909047177.153435,6659161.781455,2895090.390123,8638.214162,9480614.008109,0.0,4064697.520217,4064697.519358,3680.204038,126888.83258199999,11156.719349516114,63444.416296999996,88149.66649420248,300000.0,False,False
163,2,0,0,ACELERADO,0.00580584508502661,0.0036514185378965403,0.0016354328483210506,3.5500357541350236,4083302328.367208,5916697671.6327915,6690478.627415,2908973.444204,8734.443844,9525031.59388,0.0,4083733.628417,4083733.627543,3680.204038,126907.38792699999,11266.319728223654,63453.69397100001,91601.77929006756,300000.0,False,False
164,2,0,0,ACELERADO,0.00599980370329478,0.0038029272582448138,0.0016461678743596362,3.6447095079101333,4075898062.385705,5924101937.614294,6721801.114256,2922861.128169,8831.124039,9569455.736336,0.0,4102772.546623,4102772.545736,3680.204038,126926.12131100001,11376.971731401993,63463.060662,94828.08301531388,300000.0,False,False
165,2,0,0,ACELERADO,0.006179376976366554,0.003956246594897829,0.0016568444997440044,3.7296058726822685,4068707893.8310223,5931292106.168977,6753129.286181,2936753.461779,8928.25483,9613886.498359,0.0,4121814.301785,4121814.300887,3680.204038,126945.034359,11488.684955012808,63472.517185,97818.35315581509,300000.0,False,False
166,2,0,0,ACELERADO,0.006344568421494177,0.004110331874033078,0.0016674736463852832,3.8048987672145875,4061703879.9891267,5938296120.010872,6784463.187803,2950650.464963,9025.836299,9658323.943404,0.0,4140858.921102,4140858.920191,3680.204038,126964.12871100001,11601.469072822038,63482.064362000005,100568.31953080109,300000.0,False,False
167,2,0,0,ACELERADO,0.006495662935554712,0.004264224200582861,0.0016780649366689544,3.8709246547090954,4054861746.6233807,5945138253.376617,6815802.864142,2964552.157832,9123.868529,9702768.135508,0.0,4159906.432011,4159906.43109,3680.204038,126983.406016,11715.333836835158,63491.703013000006,103079.03269775756,300000.0,False,False
168,2,0,0,ACELERADO,0.0066331735361936095,0.004417059641590006,0.0016886268357545976,3.9281464653671927,4048104947.0411825,5951895052.958816,6847148.360623,2978458.560671,9222.351604,9747587.159686,0.0,4178956.862211,4178956.861278,3312.183635,127002.867938,11830.289077730602,63501.433975,105356.06062536055,300000.0,False,False
169,2,0,0,ACELERADO,0.006757798588508242,0.004568075057520215,0.0016991900687042694,3.977070436658951,4041526195.0899773,5958473804.910021,6878499.723085,2992369.693949,9321.285608,9792045.040336,0.0,4198010.239646,4198010.238699,3312.183635,127022.51615599997,11946.34470529138,63511.258084999994,107407.13042579203,300000.0,False,False
170,2,0,0,ACELERADO,0.006870335389407322,0.004716607982158093,0.0017097147622546004,4.018410287542592,4035054193.244106,5964945806.755892,6909856.997784,3006285.578317,9420.670626,9836509.863658,0.0,4217066.592511,4217066.59155,3312.183635,127042.35235999999,12063.510708834598,63521.176187000005,109247.28006639254,300000.0,False,False
171,2,0,0,ACELERADO,0.006971669866723113,0.0048620958456784165,0.0017202297414036446,4.052755105277092,4028675257.7472787,5971324742.252719,6941220.231394,3020206.234606,9520.506744,9880981.696043,0.0,4236125.94926,4236125.948286,3312.183635,127062.378255,12181.797157638925,63531.189134,110888.70248808558,300000.0,False,False
172,2,0,0,ACELERADO,0.007062725052112182,0.0050040719235128536,0.0017307400137560045,4.080754472640203,4022377559.887768,5977622440.11223,6972589.471012,3034131.683835,9620.794048,9925460.604486,0.0,4255188.338606,4255188.337617,3312.183635,127082.595563,12301.214201369718,63541.29778899999,112346.3755889987,300000.0,False,False
173,2,0,0,ACELERADO,0.00714442902359299,0.005142159478356733,0.0017412499597264121,4.103046196030083,4016150882.856882,5983849117.143116,7003964.764159,3048061.947208,9721.532625,9969946.656586,0.0,4274253.789516,4274253.788515,3312.183635,127103.006008,12421.772070501847,63551.50301,113635.78704509283,300000.0,False,False
174,2,0,0,ACELERADO,0.007217690025066821,0.005276064674918674,0.0017517634082979021,4.120242488727332,4009986408.653435,5990013591.346563,7035346.158792,3061997.046111,9822.722563,10014439.920554,0.0,4293322.331226,4293322.330212,3312.183635,127123.61134300001,12543.481076739907,63561.805678000004,114772.41972244528,300000.0,False,False
175,2,0,0,ACELERADO,0.007283378170741809,0.0054055687714233925,0.0017622837045136092,4.132920341990011,4003831055.742461,5996168944.257537,7066733.703291,3075937.002128,9924.363951,10059271.683579,0.0,4312393.993231,4312393.992208,2980.965272,127144.41332499999,12666.351613435865,63572.206667000006,115771.3556095657,300000.0,False,False
176,2,0,0,ACELERADO,0.007342324138292573,0.005530520730576243,0.0017728339052414737,4.141574750225962,3997769229.2739353,6002230770.726063,7098127.446479,3089881.837025,10026.456878,10103779.578381,0.0,4331468.8053,4331468.804263,2980.965272,127165.41372800001,12790.394156003842,63582.70687100001,116645.6628429311,300000.0,False,False
177,2,0,0,ACELERADO,0.007395276319027064,0.0056508275427343616,0.001783376435391156,4.146783692027996,3991749803.7520695,6008250196.247929,7129527.437619,3103831.572764,10129.001433,10148294.893397,0.0,4350546.797456,4350546.796412,2980.965272,127186.614337,12915.61926233203,63593.307172,117411.67004568524,300000.0,False,False
178,2,0,0,ACELERADO,0.007442933280528605,0.005766447267753346,0.0017939335074753525,4.148946016958695,3985767914.05161,6014232085.948388,7160933.726409,3117786.231503,10231.997707,10192817.699329,0.0,4369628.000008,4369627.998953,2980.965272,127208.016957,13042.037573191468,63604.008484,118080.37118067445,300000.0,False,False
179,2,0,0,ACELERADO,0.007485930053637349,0.005877381641036185,0.0018045070656640017,4.1484625890798394,3979819372.204447,6020180627.795551,7192346.363003,3131745.83559,10335.445792,10237348.067518,0.0,4388712.443526,4388712.44246,2980.965272,127229.62340299998,13169.659812641694,63614.811707,118663.21862383123,300000.0,False,False
180,2,0,0,ACELERADO,0.007524839222852923,0.0059836692269598455,0.0018150988078641647,4.1456912374414685,3973900574.326515,6026099425.673483,7223765.398003,3145710.407568,10439.345779,10281886.069942,0.0,4407800.158857,4407800.157784,2980.965272,127251.43550300002,13298.496788432927,63625.717755000005,119170.59778573358,300000.0,False,False
181,2,0,0,ACELERADO,0.0075601735243934496,0.006085379181632981,0.0018257102176461948,4.140949341971935,3968008419.981212,6031991580.018785,7255190.882458,3159679.970187,10543.697761,10326431.779225,0.0,4426891.17713,4426891.176047,2980.965272,127273.45510199999,13428.559392404828,63636.727556,119611.85163763967,300000.0,False,False
182,2,0,0,ACELERADO,0.007592389430522174,0.0061826056493032525,0.0018363425922154422,4.134516872128088,3962100979.8593063,6037899020.140691,7286622.867881,3173654.546386,10648.501832,10371283.365168,0.0,4445985.52975,4445985.528653,2682.868745,127295.684058,13559.858600881518,63647.84203600001,119995.32880524898,300000.0,False,False
183,2,0,0,ACELERADO,0.007621901875845669,0.006275463470370506,0.0018470153697354437,4.12660446725865,3956254493.7447033,6043745506.255294,7318061.406244,3187634.159314,10753.758086,10415844.708652,0.0,4465083.248393,4465083.247285,2682.868745,127318.12424299998,13692.405475062838,63659.06212699999,120327.2544085814,300000.0,False,False
184,2,0,0,ACELERADO,0.007649055640761035,0.006364082320073121,0.0018576930684316242,4.11750238548224,3950427725.8099146,6049572274.190083,7349506.549981,3201618.832316,10859.466618,10460413.980791,0.0,4484184.365032,4484184.363913,2682.868745,127340.777545,13826.211161411567,63670.38877799999,120616.73418878244,300000.0,False,False
185,2,0,1,NORMAL,0.00767416442971906,0.006448603746501891,0.0018683947319860811,4.107357133019486,3944618979.273501,6055381020.726496,7380958.351995,3215608.588945,10965.627524,10504991.256842,0.0,4503288.91192,4503288.910792,2682.868745,127363.64586899999,13961.286892036507,63681.822939000005,120868.16591810045,300000.0,False,False
186,2,0,1,NORMAL,0.007697503135037571,0.006529177900600968,0.0018791211279488849,4.096331535285125,3938826795.092626,6061173204.907371,7412416.865661,3229603.452958,11072.2409,10549576.612733,0.0,4522396.921596,4522396.920457,2682.868745,127386.731123,14097.643985071285,63693.36556699999,121086.61863814162,300000.0,False,False
187,2,0,1,NORMAL,0.007719312006871553,0.0066059607461668125,0.0018898729322399535,4.084566679158854,3933049918.5660257,6066950081.433971,7443882.144827,3243603.44832,11179.306844,10594170.125067,0.0,4541508.426888,4541508.425742,2682.868745,127410.03524499998,14235.293845048622,63705.01762600001,121276.52641438191,300000.0,False,False
188,2,0,1,NORMAL,0.007739800547887849,0.006679111701116557,0.0019006507414346483,4.072184530886351,3927287270.577484,6072712729.422513,7475354.243822,3257608.599203,11286.825453,10638771.871126,0.0,4560623.460921,4560623.459767,2682.868745,127433.56017599998,14374.247963269985,63716.780092,121441.75784004762,300000.0,False,False
189,2,0,1,NORMAL,0.007759151097857614,0.006748791662196625,0.0019114550834347713,4.059290309827674,3921503346.013572,6078496653.986424,7506833.217454,3271618.929994,11394.796827,10683650.215756,0.0,4579742.057109,4579742.055947,2414.581871,127457.30788000001,14514.51791817038,63728.653944000005,121585.68067411435,300000.0,False,False
190,2,0,1,NORMAL,0.007777531809623302,0.00681516199428867,0.0019223033759961275,4.045943999652514,3915766506.974381,6084233493.025616,7538319.121022,3285634.465286,11503.221065,10728268.66387,0.0,4598864.249167,4598864.247993,2414.581871,127481.28033200002,14656.11537567816,63740.640172,121710.14796989407,300000.0,False,False
191,2,0,1,NORMAL,0.007795069130783273,0.006878381809546387,0.0019331622549057484,4.032289121620225,3910041488.1092157,6089958511.890781,7569812.010307,3299655.229891,11612.098268,10772895.581699,0.0,4617990.071101,4617990.069917,2414.581871,127505.479516,14799.05208956959,63752.739763,121819.9942682031,300000.0,False,False
192,2,0,1,NORMAL,0.007811882383455174,0.006938607653024374,0.0019440489224227585,4.018356890792473,3904327696.5528383,6095672303.447159,7601311.941587,3313681.248834,11721.428537,10817531.049301,0.0,4637119.557228,4637119.556029,2414.581871,127529.907443,14943.339901818119,63764.953729,121916.17481616816,300000.0,False,False
193,2,0,1,NORMAL,0.007828074874676861,0.006995992635066469,0.0019549637133123013,4.004204692584155,3898624621.549376,6101375378.450621,7632818.971641,3327712.547355,11831.211974,10862175.147444,0.0,4656252.742157,4656252.740944,2414.581871,127554.56612999999,15088.990742937965,63777.28307199999,122000.59500774895,300000.0,False,False
194,2,0,1,NORMAL,0.007843735968138714,0.007050685753329195,0.0019659069291698235,3.9898816427952775,3892931822.818978,6107068177.181019,7664333.157736,3341749.15092,11941.448682,10906827.957605,0.0,4675389.66081,4675389.659582,2414.581871,127579.45761299999,15236.016632322082,63789.728814,122074.90178298902,300000.0,False,False
195,2,0,1,NORMAL,0.007858942908975873,0.0071028313762741425,0.001976878842970392,3.975429721918258,3887248920.564402,6112751079.435595,7695854.557657,3355791.085205,12052.138765,10951489.561981,0.0,4694530.348413,4694530.34717,2414.581871,127604.58394300002,15384.429678574004,63802.291979,122140.5174406281,300000.0,False,False
196,2,0,1,NORMAL,0.007873762425496244,0.007152568863320731,0.001987879702997779,3.9608847626052954,3881544920.7137628,6118455079.286234,7727383.22969,3369838.376118,12163.282327,10996401.50168,0.0,4713674.840498,4713674.839243,2173.123684,127629.94718199997,15534.242079833704,63814.97359699999,122198.6693587749,300000.0,False,False
197,2,0,1,NORMAL,0.007888261003103667,0.007200032872338985,0.001998925528654771,3.9462505681301083,3875880878.629782,6124119121.370214,7758919.232635,3383891.049779,12274.879474,11041080.943971,0.0,4732823.172917,4732823.171653,2173.123684,127655.549411,15685.46612409695,63827.774710000005,122249.45019836728,300000.0,False,False
198,2,0,1,NORMAL,0.007902478272214972,0.007245351930395501,0.002009985051078277,3.9316104704239496,3870225882.0688777,6129774117.931119,7790462.625806,3397949.132542,12386.930312,11085769.431423,0.0,4751975.381837,4751975.380559,2173.123684,127681.39272999998,15838.1141895282,63840.69637200001,122295.83995028195,300000.0,False,False
199,2,0,1,NORMAL,0.007916457296667522,0.007288649050800147,0.00202107414589808,3.916955403508852,3864579717.874723,6135420282.125274,7822013.469035,3412012.650986,12499.434948,11130467.049156,0.0,4771131.503733,4771131.502442,2173.123684,127707.479245,15992.198744766627,63853.739629,122337.50376645333,300000.0,False,False
200,2,0,1,NORMAL,0.007930235218042573,0.007330041706751272,0.002032192992772827,3.902304183827619,3858942201.1244903,6141057798.875506,7853571.822677,3426081.631916,12612.393491,11175173.883031,0.0,4790291.575406,4790291.574103,2173.123684,127733.811084,16147.732349225256,63866.905547999995,122375.12122449066,300000.0,False,False
201,2,0,1,NORMAL,0.007943844062965633,0.007369641858765102,0.0020433417596457605,3.887672742685394,3853313171.1136336,6146686828.886363,7885137.747617,3440156.10237,12725.806049,11219890.019663,0.0,4809455.633975,4809455.632658,2173.123684,127760.39038799997,16304.727653382795,63880.195201,122409.27739099263,300000.0,False,False
202,2,0,1,NORMAL,0.007957311443008961,0.0074075560254905125,0.0020545206044031497,3.873074539118875,3847692487.9121118,6152307512.087885,7916711.305271,3454236.089614,12839.672732,11264615.54642,0.0,4828623.716884,4828623.715551,2173.123684,127787.21931600002,16463.19739906813,63893.609666,122440.47582839328,300000.0,False,False
203,2,0,1,NORMAL,0.007970661160779506,0.007443885389057545,0.0020657296763081532,3.8585209150040263,3842052765.3755183,6157947234.624478,7948292.557588,3468321.621151,12953.993651,11309567.8638,0.0,4847795.861898,4847795.860554,1955.811316,127814.30004100001,16623.154419737053,63907.150026,122469.14985297066,300000.0,False,False
204,2,0,1,NORMAL,0.007983921817612372,0.007478726448964308,0.0020769838558604634,3.8439980142766936,3836448430.415813,6163551569.584184,7979881.567049,3482412.724718,13068.768917,11354312.435958,0.0,4866972.10712,4866972.105763,1955.811316,127841.634747,16784.611640741263,63920.81738000001,122494.80301857657,300000.0,False,False
205,2,0,1,NORMAL,0.007997101900197203,0.007512170026463205,0.002088253899927876,3.8295639723088297,3830852124.4624157,6169147875.5375805,8011478.396688,3496509.428288,13183.998642,11399066.664932,0.0,4886152.490974,4886152.489605,1955.811316,127869.22564400002,16947.582079589072,63934.612828000005,122519.61730296619,300000.0,False,False
206,2,0,1,NORMAL,0.008010216811226574,0.0075443020770931,0.0020995545765692242,3.8151981856626294,3825263764.336475,6174736235.663521,8043083.110075,3510611.760073,13299.682941,11443830.64116,0.0,4905337.052225,4905337.050844,1955.811316,127897.074946,17112.078846197943,63948.537479000006,122542.8592156515,300000.0,False,False
207,2,0,1,NORMAL,0.008023279830101206,0.007575203867609753,0.0021108860117353572,3.800906247659141,3819683276.598777,6180316723.401218,8074695.771336,3524719.748524,13415.821927,11488604.455868,0.0,4924525.829969,4924525.828574,1955.811316,127925.18489000002,17278.115143138257,63962.592452000004,122564.76844985552,300000.0,False,False
208,2,0,1,NORMAL,0.008036302407529677,0.007604952160507813,0.0021222483274490863,3.7866927746335906,3814110596.1631775,6185889403.836818,8106316.445147,3538833.422337,13532.415716,11533388.201069,0.0,4943718.86364,4943718.862231,1955.811316,127953.55772999997,17445.704265868415,63976.778872,122585.55116203941,300000.0,False,False
209,2,0,1,NORMAL,0.008049294419621598,0.007633619403031283,0.002133641642413936,3.772561549049481,3808545665.1065116,6191454334.893484,8137945.196746,3552952.810448,13649.464424,11578181.969569,0.0,4962916.193011,4962916.191587,1955.811316,127982.195727,17614.859602960743,63991.09787099999,122605.38466612238,300000.0,False,False
210,2,0,1,NORMAL,0.008062264386969449,0.007661273918124069,0.002145066072537304,3.75851564209999,3802964172.813884,6197035827.186112,8169582.091929,3567077.942041,13766.968167,11623181.436106,0.0,4982117.858195,4982117.85676,1760.230185,128011.101169,17785.59463631808,64005.550590000006,122624.4214760635,300000.0,False,False
211,2,0,1,NORMAL,0.00807522702201721,0.007687980569988142,0.002156535487682168,3.744537044784001,3797414595.4958944,6202585404.504102,8201227.197057,3581208.846544,13884.927064,11667995.532825,0.0,5001323.899658,5001323.898209,1760.230185,128040.27635,17957.922941380853,64020.138181999995,122642.01046159242,300000.0,False,False
212,2,0,1,NORMAL,0.008088180296984387,0.007713799907213707,0.002168022577473896,3.7306716180089103,3791872631.592133,6208127368.407864,8232880.579064,3595345.553636,14003.341234,11712819.936078,0.0,5020534.358205,5020534.356745,1760.230185,128069.72358899999,18131.858187324167,64034.861800000006,122659.939821404,300000.0,False,False
213,2,0,1,NORMAL,0.008101129840403114,0.007738788935161411,0.0021795411155418687,3.7168970030597674,3786338242.35208,6213661757.647917,8264542.305453,3609488.093246,14122.210798,11757654.741899,0.0,5039749.274996,5039749.273522,1760.230185,128099.44520999999,18307.41413724494,64049.722612,122677.39803007132,300000.0,False,False
214,2,0,1,NORMAL,0.008114080517629605,0.007763001295320649,0.002191091210897571,3.7032143971339773,3780811392.434142,6219188607.565855,8296212.444303,3623636.495555,14241.535876,11802500.047142,0.0,5058968.69154,5058968.690055,1760.230185,128129.443563,18484.604648338518,64064.721787,122694.47088391164,300000.0,False,False
215,2,0,1,NORMAL,0.008127036537620046,0.007786487439985127,0.0022026729714534586,3.689624671000221,3775292049.4187193,6224707950.581278,8327891.064278,3637790.790998,14361.31659,11847355.949492,0.0,5078192.649702,5078192.648204,1760.230185,128159.721011,18663.443672064728,64079.860512,122711.23224072772,300000.0,False,False
216,2,0,1,NORMAL,0.008140001544648463,0.00780929480157631,0.002214286504248624,3.6761284183550664,3769780183.3919253,6230219816.608072,8359578.234625,3651951.010267,14481.553063,11892222.547464,0.0,5097421.1917,5097421.190191,1760.230185,128190.279929,18843.94525430296,64095.13997000001,122727.74570324959,300000.0,False,False
217,2,0,1,NORMAL,0.008152978697455958,0.007831467956149191,0.0022259319156460217,3.662725998108418,3764254176.5622916,6235745823.437705,8391274.025182,3666117.184307,14602.245419,11937275.963428,0.0,5116654.360115,5116654.358596,1584.207167,128221.122712,19026.12353549605,64110.56136100001,122744.06606318174,300000.0,False,False
218,2,0,1,NORMAL,0.008165977434458764,0.007853049212814326,0.002237622145396487,3.649399632220669,3758757187.5640635,6241242812.435933,8422978.506377,3680289.344326,14723.393783,11982164.251545,0.0,5135892.197889,5135892.196359,1584.207167,128252.251771,19209.992750782687,64126.125890999996,122759.53645328792,300000.0,False,False
219,2,0,1,NORMAL,0.008178992512038874,0.007874077812764297,0.0022493317145383974,3.6361877882103966,3753267601.3750663,6246732398.62493,8454691.749237,3694467.521791,14844.998281,12027063.535879,0.0,5155134.748325,5155134.746785,1584.207167,128283.66953000001,19395.567230118024,64141.834769999994,122775.70550103132,300000.0,False,False
220,2,0,1,NORMAL,0.008192026134045738,0.007894590607685681,0.0022610734769553534,3.623069403775725,3747785394.4445543,6252214605.555443,8486413.825385,3708651.748431,14967.05904,12071973.918326,0.0,5174382.055101,5174382.053547,1584.207167,128315.37843200001,19582.861398382178,64157.689223,122791.7904292991,300000.0,False,False
221,2,0,1,NORMAL,0.008205080220844091,0.007914622195631386,0.00227284753809081,3.61004426532558,3742310544.459434,6257689455.540564,8518144.807056,3722842.056241,15089.576188,12116895.501651,0.0,5193634.16225,5193634.160684,1584.207167,128347.38093600003,19771.889775476477,64173.690474,122807.82358433881,300000.0,False,False
222,2,0,1,NORMAL,0.008218156449238654,0.007934205050702824,0.002284654003326174,3.5971120516603534,3736843030.1689067,6263156969.831091,8549884.767089,3737038.477481,15212.549855,12161828.389479,0.0,5212891.114184,5212891.11261,1584.207167,128379.679516,19962.666976406894,64189.839761999996,122823.83291440153,300000.0,False,False
223,2,0,1,NORMAL,0.008231256286785001,0.007953369646579094,0.002296492978071147,3.5842723515307835,3731382831.231576,6268617168.768421,8581633.778937,3751241.04468,15335.98017,12206772.686309,0.0,5232152.955691,5232152.954106,1584.207167,128412.27666299998,20155.20771135461,64206.138337,122839.84259270046,300000.0,False,False
224,2,0,1,NORMAL,0.008244381021163894,0.007972144573971662,0.002308364567841481,3.571524678561973,3725910712.4872837,6274089287.512714,8613391.916667,3765449.790633,15459.867265,12251886.91823,0.0,5251419.731931,5251419.730337,1425.786451,128445.17488100001,20349.526785733244,64222.58744500001,122855.87355190612,300000.0,False,False
225,2,0,1,NORMAL,0.008257537880743678,0.00799055704537631,0.0023202808446257162,3.5588527569280948,3720465090.2581854,6279534909.741813,8645159.25497,3779664.748412,15584.211272,12296854.350071,0.0,5270691.488444,5270691.486839,1425.786451,128478.37669700001,20545.639100232507,64239.18835399999,122871.31025832561,300000.0,False,False
226,2,0,1,NORMAL,0.008270720925235706,0.008008632134399497,0.0023322180584035143,3.5462897199661114,3715026730.044052,6284973269.955946,8676935.86916,3793885.951355,15709.012325,12341833.509693,0.0,5289968.271151,5289968.269533,1425.786451,128511.88464499998,20743.559650847925,64255.942329,122887.52566716565,300000.0,False,False
227,2,0,1,NORMAL,0.008283931160196082,0.008026393361870245,0.002344188203209976,3.5338165889806183,3709595613.515322,6290404386.484676,8708721.835179,3808113.433082,15834.270558,12386824.50514,0.0,5309250.126352,5309250.124724,1425.786451,128545.701286,20943.30352889636,64272.850648,122903.79725594129,300000.0,False,False
228,2,0,1,NORMAL,0.008297169476873149,0.008043862788644626,0.002356191385864894,3.5214327353240376,3704171722.833393,6295828277.166605,8740517.229607,3822347.227481,15959.986107,12431827.445352,0.0,5328537.100736,5328537.099099,1425.786451,128579.829183,21144.885921016896,64289.914595999995,122920.13877810512,300000.0,False,False
229,2,0,1,NORMAL,0.00831043666845789,0.008061061103471288,0.0023682277135194155,3.509137495949567,3698755040.579637,6301244959.420361,8772322.129649,3836587.368727,16086.159108,12476842.440175,0.0,5347829.241382,5347829.239736,1425.786451,128614.270929,21348.32210915696,64307.13546900001,122936.56222315942,300000.0,False,False
230,2,0,1,NORMAL,0.008323733444023144,0.008078007706087537,0.0023802972937021784,3.4969301801275776,3693345549.695071,6306654450.304926,8804136.613159,3850833.89127,16212.789699,12521869.600366,0.0,5367126.595761,5367126.594102,1425.786451,128649.02912699999,21553.62747054306,64324.51456999999,122953.07806750588,300000.0,False,False
231,2,0,1,NORMAL,0.008337060440454716,0.00809472078572413,0.0023924002343529735,3.484810075145926,3687926131.639547,6312073868.360451,8835960.758637,3865086.829841,16339.878019,12567051.616247,0.0,5386429.211728,5386429.210058,1283.207806,128684.106395,21760.817477636097,64342.053202999996,122969.69548932364,300000.0,False,False
232,2,0,1,NORMAL,0.008350423780073848,0.008111217753101531,0.0024045477942592716,3.4727626541714147,3682530977.086373,6317469022.913625,8867794.645225,3879346.219458,16467.424209,12612103.443125,0.0,5405737.137539,5405737.135861,1283.207806,128719.50536999998,21969.90769807066,64359.75268899999,122985.85223764503,300000.0,False,False
233,2,0,1,NORMAL,0.008363817667374922,0.008127514521764332,0.002416717851959636,3.460816768739876,3677142967.4675374,6322857032.53246,8899638.352719,3893612.095422,16595.428409,12657167.773167,0.0,5425050.421854,5425050.420164,1283.207806,128755.22870199998,22180.91379457818,64377.614357,123002.77696768253,300000.0,False,False
234,2,0,1,NORMAL,0.008377242687429662,0.008143626016323386,0.002428921594997747,3.4489555795799296,3671762086.2692833,6328237913.730715,8931491.961576,3907884.493322,16723.890762,12702244.720837,0.0,5444369.113719,5444369.112021,1283.207806,128791.279062,22393.85152489337,64395.639535,123019.81326707375,300000.0,False,False
235,2,0,1,NORMAL,0.008390699371450358,0.008159566232783192,0.002441159133492299,3.4371783700338714,3666388317.207145,6333611682.792852,8963355.552907,3922163.449033,16852.811412,12747334.401529,0.0,5463693.262596,5463693.260887,1283.207806,128827.65912699999,22608.73674164374,64413.829569,123036.96834872334,300000.0,False,False
236,2,0,1,NORMAL,0.00840418820452096,0.008175348295475952,0.0024534305780638302,3.4254844134017763,3661021644.1910963,6338978355.808901,8995229.208492,3936448.998723,16982.190503,12792436.931588,0.0,5483022.918346,5483022.916624,1283.207806,128864.37160499998,22825.58539222186,64432.185808999995,123054.24859473172,300000.0,False,False
237,2,0,1,NORMAL,0.008417709632237005,0.008190984510750858,0.0024657360398563128,3.413872975927924,3655662051.298129,6344337948.701868,9027113.010776,3950741.178852,17112.028181,12837552.428308,0.0,5502358.131234,5502358.129503,1283.207806,128901.419207,23044.41351863982,64450.709608000005,123071.65967442699,300000.0,False,False
238,2,0,1,NORMAL,0.008431264066543601,0.008206486417576197,0.002478075630558393,3.4023433193779304,3650294303.1105723,6349705696.889425,9059007.042879,3965040.026173,17242.324594,12882809.33072,0.0,5521698.951937,5521698.950201,1154.887026,128938.80466500002,23265.237257365734,64469.402335,123089.2066456622,300000.0,False,False
239,2,0,1,NORMAL,0.00844485693962416,0.00822186516093413,0.002490459846167813,3.3908825924732966,3644948826.44072,6355051173.559278,9090911.388592,3979345.577734,17373.079889,12927951.116471,0.0,5541045.431558,5541045.429808,1154.887026,128976.53072999998,23488.07283914176,64488.265372,123106.38076049995,300000.0,False,False
240,2,0,1,NORMAL,0.008458482859360282,0.008237130818897109,0.002502868096861708,3.3795160320139086,3639610385.6346326,6360389614.365365,9122826.132392,3993657.870883,17504.294217,12973106.226525,0.0,5560397.621591,5560397.619829,1154.887026,129014.600162,23712.936588783392,64507.300086999996,123124.28556617143,300000.0,False,False
241,2,0,1,NORMAL,0.008472142262318351,0.008252292847504932,0.0025153108133684756,3.3682287760583174,3634278964.831196,6365721035.168802,9154751.359435,4007976.943266,17635.967728,13018274.782032,0.0,5579755.573961,5579755.572188,1154.887026,129053.015743,23939.844924959434,64526.50787700001,123142.32824656084,300000.0,False,False
242,2,0,1,NORMAL,0.008485835553539461,0.008267360118862,0.002527788109958065,3.357020123684433,3628954548.3013287,6371045451.698669,9186687.155571,4022302.832826,17768.100574,13063456.905123,0.0,5599119.34101,5599119.339225,1154.887026,129091.78026799999,24168.814359952605,64545.89014,123160.51364400386,300000.0,False,False
243,2,0,1,NORMAL,0.008499563111161925,0.0082823409570749,0.002540300101485739,3.345889371964677,3623637120.4288716,6376362879.571127,9218633.607337,4036635.577815,17900.692908,13108652.718914,0.0,5618488.975498,5618488.973705,1154.887026,129130.89654999998,24399.861499399994,64565.448279000004,123178.84611261661,300000.0,False,False
244,2,0,1,NORMAL,0.008513325290486012,0.008297243172133682,0.002552846903408517,3.3348358176587745,3618326665.69463,6381673334.305368,9250590.801963,4050975.216785,18033.744885,13153862.347507,0.0,5637864.530616,5637864.528814,1154.887026,129170.36741300001,24633.003042013326,64585.183711000005,123197.32958813703,300000.0,False,False
245,2,0,1,NORMAL,0.008527122427370908,0.008312074091826407,0.00256542863180071,3.3238587585987927,3613009624.9720216,6386990375.027976,9282558.827381,4065321.788595,18167.256661,13199201.4047,0.0,5657246.059982,5657246.058167,1039.398324,129210.19570099999,24868.25577927836,64605.09785699999,123215.96764919208,300000.0,False,False
246,2,0,1,NORMAL,0.008540959436835817,0.008326840888278628,0.0025780550674016343,3.312946858596028,3607713073.123655,6392286926.876343,9314537.77223,4079675.332412,18301.228392,13244439.039192,0.0,5676633.617633,5676633.615804,1039.398324,129250.384272,25105.636595133266,64625.19214300001,123234.30161362352,300000.0,False,False
247,2,0,1,NORMAL,0.00855483138923294,0.008341549952856325,0.0025907070591286033,3.3021222368963623,3602423450.741038,6397576549.25896,9346527.725852,4094035.887711,18435.660237,13289690.866788,0.0,5696027.258045,5696027.256201,1039.398324,129290.93600100001,25345.162465625326,64645.468007999996,123253.3240691657,300000.0,False,False
248,2,0,1,NORMAL,0.008568738668207747,0.00835620728933061,0.0026033943278852426,3.2913717973597185,3597140742.215109,6402859257.784889,9378528.7783,4108403.494281,18570.552356,13334957.015607,0.0,5715427.036122,5715427.034265,1039.398324,129331.85377900001,25586.85045854583,64665.926896,123272.5008548331,300000.0,False,False
249,2,0,1,NORMAL,0.008582681634921697,0.008370818537433263,0.0026161169925619917,3.2806948845649995,3591864932.0310564,6408135067.968942,9410541.020346,4122778.192221,18705.90491,13380237.614783,0.0,5734833.007207,5734833.005337,1039.398324,129373.140509,25830.71773304242,64686.570261,123291.83589121647,300000.0,False,False
250,2,0,1,NORMAL,0.008596660631407762,0.008385388995109037,0.0026288751726910304,3.2700908436850002,3586596004.754514,6413403995.245483,9442564.543476,4137160.021945,18841.71806,13425532.794471,0.0,5754245.22708,5754245.225201,1039.398324,129414.799113,26076.781539208867,64707.399561000006,123311.33274904886,300000.0,False,False
251,2,0,1,NORMAL,0.008610675983536513,0.008399923639523714,0.0026416689884606877,3.25955902164487,3581333945.0199904,6418666054.980007,9474599.439897,4151549.024182,18977.991971,13470842.685851,0.0,5773663.751966,5773663.750077,1039.398324,129456.83252199998,26325.059217651455,64728.41626600001,123330.99469935,300000.0,False,False
252,2,0,1,NORMAL,0.008624728003507226,0.00841442714687749,0.002654498560730263,3.249098768068094,3576066686.144867,6423933313.855131,9506645.80255,4165945.239979,19114.726807,13516271.360973,0.0,5793088.638528,5793088.636628,935.458492,129499.24369299998,26575.568199031863,64749.621852,123350.82475763082,300000.0,False,False
253,2,0,1,NORMAL,0.008638821175427186,0.008428904180977472,0.002667373000076539,3.238700090005897,3570818318.1634846,6429181681.8365135,9538703.725096,4180348.710707,19251.922735,13561611.073427,0.0,5812519.943874,5812519.941965,935.458492,129542.03559100002,26828.32600358594,64771.0178,123370.40996161167,300000.0,False,False
254,2,0,1,NORMAL,0.008652951024263132,0.00844335881602816,0.0026802745054980465,3.2283823938605303,3565576774.1182423,6434423225.881756,9570773.301939,4194759.47805,19389.579922,13606965.897342,0.0,5831957.72556,5831957.723642,935.458492,129585.211193,27083.350240618034,64792.60560100001,123390.643602216,300000.0,False,False
255,2,0,1,NORMAL,0.008667117915026924,0.008457794886931307,0.002693212132723116,3.218134141651728,3560342038.515841,6439657961.484158,9602854.628211,4209177.584021,19527.698537,13652335.968062,0.0,5851402.041596,5851402.039664,935.458492,129628.77349799998,27340.658607970377,64814.38675599999,123411.04479878112,300000.0,False,False
256,2,0,1,NORMAL,0.008681322194484824,0.008472216003547663,0.0027061860056025434,3.207954729095531,3555114095.9385185,6444885904.06148,9634947.79979,4223603.070957,19666.278751,13697721.42199,0.0,5870852.950437,5870852.948488,935.458492,129672.725521,27600.26889146715,64836.362769,123431.61706257651,300000.0,False,False
257,2,0,1,NORMAL,0.00869556419393957,0.008486625564218109,0.00271919624867876,3.1978435532796463,3549892931.0339293,6450107068.966068,9667052.913301,4238035.981518,19805.320735,13743122.396585,0.0,5890310.510991,5890310.509026,935.458492,129717.070282,27862.19896433271,64858.535149,123452.36361998763,300000.0,False,False
258,2,0,1,NORMAL,0.008709844231683537,0.008501026768570718,0.002732242987196251,3.187800013578341,3544678528.5053754,6455321471.494622,9699170.066115,4252476.35869,19944.824663,13788539.03037,0.0,5909774.782622,5909774.780648,935.458492,129761.81082299999,28126.466786583685,64880.905415999994,123473.28745367132,300000.0,False,False
259,2,0,1,NORMAL,0.008724162615170037,0.00851542262964164,0.0027453263471128456,3.1778235124377487,3539460150.4873137,6460539849.512684,9731299.356351,4266924.245795,20084.790709,13834065.008787,0.0,5929245.825161,5929245.823176,841.912643,129806.95020300001,28393.090404394243,64903.475107000006,123494.39133870012,300000.0,False,False
260,2,0,1,NORMAL,0.008738523451096053,0.008529816231025797,0.002758454811687813,3.1679052395820184,3534259229.270778,6465740770.729219,9763440.882889,4281379.686479,20225.219049,13879513.380805,0.0,5948723.69889,5948723.696897,841.912643,129852.491486,28662.087949434364,64926.245747,123515.30369106214,300000.0,False,False
261,2,0,1,NORMAL,0.008752922690730417,0.00854421019616803,0.0027716118456271584,3.158062231744363,3529065026.737589,6470934973.262409,9795594.745364,4295842.724723,20366.109861,13924977.834018,0.0,5968208.464565,5968208.462557,841.912643,129898.43776100001,28933.477638180506,64949.218887999996,123536.82862894142,300000.0,False,False
262,2,0,1,NORMAL,0.008767360693146676,0.008558607002424718,0.002784805881931051,3.148284320294231,3523877527.462402,6476122472.537596,9827761.044176,4310313.404843,20507.463323,13970458.511259,0.0,5987700.183392,5987700.181372,841.912643,129944.792124,29207.277771198118,64972.396067999995,123558.53339837836,300000.0,False,False
263,2,0,1,NORMAL,0.008781837801779015,0.008573008989479835,0.002798037049712194,3.138570950188924,3518696716.0861335,6481303283.913864,9859939.880488,4324791.771488,20649.279616,14015955.556447,0.0,6007198.917053,6007198.915022,841.912643,129991.557687,29483.50673239588,64995.778849,123580.42128694704,300000.0,False,False
264,2,0,1,NORMAL,0.008796354346818878,0.008587418367372677,0.0028113054788194633,3.128921567965885,3513522577.30619,6486477422.693808,9892131.356237,4339277.869642,20791.558921,14061469.114595,0.0,6026704.7277,6026704.725656,841.912643,130038.73757699999,29762.182988250748,65019.368794999995,123602.49533728357,300000.0,False,False
265,2,0,1,NORMAL,0.008810910647275953,0.00860183722414063,0.0028246112998479623,3.119335622480236,3508355095.8678126,6491644904.132185,9924335.57413,4353771.744634,20934.301422,14106999.33182,0.0,6046217.677947,6046217.675893,841.912643,130086.33493400003,30043.325087003814,65043.167471999994,123624.75838213429,300000.0,False,False
266,2,0,1,NORMAL,0.008825507012884376,0.00861626753309184,0.0028379546441504623,3.109812565565606,3503184717.0198455,6496815282.980152,9956552.637647,4368273.44213,21077.507304,14152630.546602,0.0,6065737.83089,6065737.828826,757.721379,130134.35291199999,30326.951657826063,65067.176461,123647.21307442624,300000.0,False,False
267,2,0,1,NORMAL,0.008840147213084666,0.00863071138341396,0.002851343408334872,3.100344626060716,3498030506.6841216,6501969493.315876,9988782.651054,4382783.008132,21221.176753,14198194.524737,0.0,6085265.2501,6085265.248026,757.721379,130182.79468000002,30613.081409954,65091.397345000005,123669.52514995205,300000.0,False,False
268,2,0,1,NORMAL,0.008854827592090518,0.008645170493651157,0.0028647622427093134,3.090946766917793,3492882909.882382,6507117090.117616,10021025.719394,4397300.488993,21365.309956,14243775.60693,0.0,6104799.999621,6104799.997535,757.721379,130231.663416,30901.733131794284,65115.83171399999,123692.41853979512,300000.0,False,False
269,2,0,1,NORMAL,0.008869548508441814,0.008659646494605393,0.002878218997853418,3.0816100217032627,3487741911.2436576,6512258088.75634,10053281.948501,4411825.931405,21509.907103,14289373.943738,0.0,6124342.143977,6124342.14188,757.721379,130280.96231700001,31192.9256899972,65140.481164000004,123715.50386547174,300000.0,False,False
270,2,0,1,NORMAL,0.008884310306802302,0.008674140934101968,0.0028917138084333474,3.0723338806531415,3482607495.4559655,6517392504.544032,10085551.444995,4426359.382408,21654.968385,14334989.68684,0.0,6143891.748175,6143891.746066,757.721379,130330.69458800001,31486.678028498238,65165.347299999994,123738.78426680474,300000.0,False,False
271,2,0,1,NORMAL,0.008899113320140062,0.008688655281588298,0.0029052468098953277,3.063117835575796,3477479647.2576823,6522520352.742315,10117834.316291,4440900.88939,21800.493994,14380622.989045,0.0,6163448.877701,6163448.87558,757.721379,130380.86345,31783.009167527638,65190.431731,123762.26266570554,300000.0,False,False
272,2,0,1,NORMAL,0.008913957871633767,0.008703190932558974,0.0029188181384766196,3.0539613805079724,3472358351.431249,6527641648.568748,10150130.670599,4455450.500083,21946.484124,14426274.00429,0.0,6183013.598529,6183013.596397,757.721379,130431.47213499999,32081.938202586967,65215.736073,123785.94179770723,300000.0,False,False
273,2,0,1,NORMAL,0.008928844276332691,0.008717749212802441,0.0029324279312148084,3.0448640122704616,3467235106.5769005,6532764893.423097,10182440.616924,4470008.262574,22092.93897,14472018.659784,0.0,6202585.977123,6202585.974978,681.949242,130482.523889,32383.48430339277,65241.26195100001,123809.82423949534,300000.0,False,False
274,2,0,1,NORMAL,0.008943775999770321,0.008732331586155207,0.0029460835366202603,3.035818872274952,3462126871.7900305,6537873128.209967,10214764.265078,4484574.225302,22239.85873,14517705.567472,0.0,6222166.080426,6222166.078272,681.949242,130534.021973,32687.66671278631,65267.010991,123833.60934423571,300000.0,False,False
275,2,0,1,NORMAL,0.008958749746401339,0.008746939209396893,0.0029597707146921857,3.026839106803259,3457025145.4703107,6542974854.529686,10247101.725673,4499148.437054,22387.243602,14563410.656845,0.0,6241753.975886,6241753.973716,681.949242,130585.96964999998,32994.504745609396,65292.984833,123857.9488963023,300000.0,False,False
276,2,0,1,NORMAL,0.00897376587669089,0.00876157318793199,0.0029734967718134816,3.0179168048055263,3451929912.2984977,6548070087.701499,10279453.110134,4513730.946977,22535.093787,14609134.086416,0.0,6261349.731424,6261349.729244,681.949242,130638.37020800001,33304.01778754533,65319.185109,123882.49258114079,300000.0,False,False
277,2,0,1,NORMAL,0.008988824738808724,0.008776234578311134,0.00298726184849674,3.009051497555231,3446841157.0102215,6553158842.989775,10311818.530694,4528321.804565,22683.409486,14654876.015841,0.0,6280953.415475,6280953.413282,681.949242,130691.22693899999,33616.225293925025,65345.613476000006,123907.24342285134,300000.0,False,False
278,2,0,1,NORMAL,0.009003926670409787,0.008790924390704596,0.0030010660860782233,3.000242717805681,3441758864.3866725,6558241135.613323,10344198.100402,4542921.059675,22832.190903,14700636.605941,0.0,6300565.096952,6300565.094753,681.949242,130744.54314800001,33931.146788497244,65372.271577,123932.20425151025,300000.0,False,False
279,2,0,1,NORMAL,0.00901907200060617,0.008805643591343407,0.0030149096267289275,2.991490000445403,3436683019.2501745,6563316980.749821,10376591.933119,4557528.76252,22981.438243,14746416.018691,0.0,6320184.845285,6320184.843073,681.949242,130798.322153,34248.80186216305,65399.161083,123957.37772868185,300000.0,False,False
280,2,0,1,NORMAL,0.009034261051147886,0.00882039310487918,0.0030287926134654297,2.982792882874614,3431606057.9791503,6568393942.020845,10409000.143527,4572144.963675,23131.151713,14792282.61216,0.0,6339812.730384,6339812.728163,613.754318,130852.56727900001,34569.2101716734,65426.283644,123982.7663755117,300000.0,False,False
281,2,0,1,NORMAL,0.009049497013065243,0.008835174002181506,0.0030427218831991696,2.9741453081970306,3426543064.026685,6573456935.97331,10441422.847132,4586769.71407,23281.331521,14838100.16081,0.0,6359448.822674,6359448.820441,613.754318,130907.28186799999,34892.39143829005,65453.64093999999,124008.09980993668,300000.0,False,False
282,2,0,1,NORMAL,0.009064776920170067,0.008849987093664639,0.0030566842338049286,2.9655588300288143,3421486473.5947676,6578513526.405228,10473860.160264,4601403.065001,23431.977878,14883937.025052,0.0,6379093.193069,6379093.190828,613.754318,130962.469266,35218.365446408534,65481.234637000016,124033.96489219565,300000.0,False,False
283,2,0,1,NORMAL,0.0090801011365462,0.00886483316094732,0.0030706864636643135,2.9570264642749384,3416436271.4216404,6583563728.578355,10506312.200078,4616045.068124,23583.090995,14929793.371544,0.0,6398745.913002,6398745.91075,613.754318,131018.13283899998,35547.15204214359,65509.06642499999,124060.04647406368,300000.0,False,False
284,2,0,1,NORMAL,0.009095470015057243,0.00887971295798667,0.0030847287194312643,2.9485477791817583,3411392442.2951574,6588607557.704838,10538779.084561,4630695.775459,23734.671086,14975669.368125,0.0,6418407.054402,6418407.052138,613.754318,131074.27595,35878.77113187567,65537.137981,124086.34748429319,300000.0,False,False
285,2,0,1,NORMAL,0.009110883899302704,0.008894627212265124,0.0030988111486275503,2.940122344447442,3406354971.0467844,6593645028.953211,10571260.932528,4645355.239391,23886.718366,15021565.183815,0.0,6438076.68971,6438076.687433,613.754318,131130.90198300002,36213.24268075885,65565.450998,124112.870673954,300000.0,False,False
286,2,0,1,NORMAL,0.009126343125130236,0.008909576625998358,0.003112933899656215,2.9317497317042704,3401323842.5450993,6598676157.454896,10603757.863634,4660023.512675,24039.233052,15067480.988828,0.0,6457754.891866,6457754.889579,613.754318,131188.014328,36550.5867111891,65594.007169,124139.61864407951,300000.0,False,False
287,2,0,1,NORMAL,0.009141848022053286,0.00892456187735674,0.0031270971218104386,2.923429514961977,3396292328.014226,6603707671.985769,10636269.998368,4674700.648427,24192.215362,15113478.32999,0.0,6477441.734333,6477441.732032,552.378887,131245.616382,36890.82330123263,65622.808198,124166.5938670121,300000.0,False,False
288,2,0,1,NORMAL,0.009157401532673918,0.00893958379060301,0.00314130717490297,2.9151563418680237,3391273841.1783013,6608726158.821693,10668797.458059,4689386.700135,24345.665517,15159434.629033,0.0,6497137.291072,6497137.288762,552.378887,131303.71155500002,37233.97258301404,65651.855782,124193.55320468641,300000.0,False,False
289,2,0,1,NORMAL,0.009173000992021967,0.008954642964888104,0.003155551826848288,2.9069403690269304,3386261653.1082263,6613738346.891768,10701340.364873,4704081.721656,24499.583739,15205411.435172,0.0,6516841.636572,6516841.634249,552.378887,131362.30326500002,37580.05474106329,65681.151639,124221.02508369257,300000.0,False,False
290,2,0,1,NORMAL,0.00918864676859741,0.008969739984482254,0.003169837402250481,2.898775426800684,3381255748.60614,6618744251.393854,10733898.841829,4718785.767215,24653.970253,15251408.923399,0.0,6536554.845816,6536554.843488,552.378887,131421.394937,37929.090010621774,65710.697471,124248.72601283083,300000.0,False,False
291,2,0,1,NORMAL,0.00920433922106058,0.00898487541910021,0.0031841640542033174,2.8906611168197234,3376256112.522139,6623743887.477856,10766473.01278,4733498.891411,24808.825283,15297427.269898,0.0,6556276.994325,6556276.991985,552.378887,131480.99000400002,38281.098675906076,65740.49500800001,124276.6588329249,300000.0,False,False
292,2,0,1,NORMAL,0.009220078699620136,0.009000049824295043,0.0031985319367160976,2.882597042031196,3371262729.7469034,6628737270.253092,10799063.002435,4748221.149212,24964.149058,15343466.652063,0.0,6576008.15812,6576008.155768,552.378887,131541.091908,38636.10106832994,65770.54595999999,124304.82622733219,300000.0,False,False
293,2,0,1,NORMAL,0.009235865547655842,0.009015263741931224,0.0032129412047227726,2.8745828072047632,3366275585.207571,6633724414.792424,10831668.93635,4762952.595959,25119.941806,15389527.248495,0.0,6595748.413745,6595748.41138,552.378887,131601.70410099998,38994.11756468318,65800.852057,124333.23074145064,300000.0,False,False
294,2,0,1,NORMAL,0.009251700102866604,0.009030517700701249,0.0032273920140914684,2.8666180192774062,3361288693.297542,6638711306.702454,10864290.94093,4777693.28737,25276.20376,15435664.476892,0.0,6615497.838262,6615497.835883,497.140999,131662.830038,39355.16858526762,65831.41502600002,124361.87480533445,300000.0,False,False
295,2,0,1,NORMAL,0.009267585083195798,0.009045812370539608,0.0032418902801076366,2.8586979454739896,3356313981.4174647,6643686018.582531,10896929.143437,4792443.279535,25432.935151,15481768.042505,0.0,6635256.509246,6635256.506859,497.140999,131724.473186,39719.27459198918,65862.23659700001,124390.5397981809,300000.0,False,False
296,2,0,1,NORMAL,0.00928351809881491,0.009061148223976724,0.003256424676741993,2.850831516269843,3351345463.829624,6648654536.170372,10929583.671982,4807202.62892,25590.136215,15527893.365456,0.0,6655024.504807,6655024.502408,497.140999,131786.63701200002,40086.456086406164,65893.318512,124419.70155482399,300000.0,False,False
297,2,0,1,NORMAL,0.009299499523580983,0.009076525727177,0.003271001087131822,2.8430132781567647,3346383125.4124885,6653616874.587507,10962254.655541,4821971.392364,25747.807188,15574040.629202,0.0,6674801.903564,6674801.901155,497.140999,131849.32499599998,40456.73360773267,65924.662503,124449.10507537426,300000.0,False,False
298,2,0,1,NORMAL,0.009315529722429926,0.009091945339773963,0.0032856196711139344,2.835242862808784,3341426951.0894294,6658573048.910566,10994942.223939,4836749.627089,25905.948309,15620210.018418,0.0,6694588.784664,6694588.782245,497.140999,131912.54062199997,40830.12773079733,65956.270316,124478.75312197152,300000.0,False,False
299,2,0,1,NORMAL,0.009331609052838101,0.00910740751481036,0.003300280589485752,2.82751990317652,3336476925.8240705,6663523074.175925,11027646.507865,4851537.390687,26064.559818,15666401.718996,0.0,6714385.227781,6714385.225349,497.140999,131976.287377,41206.659063956395,65988.14369500002,124508.64831280796,300000.0,False,False
300,2,0,1,NORMAL,0.0093477378660891,0.009122912698763828,0.003314984004013221,2.819844033869377,3331533034.614877,6668466965.3851185,11060367.638866,4866334.741136,26223.641958,15712615.918058,0.0,6734191.313102,6734191.310659,497.140999,132040.56875500001,41586.348246961184,66020.28438299999,124538.79314242133,300000.0,False,False
301,2,0,1,NORMAL,0.00936391650847205,0.00913846133164823,0.0033297300774435675,2.812214891502944,3326589953.379144,6673410046.6208515,11093105.749354,4881141.736784,26383.194973,15758902.518044,0.0,6754007.121347,6754007.118896,447.4269,132105.388256,41969.215948779056,66052.694132,124569.18999918486,300000.0,False,False
302,2,0,1,NORMAL,0.009380147494699398,0.00915405398732895,0.003344524311239012,2.804628288446924,3321658286.546918,6678341713.453077,11125860.9726,4895958.436364,26543.219109,15805162.280325,0.0,6773832.733766,6773832.731302,447.4269,132170.749387,42355.282865367895,66085.3747,124599.64232545695,300000.0,False,False
303,2,0,1,NORMAL,0.009396428686237204,0.00916969106467787,0.0033593562251528685,2.79709207850073,3316732709.92409,6683267290.075905,11158633.442742,4910784.898989,26703.714614,15851445.1098,0.0,6793668.232121,6793668.229647,447.4269,132236.65564999997,42744.56971740327,66118.32783,124630.57861920228,300000.0,False,False
304,2,0,1,NORMAL,0.009412760462891617,0.009185372961336822,0.003374231291322881,2.7896014381400946,3311813208.4795823,6688186791.520412,11191423.29478,4925621.184151,26864.681738,15897751.198494,0.0,6813513.698713,6813513.696227,447.4269,132303.11056,43137.09724795834,66151.555286,124661.76952044791,300000.0,False,False
305,2,0,1,NORMAL,0.009429143196378262,0.00920110007327498,0.0033891496766322526,2.782156026153398,3306899767.225896,6693100232.774099,11224230.664585,4940467.351717,27026.120733,15944080.739662,0.0,6833369.216369,6833369.213869,447.4269,132370.117634,43532.886220135624,66185.058824,124693.21771703537,300000.0,False,False
306,2,0,1,NORMAL,0.009445577251708784,0.00921687279446426,0.003404111548966711,2.774755502526322,3301992371.2142215,6698007628.785774,11257055.688889,4955323.461944,27188.031853,15990433.927795,0.0,6853234.868437,6853234.865923,447.4269,132437.680388,43931.95741465063,66218.840201,124724.92576497166,300000.0,False,False
307,4,0,1,NORMAL,0.0094620629883826,0.00923269151665254,0.00341911707722766,2.767399528785593,3300000000.0,6699999999.999996,11289898.505294,4970189.575465,27350.415354,16036810.958613,0.0,6873110.738794,6873110.736272,447.4269,132505.802342,44334.33162736664,66252.901175,124756.896107428,300000.0,False,False
308,4,0,1,NORMAL,0.009483312017352656,0.009248860581213839,0.003431218888627879,2.763831840860776,3300000000.0,6699999999.999996,11323022.332472,4985178.519792,27513.275277,16083632.588006,0.0,6893157.975966,6893157.973427,402.68421,133648.24773300003,44740.02966678073,66824.12387500002,124899.23144665033,300000.0,False,False
309,4,0,1,NORMAL,0.009501942891900483,0.00926518847222588,0.003441262619283636,2.7611792365554746,3300000000.0,6699999999.999996,11356166.643636,5000178.64244,27676.611918,16130437.14849,0.0,6913217.073331,6913217.070777,402.68421,133727.315683,45149.07235145992,66863.65784900001,125179.71862905507,300000.0,False,False
310,4,0,1,NORMAL,0.009518325977863461,0.0092815199242025,0.0034513126057172726,2.7578857858589445,3300000000.0,6699999999.999996,11389331.598867,5015190.013871,27840.425573,16177269.610451,0.0,6933288.128466,6933288.1259,402.68421,133807.03418,45561.48050742806,66903.51709599998,125425.64617308638,300000.0,False,False
311,4,0,1,NORMAL,0.009532782102112062,0.00929773038729344,0.0034613688967360607,2.7540497376922506,3300000000.0,6699999999.999996,11422517.359229,5030212.704986,28004.716541,16224130.202984,0.0,6953371.239564,6953371.236983,402.68421,133887.40724700002,45977.27496550217,66943.703631,125641.9029077977,300000.0,False,False
312,4,0,1,NORMAL,0.009545588552857604,0.009313721236684676,0.003471431541450303,2.7497556667557457,3300000000.0,6699999999.999996,11455724.086786,5045246.78712,28169.485124,16271019.1566,0.0,6973466.505415,6973466.502816,402.68421,133968.43891599998,46396.47655857849,66984.219467,125832.72374787922,300000.0,False,False
313,4,0,1,NORMAL,0.009556984528285326,0.009329415642594395,0.0034815005892690908,2.745076234581861,3300000000.0,6699999999.999996,11488951.944588,5060292.33205,28334.731626,16317936.703219,0.0,6993574.025407,6993574.022794,402.68421,134050.133208,46819.10611886785,67025.066611,126001.76889772038,300000.0,False,False
314,4,0,1,NORMAL,0.009567176031546927,0.009344755022526817,0.0034915760899036368,2.7400737618783984,3300000000.0,6699999999.999996,11522201.096682,5075349.411985,28500.456353,16364883.076171,0.0,7013693.899538,7013693.896914,402.68421,134132.49415499996,47245.184475079644,67066.247083,126152.1957733663,300000.0,False,False
315,4,0,1,NORMAL,0.009576340230094077,0.00935969600366019,0.0035016580933636366,2.7348016210501003,3300000000.0,6699999999.999996,11555471.7081,5090418.099571,28666.659614,16411898.77861,0.0,7033826.228417,7033826.225777,362.415789,134215.525778,47674.732449554744,67107.76289700001,126286.72361641943,300000.0,False,False
316,4,0,1,NORMAL,0.009584629310933249,0.00937420782993587,0.003511746649961515,2.7293054614399037,3300000000.0,6699999999.999996,11588763.944873,5105498.467893,28833.34172,16458903.509843,0.0,7053971.113243,7053971.110588,362.415789,134299.23210300002,48107.77085534642,67149.61605899998,126407.69103724182,300000.0,False,False
317,4,0,1,NORMAL,0.00959217387063293,0.009388270155142132,0.0035218418103084848,2.7236242816348226,3300000000.0,6699999999.999996,11622077.974018,5120590.590469,29000.502984,16505937.775841,0.0,7074128.655825,7074128.653156,362.415789,134383.617146,48544.32049324946,67191.80858000001,126517.10690431889,300000.0,False,False
318,4,0,1,NORMAL,0.009599085881887659,0.009401871169770875,0.0035319436253160607,2.7177913636797277,3300000000.0,6699999999.999996,11655413.963543,5135694.541256,29168.143722,16553001.815563,0.0,7094298.958577,7094298.955891,362.415789,134468.684931,48984.402148776964,67234.34247399999,126616.69509235467,300000.0,False,False
319,4,0,1,NORMAL,0.009605461279103795,0.00941500601553429,0.0035420521461957573,2.7118350839132264,3300000000.0,6699999999.999996,11688772.082446,5150810.394644,29336.264253,16600095.869374,0.0,7114482.124509,7114482.121807,362.415789,134554.43947,49428.03658908469,67277.21974300001,126707.9336409171,300000.0,False,False
320,4,0,1,NORMAL,0.009611382204769377,0.009427675447097845,0.003552167424458182,2.7057796146068247,3300000000.0,6699999999.999996,11722152.500712,5165938.22546,29504.864897,16647220.179041,0.0,7134678.257232,7134678.25452,362.415789,134640.88476999998,49875.24455984257,67320.44239,126792.0888841701,300000.0,False,False
321,4,0,1,NORMAL,0.009616918955608076,0.009439884705711409,0.003562289511913636,2.699645529495983,3300000000.0,6699999999.999996,11755555.389315,5181078.108965,29673.945977,16694374.987732,0.0,7154887.460964,7154887.458245,362.415789,134728.024839,50326.04678205344,67364.01242300001,126870.24510295577,300000.0,False,False
322,4,0,1,NORMAL,0.009622131664545076,0.009451642574023257,0.003572418460669697,2.6934503251730706,3300000000.0,6699999999.999996,11788980.92021,5196230.120856,29843.507819,16741596.781593,0.0,7175109.840526,7175109.837794,326.174211,134815.863677,50780.463948818324,67407.93184500001,126943.3302140266,300000.0,False,False
323,4,0,1,NORMAL,0.00962707175147374,0.009462960585471676,0.0035825543231336365,2.6872088691883405,3300000000.0,6699999999.999996,11822429.266341,5211394.337264,30013.550752,16788813.323438,0.0,7195345.501326,7195345.498583,326.174211,134904.405279,51238.51672204868,67452.20264500001,127012.137971995,300000.0,False,False
324,4,0,1,NORMAL,0.00963178317287879,0.009473852365304392,0.00359269715201,2.680933784660952,3300000000.0,6699999999.999996,11855900.601633,5226570.83475,30184.075105,16836061.102203,0.0,7215594.549384,7215594.546625,326.174211,134993.65363,51700.22572912479,67496.82682300001,127077.34711945338,300000.0,False,False
325,4,0,1,NORMAL,0.009636303496118208,0.009484333083421413,0.0036028470003012123,2.6746357797909748,3300000000.0,6699999999.999996,11889395.100994,5241759.690314,30355.081213,16883340.366649,0.0,7235857.0913,7235857.088529,326.174211,135083.612712,52165.611559500656,67541.80636199999,127139.53788200005,300000.0,False,False
326,4,0,1,NORMAL,0.009640664822404376,0.009494419002065477,0.0036130039213051516,2.6683239300005543,3300000000.0,6699999999.999996,11922912.940307,5256960.981381,30526.56941,16930651.366917,0.0,7256133.234285,7256133.231501,326.174211,135174.286493,52634.69476125488,67587.143253,127199.20614876035,300000.0,False,False
327,4,0,1,NORMAL,0.009644894578521187,0.009504127103772297,0.0036231679686169697,2.6620059191467247,3300000000.0,6699999999.999996,11956454.296436,5272174.785813,30698.540035,16977994.354545,0.0,7276423.086133,7276423.08334,326.174211,135265.67894299998,53107.49583758778,67632.839476,127256.77565573776,300000.0,False,False
328,4,0,1,NORMAL,0.009649016195678019,0.009513474787121053,0.0036333391961257577,2.655688245668557,3300000000.0,6699999999.999996,11990019.347215,5287401.181896,30870.993429,17025369.582443,0.0,7296726.755248,7296726.752438,326.174211,135357.794009,53584.03524326408,67678.89701300001,127312.60843647967,300000.0,False,False
329,4,0,1,NORMAL,0.009653049690755599,0.009522479619613604,0.0036435176580178787,2.6493763985233394,3300000000.0,6699999999.999996,12023608.271459,5302640.248351,31043.929935,17072809.922336,0.0,7317044.3506,7317044.347783,293.55679,135450.63564100003,54064.33338100179,67725.31782399998,127367.01378294986,300000.0,False,False
330,4,0,1,NORMAL,0.009657012164338967,0.009531159138628143,0.00365370340877,2.643075007445651,3300000000.0,6699999999.999996,12057221.248941,5317892.064325,31217.349899,17120250.395051,0.0,7337375.981772,7337375.978945,293.55679,135544.20776400002,54548.41059780647,67772.103887,127420.2559179739,300000.0,False,False
331,4,0,1,NORMAL,0.00966091822640987,0.009539530692678579,0.0036638965031542425,2.6367879709737436,3300000000.0,6699999999.999996,12090858.460409,5333156.709389,31391.25367,17167723.875056,0.0,7357721.758928,7357721.756088,293.55679,135638.514309,55036.287181251515,67819.257161,127472.56056927437,300000.0,False,False
332,4,0,1,NORMAL,0.009664780360478917,0.009547611316407634,0.0036740969962339395,2.6305185656191465,3300000000.0,6699999999.999996,12124520.087572,5348434.263545,31565.641599,17215230.620767,0.0,7378081.792811,7378081.789963,293.55679,135733.55918,55527.98335570378,67866.77959399999,127524.12058861028,300000.0,False,False
333,4,0,1,NORMAL,0.009668609235067776,0.009555417633740546,0.0036843049433636366,2.6242695389488273,3300000000.0,6699999999.999996,12158206.3131,5363724.807216,31740.514039,17262770.891959,0.0,7398456.194761,7398456.191902,293.55679,135829.346273,56023.51927849516,67914.673142,127575.1007583217,300000.0,False,False
334,4,0,1,NORMAL,0.009672413969570274,0.009562965784439239,0.003694520400187576,2.61804318879365,3300000000.0,6699999999.999996,12191917.320619,5379028.421252,31915.871347,17310344.949771,0.0,7418845.076691,7418845.073821,293.55679,135925.879473,56522.915036039485,67962.93974200002,127625.64190289465,300000.0,False,False
335,4,0,1,NORMAL,0.00967620236155534,0.009570271370059632,0.003704743422640303,2.6118414307513063,3300000000.0,6699999999.999996,12225653.294713,5394345.18692,32091.713883,17357953.056695,0.0,7439248.551096,7439248.548215,293.55679,136023.162647,57026.19063989544,68011.581329,127675.86439832763,300000.0,False,False
336,4,0,1,NORMAL,0.009679981080830164,0.009577349415915795,0.003714974066942727,2.605665855642539,3300000000.0,6699999999.999996,12259414.420911,5409675.185911,32268.042008,17405624.832248,0.0,7459666.731053,7459666.72816,264.201111,136121.19965,57533.3660227749,68060.59983100001,127725.87117253049,300000.0,False,False
337,4,0,1,NORMAL,0.009683755835076472,0.009584214346184228,0.003725212389604243,2.5995177783957844,3300000000.0,6699999999.999996,12293200.885694,5425018.50033,32444.856086,17453301.830255,0.0,7480099.73021,7480099.727303,264.201111,136219.994314,58044.461034497406,68109.997164,127775.75026695817,300000.0,False,False
338,4,0,1,NORMAL,0.00968753151131004,0.009590879969740732,0.003735458447419697,2.593398279668134,3300000000.0,6699999999.999996,12327012.876485,5440375.212702,32622.156485,17501013.672916,0.0,7500547.662787,7500547.659869,264.201111,136319.550465,58559.49543789026,68159.775238,127825.57702300943,300000.0,False,False
339,4,0,1,NORMAL,0.009691312296645748,0.009597359474702347,0.0037457122974657578,2.5873082412663178,3300000000.0,6699999999.999996,12360850.581637,5455745.405967,32799.943574,17548760.628078,0.0,7521010.643585,7521010.640649,264.201111,136419.871902,59078.48890463476,68209.93596,127875.41594929254,300000.0,False,False
340,4,0,1,NORMAL,0.009695101781089389,0.009603665429953124,0.0037559739971042426,2.5812483762038974,3300000000.0,6699999999.999996,12394714.190444,5471129.163481,32978.217726,17596542.96492,0.0,7541488.787954,7541488.785007,264.201111,136520.962411,59601.461011058775,68260.481211,127925.32231572388,300000.0,False,False
341,4,0,1,NORMAL,0.009698903045635334,0.009609809792255203,0.003766243603977879,2.5752192543762766,3300000000.0,6699999999.999996,12428603.893127,5486526.569007,33156.979316,17644360.953932,0.0,7561982.211823,7561982.208868,264.201111,136622.825754,60128.4312338754,68311.41288100001,127975.34351037993,300000.0,False,False
342,4,0,1,NORMAL,0.009702718737172182,0.009615803917733718,0.003776521176008485,2.5692213243266564,3300000000.0,6699999999.999996,12462519.880828,5501937.706718,33336.228722,17692214.866915,0.0,7582491.031687,7582491.028716,264.201111,136725.465678,60659.41894586843,68362.732847,128025.52020238641,300000.0,False,False
343,4,0,1,NORMAL,0.009706551132205832,0.009621658576731919,0.0037868067713972726,2.5632549317070823,3300000000.0,6699999999.999996,12496462.345611,5517362.661198,33515.966326,17740131.397091,0.0,7603015.36458,7603015.3616,237.781,136828.885907,61194.44341152444,68414.44295799999,128075.8873306728,300000.0,False,False
344,4,0,1,NORMAL,0.009710402191706083,0.009627383971246382,0.0037971004486227274,2.557320335106808,3300000000.0,6699999999.999996,12530431.480455,5532801.517429,33696.19251,17788057.978637,0.0,7623555.328113,7623555.325118,237.781,136933.090143,61733.52378261199,68466.545079,128126.47494511698,300000.0,False,False
345,4,0,1,NORMAL,0.009714273607290434,0.009632989754216966,0.0038074022664372725,2.551417719352371,3300000000.0,6699999999.999996,12564427.479243,5548254.360804,33876.907662,17836021.307356,0.0,7644111.040433,7644111.037426,237.781,137038.08206600003,62276.67909370822,68519.041039,128177.3089305203,300000.0,False,False
346,4,0,1,NORMAL,0.009718166841047609,0.009638485050141525,0.0038177122838672726,2.545547206926574,3300000000.0,6699999999.999996,12598450.536762,5563721.277111,34058.11217,17884021.660219,0.0,7664682.62024,7664682.617222,237.781,137143.865329,62823.92825767283,68571.93267000001,128228.41161623373,300000.0,False,False
347,4,0,1,NORMAL,0.009722083159231815,0.009643878476534447,0.003828030560211515,2.5397088676049204,3300000000.0,6699999999.999996,12632500.848698,5579202.352536,34239.806426,17932059.315466,0.0,7685270.186777,7685270.183756,237.781,137250.44356500002,63375.2900610704,68625.22178400001,128279.80230182843,300000.0,False,False
348,4,0,1,NORMAL,0.009726023661250164,0.009649178165870945,0.0038383571550354547,2.5339027267149468,3300000000.0,6699999999.999996,12666578.611617,5594697.673664,34421.990825,17980134.552596,0.0,7705873.859843,7705873.856809,237.781,137357.82037899998,63930.78315954067,68678.91019600001,128331.49770185996,300000.0,False,False
349,4,0,1,NORMAL,0.009729989303943217,0.00965439178768206,0.0038486921281754545,2.5281287720345413,3300000000.0,6699999999.999996,12700684.022979,5610207.327468,34604.665765,18028247.652366,0.0,7726493.759759,7726493.756709,237.781,137465.999356,64490.426073117844,68732.99968600001,128383.51232850217,300000.0,False,False
350,4,0,1,NORMAL,0.00973398092262302,0.009659526570581478,0.0038590355397339396,2.522386959746457,3300000000.0,6699999999.999996,12734817.281122,5625731.401312,34787.831647,18076422.674878,0.0,7747130.007376,7747130.004312,214.0029,137574.984044,65054.23718149892,68787.492029,128435.85881205049,300000.0,False,False
351,4,0,1,NORMAL,0.009737999248982599,0.009664589324026711,0.0038693874500742424,2.5166772194900657,3300000000.0,6699999999.999996,12768978.585245,5641269.982949,34971.488873,18124612.347162,0.0,7767782.724085,7767782.721004,214.0029,137684.77796900002,65622.23471926166,68842.38899299999,128488.54817862385,300000.0,False,False
352,4,0,1,NORMAL,0.009742044926099138,0.009669586459644287,0.0038797479198239395,2.5109994585785427,3300000000.0,6699999999.999996,12803168.135419,5656823.160515,35155.63785,18172840.731778,0.0,7788452.031785,7788452.028696,214.0029,137795.384624,66194.43677103269,68897.692316,128541.59008657032,300000.0,False,False
353,4,0,1,NORMAL,0.009746118521663663,0.009674524012032634,0.003890117009868788,2.505353565699659,3300000000.0,6699999999.999996,12837386.132567,5672391.022525,35340.278987,18221108.114393,0.0,7809138.052915,7809138.049816,214.0029,137906.80748,66770.86126660623,68953.403745,128594.99302450863,300000.0,False,False
354,4,0,1,NORMAL,0.009750220538709612,0.009679407658915019,0.003900494781351212,2.49973941391403,3300000000.0,6699999999.999996,12871632.778459,5687973.657876,35525.412697,18269414.78188,0.0,7829840.910416,7829840.907309,214.0029,138019.04996800004,67351.52597601405,69009.52498799999,128648.76448596036,300000.0,False,False
355,4,0,1,NORMAL,0.009754351425187237,0.009684242740610001,0.0039108812956690905,2.4941568633108875,3300000000.0,6699999999.999996,12905908.275708,5703571.155833,35711.039394,18317761.0223,0.0,7850560.727748,7850560.724631,214.0029,138132.11549400003,67936.44850454714,69066.05775200001,128702.91111096687,300000.0,False,False
356,4,0,1,NORMAL,0.00975851158184873,0.009689034278754437,0.00392127661447303,2.4886057631922887,3300000000.0,6699999999.999996,12940212.827761,5719183.606035,35897.159496,18366147.124895,0.0,7871297.628872,7871297.625741,214.0029,138246.007424,68525.64628772983,69123.00371899999,128757.43881247155,300000.0,False,False
357,4,0,1,NORMAL,0.009762701369091775,0.009693786994260073,0.003931680799661515,2.4830859539595034,3300000000.0,6699999999.999996,12974546.638883,5734811.098493,36083.773424,18414594.780367,0.0,7892051.738247,7892051.735101,192.60261,138360.729099,69119.13658624703,69180.36455700001,128812.35288040324,300000.0,False,False
358,4,0,1,NORMAL,0.009766921112744532,0.009698505324484878,0.0039420939133821215,2.477597268697487,3300000000.0,6699999999.999996,13008909.914161,5750453.723577,36270.881601,18463061.4797,0.0,7912823.18083,7912823.177669,192.60261,138476.28381700002,69716.93648082504,69238.14191600001,128867.65807201143,300000.0,False,False
359,4,0,1,NORMAL,0.009771171109039543,0.009703193439617439,0.003952516018026061,2.4721395345335995,3300000000.0,6699999999.999996,13043302.859486,5766111.572018,36458.484455,18511568.915893,0.0,7933612.082069,7933612.078893,192.60261,138592.674849,70319.06286706708,69296.33743200001,128923.35868822782,300000.0,False,False
360,4,0,1,NORMAL,0.00977545162874827,0.009707855258271041,0.003962947176226667,2.466712573760824,3300000000.0,6699999999.999996,13077725.681548,5781784.734905,36646.582415,18560117.382785,0.0,7954418.567895,7954418.564702,192.60261,138709.90541900002,70925.53245024389,69354.952718,128979.45863932197,300000.0,False,False
361,4,0,1,NORMAL,0.009779762920748511,0.009712494462301846,0.003973387450856667,2.4613162048015185,3300000000.0,6699999999.999996,13112178.587827,5797473.303678,36835.175914,18608707.175334,0.0,7975242.764714,7975242.761506,192.60261,138827.97872100002,71536.3617400404,69413.98936799998,129035.96149947717,300000.0,False,False
362,4,0,1,NORMAL,0.009784105215097217,0.00971711451086929,0.003983836905024546,2.4559502430325857,3300000000.0,6699999999.999996,13146661.786581,5813177.370127,37024.265387,18657338.589598,0.0,7996084.79941,7996084.796189,192.60261,138946.89790699998,72151.56704525936,69473.44896000001,129092.87055388035,300000.0,False,False
363,4,0,1,NORMAL,0.00978847872559054,0.009721718653754534,0.003994295602071515,2.450614501469059,3300000000.0,6699999999.999996,13181175.486836,5828897.026386,37213.851274,18706011.922726,0.0,8016944.799333,8016944.796098,192.60261,139066.666088,72771.16446848263,69533.33305100002,129150.18883928328,300000.0,False,False
364,4,0,1,NORMAL,0.009792883651955488,0.009726309943961047,0.00400476360557,2.445308791344168,3300000000.0,6699999999.999996,13215719.898381,5844632.364929,37403.934016,18754746.733202,0.0,8037822.892296,8037822.889044,173.342349,139187.286339,73395.1699006912,69593.64317800001,129207.91917779515,300000.0,False,False
365,4,0,1,NORMAL,0.009797320181636334,0.009730891249617518,0.004015240979318182,2.4400329225818953,3300000000.0,6699999999.999996,13250295.23175,5860383.478567,37594.514057,18803504.799788,0.0,8058719.206561,8058719.203295,173.342349,139308.76168799997,74023.59901584474,69654.38085099998,129266.06420581244,300000.0,False,True
366,4,0,1,NORMAL,0.009801788491452934,0.009735465265219803,0.004025727787340303,2.4347867042268967,3300000000.0,6699999999.999996,13284901.698223,5876150.46044,37785.591846,18852305.683077,0.0,8079633.870837,8079633.86756,173.342349,139431.09511899998,74656.46726542187,69715.54756500002,129324.62639759961,300000.0,False,True
367,4,0,1,NORMAL,0.00980628874897844,0.00974003452223649,0.004036224093879394,2.4295699448028367,3300000000.0,6699999999.999996,13319539.509802,5891933.404016,37977.167833,18901149.684427,0.0,8100567.014284,8100567.010992,173.342349,139554.289579,75293.78987292197,69777.14479699999,129383.60808717874,300000.0,False,True
368,4,0,1,NORMAL,0.009810821113483479,0.009744601399091134,0.004046729963396061,2.42438245255439,3300000000.0,6699999999.999996,13354208.879207,5907732.403087,38169.242473,18950037.106212,0.0,8121518.766485,8121518.763184,173.342349,139678.34796299998,75935.58182832964,69839.173986,129443.0114865154,300000.0,False,True
369,4,0,1,NORMAL,0.009815385737151974,0.00974916813057893,0.004057245460565455,2.419224035753561,3300000000.0,6699999999.999996,13388910.019866,5923547.551759,38361.816222,18998968.251803,0.0,8142489.257463,8142489.254151,173.342349,139803.27312700002,76581.85788254309,69901.636569,129502.83869798193,300000.0,False,True
370,4,0,1,NORMAL,0.0098199827656238,0.009753736816710858,0.0040677706502724245,2.414094502836865,3300000000.0,6699999999.999996,13423643.145899,5939378.944455,38554.88954,19047943.425555,0.0,8163478.617649,8163478.614329,173.342349,139929.06786799998,77232.63254176735,69964.533938,129563.09173040606,300000.0,False,True
371,4,0,1,NORMAL,0.009824612338869039,0.009758309431043643,0.004078305597608485,2.4089936626206194,3300000000.0,6699999999.999996,13458408.472108,5955226.675903,38748.462891,19096980.267018,0.0,8184486.977896,8184486.974568,156.008115,140055.734944,77887.92006187371,70027.867476,129623.77250623418,300000.0,False,True
372,4,0,1,NORMAL,0.009829274591725825,0.009762887828507011,0.004088850367868787,2.403921324430635,3300000000.0,6699999999.999996,13493206.213967,5971090.841132,38942.53674,19146044.413988,0.0,8205514.469465,8205514.466123,156.008115,140183.277064,78547.73444272636,70091.63853900002,129684.88287307131,300000.0,False,True
373,4,0,1,NORMAL,0.009833969654277788,0.009767473752750286,0.00409940502654697,2.3988772981920214,3300000000.0,6699999999.999996,13528036.587605,5986971.53547,39137.111557,19195153.507893,0.0,8226561.224009,8226561.220651,156.008115,140311.69688200002,79212.0894224779,70155.84844899998,129746.4246107809,300000.0,False,True
374,4,0,1,NORMAL,0.009838697652312859,0.009772068843044646,0.0041099696393333334,2.393861394535451,3300000000.0,6699999999.999996,13562899.8098,6002868.854537,39332.187815,19244307.85684,0.0,8247627.373568,8247627.370198,156.008115,140440.99700000003,79880.99847183452,70220.49850599999,129808.3994364668,300000.0,False,True
375,4,0,1,NORMAL,0.009843458707759576,0.009776674640768191,0.004120544272109091,2.388873424898606,3300000000.0,6699999999.999996,13597796.09796,6018782.894239,39527.765989,19293507.769827,0.0,8268713.050573,8268713.047192,156.008115,140571.17997299996,80554.4747882926,70285.58999200001,129870.80901052975,300000.0,False,True
376,4,0,1,NORMAL,0.009848252938851627,0.009781292595483252,0.004131128990943637,2.3839132015585114,3300000000.0,6699999999.999996,13632725.670114,6034713.750761,39723.846558,19342753.556727,0.0,8289818.387826,8289818.384433,156.008115,140702.24829399996,81232.53129034802,70351.12415300001,129933.6549424264,300000.0,False,True
377,4,0,1,NORMAL,0.009853080460394095,0.009785924070638791,0.00414172386209,2.3789805376889674,3300000000.0,6699999999.999996,13667688.744897,6050661.520564,39920.430003,19392045.528267,0.0,8310943.518496,8310943.515091,156.008115,140834.20440800002,81915.18061167945,70417.10221,129996.93879284148,300000.0,False,True
378,4,0,1,NORMAL,0.009857941383943965,0.009790570348916545,0.004152328951978788,2.374075247397289,3300000000.0,6699999999.999996,13702685.54153,6066626.300381,40117.51681,19441399.59682,0.0,8332088.576109,8332088.572694,140.407304,140967.05069999996,82602.4350953073,70483.525355,130060.66207720205,300000.0,False,True
379,4,0,1,NORMAL,0.009862835817998086,0.009795232637244387,0.004162944327217879,2.3691971457589682,3300000000.0,6699999999.999996,13737716.279819,6082608.187202,40315.107467,19490784.873142,0.0,8353253.694541,8353253.691116,140.407304,141100.789498,83294.30678772982,70550.39475400001,130124.82626806035,300000.0,False,True
380,4,0,1,NORMAL,0.009867763868118471,0.009799912071494329,0.004173570054584546,2.364346048841092,3300000000.0,6699999999.999996,13772781.180129,6098607.27828,40513.202465,19540217.271214,0.0,8374439.008013,8374439.004573,140.407304,141235.42307300004,83990.80743303776,70617.71154399999,130189.43279757474,300000.0,False,True
381,4,0,1,NORMAL,0.009872725636935177,0.00980460972087761,0.004184206201023334,2.359521773692845,3300000000.0,6699999999.999996,13807880.463377,6114623.671115,40711.802299,19589697.104983,0.0,8395644.651068,8395644.647615,140.407304,141370.95363499998,84691.94846700935,70685.47682400001,130254.48305916383,300000.0,False,True
382,4,0,1,NORMAL,0.009877721224367461,0.009809326592070506,0.004194852833640302,2.3547241383902264,3300000000.0,6699999999.999996,13843014.351013,6130657.463453,40910.907466,19639224.689147,0.0,8416870.758578,8416870.755112,140.407304,141507.38333499996,85397.74101118723,70753.691674,130319.97840754435,300000.0,False,True
383,4,0,1,NORMAL,0.00988275072755829,0.009814063633069718,0.004205510019698485,2.3499529620112134,3300000000.0,6699999999.999996,13878183.065005,6146708.753278,41110.518468,19688800.339136,0.0,8438117.465722,8438117.462248,140.407304,141644.714258,86108.1958669389,70822.35713300001,130385.9201616505,300000.0,False,True
384,4,0,1,NORMAL,0.009887814241083683,0.009818821736812554,0.004216177826614242,2.34520806467596,3300000000.0,6699999999.999996,13913386.827827,6162777.638804,41310.635808,19738424.371085,0.0,8459384.907995,8459384.90451,140.407304,141782.94843299995,86823.32350950252,70891.47422199999,130452.30960376943,300000.0,False,True
385,4,0,1,NORMAL,0.00989291185679613,0.00982360174455343,0.00422685632195,2.3404892675018054,3300000000.0,6699999999.999996,13948625.862435,6178864.218472,41511.259994,19788111.142546,0.0,8480673.221179,8480673.217678,126.366574,141922.08781400003,87543.1340820199,70961.043915,130519.14798230461,300000.0,False,True
386,4,0,1,NORMAL,0.009898043663933648,0.009828404449029575,0.004237545573414242,2.335796392617596,3300000000.0,6699999999.999996,13983900.392267,6194968.590937,41712.391536,19837832.889549,0.0,8501982.541336,8501982.53782,126.366574,142062.134305,88267.63738955835,71031.06716,130586.43650970892,300000.0,False,True
387,4,0,1,NORMAL,0.009903209749120036,0.009833230597422509,0.004248245648851213,2.331129263157842,3300000000.0,6699999999.999996,14019210.641209,6211090.855068,41914.030949,19887603.97095,0.0,8523313.004806,8523313.001276,126.366574,142203.089728,88996.84289312325,71101.544871,130654.17636392417,300000.0,False,True
388,4,0,1,NORMAL,0.009908410196399615,0.00983808089413071,0.0042589566162381815,2.326487703260861,3300000000.0,6699999999.999996,14054556.833586,6227231.109942,42116.178749,19937424.705494,0.0,8544664.748193,8544664.744649,126.366574,142344.95584799995,89730.75970366341,71172.477931,130722.3686883845,300000.0,False,True
389,4,0,1,NORMAL,0.00991364508717417,0.009842956003359321,0.004269678543681212,2.321871538044845,3300000000.0,6699999999.999996,14089939.194148,6243389.454825,42318.835456,19987295.412515,0.0,8566037.908356,8566037.904798,126.366574,142487.73435400001,90469.396576071,71243.86718399999,130791.01459247491,300000.0,False,True
390,4,0,1,NORMAL,0.009918914500264862,0.009847856551546776,0.004280411499408787,2.317280593614625,3300000000.0,6699999999.999996,14125357.948049,6259565.989175,42522.001594,20037216.411916,0.0,8587432.6224,8587432.618824,126.366574,142631.42687199995,91212.76190317818,71315.71344499999,130860.11515069904,300000.0,False,True
391,4,0,1,NORMAL,0.009924218511756441,0.009852783129624818,0.004291155551766667,2.3127146970169017,3300000000.0,6699999999.999996,14160813.32083,6275760.812635,42725.677689,20087188.024146,0.0,8608849.027652,8608849.024064,126.366574,142776.03495200002,91960.86370975213,71388.01748199998,130929.67140349618,300000.0,False,True
392,4,0,1,NORMAL,0.00992955719520042,0.009857736295145825,0.004301910769212425,2.308173676279734,3300000000.0,6699999999.999996,14196305.538401,6291974.025019,42929.864271,20137223.206822,0.0,8630287.261678,8630287.25807,113.729917,142921.56007000004,92713.70964649112,71460.78004500002,130999.68435518503,300000.0,False,True
393,4,0,1,NORMAL,0.009934930621289558,0.009862716574251872,0.004312677220311212,2.3036573603281703,3300000000.0,6699999999.999996,14231834.827027,6308205.726311,43134.561874,20187297.008091,0.0,8651747.462232,8651747.458613,113.729917,143068.00363499997,93471.30698402318,71534.001823,131070.15497664554,300000.0,False,True
394,4,0,1,NORMAL,0.009940338858160515,0.009867724463536301,0.004323454973728788,2.299165579047864,3300000000.0,6699999999.999996,14267401.413305,6324456.016651,43339.771034,20237422.386531,0.0,8673229.767286,8673229.763657,113.729917,143215.36697799998,94233.66260690973,71607.68349399998,131141.08420102217,300000.0,False,True
395,4,0,1,NORMAL,0.009945781971152342,0.009872760431769594,0.004334244098226364,2.294698163221195,3300000000.0,6699999999.999996,14303005.524147,6340724.99633,43545.492291,20287599.664502,0.0,8694734.314997,8694734.311357,113.729917,143363.651353,95000.7830076565,71681.825682,131212.4729277188,300000.0,False,True
396,4,0,1,NORMAL,0.009951260022809908,0.009877824921514131,0.004345044662654545,2.290254944521174,3300000000.0,6699999999.999996,14338647.38676,6357012.765782,43751.726187,20337829.164774,0.0,8716261.2437,8716261.240044,113.729917,143512.857934,95772.67428073376,71756.42897499999,131284.3220192109,300000.0,False,True
397,4,0,1,NORMAL,0.009956773072828629,0.009882918350631195,0.004355856735949091,2.285835755490972,3300000000.0,6699999999.999996,14374327.228632,6373319.425578,43958.473269,20388111.21051,0.0,8737810.691884,8737810.688214,113.729917,143662.987826,96549.34211660821,71831.49392000001,131356.6323010908,300000.0,False,True
398,4,0,1,NORMAL,0.009962321178088662,0.009888041113692967,0.00436668038712303,2.2814404295461377,3300000000.0,6699999999.999996,14410045.277506,6389645.076414,44165.734087,20438446.125225,0.0,8759382.798199,8759382.794519,113.729917,143814.04205000002,97330.79179578897,71907.02102999997,131429.4045613379,300000.0,False,True
399,4,0,1,NORMAL,0.009967904392637344,0.009893193583302281,0.004377515685260909,2.2770688009638134,3300000000.0,6699999999.999996,14445801.761361,6405989.819104,44373.509193,20488845.605753,0.0,8780977.701442,8780977.697748,102.356926,143966.021546,98117.02818288958,71983.01078,131502.63955077034,300000.0,False,True
400,4,0,1,NORMAL,0.00997352276749969,0.009898376111315017,0.00438836269951394,2.2727207048324356,3300000000.0,6699999999.999996,14481596.908396,6422353.75457,44581.799144,20539287.230256,0.0,8802595.540531,8802595.536821,102.356926,144118.927168,98908.0557207091,72059.46359200001,131576.33798281295,300000.0,False,True
401,4,0,1,NORMAL,0.009979176350749939,0.009903589029988237,0.004399221499093939,2.2683959770621334,3300000000.0,6699999999.999996,14517430.94701,6438736.983841,44790.604499,20589782.696146,0.0,8824236.454496,8824236.450772,102.356926,144272.75969599996,99703.87842433424,72136.379855,131650.50053099592,300000.0,False,True
402,4,0,1,NORMAL,0.009984865187525626,0.009908832653055167,0.004410092153265758,2.264094454382692,3300000000.0,6699999999.999996,14553304.105777,6455139.608029,44999.92582,20640332.32808,0.0,8845900.582483,8845900.578742,102.356926,144427.51982500002,100504.49987526468,72213.759921,131725.1278298992,300000.0,False,True
403,4,0,1,NORMAL,0.009990589319829728,0.009914107276718043,0.004420974731341515,2.2598159742926534,3300000000.0,6699999999.999996,14589216.613427,6471561.728337,45209.763673,20690936.45093,0.0,8867588.06372,8867588.05996,102.356926,144583.208155,101309.9232155652,72291.604087,131800.22047533825,300000.0,False,True
404,4,0,1,NORMAL,0.00999634878657223,0.009919413180579604,0.0044318693026748485,2.25556037506317,3300000000.0,6699999999.999996,14625168.698827,6488003.446038,45420.118628,20741595.389751,0.0,8889299.037512,8889299.033738,102.356926,144739.825212,102120.15114204588,72369.91261300001,131875.77902175242,300000.0,False,True
405,4,0,1,NORMAL,0.010002143623593621,0.009924750628515992,0.004442775936654242,2.2513274957381753,3300000000.0,6699999999.999996,14661160.590959,6504464.862469,45630.991257,20792309.469749,0.0,8911033.643235,8911033.639451,102.356926,144897.371432,102935.18590047366,72448.685721,131951.80398275342,300000.0,False,True
406,4,0,1,NORMAL,0.010007973863556348,0.009930119869486338,0.004453694702694545,2.247117176105805,3300000000.0,6699999999.999996,14697192.518892,6520946.079028,45842.382136,20843089.251942,0.0,8932792.020318,8932792.016522,92.121234,145055.84715599997,103755.0292798178,72527.923584,132028.2958314358,300000.0,False,True
407,4,0,1,NORMAL,0.010013839535864166,0.009935521138284907,0.004464625670233939,2.2429292566737082,3300000000.0,6699999999.999996,14733264.711772,6537447.197153,46054.291845,20893914.590364,0.0,8954574.308223,8954574.304417,92.121234,145215.25264400002,104579.68260653164,72607.62632699999,132105.2549989438,300000.0,False,True
408,4,0,1,NORMAL,0.010019740666698623,0.009940954656247083,0.004475568908724243,2.2387635786742344,3300000000.0,6699999999.999996,14769377.39879,6553968.318324,46266.720965,20944796.046183,0.0,8976380.64644,8976380.642623,92.121234,145375.588061,105409.14673887358,72687.794036,132182.68187340698,300000.0,False,True
409,4,0,1,NORMAL,0.010025677278921317,0.009946420631903485,0.004486524487624849,2.234619984037773,3300000000.0,6699999999.999996,14805530.809162,6570509.544047,46479.670082,20995733.944899,0.0,8998211.174471,8998211.170641,92.121234,145536.85348099997,106243.42206126958,72768.42674700002,132260.5768004218,300000.0,False,True
410,4,0,1,NORMAL,0.010031649392025848,0.0099519192615888,0.004497492476396364,2.2304983153776727,3300000000.0,6699999999.999996,14841725.172108,6587070.975843,46693.139786,21046728.612005,0.0,9020066.031814,9020066.02797,92.121234,145699.048884,107082.50847872069,72849.52444900002,132338.94008176136,300000.0,False,True
411,4,0,1,NORMAL,0.010037657022120254,0.009957450730010184,0.004508472944494545,2.2263984159819765,3300000000.0,6699999999.999996,14877960.716832,6603652.715244,46907.130669,21097780.37296,0.0,9041945.357945,9041945.35409,92.121234,145862.17416099997,107926.40541125728,72931.08708600001,132417.7719747412,300000.0,False,True
412,4,0,1,NORMAL,0.010043700181935403,0.009963015210779554,0.004519465961360303,2.2223201298129425,3300000000.0,6699999999.999996,14914237.672489,6620254.863776,47121.643326,21148889.553143,0.0,9063849.292321,9063849.288453,92.121234,146026.229105,108775.11178844374,73013.11455899998,132497.07269198736,300000.0,False,True
413,4,0,1,NORMAL,0.010049778880667892,0.009968612866901382,0.004530471596416061,2.218263301466896,3300000000.0,6699999999.999996,14950556.268173,6636877.522956,47336.678356,21200065.689957,0.0,9085777.974342,9085777.970462,82.909111,146191.213412,109628.62604393584,73095.606712,132576.84240154733,300000.0,False,True
414,4,0,1,NORMAL,0.010055893124010697,0.009974243851231015,0.004541489919055757,2.214227776179115,3300000000.0,6699999999.999996,14986916.732884,6653520.794276,47552.236362,21251290.684291,0.0,9107731.543354,9107731.539461,82.909111,146357.12667899998,110486.94611009391,73178.56334600001,132657.08122481618,300000.0,False,True
415,4,0,1,NORMAL,0.010062042914120385,0.009979908306901299,0.004552520998639091,2.210213399812606,3300000000.0,6699999999.999996,15023319.295509,6670184.779199,47768.317949,21302574.073233,0.0,9129710.138626,9129710.134719,82.909111,146523.968414,111350.06941265443,73261.98421399998,132737.7892369412,300000.0,False,True
416,4,0,1,NORMAL,0.010068228249530421,0.00998560636771608,0.004563564904483636,2.206220018836268,3300000000.0,6699999999.999996,15059764.184796,6686869.579141,47984.923725,21353916.181535,0.0,9151713.89934,9151713.895419,82.909111,146691.738018,112217.99286546325,73345.869016,132818.9664663891,300000.0,False,True
417,4,0,1,NORMAL,0.010074449125136189,0.009991338158517379,0.004574621705857879,2.2022474803185776,3300000000.0,6699999999.999996,15096251.629331,6703575.295465,48202.054303,21405317.333708,0.0,9173742.964571,9173742.960636,82.909111,146860.434794,113090.7128652731,73430.21740400001,132900.61289380156,300000.0,False,True
418,4,0,1,NORMAL,0.010080705532158622,0.009997103795526492,0.004585691471972728,2.1982956319174223,3300000000.0,6699999999.999996,15132781.85751,6720302.029473,48419.710298,21456777.853984,0.0,9195797.473275,9195797.469324,82.909111,147030.057944,113968.22528660811,73515.02898,132982.7284517977,300000.0,False,True
419,4,0,1,NORMAL,0.0100869974580779,0.010002903386658843,0.004596774271976364,2.194364321861956,3300000000.0,6699999999.999996,15169355.097522,6737049.882387,48637.892329,21508298.066281,0.0,9217877.564271,9217877.560305,82.909111,147200.606571,114850.52547669905,73600.303293,133065.3130244938,300000.0,False,True
420,4,0,1,NORMAL,0.010093324886600589,0.010008737031816376,0.004607870174942727,2.1904533989450004,3300000000.0,6699999999.999996,15205971.577311,6753818.955349,48856.601018,21559886.585076,0.0,9239983.376228,9239983.372253,74.6182,147372.07967300003,115737.60825049119,73686.03984099998,133148.3664466283,300000.0,False,True
421,4,0,1,NORMAL,0.010099687797678706,0.010014604823162333,0.004618979249867272,2.1865627125233185,3300000000.0,6699999999.999996,15242631.524562,6770609.349396,49075.83699,21611527.151722,0.0,9262115.047657,9262115.043672,74.6182,147544.47613999996,116629.46788572862,73772.23807499999,133231.88850312776,300000.0,False,True
422,4,0,1,NORMAL,0.010106086167396132,0.010020506845370966,0.004630101565656667,2.1826921124921004,3300000000.0,6699999999.999996,15279335.166667,6787421.165465,49295.600873,21663228.379885,0.0,9284272.716882,9284272.712883,74.6182,147717.79476200003,117526.09811811765,73858.897388,133315.8789293589,300000.0,False,True
423,4,0,1,NORMAL,0.010112519967942867,0.010026443175859476,0.004641237191123939,2.1788414492761534,3300000000.0,6699999999.999996,15316082.730709,6804254.504369,49515.893299,21714990.59186,0.0,9306456.522028,9306456.518013,74.6182,147892.03422599996,118427.4921365723,73946.017121,133400.33740962893,300000.0,False,True
424,4,0,1,NORMAL,0.01011898916752224,0.01003241388499901,0.004652386194978182,2.17501057380936,3300000000.0,6699999999.999996,15352874.443428,6821109.466795,49736.714903,21766814.109446,0.0,9328666.600999,9328666.596977,74.6182,148067.19310700003,119333.64257854481,74033.596557,133485.26357684584,300000.0,False,True
425,4,0,1,NORMAL,0.010125493730531801,0.010038419036323706,0.004663548645815455,2.1711993375725336,3300000000.0,6699999999.999996,15389710.531191,6837986.153287,49958.066324,21818699.2539,0.0,9350903.091488,9350903.087455,74.6182,148243.26987500003,120244.54152544444,74121.63494299997,133570.65701129357,300000.0,False,True
426,4,0,1,NORMAL,0.01013203361724403,0.010044458686705664,0.004674724612113939,2.167407592521747,3300000000.0,6699999999.999996,15426591.219976,6854884.664233,50179.948202,21870646.345906,0.0,9373166.130932,9373166.126884,74.6182,148420.262885,121160.18049814756,74210.13145,133656.51724301977,300000.0,False,True
427,4,0,1,NORMAL,0.010138608783913742,0.01005053288652554,0.004685914162224848,2.1636351911107097,3300000000.0,6699999999.999996,15463516.735342,6871805.09986,50402.361183,21922663.167362,0.0,9395455.856501,9395455.852441,67.15638,148598.17039800002,122080.55045260147,74299.08520499998,133742.8437476212,300000.0,False,True
428,4,0,1,NORMAL,0.010145219182786179,0.01005664167983268,0.004697117364362121,2.159881986292229,3300000000.0,6699999999.999996,15500487.302395,6888747.56022,50625.305915,21974735.114051,0.0,9417772.405096,9417772.401021,67.15638,148776.99055299995,123005.64177552595,74388.49528399999,133829.6359476614,300000.0,False,True
429,4,0,1,NORMAL,0.010151864761914361,0.01006278510448311,0.004708334286597576,2.1561478314766154,3300000000.0,6699999999.999996,15537503.145772,6905712.145173,50848.783049,22026869.966527,0.0,9440115.913316,9440115.909224,67.15638,148956.721375,123935.4442802149,74478.36069599999,133916.89321277756,300000.0,False,True
430,4,0,1,NORMAL,0.01015854546520546,0.01006896319227165,0.00471956499685,2.152432580541983,3300000000.0,6699999999.999996,15574564.489605,6922698.954386,51072.793239,22079068.042802,0.0,9462486.517441,9462486.51334,67.15638,149137.360791,124869.94720244118,74568.6804,134004.61485726957,300000.0,False,True
431,4,0,1,NORMAL,0.010165261232471804,0.010075175969058757,0.0047308095628772725,2.148736087843981,3300000000.0,6699999999.999996,15611671.557495,6939708.087309,51297.337143,22131329.660111,0.0,9484884.353438,9484884.349328,67.15638,149318.906603,125809.13919646788,74659.45330600001,134092.8001407121,300000.0,False,True
432,4,0,1,NORMAL,0.01017201199928421,0.010081423454879754,0.004742068052267879,2.1450582081839755,3300000000.0,6699999999.999996,15648824.572484,6956739.643172,51522.415421,22183655.134886,0.0,9507309.556922,9507309.552799,67.15638,149501.356505,126753.00833116891,74750.67825900004,134181.4482686278,300000.0,False,True
433,4,0,1,NORMAL,0.010178797696954366,0.010087705664045859,0.004753340532433939,2.1413987968041357,3300000000.0,6699999999.999996,15686023.757032,6973793.720969,51748.028738,22236044.782712,0.0,9529762.263144,9529762.259007,67.15638,149684.708082,127701.54208626202,74842.354048,134270.5583905516,300000.0,False,True
434,4,0,1,NORMAL,0.010185618252472254,0.010094022605234659,0.004764627070601818,2.137757709374243,3300000000.0,6699999999.999996,15723269.332986,6990870.419445,51974.177761,22288505.633925,0.0,9552242.606971,9552242.602823,60.440742,149868.95879299997,128654.7273486571,74934.47940200001,134360.12959979763,300000.0,False,True
435,4,0,1,NORMAL,0.01019247358858372,0.01010037428157976,0.004775927733802424,2.1341348020081607,3300000000.0,6699999999.999996,15760561.521548,7007969.837088,52200.863161,22341024.571018,0.0,9574750.722879,9574750.718719,60.440742,150054.10598999998,129612.550408923,75027.053001,134450.16093263376,300000.0,False,True
436,4,0,1,NORMAL,0.010199363623653887,0.010106760690745833,0.004787242588864243,2.1305299312340993,3300000000.0,6699999999.999996,15797900.543252,7025092.072114,52428.085611,22393608.622433,0.0,9597286.744923,9597286.740752,60.440742,150240.14690700005,130574.9969578755,75120.07345899998,134540.6513693051,300000.0,False,True
437,4,0,1,NORMAL,0.010206288271729808,0.010113181825002865,0.0047985717024039394,2.1269429540079114,3300000000.0,6699999999.999996,15835286.617933,7042237.222456,52655.845788,22446258.099964,0.0,9619850.806731,9619850.802547,60.440742,150427.07866499998,131542.0520832899,75213.53933900001,134631.59983223132,300000.0,False,True
438,4,0,1,NORMAL,0.010213247442379073,0.010119637671285202,0.004809915140817576,2.1233737276793314,3300000000.0,6699999999.999996,15872719.964698,7059405.385746,52884.144371,22498973.314352,0.0,9642443.041478,9642443.037283,60.440742,150614.89825900007,132513.7002667406,75307.44913499999,134723.00518683347,300000.0,False,True
439,4,0,1,NORMAL,0.010220241040803222,0.010126128211254106,0.004821272970272121,2.1198221100155576,3300000000.0,6699999999.999996,15910200.801898,7076596.659314,53112.982044,22551754.575251,0.0,9665063.581872,9665063.577665,60.440742,150803.60257400002,133489.92538057122,75401.801293,134814.86623940375,300000.0,False,True
440,4,0,1,NORMAL,0.010227268967730938,0.010132653421349386,0.004832645256694546,2.1162879591799855,3300000000.0,6699999999.999996,15947729.347092,7093811.140166,53342.359493,22604602.191177,0.0,9687712.56014,9687712.555917,60.440742,150993.188372,134470.71068499755,75496.594194,134907.18173860252,300000.0,False,True
441,4,0,1,NORMAL,0.010234331119375224,0.010139213272834924,0.004844032065767879,2.1127711337214015,3300000000.0,6699999999.999996,15985305.817034,7111048.924975,53572.277408,22657522.513553,0.0,9710390.107996,9710390.103757,54.396668,151183.6523,135456.03882534677,75591.82615800001,134999.95037404838,300000.0,False,True
442,4,0,1,NORMAL,0.010241427387456719,0.010145807731842782,0.004855433462918788,2.1092714925806444,3300000000.0,6699999999.999996,16022930.427632,7128310.110063,53802.73648,22710503.76036,0.0,9733096.356638,9733096.352387,54.396668,151374.99088600004,136445.89182943525,75687.495449,135093.17077575295,300000.0,False,True
443,4,0,1,NORMAL,0.010248557659199412,0.010152436759414178,0.004866849513308788,2.105788895089917,3300000000.0,6699999999.999996,16060603.393919,7145594.791399,54033.737406,22763552.280545,0.0,9755831.436726,9755831.432464,54.396668,151567.200535,137440.25110508845,75783.60027299997,135186.84151442867,300000.0,False,True
444,4,0,1,NORMAL,0.010255721817255151,0.010159100311532951,0.004878280281825151,2.102323200957632,3300000000.0,6699999999.999996,16098324.930023,7162903.064579,54265.280883,22816668.377678,0.0,9778595.478365,9778595.47409,54.396668,151760.27753100006,138439.0974378051,75880.13877199999,135280.96110143224,300000.0,False,True
445,4,0,1,NORMAL,0.010262919739675533,0.010165798339155053,0.004889725833073636,2.0988742702623795,3300000000.0,6699999999.999996,16136095.249143,7180235.024812,54497.367614,22869852.353988,0.0,9801388.611082,9801388.606792,54.396668,151954.21803899997,139442.41098856844,75977.109027,135375.527987768,300000.0,False,True
446,4,0,1,NORMAL,0.010270151299911951,0.010172530788236144,0.004901186231368485,2.09544196345389,3300000000.0,6699999999.999996,16173914.563516,7197590.766912,54729.998303,22923104.510322,0.0,9824210.963808,9824210.959505,54.396668,152149.01810699998,140450.17129180804,76074.50906000003,135470.54056371705,300000.0,False,True
447,4,0,1,NORMAL,0.010277416366803535,0.010179297599756621,0.0049126615407236365,2.0920261413510013,3300000000.0,6699999999.999996,16211783.084388,7214970.385281,54963.173658,22976425.146099,0.0,9847062.664864,9847062.66055,54.396668,152344.67365499996,141462.35725351374,76172.33683300001,135565.99715883777,300000.0,False,True
448,4,0,1,NORMAL,0.01028471480457882,0.010186098709745151,0.00492415182484,2.0886266651441034,3300000000.0,6699999999.999996,16249701.021972,7232373.973904,55196.89439,23029819.998928,0.0,9869943.84195,9869943.837618,48.957002,152541.18048,142478.9471495051,76270.59024899999,135661.89604180667,300000.0,False,True
449,4,0,1,NORMAL,0.010292046472689081,0.01019293404928992,0.004935657147105455,2.0852433963580537,3300000000.0,6699999999.999996,16287668.585448,7249801.626323,55431.161212,23083278.485919,0.0,9892854.622097,9892854.617755,48.957002,152738.534266,143499.91862385918,76369.267138,135758.23542044044,300000.0,False,True
450,4,0,1,NORMAL,0.010299411226063497,0.010199803544565636,0.004947177570576364,2.081876196908691,3300000000.0,6699999999.999996,16325685.982902,7267253.435634,55665.974841,23136806.341616,0.0,9915795.13169,9915795.127337,48.957002,152936.73056899998,144525.248687498,76468.36529,135855.01343949587,300000.0,False,True
451,4,0,1,NORMAL,0.010306808914856212,0.010206707116842448,0.0049587131579721215,2.078524929050586,3300000000.0,6699999999.999996,16363753.421308,7284729.494472,55901.335997,23190403.859299,0.0,9938765.496423,9938765.492056,48.957002,153135.76481800003,145554.91371694003,76567.88241599996,135952.22818403816,300000.0,False,True
452,4,0,1,NORMAL,0.010314239384496911,0.010213644682497577,0.004970263971667576,2.075189455387492,3300000000.0,6699999999.999996,16401871.106503,7302229.894997,56137.245403,23244071.330611,0.0,9961765.841281,9961765.836901,48.957002,153335.63232699997,146588.88945321622,76667.81617000002,136049.877676102,300000.0,False,True
453,4,0,1,NORMAL,0.010321702475745499,0.0102206161530297,0.004981830073682121,2.0718696388848574,3300000000.0,6699999999.999996,16440039.243151,7319754.728881,56373.703784,23297809.045509,0.0,9984796.290533,9984796.286141,48.957002,153536.328288,147627.15100095447,76768.16415,136147.95987535923,300000.0,False,True
454,4,0,1,NORMAL,0.010329198024557626,0.01022762143506376,0.00499341152567,2.068565342843776,3300000000.0,6699999999.999996,16478258.034711,7337304.087292,56610.711869,23351617.292219,0.0,10007856.967706,10007856.963301,48.957002,153737.84775299998,148669.67282763426,76868.92388300001,136246.4726798406,300000.0,False,True
455,4,0,1,NORMAL,0.010336725862211927,0.010234660430363642,0.00500500838891303,2.0652764309265863,3300000000.0,6699999999.999996,16516527.683413,7354878.060888,56848.27039,23405501.252903,0.0,10030947.995567,10030947.991149,44.061302,153940.18567700003,149716.42876301354,76970.09284499999,136345.41392416068,300000.0,False,True
456,4,0,1,NORMAL,0.010344285815176298,0.010241733035835428,0.005016620724308182,2.062002767132217,3300000000.0,6699999999.999996,16554848.390217,7372476.739803,57086.38008,23459451.420803,0.0,10054069.496108,10054069.491676,44.061302,154143.33686799998,150767.39199873063,77071.66844100002,136444.78138119742,300000.0,False,True
457,4,0,1,NORMAL,0.01035187770516376,0.01024883914353403,0.005028248592363939,2.0587442158059677,3300000000.0,6699999999.999996,16593220.354801,7390100.213626,57325.041677,23513472.974411,0.0,10077221.590519,10077221.586079,44.061302,154347.29602999997,151822.53508808292,77173.64801900001,136544.57276032714,300000.0,False,True
458,4,0,1,NORMAL,0.010359501349179593,0.010255978640672453,0.005039892053184545,2.0555006416523858,3300000000.0,6699999999.999996,16631643.775509,7407748.571394,57564.255921,23567566.194611,0.0,10100404.399189,10100404.394733,44.061302,154552.05772400004,152881.82994598473,77276.02887,136644.78570816162,300000.0,False,True
459,4,0,1,NORMAL,0.010367156559331448,0.010263151409618195,0.005051551166466061,2.0522719096962154,3300000000.0,6699999999.999996,16670118.849338,7425421.901579,57804.023556,23621731.360349,0.0,10123618.04166,10123618.037192,44.061302,154757.61640600004,153945.24784910592,77378.808209,136745.41780917064,300000.0,False,True
460,4,0,1,NORMAL,0.010374843143019622,0.01027035732790216,0.005063225991483939,2.0490578853224255,3300000000.0,6699999999.999996,16708645.771897,7443120.292074,58044.345326,23675968.748583,0.0,10146862.63663,10146862.632148,44.061302,154963.966394,155012.75943619377,77481.98320400002,136846.46658317512,300000.0,False,True
461,4,0,1,NORMAL,0.010382560902855636,0.01027759626822174,0.005074916587085758,2.0458584342600523,3300000000.0,6699999999.999996,16747224.737383,7460843.83018,58285.22198,23730278.634242,0.0,10170138.301927,10170138.297429,44.061302,155171.101896,156084.3347085798,77585.550956,136947.92948785902,300000.0,False,True
462,4,0,1,NORMAL,0.010390309636605529,0.010284868098440049,0.005086623011682122,2.0426734225718652,3300000000.0,6699999999.999996,16785855.938551,7478592.602592,58526.65427,23784665.696314,0.0,10193445.154485,10193445.149973,39.655172,155379.016986,157159.94303087308,77689.50850000001,137049.8039176944,300000.0,False,True
463,4,0,1,NORMAL,0.010398089137275251,0.010292172681590708,0.005098345323234546,2.0395027166732573,3300000000.0,6699999999.999996,16824539.566674,7496366.695387,58768.64295,23839121.393276,0.0,10216783.310339,10216783.305812,39.655172,155587.70561700003,158239.55313184217,77793.85281599998,137152.087203193,300000.0,False,True
464,4,0,1,NORMAL,0.01040589919306141,0.01029950987587914,0.005110083579251212,2.03634618332137,3300000000.0,6699999999.999996,16863275.811529,7514166.19401,59011.188776,23893650.399841,0.0,10240152.884593,10240152.880053,39.655172,155797.16162499998,159323.13310548724,77898.58081900002,137254.7766120333,300000.0,False,True
465,4,0,1,NORMAL,0.010413739587394623,0.010306879534686592,0.005121837836773636,2.033203689626081,3300000000.0,6699999999.999996,16902064.861353,7531991.183266,59254.292508,23948252.982391,0.0,10263553.991409,10263553.986858,39.655172,156007.378721,160410.6504123035,78003.68936600002,137357.8693484106,300000.0,False,True
466,4,0,1,NORMAL,0.010421610098927484,0.010314281506573101,0.00513360815237,2.030075103047397,3300000000.0,6699999999.999996,16940906.902821,7549841.747295,59497.954908,24002929.40506,0.0,10286986.743992,10286986.739429,39.655172,156218.35049199997,161502.0718807385,78109.17525200002,137461.362553609,300000.0,False,True
467,4,0,1,NORMAL,0.010429510501475727,0.010321715635276497,0.005145394582124546,2.0269602913853415,3300000000.0,6699999999.999996,16979802.121011,7567717.969574,59742.176742,24057679.929698,0.0,10310451.25456,10310451.249987,39.655172,156430.07040199995,162597.36370884324,78215.03520600002,137565.25330584278,300000.0,False,True
468,4,0,1,NORMAL,0.010437440564151065,0.01032918175972002,0.005157197181628485,2.0238591228065554,3300000000.0,6699999999.999996,17018750.699374,7585619.932894,59986.958776,24112504.815822,0.0,10333947.634342,10333947.629753,39.655172,156642.531796,163696.49146611977,78321.265906,137669.5386194796,300000.0,False,True
469,4,0,1,NORMAL,0.010445400051168842,0.01033667971400704,0.005169016005974545,2.020771465806191,3300000000.0,6699999999.999996,17057752.819716,7603547.719353,60232.30178,24167408.286102,0.0,10357475.993533,10357475.988937,35.689655,156855.727901,164799.4200955657,78427.863954,137774.21544679406,300000.0,False,True
470,4,0,1,NORMAL,0.01045338872217315,0.010344209327437112,0.005180851109742727,2.017697189273646,3300000000.0,6699999999.999996,17096808.662151,7621501.410335,60478.206528,24222382.664234,0.0,10381036.441317,10381036.436705,35.689655,157069.651816,165906.11391591694,78534.82591599999,137879.28067542872,300000.0,False,True
471,4,0,1,NORMAL,0.01046140633188914,0.010351770424498535,0.005192702546994848,2.0146361624244062,3300000000.0,6699999999.999996,17135918.405083,7639481.086509,60724.673794,24277432.168015,0.0,10404629.085807,10404629.081179,35.689655,157284.29652599996,167016.53662408987,78642.14827099998,137984.73113268559,300000.0,False,True
472,4,0,1,NORMAL,0.010469452630317918,0.01035936282487398,0.0052045703712645455,2.011588254838828,3300000000.0,6699999999.999996,17175082.225173,7657486.827805,60971.704357,24332557.047224,0.0,10428254.034049,10428254.02941,35.689655,157499.65489100004,168130.65129782367,78749.827451,138090.56358093666,300000.0,False,True
473,4,0,1,NORMAL,0.010477527362852063,0.010366986343453212,0.00521645463554788,2.008553336484947,3300000000.0,6699999999.999996,17214300.297308,7675518.713408,61219.298996,24387757.549101,0.0,10451911.392009,10451911.387356,35.689655,157715.71966,169248.42039852377,78857.85983699998,138196.77472019652,300000.0,False,True
474,4,0,1,NORMAL,0.010485630270055224,0.010374640790330762,0.005228355392296666,2.005531277675672,3300000000.0,6699999999.999996,17253572.794579,7693576.821744,61467.458495,24443033.918306,0.0,10475601.264537,10475601.25987,35.689655,157932.483452,170369.8057743073,78966.24173299999,138303.36118964723,300000.0,False,True
475,4,0,1,NORMAL,0.010493761087855514,0.01038232597081623,0.005240272693407272,2.002521949107266,3300000000.0,6699999999.999996,17292899.888244,7711661.230466,61716.183638,24498386.396875,0.0,10499323.755365,10499323.750683,35.689655,158149.93877900002,171494.7686632506,79074.969397,138410.31956472894,300000.0,False,True
476,4,0,1,NORMAL,0.010501919547475959,0.010390041685439439,0.005252206590212121,1.9995252218461987,3300000000.0,6699999999.999996,17332281.7477,7729772.016445,61965.475214,24553818.793147,0.0,10523078.96708,10523078.962383,32.12069,158368.07802899997,172623.26969684038,79184.03902200003,138517.6463596928,300000.0,False,True
477,4,0,1,NORMAL,0.010510105375510654,0.010397787729960164,0.005264157133472122,1.9965409673435073,3300000000.0,6699999999.999996,17371718.540458,7747909.255755,62215.334012,24609324.20586,0.0,10546867.001114,10546866.996399,32.12069,158586.89347600003,173755.2689036278,79293.446747,138625.33802668264,300000.0,False,True
478,4,0,1,NORMAL,0.010518318293854108,0.010405563895372677,0.0052761243733684855,1.9935690574213663,3300000000.0,6699999999.999996,17411210.432116,7766073.023658,62465.760825,24664906.437902,0.0,10570687.957718,10570687.952988,32.12069,158806.377277,174890.72571308646,79403.188646,138733.39095674065,300000.0,False,True
479,4,0,1,NORMAL,0.010526558019850323,0.010413369967919623,0.005288108359492121,1.9906093643023064,3300000000.0,6699999999.999996,17450757.586324,7784263.394598,62716.756448,24720565.720414,0.0,10594541.935951,10594541.931205,32.12069,159026.52147399998,176029.59895967488,79513.260745,138841.80147887423,300000.0,False,True
480,4,0,1,NORMAL,0.010534824266221952,0.01042120572910042,0.005300109140838181,1.9876617605946,3300000000.0,6699999999.999996,17490360.164766,7802480.442183,62968.321678,24776302.281712,0.0,10618429.033659,10618429.028902,32.12069,159247.318001,177171.84688710226,79623.659006,138950.56586202426,300000.0,False,True
481,4,0,1,NORMAL,0.010543116741170441,0.010429070955685583,0.005312126765793636,1.984726119312646,3300000000.0,6699999999.999996,17530018.327119,7820724.239176,63220.457314,24832116.34724,0.0,10642349.347471,10642349.342699,32.12069,159468.758665,178317.42715279912,79734.37933999998,139059.68031412977,300000.0,False,True
482,4,0,1,NORMAL,0.010551435148263618,0.010436965419722876,0.005324161282132728,1.9818023138542065,3300000000.0,6699999999.999996,17569732.231038,7838994.857484,63473.164159,24888008.139548,0.0,10666302.972754,10666302.967972,32.12069,159690.835172,179466.29683259147,79845.41759099999,139169.14098344982,300000.0,False,True
483,4,0,1,NORMAL,0.010559779186722676,0.010444888888561574,0.005336212737004242,1.9788902180558399,3300000000.0,6699999999.999996,17609502.032114,7857292.368148,63726.443016,24943981.090304,0.0,10690290.003634,10690289.998838,28.908621,159913.53912,180618.41242557904,79956.769567,139278.94395707978,300000.0,False,True
484,4,0,1,NORMAL,0.010568148551146463,0.010452841124857374,0.005348281176930303,1.9759897061381042,3300000000.0,6699999999.999996,17649327.88387,7875616.841319,63980.294691,25000028.991992,0.0,10714310.532944,10714310.52813,28.908621,160136.86197799997,181773.7298592168,80068.430998,139389.08526473932,300000.0,False,True
485,4,0,1,NORMAL,0.010576542931661635,0.010460821886586681,0.005360366647790909,1.9731006527362067,3300000000.0,6699999999.999996,17689209.93771,7893968.346263,64234.719993,25056155.270283,0.0,10738364.65222,10738364.647395,28.908621,160360.795123,182932.20449459966,80180.397567,139499.56087513332,300000.0,False,True
486,4,0,1,NORMAL,0.010584962014135479,0.010468830927073701,0.005372469194819091,1.9702229329379914,3300000000.0,6699999999.999996,17729148.342903,7912346.95134,64489.719732,25112360.135719,0.0,10762452.451701,10762452.446865,28.908621,160585.32982300004,184093.79113194914,80292.664917,139610.36669793358,300000.0,False,True
487,4,0,1,NORMAL,0.010593405479972331,0.010476867995002645,0.005384588862594242,1.9673564222447493,3300000000.0,6699999999.999996,17769143.246561,7930752.723989,64745.294721,25168643.795745,0.0,10786574.020295,10786574.015445,28.908621,160810.457226,185258.4440163026,80405.22862000001,139721.49858658834,300000.0,False,True
488,4,0,1,NORMAL,0.010601873006201828,0.010484932834434852,0.005396725695030606,1.964500996588396,3300000000.0,6699999999.999996,17809194.793601,7949185.73073,65001.445775,25225006.454676,0.0,10810729.445562,10810729.4407,28.908621,161036.16838400002,186426.1168434022,80518.084198,139832.95233563476,300000.0,False,True
489,4,0,1,NORMAL,0.010610364265602754,0.01049302518483278,0.0054088797353733335,1.96165653235224,3300000000.0,6699999999.999996,17849303.126732,7967646.03714,65258.17371,25281448.313656,0.0,10834918.813709,10834918.808832,28.908621,161262.45423899998,187596.76276578536,80631.22712699999,139944.72368186415,300000.0,False,True
490,4,0,1,NORMAL,0.010618878926658764,0.01050114478107962,0.005421051026189091,1.9588229063624325,3300000000.0,6699999999.999996,17889468.386424,7986133.707847,65515.479345,25337972.461488,0.0,10859142.209564,10859142.204673,26.017759,161489.30563599998,188770.33439907272,80744.65282500001,140056.80830595637,300000.0,False,True
491,4,0,1,NORMAL,0.01062741665364513,0.010509291353503203,0.005433239609356363,1.9559999959037484,3300000000.0,6699999999.999996,17929690.710876,8004648.806521,65773.363501,25394573.311143,0.0,10883399.716571,10883399.711665,26.017759,161716.71330900004,189946.78382845497,80858.356662,140169.20183189568,300000.0,False,True
492,4,0,1,NORMAL,0.01063597710662741,0.010517464627898314,0.005445445526062727,1.9531876787164635,3300000000.0,6699999999.999996,17969970.236007,8023191.395857,66031.827001,25451253.944906,0.0,10907691.416762,10907691.411847,26.017759,161944.667899,191126.0626153755,80972.333954,140281.8998281157,300000.0,False,True
493,4,0,1,NORMAL,0.010644559941634145,0.010525664325558692,0.005457668816791818,1.9503858330288606,3300000000.0,6699999999.999996,18010307.095413,8041761.537571,66290.870669,25508014.550882,0.0,10932017.390763,10932017.385835,26.017759,162173.159941,192308.12180440893,81086.57997700002,140394.8978074818,300000.0,False,True
494,4,0,1,NORMAL,0.010653164810528993,0.010533890163298712,0.00546990952132,1.9475943375308642,3300000000.0,6699999999.999996,18050701.420356,8060359.292386,66550.495331,25564855.313833,0.0,10956377.717757,10956377.712812,26.017759,162402.179873,193492.91193033228,81201.089945,140508.19122957072,300000.0,False,True
495,4,0,1,NORMAL,0.010661791361077323,0.010542141853477979,0.0054821676787078786,1.9448130713853424,3300000000.0,6699999999.999996,18091153.339736,8078984.720025,66810.701817,25621776.415143,0.0,10980772.475471,10980772.470514,26.017759,162631.71803599998,194680.38302538902,81315.85902400002,140621.7754989827,300000.0,False,True
496,4,0,1,NORMAL,0.01067043923715159,0.010550419104037569,0.00549444332729303,1.9420419142640677,3300000000.0,6699999999.999996,18131662.980067,8097637.879192,67071.490956,25678778.032775,0.0,11005201.740183,11005201.735213,26.017759,162861.76467499998,195870.4846267428,81430.88234399998,140735.64596622068,300000.0,False,True
497,4,0,1,NORMAL,0.010679108078642651,0.01055872161852822,0.0055067365046830305,1.939280746329689,3300000000.0,6699999999.999996,18172230.465454,8116318.827574,67332.86358,25735862.943026,0.0,11029665.586685,11029665.581701,23.415984,163092.30994200002,197063.16578411972,81546.15497799999,140849.797930401,300000.0,False,True
498,4,0,1,NORMAL,0.010687797521547335,0.010567049096142358,0.00551904724774909,1.9365294482496573,3300000000.0,6699999999.999996,18212855.917572,8135027.621821,67594.820523,25793026.113387,0.0,11054164.088279,11054164.083283,23.415984,163323.343898,198258.37506763684,81661.67195499998,140964.226638083,300000.0,False,True
499,4,0,1,NORMAL,0.010696507198042146,0.010575401231748795,0.005531375592618182,1.9337879012079775,3300000000.0,6699999999.999996,18253539.45564,8153764.317542,67857.362621,25850270.313162,0.0,11078697.316764,11078697.311754,23.415984,163554.856506,199456.0605758151,81777.42826,141078.92728442483,300000.0,False,True
500,4,0,1,NORMAL,0.010705236736520374,0.010583777715927606,0.005543721574666667,1.9310559869096706,3300000000.0,6699999999.999996,18294281.1964,8172528.969292,68120.490711,25907595.706334,0.0,11103265.342424,11103265.337396,23.415984,163786.83764600003,200656.169943774,81893.41883200001,141193.89501415635,300000.0,False,True
501,4,0,1,NORMAL,0.010713985761598434,0.010592178235003144,0.0055560852285154545,1.9283335875790972,3300000000.0,6699999999.999996,18335081.254101,8191321.630566,68384.205631,25965002.453319,0.0,11127868.234001,11127868.22896,23.415984,164019.277111,201858.65035160608,82009.638562,141309.12492206894,300000.0,False,True
502,4,0,1,NORMAL,0.010722753894296324,0.010600602471086577,0.005568466588019999,1.92562058599135,3300000000.0,6699999999.999996,18375939.740466,8210142.35379,68648.508222,26022490.710924,0.0,11152506.058703,11152506.053647,23.415984,164252.164599,203063.44853292865,82126.08230699999,141424.61205309935,300000.0,False,True
503,4,0,1,NORMAL,0.010731540751976647,0.010609050102111743,0.005580865686269091,1.9229168654569206,3300000000.0,6699999999.999996,18416856.764688,8228991.190303,68913.399326,26080060.632327,0.0,11177178.882173,11177178.877102,23.415984,164485.48973100004,204270.51078360996,82242.744873,141540.3514047115,300000.0,False,True
504,4,0,1,NORMAL,0.010740345948493898,0.010617520801878335,0.005593282555573031,1.9202223098478084,3300000000.0,6699999999.999996,18457832.433391,8247868.190361,69178.879786,26137714.708636,0.0,11201886.768493,11201886.763404,21.074386,164719.242044,205479.78297066744,82359.62103099999,141656.33792609174,300000.0,False,True
505,4,0,1,NORMAL,0.010749169094131985,0.01062601424008825,0.005605717227461818,1.9175368035820533,3300000000.0,6699999999.999996,18498866.850624,8266773.403124,69444.950447,26195448.402483,0.0,11226629.780148,11226629.77505,21.074386,164953.41099499995,206691.210541335,82476.705502,141772.56652011946,300000.0,False,True
506,4,0,1,NORMAL,0.010758009795890556,0.010634530082398076,0.005618169732676667,1.9148602316728356,3300000000.0,6699999999.999996,18539960.117833,8285706.876637,69711.612156,26253264.197564,0.0,11251407.978051,11251407.972941,21.074386,165187.98595600002,207904.73853229635,82593.992984,141889.03204254218,300000.0,False,True
507,4,0,1,NORMAL,0.010766867657311267,0.010643067990456992,0.005630640101165455,1.9121924796938619,3300000000.0,6699999999.999996,18581112.333846,8304668.657838,69978.865761,26311162.232239,0.0,11276221.421495,11276221.416371,21.074386,165422.956224,209120.3115790819,82711.47811900002,142005.72930575535,300000.0,False,True
508,4,0,1,NORMAL,0.010775742278658783,0.010651627621953883,0.005643128362078485,1.9095334338079537,3300000000.0,6699999999.999996,18622323.594859,8323658.792537,70246.71211,26369142.641095,0.0,11301070.168158,11301070.163023,21.074386,165658.311027,210337.8739256253,82829.15551899999,142122.65307650872,300000.0,False,True
509,4,0,1,NORMAL,0.01078463325699736,0.010660208630666365,0.005655634543759091,1.9068829807785304,3300000000.0,6699999999.999996,18663593.994405,8342677.325417,70515.152055,26427205.554919,0.0,11325954.274094,11325954.268946,21.074386,165894.039507,211557.36943397683,82947.01976,142239.79807829595,300000.0,False,True
510,4,0,1,NORMAL,0.010793540186204943,0.010668810666507565,0.005668158673741819,1.9042410079673402,3300000000.0,6699999999.999996,18704923.623348,8361724.300023,70784.186447,26485351.100678,0.0,11350873.793713,11350873.788555,21.074386,166130.13074599998,212778.7415941705,83065.065378,142357.15899236515,300000.0,False,True
511,4,0,1,NORMAL,0.010802462657123696,0.010677433375579574,0.005680700778746061,1.901607403357759,3300000000.0,6699999999.999996,18746312.569862,8380799.758748,71053.81614,26543581.508925,0.0,11375828.779784,11375828.774615,18.966948,166366.573749,214001.9335342407,83183.28688000003,142474.73045790524,300000.0,False,True
512,4,0,1,NORMAL,0.010811400257560362,0.010686076400223496,0.005693260884669697,1.8989820555513857,3300000000.0,6699999999.999996,18787760.91941,8399903.742838,71324.041988,26601892.68403,0.0,11400819.283413,11400819.27823,18.966948,166603.357454,215226.88803038548,83301.67873400002,142592.5070740328,300000.0,False,True
513,4,0,1,NORMAL,0.01082035257231201,0.010694739379067916,0.005705839016587272,1.8963648537676037,3300000000.0,6699999999.999996,18829268.754738,8419036.292374,71594.864846,26660286.848784,0.0,11425845.35403,11425845.348838,18.966948,166840.47073300002,216453.54751727285,83420.235371,142710.4833997968,300000.0,False,True
514,4,0,1,NORMAL,0.01082931918341501,0.01070342194709031,0.005718435198741212,1.893755687884484,3300000000.0,6699999999.999996,18870836.155846,8438197.446272,71866.285571,26718764.114619,0.0,11450907.039398,11450907.034193,18.966948,167077.902393,217681.8540984854,83538.951203,142828.65395451852,300000.0,False,True
515,4,0,1,NORMAL,0.010838299670063327,0.010712123735669215,0.00573104945454,1.8911544484191263,3300000000.0,6699999999.999996,18912463.199982,8457387.242272,72138.305021,26777324.58903,0.0,11476004.385587,11476004.380368,18.966948,167315.641186,218911.74955710096,83657.8206,142947.01322107814,300000.0,False,True
516,4,0,1,NORMAL,0.01084729360870464,0.010720844372639243,0.00574368180655394,1.8885610265400017,3300000000.0,6699999999.999996,18954149.961628,8476605.716934,72410.924055,26835968.375555,0.0,11501137.436965,11501137.431734,18.966948,167553.67579400004,220143.17536640354,83776.83790299999,143065.55564483593,300000.0,False,True
517,4,0,1,NORMAL,0.010856300573222292,0.010729583482354279,0.005756332276508181,1.8859753140949285,3300000000.0,6699999999.999996,18995896.512477,8495852.905631,72684.143533,26894695.573749,0.0,11526306.236203,11526306.230958,18.966948,167791.99485000002,221376.0727007222,83895.99743200002,143184.27563490125,300000.0,False,True
518,4,0,1,NORMAL,0.010865320134859963,0.010738340685741744,0.005769000885281212,1.8833972035922697,3300000000.0,6699999999.999996,19037702.921428,8515128.842542,72957.964316,26953508.175862,0.0,11551510.824252,11551510.818994,17.070254,168030.58692300002,222610.3824463926,84015.293468,143303.16756653425,300000.0,False,True
519,4,0,1,NORMAL,0.010874351862462977,0.010747115600368921,0.0057816876529,1.8808265882382247,3300000000.0,6699999999.999996,19079569.25457,8534433.560647,73232.387266,27012402.480045,0.0,11576751.240346,11576751.235071,17.070254,168269.440537,223846.0452128374,84134.72027699999,143422.22578015152,300000.0,False,True
520,4,0,1,NORMAL,0.010883395322376142,0.010755907840498421,0.005794392598535757,1.8782633619141333,3300000000.0,6699999999.999996,19121495.575168,8553767.091723,73507.413245,27071380.470496,0.0,11602027.521981,11602027.516692,17.070254,168508.54415800003,225083.00134376108,84254.272086,143541.44458451128,300000.0,False,True
521,4,0,1,NORMAL,0.010892450078675817,0.010764717017155027,0.005807115740500606,1.8757074192113186,3300000000.0,6699999999.999996,19163481.943652,8573129.466333,73783.043118,27130442.230663,0.0,11627339.704922,11627339.69962,17.070254,168747.886203,226321.19092845535,84373.94310799999,143660.81825536507,300000.0,False,True
522,4,0,1,NORMAL,0.010901515693250053,0.010773542738193417,0.00581985709624394,1.8731586554394521,3300000000.0,6699999999.999996,19205528.417605,8592520.713828,74059.277748,27189587.839926,0.0,11652687.823192,11652687.817873,17.070254,168987.455049,227560.55381320996,84493.727533,143780.3410385208,300000.0,False,True
523,4,0,1,NORMAL,0.010910591725738689,0.010782384608357627,0.005832616682348485,1.8706169666108716,3300000000.0,6699999999.999996,19247635.05175,8611940.862339,74336.118001,27248817.373579,0.0,11678071.909057,11678071.903723,17.070254,169227.239021,228801.0296128245,84613.619518,143900.0071509007,300000.0,False,True
524,4,0,1,NORMAL,0.010919677733763464,0.010791242229351551,0.005845394514529091,1.8680822494738256,3300000000.0,6699999999.999996,19289801.897946,8631389.938771,74613.564744,27308130.902818,0.0,11703491.993027,11703491.987679,17.070254,169467.226404,230042.55772221714,84733.613209,144019.8107797507,300000.0,False,True
525,4,0,1,NORMAL,0.010928773272942437,0.010800115199905803,0.005858190607628485,1.8655544015094154,3300000000.0,6699999999.999996,19332029.005174,8650867.968796,74891.618842,27367530.201747,0.0,11728948.10385,11728948.098491,15.363229,169707.40544299997,231285.07732812522,84853.70272700001,144139.7460856777,300000.0,False,True
526,4,0,1,NORMAL,0.010937877897067991,0.010809003115851751,0.005871004975611212,1.863033320956994,3300000000.0,6699999999.999996,19374316.419517,8670374.976861,75170.281164,27427011.919266,0.0,11754440.268512,11754440.263138,15.363229,169947.76434700002,232528.52742089273,84973.882181,144259.8072028402,300000.0,False,True
527,4,0,1,NORMAL,0.010946991157975235,0.0108179055701823,0.005883837631568182,1.8605189067832253,3300000000.0,6699999999.999996,19416664.184175,8689910.986165,75449.552577,27486577.821213,0.0,11779968.512211,11779968.506829,15.363229,170188.29128399998,233772.84680634062,85094.14564599999,144379.98824129748,300000.0,False,True
528,4,0,1,NORMAL,0.010956112605942975,0.010826822153134602,0.00589668858770697,1.858011058746355,3300000000.0,6699999999.999996,19459072.339433,8709476.018676,75729.43395,27546227.962248,0.0,11805532.858379,11805532.852984,15.363229,170428.97439300004,235017.97411771413,85214.487203,144500.2832852731,300000.0,False,True
529,4,0,1,NORMAL,0.010965241789479625,0.010835752452253638,0.005909557855354545,1.8555096773516169,3300000000.0,6699999999.999996,19501540.92267,8729070.095108,76009.926152,27605962.392869,0.0,11831133.328654,11831133.323247,15.363229,170669.80177999998,236263.84782770317,85334.90089600002,144620.6863984473,300000.0,False,True
530,4,0,1,NORMAL,0.010974378255630525,0.010844696052471502,0.005922445444951212,1.8530146638980023,3300000000.0,6699999999.999996,19544069.968339,8748693.234936,76291.030052,27665781.1594,0.0,11856769.942893,11856769.937473,15.363229,170910.76152699994,237510.40626053,85455.38077,144741.19162113103,300000.0,False,True
531,4,0,1,NORMAL,0.01098352154992778,0.010853652536178359,0.005935351366052425,1.8505259204617015,3300000000.0,6699999999.999996,19586659.507973,8768345.456375,76572.746521,27725684.303984,0.0,11882442.719156,11882442.713722,15.363229,171151.84167999998,238757.58760409994,85575.92084699999,144861.79297432295,300000.0,False,True
532,4,0,1,NORMAL,0.01099267121657919,0.010862621483300994,0.00594827562732394,1.8480433499220117,3300000000.0,6699999999.999996,19629309.570169,8788026.776393,76855.076429,27785673.400897,0.0,11908151.673709,11908151.668258,13.826907,171393.030271,240005.32992220912,85696.51514399998,144982.48445904668,300000.0,False,True
533,4,0,1,NORMAL,0.011001826798433971,0.01087160247137409,0.0059612182365424244,1.8455668559477463,3300000000.0,6699999999.999996,19672020.18059,8807737.210698,77138.020647,27845745.41125,0.0,11933896.821014,11933896.815551,13.826907,171634.315304,241253.57116680514,85817.15765800001,145103.2600588453,300000.0,False,True
534,4,0,1,NORMAL,0.011010987837236696,0.010880595075623292,0.005974179200591819,1.8430963430333522,3300000000.0,6699999999.999996,19714791.361953,8827476.77374,77421.580047,27905901.900916,0.0,11959678.173736,11959678.168263,13.826907,171875.68476599996,242502.24919029497,85937.842388,145224.11373932843,300000.0,False,True
535,4,0,1,NORMAL,0.011020153873634107,0.010889598869043345,0.005987158525462727,1.8406317164923234,3300000000.0,6699999999.999996,19757623.134027,8847245.478709,77705.755499,27966142.895232,0.0,11985495.742739,11985495.737255,13.826907,172117.12662700002,243751.3017578948,86058.56331900001,145345.0394515244,300000.0,False,True
536,4,0,1,NORMAL,0.011029324447283852,0.010898613422478217,0.006000156216252727,1.8381728824673815,3300000000.0,6699999999.999996,19800515.513634,8867043.337531,77990.547876,28026468.415323,0.0,12011349.537078,12011349.531577,13.826907,172358.62884300004,245000.6665600173,86179.31443,145466.03113197023,300000.0,False,True
537,4,0,1,NORMAL,0.011038499096816827,0.010907638304693613,0.0060131722771645454,1.8357197479168064,3300000000.0,6699999999.999996,19843468.514643,8886870.360871,78275.958049,28086878.478095,0.0,12037239.56399,12037239.558478,13.826907,172600.17935700002,246250.28122468982,86300.08968399998,145587.08270414686,300000.0,False,True
538,4,0,1,NORMAL,0.011047677360205144,0.010916673082468551,0.006026206711504243,1.8332722206682248,3300000000.0,6699999999.999996,19886482.147964,8906726.558128,78561.986891,28147373.096228,0.0,12063165.828916,12063165.823388,13.826907,172841.766102,247500.08333000014,86420.88305900001,145708.18807798214,300000.0,False,True
539,4,0,1,NORMAL,0.01105685877459264,0.010925717320670107,0.006039259521682121,1.830830209381855,3300000000.0,6699999999.999996,19929556.421551,8926611.937435,78848.635273,28207953.660869,0.0,12089128.335476,12089128.329937,12.444217,173083.377011,248750.01041656252,86541.68851099999,145829.34115470792,300000.0,False,True
540,4,0,1,NORMAL,0.011066042876488972,0.010934770582335841,0.006052330709214242,1.8283936235740903,3300000000.0,6699999999.999996,19972691.340407,8946526.505652,79135.904068,28268617.410869,0.0,12115127.085476,12115127.079937,12.444217,173325.0,250000.0,86662.5,145950.53582462284,300000.0,False,True
541,4,0,1,NORMAL,0.011075229202060914,0.010943832428769718,0.00606542027471303,1.8259623736600692,3300000000.0,6699999999.999996,20015886.906553,8966470.268383,79423.794148,28329365.728909,0.0,12141162.078936,12141162.07338,12.444217,173566.62298299995,251249.9895834375,86783.31150000001,146071.7659696544,300000.0,False,True
542,4,0,1,NORMAL,0.011084417286742443,0.01095290241960667,0.006078528217901818,1.8235363708763952,3300000000.0,6699999999.999996,20059143.119076,8986443.229954,79712.306386,28390198.610769,0.0,12167233.314026,12167233.308461,12.444217,173808.233891,252499.91666999986,86904.11695000001,146193.02546720408,300000.0,False,True
543,4,0,1,NORMAL,0.011093606665814888,0.010961980112910427,0.006091654537601515,1.8211155273724382,3300000000.0,6699999999.999996,20102459.974085,9006445.39343,80001.441654,28451116.047989,0.0,12193340.78713,12193340.781553,12.444217,174049.82063600002,253749.71877531018,87024.91032400001,146314.30818500023,300000.0,False,True
544,4,0,1,NORMAL,0.011102796874217988,0.01097106506525285,0.006104799231740607,1.818699756167468,3300000000.0,6699999999.999996,20145837.464744,9026476.760604,80291.200824,28512118.027889,0.0,12219484.492809,12219484.487224,12.444217,174291.37115000005,254999.33343998276,87145.68557900001,146435.60798875653,300000.0,False,True
545,4,0,1,NORMAL,0.011111987446845871,0.01098015683180724,0.0061179622973484855,1.816288971192547,3300000000.0,6699999999.999996,20189275.58125,9046537.332007,80581.584768,28573204.533564,0.0,12245664.423824,12245664.418225,12.444217,174532.87336600004,256248.69824210517,87266.43668999999,146556.91873967744,300000.0,False,True
546,4,0,1,NORMAL,0.011121177918405112,0.01098925496642646,0.006131143730561212,1.8138830872567293,3300000000.0,6699999999.999996,20232774.310852,9066627.1069,80872.594357,28634376.788312,0.0,12271880.571117,12271880.565505,11.199796,174774.315227,257497.75080970503,87387.15761999997,146678.2342983655,300000.0,False,True
547,4,0,1,NORMAL,0.011130367823711747,0.01099835902173519,0.006144343526619697,1.811482020087361,3300000000.0,6699999999.999996,20276333.637845,9086746.083282,81164.230463,28695632.277951,0.0,12298132.92383,12298132.918203,11.199796,175015.684689,258746.42883319486,87507.842352,146799.5485229475,300000.0,False,True
548,4,0,1,NORMAL,0.011139556697627366,0.011007468549212106,0.006157561679871515,1.809085686310138,3300000000.0,6699999999.999996,20319953.543576,9106894.257886,81456.493958,28756972.217352,0.0,12324421.469294,12324421.463659,11.199796,175256.969722,259994.6700777909,87628.48486499999,146920.85527299505,300000.0,False,True
549,4,0,1,NORMAL,0.011148744075408893,0.011016583099289318,0.0061707981837730306,1.8066940034963486,3300000000.0,6699999999.999996,20363634.006451,9127071.62618,81749.385713,28818396.572757,0.0,12350746.193054,12350746.187402,11.199796,175498.158313,261242.41239590006,87749.07916500002,147042.1484086812,300000.0,False,True
550,4,0,1,NORMAL,0.011157929492401897,0.011025702221425614,0.0061840530308893945,1.8043068901039416,3300000000.0,6699999999.999996,20407375.001935,9147278.182377,82042.906598,28879905.306217,0.0,12377107.078833,12377107.073169,11.199796,175739.238466,262489.59373947,87869.61923899999,147163.42179539741,300000.0,False,True
551,4,0,1,NORMAL,0.01116711248456628,0.011034825464208883,0.006197326212896666,1.801924265553016,3300000000.0,6699999999.999996,20451176.502559,9167513.919428,82337.057483,28941498.375588,0.0,12403504.108577,12403504.102896,11.199796,175980.19821299997,263736.15217229683,87990.09911499999,147284.66929970507,300000.0,False,True
552,4,0,1,NORMAL,0.01117629258817169,0.01104395237543229,0.006210617720582122,1.7995460501671539,3300000000.0,6699999999.999996,20495038.477921,9187778.829034,82631.839238,29003175.734545,0.0,12429937.262425,12429937.256734,11.199796,176221.02560000002,264982.0258822859,88110.51280499999,147405.8847962749,300000.0,False,True
553,4,0,1,NORMAL,0.01118546934030028,0.011053082502197968,0.006223927543849697,1.7971721652437025,3300000000.0,6699999999.999996,20538960.894704,9208072.901632,82927.252733,29064938.452568,0.0,12456406.518744,12456406.513036,10.079817,176461.70870900003,266227.1531936594,88230.854363,147527.06216386633,300000.0,False,True
554,4,0,1,NORMAL,0.011194642278521625,0.011062215390993042,0.006237255671719696,1.7948025329920636,3300000000.0,6699999999.999996,20582943.716675,9228396.126416,83223.298836,29126784.235042,0.0,12482911.854098,12482911.84838,10.079817,176702.235646,267471.4725791072,88351.117828,147648.1952919637,300000.0,False,True
555,4,0,1,NORMAL,0.011203810941379745,0.011071350587792185,0.006250602092329697,1.7924370766023132,3300000000.0,6699999999.999996,20626986.904688,9248748.49133,83519.978416,29188714.143131,0.0,12509453.243291,12509453.237559,10.079817,176942.59454999998,268714.92267187475,88471.29728200003,147769.27807648547,300000.0,False,True
556,4,0,1,NORMAL,0.011212974868184246,0.011080487638140062,0.006263966792939999,1.7900757202005255,3300000000.0,6699999999.999996,20671090.416702,9269129.983073,83817.29234,29250728.113883,0.0,12536030.659342,12536030.653593,10.079817,177182.773589,269957.44227778283,88591.38680299999,147890.30442621265,300000.0,False,True
557,4,0,1,NORMAL,0.011222133599189872,0.01108962608724005,0.006277349759934546,1.7877183888678023,3300000000.0,6699999999.999996,20715254.207784,9289540.587104,84115.241476,29312826.08022,0.0,12562644.073497,12562644.067736,10.079817,177422.76097200002,271198.9703871755,88711.380492,148011.26826003203,300000.0,False,True
558,4,0,1,NORMAL,0.011231286675837641,0.0110987654800528,0.006290750978824546,1.785365008668052,3300000000.0,6699999999.999996,20759478.230121,9309980.287642,84413.826689,29375007.970946,0.0,12589293.455251,12589293.449474,10.079817,177662.54494400002,272439.44618679,88831.27248,148132.16350930632,300000.0,False,True
559,4,0,1,NORMAL,0.01124043364062801,0.011107905361380233,0.006304170434249999,1.7830155066176083,3300000000.0,6699999999.999996,20803762.433025,9330449.067676,84713.048845,29437273.710768,0.0,12615978.772332,12615978.766539,10.079817,177902.11379,273678.8090715447,88951.05690299999,148252.98412105686,300000.0,False,True
560,4,0,1,NORMAL,0.011249574037317092,0.011117045275956805,0.006317608109984848,1.7806698107053165,3300000000.0,6699999999.999996,20848106.76295,9350946.908963,85012.908809,29499624.228287,0.0,12642699.990719,12642699.984911,9.071836,178141.45583500003,274916.99865623895,89070.72792499998,148373.72405628974,300000.0,False,True
561,4,0,1,NORMAL,0.011258707411040564,0.011126184768542853,0.006331063988938182,1.7783278499020234,3300000000.0,6699999999.999996,20892511.163496,9371473.792038,85313.407445,29562057.424092,0.0,12669457.074649,12669457.068827,9.071836,178380.559456,276153.95478716266,89190.27973500002,148494.37729258562,300000.0,False,True
562,4,0,1,NORMAL,0.011267833308351124,0.011135323384014354,0.006344538053159395,1.7759895541551796,3300000000.0,6699999999.999996,20936975.575426,9392029.696216,85614.545617,29624574.218663,0.0,12696249.98662,12696249.980784,9.071836,178619.41307,277389.6175536074,89309.70654200001,148614.93782573545,300000.0,False,True
563,4,0,1,NORMAL,0.01127695127724972,0.011144460667448895,0.006358030283841212,1.7736548543830994,3300000000.0,6699999999.999996,20981499.936676,9412614.599595,85916.324186,29687174.520462,0.0,12723078.687396,12723078.681553,9.071836,178858.005143,278623.9272992778,89429.002575,148735.39967023482,300000.0,False,True
564,4,0,1,NORMAL,0.011286060867514177,0.0111535961642273,0.006371540661322121,1.7713236825161016,3300000000.0,6699999999.999996,21026084.182363,9433228.479063,86218.744014,29749858.233928,0.0,12749943.136036,12749943.13018,9.071836,179096.32419900002,279856.82463359646,89548.16210599997,148855.7568596963,300000.0,False,True
565,4,0,1,NORMAL,0.011295161630445723,0.01116272942011236,0.006385069165093333,1.7689959714446752,3300000000.0,6699999999.999996,21070728.244808,9453871.310304,86521.805961,29812625.259507,0.0,12776843.289867,12776843.283998,9.071836,179334.35880699998,281088.250442899,89667.17941000001,148976.00345118713,300000.0,False,True
566,4,0,1,NORMAL,0.011304253119172346,0.011171859981342036,0.006398615773800606,1.7666716550567192,3300000000.0,6699999999.999996,21115432.053542,9474543.067805,86825.510886,29875475.493665,0.0,12803779.104513,12803779.098636,9.071836,179572.0976,282318.14590151457,89786.048804,149096.13352188354,300000.0,False,True
567,4,0,1,NORMAL,0.011313334888782212,0.011180987394725273,0.006412180465247576,1.7643506682473575,3300000000.0,6699999999.999996,21160195.535317,9495243.724856,87129.859648,29938409.736085,0.0,12830750.533914,12830750.528021,8.164653,179809.52926,283546.4524827272,89904.76463800001,149216.14117307495,300000.0,False,True
568,4,0,1,NORMAL,0.011322406496196943,0.011190111207723447,0.006425763216403333,1.762032946886952,3300000000.0,6699999999.999996,21205018.614131,9515973.253566,87434.853104,30001426.06097,0.0,12857757.530306,12857757.524398,8.164653,180046.642539,284773.1119696145,90023.321277,149336.0205319252,300000.0,False,True
569,4,0,1,NORMAL,0.0113314675004363,0.011199230968543632,0.006439364003404546,1.7597184278517657,3300000000.0,6699999999.999996,21249901.211235,9536731.62486,87740.49211,30064525.260152,0.0,12884800.044253,12884800.038331,8.164653,180283.42624399997,285998.0664657593,90141.713129,149455.76574979964,300000.0,False,True
570,4,0,1,NORMAL,0.01134051746262649,0.011208346226226398,0.006452982801562121,1.757407049013242,3300000000.0,6699999999.999996,21294843.245155,9557518.808488,88046.777521,30127707.214386,0.0,12911878.024648,12911878.018715,8.164653,180519.869247,287221.2584058295,90259.934629,149575.37100575917,300000.0,False,True
571,4,0,1,NORMAL,0.011349555946152622,0.011217456530737769,0.006466619585362727,1.7550987492510743,3300000000.0,6699999999.999996,21339844.631697,9578334.773034,88353.71019,30190971.800554,0.0,12938991.41873,12938991.412783,8.164653,180755.96048599997,288442.6305660232,90377.98025000001,149694.83050666968,300000.0,False,True
572,4,0,1,NORMAL,0.011358582516626397,0.011226561433053164,0.00648027432847697,1.7527934684357651,3300000000.0,6699999999.999996,21384905.283974,9599179.48592,88661.29097,30254318.891688,0.0,12966140.172087,12966140.166124,8.164653,180991.688966,289662.1260743747,90495.844491,149814.13848921465,300000.0,False,True
573,4,0,1,NORMAL,0.011367596742058094,0.011235660485247032,0.006493947003764545,1.7504911474436566,3300000000.0,6699999999.999996,21430025.112423,9620052.913416,88969.520712,30317748.357003,0.0,12993324.228664,12993324.222686,8.164653,181227.043769,290879.68842091813,90613.521892,149933.28921946845,300000.0,False,True
574,4,0,1,NORMAL,0.011376598192906467,0.0112447532405799,0.006507637583276969,1.7481917281536283,3300000000.0,6699999999.999996,21475204.024814,9640955.020644,89278.400266,30381260.878376,0.0,13020543.530783,13020543.524788,7.348188,181462.01403700002,292095.26146770373,90731.007027,150052.27699516685,300000.0,False,True
575,4,0,1,NORMAL,0.011385586442133394,0.011253839253583352,0.006521346038266364,1.7458951534429141,3300000000.0,6699999999.999996,21520441.926279,9661885.771591,89587.93048,30444854.684522,0.0,13047798.019142,13047798.013135,7.348188,181696.58899800002,293308.78945866507,90848.29450499997,150171.09614636537,300000.0,False,True
576,4,0,1,NORMAL,0.011394561065408653,0.011262918080152727,0.006535072339188182,1.7436013672075343,3300000000.0,6699999999.999996,21565738.719321,9682845.129109,89898.112201,30508530.4498,0.0,13075087.632846,13075087.626824,7.348188,181930.75794900002,294520.21702933253,90965.37898200001,150289.7410361608,300000.0,False,True
577,4,0,1,NORMAL,0.011403521640947357,0.01127198927762335,0.006548816455708485,1.741310314325135,3300000000.0,6699999999.999996,21611094.303838,9703833.05493,90208.946275,30572288.028389,0.0,13102412.309393,13102412.303361,7.348188,182164.510262,295729.48921639,91082.25513599999,150408.20606339423,300000.0,False,True
578,4,0,1,NORMAL,0.011412467749880733,0.01128105240486576,0.006562578356708182,1.7390219407003433,3300000000.0,6699999999.999996,21656508.577137,9724849.509669,90520.433546,30636127.270772,0.0,13129771.984715,13129771.978667,7.348188,182397.835394,296936.55146707135,91198.91770500001,150526.48566050513,300000.0,False,True
579,4,0,1,NORMAL,0.011421398976084154,0.01129010702236372,0.006576358010292121,1.7367361932257115,3300000000.0,6699999999.999996,21701981.433964,9745894.452836,90832.574857,30700048.023775,0.0,13157166.593163,13157166.587095,7.348188,182630.72288200003,298141.3496483939,91315.361451,150644.57429842566,300000.0,False,True
580,4,0,1,NORMAL,0.01143031490626111,0.011299152692292586,0.006590155383792727,1.7344530197833974,3300000000.0,6699999999.999996,21747512.766516,9766967.842846,91145.371049,30764050.130594,0.0,13184596.067521,13184596.061446,7.348188,182863.16234699998,299343.830056226,91431.58117699999,150762.46648431083,300000.0,False,True
581,4,0,1,NORMAL,0.011439215130306149,0.011308188978616041,0.006603970443776666,1.7321723692882416,3300000000.0,6699999999.999996,21793102.464463,9788069.637017,91458.822961,30828134.16563,0.0,13212060.339052,13212060.332966,6.61337,183095.143487,300543.9394241849,91547.57174900001,150880.15676264666,300000.0,False,True
582,4,0,1,NORMAL,0.01144809924104502,0.011317215447159846,0.00661780315605,1.7298941916365644,3300000000.0,6699999999.999996,21838750.414965,9809199.791596,91772.931431,30892298.49526,0.0,13239559.337476,13239559.331377,6.61337,183326.656095,301741.62493236316,91663.328054,150997.63972004116,300000.0,False,True
583,4,0,1,NORMAL,0.011456966834460135,0.011326231665695349,0.006631653485668182,1.727618437727491,3300000000.0,6699999999.999996,21884456.502705,9830358.261752,92087.697296,30956543.686774,0.0,13267092.990995,13267092.984881,6.61337,183557.690051,302936.8342158803,91778.84503299998,151114.90998179428,300000.0,False,True
584,4,0,1,NORMAL,0.011465817509676748,0.01133523720401673,0.0066455213969409095,1.725345059449321,3300000000.0,6699999999.999996,21930220.609905,9851545.00159,92403.121389,31020869.569132,0.0,13294661.226303,13294661.220175,6.61337,183788.235318,304129.51537325716,91894.117666,151231.96221487378,300000.0,False,True
585,4,0,1,NORMAL,0.011474650869111997,0.011344231634022877,0.006659406853436364,1.723074009690651,3300000000.0,6699999999.999996,21976042.61634,9872759.964169,92719.204544,31085275.967814,0.0,13322263.968605,13322263.962466,6.61337,184018.28195699997,305319.616974611,92009.14098400001,151348.79112773307,300000.0,False,True
586,4,0,1,NORMAL,0.011483466518584841,0.011353214529801068,0.006673309817992122,1.7208052423437474,3300000000.0,6699999999.999996,22021922.399374,9894003.101499,93035.947591,31149762.704851,0.0,13349901.141636,13349901.135481,6.61337,184247.82011999996,306507.08806966775,92123.91006800001,151465.39147227837,300000.0,False,True
587,4,0,1,NORMAL,0.011492264067179254,0.011362185467696434,0.006687230252720303,1.7185387122724403,3300000000.0,6699999999.999996,22067859.833977,9915274.364561,93353.35136,31214329.598867,0.0,13377572.667652,13377572.661485,6.61337,184476.84005199999,307691.8781955911,92238.420032,151581.7580453199,300000.0,False,True
588,4,0,1,NORMAL,0.011501043127559962,0.011371144026397308,0.0067011681190133334,1.7162743753477643,3300000000.0,6699999999.999996,22113854.792744,9936573.703308,93671.416678,31278977.126433,0.0,13405278.467478,13405278.461295,5.952033,184705.33209399995,308873.93738462444,92352.66605500001,151697.88568676615,300000.0,False,True
589,4,0,1,NORMAL,0.01150980331581768,0.011380089787005075,0.006715123377553333,1.7140121884121355,3300000000.0,6699999999.999996,22159907.145926,9957901.066681,93990.144371,31343703.776768,0.0,13433018.460493,13433018.454294,5.952033,184933.28668400005,310053.21617154503,92466.64335,151813.76928379148,300000.0,False,True
590,4,0,1,NORMAL,0.011518544251636419,0.011389022333110323,0.006729095988318484,1.7117521092925823,3300000000.0,6699999999.999996,22206016.761451,9979256.402619,94309.535262,31408510.019789,0.0,13460792.564658,13460792.558444,5.952033,185160.69435699997,311229.66560092726,92580.34718600001,151929.4037687934,300000.0,False,True
591,4,0,1,NORMAL,0.011527265558351138,0.011397941250867795,0.006743085910590909,1.7094940967971417,3300000000.0,6699999999.999996,22252183.50495,10000639.658066,94629.590173,31473395.660801,0.0,13488600.696528,13488600.690304,5.952033,185387.54575400002,312403.23723421467,92693.77288199998,152044.7841216007,300000.0,False,True
592,4,0,1,NORMAL,0.0115359668630357,0.011406846129072177,0.006757093102961818,1.7072381107164516,3300000000.0,6699999999.999996,22298407.239774,10022050.778984,94950.309924,31538360.501862,0.0,13516442.771277,13516442.765042,5.952033,185613.83160899996,313573.8831565978,92806.91581,152159.90537023504,300000.0,False,True
593,4,0,1,NORMAL,0.011544647796481266,0.011415736559227603,0.006771117523343637,1.7049841118073548,3300000000.0,6699999999.999996,22344687.827034,10043489.710361,95271.695332,31603404.341829,0.0,13544318.702698,13544318.696454,5.952033,185839.54276700004,314741.5559836975,92919.771388,152274.76259207123,300000.0,False,True
594,4,0,1,NORMAL,0.011553307993339966,0.01142461213562195,0.006785159128972122,1.7027320618035626,3300000000.0,6699999999.999996,22391025.125608,10064956.396226,95593.747213,31668526.976386,0.0,13572228.403233,13572228.396975,5.952033,186064.67017000003,315906.20886805083,93032.33509200001,152389.3509135527,300000.0,False,True
595,4,0,1,NORMAL,0.011561947092054816,0.011433472455391813,0.0067992178764209096,1.7004819233916055,3300000000.0,6699999999.999996,22437418.992189,10086450.779652,95916.466381,31733728.793291,0.0,13600171.783973,13600171.777701,5.35683,186289.20487,317067.79550540034,93144.60244199999,152503.66551208755,300000.0,False,True
596,4,0,1,NORMAL,0.011570564734909616,0.011442317118586509,0.006813293721601515,1.6982336602083066,3300000000.0,6699999999.999996,22483869.281285,10107972.80278,96239.853647,31799008.391595,0.0,13628148.754679,13628148.748402,5.35683,186513.138015,318226.2701407832,93256.56901,152617.70161512357,300000.0,False,True
597,4,0,1,NORMAL,0.011579160568394024,0.01145114572825151,0.006827386619777576,1.6959872368808744,3300000000.0,6699999999.999996,22530375.845266,10129522.406814,96563.90982,31864366.152897,0.0,13656159.223821,13656159.217529,5.35683,186736.46087300003,319381.58757442096,93368.23044399999,152731.45450080693,300000.0,False,True
598,4,0,1,NORMAL,0.011587734242843074,0.011459957890483225,0.006841496525570606,1.6937426189625397,3300000000.0,6699999999.999996,22576938.534383,10151099.532047,96888.635708,31929801.860581,0.0,13684203.098556,13684203.092247,5.35683,186959.16482099998,320533.70316740853,93479.582419,152844.91950280112,300000.0,False,True
599,4,0,1,NORMAL,0.011596285412612466,0.011468753214491563,0.0068556233929660615,1.6914997729470338,3300000000.0,6699999999.999996,22623557.196788,10172704.117865,97214.032116,31995315.295041,0.0,13712280.284768,13712280.278443,5.35683,187181.241328,321682.57284720085,93590.62067199999,152958.09200552857,300000.0,False,True
600,4,0,1,NORMAL,0.011604813736236702,0.01147753131266867,0.006869767175325758,1.6892586662788047,3300000000.0,6699999999.999996,22670231.678575,10194336.10276,97540.099847,32060906.233735,0.0,13740390.687077,13740390.680738,5.35683,187402.68199200003,322828.1531128977,93701.34100300001,153070.96744648457,300000.0,False,True
601,4,0,1,NORMAL,0.011613318876437673,0.011486291800653768,0.006883927825394242,1.687019267342853,3300000000.0,6699999999.999996,22716961.823801,10215995.424335,97866.839701,32126574.451214,0.0,13768534.208864,13768534.202512,5.35683,187623.47851899997,323970.4010403251,93811.73926600002,153183.54131832448,300000.0,False,True
602,4,0,1,NORMAL,0.011621800500090944,0.011495034297391652,0.006898105295304243,1.6847815454487582,3300000000.0,6699999999.999996,22763747.474504,10237682.019325,98194.252477,32192320.254843,0.0,13796710.752284,13796710.745916,4.821147,187843.62271599998,325109.2742869135,93921.81136600001,153295.80916897728,300000.0,False,True
603,4,0,1,NORMAL,0.011630258278279123,0.011503758425190845,0.006912299536590303,1.6825454708254866,3300000000.0,6699999999.999996,22810588.470748,10259395.823607,98522.338971,32258142.342121,0.0,13824920.218271,13824920.21189,4.821147,188063.10651699998,326244.73109637224,94031.55326500001,153407.76660120048,300000.0,False,True
604,4,0,1,NORMAL,0.011638691886403577,0.011512463809785217,0.0069265105001930305,1.6803110146269504,3300000000.0,6699999999.999996,22857484.650637,10281136.772209,98851.099976,32324041.014806,0.0,13853162.506573,13853162.500183,4.821147,188281.921965,327376.7303031596,94140.960987,153519.40927328443,300000.0,False,True
605,4,0,1,NORMAL,0.011647101004208573,0.011521150080393176,0.0069407381364690905,1.6780781489234682,3300000000.0,6699999999.999996,22904435.850348,10302904.799322,99180.536284,32390016.036228,0.0,13881437.515764,13881437.509362,4.821147,188500.06121400004,328505.2313367494,94250.03061299998,153630.73290052722,300000.0,False,True
606,4,0,1,NORMAL,0.011655485315773817,0.011529816869772573,0.006954982395200302,1.675846846688983,3300000000.0,6699999999.999996,22951441.904161,10324699.838313,99510.648684,32456067.167014,0.0,13909745.143257,13909745.136838,4.821147,188717.516541,329630.1942256927,94358.75827899999,153741.73325555315,300000.0,False,True
607,4,0,1,NORMAL,0.011663844509494547,0.011538463814270766,0.006969243225601516,1.673617081786931,3300000000.0,6699999999.999996,22998502.644485,10346521.821737,99841.437962,32522194.165125,0.0,13938085.285321,13938085.278885,4.821147,188934.28033300003,330751.5796014762,94467.14017500001,153852.4061682144,300000.0,False,True
608,4,0,1,NORMAL,0.011672178278228217,0.011547090553880925,0.006983520576330908,1.6713888289795367,3300000000.0,6699999999.999996,23045617.901892,10368370.681351,100172.904902,32588396.785908,0.0,13966457.837095,13966457.830647,4.821147,189150.34510200002,331869.34870217636,94575.172557,153962.747525328,300000.0,False,True
609,4,0,1,NORMAL,0.011680486319279088,0.011555696732293709,0.006997814395495455,1.669162063914971,3300000000.0,6699999999.999996,23092787.505135,10390246.348123,100505.050287,32654675.264234,0.0,13994862.69262,13994862.686166,4.339033,189365.703468,332983.4633759101,94682.851737,154072.75327261246,300000.0,False,True
610,4,0,1,NORMAL,0.011688768334562501,0.011564281996956213,0.007012124630662424,1.6669367631388323,3300000000.0,6699999999.999996,23140011.281186,10412148.752243,100837.874895,32721028.386092,0.0,14023299.744858,14023299.738389,4.339033,189580.34817700004,334093.88608408306,94790.174096,154182.41941448397,300000.0,False,True
611,4,0,1,NORMAL,0.011697024030344595,0.011572845999110303,0.00702645122886697,1.6647129040459823,3300000000.0,6699999999.999996,23187289.055261,10434077.823145,101171.379503,32787456.38132,0.0,14051768.885685,14051768.879198,4.339033,189794.27209199997,335200.5799044343,94897.136055,154291.742016225,300000.0,False,True
612,4,0,1,NORMAL,0.011705253117450657,0.01158138839384194,0.007040794136622424,1.6624904648988708,3300000000.0,6699999999.999996,23234620.650854,10456033.489506,101505.564885,32853958.995184,0.0,14080270.005927,14080269.999425,4.339033,190007.46819700004,336303.50853388023,95003.734106,154400.71720054865,300000.0,False,True
613,4,0,1,NORMAL,0.011713455311313705,0.01158990884013044,0.007055153299927878,1.6602694248236174,3300000000.0,6699999999.999996,23282005.889762,10478015.679268,101840.431813,32920535.970537,0.0,14108802.995377,14108802.98886,4.339033,190219.929591,337402.63629115676,95109.96480300001,154509.34115034866,300000.0,False,True
614,4,0,1,NORMAL,0.01172163033195962,0.011598407000893615,0.007069528664277272,1.6580497637967972,3300000000.0,6699999999.999996,23329444.592115,10500024.319647,102175.981055,32987187.047858,0.0,14137367.742814,14137367.736282,4.339033,190431.64950100004,338497.9281192615,95215.824758,154617.61010934092,300000.0,False,True
615,4,0,1,NORMAL,0.011729777904022068,0.011606882543030935,0.007083920174669394,1.6558314626363637,3300000000.0,6699999999.999996,23376936.576409,10522059.337144,102512.213378,33053911.965299,0.0,14165964.136016,14165964.12947,4.339033,190642.62127200002,339589.3495876965,95321.31064299999,154725.52038186698,300000.0,False,True
616,4,0,1,NORMAL,0.011737897756768235,0.0116153351374656,0.007098327775614545,1.6536145029949698,3300000000.0,6699999999.999996,23424481.659528,10544120.657563,102849.129546,33120710.892627,0.0,14194592.061782,14194592.055222,3.90513,190852.838368,340676.8668945128,95426.419191,154833.0683330913,300000.0,False,True
617,4,0,1,NORMAL,0.011745989624092443,0.011623764459183462,0.0071127514111466675,1.6513988673475708,3300000000.0,6699999999.999996,23472079.656784,10566208.206018,103186.73032,33187582.695655,0.0,14223251.405948,14223251.399376,3.90513,191062.294376,341760.44686815783,95531.14719399999,154940.2503893407,300000.0,False,True
618,4,0,1,NORMAL,0.01175405324460657,0.011632170187275276,0.007127191024829697,1.6491845389940887,3300000000.0,6699999999.999996,23519730.381938,10588321.90695,103525.016458,33254527.539704,0.0,14251942.053409,14251942.046825,3.90513,191270.983008,342840.0569691269,95635.49150999998,155047.06303802025,300000.0,False,True
619,4,0,1,NORMAL,0.011762088361618293,0.011640552004974826,0.0071416465597678785,1.6469715020454037,3300000000.0,6699999999.999996,23567433.647234,10610461.684137,103863.988716,33321545.154034,0.0,14280663.888135,14280663.881536,3.90513,191478.898097,343915.6652914202,95739.44905599998,155153.50282880673,300000.0,False,True
620,4,0,1,NORMAL,0.01177009472309922,0.011648909599692529,0.00715611795861606,1.6447597414081012,3300000000.0,6699999999.999996,23615189.263433,10632627.460707,104203.647846,33388635.26579,0.0,14309416.793186,14309416.786572,3.90513,191686.033599,344987.2405638062,95843.01680699998,155259.56637336148,300000.0,False,True
621,4,0,1,NORMAL,0.011778072081727103,0.0116572426630496,0.007170605163585758,1.6425492427806916,3300000000.0,6699999999.999996,23662997.039833,10654819.159152,104543.9946,33455797.600042,0.0,14338200.650735,14338200.644106,3.90513,191892.38358700002,346054.7521508941,95946.19180099998,155365.2503449097,300000.0,False,True
622,4,0,1,NORMAL,0.011786020194906606,0.011665550890911343,0.007185108116456364,1.640339992645702,3300000000.0,6699999999.999996,23710856.784306,10677036.701343,104885.029724,33523031.879834,0.0,14367015.342081,14367015.335445,3.90513,192097.94226900002,347118.1700540153,96048.97113800001,155470.55147879777,300000.0,False,True
623,4,0,1,NORMAL,0.011793938824909889,0.01167383398342738,0.007199626758584545,1.6381319782789117,3300000000.0,6699999999.999996,23758768.303329,10699280.008533,105226.753963,33590338.216731,0.0,14395860.747686,14395860.741035,3.514617,192302.70396299998,348177.4649119171,96151.35198899999,155575.4665727672,300000.0,False,True
624,4,0,1,NORMAL,0.011801827738606762,0.011682091645051856,0.007214161030913333,1.6359251877016414,3300000000.0,6699999999.999996,23806731.402014,10721549.001382,105569.168059,33657715.548822,0.0,14424736.747163,14424736.740501,3.514617,192506.663125,349232.6080012694,96253.331568,155679.99248881053,300000.0,False,True
625,4,0,1,NORMAL,0.011809686707669352,0.011690323584575566,0.007228710873979697,1.6337196096995983,3300000000.0,6699999999.999996,23854745.884133,10743843.599961,105912.272751,33725163.98383,0.0,14453643.219318,14453643.212646,3.514617,192709.814316,350283.57123698643,96354.90716300003,155784.12614960928,300000.0,False,True
626,4,0,1,NORMAL,0.011817515508616157,0.01169852951515883,0.007243276227924545,1.6315152338187568,3300000000.0,6699999999.999996,23902811.552151,10766163.723774,106256.068776,33792683.237111,0.0,14482580.042164,14482580.035478,3.514617,192912.15224000002,351330.32717236574,96456.07612700001,155887.86454123544,300000.0,False,True
627,4,0,1,NORMAL,0.011825313922613635,0.011706709154349463,0.007257857032502121,1.6293120503280152,3300000000.0,6699999999.999996,23950928.207257,10788509.291761,106600.556866,33860273.022205,0.0,14511547.092931,14511547.086231,3.514617,193113.67170800004,352372.8489990455,96556.83586100001,155991.20471373326,300000.0,False,True
628,4,0,1,NORMAL,0.011833081735657792,0.011714862224111292,0.007272453227090607,1.6271100502342721,3300000000.0,6699999999.999996,23999095.649399,10810880.222317,106945.737752,33927933.050886,0.0,14540544.248089,14540544.241377,3.514617,193314.367666,353411.1105467838,96657.183839,156094.1437785,300000.0,False,True
629,4,0,1,NORMAL,0.011840818738557506,0.011722988450849759,0.007287064750697273,1.6249092252713278,3300000000.0,6699999999.999996,24047313.677301,10833276.4333,107291.612162,33995663.033193,0.0,14569571.383378,14569571.376649,3.514617,193514.235175,354445.08628305997,96757.11759600001,156196.67891068285,300000.0,False,True
630,4,0,1,NORMAL,0.011848524726796244,0.011731087565426953,0.007301691541972121,1.6227095678703602,3300000000.0,6699999999.999996,24095582.088508,10855697.842051,107638.18082,34063463.028949,0.0,14598628.373802,14598628.36706,3.163156,193713.26942499998,355474.75131250196,96856.634719,156298.8073489591,300000.0,False,True
631,4,0,1,NORMAL,0.011856199500777641,0.011739159303191514,0.007316333539213939,1.620511071184907,3300000000.0,6699999999.999996,24143900.679406,10878144.365401,107985.444449,34131332.041949,0.0,14627715.093675,14627715.086915,3.163156,193911.465728,356500.0813761408,96955.732873,156400.5263937104,300000.0,False,True
632,4,0,1,NORMAL,0.011863842865501321,0.011747203403985697,0.007330990680380606,1.6183137290368756,3300000000.0,6699999999.999996,24192269.245256,10900615.919684,108333.403766,34199270.128774,0.0,14656831.416613,14656831.40984,3.163156,194108.81951299997,357521.0528504949,97054.40976300002,156501.83341026487,300000.0,False,True
633,4,0,1,NORMAL,0.011871454630877772,0.011755219612172284,0.007345662903097575,1.6161175359505984,3300000000.0,6699999999.999996,24240687.580222,10923112.420755,108682.059488,34267276.992988,0.0,14685977.215575,14685977.208788,3.163156,194305.32633799998,358537.6427464863,97152.66317599999,156602.72582461746,300000.0,False,True
634,4,0,1,NORMAL,0.011879034611543432,0.011763207676647841,0.007360350144669091,1.6139224871179676,3300000000.0,6699999999.999996,24289155.477408,10945633.783994,109031.412328,34335352.336646,0.0,14715152.362866,14715152.356067,3.163156,194500.98188599997,359549.8287081919,97250.49094900001,156703.2011275866,300000.0,False,True
635,4,0,1,NORMAL,0.011886582626902653,0.01177116735085783,0.007375052342082121,1.611728578396345,3300000000.0,6699999999.999996,24337672.728871,10968179.924331,109381.462995,34403495.860327,0.0,14744356.730168,14744356.723357,3.163156,194695.781954,360557.58901143156,97347.89098299999,156803.2568723733,300000.0,False,True
636,4,0,1,NORMAL,0.011894098501050977,0.011779098392805776,0.0073897694320218185,1.6095358062879086,3300000000.0,6699999999.999996,24386239.125672,10990750.756246,109732.212196,34471707.263187,0.0,14773590.188543,14773590.181724,3.163156,194889.72246200003,361560.9025621949,97444.86123499997,156902.89067511502,300000.0,False,True
637,4,0,1,NORMAL,0.011901582063003315,0.011787000565076585,0.00740450135087697,1.6073441679626033,3300000000.0,6699999999.999996,24434854.457894,11013346.193783,110083.660636,34539986.559308,0.0,14802852.608476,14802852.601637,2.846841,195082.79945800002,362559.74889491155,97541.399739,157002.1002138729,300000.0,False,True
638,4,0,1,NORMAL,0.011909033146256088,0.011794873634830103,0.0074192480347481824,1.6051536611904489,3300000000.0,6699999999.999996,24483518.514669,11035966.150578,110435.809015,34608332.812492,0.0,14832143.859853,14832143.852999,2.846841,195275.00910700002,363554.1081705648,97637.504561,157100.88323164376,300000.0,False,True
639,4,0,1,NORMAL,0.011916451589164162,0.011802717373819398,0.007434009419460303,1.6029642843833356,3300000000.0,6699999999.999996,24532231.084219,11058610.53985,110788.65803,34676746.034182,0.0,14861463.812015,14861463.80515,2.846841,195466.34769299996,364543.96117465326,97733.173852,157199.23753058037,300000.0,False,True
640,4,0,1,NORMAL,0.01192383723480488,0.011810531558399107,0.007448785440566666,1.6007760365692283,3300000000.0,6699999999.999996,24580991.95387,11081279.27443,111142.208377,34745225.918247,0.0,14890812.333766,14890812.32689,2.846841,195656.811621,365529.28931500245,97828.405816,157297.16097696696,300000.0,False,True
641,4,0,1,NORMAL,0.011931189930921973,0.011818315969529616,0.007463576033362727,1.5985889173753556,3300000000.0,6699999999.999996,24629800.910097,11103972.266763,111496.460747,34813772.157341,0.0,14920189.293386,14920189.286501,2.846841,195846.397419,366510.0746194288,97923.198714,157394.65149942442,300000.0,False,True
642,4,0,1,NORMAL,0.011938509530018493,0.011826070392786964,0.007478381132891212,1.5964029270333475,3300000000.0,6699999999.999996,24678657.738541,11126689.428931,111851.415828,34882384.442945,0.0,14949594.558656,14949594.551757,2.846841,196035.101734,367486.29973325937,98017.550874,157491.70708817005,300000.0,False,True
643,4,0,1,NORMAL,0.01194579588915421,0.011833794618359044,0.007493200673953031,1.5942180663436334,3300000000.0,6699999999.999996,24727562.224045,11149430.672655,112207.074306,34951062.465407,0.0,14979027.996865,14979027.989953,2.846841,196222.92132899998,368457.9479167101,98111.46067100001,157588.3257962441,300000.0,False,True
644,4,0,1,NORMAL,0.011953048870085891,0.011841488441051099,0.007508034591115757,1.5920343366864493,3300000000.0,6699999999.999996,24776514.150682,11172195.909311,112563.436864,35019806.198669,0.0,15008489.474836,15008489.467912,2.562157,196409.85308600002,369425.00304212444,98204.92654899998,157684.50573683556,300000.0,False,True
645,4,0,1,NORMAL,0.011960268339228631,0.01184915166028836,0.007522882818721212,1.5898517400091199,3300000000.0,6699999999.999996,24825513.30178,11194985.049944,112920.504181,35088614.761565,0.0,15037978.85895,15037978.852009,2.562157,196595.894003,370387.449591077,98297.94701,157780.24508513376,300000.0,False,True
646,4,0,1,NORMAL,0.011967454167498342,0.011856784080108358,0.007537745290896061,1.5876702787970822,3300000000.0,6699999999.999996,24874559.459957,11217798.005283,113278.276932,35157488.125983,0.0,15067496.015137,15067496.008186,2.562157,196781.0412,371345.2726513429,98390.52060500001,157875.54207781793,300000.0,False,True
647,4,0,1,NORMAL,0.011974606230559428,0.011864385509169718,0.007552621941557879,1.5854899560998583,3300000000.0,6699999999.999996,24923652.407141,11240634.685745,113636.755791,35226425.978149,0.0,15097040.808932,15097040.80197,2.562157,196965.291911,372298.457913738,98482.645961,157970.3950109781,300000.0,False,True
648,4,0,1,NORMAL,0.011981724408594357,0.011871955760745503,0.007567512704427273,1.5833107754922708,3300000000.0,6699999999.999996,24972791.92461,11263495.001451,113995.941428,35295428.003367,0.0,15126613.105464,15126613.09849,2.562157,197148.64348799997,373246.9916688311,98574.32175,158064.80224338445,300000.0,False,True
649,4,0,1,NORMAL,0.01198880858629641,0.011879494652716531,0.0075824175130327276,1.5811327410670724,3300000000.0,6699999999.999996,25021977.793008,11286378.862241,114355.834509,35364493.886051,0.0,15156212.769482,15156212.762494,2.562157,197331.09339,374190.8608035321,98665.546702,158158.7621934455,300000.0,False,True
650,4,0,1,NORMAL,0.01199585865290546,0.01188700200756743,0.007597336300721818,1.578955857431998,3300000000.0,6699999999.999996,25071209.792382,11309286.177681,114716.435697,35433623.309768,0.0,15185839.665373,15185839.658371,2.562157,197512.63920199996,375130.05279755883,98756.31960799999,158252.2733391126,300000.0,False,True
651,4,0,1,NORMAL,0.012002874502209045,0.011894477652383018,0.007612269000667272,1.5767801297033648,3300000000.0,6699999999.999996,25120487.702202,11332216.857082,115077.745654,35502816.213493,0.0,15215493.657181,15215493.650161,2.305942,197693.27861799998,376064.5557197851,98846.63931800002,158345.33421835207,300000.0,False,True
652,4,0,1,NORMAL,0.012009856032346958,0.011901921418832305,0.007627215545878787,1.5746055634727987,3300000000.0,6699999999.999996,25169811.3014,11355170.809504,115439.765036,35572071.766793,0.0,15245174.608608,15245174.601574,2.305942,197873.00944000002,376994.35822447407,98936.50472699999,158437.9434291594,300000.0,False,True
653,4,0,1,NORMAL,0.012016803146057402,0.011909333143169408,0.007642175869208788,1.5724321648333814,3300000000.0,6699999999.999996,25219180.368389,11378147.94377,115802.494497,35641389.907148,0.0,15274882.383057,15274882.37601,2.305942,198051.82959500002,377919.44954739854,99025.91480400001,158530.09962697982,300000.0,False,True
654,4,0,1,NORMAL,0.012023715750429573,0.011916712666218451,0.007657149903360303,1.5702599403405992,3300000000.0,6699999999.999996,25268594.681089,11401148.168481,116165.934688,35710770.315132,0.0,15304616.843633,15304616.836574,2.305942,198229.737108,378839.8195018525,99114.86856,158621.80152795772,300000.0,False,True
655,4,0,1,NORMAL,0.012030593756939467,0.011924059833361745,0.00767213758089606,1.5680888970104163,3300000000.0,6699999999.999996,25318054.016957,11424171.392025,116530.086256,35780212.67067,0.0,15334377.85316,15334377.846089,2.305942,198406.730118,379755.4584745555,99203.36506499999,158713.0479056704,300000.0,False,True
656,4,0,1,NORMAL,0.012037437081521014,0.011931374494533312,0.007687138834248181,1.5659190423218499,3300000000.0,6699999999.999996,25367558.153019,11447217.522587,116894.949847,35849716.653077,0.0,15364165.274204,15364165.267117,2.305942,198582.80688600003,380666.3574214552,99291.40345099999,158803.83759160095,300000.0,False,True
657,4,0,1,NORMAL,0.01204424564430107,0.011938656504195748,0.00770215359572303,1.5637503841768599,3300000000.0,6699999999.999996,25417106.865886,11470286.468165,117260.5261,35919281.941092,0.0,15393978.969078,15393978.96198,2.305942,198757.96576700002,381572.5078634277,99378.98288900004,158894.16947607737,300000.0,False,True
658,4,0,1,NORMAL,0.012051019369874225,0.011945905721336296,0.007717181797512424,1.5615829309293685,3300000000.0,6699999999.999996,25466699.931791,11493378.136576,117626.815654,35988908.443513,0.0,15423818.799875,15423818.79276,2.075348,198932.205231,382473.90188188234,99466.102624,158984.04250477412,300000.0,False,True
659,4,0,1,NORMAL,0.012057758186936834,0.011953122009439557,0.0077322233716990915,1.5594166913322425,3300000000.0,6699999999.999996,25516337.126607,11516492.435474,117993.819144,36058595.376859,0.0,15453684.628462,15453684.621334,2.075348,199105.52385300002,383370.53211427137,99552.76193299997,159073.45568233976,300000.0,False,True
660,4,0,1,NORMAL,0.012064462028578358,0.01196030523648077,0.007747278250266969,1.5572516745687583,3300000000.0,6699999999.999996,25566018.225881,11539629.272351,118361.537201,36128342.648968,0.0,15483576.31652,15483576.309379,2.075348,199277.920321,384262.3917495088,99638.96016699998,159162.40806756623,300000.0,False,True
661,4,0,1,NORMAL,0.012071130832026725,0.01196745527490309,0.007762346365107273,1.5550878902142247,3300000000.0,6699999999.999996,25615743.004854,11562788.554558,118729.970454,36198149.936662,0.0,15513493.725542,15513493.718391,2.075348,199449.393422,385149.47452330095,99724.696716,159250.8987772343,300000.0,False,True
662,4,0,1,NORMAL,0.012077764538777937,0.011974572001604693,0.007777427648026364,1.5529253482470964,3300000000.0,6699999999.999996,25665511.238487,11585970.189311,119099.119527,36268016.916374,0.0,15543436.716863,15543436.709695,2.075348,199619.94204899998,386031.77471339185,99809.97103300001,159338.92698275278,300000.0,False,True
663,4,0,1,NORMAL,0.01208436309433544,0.011981655297909902,0.0077925220307551515,1.5507640590095808,3300000000.0,6699999999.999996,25715322.701492,11609174.083703,119468.985042,36337943.264189,0.0,15573405.151656,15573405.144471,2.075348,199789.565199,386909.28713472694,99894.78260800001,159426.49191186877,300000.0,False,True
664,4,0,1,NORMAL,0.012090926448377571,0.011988705049552979,0.007807629444953636,1.5486040332245008,3300000000.0,6699999999.999996,25765177.168347,11632400.144717,119839.567618,36407928.655876,0.0,15603398.890964,15603398.883764,2.075348,199958.26197500003,387782.00713453675,99979.13099499998,159513.5928452278,300000.0,False,True
665,4,0,1,NORMAL,0.012097454554668485,0.011995721146657205,0.007822749822222424,1.5464452819777927,3300000000.0,6699999999.999996,25815074.413334,11655648.279231,120210.86787,36477972.97446,0.0,15633417.79571,15633417.788498,1.867814,200126.03158,388649.93058734556,100063.015796,159600.22911858396,300000.0,False,True
666,4,0,1,NORMAL,0.012103947371027511,0.012002703483713354,0.00783788309410697,1.5442878167101068,3300000000.0,6699999999.999996,25865014.210553,11678918.394031,120582.88641,36548075.480117,0.0,15663461.726717,15663461.719491,1.867814,200292.87331400003,389513.0538899061,100146.43666400002,159686.400121624,300000.0,False,True
667,4,0,1,NORMAL,0.012110404859219194,0.01200965195955244,0.007853029192105456,1.5421316491976906,3300000000.0,6699999999.999996,25914996.333948,11702210.395827,120955.623847,36618236.055417,0.0,15693530.544714,15693530.537475,1.867814,200458.786581,390371.37395606417,100229.393297,159772.10529756313,300000.0,False,True
668,4,0,1,NORMAL,0.01211682698504696,0.012016566477326282,0.007868188047677879,1.5399767915591407,3300000000.0,6699999999.999996,25965020.557337,11725524.191257,121329.080786,36688454.375224,0.0,15723624.110358,15723624.103105,1.867814,200623.77088799997,391224.88821155624,100311.88545100001,159857.34414169335,300000.0,False,True
669,4,0,1,NORMAL,0.01212321371816082,0.012023446944476898,0.007883359592251213,1.537823256226582,3300000000.0,6699999999.999996,26015086.654429,11748859.686901,121703.25783,36758730.114262,0.0,15753742.284241,15753742.276978,1.867814,200787.825832,392073.5945887427,100393.91292100001,159942.1162026199,300000.0,False,True
670,4,0,1,NORMAL,0.012129565032168901,0.012030293272715091,0.007898543757229395,1.5356710559547042,3300000000.0,6699999999.999996,26065194.398857,11772216.789283,122078.155578,36829062.947147,0.0,15783884.926916,15783884.919642,1.867814,200950.95110900002,392917.4915212793,100475.47555999999,160026.42107972282,300000.0,False,True
671,4,0,1,NORMAL,0.012135880904459424,0.01203710537798892,0.007913740473997576,1.533520203794232,3300000000.0,6699999999.999996,26115343.564192,11795595.404893,122453.774625,36899452.548424,0.0,15814051.898899,15814051.891617,1.867814,201113.14651199998,393756.5779387304,100556.57326,160110.25842462952,300000.0,False,True
672,4,0,1,NORMAL,0.012142161316338388,0.01204388318046308,0.007928949673929394,1.5313707131049337,3300000000.0,6699999999.999996,26165533.923967,11818995.440191,122830.115564,36969898.779379,0.0,15844243.060697,15844243.053403,1.681033,201274.411932,394590.8532611265,100637.20597200003,160193.6279388644,300000.0,False,True
673,4,0,1,NORMAL,0.012148406252815923,0.012050626604485845,0.007944171288396666,1.5292225975237976,3300000000.0,6699999999.999996,26215765.251709,11842416.801612,123207.178984,37040400.940947,0.0,15874458.272812,15874458.265501,1.681033,201434.74734899998,395420.3173934684,100717.37368300001,160276.52937566672,300000.0,False,True
674,4,0,1,NORMAL,0.012154615702573512,0.012057335578556018,0.007959405248773333,1.5270758709574093,3300000000.0,6699999999.999996,26266037.320952,11865859.395588,123584.965471,37110958.894436,0.0,15904697.395749,15904697.388423,1.681033,201594.15283700003,396244.97072018223,100797.07642599999,160358.96253717018,300000.0,False,True
675,4,0,1,NORMAL,0.012160789658050505,0.012064010035297598,0.007974651486443636,1.5249305475885708,3300000000.0,6699999999.999996,26316349.905264,11889323.128546,123963.475608,37181572.314429,0.0,15934960.290044,15934960.282703,1.681033,201752.62856100002,397064.8140995264,100876.31428800001,160440.92727397036,300000.0,False,True
676,4,0,1,NORMAL,0.012166928115358449,0.012070649911430557,0.007989909932808485,1.522786641861647,3300000000.0,6699999999.999996,26366702.778268,11912807.906924,124342.709974,37252240.875598,0.0,15965246.816274,15965246.808916,1.681033,201910.17478099998,397879.84885795414,100955.08739900001,160522.42348626666,300000.0,False,True
677,4,0,1,NORMAL,0.01217303107409749,0.01207725514773165,0.00800518051929212,1.5206441684557943,3300000000.0,6699999999.999996,26417095.713664,11936313.637177,124722.669146,37322964.252738,0.0,15995556.835058,15995556.82769,1.681033,202066.791838,398690.0767844348,101033.395924,160603.45112273155,300000.0,False,True
678,4,0,1,NORMAL,0.012179098537575707,0.012083825689011911,0.00802046317735,1.5185031423085145,3300000000.0,6699999999.999996,26467528.485255,11959840.225786,125103.353696,37393742.120795,0.0,16025890.20709,16025890.199713,1.681033,202222.480169,399495.5001247353,101111.24008899998,160684.01017808684,300000.0,False,True
679,4,0,1,NORMAL,0.012185130512618375,0.012090361484083297,0.008035757838470908,1.5163635785890026,3300000000.0,6699999999.999996,26518000.866954,11983387.579275,125484.764195,37464574.322999,0.0,16056246.793144,16056246.785754,1.51293,202377.240297,400296.1215756657,101188.62015500001,160764.10069599934,300000.0,False,True
680,4,0,1,NORMAL,0.01219112700945492,0.012096862485720176,0.008051064434188484,1.5142254926796819,3300000000.0,6699999999.999996,26568512.632822,12006955.604207,125866.901208,37535460.198483,0.0,16086626.454081,16086626.446674,1.51293,202531.07282500004,401091.9442792909,101265.536421,160843.72276656257,300000.0,False,True
681,4,0,1,NORMAL,0.01219708804172617,0.01210332865062379,0.008066382896086665,1.5120889001740148,3300000000.0,6699999999.999996,26619063.557086,12030544.207202,126249.7653,37606399.590935,0.0,16117029.05086,16117029.043438,1.51293,202683.97844700003,401882.97181711043,101341.989231,160922.87652480495,300000.0,False,True
682,4,0,1,NORMAL,0.012203013626547026,0.012109759939393032,0.008081713155801515,1.5099538168818831,3300000000.0,6699999999.999996,26669653.414145,12054153.29495,126633.357029,37677392.176212,0.0,16147454.444561,16147454.437126,1.51293,202835.95794300002,402669.208204211,101417.97897799998,161001.56215078544,300000.0,False,True
683,4,0,1,NORMAL,0.012208903784343838,0.012116156316486633,0.008097055145033333,1.5078202588051632,3300000000.0,6699999999.999996,26720281.97861,12077782.774203,127017.676953,37748437.630467,0.0,16177902.496395,16177902.488949,1.51293,202987.012167,403450.6578833918,101493.50608900002,161079.77987042075,300000.0,False,True
684,4,0,1,NORMAL,0.012214758538906889,0.012122517750191167,0.008112408795548484,1.5056882421420237,3300000000.0,6699999999.999996,26770949.02531,12101432.551797,127402.725625,37819535.630182,0.0,16208373.067718,16208373.060255,1.51293,203137.14205900003,404227.32571926626,101568.57103799998,161157.52995333864,300000.0,False,True
685,4,0,1,NORMAL,0.012220577917147998,0.01212884421257548,0.008127774039187878,1.5035577832536633,3300000000.0,6699999999.999996,26821654.32932,12125102.534662,127788.503596,37890685.852203,0.0,16238866.020023,16238866.012548,1.51293,203286.34863999998,404999.2169923435,101643.17432600001,161234.81271357092,300000.0,False,True
686,4,0,1,NORMAL,0.012226361949401925,0.012135135679467508,0.008143150807870606,1.5014288986991093,3300000000.0,6699999999.999996,26872397.665973,12148792.629821,128175.011412,37961888.125047,0.0,16269381.214988,16269381.207496,1.361637,203434.633015,405766.33739309025,101717.31651599999,161311.6285063536,300000.0,False,True
687,4,0,1,NORMAL,0.012232110669001307,0.012141392130405174,0.008158539033602424,1.4993016051796944,3300000000.0,6699999999.999996,26923178.810888,12172502.744404,128562.249617,38033141.823769,0.0,16299918.514452,16299918.506946,1.361637,203581.996358,406528.6930159768,101790.99818599998,161387.9777321054,300000.0,False,True
688,4,0,1,NORMAL,0.0122378241124869,0.012147613548603995,0.008173938648477878,1.4971759195630596,3300000000.0,6699999999.999996,26973997.539977,12196232.785655,128950.218752,38104446.777737,0.0,16330477.780452,16330477.772933,1.361637,203728.43992300003,407286.2903535089,101864.21996799999,161463.86083081726,300000.0,False,True
689,4,0,1,NORMAL,0.012243502319493099,0.012153799920919422,0.008189349584690303,1.4950518588657993,3300000000.0,6699999999.999996,27024853.629478,12219982.660941,129338.919354,38175802.665497,0.0,16361058.87522,16361058.867686,1.361637,203873.965041,408039.1362902479,101936.98252800001,161539.27828482707,300000.0,False,True
690,4,0,1,NORMAL,0.012249145332640298,0.012159951237804641,0.008204771774534545,1.492929440238475,3300000000.0,6699999999.999996,27075746.855964,12243752.277756,129728.351957,38247209.166086,0.0,16391661.661196,16391661.653653,1.361637,204018.573121,408787.2380968218,102009.286565,161614.23061730893,300000.0,False,True
691,4,0,1,NORMAL,0.012254753197647222,0.012166067493278357,0.008220205150410909,1.4908086809773398,3300000000.0,6699999999.999996,27126676.996356,12267541.543739,130118.517092,38318665.959057,0.0,16422286.00105,16422285.993496,1.361637,204162.265639,409530.603423929,102081.132825,161688.71839085195,300000.0,False,True
692,4,0,1,NORMAL,0.012260325963079076,0.012172148684878403,0.008235649644834848,1.488689598490677,3300000000.0,6699999999.999996,27177643.827955,12291350.366666,130509.415288,38390172.724505,0.0,16452931.757679,16452931.750116,1.361637,204305.04414500002,410269.24029633665,102152.52207700002,161762.74220894335,300000.0,False,True
693,4,0,1,NORMAL,0.012265863680514353,0.01217819481362911,0.00825110519044,1.4865722103174714,3300000000.0,6699999999.999996,27228647.128452,12315178.654465,130901.047068,38461729.279257,0.0,16483598.794229,16483598.786653,1.225474,204446.91026499995,411003.1571068768,102223.45513900003,161836.3027126438,300000.0,False,True
694,4,0,1,NORMAL,0.012271366404265467,0.012184205883992745,0.008266571719982121,1.4844565340917417,3300000000.0,6699999999.999996,27279686.675941,12339026.315232,131293.412954,38533335.032245,0.0,16514286.97409,16514286.966504,1.225474,204587.865688,411732.3626104417,102293.932849,161909.40058278944,300000.0,False,True
695,4,0,1,NORMAL,0.012276834191595113,0.01219018190383806,0.00828204916634606,1.482342587566587,3300000000.0,6699999999.999996,27330762.248942,12362893.257224,131686.513464,38604989.801504,0.0,16544996.160927,16544996.153328,1.225474,204727.912179,412456.8659179801,102363.956096,161982.0365363042,300000.0,False,True
696,4,0,1,NORMAL,0.012282267102433872,0.012196122884392629,0.008297537462550908,1.4802303885781962,3300000000.0,6699999999.999996,27381873.626418,12386779.388874,132080.349113,38676693.269547,0.0,16575726.218672,16575726.211057,1.225474,204867.05156,413176.6764904975,102433.52578800001,162054.21132905548,300000.0,False,True
697,4,0,1,NORMAL,0.012287665199479922,0.012202028840204713,0.008313036541752425,1.4781199550567148,3300000000.0,6699999999.999996,27433020.587783,12410684.618799,132474.920413,38748445.119551,0.0,16606477.011543,16606477.003913,1.225474,205005.28573499998,413891.80413306114,102502.642875,162125.9257521271,300000.0,False,True
698,4,0,1,NORMAL,0.01229302854812236,0.012207899789102626,0.008328546337251516,1.476011305014742,3300000000.0,6699999999.999996,27484202.91293,12434608.8558,132870.227872,38820245.035377,0.0,16637248.404055,16637248.396407,1.225474,205142.61665799998,414602.2589888128,102571.308338,162197.18063313497,300000.0,False,True
699,4,0,1,NORMAL,0.012298357216307015,0.012213735752148071,0.008344066782496667,1.4739044565301485,3300000000.0,6699999999.999996,27535420.382239,12458552.008877,133266.271996,38892092.7016,0.0,16668040.261016,16668040.253358,1.225474,205279.046358,415308.05153299065,102639.52318399999,162267.97683521514,300000.0,False,True
700,4,0,1,NORMAL,0.012303651274699855,0.012219536753603025,0.00835959781108818,1.471799427764369,3300000000.0,6699999999.999996,27586672.776591,12482513.987231,133663.053287,38963987.926066,0.0,16698852.447562,16698852.439894,1.102927,205414.57692000002,416009.1925669622,102707.28846499999,162338.31525525262,300000.0,False,True
701,4,0,1,NORMAL,0.012308910796518299,0.012225302820887882,0.008375139356785456,1.469696236940313,3300000000.0,6699999999.999996,27637959.877392,12506494.700267,134060.572245,39035930.149735,0.0,16729684.82915,16729684.821463,1.102927,205549.21049500004,416705.6932122702,102774.60525700002,162408.1968260381,300000.0,False,True
702,4,0,1,NORMAL,0.012314135857293455,0.012231033984526952,0.008390691353508182,1.4675949023133672,3300000000.0,6699999999.999996,27689281.466577,12530494.057613,134458.829365,39107919.181985,0.0,16760537.271553,16760537.263853,1.102927,205682.94929299998,417397.5649046927,102841.47465300003,162477.62251404155,300000.0,False,True
703,4,0,1,NORMAL,0.012319326535193955,0.012236730278118373,0.008406253735343637,1.4654954422084616,3300000000.0,6699999999.999996,27740637.326634,12554511.96911,134857.825141,39179954.710436,0.0,16791409.640901,16791409.633188,1.102927,205815.79558499999,418084.81938832055,102907.89779900001,162546.5933162736,300000.0,False,True
704,4,0,1,NORMAL,0.012324482910728544,0.012242391738286772,0.008421826436548182,1.4633978749839835,3300000000.0,6699999999.999996,27792027.240609,12578548.344833,135257.560062,39252036.423528,0.0,16822301.803664,16822301.79594,1.102927,205947.751699,418767.46870965196,102973.87585499999,162615.11026456024,300000.0,False,True
705,4,0,1,NORMAL,0.012329605066835,0.012248018404644723,0.008437409391554847,1.4613022190408256,3300000000.0,6699999999.999996,27843450.992131,12602603.095083,135658.034615,39324164.010531,0.0,16853213.626679,16853213.618939,1.102927,206078.82001999998,419445.5252117074,103039.410018,162683.1744216168,300000.0,False,True
706,4,0,1,NORMAL,0.0123346930886646,0.01225361031974278,0.00845300253497515,1.4592084927963247,3300000000.0,6699999999.999996,27894908.365418,12626676.130407,136059.249283,39396337.161576,0.0,16884144.977136,16884144.969385,1.102927,206209.002993,420119.0015281655,103104.501502,162750.786882222,300000.0,False,True
707,4,0,1,NORMAL,0.012339747063752305,0.012259167529033718,0.008468605801603636,1.4571167147035726,3300000000.0,6699999999.999996,27946399.145292,12650767.361592,136461.204547,39468555.677954,0.0,16915095.722612,16915095.714848,0.992635,206338.30311099996,420787.9105775221,103169.15156200001,162817.94877037272,300000.0,False,True
708,4,0,1,NORMAL,0.012344767081852611,0.012264690080828486,0.008484219126421819,1.4550269032312184,3300000000.0,6699999999.999996,27997923.117192,12674876.699681,136863.900884,39540819.030975,0.0,16946065.731064,16946065.723283,0.992635,206466.722929,421452.2655572737,103233.36147299997,162884.6612415304,300000.0,False,True
709,4,0,1,NORMAL,0.012349753234849343,0.012270178026249188,0.008499842444602423,1.4529390768521473,3300000000.0,6699999999.999996,28049480.067188,12699004.055971,137267.338769,39613127.023739,0.0,16977054.870833,16977054.863035,0.992635,206594.26504899998,422112.07993812626,103297.13253300001,162950.9254804545,300000.0,False,True
710,4,0,1,NORMAL,0.012354705616797563,0.012275631419187793,0.008515475691513636,1.4508532540478076,3300000000.0,6699999999.999996,28101069.781995,12723149.342018,137671.518673,39685479.349979,0.0,17008063.010664,17008063.00285,0.992635,206720.93212600003,422767.3674582326,103360.46607099999,163016.74270001132,300000.0,False,True
711,4,0,1,NORMAL,0.01235962432385667,0.012281050316263205,0.008531118802722424,1.4487694532999007,3300000000.0,6699999999.999996,28152692.048984,12747312.469649,138076.441064,39757875.704379,0.0,17039090.019704,17039090.011876,0.992635,206846.726866,423418.14211745694,103423.36344000002,163082.11414172783,300000.0,False,True
712,4,0,1,NORMAL,0.012364509454322496,0.01228643477678316,0.008546771713998485,1.446687693093646,3300000000.0,6699999999.999996,28204346.656195,12771493.350961,138482.106407,39830315.782586,0.0,17070135.76752,17070135.759676,0.992635,206971.65203,424064.41817167035,103485.82602300002,163147.04107490805,300000.0,False,True
713,4,0,1,NORMAL,0.012369361108335966,0.012291784862689793,0.008562434361316061,1.4446079918836041,3300000000.0,6699999999.999996,28256033.392343,12795691.898333,138888.515165,39902799.281229,0.0,17101200.124088,17101200.116236,0.992635,207095.71041399997,424706.210127078,103547.85521099999,163211.52479705695,300000.0,False,True
714,4,0,1,NORMAL,0.012374179388238168,0.012297100638531625,0.00857810668086,1.4425303681345207,3300000000.0,6699999999.999996,28307752.046838,12819908.024421,139295.667796,39975325.997195,0.0,17132282.959829,17132282.951963,0.893372,207218.904874,425343.5327345781,103609.45244400001,163275.56663003474,300000.0,False,True
715,4,0,1,NORMAL,0.012378964398122267,0.012302382171408442,0.008593788609027878,1.4404548402689374,3300000000.0,6699999999.999996,28359502.409792,12844141.642171,139703.564757,40047895.430598,0.0,17163384.145586,17163384.137705,0.893372,207341.23830499998,425976.4009841553,103670.61916,163339.16792474384,300000.0,False,True
716,4,0,1,NORMAL,0.012383716243975225,0.01230762953092888,0.008609480082434848,1.4383814266834316,3300000000.0,6699999999.999996,28411284.272035,12868392.664821,140112.2065,40120507.380375,0.0,17194503.552639,17194503.544752,0.893372,207462.71365400002,426604.8300993088,103731.35683,163402.33005521394,300000.0,False,True
717,4,0,1,NORMAL,0.012388435033807208,0.012312842789179095,0.008625181037913333,1.4363101457641183,3300000000.0,6699999999.999996,28463097.425114,12892661.005908,140521.593476,40193161.547239,0.0,17225641.052734,17225641.044834,0.893372,207583.33390499998,427228.83553151734,103791.66695900001,163465.054420473,300000.0,False,True
718,4,0,1,NORMAL,0.012393120877236253,0.012318022020666654,0.008640891412520302,1.4342410158376857,3300000000.0,6699999999.999996,28514941.661317,12916946.579266,140931.726132,40265857.632965,0.0,17256796.518058,17256796.510144,0.893372,207703.10208599997,427848.4329547406,103851.55105000001,163527.34244625515,300000.0,False,True
719,4,0,1,NORMAL,0.012397773885671693,0.012323167302279883,0.008656611143538788,1.4321740551930964,3300000000.0,6699999999.999996,28566816.773678,12941249.299042,141342.604912,40338595.340409,0.0,17287969.821254,17287969.813332,0.893372,207822.02127200004,428463.63825995964,103911.01064,163589.19557951853,300000.0,False,True
720,4,0,1,NORMAL,0.012402394172332782,0.01232827871325104,0.008672340168479394,1.4301092820840553,3300000000.0,6699999999.999996,28618722.555982,12965569.079689,141754.230257,40411374.373508,0.0,17319160.835446,17319160.827516,0.893372,207940.09457400005,429074.4675497561,103970.04729100001,163650.61529086635,300000.0,False,True
721,4,0,1,NORMAL,0.01240698185210459,0.012333356335112561,0.008688078425085151,1.4280467147121763,3300000000.0,6699999999.999996,28670658.802781,12989905.835973,142166.602605,40484194.526641,0.0,17350369.434229,17350369.426285,0.804035,208057.325144,429680.93713293294,104028.66257900001,163711.6030747927,300000.0,False,True
722,4,0,1,NORMAL,0.012411537041406583,0.01233840025164766,0.008703825851335454,1.4259863712119476,3300000000.0,6699999999.999996,28722625.309407,13014259.482982,142579.722391,40557055.327299,0.0,17381595.491664,17381595.48371,0.804035,208173.716176,430283.063519175,104086.858093,163772.1604477806,300000.0,False,True
723,4,0,1,NORMAL,0.012416059858317697,0.01234341054885218,0.008719582385445757,1.4239282696659756,3300000000.0,6699999999.999996,28774621.871971,13038629.936126,142993.590048,40629956.57211,0.0,17412838.882304,17412838.874342,0.804035,208289.27089400004,430880.863413753,104144.63545100001,163832.2889465669,300000.0,False,True
724,4,0,1,NORMAL,0.012420550422532862,0.012348387314896096,0.008735347965872425,1.421872428099936,3300000000.0,6699999999.999996,28826648.287379,13063017.111141,143408.206005,40702897.969506,0.0,17444099.481198,17444099.473225,0.804035,208403.99256899997,431474.3537122702,104201.99629,163891.9901297936,300000.0,False,True
725,4,0,1,NORMAL,0.012425008855211805,0.012353330640077756,0.008751122531313939,1.4198188644658654,3300000000.0,6699999999.999996,28878704.353336,13087420.924096,143823.570688,40775879.229076,0.0,17475377.163886,17475377.155896,0.804035,208517.88449900004,432063.5514954529,104258.942258,163951.26557743378,300000.0,False,True
726,4,0,1,NORMAL,0.012429435278928903,0.01235824061677783,0.008766906020716668,1.4177675966364283,3300000000.0,6699999999.999996,28930789.868365,13111841.291392,144239.684521,40848900.061582,0.0,17506671.806399,17506671.798396,0.804035,208630.95002500006,432648.4740239859,104315.475019,164010.11688879583,300000.0,False,True
727,4,0,1,NORMAL,0.012433829817762988,0.012363117339422035,0.008782698373273636,1.4157186424163215,3300000000.0,6699999999.999996,28982904.631803,13136278.129767,144656.547925,40921960.17896,0.0,17537983.285283,17537983.277269,0.804035,208743.19251300002,433229.1387333938,104371.59626199999,164068.54568186152,300000.0,False,True
728,4,0,1,NORMAL,0.012438192597254105,0.01236796090444346,0.008798499528428181,1.4136720195376473,3300000000.0,6699999999.999996,29035048.443813,13160731.356301,145074.161318,40995059.374738,0.0,17569311.477601,17569311.46957,0.723632,208854.61536899995,433805.5632289673,104427.307693,164126.55359447145,300000.0,False,True
729,4,0,1,NORMAL,0.012442523744150736,0.012372771410231027,0.008814309425876968,1.411627745631676,3300000000.0,6699999999.999996,29087221.105394,13185200.888422,145492.525114,41068197.202442,0.0,17600656.260917,17600656.25287,0.723632,208965.222024,434377.76528073836,104482.61102,164184.14228375416,300000.0,False,True
730,4,0,1,NORMAL,0.012446823386611391,0.012377548957094277,0.008830128005572424,1.409585838252467,3300000000.0,6699999999.999996,29139422.418389,13209686.643904,145911.639726,41141373.45802,0.0,17632017.51332,17632017.50526,0.723632,209075.01594900002,434945.76281850104,104537.507981,164241.31342278974,300000.0,False,True
731,4,0,1,NORMAL,0.012451091654092037,0.012382293647223165,0.008845955207725152,1.4075463148647336,3300000000.0,6699999999.999996,29191652.185493,13234188.540869,146331.505563,41214587.858239,0.0,17663395.113426,17663395.105353,0.723632,209184.000637,435509.5739268821,104592.00032500002,164298.06870327037,300000.0,False,True
732,4,0,1,NORMAL,0.012455328677254853,0.012387005584644565,0.008861790972803636,1.4055091928346757,3300000000.0,6699999999.999996,29243910.210252,13258706.4978,146752.123031,41287840.121101,0.0,17694788.940376,17694788.932293,0.723632,209292.179614,436069.2168404594,104646.08981199999,164354.4098340149,300000.0,False,True
733,4,0,1,NORMAL,0.012459534588039622,0.012391684875186182,0.00887763524153909,1.4034744894384223,3300000000.0,6699999999.999996,29296196.297079,13283240.433531,147173.492534,41361129.965847,0.0,17726198.873853,17726198.865752,0.723632,209399.556428,436624.7099389296,104699.778223,164410.33853976405,300000.0,False,True
734,4,0,1,NORMAL,0.012463709519430807,0.012396331626427773,0.008893487954926668,1.4014422218367506,3300000000.0,6699999999.999996,29348510.251258,13307790.267261,147595.614473,41434457.112975,0.0,17757624.794065,17757624.785948,0.723632,209506.13466399998,437176.0717423272,104753.06734,164465.856562123,300000.0,False,True
735,4,0,1,NORMAL,0.012467853605632394,0.012400945947666782,0.008909349054226667,1.399412407095841,3300000000.0,6699999999.999996,29400851.878948,13332355.918552,148018.489245,41507821.356609,0.0,17789066.581765,17789066.573633,0.651269,209611.91792700003,437723.3209062918,104805.958971,164520.96565648666,300000.0,False,True
736,4,0,1,NORMAL,0.012471966981933123,0.012405527949877515,0.008925218480968484,1.397385062172705,3300000000.0,6699999999.999996,29453220.987196,13356937.307328,148442.117247,41581222.275053,0.0,17820524.118252,17820524.110108,0.651269,209716.90985000003,438266.476217388,104858.45493099999,164575.6675943476,300000.0,False,True
737,4,0,1,NORMAL,0.012476049784728284,0.012410077745674339,0.008941096176947575,1.3953602039193718,3300000000.0,6699999999.999996,29505617.383927,13381534.35389,148866.49887,41654659.664979,0.0,17851997.285377,17851997.277217,0.651269,209821.11408600002,438805.5565884756,104910.557051,164629.96416151724,300000.0,False,True
738,4,0,1,NORMAL,0.012480102151348147,0.012414595449266198,0.008956982084235454,1.3933378490634123,3300000000.0,6699999999.999996,29558040.877977,13406146.978898,149291.634504,41728133.251986,0.0,17883485.965535,17883485.95736,0.651269,209924.53431500003,439340.5810541315,104962.26716499998,164683.85715841336,300000.0,False,True
739,4,0,1,NORMAL,0.012484124220166551,0.01241908117642106,0.008972876145172727,1.3913180142225436,3300000000.0,6699999999.999996,29610491.27907,13430775.103396,149717.524536,41801642.762967,0.0,17914990.041681,17914990.033492,0.651269,210027.17423999996,439871.56876612455,105013.587127,164737.34839779555,300000.0,False,True
740,4,0,1,NORMAL,0.012488116130514017,0.012423535044427057,0.008988778302375454,1.3893007158952622,3300000000.0,6699999999.999996,29662968.397839,13455418.648799,150144.169351,41875187.926117,0.0,17946509.39733,17946509.389125,0.651269,210129.037582,440398.5389889412,105064.518799,164790.4397061985,300000.0,False,True
741,4,0,1,NORMAL,0.012492078022622012,0.012427957172052539,0.009004688498738485,1.3872859704555127,3300000000.0,6699999999.999996,29715472.045837,13480077.536898,150571.56933,41948768.470947,0.0,17978043.916552,17978043.908334,0.651269,210230.12809099996,440921.5110953653,105115.06405200002,164843.132922785,300000.0,False,True
742,4,0,1,NORMAL,0.01249601003762152,0.012432347679508604,0.009020606677429698,1.3852737941548399,3300000000.0,6699999999.999996,29768002.035518,13504751.689871,150999.724852,42022384.193405,0.0,18009593.483989,18009593.475761,0.586143,210330.44952800003,441440.50456210977,105165.224769,164895.42989861057,300000.0,False,True
743,4,0,1,NORMAL,0.012499912317571063,0.01243670668841586,0.00903653278189909,1.3832642031254956,3300000000.0,6699999999.999996,29820558.180267,13529441.030275,151428.636293,42096034.695389,0.0,18041157.984852,18041157.976609,0.586143,210430.005679,441955.5389655026,105215.00284700001,164947.3324966041,300000.0,False,True
744,4,0,1,NORMAL,0.012503785005187696,0.012441034321755978,0.00905246675587606,1.3812572133525203,3300000000.0,6699999999.999996,29873140.294391,13554145.481051,151858.304027,42169719.775507,0.0,18072737.304911,18072737.296657,0.586143,210528.800343,442466.6339772251,105264.400177,164998.84259193804,300000.0,False,True
745,4,0,1,NORMAL,0.012507628244154478,0.012445330703846205,0.009068408543372423,1.3792528407088123,3300000000.0,6699999999.999996,29925748.193129,13578864.965525,152288.728424,42243439.168574,0.0,18104331.330524,18104331.322256,0.586143,210626.83734600004,442973.80936010455,105313.41867999997,165049.9620684776,300000.0,False,True
746,4,0,1,NORMAL,0.012511442178800208,0.012449595960294851,0.009084358088682727,1.3772511009211466,3300000000.0,6699999999.999996,29978381.692653,13603599.407414,152719.909853,42317192.610752,0.0,18135939.948614,18135939.94033,0.586143,210724.12052,443477.0849639605,105362.06026800002,165100.6928228391,300000.0,False,True
747,4,0,1,NORMAL,0.012515226954190573,0.012453830217965544,0.009100315336385455,1.3752520095816243,3300000000.0,6699999999.999996,30031040.610072,13628348.730824,153151.84868,42390979.83955,0.0,18167563.046684,18167563.038384,0.586143,210820.65371999997,443976.4807215049,105410.326868,165151.03676016274,300000.0,False,True
748,4,0,1,NORMAL,0.012518982716114324,0.012458033604942884,0.009116280231343636,1.3732555821475847,3300000000.0,6699999999.999996,30083724.763434,13653112.860254,153584.545267,42464800.59383,0.0,18199200.51282,18199200.504501,0.586143,210916.440813,444472.0166442962,105458.22041599998,165200.99579531557,300000.0,False,True
749,4,0,1,NORMAL,0.012522709610955246,0.01246220625049207,0.009132252718708789,1.3712618339285112,3300000000.0,6699999999.999996,30136433.971739,13677891.720594,154017.999975,42538654.67243,0.0,18230852.235683,18230852.22735,0.527529,211011.485684,444963.71281874843,105505.74284899999,165250.57185270908,300000.0,False,True
750,4,0,1,NORMAL,0.012526407785822367,0.012466348285029509,0.00914823274391909,1.3692707801021764,3300000000.0,6699999999.999996,30189168.054933,13702685.237129,154452.213161,42612541.699707,0.0,18262518.104527,18262518.096181,0.527529,211105.792229,445451.58940219355,105552.89612099998,165299.76686460924,300000.0,False,True
751,4,0,1,NORMAL,0.012530077388377608,0.012470459840084226,0.009164220252699092,1.367282435697373,3300000000.0,6699999999.999996,30241926.833907,13727493.335543,154887.185181,42686461.477227,0.0,18294198.009191,18294198.000829,0.527529,211199.364352,445935.6666189983,105599.68218399999,165348.58277285527,300000.0,False,True
752,4,0,1,NORMAL,0.012533718566857217,0.012474541048263128,0.009180215191065152,1.3652968155970828,3300000000.0,6699999999.999996,30294710.130515,13752315.941916,155322.916387,42760413.749317,0.0,18325891.8401,18325891.831724,0.527529,211292.20598399997,446415.96475673595,105646.10299899998,165397.02152658443,300000.0,False,True
753,4,0,1,NORMAL,0.012537331470059854,0.012478592043217756,0.009196217505323333,1.3633139345391168,3300000000.0,6699999999.999996,30347517.767567,13777152.982726,155759.40713,42834398.261682,0.0,18357599.488269,18357599.479876,0.527529,211384.32105099998,446892.50416241225,105692.16053400001,165445.08508251526,300000.0,False,True
754,4,0,1,NORMAL,0.012540916247263858,0.012482612959607828,0.009212227142070303,1.3613338071086123,3300000000.0,6699999999.999996,30400349.568832,13802004.38485,156196.657757,42908414.761402,0.0,18389320.845308,18389320.836897,0.527529,211475.7135,447365.3052387451,105737.856759,165492.77540479007,300000.0,False,True
755,4,0,1,NORMAL,0.012544473048174982,0.012486603933063774,0.009228244048194244,1.3593564477339162,3300000000.0,6699999999.999996,30453205.359041,13826870.07557,156634.668613,42982462.996947,0.0,18421055.80341,18421055.794986,0.527529,211566.387281,447834.3884404994,105783.19364699998,165540.09446388294,300000.0,False,True
756,4,0,1,NORMAL,0.012548002023118322,0.012490565100164068,0.009244268170875758,1.3573818707089265,3300000000.0,6699999999.999996,30506084.96389,13851749.982568,157073.44004,43056542.770921,0.0,18452804.255378,18452804.246937,0.474777,211656.34636300002,448299.7742708752,105828.17318999999,165587.04423590977,300000.0,False,True
757,4,0,1,NORMAL,0.012551503322681123,0.012494496598390976,0.009260299457589697,1.3554100901557748,3300000000.0,6699999999.999996,30558988.210046,13876644.03393,157512.972379,43130653.729068,0.0,18484566.094595,18484566.08614,0.474777,211745.594714,448761.48327795137,105872.79736399998,165633.62670516185,300000.0,False,True
758,4,0,1,NORMAL,0.012554977097965853,0.012498398566105485,0.009276337856103637,1.3534411200541752,3300000000.0,6699999999.999996,30611914.925142,13901552.158144,157953.265967,43204795.676774,0.0,18516341.215055,18516341.206584,0.474777,211834.13631600002,449219.5360511817,105917.068166,165679.84385939082,300000.0,False,True
759,4,0,1,NORMAL,0.012558423500399311,0.012502271142511538,0.009292383314479697,1.3514749742222065,3300000000.0,6699999999.999996,30664864.937783,13926474.284105,158394.321139,43278968.368073,0.0,18548129.511343,18548129.502852,0.474777,211921.975154,449673.9532179466,105960.98758700001,165725.69769314927,300000.0,False,True
760,4,0,1,NORMAL,0.012561842681651612,0.01250611446761735,0.009308435781075455,1.3495116663092317,3300000000.0,6699999999.999996,30717838.077549,13951410.341115,158836.138228,43353171.558399,0.0,18579930.878634,18579930.870132,0.474777,212009.115223,450124.75544015743,106004.557617,165771.19020527092,300000.0,False,True
761,4,0,1,NORMAL,0.012565234793863839,0.012509928682213898,0.009324495204542423,1.3475512098223494,3300000000.0,6699999999.999996,30770834.17499,13976360.258879,159278.717564,43427405.00458,0.0,18611745.212718,18611745.204209,0.474777,212095.56052300005,450571.9634109153,106047.78026500001,165816.3233978013,300000.0,False,True
762,4,0,1,NORMAL,0.012568599989494889,0.01251371392784493,0.009340561533828182,1.3455936181112778,3300000000.0,6699999999.999996,30823853.061633,14001323.967513,159722.059475,43501668.464848,0.0,18643572.409986,18643572.401467,0.474777,212181.315062,451015.5978512231,106090.657536,165861.09927900266,300000.0,False,True
763,4,0,1,NORMAL,0.012571938421197708,0.012517470346770917,0.009356634718176667,1.3436389043568018,3300000000.0,6699999999.999996,30876894.569983,14026301.397537,160166.164286,43575961.746317,0.0,18675412.367425,18675412.358891,0.4273,212266.382847,451455.6795067505,106133.191431,165905.51986133255,300000.0,False,True
764,4,0,1,NORMAL,0.012575250241822017,0.012521198081935504,0.009372714707128485,1.3416870815728361,3300000000.0,6699999999.999996,30929958.533524,14051292.479881,160611.03232,43650284.515074,0.0,18707264.982622,18707264.97407,0.4273,212350.76788999996,451892.2291446536,106175.38395400002,165949.58715980974,300000.0,False,True
765,4,0,1,NORMAL,0.012578535604416512,0.012524897276934281,0.00938880145052,1.339738162608588,3300000000.0,6699999999.999996,30983044.786716,14076297.145887,161056.663898,43724636.581047,0.0,18739130.153761,18739130.1452,0.4273,212434.47421500002,452325.2675504453,106217.237112,165993.30319205063,300000.0,False,True
766,4,0,1,NORMAL,0.012581794662421465,0.012528568075997972,0.009404894898485455,1.3377921601705098,3300000000.0,6699999999.999996,31036153.165002,14101315.327299,161503.059338,43799017.708087,0.0,18771007.779649,18771007.771071,0.4273,212517.50583900002,452754.81552492036,106258.75292799999,166036.66997829796,300000.0,False,True
767,4,0,1,NORMAL,0.012585027569222496,0.012532210623947942,0.009420995001454545,1.3358490867768684,3300000000.0,6699999999.999996,31089283.5048,14126346.956278,161950.218956,43873427.661458,0.0,18802897.759678,18802897.751085,0.4273,212599.866785,453180.8938811321,106299.9334,166079.68954396335,300000.0,False,True
768,4,0,1,NORMAL,0.012588234478406825,0.012535825066171097,0.00943710171015606,1.3339089547863583,3300000000.0,6699999999.999996,31142435.643515,14151391.965388,162398.143065,43947866.207833,0.0,18834799.993846,18834799.985245,0.4273,212681.561078,453603.5234414215,106340.78054300002,166122.36391373695,300000.0,False,True
769,4,0,1,NORMAL,0.012591415543808722,0.012539411548599331,0.009453214975614545,1.3319717764051129,3300000000.0,6699999999.999996,31195609.419528,14176450.287606,162846.831977,44022333.115291,0.0,18866714.382766,18866714.374155,0.4273,212762.59274599995,454022.7250344978,106381.29637800001,166164.6951149701,300000.0,False,True
770,4,0,1,NORMAL,0.012594570919237763,0.01254297021767278,0.009469334749152727,1.330037563659334,3300000000.0,6699999999.999996,31248804.672204,14201521.85632,163296.286,44096828.196053,0.0,18898640.827645,18898640.819025,0.38457,212842.96581300002,454438.5194925719,106421.48291099998,166206.68517827513,300000.0,False,True
771,4,0,1,NORMAL,0.01259770075870021,0.012546501220319712,0.009485460982389091,1.3281063284208716,3300000000.0,6699999999.999996,31302021.241884,14226606.60533,163746.505441,44171351.135557,0.0,18930579.230304,18930579.221668,0.38457,212922.68431,454850.9276485401,106461.342163,166248.3361339385,300000.0,False,True
772,4,0,1,NORMAL,0.0126008052160634,0.01255000470391608,0.00950159362724212,1.3261780823729923,3300000000.0,6699999999.999996,31355258.969899,14251704.46884,164197.490605,44245901.748845,0.0,18962529.493151,18962529.484505,0.38457,213001.75226000004,455259.9703332193,106500.87613500001,166289.65001484277,300000.0,False,True
773,4,0,1,NORMAL,0.012603884445431628,0.012553480816271922,0.009517732635925757,1.3242528370524764,3300000000.0,6699999999.999996,31408517.698555,14276815.38147,164649.241793,44320479.809635,0.0,18994491.519213,18994491.510555,0.38457,213080.17369199998,455665.66837263334,106540.08685200002,166330.62885203687,300000.0,False,True
774,4,0,1,NORMAL,0.012606938600787968,0.012556929705595538,0.009533877960951818,1.322330603813325,3300000000.0,6699999999.999996,31461797.271141,14301939.278245,165101.759306,44395085.093053,0.0,19026465.212113,19026465.203447,0.38457,213157.95262799997,456068.0425853494,106578.976318,166371.2746796975,300000.0,False,True
775,4,0,1,NORMAL,0.012609967836234616,0.01256035152047548,0.00955002955512788,1.320411393854138,3300000000.0,6699999999.999996,31515097.531922,14327076.094603,165555.043441,44469717.37563,0.0,19058450.476088,19058450.467408,0.38457,213235.09309,456467.11377986433,106617.54655199999,166411.58953040116,300000.0,False,True
776,4,0,1,NORMAL,0.012612972305716171,0.012563746409845849,0.009566187371560304,1.3184952181904543,3300000000.0,6699999999.999996,31568418.326149,14352225.766393,166009.094493,44544376.435312,0.0,19090447.215962,19090447.20727,0.38457,213311.59909999996,456862.9027520417,106655.79955600001,166451.57543829695,300000.0,False,True
777,4,0,1,NORMAL,0.01261595216319362,0.012567114522965061,0.009582351363651211,1.3165820876752428,3300000000.0,6699999999.999996,31621759.500049,14377388.22987,166463.912755,44619062.0899,0.0,19122455.337173,19122455.328467,0.346113,213387.47467000003,457255.4302825968,106693.73734200001,166491.2344354535,300000.0,False,True
778,4,0,1,NORMAL,0.012618907562578724,0.01257045600939175,0.009598521485098484,1.3146720129938063,3300000000.0,6699999999.999996,31675120.900825,14402563.4217,166919.498518,44693774.043231,0.0,19154474.74576,19154474.737036,0.346113,213462.723818,457644.7171346321,106731.36191800001,166530.56855415576,300000.0,False,True
779,4,0,1,NORMAL,0.012621838657636938,0.012573771018955956,0.009614697689898182,1.3127650046551387,3300000000.0,6699999999.999996,31728502.376664,14427751.278959,167375.852071,44768512.115922,0.0,19186505.348354,19186505.339615,0.346113,213537.350555,458030.784051221,106768.675285,166569.57982603917,300000.0,False,True
780,4,0,1,NORMAL,0.01262474560205636,0.012577059701736629,0.009630879932339092,1.310861073001679,3300000000.0,6699999999.999996,31781903.776719,14452951.739132,167832.973701,44843276.091527,0.0,19218547.052196,19218547.043445,0.346113,213611.358882,458413.6517530388,106805.67944699999,166608.2702808076,300000.0,False,True
781,4,0,1,NORMAL,0.012627628549444471,0.012580322208040362,0.009647068167008182,1.3089602282100017,3300000000.0,6699999999.999996,31835324.951127,14478164.740108,168290.863692,44918065.755002,0.0,19250599.765128,19250599.756362,0.346113,213684.752799,458793.3409360436,106842.376407,166646.64194714394,300000.0,False,True
782,4,0,1,NORMAL,0.012630487653222427,0.012583558688374689,0.009663262348786667,1.307062480282172,3300000000.0,6699999999.999996,31888765.750996,14503390.220189,168749.522326,44992880.892706,0.0,19282663.395584,19282663.386804,0.346113,213757.536306,459169.87226920266,106878.76815999998,166684.696852667,300000.0,False,True
783,4,0,1,NORMAL,0.012633323066701887,0.012586769293428057,0.00967946243285,1.3051678390555164,3300000000.0,6699999999.999996,31942226.028405,14528628.118081,169208.949883,45067721.292389,0.0,19314737.852605,19314737.843808,0.346113,213829.713391,459543.2663922673,106914.85670399999,166722.43702253603,300000.0,False,True
784,4,0,1,NORMAL,0.012636134942925956,0.012589954174040826,0.009695668374668181,1.303276314187923,3300000000.0,6699999999.999996,31995705.636405,14553878.372896,169669.146642,45142586.777809,0.0,19346823.045821,19346823.037009,0.311502,213901.288035,459913.54391359386,106950.64402500002,166759.86448046492,300000.0,False,True
785,4,0,1,NORMAL,0.012638923434806243,0.012593113481186982,0.009711880130005757,1.3013879151738204,3300000000.0,6699999999.999996,32049204.429019,14579140.924153,170130.112878,45217477.070283,0.0,19378918.885462,19378918.876637,0.311502,213972.264217,460280.72540801077,106986.13211500001,166796.98124662263,300000.0,False,True
786,4,0,1,NORMAL,0.012641688695115517,0.012596247365956567,0.009728097654918486,1.2995026513456032,3300000000.0,6699999999.999996,32102722.261231,14604415.711778,170591.848865,45292391.996346,0.0,19411025.282363,19411025.273519,0.311502,214042.645909,460644.83141473244,107021.32296399999,166833.78933944242,300000.0,False,True
787,4,0,1,NORMAL,0.012644430876231082,0.012599355979522666,0.009744320905757274,1.2976205318484868,3300000000.0,6699999999.999996,32156258.988999,14629702.6761,171054.354875,45367331.349316,0.0,19443142.147936,19443142.139077,0.311502,214112.437071,461005.8824353168,107056.218543,166870.29077552483,300000.0,False,True
788,4,0,1,NORMAL,0.012647150130444132,0.012602439473130502,0.009760549839163636,1.2957415656747309,3300000000.0,6699999999.999996,32209814.46924,14655001.757852,171517.631178,45442294.923892,0.0,19475269.394199,19475269.385322,0.311502,214181.64166000002,461363.89893167006,107090.82083899999,166906.4875662503,300000.0,False,True
789,4,0,1,NORMAL,0.012649846609633858,0.012605497998066203,0.009776784412072121,1.2938657616316214,3300000000.0,6699999999.999996,32263388.559838,14680312.89817,171981.678042,45517282.516156,0.0,19507406.933751,19507406.924863,0.311502,214250.26362100002,461718.9013240939,107125.131816,166942.38172186256,300000.0,False,True
790,4,0,1,NORMAL,0.012652520465609728,0.012608531705649656,0.009793024581706666,1.2919931283788044,3300000000.0,6699999999.999996,32316981.119632,14705636.038594,172446.495732,45592293.923566,0.0,19539554.679797,19539554.670893,0.311502,214318.30689599997,462070.90998937824,107159.15345600003,166977.97524716693,300000.0,False,True
791,4,0,1,NORMAL,0.0126551718497233,0.012611540747202795,0.009809270305581819,1.2901236743901392,3300000000.0,6699999999.999996,32370592.00842,14730971.121065,172912.084511,45667328.976108,0.0,19571712.546119,19571712.537202,0.280352,214385.77541499998,462419.9452589367,107192.88771400003,167013.27014604842,300000.0,False,True
792,4,0,1,NORMAL,0.012657800913131038,0.012614525274036876,0.009825521541503334,1.2882574079822695,3300000000.0,6699999999.999996,32424221.086961,14756318.087922,173378.444641,45742387.411689,0.0,19603880.447095,19603880.438161,0.280352,214452.67309699996,462766.02741698595,107226.336557,167048.26841634756,300000.0,False,True
793,4,0,1,NORMAL,0.012660407806489402,0.012617485437420911,0.009841778247564546,1.2863943372857802,3300000000.0,6699999999.999996,32477868.216963,14781676.881908,173845.576382,45817469.063036,0.0,19636058.297677,19636058.288737,0.280352,214519.00385199997,463109.17669876735,107259.50192899996,167082.97205332972,300000.0,False,True
794,4,0,1,NORMAL,0.012662992680432804,0.01262042138858297,0.00985804038214697,1.2845344702954997,3300000000.0,6699999999.999996,32531533.261085,14807047.44616,174313.479992,45892573.733088,0.0,19668246.013425,19668246.004469,0.280352,214584.77158400003,463449.41328881093,107292.38579999999,167117.3830456601,300000.0,False,True
795,4,0,1,NORMAL,0.012665555684969155,0.012623333278672402,0.00987430790392091,1.2826778148106857,3300000000.0,6699999999.999996,32585216.082939,14832429.724214,174782.155726,45967701.22615,0.0,19700443.510462,19700443.501494,0.280352,214649.98018600003,463786.7573192411,107324.99009899999,167151.503381713,300000.0,False,True
796,4,0,1,NORMAL,0.012668096969908742,0.012626221258752167,0.009890580771842728,1.2808243784807118,3300000000.0,6699999999.999996,32638916.547081,14857823.660005,175251.603838,46042851.347885,0.0,19732650.705503,19732650.696519,0.280352,214714.633536,464121.2288681243,107357.31677599999,167185.33504159283,300000.0,False,True
797,4,0,1,NORMAL,0.012670616684544929,0.012629085479771056,0.009906858945153637,1.2789741687745844,3300000000.0,6699999999.999996,32692634.519007,14883229.197864,175721.82458,46118023.905309,0.0,19764867.515836,19764867.506843,0.280352,214778.73550500002,464452.8479578564,107389.367757,167218.8800027954,300000.0,False,True
798,4,0,1,NORMAL,0.012673114977988103,0.012631926092559254,0.009923142383381819,1.2771271930161592,3300000000.0,6699999999.999996,32746369.86516,14908646.282515,176192.818202,46193218.734826,0.0,19797093.859338,19797093.850334,0.252317,214842.28995699994,464781.6345535915,107421.14498400001,167252.14023599305,300000.0,False,True
799,4,0,1,NORMAL,0.012675591998828685,0.012634743247802444,0.00993943104633788,1.2752834583523698,3300000000.0,6699999999.999996,32800122.452915,14934074.859076,176664.584951,46268435.590077,0.0,19829329.654461,19829329.64544,0.252317,214905.300731,465107.60856171,107452.65037399999,167285.11770944297,300000.0,False,True
800,4,0,1,NORMAL,0.012678047895205687,0.012637537096022009,0.00995572489411788,1.273442971761527,3300000000.0,6699999999.999996,32853892.150589,14959514.873059,177137.125074,46343674.310159,0.0,19861574.820221,19861574.811186,0.252317,214967.77167000002,465430.7898283266,107483.88584199997,167317.81438453865,300000.0,False,True
801,4,0,1,NORMAL,0.012680482814935954,0.012640307787564845,0.009972023887099394,1.271605740068517,3300000000.0,6699999999.999996,32907678.827428,14984966.270362,177610.438815,46418934.707463,0.0,19893829.276223,19893829.267172,0.252317,215029.70659599997,465751.198137837,107514.85330599999,167350.23221671509,300000.0,False,True
802,4,0,1,NORMAL,0.012682896905366864,0.012643055472584331,0.009988327985942425,1.2697717699315416,3300000000.0,6699999999.999996,32961482.35361,15010428.997277,178084.526417,46494216.595722,0.0,19926092.942634,19926092.933566,0.252317,215091.10932300004,466068.8532115028,107545.55467000001,167382.3731571546,300000.0,False,True
803,4,0,1,NORMAL,0.012685290313361233,0.01264578030102155,0.01000463715158697,1.2679410678426302,3300000000.0,6699999999.999996,33015302.600237,15035903.000484,178559.388119,46569519.789994,0.0,19958365.740193,19958365.73111,0.252317,215151.983647,466383.774706075,107575.99183099999,167414.23915084262,300000.0,False,True
804,4,0,1,NORMAL,0.012687663185433197,0.012648482422596497,0.010020951345253637,1.2661136401428226,3300000000.0,6699999999.999996,33069139.439337,15061388.227051,179035.024161,46644844.106666,0.0,19990647.59021,19990647.581109,0.252317,215212.33336,466695.98221245466,107606.166689,167445.8321363683,300000.0,False,True
805,4,0,1,NORMAL,0.012690015667458048,0.012651161986781114,0.010037270528441212,1.2642894929951447,3300000000.0,6699999999.999996,33122992.743856,15086884.624432,179511.434779,46720189.388675,0.0,20022938.414552,20022938.405441,0.227086,215272.16223,467005.49525439064,107636.08112,167477.1540477182,300000.0,False,True
806,4,0,1,NORMAL,0.012692347905060328,0.01265381914279913,0.010053594662925758,1.2624686324251162,3300000000.0,6699999999.999996,33176862.387655,15112392.140466,179988.620209,46795555.404578,0.0,20055238.135667,20055238.126539,0.227086,215331.47401900002,467312.33328721364,107665.73701800001,167508.20681044622,300000.0,False,True
807,4,0,1,NORMAL,0.012694660043230546,0.012656454039601157,0.010069923710761819,1.2606510642839972,3300000000.0,6699999999.999996,33230748.245514,15137910.723374,180466.580683,46870941.999942,0.0,20087546.676551,20087546.667408,0.227086,215390.27248100002,467616.51569660724,107695.136248,167538.99234679632,300000.0,False,True
808,4,0,1,NORMAL,0.012696952226460759,0.012659066825850163,0.010086257634279698,1.258836794264328,3300000000.0,6699999999.999996,33284650.193123,15163440.321761,180945.316433,46946348.996409,0.0,20119863.96076,20119863.951607,0.227086,215448.561342,467918.06179741304,107724.28067600001,167569.51257064322,300000.0,False,True
809,4,0,1,NORMAL,0.012699224598853826,0.012661657649914917,0.010102596396083333,1.2570258279126323,3300000000.0,6699999999.999996,33338568.107075,15188980.884612,181424.827689,47021776.216919,0.0,20152189.912419,20152189.903251,0.227086,215506.34432299997,468216.9908324724,107753.17216900001,167599.769389282,300000.0,False,True
810,4,0,1,NORMAL,0.01270147730390032,0.01266422665984946,0.010118939959050607,1.2552181706088525,3300000000.0,6699999999.999996,33392501.864867,15214532.361293,181905.114678,47097223.485711,0.0,20184524.456201,20184524.447018,0.227086,215563.625133,468513.32197150175,107781.812574,167629.7647048705,300000.0,False,True
811,4,0,1,NORMAL,0.012703710484595242,0.012666774003381447,0.01013528828633394,1.253413827579475,3300000000.0,6699999999.999996,33446451.344902,15240094.701545,182386.177627,47172690.628318,0.0,20216867.517332,20216867.508133,0.227086,215620.40745999996,468807.0743100028,107810.20373800001,167659.50041148424,300000.0,False,True
812,4,0,1,NORMAL,0.012705924283354203,0.012669299827895818,0.01015164134135697,1.2516128038912575,3300000000.0,6699999999.999996,33500416.426478,15265667.855486,182868.01676,47248177.494267,0.0,20249219.021587,20249219.012378,0.204378,215676.69498200004,469098.26686820574,107838.34749599997,167688.9783966572,300000.0,False,True
813,4,0,1,NORMAL,0.01270811884219796,0.012671804280431442,0.010167999087812728,1.2498151044712225,3300000000.0,6699999999.999996,33554396.989782,15291251.77361,183350.6323,47323683.866239,0.0,20281578.895303,20281578.886078,0.204378,215732.49135999999,469386.91859004594,107866.24568800001,167718.2005402755,300000.0,False,True
814,4,0,1,NORMAL,0.012710294302426622,0.012674287507656938,0.01018436148966485,1.2480207340759757,3300000000.0,6699999999.999996,33608392.915894,15316846.406787,183834.024467,47399209.596321,0.0,20313947.065348,20313947.056111,0.204378,215787.800242,469673.048342174,107893.900127,167747.16871701306,300000.0,False,True
815,4,0,1,NORMAL,0.01271245080489117,0.012676749655865599,0.010200728511144244,1.2462296973204297,3300000000.0,6699999999.999996,33662404.086776,15342451.706255,184318.193481,47474754.515158,0.0,20346323.459146,20346323.449896,0.204378,215842.62525700004,469956.6749129962,107921.312635,167775.8847920314,300000.0,False,True
816,4,0,1,NORMAL,0.012714588489856163,0.012679190870961766,0.010217100116750909,1.2444419986656123,3300000000.0,6699999999.999996,33716430.385278,15368067.623621,184803.13956,47550318.454663,0.0,20378708.00466,20378707.995397,0.204378,215896.97002500002,470237.8170117492,107948.48501899999,167804.35062456343,300000.0,False,True
817,4,0,1,NORMAL,0.012716707497022757,0.012681611298449573,0.010233476271249093,1.242657642423063,3300000000.0,6699999999.999996,33770471.695122,15393694.110868,185288.862919,47625901.24801,0.0,20411100.630393,20411100.621115,0.204378,215950.838145,470516.49326760415,107975.41907999999,167832.56806610135,300000.0,False,True
818,4,0,1,NORMAL,0.012718807965502725,0.012684011083420745,0.010249856939670001,1.2408766327534921,3300000000.0,6699999999.999996,33824527.900911,15419331.120339,185775.363773,47701502.729628,0.0,20443501.265385,20443501.25609,0.204378,216004.23320299998,470792.72222880187,108002.11660999998,167860.5389607004,300000.0,False,True
819,4,0,1,NORMAL,0.012720890033797614,0.012686390370541832,0.010266242087307273,1.2390989736668259,3300000000.0,6699999999.999996,33878598.888114,15444978.604746,186262.642334,47777122.75563,0.0,20475909.839212,20475909.829902,0.183941,216057.158769,471066.5223618195,108028.579392,167888.26514463598,300000.0,False,True
820,4,0,1,NORMAL,0.012722953839856171,0.012688749304045984,0.010282631679717272,1.2373246690292807,3300000000.0,6699999999.999996,33932684.543067,15470636.517168,186750.698813,47852761.122066,0.0,20508326.281981,20508326.272658,0.183941,216109.61839699998,471337.91205056565,108054.80920500001,167915.74844612853,300000.0,False,True
821,4,0,1,NORMAL,0.012724999521031571,0.012691088027722473,0.010299025682718788,1.2355537225607114,3300000000.0,6699999999.999996,33986784.752972,15496304.811039,187239.53342,47928417.687529,0.0,20540750.524336,20540750.514998,0.183941,216161.61562099998,471606.90959560574,108080.807818,167942.99068610146,300000.0,False,True
822,4,0,1,NORMAL,0.012727027214106387,0.012693406684908533,0.010315424062389698,1.233786137838914,3300000000.0,6699999999.999996,34040899.405886,15521983.440161,187729.146362,48004092.291412,0.0,20573182.497447,20573182.488089,0.183941,216213.15396800003,471873.53321341635,108106.57699399999,167969.99367761676,300000.0,False,True
823,4,0,1,NORMAL,0.01272903705507516,0.012695705418467672,0.010331826785068485,1.232021918279845,3300000000.0,6699999999.999996,34095028.390726,15547672.358693,188219.537846,48079784.774337,0.0,20605622.132996,20605622.123626,0.183941,216264.236936,472137.8010356673,108132.11847400002,167996.7592262043,300000.0,False,True
824,4,0,1,NORMAL,0.01273102917956343,0.01269798437079643,0.01034823381735,1.2302610671802177,3300000000.0,6699999999.999996,34149171.597255,15573371.52115,188710.708076,48155494.97814,0.0,20638069.36321,20638069.353825,0.183941,216314.86801899996,472399.73110853287,108157.434017,168023.2891269921,300000.0,False,True
825,4,0,1,NORMAL,0.012733003722466966,0.012700243683807434,0.010364645126086362,1.2285035876838442,3300000000.0,6699999999.999996,34203328.916085,15599080.882404,189202.657255,48231222.745877,0.0,20670524.120826,20670524.111424,0.183941,216365.05068900003,472659.3413920296,108182.52535300002,168049.5851702373,300000.0,False,True
826,4,0,1,NORMAL,0.012734960817958538,0.012702483498913958,0.010381060678385455,1.2267494827839867,3300000000.0,6699999999.999996,34257500.238672,15624800.397682,189695.385584,48306967.940207,0.0,20702986.339093,20702986.32968,0.165547,216414.78839500004,472916.64975938195,108207.394203,168075.64913656397,300000.0,False,True
827,4,0,1,NORMAL,0.012736900599731104,0.012704703957031193,0.010397480441608183,1.2249987553485682,3300000000.0,6699999999.999996,34311685.457307,15650530.022562,190188.893263,48382730.369807,0.0,20735455.951788,20735455.942363,0.165547,216464.08457799998,473171.673996414,108232.04229499999,168101.4827970527,300000.0,False,True
828,4,0,1,NORMAL,0.012738823200807218,0.01270690519856513,0.01041390438337,1.2232514081029866,3300000000.0,6699999999.999996,34365884.465121,15676269.712972,190683.180491,48458509.899736,0.0,20767932.893197,20767932.88376,0.165547,216512.94266400003,473424.43180096813,108256.47133799999,168127.08791645057,300000.0,False,True
829,4,0,1,NORMAL,0.012740728753534299,0.012709087363401851,0.010430332471536364,1.2215074436316236,3300000000.0,6699999999.999996,34420097.15607,15702019.425193,191178.247464,48534306.377851,0.0,20800417.098114,20800417.088663,0.165547,216561.36605000004,473674.9407823485,108280.683032,168152.46625065527,300000.0,False,True
830,4,0,1,NORMAL,0.012742617389580846,0.01271125059089727,0.010446764674223636,1.2197668643787871,3300000000.0,6699999999.999996,34474323.424938,15727779.115849,191674.094378,48610119.653192,0.0,20832908.501841,20832908.492378,0.165547,216609.358124,473923.21846079116,108304.679068,168177.61954665274,300000.0,False,True
831,4,0,1,NORMAL,0.012744489240037498,0.01271339501987406,0.01046320095979818,1.2180296726598778,3300000000.0,6699999999.999996,34528563.167334,15753548.741911,192170.721427,48685949.57598,0.0,20865407.040188,20865407.030714,0.165547,216656.92225899998,474169.2822669576,108328.46113499998,168202.54954246717,300000.0,False,True
832,4,0,1,NORMAL,0.01274634443533483,0.012715520788613465,0.010479641296872424,1.2162958706553142,3300000000.0,6699999999.999996,34582816.279679,15779328.260694,192668.128802,48761795.997606,0.0,20897912.649471,20897912.639982,0.165547,216704.061803,474413.1495414542,108352.03090899996,168227.257968495,300000.0,False,True
833,4,0,1,NORMAL,0.01274818310516237,0.012717628034842427,0.01049608565430697,1.2145654604039242,3300000000.0,6699999999.999996,34637082.659213,15805117.629856,193166.316695,48837658.787189,0.0,20930425.266494,20930425.256994,0.148993,216750.78009299995,474654.8375343747,108375.390052,168251.74654641977,300000.0,False,True
834,4,0,1,NORMAL,0.012750005378596803,0.012719716895729807,0.010512534001207273,1.212838443816931,3300000000.0,6699999999.999996,34691362.203984,15830916.807394,193665.285295,48913537.765342,0.0,20962944.828566,20962944.819059,0.148993,216797.080443,474894.3634048668,108398.540225,168276.0169881433,300000.0,False,True
835,4,0,1,NORMAL,0.012751811384175435,0.012721787507887591,0.010528986306921211,1.2111148226864967,3300000000.0,6699999999.999996,34745654.81284,15856725.751643,194165.03479,48989432.803492,0.0,20995471.273502,20995471.263978,0.148993,216842.966155,475131.7442207217,108421.483086,168300.0709974778,300000.0,False,True
836,4,0,1,NORMAL,0.01275360124949409,0.012723840007346075,0.01054544254104182,1.2093945986485002,3300000000.0,6699999999.999996,34799960.385438,15882544.421275,194665.565366,49065343.757667,0.0,21028004.539586,21028004.530051,0.148993,216888.440507,475366.9969579866,108444.22025900001,168323.91027111575,300000.0,False,True
837,4,0,1,NORMAL,0.012755375101761569,0.01272587452956643,0.010561902673401515,1.2076777732371997,3300000000.0,6699999999.999996,34854278.822225,15908372.775297,195166.877209,49141270.485033,0.0,21060544.565613,21060544.556063,0.148993,216933.506771,475600.1385006,108466.75339300002,168347.536493322,300000.0,False,True
838,4,0,1,NORMAL,0.012757133067308158,0.012727891209420736,0.010578366674072727,1.205964347839778,3300000000.0,6699999999.999996,34908610.02444,15934210.77305,195668.970502,49217212.843892,0.0,21093091.290853,21093091.281286,0.148993,216978.16818100002,475831.1856400474,108489.08409900001,168370.95134325273,300000.0,False,True
839,4,0,1,NORMAL,0.012758875271815425,0.012729890181188136,0.010594834513367575,1.2042543237194943,3300000000.0,6699999999.999996,34962953.894113,15960058.374206,196171.845427,49293170.69368,0.0,21125644.655057,21125644.645479,0.148993,217022.42797299995,476060.15507504053,108511.213992,168394.1564884677,300000.0,False,True
840,4,0,1,NORMAL,0.012760601840337348,0.012731871578552602,0.010611306161834849,1.2025477020192634,3300000000.0,6699999999.999996,35017310.334055,15985915.538764,196675.502165,49369143.909851,0.0,21158204.598465,21158204.58888,0.134094,217066.28935299997,476287.06341121666,108533.14468000001,168417.1535879636,300000.0,False,True
841,4,0,1,NORMAL,0.012762312897347085,0.01273383553460386,0.010627781590258789,1.2008444837674086,3300000000.0,6699999999.999996,35071679.247854,16011782.227051,197179.940895,49445132.324276,0.0,21190771.061806,21190771.052204,0.134094,217109.755515,476511.9271608582,108554.87776600002,168439.944292453,300000.0,False,True
842,4,0,1,NORMAL,0.012764008566432191,0.012735782181818592,0.010644260769660002,1.1991446698500885,3300000000.0,6699999999.999996,35126060.539878,16037658.399723,197685.161796,49521135.814644,0.0,21223343.986263,21223343.976645,0.134094,217152.829634,476734.7627426342,108576.414825,168462.53024498152,300000.0,False,True
843,4,0,1,NORMAL,0.012765688970540938,0.012737711652058744,0.010660743671290605,1.1974482610363246,3300000000.0,6699999999.999996,35180454.115259,16063544.017758,198191.165043,49597154.244843,0.0,21255923.313501,21255923.303871,0.134094,217195.51486199998,476955.58648136014,108597.75743700001,168484.91307690492,300000.0,False,True
844,4,0,1,NORMAL,0.012767354232016597,0.012739624076572155,0.010677230266635454,1.195755257982253,3300000000.0,6699999999.999996,35234859.879897,16089439.042453,198697.950813,49673187.479857,0.0,21288508.985663,21288508.97602,0.134094,217237.81433900003,477174.4146077781,108618.907176,168507.0944111404,300000.0,False,True
845,4,0,1,NORMAL,0.012769004472461187,0.012741519585984351,0.010693720527410303,1.1940656612197302,3300000000.0,6699999999.999996,35289277.740454,16115343.435432,199205.519279,49749235.385769,0.0,21321100.94535,21321100.935694,0.134094,217279.73118499998,477391.26325835625,108639.865599,168529.07586261907,300000.0,False,True
846,4,0,1,NORMAL,0.01277063981274513,0.012743398310291499,0.010710214425559696,1.1923794711586981,3300000000.0,6699999999.999996,35343707.604347,16141257.158631,199713.870614,49825297.82974,0.0,21353699.135633,21353699.125965,0.134094,217321.26849599998,477606.1484751066,108660.634254,168550.85903648767,300000.0,False,True
847,4,0,1,NORMAL,0.012772260373134229,0.012745260378861997,0.01072671193325606,1.1906966881003254,3300000000.0,6699999999.999996,35398149.379745,16167180.174302,200223.00499,49901374.69342,0.0,21386303.50005,21386303.490366,0.120685,217362.42935999998,477819.0862054219,108681.214688,168572.4455282357,300000.0,False,True
848,4,0,1,NORMAL,0.012773866273093761,0.012747105920425338,0.01074321302289909,1.1890173122199426,3300000000.0,6699999999.999996,35452602.975567,16193112.445019,200732.922576,49977465.819311,0.0,21418913.982586,21418913.972887,0.120685,217403.216839,478030.09230192937,108701.60842700001,168593.83692537184,300000.0,False,True
849,4,0,1,NORMAL,0.012775457631384352,0.012748935063067856,0.010759717667113637,1.1873413435774147,3300000000.0,6699999999.999996,35507068.301475,16219053.933661,201243.623541,50053571.091202,0.0,21451530.527688,21451530.517982,0.120685,217443.63397899998,478239.1825223639,108721.81699300001,168615.03480483766,300000.0,False,True
850,4,0,1,NORMAL,0.012777034566198695,0.01275074793423759,0.01077622583874697,1.1856687821312748,3300000000.0,6699999999.999996,35561545.267865,16245004.603422,201755.108053,50129690.380532,0.0,21484153.080266,21484153.070551,0.120685,217483.68380699996,478446.3725294569,108741.84190799999,168636.04073427344,300000.0,False,True
851,4,0,1,NORMAL,0.01277859719495847,0.012752544660735712,0.01079273751087,1.1839996277208071,3300000000.0,6699999999.999996,35616033.785871,16270964.417804,202267.376277,50205823.559796,0.0,21516781.585675,21516781.575948,0.120685,217523.369334,478651.677890843,108761.684673,168656.85627382278,300000.0,False,True
852,4,0,1,NORMAL,0.012780145634344897,0.0127543253687105,0.010809252656774243,1.1823338800703749,3300000000.0,6699999999.999996,35670533.767355,16296933.340616,202780.428379,50281970.502535,0.0,21549415.989717,21549415.979976,0.120685,217562.693548,478855.1140789831,108781.346781,168677.4829734518,300000.0,False,True
853,4,0,1,NORMAL,0.012781680000353152,0.01275609018365519,0.010825771249972726,1.1806715387954787,3300000000.0,6699999999.999996,35725045.12491,16322911.335968,203294.264522,50358131.083329,0.0,21582056.238642,21582056.228886,0.120685,217601.659423,479056.69647110364,108800.82971899999,168697.92237335266,300000.0,False,True
854,4,0,1,NORMAL,0.012783200408291402,0.012757839230405915,0.01084229326419485,1.1790126034043118,3300000000.0,6699999999.999996,35779567.771843,16348898.368282,203808.884869,50434305.189864,0.0,21614702.27914,21614702.269371,0.108617,217640.269917,479256.4403491521,108820.134965,168718.1760046616,300000.0,False,True
855,4,0,1,NORMAL,0.01278470697276514,0.012759572633138769,0.010858818673387576,1.1773570732972516,3300000000.0,6699999999.999996,35834101.622179,16374894.402277,204324.28958,50510492.674645,0.0,21647354.058346,21647354.048561,0.108617,217678.527958,479454.36089976755,108839.26398700001,168738.2453894465,300000.0,False,True
856,4,0,1,NORMAL,0.012786199807694451,0.01276129051536817,0.010875347451714243,1.1757049477696464,3300000000.0,6699999999.999996,35888646.590657,16400899.402968,204840.478816,50586693.427404,0.0,21680011.523832,21680011.514027,0.108617,217716.43647,479650.47321426676,108858.21824500001,168758.13204049986,300000.0,False,True
857,4,0,1,NORMAL,0.01278767902614889,0.012762992999934669,0.010891879573552728,1.1740562259978962,3300000000.0,6699999999.999996,35943202.592724,16426913.335673,205357.452735,50662907.326822,0.0,21712674.623593,21712674.613775,0.108617,217753.99834500003,479844.79228864535,108876.99917899999,168777.83746156676,300000.0,False,True
858,4,0,1,NORMAL,0.01278914474070714,0.012764680209016764,0.010908415013492729,1.1724109070738615,3300000000.0,6699999999.999996,35997769.544526,16452936.166005,205875.211495,50739134.252584,0.0,21745343.306073,21745343.296241,0.108617,217791.21647,480037.3330235932,108895.60824199997,168797.36314516535,300000.0,False,True
859,4,0,1,NORMAL,0.012790597063119422,0.012766352264120163,0.010924953746336364,1.1707689899747808,3300000000.0,6699999999.999996,36052347.36291,16478967.859869,206393.755252,50815374.085377,0.0,21778017.520138,21778017.510293,0.108617,217828.093703,480228.11022452347,108914.04685799999,168816.71057733425,300000.0,False,True
860,4,0,1,NORMAL,0.012792036104468944,0.01276800928607815,0.01094149574709606,1.1691304735793577,3300000000.0,6699999999.999996,36106935.965417,16505008.383461,206913.084161,50891626.706884,0.0,21810697.215082,21810697.205223,0.108617,217864.63288800002,480417.13860161783,108932.316451,168835.8812331764,300000.0,False,True
861,4,0,1,NORMAL,0.012793461975107667,0.012769651395047796,0.01095804099099212,1.1674953566631412,3300000000.0,6699999999.999996,36161535.270274,16531057.703273,207433.198376,50967892.010639,0.0,21843382.34062,21843382.330747,0.097756,217900.83684999996,480604.43276988197,108950.41843200002,168854.87657899005,300000.0,False,True
862,4,0,1,NORMAL,0.012794874784694259,0.01277127871050886,0.010974589453454546,1.1658636379028036,3300000000.0,6699999999.999996,36216145.1964,16557115.786078,207954.09805,51044169.858575,0.0,21876072.846889,21876072.837003,0.097756,217936.708397,480790.00724921736,108968.354205,168873.6980714212,300000.0,False,True
863,4,0,1,NORMAL,0.012796274642209697,0.012772891351263754,0.010991141110117878,1.1642353158790861,3300000000.0,6699999999.999996,36270765.663389,16583182.59894,208475.783335,51120460.146183,0.0,21908768.684447,21908768.674546,0.097756,217972.250317,480973.876464504,108986.125166,168892.34715796422,300000.0,False,True
864,4,0,1,NORMAL,0.012797661655880244,0.01277448943543256,0.011007695936820303,1.162610389070848,3300000000.0,6699999999.999996,36325396.591507,16609258.109209,208998.25438,51196762.759061,0.0,21941469.804266,21941469.794349,0.097756,218007.46537800002,481156.05474569707,109003.732697,168910.825277168,300000.0,False,True
865,4,0,1,NORMAL,0.012799035933264893,0.012776073080454002,0.011024253909605153,1.1609888558638346,3300000000.0,6699999999.999996,36380037.901697,16635342.284515,209521.511336,51273077.583773,0.0,21974176.15773,21974176.147795,0.097756,218042.356334,481336.5563279353,109021.178176,168929.13385761922,300000.0,False,True
866,4,0,1,NORMAL,0.012800397581176317,0.01277764240308125,0.011040815004720305,1.1593707145445091,3300000000.0,6699999999.999996,36434689.515577,16661435.092765,210045.55435,51349404.507841,0.0,22006887.696629,22006887.686679,0.097756,218076.92591900006,481515.3953516614,109038.462967,168947.27431909658,300000.0,False,True
867,4,0,1,NORMAL,0.012801746705721937,0.01277919751938065,0.011057379198610304,1.1577559633055603,3300000000.0,6699999999.999996,36489351.355414,16687536.502153,210570.38357,51425743.419735,0.0,22039604.373162,22039604.363202,0.097756,218111.17684399997,481692.5858627551,109055.588427,168965.2480715274,300000.0,False,True
868,4,0,1,NORMAL,0.012803083412411586,0.012780738544737486,0.011073946467919697,1.1561446002562008,3300000000.0,6699999999.999996,36544023.344135,16713646.481146,211095.999141,51502094.218639,0.0,22072326.139944,22072326.12997,0.087981,218145.11180800002,481868.14181267587,109072.55591100002,168983.05651552958,300000.0,False,True
869,4,0,1,NORMAL,0.012804407805930378,0.012782265593846705,0.01109051678949303,1.1545366234025325,3300000000.0,6699999999.999996,36598705.405327,16739764.998487,211622.401209,51578456.775359,0.0,22105052.949975,22105052.939992,0.087981,218178.73349299998,482042.0770586192,109089.36675099998,169000.70104383293,300000.0,False,True
870,4,0,1,NORMAL,0.012805719990344645,0.012783778780717542,0.011107090140370302,1.152932030667549,3300000000.0,6699999999.999996,36653397.463222,16765892.023192,212149.589917,51654830.99095,0.0,22137784.756666,22137784.746672,0.087981,218212.04455299999,482214.4053636819,109106.022282,169018.183038281,300000.0,False,True
871,4,0,1,NORMAL,0.012807020068998469,0.012785278218671151,0.011123666497788181,1.1513308198825454,3300000000.0,6699999999.999996,36708099.442701,16792027.524544,212677.565408,51731216.75762,0.0,22170521.51382,22170521.503814,0.087981,218245.04763600003,482385.1403970392,109122.52382399999,169035.50387254934,300000.0,False,True
872,4,0,1,NORMAL,0.0128083081445352,0.012786764020339802,0.011140245839175455,1.1497329887904169,3300000000.0,6699999999.999996,36762811.269279,16818171.472103,213206.327823,51807613.968491,0.0,22203263.175638,22203263.165615,0.087981,218277.74536099998,482554.29573413153,109138.87268900001,169052.6649107798,300000.0,False,True
873,4,0,1,NORMAL,0.012809584318810132,0.012788236297660469,0.011156828142155151,1.1481385350384827,3300000000.0,6699999999.999996,36817532.869112,16844323.835698,213735.877303,51884022.517608,0.0,22236009.696695,22236009.686664,0.087981,218310.14034,482721.8848568618,109155.070174,169069.66750786465,300000.0,False,True
874,4,0,1,NORMAL,0.012810848693164109,0.01278969516188651,0.01117341338454091,1.1465474562042688,3300000000.0,6699999999.999996,36872264.168985,16870484.585417,214266.213988,51960442.29991,0.0,22268761.031977,22268761.021933,0.087981,218342.23515499997,482887.921153802,109171.11758399999,169086.51300829375,300000.0,False,True
875,4,0,1,NORMAL,0.012812101368105289,0.012791140723578044,0.01119000154433697,1.1449597497677944,3300000000.0,6699999999.999996,36927005.096312,16896653.691614,214797.338016,52036873.220038,0.0,22301517.136843,22301517.126787,0.079183,218374.03238000002,483052.4179204109,109187.01619600003,169103.20274976623,300000.0,False,True
876,4,0,1,NORMAL,0.012813342443516876,0.012792573092606358,0.01120659259973606,1.1433754131312543,3300000000.0,6699999999.999996,36981755.579129,16922831.124907,215329.249525,52113315.157133,0.0,22334277.967038,22334277.956969,0.079183,218405.534567,483215.38835925877,109202.76729000002,169119.73805898984,300000.0,False,True
877,4,0,1,NORMAL,0.012814572018569897,0.012793992378152394,0.011223186529118485,1.1417944436121215,3300000000.0,6699999999.999996,37036515.546091,16949016.856175,215861.94865,52189768.017616,0.0,22367043.478687,22367043.4686,0.079183,218436.744246,483376.84558026295,109218.372132,169136.12025442277,300000.0,False,True
878,4,0,1,NORMAL,0.01281579019163819,0.012795398688699866,0.011239783311050303,1.1402168384365958,3300000000.0,6699999999.999996,37091284.926466,16975210.856555,216395.435528,52266231.699993,0.0,22399813.628283,22399813.61819,0.079183,218467.66394,483536.8026009319,109233.83197299998,169152.35064512264,300000.0,False,True
879,4,0,1,NORMAL,0.012816997060663754,0.012796792132052376,0.011256382924282424,1.138642594773029,3300000000.0,6699999999.999996,37146063.650132,17001413.097439,216929.710292,52342706.103638,0.0,22432588.372716,22432588.362609,0.079183,218498.29614199998,483695.2723466172,109249.14807800003,169168.4305296241,300000.0,False,True
880,4,0,1,NORMAL,0.012818192722672631,0.012798172815318198,0.011272985347749395,1.1370717096897256,3300000000.0,6699999999.999996,37200851.647573,17027623.550477,217464.773077,52419191.128801,0.0,22465367.669227,22465367.659105,0.079183,218528.64333299996,483852.2676507747,109264.321674,169184.36120076157,300000.0,False,True
881,4,0,1,NORMAL,0.012819377274059074,0.012799540844914385,0.011289590560568788,1.1355041801811112,3300000000.0,6699999999.999996,37255648.849877,17053842.187569,218000.624014,52495686.67659,0.0,22498151.475433,22498151.4653,0.079183,218558.70797900006,484007.8012552334,109279.35399500003,169200.14393927873,300000.0,False,True
882,4,0,1,NORMAL,0.01282055081061935,0.012800896326572771,0.011306198542037574,1.1339400031718232,3300000000.0,6699999999.999996,37310455.188724,17080068.980869,218537.263235,52572192.656887,0.0,22530939.749323,22530939.739175,0.071265,218588.492523,484161.88581047184,109294.24626900002,169215.78001757976,300000.0,False,True
883,4,0,1,NORMAL,0.012821713427399422,0.012802239365335782,0.011322809271632425,1.1323791755039339,3300000000.0,6699999999.999996,37365270.596387,17106303.902784,219074.69087,52648708.956673,0.0,22563732.449243,22563732.43908,0.071265,218617.99939699998,484314.5338759031,109308.99970599999,169231.2707001754,300000.0,False,True
884,4,0,1,NORMAL,0.012822865218692308,0.012803570065552333,0.011339422729008787,1.1308216939376061,3300000000.0,6699999999.999996,37420095.005729,17132546.92596,219612.907049,52725235.487521,0.0,22596529.533901,22596529.523728,0.071265,218647.23100200001,484465.7579201663,109323.61550599999,169246.61724167236,300000.0,False,True
885,4,0,1,NORMAL,0.012824006278275341,0.012804888530889302,0.011356038893998787,1.1292675551729852,3300000000.0,6699999999.999996,37474928.350196,17158798.023295,220151.911901,52801772.153925,0.0,22629330.962372,22629330.952187,0.071265,218676.18973800002,484615.570321426,109338.094875,169261.82088673848,300000.0,False,True
886,4,0,1,NORMAL,0.012825136699136909,0.012806194864324633,0.011372657746611817,1.127716755826739,3300000000.0,6699999999.999996,37529770.563819,17185057.16793,220691.705552,52878318.861217,0.0,22662136.694074,22662136.683882,0.071265,218704.87798099997,484763.98336767795,109352.43899399998,169276.8828732345,300000.0,False,True
887,4,0,1,NORMAL,0.012826256573690967,0.01280748916815472,0.011389279267028485,1.1261692924522868,3300000000.0,6699999999.999996,37584621.581194,17211324.333248,221232.28813,52954875.515544,0.0,22694946.688795,22694946.678593,0.071265,218733.29808600002,484911.00925706205,109366.64904799999,169291.8044286072,300000.0,False,True
888,4,0,1,NORMAL,0.012827365993560227,0.012808771543987333,0.011405903435605153,1.1246251615209872,3300000000.0,6699999999.999996,37639481.337497,17237599.492874,221773.65976,53031442.023879,0.0,22727760.90666,22727760.896451,0.071265,218761.45239300004,485056.6600981819,109380.72619999999,169306.5867727208,300000.0,False,True
889,4,0,1,NORMAL,0.012828465049821122,0.012810042092750804,0.011422530232868789,1.1230843594448714,3300000000.0,6699999999.999996,37694349.768467,17263882.620671,222315.820567,53108018.301132,0.0,22760579.308152,22760579.297932,0.064139,218789.34322700003,485200.94791043043,109394.671619,169321.231114995,300000.0,False,True
890,4,0,1,NORMAL,0.01282955383278144,0.012811300914688266,0.01143915963951697,1.1215468825578152,3300000000.0,6699999999.999996,37749226.810406,17290173.690739,222858.770675,53184604.241641,0.0,22793401.854095,22793401.843864,0.064139,218816.972893,485343.88462432177,109408.48645199998,169335.7386576388,300000.0,False,True
891,4,0,1,NORMAL,0.012830632432161032,0.01281254810936393,0.011455791636417577,1.1200127271320894,3300000000.0,6699999999.999996,37804112.400178,17316472.677415,223402.510207,53261199.761928,0.0,22826228.505656,22826228.495412,0.064139,218844.34368299998,485485.4820818296,109422.171848,169350.110592715,300000.0,False,True
892,4,0,1,NORMAL,0.012831700936967484,0.012813783775660934,0.011472426204605757,1.1184818893684432,3300000000.0,6699999999.999996,37859006.475199,17342779.555266,223947.039285,53337804.772178,0.0,22859059.224346,22859059.214088,0.064139,218871.45786600004,485625.75203672994,109435.72894,169364.34810452562,300000.0,False,True
893,4,0,1,NORMAL,0.01283275943553102,0.012815008011781584,0.01148906332528303,1.1169543653999217,3300000000.0,6699999999.999996,37913908.973434,17369094.299096,224492.35803,53414419.183369,0.0,22891893.972009,22891893.961739,0.064139,218898.317696,485764.7061549514,109449.15885400002,169378.4523679708,300000.0,False,True
894,4,0,1,NORMAL,0.01283380801559245,0.012816220915253253,0.01150570297981697,1.1154301513002038,3300000000.0,6699999999.999996,37968819.833396,17395416.883935,225038.466562,53491042.907261,0.0,22924732.71083,22924732.700549,0.064139,218924.925415,485902.3560149287,109462.462713,169392.42454900948,300000.0,False,True
895,4,0,1,NORMAL,0.01283484676422405,0.01281742258292879,0.011522345149739696,1.1139092430774828,3300000000.0,6699999999.999996,38023738.994141,17421747.285043,225585.365,53567675.856391,0.0,22957575.403327,22957575.393031,0.064139,218951.28323900004,486038.71310796356,109475.64162699999,169406.26580582035,300000.0,False,True
896,4,0,1,NORMAL,0.012835875767840942,0.012818613110987639,0.011538989816746364,1.112391636676239,3300000000.0,6699999999.999996,38078666.395263,17448085.477908,226133.053463,53644317.950484,0.0,22990422.012345,22990422.002034,0.057726,218977.393381,486173.78883858846,109488.696698,169419.97728775747,300000.0,False,True
897,4,0,1,NORMAL,0.012836895112150316,0.01281979259493362,0.01155563696269303,1.1108773279736792,3300000000.0,6699999999.999996,38133601.976887,17474431.438241,226681.532069,53720969.090787,0.0,23023272.501058,23023272.490735,0.057726,219003.25801999998,486307.59452493716,109501.62901599999,169433.56013550045,300000.0,False,True
898,4,0,1,NORMAL,0.012837904882320388,0.012820961129603735,0.011572286569597271,1.1093663127949278,3300000000.0,6699999999.999996,38188545.679671,17500785.141977,227230.800935,53797629.198548,0.0,23056126.83297,23056126.82263,0.057726,219028.879329,486440.14139911847,109514.43967300002,169447.01548038417,300000.0,False,True
899,4,0,1,NORMAL,0.012838905162756549,0.012822118809161981,0.01158893861963606,1.1078585868944522,3300000000.0,6699999999.999996,38243497.444799,17527146.565274,227780.860176,53874298.189358,0.0,23088984.971899,23088984.961547,0.057726,219054.259466,486571.4406075952,109527.12973900001,169460.3444466291,300000.0,False,True
900,4,0,1,NORMAL,0.012839896037386056,0.012823265727111921,0.011605593095143939,1.1063541459814388,3300000000.0,6699999999.999996,38298457.213975,17553515.684507,228331.709908,53950975.979552,0.0,23121846.881998,23121846.871628,0.057726,219079.40056799998,486701.50321156706,109539.700293,169473.54814838644,300000.0,False,True
901,4,0,1,NORMAL,0.012840877589287356,0.012824401976284532,0.011622249978612727,1.1048529856884122,3300000000.0,6699999999.999996,38353424.929422,17579892.476274,228883.350245,54027662.486214,0.0,23154712.527719,23154712.517339,0.057726,219104.30475600006,486830.3401873584,109552.15238299998,169486.62769349595,300000.0,False,True
902,4,0,1,NORMAL,0.012841849901126632,0.01282552764885499,0.011638909252689698,1.1033551016096237,3300000000.0,6699999999.999996,38408400.533876,17606276.917385,229435.781301,54104357.627157,0.0,23187581.873851,23187581.863456,0.057726,219128.97413499997,486957.9624268085,109564.48707500001,169499.5841785931,300000.0,False,True
903,4,0,1,NORMAL,0.01284281305478909,0.01282664283633461,0.011655570900176968,1.1018604892699075,3300000000.0,6699999999.999996,38463383.970584,17632668.984867,229989.003188,54181061.326703,0.0,23220454.885482,23220454.875071,0.051954,219153.41079400002,487084.380737668,109576.705405,169512.41869487154,300000.0,False,True
904,4,0,1,NORMAL,0.012843767131517522,0.01282774762957222,0.011672234904030607,1.1003691441372865,3300000000.0,6699999999.999996,38518375.183301,17659068.65596,230543.016018,54257773.492583,0.0,23253331.52801,23253331.51759,0.051954,219177.61680699995,487209.6058439962,109588.808408,169525.132323216,300000.0,False,True
905,4,0,1,NORMAL,0.0128447122120685,0.012828842118765529,0.011688901247356668,1.0988810616372695,3300000000.0,6699999999.999996,38573374.116277,17685475.908117,231097.819902,54334494.05056,0.0,23286211.767154,23286211.756722,0.051954,219201.59423000002,487333.64838656416,109600.79712100001,169537.72613603127,300000.0,False,True
906,4,0,1,NORMAL,0.012845648376508059,0.012829926393458596,0.011705569913414544,1.0973962371355357,3300000000.0,6699999999.999996,38628380.714268,17711890.718997,231653.41495,54411222.921342,0.0,23319095.568933,23319095.558484,0.051954,219225.345105,487456.5189232601,109612.67256100003,169550.2011993042,300000.0,False,True
907,4,0,1,NORMAL,0.01284657570418262,0.012831000542537566,0.011722240885611818,1.0959146659365138,3300000000.0,6699999999.999996,38683394.922519,17738313.066474,232209.801272,54487960.026348,0.0,23351982.899661,23351982.8892,0.051954,219248.87145600005,487578.2279294982,109624.43573399997,169562.5585699064,300000.0,False,True
908,4,0,1,NORMAL,0.012847494273950447,0.012832064654241623,0.011738914147506363,1.094436343303488,3300000000.0,6699999999.999996,38738416.686771,17764742.92862,232766.978976,54564705.287696,0.0,23384873.725965,23384873.71549,0.051954,219272.17529,487698.78579863027,109636.087652,169574.79929521057,300000.0,False,True
909,4,0,1,NORMAL,0.012848404164052647,0.012833118816164914,0.011755589682801212,1.092961264448542,3300000000.0,6699999999.999996,38793445.953244,17791180.28372,233324.94817,54641458.628203,0.0,23417768.01477,23417768.004278,0.051954,219295.258607,487818.2028423611,109647.62931199999,169586.9244161459,300000.0,False,True
910,4,0,1,NORMAL,0.012849305451979692,0.01283416311524974,0.011772267475347273,1.0914894245214766,3300000000.0,6699999999.999996,38848482.668646,17817625.11026,233883.708962,54718219.976576,0.0,23450665.733286,23450665.722782,0.046759,219318.12337600003,487936.48929116543,109659.061694,169598.93496549493,300000.0,False,True
911,4,0,1,NORMAL,0.012850198214799024,0.012835197637801308,0.01178894750914,1.0900208186384945,3300000000.0,6699999999.999996,38903526.780162,17844077.386927,234443.261458,54794989.246619,0.0,23483566.849033,23483566.838514,0.046759,219340.77156500003,488053.65529470856,109670.38578999999,169610.83196613193,300000.0,False,True
912,4,0,1,NORMAL,0.012851082528863298,0.012836222469482728,0.011805629768319696,1.0885554418578385,3300000000.0,6699999999.999996,38958578.235455,17870537.092607,235003.605763,54871766.368406,0.0,23516471.329813,23516471.319278,0.046759,219363.205118,488169.7109222694,109681.60256700001,169622.61643534712,300000.0,False,True
913,4,0,1,NORMAL,0.01285195846990608,0.012837237695316493,0.011822314237168485,1.0870932891887164,3300000000.0,6699999999.999996,39013636.982656,17897004.206389,235564.741982,54948551.26749,0.0,23549379.143718,23549379.13317,0.046759,219385.42596500006,488284.66616316483,109692.71298899999,169634.28938099556,300000.0,False,True
914,4,0,1,NORMAL,0.012852826113163652,0.01283824339969373,0.01183900090011,1.0856343556021042,3300000000.0,6699999999.999996,39068702.970363,17923478.707555,236126.67022,55025343.870094,0.0,23582290.259134,23582290.248571,0.046759,219407.43602499994,488398.5309271779,109703.71802,169645.85180276024,300000.0,False,True
915,4,0,1,NORMAL,0.012853685533157865,0.012839239666368837,0.01185568974171,1.0841786360127807,3300000000.0,6699999999.999996,39123776.147643,17949960.575585,236689.390579,55102144.10311,0.0,23615204.644721,23615204.634148,0.046759,219429.237196,488511.31504498713,109714.618603,169657.30469376018,300000.0,False,True
916,4,0,1,NORMAL,0.012854536803911796,0.012840226578468384,0.011872380746672424,1.0827261252983864,3300000000.0,6699999999.999996,39178856.464019,17976449.790151,237252.903163,55178951.894085,0.0,23648122.269432,23648122.258848,0.046759,219450.831361,488623.02826859796,109725.41568599998,169668.64903768382,300000.0,False,True
917,4,0,1,NORMAL,0.01285537999882288,0.012841204218491255,0.011889073899838485,1.0812768182892296,3300000000.0,6699999999.999996,39233943.869467,18002946.331121,237817.208074,55255767.175894,0.0,23681043.1025,23681043.091905,0.042084,219472.220393,488733.68027177633,109736.110202,169679.8858116357,300000.0,False,True
918,4,0,1,NORMAL,0.012856215190711081,0.012842172668311889,0.011905769186189394,1.0798307097725528,3300000000.0,6699999999.999996,39289038.314425,18029450.17855,238382.305412,55332589.868044,0.0,23713967.113429,23713967.102823,0.042084,219493.406147,488843.28065048385,109746.70307900001,169691.01598446202,300000.0,False,True
919,4,0,1,NORMAL,0.012857042451857571,0.012843132009185805,0.011922466590839394,1.0783877944968414,3300000000.0,6699999999.999996,39344139.74977,18055961.312683,238948.195279,55409419.904701,0.0,23746894.272012,23746894.261387,0.042084,219514.390461,488951.8389233149,109757.19523999999,169702.04051738628,300000.0,False,True
920,4,0,1,NORMAL,0.012857861853765766,0.012844082321739352,0.011939166099040605,1.0769480671517742,3300000000.0,6699999999.999996,39399248.126834,18082479.713954,239514.877774,55486257.216004,0.0,23779824.548294,23779824.53766,0.042084,219535.175161,489059.3645319347,109767.587585,169712.96036451997,300000.0,False,True
921,4,0,1,NORMAL,0.012858673467629643,0.012845023685990338,0.011955867696177576,1.0755115224084242,3300000000.0,6699999999.999996,39454363.397386,18109005.362984,240082.352996,55563101.732721,0.0,23812757.912612,23812757.901967,0.042084,219555.76205900003,489165.8668415198,109777.88103499998,169723.77646970813,300000.0,False,True
922,4,0,1,NORMAL,0.012859477363899408,0.012845956181339312,0.01197257136776697,1.0740781548832694,3300000000.0,6699999999.999996,39509485.513631,18135538.240579,240650.621044,55639953.386249,0.0,23845694.335562,23845694.324906,0.042084,219576.15294500004,489271.35514119826,109788.076478,169734.48977271127,300000.0,False,True
923,4,0,1,NORMAL,0.012860273612563138,0.01284687988657956,0.011989277099458484,1.0726479591621076,3300000000.0,6699999999.999996,39564614.428213,18162078.327727,241219.682015,55716812.108607,0.0,23878633.788015,23878633.777343,0.042084,219596.34960600003,489375.83864449325,109798.17481099999,169745.1012034722,300000.0,False,True
924,4,0,1,NORMAL,0.012861062282907636,0.01284779487989105,0.012005984877031818,1.0712209297807491,3300000000.0,6699999999.999996,39619750.094205,18188625.605599,241789.536007,55793677.836644,0.0,23911576.241095,23911576.23041,0.037876,219616.35380499996,489479.32648976584,109808.176909,169755.61168583343,300000.0,False,True
925,4,0,1,NORMAL,0.012861843443776735,0.012848701238851418,0.012022694686396666,1.0697970612469718,3300000000.0,6699999999.999996,39674892.465109,18215180.055547,242360.183116,55870550.495196,0.0,23944521.666198,23944521.655501,0.037876,219636.16729800004,489581.82774065976,109818.08365500001,169766.0221343808,300000.0,False,True
926,4,0,1,NORMAL,0.012862617163463394,0.012849599040439289,0.012039406513590303,1.0683763480320925,3300000000.0,6699999999.999996,39730041.494848,18241741.659099,242931.623438,55947430.022328,0.0,23977470.034985,23977470.024271,0.037876,219655.79182100002,489683.3513865469,109827.89591899999,169776.33345785292,300000.0,False,True
927,4,0,1,NORMAL,0.012863383509563139,0.012850488361027926,0.01205612034478,1.06695878455897,3300000000.0,6699999999.999996,39785197.137774,18268310.397961,243503.857068,56024316.352508,0.0,24010421.319359,24010421.308631,0.037876,219675.22909399995,489783.9063429735,109837.61455400001,169786.5465577168,300000.0,False,True
928,4,0,1,NORMAL,0.012864142549216657,0.012851369276394943,0.012072836166256666,1.0655443652231176,3300000000.0,6699999999.999996,39840359.348647,18294886.254016,244076.8841,56101209.420793,0.0,24043375.491494,24043375.480753,0.037876,219694.480827,489883.5014521073,109847.24041999999,169796.66232623346,300000.0,False,True
929,4,0,1,NORMAL,0.012864894349004265,0.012852241861724577,0.012089553964437878,1.0641330843840142,3300000000.0,6699999999.999996,39895528.082645,18321469.209325,244650.704629,56178109.162842,0.0,24076332.523809,24076332.513057,0.037876,219713.54871700003,489982.14548318513,109856.77436400001,169806.68164965988,300000.0,False,True
930,4,0,1,NORMAL,0.012865638975041355,0.012853106191615985,0.012106273725864546,1.062724936373647,3300000000.0,6699999999.999996,39950703.295353,18348059.246116,245225.318747,56255015.514893,0.0,24109292.38899,24109292.378221,0.037876,219732.43444700004,490079.84713296127,109866.217232,169816.6054068563,300000.0,False,True
931,4,0,1,NORMAL,0.012866376492709766,0.012853962340073648,0.01212299543720303,1.061319915474475,3300000000.0,6699999999.999996,40005884.94277,18374656.346793,245800.726547,56331928.417566,0.0,24142255.05995,24142255.049172,0.034089,219751.139683,490176.61502615566,109875.56984600001,169826.43447054588,300000.0,False,True
932,4,0,1,NORMAL,0.012867106967057718,0.012854810380524235,0.012139719085239697,1.059918015953304,3300000000.0,6699999999.999996,40061072.981291,18401260.493929,246376.928121,56408847.800689,0.0,24175220.509872,24175220.499078,0.034089,219769.666074,490272.45771590347,109884.83304500002,169836.16970376892,300000.0,False,True
933,4,0,1,NORMAL,0.012867830462415103,0.012855650385807518,0.012156444656883637,1.0585192320296248,3300000000.0,6699999999.999996,40116267.367716,18427871.670265,246953.92356,56485773.606028,0.0,24208188.712171,24208188.701365,0.034089,219788.015264,490367.38368420413,109894.00763800002,169845.8119651619,300000.0,False,True
934,4,0,1,NORMAL,0.012868547042715416,0.012856482428188673,0.012173172139163637,1.05712355790276,3300000000.0,6699999999.999996,40171468.05924,18454489.858708,247531.712955,56562705.772131,0.0,24241159.640514,24241159.629694,0.034089,219806.18887800002,490461.4013423709,109903.09444599999,169855.36210387936,300000.0,False,True
935,4,0,1,NORMAL,0.012869256771273579,0.012857306579355441,0.01218990151922818,1.0557309877338872,3300000000.0,6699999999.999996,40226675.013453,18481115.042333,248110.296396,56639644.238111,0.0,24274133.268804,24274133.25797,0.034089,219824.18852600004,490554.5190314804,109912.09427000002,169864.8209638435,300000.0,False,True
936,4,0,1,NORMAL,0.01286995971087798,0.012858122910421411,0.012206632784343939,1.0543415156540807,3300000000.0,6699999999.999996,40281888.188335,18507747.204384,248689.673973,56716588.943643,0.0,24307109.571181,24307109.56034,0.034089,219842.01581100002,490646.74502282275,109921.00790899998,169874.18938081124,300000.0,False,True
937,4,0,1,NORMAL,0.012870655923894338,0.012858931491935795,0.01222336592189394,1.0529551357732816,3300000000.0,6699999999.999996,40337107.54225,18534386.32826,249269.845774,56793539.828951,0.0,24340088.522035,24340088.511185,0.034089,219859.672315,490738.08751835034,109929.836162,169883.46818358934,300000.0,False,True
938,4,0,1,NORMAL,0.012871345472108777,0.01285973239388244,0.012240100919377878,1.0515718421677018,3300000000.0,6699999999.999996,40392333.033947,18561032.397529,249850.811887,56870496.838219,0.0,24373070.095987,24373070.085123,0.030681,219877.15961,490828.55465112836,109938.57981200001,169892.65819540524,300000.0,False,True
939,4,0,1,NORMAL,0.0128720284167371,0.012860525685679514,0.012256837764411213,1.0501916288809947,3300000000.0,6699999999.999996,40447564.622557,18587685.395915,250432.572401,56947459.905956,0.0,24406054.267885,24406054.257008,0.030681,219894.47925700003,490918.1544857837,109947.23963499999,169901.76023183585,300000.0,False,True
940,4,0,1,NORMAL,0.012872704818522356,0.012861311436185505,0.01227357644472515,1.0488144899325327,3300000000.0,6699999999.999996,40502802.267593,18614345.307301,251015.127402,57024428.977435,0.0,24439041.012812,24439041.001927,0.030681,219911.632804,491006.8950189542,109955.816406,169910.77510092975,300000.0,False,True
941,4,0,1,NORMAL,0.012873374737783053,0.012862089713707928,0.012290316948161515,1.0474404193220384,3300000000.0,6699999999.999996,40558045.928933,18641012.115731,251598.476977,57101403.995054,0.0,24472030.30609,24472030.295191,0.030681,219928.62178000002,491094.7841797373,109964.310897,169919.70360449512,300000.0,False,True
942,4,0,1,NORMAL,0.01287403823415146,0.012862860585994609,0.01230705926267606,1.046069411008273,3300000000.0,6699999999.999996,40613295.566831,18667685.805405,252182.621212,57178384.901748,0.0,24505022.123253,24505022.112342,0.030681,219945.44770199998,491181.82983013865,109972.72385700002,169928.54653873632,300000.0,False,True
943,4,0,1,NORMAL,0.012874695366919443,0.012863624120247824,0.012323803376335757,1.0447014589377102,3300000000.0,6699999999.999996,40668551.141908,18694366.360676,252767.560192,57255371.640974,0.0,24538016.440076,24538016.429151,0.030681,219962.11208399996,491268.03976552014,109981.056049,169937.30469079927,300000.0,False,True
944,4,0,1,NORMAL,0.012875346194775131,0.012864380383120554,0.012340549277317878,1.0433365570234558,3300000000.0,6699999999.999996,40723812.615149,18721053.766054,253353.294002,57332364.156716,0.0,24571013.232548,24571013.22161,0.030681,219978.61641500003,491353.42171504727,109989.30821399999,169945.97884333663,300000.0,False,True
945,4,0,1,NORMAL,0.012875990775907129,0.012865129440719688,0.012357296953910605,1.0419746991539582,3300000000.0,6699999999.999996,40779079.947905,18747748.006197,253939.822727,57409362.396545,0.0,24604012.476879,24604012.465935,0.027613,219994.962178,491437.98334213614,109997.48109199999,169954.56977103173,300000.0,False,True
946,4,0,1,NORMAL,0.012876629168178277,0.012865871358620242,0.012374046394507274,1.0406158792077986,3300000000.0,6699999999.999996,40834353.101874,18774449.06592,254527.14645,57486366.299334,0.0,24637014.149518,24637014.138556,0.027613,220011.15083799997,491521.7322448996,110005.575428,169963.07824197412,300000.0,False,True
947,4,0,1,NORMAL,0.012877261428694126,0.012866606201850816,0.012390797587613333,1.0392600910184422,3300000000.0,6699999999.999996,40889632.039124,18801156.930184,255115.265254,57563375.813681,0.0,24670018.227105,24670018.216133,0.027613,220027.18385800003,491604.67595659307,110013.59193399998,169971.50501995324,300000.0,False,True
948,4,0,1,NORMAL,0.012877887614313197,0.012867334034912907,0.012407550521838484,1.0379073284164246,3300000000.0,6699999999.999996,40944916.722067,18827871.584101,255704.179222,57640390.885615,0.0,24703024.686517,24703024.67553,0.027613,220043.062677,491686.8219460592,110021.531346,169979.85085876248,300000.0,False,True
949,4,0,1,NORMAL,0.012878507781259946,0.012868054921774006,0.012424305185898788,1.0365575851981377,3300000000.0,6699999999.999996,41000207.113466,18854593.012928,256293.888436,57717411.461666,0.0,24736033.504837,24736033.493836,0.027613,220058.78872799998,491768.1776181719,110029.39437099997,169988.1165089342,300000.0,False,True
950,4,0,1,NORMAL,0.012879121985340233,0.012868768925875055,0.01244106156861606,1.0352108551435215,3300000000.0,6699999999.999996,41055503.176433,18881321.202069,256884.392978,57794437.488864,0.0,24769044.659361,24769044.648348,0.027613,220074.36343199998,491848.7503142795,110037.18172200002,169996.3027126313,300000.0,False,True
951,4,0,1,NORMAL,0.012879730281873718,0.012869476110133034,0.01245781965891485,1.0338671320110937,3300000000.0,6699999999.999996,41110804.874419,18908056.137076,257475.692929,57871468.914728,0.0,24802058.127599,24802058.116573,0.027613,220089.78819100003,491928.54731264734,110044.894102,170004.4102064911,300000.0,False,True
952,4,0,1,NORMAL,0.012880332725699765,0.012870176536943792,0.01247457944582394,1.0325264095385323,3300000000.0,6699999999.999996,41166112.171219,18934797.803639,258067.788369,57948505.690027,0.0,24835073.887269,24835073.87623,0.024852,220105.06440300003,492007.5758288987,110052.53220799999,170012.4397207331,300000.0,False,True
953,4,0,1,NORMAL,0.012880929371212236,0.012870870268186918,0.012491340918474545,1.0311886814458402,3300000000.0,6699999999.999996,41221425.030966,18961546.187595,258660.679378,58025547.757733,0.0,24868091.916296,24868091.905244,0.024852,220120.19345299999,492085.84301645507,110060.09673300001,170020.3919792369,300000.0,False,True
954,4,0,1,NORMAL,0.012881520272267162,0.012871557365224355,0.012508104066097274,1.0298539414284231,3300000000.0,6699999999.999996,41276743.418121,18988301.274922,259254.366036,58102595.069576,0.0,24901112.192811,24901112.181747,0.024852,220135.17670399998,492163.3559669757,110067.58835800001,170028.2677000015,300000.0,False,True
955,4,0,1,NORMAL,0.012882105482364212,0.012872237888910799,0.012524868878026061,1.0285221831715057,3300000000.0,6699999999.999996,41332067.297486,19015063.051737,259848.848421,58179647.575006,0.0,24934134.69515,24934134.684072,0.024852,220150.01552399996,492240.12171079556,110075.00776899999,170036.06759392656,300000.0,False,True
956,4,0,1,NORMAL,0.01288268505443151,0.012872911899589556,0.01254163534369303,1.0271934003335528,3300000000.0,6699999999.999996,41387396.634187,19041831.504294,260444.126613,58256705.223942,0.0,24967159.401847,24967159.390757,0.024852,220164.71125400002,492316.14721736225,110082.355633,170043.7923672076,300000.0,False,True
957,4,0,1,NORMAL,0.012883259041028826,0.01287357945710177,0.012558403452628788,1.0258675865626883,3300000000.0,6699999999.999996,41442731.393675,19068606.618988,261040.200689,58333767.96677,0.0,25000186.291642,25000186.280539,0.024852,220179.26523299998,492391.4393956718,110089.632623,170051.44271849593,300000.0,False,True
958,4,0,1,NORMAL,0.012883827494179862,0.012874240620784228,0.012575173194462727,1.0245447354834878,3300000000.0,6699999999.999996,41498071.541727,19095388.382348,261637.070726,58410835.75434,0.0,25033215.343468,25033215.332354,0.024852,220193.67878099997,492466.0050947036,110096.839396,170059.0193415805,300000.0,False,True
959,4,0,1,NORMAL,0.01288439046553839,0.012874895449478046,0.01259194455892091,1.0232248407105868,3300000000.0,6699999999.999996,41553417.044439,19122176.781041,262234.736802,58487908.540448,0.0,25066246.536458,25066246.525333,0.022367,220207.953215,492539.85110385285,110103.97661300002,170066.52292317417,300000.0,False,True
960,4,0,1,NORMAL,0.012884948006295976,0.012875544001530816,0.012608717535825757,1.021907895841536,3300000000.0,6699999999.999996,41608767.868225,19148971.801863,262833.198993,58564986.271886,0.0,25099279.849944,25099279.838803,0.022367,220222.08983200003,492612.9841533635,110111.04492399999,170073.95414510675,300000.0,False,True
961,4,0,1,NORMAL,0.012885500167153133,0.012876186334796773,0.012625492115094547,1.0205938944548332,3300000000.0,6699999999.999996,41664123.979812,19175773.43175,263432.457376,58642068.903357,0.0,25132315.263444,25132315.252288,0.022367,220236.08992700002,492685.4109147578,110118.04497100001,170081.3136831069,300000.0,False,True
962,4,0,1,NORMAL,0.012886046998356297,0.012876822506639324,0.012642268286740607,1.0192828301129606,3300000000.0,6699999999.999996,41719485.346244,19202581.657762,264032.512026,58719156.387525,0.0,25165352.756668,25165352.745502,0.022367,220249.954774,492757.1380012666,110124.977392,170088.60220642135,300000.0,False,True
963,4,0,1,NORMAL,0.012886588549802652,0.012877452573940185,0.012659046040869091,1.017974696371192,3300000000.0,6699999999.999996,41774851.934868,19229396.467095,264633.363018,58796248.677494,0.0,25198392.309525,25198392.298344,0.022367,220263.68563699996,492828.17196825595,110131.84282600001,170095.82037830312,300000.0,False,True
964,4,0,1,NORMAL,0.012887124870868613,0.012878076593096859,0.01267582536768,1.0166694867639445,3300000000.0,6699999999.999996,41830223.713344,19256217.847073,265235.010426,58873345.726814,0.0,25231433.902101,25231433.890908,0.022367,220277.28378,492898.51931365445,110138.64189600002,170102.96885739503,300000.0,False,True
965,4,0,1,NORMAL,0.012887656010542932,0.012878694620028865,0.012692606257463332,1.0153671948158725,3300000000.0,6699999999.999996,41885600.649629,19283045.78515,265837.454325,58950447.489466,0.0,25264477.514676,25264477.503471,0.022367,220290.75044200005,492968.1864783772,110145.37522699998,170110.0482954657,300000.0,False,True
966,4,0,1,NORMAL,0.012888182017413135,0.012879306710182689,0.012709388700601818,1.0140678140407218,3300000000.0,6699999999.999996,41940982.711986,19309880.268903,266440.694789,59027553.922099,0.0,25297523.127717,25297523.116497,0.020131,220304.086861,493037.1798467498,110152.04343800001,170117.0593391667,300000.0,False,True
967,4,0,1,NORMAL,0.01288870293957948,0.01287991291853087,0.012726172687568182,1.012771337934937,3300000000.0,6699999999.999996,41996369.868975,19336721.286037,267044.731891,59104664.975083,0.0,25330570.72187,25330570.710632,0.020131,220317.29425600002,493105.50574692927,110158.647137,170124.00262985338,300000.0,False,True
968,4,0,1,NORMAL,0.01288921882470626,0.012880513299574443,0.012742958208926061,1.011477759981803,3300000000.0,6699999999.999996,42051762.089456,19363568.824385,267649.565704,59181780.605924,0.0,25363620.277958,25363620.266706,0.020131,220330.37384400005,493173.17045132455,110165.18692899999,170130.87880244915,300000.0,False,True
969,4,0,1,NORMAL,0.012889729720108073,0.012881107907350807,0.012759745255327273,1.0101870736585852,3300000000.0,6699999999.999996,42107159.34258,19390422.871898,268255.196299,59258900.77031,0.0,25396671.776991,25396671.765728,0.020131,220343.32682699998,493240.1801770152,110171.663419,170137.68848612264,300000.0,False,True
970,4,0,1,NORMAL,0.012890235672668582,0.012881696795435825,0.01277653381751091,1.008899272430355,3300000000.0,6699999999.999996,42162561.597786,19417283.416655,268861.62375,59336025.424344,0.0,25429725.200159,25429725.188881,0.020131,220356.154389,493306.54108616756,110178.07720200001,170144.43230542657,300000.0,False,True
971,4,0,1,NORMAL,0.012890736728790448,0.012882280016942575,0.01279332388630303,1.0076143497462542,3300000000.0,6699999999.999996,42217968.8248,19444150.446855,269468.848127,59413154.524541,0.0,25462780.528826,25462780.517536,0.020131,220368.85771600003,493372.25928645063,110184.42886399999,170151.11087922528,300000.0,False,True
972,4,0,1,NORMAL,0.012891232934580778,0.012882857624532139,0.012810115452618483,1.0063322990540038,3300000000.0,6699999999.999996,42273380.993641,19471023.950817,270076.869502,59490288.027831,0.0,25495837.744533,25495837.733227,0.020131,220381.437978,493437.34083144856,110190.71899700002,170157.7248200339,300000.0,False,True
973,4,0,1,NORMAL,0.012891724335653882,0.012883429670410961,0.012826908507455756,1.005053113785013,3300000000.0,6699999999.999996,42328798.074604,19497903.916979,270685.687945,59567425.893557,0.0,25528896.828996,25528896.817674,0.018118,220393.89633599998,493501.7917210734,110196.948176,170164.27473646626,300000.0,False,True
974,4,0,1,NORMAL,0.012892210977198764,0.012883996206332755,0.012843703041900304,1.0037767873595498,3300000000.0,6699999999.999996,42384220.038271,19524790.333901,271295.303526,59644568.075433,0.0,25561957.764094,25561957.752762,0.018118,220406.233938,493565.6179019738,110203.11697399999,170170.76123063124,300000.0,False,True
975,4,0,1,NORMAL,0.012892692904108431,0.012884557283608605,0.01286049904712,1.0025033131972931,3300000000.0,6699999999.999996,42439646.855496,19551683.190256,271905.716316,59721714.533602,0.0,25595020.531892,25595020.520547,0.018118,220418.451921,493628.8252679442,110209.22596700002,170177.18489902368,300000.0,False,True
976,4,0,1,NORMAL,0.012893170160827852,0.012885112953106622,0.012877296514366969,1.001232684705456,3300000000.0,6699999999.999996,42495078.497411,19578582.474835,272516.926383,59798865.226592,0.0,25628085.114619,25628085.103256,0.018118,220430.551416,493691.41966033063,110215.275717,170183.5463342313,300000.0,False,True
977,4,0,1,NORMAL,0.012894095434976365,0.012885692468065962,0.012894095434976365,1.0,3300000000.0,6699999999.999996,42550514.935422,19605488.176548,273128.933797,59876020.113329,0.0,25661151.49466,25661151.483285,0.018118,220442.53354399998,493753.40686843527,110221.266778,170189.84612292764,300000.0,False,True
978,4,0,1,NORMAL,0.012910895800366364,0.012887318489504697,0.012910895800366364,1.0,3300000000.0,6699999999.999996,42605956.141209,19632400.284412,273741.738626,59953179.153121,0.0,25694219.654579,25694219.643194,0.018118,220454.39941199997,493814.79262991884,110227.19971100001,170202.05974168802,300000.0,False,True
979,4,0,1,NORMAL,0.012927697602034546,0.01288992359353888,0.012927697602034546,1.0,3300000000.0,6699999999.999996,42661402.086714,19659318.787562,274355.340939,60030342.30566,0.0,25727289.577105,25727289.565709,0.018118,220466.15011900006,493875.5826312018,110233.07506499998,170423.824564836,300000.0,False,True
980,4,0,1,NORMAL,0.012944500831560303,0.012893444705669296,0.012944500831560303,1.0,3300000000.0,6699999999.999996,42716852.744149,19686243.675246,274969.740803,60107509.532834,0.0,25760361.245123,25760361.233721,0.016307,220477.786756,493935.7825078629,110238.89338099999,170645.608346856,300000.0,False,True
981,4,0,1,NORMAL,0.012961305480601515,0.012897822820181051,0.012961305480601515,1.0,3300000000.0,6699999999.999996,42772308.085985,19713174.936822,275584.938285,60184680.791471,0.0,25793434.641691,25793434.63028,0.016307,220489.310401,493995.3978450363,110244.655205,170867.410976596,300000.0,False,True
982,4,0,1,NORMAL,0.012978111540896667,0.012903002737646574,0.012978111540896667,1.0,3300000000.0,6699999999.999996,42827768.084959,19740112.561759,276200.933453,60261856.044211,0.0,25826509.750021,25826509.738595,0.016307,220500.72212500003,494054.4341778065,110250.36107000001,171089.23234394,300000.0,False,True
983,4,0,1,NORMAL,0.012994919004262424,0.012908932819363726,0.012994919004262424,1.0,3300000000.0,6699999999.999996,42883232.714066,19767056.539634,276817.726373,60339035.252253,0.0,25859586.553475,25859586.542041,0.016307,220512.02298399998,494112.8969916014,110256.01149599999,171311.072339836,300000.0,False,True
984,4,0,1,NORMAL,0.013011727862592727,0.012915564757636566,0.013011727862592727,1.0,3300000000.0,6699999999.999996,42938701.946556,19794006.860132,277435.317111,60416218.377161,0.0,25892665.035593,25892665.024143,0.016307,220523.21403600005,494170.79172258347,110261.607026,171532.930856264,300000.0,False,True
985,4,0,1,NORMAL,0.013028538107859698,0.012922853360876767,0.013028538107859698,1.0,3300000000.0,6699999999.999996,42994175.755937,19820963.513046,278053.705734,60493405.380869,0.0,25925745.180051,25925745.168588,0.016307,220534.296319,494228.1237580389,110267.14816600001,171754.807786224,300000.0,False,True
986,4,0,1,NORMAL,0.013045349732109697,0.012930756352569215,0.013045349732109697,1.0,3300000000.0,6699999999.999996,43049654.115962,19847926.488278,278672.892306,60570596.225667,0.0,25958826.970691,25958826.959215,0.016307,220545.270863,494284.8984367646,110272.63543799997,171976.703023748,300000.0,False,True
987,4,0,1,NORMAL,0.013062162727466665,0.01293923418320776,0.013062162727466665,1.0,3300000000.0,6699999999.999996,43105137.00064,19874895.775835,279292.876893,60647790.875838,0.0,25991910.391505,25991910.380015,0.014677,220556.13869600004,494341.1210494538,110278.069355,172198.616463848,300000.0,False,True
988,4,0,1,NORMAL,0.013078977086129394,0.012948249854363996,0.013078977086129394,1.0,3300000000.0,6699999999.999996,43160624.384227,19901871.365823,279913.659559,60724989.291124,0.0,26024995.426638,26024995.415136,0.014677,220566.90082600003,494396.79683907854,110283.450419,172420.54800255998,300000.0,False,True
989,4,0,1,NORMAL,0.013095792800370001,0.012957768754106319,0.013095792800370001,1.0,3300000000.0,6699999999.999996,43216116.241221,19928853.248458,280535.240369,60802191.436514,0.0,26058082.060385,26058082.048871,0.014677,220577.55826199995,494451.9310012713,110288.77913700002,172642.497536908,300000.0,False,True
990,4,0,1,NORMAL,0.013112609862534546,0.012967758503037172,0.013112609862534546,1.0,3300000000.0,6699999999.999996,43271612.546364,19955841.414053,281157.619387,60879397.275708,0.0,26091170.277194,26091170.265666,0.014677,220588.11199199996,494506.52868470346,110294.05600300002,172864.464964884,300000.0,False,True
991,4,0,1,NORMAL,0.013129428265041817,0.01297818881026328,0.013129428265041817,1.0,3300000000.0,6699999999.999996,43327113.274638,19982835.853028,281780.796676,60956606.772757,0.0,26124260.061656,26124260.050113,0.014677,220598.56300700005,494560.59499146306,110299.28151099998,173086.45018545602,300000.0,False,True
992,4,0,1,NORMAL,0.013146248000383637,0.012989031338658143,0.013146248000383637,1.0,3300000000.0,6699999999.999996,43382618.401266,20009836.555901,282404.7723,61033819.892054,0.0,26157351.398509,26157351.386952,0.014677,220608.91228599995,494614.13497742923,110304.45615000001,173308.45309855198,300000.0,False,True
993,4,0,1,NORMAL,0.013163069061123637,0.013000259578817208,0.013163069061123637,1.0,3300000000.0,6699999999.999996,43438127.901708,20036843.513293,283029.546321,61111036.598331,0.0,26190444.272635,26190444.261069,0.014677,220619.160797,494667.153652645,110309.58040300001,173530.473605064,300000.0,False,True
994,4,0,1,NORMAL,0.013179891439894849,0.013011848731144797,0.013179891439894849,1.0,3300000000.0,6699999999.999996,43493641.751653,20063856.715921,283655.118802,61188256.85812,0.0,26223538.669067,26223538.65749,0.01321,220629.309497,494719.6559816884,110314.654754,173752.511606832,300000.0,False,True
995,4,0,1,NORMAL,0.013196715129402728,0.013023775595548535,0.013196715129402728,1.0,3300000000.0,6699999999.999996,43549159.927029,20090876.154597,284281.489806,61265480.633887,0.0,26256634.572976,26256634.561388,0.01321,220639.35934100003,494771.6468840409,110319.67967600001,173974.567006612,300000.0,False,True
996,4,0,1,NORMAL,0.013213540122420604,0.01303601846824996,0.013213540122420604,1.0,3300000000.0,6699999999.999996,43604682.403988,20117901.820237,284908.659394,61342707.892827,0.0,26289731.969673,26289731.958075,0.01321,220649.31126399996,494823.13123445417,110324.655637,174196.639708116,300000.0,False,True
997,4,0,1,NORMAL,0.01323036641179303,0.01304855704525274,0.01323036641179303,1.0,3300000000.0,6699999999.999996,43660209.158917,20144933.703847,285536.627628,61419938.600998,0.0,26322830.84461,26322830.833003,0.01321,220659.16620699997,494874.113863314,110329.583108,174418.72961595198,300000.0,False,True
998,4,0,1,NORMAL,0.013247193990430001,0.01306137233203837,0.013247193990430001,1.0,3300000000.0,6699999999.999996,43715740.168419,20171971.796535,286165.394568,61497172.724776,0.0,26355931.183385,26355931.171763,0.01321,220668.92509099998,494924.59955700365,110334.462553,174640.836635668,300000.0,False,True
999,4,0,1,NORMAL,0.013264022851312425,0.01307444655908831,0.013264022851312425,1.0,3300000000.0,6699999999.999996,43771275.409331,20199016.089497,286794.960276,61574410.230865,0.0,26389032.971722,26389032.960083,0.01321,220678.58883500003,494974.5930582632,110339.294426,174862.96067367602,300000.0,False,True
1000,4,0,1,NORMAL,0.013280852987486061,0.013087763102855908,0.013280852987486061,1.0,3300000000.0,6699999999.999996,43826814.858704,20226066.574027,287425.324812,61651651.086281,0.0,26422136.195487,26422136.183832,0.01321,220688.158346,495024.0990665479,110344.079181,175085.101637324,300000.0,False,True
1001,4,0,1,NORMAL,0.013297684392065759,0.01310130641183719,0.013297684392065759,1.0,3300000000.0,6699999999.999996,43882358.493817,20253123.241509,288056.488237,61728895.259682,0.0,26455240.840678,26455240.829006,0.011889,220697.6345249999,495073.1222383844,110348.81727100002,175307.25943481602,300000.0,False,True
1002,4,0,1,NORMAL,0.013314517058229697,0.0131150619374109,0.013314517058229697,1.0,3300000000.0,6699999999.999996,43937906.292158,20280186.083426,288688.45061,61806142.716073,0.0,26488346.893426,26488346.881742,0.011889,220707.018266,495121.6671877244,110353.50913900002,175529.433975268,300000.0,False,True
1003,4,0,1,NORMAL,0.01333135097922303,0.013129016069140716,0.01333135097922303,1.0,3300000000.0,6699999999.999996,43993458.231436,20307255.091342,289321.211991,61883393.424726,0.0,26521454.340002,26521454.328305,0.011889,220716.310445,495169.7384862961,110358.15522900001,175751.62516863202,300000.0,False,True
1004,4,0,1,NORMAL,0.01334818614835515,0.013143156074251325,0.01334818614835515,1.0,3300000000.0,6699999999.999996,44049014.289572,20334330.256917,289954.772439,61960647.353905,0.0,26554563.166802,26554563.155093,0.011889,220725.511946,495217.34066395415,110362.755979,175973.832925744,300000.0,False,True
1005,4,0,1,NORMAL,0.013365022558999393,0.013157470041009265,0.013365022558999393,1.0,3300000000.0,6699999999.999996,44104574.444698,20361411.5719,290589.132014,62037904.472174,0.0,26587673.360358,26587673.348634,0.011889,220734.62363499997,495264.4782090269,110367.31182500001,176196.057158288,300000.0,False,True
1006,4,0,1,NORMAL,0.013381860204593636,0.013171946825756644,0.013381860204593636,1.0,3300000000.0,6699999999.999996,44160138.675159,20388499.028128,291224.290773,62115164.748399,0.0,26620784.907326,26620784.895584,0.011889,220743.64636800005,495311.15556866163,110371.823193,176418.297778792,300000.0,False,True
1007,4,0,1,NORMAL,0.013398699078636968,0.013186576003361828,0.013398699078636968,1.0,3300000000.0,6699999999.999996,44215706.959502,20415592.617528,291860.248775,62192428.151744,0.0,26653897.794489,26653897.78273,0.011889,220752.58099899997,495357.37714916724,110376.29050800002,176640.554700636,300000.0,False,True
1008,4,0,1,NORMAL,0.013415539174694242,0.013201347820867147,0.013415539174694242,1.0,3300000000.0,6699999999.999996,44271279.276491,20442692.332111,292497.006078,62269694.652861,0.0,26687012.008752,26687011.996982,0.010701,220761.428373,495403.147316356,110380.71419200001,176862.827838008,300000.0,False,True
1009,4,0,1,NORMAL,0.013432380486388484,0.013216253154126589,0.013432380486388484,1.0,3300000000.0,6699999999.999996,44326855.605082,20469798.163976,293134.56274,62346964.219122,0.0,26720127.53716,26720127.525377,0.010701,220770.189325,495448.47039588157,110385.09466899998,177085.11710596402,300000.0,False,True
1010,4,0,1,NORMAL,0.013449223007406365,0.013231283467241416,0.013449223007406365,1.0,3300000000.0,6699999999.999996,44382435.924441,20496910.105306,293772.918818,62424236.821758,0.0,26753244.366872,26753244.355076,0.010701,220778.864683,495493.35067357606,110389.43234800003,177307.422420328,300000.0,False,True
1011,4,0,1,NORMAL,0.013466066731493635,0.013246430774612527,0.013466066731493635,1.0,3300000000.0,6699999999.999996,44438020.213929,20524028.14837,294412.074369,62501512.431096,0.0,26786362.485176,26786362.473363,0.010701,220787.45526699998,495537.7923957844,110393.72764200001,177529.743697764,300000.0,False,True
1012,4,0,1,NORMAL,0.013482911652458181,0.01326168760544128,0.013482911652458181,1.0,3300000000.0,6699999999.999996,44493608.453112,20551152.285522,295052.02945,62578791.017755,0.0,26819481.879469,26819481.867644,0.010701,220795.96189200005,495581.79976969614,110397.980952,177752.080855716,300000.0,False,True
1013,4,0,1,NORMAL,0.013499757764165456,0.013277046970520259,0.013499757764165456,1.0,3300000000.0,6699999999.999996,44549200.621746,20578282.509199,295692.784118,62656072.552629,0.0,26852602.537281,26852602.525447,0.010701,220804.38536299998,495625.3769636764,110402.192686,177974.433812448,300000.0,False,True
1014,4,0,1,NORMAL,0.013516605060541212,0.013292502331166772,0.013516605060541212,1.0,3300000000.0,6699999999.999996,44604796.699786,20605418.811917,296334.338429,62733357.006892,0.0,26885724.446265,26885724.434416,0.010701,220812.72647899998,495668.5281075934,110406.36324700002,178196.80248698403,300000.0,False,True
1015,4,0,1,NORMAL,0.013533453535570908,0.013308047570160587,0.013533453535570908,1.0,3300000000.0,6699999999.999996,44660396.667384,20632561.186276,296976.692438,62810644.353072,0.0,26918847.594175,26918847.582317,0.009631,220820.986031,495711.257293144,110410.49302000001,178419.186799144,300000.0,False,True
1016,4,0,1,NORMAL,0.013550303183293939,0.013323676964556289,0.013550303183293939,1.0,3300000000.0,6699999999.999996,44716000.50487,20659709.624957,297619.846202,62887934.560747,0.0,26951971.96891,26951971.957034,0.009631,220829.16480199996,495753.56857417786,110414.58240999999,178641.586669536,300000.0,False,True
1017,4,0,1,NORMAL,0.013567153997811212,0.013339385160250154,0.013567153997811212,1.0,3300000000.0,6699999999.999996,44771608.192777,20686864.120724,298263.799775,62965227.602993,0.0,26985097.558452,26985097.546567,0.009631,220837.263567,495795.46596701845,110418.631788,178864.00201948,300000.0,False,True
1018,4,0,1,NORMAL,0.013584005973279394,0.013355167148187526,0.013584005973279394,1.0,3300000000.0,6699999999.999996,44827219.711822,20714024.666414,298908.553214,63042523.452075,0.0,27018224.350923,27018224.33903,0.009631,220845.28309799999,495836.9534507831,110422.64155299998,179086.432771108,300000.0,False,True
1019,4,0,1,NORMAL,0.013600859103910607,0.013371018242105145,0.013600859103910607,1.0,3300000000.0,6699999999.999996,44882835.042905,20741191.254946,299554.106572,63119822.080526,0.0,27051352.334556,27051352.32265,0.009631,220853.224155,495878.0349676992,110426.61208400001,179308.87884728803,300000.0,False,True
1020,4,0,1,NORMAL,0.013617713383974547,0.013386934057709625,0.013617713383974547,1.0,3300000000.0,6699999999.999996,44938454.167116,20768363.879317,300200.459905,63197123.461148,0.0,27084481.497688,27084481.485769,0.009631,220861.087495,495918.7144234201,110430.54375399998,179531.34017162002,300000.0,False,True
1021,4,0,1,NORMAL,0.01363456880779303,0.013402910493198876,0.01363456880779303,1.0,3300000000.0,6699999999.999996,44994077.065717,20795542.532601,300847.613266,63274427.566996,0.0,27117611.828777,27117611.816847,0.009631,220868.873863,495958.99568733724,110434.43693700002,179753.81666846402,300000.0,False,True
1022,4,0,1,NORMAL,0.01365142536974606,0.01341894371104063,0.01365142536974606,1.0,3300000000.0,6699999999.999996,45049703.720162,20822727.20795,301495.566709,63351734.372357,0.0,27150743.316383,27150743.304446,0.008668,220876.58400099995,495998.88259289187,110438.292004,179976.308262868,300000.0,False,True
1023,4,0,1,NORMAL,0.013668283064266061,0.013435030120926141,0.013668283064266061,1.0,3300000000.0,6699999999.999996,45105334.112078,20849917.898589,302144.320289,63429043.848879,0.0,27183875.949192,27183875.937238,0.008668,220884.21864499996,496038.3789378825,110442.10933099999,180198.814880648,300000.0,False,True
1024,4,0,1,NORMAL,0.013685141885840002,0.013451166363823812,0.013685141885840002,1.0,3300000000.0,6699999999.999996,45160968.223272,20877114.597823,302793.874059,63506355.971358,0.0,27217009.715979,27217009.704013,0.008668,220891.77851999996,496077.48848477216,110445.889266,180421.336448312,300000.0,False,True
1025,4,0,1,NORMAL,0.013702001829008182,0.013467349297061513,0.013702001829008182,1.0,3300000000.0,6699999999.999996,45216606.035727,20904317.299025,303444.228072,63583670.713876,0.0,27250144.605643,27250144.593661,0.008668,220899.26434800003,496116.21496099245,110449.63218200002,180643.872893088,300000.0,False,True
1026,4,0,1,NORMAL,0.013718862888364545,0.013483575980371386,0.013718862888364545,1.0,3300000000.0,6699999999.999996,45272247.531603,20931525.995643,304095.382381,63660988.050769,0.0,27283280.607177,27283280.595184,0.008668,220906.67684300002,496154.5620592459,110453.338427,180866.424142908,300000.0,False,True
1027,4,0,1,NORMAL,0.013735725058554242,0.013499843662834797,0.013735725058554242,1.0,3300000000.0,6699999999.999996,45327892.693229,20958740.681199,304747.337038,63738307.956615,0.0,27316417.70969,27316417.697689,0.008668,220914.01671000003,496192.5334378054,110457.00835900001,181088.990126412,300000.0,False,True
1028,4,0,1,NORMAL,0.013752588334272122,0.013516149770669464,0.013752588334272122,1.0,3300000000.0,6699999999.999996,45383541.503098,20985961.349293,305400.092097,63815630.406238,0.0,27349555.902401,27349555.890383,0.008668,220921.28465100005,496230.1327208133,110460.64233399999,181311.570772916,300000.0,False,True
1029,4,0,1,NORMAL,0.013769452710269092,0.013532491895804924,0.013769452710269092,1.0,3300000000.0,6699999999.999996,45439193.943888,21013187.993588,306053.647609,63892955.375577,0.0,27382695.174612,27382695.162584,0.007802,220928.48135799996,496267.3634985761,110464.240684,181534.16601239203,300000.0,False,True
1030,4,0,1,NORMAL,0.013786318181343333,0.013548867785194499,0.013786318181343333,1.0,3300000000.0,6699999999.999996,45494849.998433,21040420.607822,306708.003627,63970282.838207,0.0,27415835.51575,27415835.50371,0.007802,220935.60752399996,496304.22932785907,110467.803768,181756.775775552,300000.0,False,True
1031,4,0,1,NORMAL,0.013803184742345757,0.013565275330817162,0.013803184742345757,1.0,3300000000.0,6699999999.999996,45550509.649741,21067659.185803,307363.160202,64047612.770544,0.0,27448976.915332,27448976.903281,0.007802,220942.66382699998,496340.73373217694,110471.331919,181979.39999373202,300000.0,False,True
1032,4,0,1,NORMAL,0.013820052388175153,0.01358171256032413,0.013820052388175153,1.0,3300000000.0,6699999999.999996,45606172.880978,21094903.721408,308019.117385,64124945.14837,0.0,27482119.362982,27482119.350919,0.007802,220949.65094000002,496376.88020208426,110474.82547600001,182202.03859896402,300000.0,False,True
1033,4,0,1,NORMAL,0.013836921113780303,0.013598177628289045,0.013836921113780303,1.0,3300000000.0,6699999999.999996,45661839.675475,21122154.208585,308675.875228,64202279.947703,0.0,27515262.848422,27515262.836345,0.007802,220956.56953200002,496412.6721954626,110478.284773,182424.691523912,300000.0,False,True
1034,4,0,1,NORMAL,0.013853790914159999,0.013614668808022656,0.013853790914159999,1.0,3300000000.0,6699999999.999996,45717510.016728,21149410.641348,309333.433782,64279617.144793,0.0,27548407.361473,27548407.34938,0.007802,220963.420266,496448.11313780566,110481.71014099997,182647.3587019,300000.0,False,True
1035,4,0,1,NORMAL,0.013870661784360605,0.013631184483915426,0.013870661784360605,1.0,3300000000.0,6699999999.999996,45773183.88839,21176673.013777,309991.793098,64356956.716118,0.0,27581552.892055,27581552.879946,0.007802,220970.20379800003,496483.2064225024,110485.10190699999,182870.040066912,300000.0,False,True
1036,4,0,1,NORMAL,0.013887533719477577,0.013647723144274275,0.013887533719477577,1.0,3300000000.0,6699999999.999996,45828861.274276,21203941.320026,310650.953226,64434298.639168,0.0,27614699.430179,27614699.418058,0.007022,220976.920776,496517.9554111189,110488.460394,183092.73555356,300000.0,False,True
1037,4,0,1,NORMAL,0.013904406714652425,0.013664283374621253,0.013904406714652425,1.0,3300000000.0,6699999999.999996,45884542.158353,21231215.554309,311310.914217,64511642.889312,0.0,27647846.965963,27647846.953834,0.007022,220983.57184799996,496552.3634336769,110491.78592799998,183315.445097104,300000.0,False,True
1038,4,0,1,NORMAL,0.013921280765074848,0.013680863851424712,0.013921280765074848,1.0,3300000000.0,6699999999.999996,45940226.524747,21258495.710909,311971.67612,64588989.444486,0.0,27680995.489618,27680995.477479,0.007022,220990.157648,496586.4337889309,110495.078829,183538.16863341202,300000.0,False,True
1039,4,0,1,NORMAL,0.013938155865980606,0.01369746333623477,0.013938155865980606,1.0,3300000000.0,6699999999.999996,45995914.357736,21285781.784173,312633.238986,64666338.282065,0.0,27714144.991451,27714144.979296,0.007022,220996.678808,496620.1697446434,110498.33941199997,183760.906098988,300000.0,False,True
1040,4,0,1,NORMAL,0.013955032012653332,0.013714080670197259,0.013955032012653332,1.0,3300000000.0,6699999999.999996,46051605.641756,21313073.768512,313295.602864,64743689.379646,0.0,27747295.461853,27747295.449687,0.007022,221003.135955,496653.5745378576,110501.567983,183983.657430944,300000.0,False,True
1041,4,0,1,NORMAL,0.013971909200420605,0.013730714768921346,0.013971909200420605,1.0,3300000000.0,6699999999.999996,46107300.361388,21340371.658404,313958.767804,64821042.71504,0.0,27780446.891322,27780446.879139,0.007022,221009.529709,496686.6513751685,110504.764863,184206.42256702398,300000.0,False,True
1042,4,0,1,NORMAL,0.013988787424656668,0.013747364617678465,0.013988787424656668,1.0,3300000000.0,6699999999.999996,46162998.501367,21367675.448388,314622.733854,64898398.266275,0.0,27813599.270432,27813599.258239,0.007022,221015.86067999998,496719.4034329918,110507.93034499999,184429.201445552,300000.0,False,True
1043,4,0,1,NORMAL,0.014005666680779998,0.013764029266910822,0.014005666680779998,1.0,3300000000.0,6699999999.999996,46218700.046574,21394985.133066,315287.501064,64975756.012293,0.0,27846752.589863,27846752.577658,0.00632,221022.12948199996,496751.8338578308,110511.064747,184651.994005468,300000.0,False,True
1044,4,0,1,NORMAL,0.014022546964254241,0.013780707828029754,0.014022546964254241,1.0,3300000000.0,6699999999.999996,46274404.982039,21422300.707102,315953.069482,65053115.930139,0.0,27879906.84038,27879906.828163,0.00632,221028.33671399998,496783.94576654065,110514.16836299999,184874.800186296,300000.0,False,True
1045,4,0,1,NORMAL,0.014039428270586666,0.01379739946948504,0.014039428270586666,1.0,3300000000.0,6699999999.999996,46330113.292936,21449622.165222,316619.439157,65130477.999174,0.0,27913062.012841,27913062.000603,0.00632,221034.48297099996,496815.7422465922,110517.24149600002,185097.619928156,300000.0,False,True
1046,4,0,1,NORMAL,0.014056310595329394,0.013814103413087902,0.014056310595329394,1.0,3300000000.0,6699999999.999996,46385824.964587,21476949.502213,317286.610138,65207842.198268,0.0,27946218.09818,27946218.085927,0.00632,221040.56885100002,496847.2263563321,110520.284433,185320.45317174398,300000.0,False,True
1047,4,0,1,NORMAL,0.014073193934077575,0.013830818930571108,0.014073193934077575,1.0,3300000000.0,6699999999.999996,46441539.982456,21504282.712923,317954.582472,65285208.506493,0.0,27979375.087429,27979375.075163,0.00632,221046.59493499997,496878.4011252417,110523.29747400002,185543.299858348,300000.0,False,True
1048,4,0,1,NORMAL,0.014090078282466667,0.013847545340370823,0.014090078282466667,1.0,3300000000.0,6699999999.999996,46497258.33214,21531621.792261,318623.356208,65362576.90312,0.0,28012532.971711,28012532.959429,0.00632,221052.56180199998,496909.26955419447,110526.280909,185766.159929824,300000.0,False,True
1049,4,0,1,NORMAL,0.014106963636178787,0.013864282004616498,0.014106963636178787,1.0,3300000000.0,6699999999.999996,46552979.99939,21558966.73519,319292.931393,65439947.367626,0.0,28045691.742225,28045691.72993,0.00632,221058.47002699997,496939.83461571,110529.23502,185989.03332856,300000.0,False,True
1050,4,0,1,NORMAL,0.014123849990935454,0.013881028326314496,0.014123849990935454,1.0,3300000000.0,6699999999.999996,46608704.970087,21586317.536741,319963.308075,65517319.880319,0.0,28078851.390261,28078851.377955,0.005688,221064.32018300003,496970.0992542079,110532.160097,186211.91999756,300000.0,False,True
1051,4,0,1,NORMAL,0.014140737342500605,0.013897783746713601,0.014140737342500605,1.0,3300000000.0,6699999999.999996,46664433.230252,21613674.191995,320634.4863,65594694.419806,0.0,28112011.907197,28112011.894875,0.005688,221070.11283000003,497000.0663862581,110535.05642299999,186434.819880348,300000.0,False,True
1052,4,0,1,NORMAL,0.014157625686678787,0.013914547742840387,0.014157625686678787,1.0,3300000000.0,6699999999.999996,46720164.76604,21641036.696095,321306.466116,65672070.966786,0.0,28145173.28449,28145173.272149,0.005688,221075.848527,497029.73890082986,110537.924273,186657.732921008,300000.0,False,True
1053,4,0,1,NORMAL,0.014174515019316969,0.013931319825193716,0.014174515019316969,1.0,3300000000.0,6699999999.999996,46775899.563746,21668405.044238,321979.247571,65749449.50152,0.0,28178335.513678,28178335.501319,0.005688,221081.52782599998,497059.11965953925,110540.76392200001,186880.65906416,300000.0,False,True
1054,4,0,1,NORMAL,0.014191405336301513,0.013948099535587769,0.014191405336301513,1.0,3300000000.0,6699999999.999996,46831637.609795,21695779.23168,322652.83071,65826830.004462,0.0,28211498.586383,28211498.574007,0.005688,221087.15127700003,497088.21149689425,110543.575647,187103.59825498398,300000.0,False,True
1055,4,0,1,NORMAL,0.014208296633559698,0.013964886445134347,0.014208296633559698,1.0,3300000000.0,6699999999.999996,46887378.890747,21723159.253736,323327.215581,65904212.456257,0.0,28244662.494308,28244662.481917,0.005688,221092.719425,497117.0172205375,110546.35972,187326.55043918,300000.0,False,True
1056,4,0,1,NORMAL,0.014225188907057575,0.013981680152355201,0.014225188907057575,1.0,3300000000.0,6699999999.999996,46943123.39329,21750545.10577,324002.402229,65981596.837733,0.0,28277827.229242,28277827.216834,0.005688,221098.23280300002,497145.5396114883,110549.11640999997,187549.515562988,300000.0,False,True
1057,4,0,1,NORMAL,0.014242082152801818,0.013998480281416275,0.014242082152801818,1.0,3300000000.0,6699999999.999996,46998871.104246,21777936.783204,324678.390701,66058983.130477,0.0,28310992.783046,28310992.770623,0.00512,221103.69194499997,497173.7814243815,110551.84598000001,187772.49357316,300000.0,False,True
1058,4,0,1,NORMAL,0.014258976366837274,0.014015286480475694,0.014258976366837274,1.0,3300000000.0,6699999999.999996,47054622.010563,21805334.281518,325355.181043,66136371.314558,0.0,28344159.147662,28344159.135226,0.00512,221109.09738100003,497201.7453877051,110554.54869699999,187995.484416984,300000.0,False,True
1059,4,0,1,NORMAL,0.01427587154524697,0.014032098420138358,0.01427587154524697,1.0,3300000000.0,6699999999.999996,47110376.099315,21832737.596242,326032.7733,66213761.371925,0.0,28377326.315116,28377326.302667,0.00512,221114.449629,497229.43420403625,110557.224821,188218.48804225202,300000.0,False,True
1060,4,0,1,NORMAL,0.014292767684154545,0.01404891579201037,0.014292767684154545,1.0,3300000000.0,6699999999.999996,47166133.35771,21860146.722957,326711.167518,66291153.284146,0.0,28410494.277505,28410494.265045,0.00512,221119.74920899997,497256.8505502748,110559.87461000001,188441.50439726003,300000.0,False,True
1061,4,0,1,NORMAL,0.014309664779718484,0.014065738307346379,0.014309664779718484,1.0,3300000000.0,6699999999.999996,47221893.773071,21887561.657301,327390.363742,66368547.032964,0.0,28443663.02701,28443663.014536,0.00512,221124.996632,497283.99707787496,110562.498323,188664.53343083998,300000.0,False,True
1062,4,0,1,NORMAL,0.014326562828136666,0.014082565695784463,0.014326562828136666,1.0,3300000000.0,6699999999.999996,47277657.332851,21914982.394965,328070.362018,66445942.600303,0.0,28476832.555884,28476832.543392,0.00512,221130.19240799997,497310.8764130757,110565.096213,188887.575092284,300000.0,False,True
1063,4,0,1,NORMAL,0.014343461825643333,0.014099397704162455,0.014343461825643333,1.0,3300000000.0,6699999999.999996,47333424.024623,21942408.931692,328751.162391,66523339.968263,0.0,28510002.856449,28510002.843943,0.00512,221135.33703599998,497337.4911571289,110567.668525,189110.629331404,300000.0,False,True
1064,4,0,1,NORMAL,0.014360361768510606,0.014116234095410723,0.014360361768510606,1.0,3300000000.0,6699999999.999996,47389193.836085,21969841.263273,329432.764905,66600739.119629,0.0,28543173.921112,28543173.908592,0.004608,221140.43102,497363.84388652566,110570.21551700002,189333.696098492,300000.0,False,True
1065,4,0,1,NORMAL,0.014377262653045758,0.01413307464751621,0.014377262653045758,1.0,3300000000.0,6699999999.999996,47444966.755051,21997279.385552,330115.169606,66678140.035821,0.0,28576345.742352,28576345.729816,0.004608,221145.474848,497389.9371532208,110572.73743199998,189556.77534434,300000.0,False,True
1066,4,0,1,NORMAL,0.01439416447559394,0.014149919152553484,0.01439416447559394,1.0,3300000000.0,6699999999.999996,47500742.76946,22024723.294427,330798.376538,66755542.699973,0.0,28609518.312708,28609518.300166,0.004608,221150.46900999997,497415.7734848557,110575.234508,189779.86702020402,300000.0,False,True
1067,4,0,1,NORMAL,0.014411067232535758,0.014166767415778148,0.014411067232535758,1.0,3300000000.0,6699999999.999996,47556521.867368,22052172.985837,331482.385745,66832947.094869,0.0,28642691.624814,28642691.612261,0.004608,221155.413993,497441.3553849792,110577.70700199997,190002.97107784002,300000.0,False,True
1068,4,0,1,NORMAL,0.014427970920284848,0.014183619254778582,0.014427970920284848,1.0,3300000000.0,6699999999.999996,47612304.03694,22079628.455779,332167.197271,66910353.203459,0.0,28675865.671368,28675865.658798,0.004608,221160.310271,497466.6853332669,110580.155144,190226.087469472,300000.0,False,True
1069,4,0,1,NORMAL,0.014444875535292424,0.014200474498682702,0.014444875535292424,1.0,3300000000.0,6699999999.999996,47668089.266465,22107089.700298,332852.81116,66987761.008868,0.0,28709040.445127,28709040.432543,0.004608,221165.15832199997,497491.76578573795,110582.57916800001,190449.21614776002,300000.0,False,True
1070,4,0,1,NORMAL,0.014461781074044546,0.014217332987415725,0.014461781074044546,1.0,3300000000.0,6699999999.999996,47723877.544347,22134556.715485,333539.227457,67065170.494382,0.0,28742215.938926,28742215.926334,0.004608,221169.958618,497516.59917497146,110584.97931300002,190672.35706586,300000.0,False,True
1071,4,0,1,NORMAL,0.014478687533060607,0.014234194571005719,0.014478687533060607,1.0,3300000000.0,6699999999.999996,47779668.8591,22162029.49748,334226.446205,67142581.643907,0.0,28775392.145674,28775392.133075,0.004148,221174.711619,497541.18791031983,110587.35581299999,190895.51017738803,300000.0,False,True
1072,4,0,1,NORMAL,0.014495594908894849,0.014251059108934051,0.014495594908894849,1.0,3300000000.0,6699999999.999996,47835463.199353,22189508.042469,334914.467447,67219994.440132,0.0,28808569.058353,28808569.04574,0.004148,221179.41779400004,497565.5343781207,110589.70890399998,191118.6754364,300000.0,False,True
1073,4,0,1,NORMAL,0.014512503198134243,0.014267926469527611,0.014512503198134243,1.0,3300000000.0,6699999999.999996,47891260.553843,22216992.346688,335603.291227,67297408.867284,0.0,28841746.670004,28841746.657375,0.004148,221184.07759000003,497589.6409419076,110592.038803,191341.85279741202,300000.0,False,True
1074,4,0,1,NORMAL,0.014529412397400606,0.014284796529390386,0.014529412397400606,1.0,3300000000.0,6699999999.999996,47947060.911422,22244482.40642,336292.917588,67374824.909294,0.0,28874924.973737,28874924.96109,0.004148,221188.69146799998,497613.50994261843,110594.34574299998,191565.042215372,300000.0,False,True
1075,4,0,1,NORMAL,0.014546322503348788,0.014301669172871574,0.014546322503348788,1.0,3300000000.0,6699999999.999996,48002864.261051,22271978.217992,336983.346573,67452242.550246,0.0,28908103.962728,28908103.950068,0.004148,221193.25987300003,497637.1436988023,110596.62994299998,191788.243645688,300000.0,False,True
1076,4,0,1,NORMAL,0.014563233512665759,0.014318544291567974,0.014563233512665759,1.0,3300000000.0,6699999999.999996,48058670.591797,22299479.77778,337674.578225,67529661.774381,0.0,28941283.630224,28941283.617554,0.004148,221197.78325200002,497660.54450682463,110598.891631,192011.457044204,300000.0,False,True
1077,4,0,1,NORMAL,0.014580145422070909,0.014335421783858486,0.014580145422070909,1.0,3300000000.0,6699999999.999996,48114479.892834,22326987.082201,338366.612586,67607082.566089,0.0,28974463.969542,28974463.956857,0.004148,221202.26203699998,497683.7146410709,110601.13102599999,192234.682367188,300000.0,False,True
1078,4,0,1,NORMAL,0.014597058228316665,0.014352301554468691,0.014597058228316665,1.0,3300000000.0,6699999999.999996,48170292.153445,22354500.127723,339059.449699,67684504.910335,0.0,29007644.974051,29007644.961354,0.003734,221206.69667,497706.656354148,110603.34834099999,192457.919571336,300000.0,False,True
1079,4,0,1,NORMAL,0.01461397192818697,0.01436918351406342,0.01461397192818697,1.0,3300000000.0,6699999999.999996,48226107.363017,22382018.910852,339753.089607,67761928.790985,0.0,29040826.637199,29040826.624488,0.003734,221211.08758199998,497729.37187708454,110605.54379800001,192681.16861378,300000.0,False,True
1080,4,0,1,NORMAL,0.01463088651849697,0.014386067578865585,0.01463088651849697,1.0,3300000000.0,6699999999.999996,48281925.51104,22409543.428145,340447.532352,67839354.193301,0.0,29074008.952485,29074008.939765,0.003734,221215.435195,497751.8634195294,110607.71760200002,192904.429452068,300000.0,False,True
1081,4,0,1,NORMAL,0.014647801996093637,0.014402953670299652,0.014647801996093637,1.0,3300000000.0,6699999999.999996,48337746.587109,22437073.676196,341142.777975,67916781.102276,0.0,29107191.913489,29107191.900751,0.003734,221219.73994000003,497774.13316994824,110609.86997899998,193127.70204416002,300000.0,False,True
1082,4,0,1,NORMAL,0.014664718357854547,0.014419841714658033,0.014664718357854547,1.0,3300000000.0,6699999999.999996,48393570.58092,22464609.651647,341838.826519,67994209.503052,0.0,29140375.513835,29140375.501081,0.003734,221224.002228,497796.18329581857,110612.001122,193350.986348436,300000.0,False,True
1083,4,0,1,NORMAL,0.014681635600688787,0.01443673164278905,0.014681635600688787,1.0,3300000000.0,6699999999.999996,48449397.482273,22492151.351181,342535.678026,68071639.380916,0.0,29173559.747215,29173559.734451,0.003734,221228.22247799998,497818.01594382373,110614.111244,193574.28232368,300000.0,False,True
1084,4,0,1,NORMAL,0.014698553721534849,0.01445362338980491,0.014698553721534849,1.0,3300000000.0,6699999999.999996,48505227.281065,22519698.771524,343233.332538,68149070.721297,0.0,29206744.607393,29206744.594612,0.003734,221232.40110100002,497839.63324004406,110616.200559,193797.589929092,300000.0,False,True
1085,4,0,1,NORMAL,0.014715472717362121,0.014470516894808601,0.014715472717362121,1.0,3300000000.0,6699999999.999996,48561059.967295,22547251.909446,343931.790096,68226503.510144,0.0,29239930.088176,29239930.075385,0.003361,221236.53850400003,497861.03729014756,110618.26925699998,194020.90912426,300000.0,False,True
1086,4,0,1,NORMAL,0.014732392585169393,0.01448741210063833,0.014732392585169393,1.0,3300000000.0,6699999999.999996,48616895.531059,22574810.761754,344631.050741,68303937.732422,0.0,29273116.18345,29273116.170647,0.003361,221240.635092,497882.2301795783,110620.31755200001,194244.23986918,300000.0,False,True
1087,4,0,1,NORMAL,0.014749313321984849,0.014504308953628428,0.014749313321984849,1.0,3300000000.0,6699999999.999996,48672733.96255,22602375.325301,345331.114514,68381373.374358,0.0,29306302.887149,29306302.874332,0.003361,221244.691256,497903.2139737437,110622.345635,194467.58212423598,300000.0,False,True
1088,4,0,1,NORMAL,0.014766234924866364,0.014521207403385715,0.014766234924866364,1.0,3300000000.0,6699999999.999996,48728575.252059,22629945.596978,346031.981457,68458810.421944,0.0,29339490.193274,29339490.180438,0.003361,221248.707403,497923.99071819964,110624.35371099997,194690.9358502,300000.0,False,True
1089,4,0,1,NORMAL,0.014783157390900303,0.014538107402580207,0.014783157390900303,1.0,3300000000.0,6699999999.999996,48784419.389971,22657521.57372,346733.651611,68536248.861311,0.0,29372678.095872,29372678.083022,0.003361,221252.683916,497944.5624388347,110626.34196499999,194914.30100823598,300000.0,False,True
1090,4,0,1,NORMAL,0.014800080717202728,0.014555008906749402,0.014800080717202728,1.0,3300000000.0,6699999999.999996,48840266.366769,22685103.252499,347436.125016,68613688.678724,0.0,29405866.589058,29405866.576196,0.003361,221256.62118599997,497964.93114205194,110628.31059900002,195137.677559884,300000.0,False,True
1091,4,0,1,NORMAL,0.014817004900916666,0.014571911874115034,0.014817004900916666,1.0,3300000000.0,6699999999.999996,48896116.173025,22712690.630326,348139.401713,68691129.860579,0.0,29439055.66701,29439055.654131,0.003361,221260.51959699998,497985.09881495015,110630.259807,195361.065467076,300000.0,False,True
1092,4,0,1,NORMAL,0.014833929939214547,0.014588816265411777,0.014833929939214547,1.0,3300000000.0,6699999999.999996,48951968.799408,22740283.704253,348843.481743,68768572.393747,0.0,29472245.323951,29472245.311057,0.003025,221264.379531,498005.067425503,110632.18977300002,195584.46469209998,300000.0,False,True
1093,4,0,1,NORMAL,0.01485085582929606,0.014605722043726893,0.01485085582929606,1.0,3300000000.0,6699999999.999996,49007824.236677,22767882.471372,349548.365146,68846016.264219,0.0,29505435.554169,29505435.541256,0.003025,221268.20136099998,498024.8389227361,110634.10068999999,195807.875197632,300000.0,False,True
1094,4,0,1,NORMAL,0.014867782568388182,0.014622629174350203,0.014867782568388182,1.0,3300000000.0,6699999999.999996,49063682.475681,22795486.928812,350254.051963,68923461.459126,0.0,29538626.352,29538626.339071,0.003025,221271.98545999994,498044.4152369041,110635.99273800002,196031.296946708,300000.0,False,True
1095,4,0,1,NORMAL,0.01488471015374697,0.014639537624633865,0.01488471015374697,1.0,3300000000.0,6699999999.999996,49119543.507365,22823097.073741,350960.542233,69000907.965396,0.0,29571817.711836,29571817.698899,0.003025,221275.732204,498063.7982796645,110637.86610600002,196254.729902724,300000.0,False,True
1096,4,0,1,NORMAL,0.014901638582652728,0.014656447363860889,0.014901638582652728,1.0,3300000000.0,6699999999.999996,49175407.322754,22850712.903365,351667.835997,69078355.770076,0.0,29605009.628139,29605009.615188,0.003025,221279.44195199996,498082.9899442513,110639.72098299999,196478.17402946003,300000.0,False,True
1097,4,0,1,NORMAL,0.01491856785241485,0.014673358363122436,0.01491856785241485,1.0,3300000000.0,6699999999.999996,49231273.912969,22878334.414926,352375.933295,69155804.860347,0.0,29638202.09541,29638202.082445,0.003025,221283.11507000003,498101.99210564635,110641.557542,196701.62929101603,300000.0,False,True
1098,4,0,1,NORMAL,0.014935497960368485,0.014690270595202828,0.014935497960368485,1.0,3300000000.0,6699999999.999996,49287143.269216,22905961.605705,353084.834166,69233255.223514,0.0,29671395.108208,29671395.095227,0.003025,221286.751914,498120.80662074964,110643.37596500001,196925.095651876,300000.0,False,True
1099,4,0,1,NORMAL,0.014952428903875152,0.014707184034472012,0.014952428903875152,1.0,3300000000.0,6699999999.999996,49343015.382788,22933594.473019,353794.53865,69310706.847308,0.0,29704588.661146,29704588.64815,0.002723,221290.35284499996,498139.43532854784,110645.17643,197148.573076864,300000.0,False,True
1100,4,0,1,NORMAL,0.014969360680322728,0.014724098656784961,0.014969360680322728,1.0,3300000000.0,6699999999.999996,49398890.245065,22961233.014224,354505.046787,69388159.718681,0.0,29737782.748882,29737782.73588,0.002723,221293.918212,498157.88005028205,110646.95910899999,197372.06153115202,300000.0,False,True
1101,4,0,1,NORMAL,0.014986293287123939,0.014741014439387476,0.014986293287123939,1.0,3300000000.0,6699999999.999996,49454767.847509,22988877.226707,355216.358616,69465613.825604,0.0,29770977.366143,29770977.353132,0.002723,221297.448359,498176.1425896125,110648.72418400002,197595.56098026002,300000.0,False,True
1102,4,0,1,NORMAL,0.01500322672171697,0.01475793136082809,0.01500322672171697,1.0,3300000000.0,6699999999.999996,49510648.181666,23016527.107894,355928.474176,69543069.155872,0.0,29804172.507702,29804172.494674,0.002723,221300.94363700002,498194.2247327842,110650.471827,197819.071390036,300000.0,False,True
1103,4,0,1,NORMAL,0.015020160981568182,0.014774849400875839,0.015020160981568182,1.0,3300000000.0,6699999999.999996,49566531.239175,23044182.655245,356641.393506,69620525.697404,0.0,29837368.168371,29837368.155328,0.002723,221304.404387,498212.1282487889,110652.20220100001,198042.592726664,300000.0,False,True
1104,4,0,1,NORMAL,0.015037096064165454,0.014791768540442911,0.015037096064165454,1.0,3300000000.0,6699999999.999996,49622417.011746,23071843.866257,357355.116646,69697983.438232,0.0,29870564.343023,29870564.329967,0.002723,221307.830947,498229.85488952673,110653.91548,198266.1249567,300000.0,False,True
1105,4,0,1,NORMAL,0.015054031967022728,0.014808688761512579,0.015054031967022728,1.0,3300000000.0,6699999999.999996,49678305.491175,23099510.738462,358069.643634,69775442.366507,0.0,29903761.026582,29903761.013511,0.002723,221311.22365300005,498247.4063899668,110655.611834,198489.66804698398,300000.0,False,True
1106,4,0,1,NORMAL,0.015070968687678788,0.01482561004707169,0.015070968687678788,1.0,3300000000.0,6699999999.999996,49734196.66934,23127183.269427,358784.974509,69852902.470768,0.0,29936958.214016,29936958.200933,0.002451,221314.582834,498264.7844683053,110657.29142299999,198713.22196470003,300000.0,False,True
1107,4,0,1,NORMAL,0.015087906223697272,0.014842532381047536,0.015087906223697272,1.0,3300000000.0,6699999999.999996,49790090.538201,23154861.456746,359501.10931,69930363.738853,0.0,29970155.90035,29970155.887252,0.002451,221317.90882299998,498281.99082612304,110658.95441900002,198936.78667736,300000.0,False,True
1108,4,0,1,NORMAL,0.015104844572663636,0.014859455748248575,0.015104844572663636,1.0,3300000000.0,6699999999.999996,49845987.08979,23182545.298055,360218.048076,70007826.159528,0.0,30003354.080655,30003354.067541,0.002451,221321.20194399997,498299.02714854135,110660.60098,199160.36215280398,300000.0,False,True
1109,4,0,1,NORMAL,0.015121783732190607,0.014876380134309352,0.015121783732190607,1.0,3300000000.0,6699999999.999996,49901886.316229,23210234.79102,360935.790845,70085289.721406,0.0,30036552.750043,30036552.736916,0.002451,221324.46251900005,498315.8951043766,110662.23126599999,199383.94835916001,300000.0,False,True
1110,4,0,1,NORMAL,0.015138723699912425,0.014893305525638584,0.015138723699912425,1.0,3300000000.0,6699999999.999996,49957788.209711,23237929.933341,361654.337655,70162754.413208,0.0,30069751.903683,30069751.890543,0.002451,221327.69087099997,498332.59634629334,110663.84544199998,199607.545264916,300000.0,False,True
1111,4,0,1,NORMAL,0.015155664473487577,0.014910231909370778,0.015155664473487577,1.0,3300000000.0,6699999999.999996,50013692.762509,23265630.72275,362373.688545,70240220.223766,0.0,30102951.536783,30102951.523639,0.002451,221330.887312,498349.13251095626,110665.44365799999,199831.152838844,300000.0,False,True
1112,4,0,1,NORMAL,0.01517260605059606,0.014927159273320797,0.01517260605059606,1.0,3300000000.0,6699999999.999996,50069599.966967,23293337.15701,363093.843552,70317687.142016,0.0,30136151.644619,30136151.631459,0.002451,221334.052156,498365.5052191807,110667.02608599998,200054.771050036,300000.0,False,True
1113,4,0,1,NORMAL,0.01518954842894212,0.014944087605941528,0.01518954842894212,1.0,3300000000.0,6699999999.999996,50125509.815509,23321049.233921,363814.802715,70395155.157257,0.0,30169352.222487,30169352.209313,0.002206,221337.185714,498381.71607608156,110668.592864,200278.39986786802,300000.0,False,True
1114,4,0,1,NORMAL,0.015206491606254244,0.014961016896284285,0.015206491606254244,1.0,3300000000.0,6699999999.999996,50181422.300639,23348766.951309,364536.566072,70472624.258159,0.0,30202553.265737,30202553.252555,0.002206,221340.28829599998,498397.7666712215,110670.144152,200502.039262036,300000.0,False,True
1115,4,0,1,NORMAL,0.015223435580279696,0.01497794713396141,0.015223435580279696,1.0,3300000000.0,6699999999.999996,50237337.414923,23376490.307035,365259.13366,70550094.434225,0.0,30235754.76978,30235754.75658,0.002206,221343.36019999997,498413.6585787574,110671.680109,200725.689202556,300000.0,False,True
1116,4,0,1,NORMAL,0.015240380348791516,0.01499487830911174,0.015240380348791516,1.0,3300000000.0,6699999999.999996,50293255.151012,23404219.298993,365982.505518,70627565.67483,0.0,30268956.730046,30268956.716837,0.002206,221346.401733,498429.3933575853,110673.200871,200949.349659692,300000.0,False,True
1117,4,0,1,NORMAL,0.01525732590958303,0.015011810412367951,0.01525732590958303,1.0,3300000000.0,6699999999.999996,50349175.501624,23431953.925103,366706.681683,70705037.969444,0.0,30302159.142033,30302159.128813,0.002206,221349.413191,498444.9725514847,110674.706601,201173.020604048,300000.0,False,True
1118,4,0,1,NORMAL,0.01527427226047,0.015028743434826148,0.01527427226047,1.0,3300000000.0,6699999999.999996,50405098.459551,23459694.183319,367431.662192,70782511.307647,0.0,30335362.001272,30335361.988039,0.002206,221352.39487099997,498460.3976892613,110676.197442,201396.70200649602,300000.0,False,True
1119,4,0,1,NORMAL,0.015291219399289091,0.015045677368017308,0.015291219399289091,1.0,3300000000.0,6699999999.999996,50461024.017654,23487440.071626,368157.447083,70859985.679116,0.0,30368565.303339,30368565.290096,0.002206,221355.34706200004,498475.6702848881,110677.673536,201620.393838204,300000.0,False,True
1120,4,0,1,NORMAL,0.015308167323899393,0.015062612203880669,0.015308167323899393,1.0,3300000000.0,6699999999.999996,50516952.168868,23515191.588034,368884.036392,70937461.073852,0.0,30401769.043861,30401769.030602,0.001986,221358.27006,498490.7918376458,110679.135038,201844.096070616,300000.0,False,True
1121,4,0,1,NORMAL,0.015325116032181212,0.01507954793473877,0.015325116032181212,1.0,3300000000.0,6699999999.999996,50572882.906198,23542948.730588,369611.430158,71014937.481299,0.0,30434973.218493,30434973.20522,0.001986,221361.16414399998,498505.7638322614,110680.58207900003,202067.80867547198,300000.0,False,True
1122,4,0,1,NORMAL,0.015342065522035455,0.015096484553274041,0.015342065522035455,1.0,3300000000.0,6699999999.999996,50628816.222717,23570711.497361,370339.628417,71092414.891658,0.0,30468177.822945,30468177.809656,0.001986,221364.029606,498520.58773904643,110682.014811,202291.53162479203,300000.0,False,True
1123,4,0,1,NORMAL,0.015359015791384848,0.015113422052506997,0.015359015791384848,1.0,3300000000.0,6699999999.999996,50684752.11157,23598479.886454,371068.631206,71169893.29501,0.0,30501382.852959,30501382.839663,0.001986,221366.866725,498535.2650140326,110683.433366,202515.264890868,300000.0,False,True
1124,4,0,1,NORMAL,0.015375966838170304,0.015130360425775598,0.015375966838170304,1.0,3300000000.0,6699999999.999996,50740690.565962,23626253.895998,371798.438563,71247372.681527,0.0,30534588.304336,30534588.291026,0.001986,221369.67577399997,498549.7970991079,110684.83789400003,202739.00844628,300000.0,False,True
1125,4,0,1,NORMAL,0.015392918660355756,0.015147299666716255,0.015392918660355756,1.0,3300000000.0,6699999999.999996,50796631.579174,23654033.524155,372529.050523,71324853.041489,0.0,30567794.1729,30567794.159577,0.001986,221372.45703899994,498564.1854221498,110686.22852599998,202962.762263848,300000.0,False,True
1126,4,0,1,NORMAL,0.015409871255923031,0.015164239769245726,0.015409871255923031,1.0,3300000000.0,6699999999.999996,50852575.144546,23681818.76911,373260.467124,71402334.365259,0.0,30601000.454532,30601000.441191,0.001986,221375.21078599998,498578.4313971586,110687.605402,203186.526316696,300000.0,False,True
1127,4,0,1,NORMAL,0.015426824622876667,0.015181180727544496,0.015426824622876667,1.0,3300000000.0,6699999999.999996,50908521.255493,23709609.629078,373992.688403,71479816.643503,0.0,30634207.145138,30634207.13178,0.001788,221377.93728699998,498592.53642438847,110688.96865200001,203410.30057818402,300000.0,False,True
1128,4,0,1,NORMAL,0.01544377875923909,0.015198122536040921,0.01544377875923909,1.0,3300000000.0,6699999999.999996,50964469.905489,23737406.102305,374725.714395,71557299.866383,0.0,30667414.240673,30667414.227298,0.001788,221380.63681300002,498606.5018904789,110690.31841499999,203634.08502197202,300000.0,False,True
1129,4,0,1,NORMAL,0.01546073366305303,0.015215065189396542,0.01546073366305303,1.0,3300000000.0,6699999999.999996,51020421.088075,23765208.187064,375459.545138,71634784.02475,0.0,30700621.737124,30700621.723739,0.001788,221383.30962599997,498620.32916858245,110691.654818,203857.879621956,300000.0,False,True
1130,4,0,1,NORMAL,0.015477689332380303,0.01523200868249227,0.015477689332380303,1.0,3300000000.0,6699999999.999996,51076374.796855,23793015.88165,376194.180667,71712269.109342,0.0,30733829.630534,30733829.617133,0.001788,221385.95598799997,498634.0196184945,110692.97800199999,204081.68435229998,300000.0,False,True
1131,4,0,1,NORMAL,0.01549464576530303,0.015248953010415544,0.01549464576530303,1.0,3300000000.0,6699999999.999996,51132331.0255,23820829.184388,376929.621019,71789755.110996,0.0,30767037.916968,30767037.903554,0.001788,221388.57616300002,498647.57458677853,110694.28808799999,204305.49918742,300000.0,False,True
1132,4,0,1,NORMAL,0.015511602959920606,0.01526589816844813,0.015511602959920606,1.0,3300000000.0,6699999999.999996,51188289.767738,23848648.093634,377665.86623,71867242.020637,0.0,30800246.592537,30800246.579111,0.001788,221391.170408,498660.9954068935,110695.58520999999,204529.324102,300000.0,False,True
1133,4,0,1,NORMAL,0.015528560914353031,0.015282844152054898,0.015528560914353031,1.0,3300000000.0,6699999999.999996,51244251.017365,23876472.607764,378402.916336,71944729.829277,0.0,30833455.653391,30833455.639955,0.001788,221393.73897799995,498674.283399317,110696.86949399998,204753.159070952,300000.0,False,True
1134,4,0,1,NORMAL,0.015545519626737576,0.015299790956873137,0.015545519626737576,1.0,3300000000.0,6699999999.999996,51300214.768234,23904302.725184,379140.771373,72022218.528195,0.0,30866665.09572,30866665.08227,0.00161,221396.282124,498687.4398716699,110698.141069,204977.00406946,300000.0,False,True
1135,4,0,1,NORMAL,0.015562479095230605,0.015316738578702652,0.015562479095230605,1.0,3300000000.0,6699999999.999996,51356181.014261,23932138.444325,379879.431377,72099708.108225,0.0,30899874.915744,30899874.902282,0.00161,221398.800096,498700.4661188384,110699.40005400001,205200.859072936,300000.0,False,True
1136,4,0,1,NORMAL,0.015579439318008485,0.015333687013496577,0.015579439318008485,1.0,3300000000.0,6699999999.999996,51412149.749428,23959979.763642,380618.896384,72177198.560824,0.0,30933085.109723,30933085.096252,0.00161,221401.29314699996,498713.36342309485,110700.646578,205424.724057044,300000.0,False,True
1137,4,0,1,NORMAL,0.015596400293262728,0.01535063625735246,0.015596400293262728,1.0,3300000000.0,6699999999.999996,51468120.967767,23987826.68162,381359.166429,72254689.877352,0.0,30966295.673961,30966295.660475,0.00161,221403.761517,498726.1330542187,110701.880766,205648.598997712,300000.0,False,True
1138,4,0,1,NORMAL,0.015613362019205152,0.015367586306504246,0.015613362019205152,1.0,3300000000.0,6699999999.999996,51524094.663377,24015679.196763,382100.241549,72332182.049255,0.0,30999506.60479,30999506.591289,0.00161,221406.205449,498738.7762696152,110703.10273199998,205872.483871068,300000.0,False,True
1139,4,0,1,NORMAL,0.015630324494063333,0.01538453715731451,0.015630324494063333,1.0,3300000000.0,6699999999.999996,51580070.830409,24043537.307607,382842.121778,72409675.068066,0.0,31032717.898581,31032717.885063,0.00161,221408.62518699997,498751.2943144332,110704.312602,206096.378653508,300000.0,False,True
1140,4,0,1,NORMAL,0.015647287716084847,0.015401488806267436,0.015647287716084847,1.0,3300000000.0,6699999999.999996,51636049.46308,24071401.012708,383584.807152,72487168.925401,0.0,31065929.551738,31065929.538205,0.00161,221411.02096899998,498763.6884216827,110705.51049200002,206320.283321636,300000.0,False,True
1141,4,0,1,NORMAL,0.015664251683533637,0.015418441249962032,0.015664251683533637,1.0,3300000000.0,6699999999.999996,51692030.555661,24099270.310648,384328.297707,72564663.613119,0.0,31099141.560702,31099141.547155,0.001449,221413.393028,498775.95981234993,110706.69652099999,206544.19785231998,300000.0,False,True
1142,4,0,1,NORMAL,0.01568121639469121,0.015435394485105851,0.01568121639469121,1.0,3300000000.0,6699999999.999996,51748014.102481,24127145.20003,385072.593477,72642159.122676,0.0,31132353.921952,31132353.908391,0.001449,221415.7416,498788.10969551303,110707.87080700001,206768.12222264401,300000.0,False,True
1143,4,0,1,NORMAL,0.015698181847854847,0.015452348508509014,0.015698181847854847,1.0,3300000000.0,6699999999.999996,51804000.097921,24155025.679487,385817.694498,72719655.446093,0.0,31165566.632,31165566.618427,0.001449,221418.066918,498800.13926845515,110709.03346500001,206992.056409924,300000.0,False,True
1144,4,0,1,NORMAL,0.015715148041339697,0.015469303317078737,0.015715148041339697,1.0,3300000000.0,6699999999.999996,51859988.536421,24182911.747674,386563.600806,72797152.575311,0.0,31198779.687394,31198779.673804,0.001449,221420.369207,498812.04971677746,110710.184612,207216.000391684,300000.0,False,True
1145,4,0,1,NORMAL,0.015732114973478182,0.015486258907814186,0.015732114973478182,1.0,3300000000.0,6699999999.999996,51915979.412478,24210803.403267,387310.312435,72874650.502351,0.0,31231993.084712,31231993.071104,0.001449,221422.64869799998,498823.84221451095,110711.324358,207439.954145684,300000.0,False,True
1146,4,0,1,NORMAL,0.015749082642619698,0.015503215277801638,0.015749082642619698,1.0,3300000000.0,6699999999.999996,51971972.720645,24238700.644965,388057.82942,72952149.219312,0.0,31265206.820563,31265206.806943,0.001449,221424.905612,498835.5179242266,110712.45281200002,207663.917649912,300000.0,False,True
1147,4,0,1,NORMAL,0.015766051047129092,0.015520172424209862,0.015766051047129092,1.0,3300000000.0,6699999999.999996,52027968.455526,24266603.471492,388806.151796,73029648.718369,0.0,31298420.891597,31298420.877966,0.001449,221427.140171,498847.0779971459,110713.57009099999,207887.89088258002,300000.0,False,True
1148,4,0,1,NORMAL,0.015783020185387575,0.015537130344285846,0.015783020185387575,1.0,3300000000.0,6699999999.999996,52083966.611779,24294511.881595,389555.279598,73107148.99192,0.0,31331635.294498,31331635.280854,0.001305,221429.35260299998,498858.5235732485,110714.676308,208111.873822104,300000.0,False,True
1149,4,0,1,NORMAL,0.01579999005579303,0.015554089035350827,0.01579999005579303,1.0,3300000000.0,6699999999.999996,52139967.184117,24322425.874044,390305.21286,73184650.032007,0.0,31364850.025978,31364850.012319,0.001305,221431.54311900007,498869.85578138067,110715.771567,208335.866447116,300000.0,False,True
1150,4,0,1,NORMAL,0.015816960656758486,0.015571048494796484,0.015816960656758486,1.0,3300000000.0,6699999999.999996,52195970.167303,24350345.447632,391055.951618,73262151.83118,0.0,31398065.082782,31398065.069106,0.001305,221433.711937,498881.0757393618,110716.85597700003,208559.868736468,300000.0,False,True
1151,4,0,1,NORMAL,0.015833931986714244,0.015588008720081502,0.015833931986714244,1.0,3300000000.0,6699999999.999996,52251975.556157,24378270.601173,391807.495906,73339654.381923,0.0,31431280.46168,31431280.447994,0.001305,221435.859272,498892.1845540897,110717.929641,208783.88066921203,300000.0,False,True
1152,4,0,1,NORMAL,0.015850904044104847,0.015604969708728171,0.015850904044104847,1.0,3300000000.0,6699999999.999996,52307983.345546,24406201.333501,392559.845758,73417157.676785,0.0,31464496.159492,31464496.145789,0.001305,221437.98533099997,498903.1833216456,110718.99267400001,209007.90222462802,300000.0,False,True
1153,4,0,1,NORMAL,0.015867876827391516,0.015621931458319355,0.015867876827391516,1.0,3300000000.0,6699999999.999996,52363993.530392,24434137.643476,393313.001209,73494661.708399,0.0,31497712.173051,31497712.159335,0.001305,221440.09033300003,498914.0731273981,110720.04517299999,209231.93338218398,300000.0,False,True
1154,4,0,1,NORMAL,0.01588485033505,0.015638893966495527,0.01588485033505,1.0,3300000000.0,6699999999.999996,52420006.105665,24462079.529977,394066.962293,73572166.469464,0.0,31530928.49923,31530928.485504,0.001305,221442.174478,498924.85504610545,110721.08724400001,209455.97412156803,300000.0,False,True
1155,4,0,1,NORMAL,0.015901824565571817,0.015655857230952062,0.015901824565571817,1.0,3300000000.0,6699999999.999996,52476021.066387,24490026.991903,394821.729045,73649671.952883,0.0,31564145.134932,31564145.121197,0.001175,221444.23797299995,498935.5301420179,110722.118991,209680.02442266,300000.0,False,True
1156,4,0,1,NORMAL,0.015918799517461817,0.01567282124943656,0.015918799517461817,1.0,3300000000.0,6699999999.999996,52532038.407624,24517980.028179,395577.301499,73727178.151237,0.0,31597362.077096,31597362.063348,0.001175,221446.28102300002,498946.09946897835,110723.140518,209904.084265548,300000.0,False,True
1157,4,0,1,NORMAL,0.015935775189242423,0.015689786019746618,0.015935775189242423,1.0,3300000000.0,6699999999.999996,52588058.1245,24545938.637747,396333.679689,73804685.057575,0.0,31630579.322681,31630579.308919,0.001175,221448.30383199998,498956.5640705224,110724.151923,210128.153630496,300000.0,False,True
1158,4,0,1,NORMAL,0.01595275157945,0.015706751539727483,0.01595275157945,1.0,3300000000.0,6699999999.999996,52644080.212185,24573902.819569,397090.863649,73882192.66488,0.0,31663796.86868,31663796.854905,0.001175,221450.306595,498966.9249799773,110725.15330399999,210352.232498,300000.0,False,True
1159,4,0,1,NORMAL,0.015969728686634245,0.015723717807269857,0.015969728686634245,1.0,3300000000.0,6699999999.999996,52700104.665893,24601872.572632,397848.853413,73959700.966205,0.0,31697014.712121,31697014.698327,0.001175,221452.289513,498977.1832205601,110726.14476600001,210576.32084874,300000.0,False,True
1160,4,0,1,NORMAL,0.015986706509361213,0.01574068482030801,0.015986706509361213,1.0,3300000000.0,6699999999.999996,52756131.480892,24629847.89594,398607.649015,74037209.954676,0.0,31730232.850047,31730232.83624,0.001175,221454.25278100002,498987.339805475,110727.12639699999,210800.41866357205,300000.0,False,True
1161,4,0,1,NORMAL,0.01600368504621,0.015757652576817816,0.01600368504621,1.0,3300000000.0,6699999999.999996,52812160.652493,24657828.788516,399367.250489,74114719.623479,0.0,31763451.279548,31763451.265726,0.001175,221456.196593,498997.39573800977,110728.098304,211024.52592356803,300000.0,False,True
1162,4,0,1,NORMAL,0.016020664295774242,0.015774621074815007,0.016020664295774242,1.0,3300000000.0,6699999999.999996,52868192.176055,24685815.249407,400127.657869,74192229.965992,0.0,31796669.997729,31796669.983894,0.001058,221458.121141,499007.3520116307,110729.06057699997,211248.64260997204,300000.0,False,True
1163,4,0,1,NORMAL,0.016037644256661515,0.01579159031235349,0.016037644256661515,1.0,3300000000.0,6699999999.999996,52924226.046983,24713807.277677,400888.871189,74269740.975302,0.0,31829889.001734,31829888.987883,0.001058,221460.02661400006,499017.20961007755,110730.01331500002,211472.76870422,300000.0,False,True
1164,4,0,1,NORMAL,0.016054624927493637,0.015808560287523823,0.016054624927493637,1.0,3300000000.0,6699999999.999996,52980262.260729,24741804.872412,401650.890482,74347252.644919,0.0,31863108.288726,31863108.274861,0.001058,221461.91320399995,499026.96950745716,110730.95660900002,211696.90418793203,300000.0,False,True
1165,4,0,1,NORMAL,0.016071606306906062,0.01582553099845171,0.016071606306906062,1.0,3300000000.0,6699999999.999996,53036300.81279,24769808.032717,402413.715782,74424764.968298,0.0,31896327.8559,31896327.842022,0.001058,221463.781093,499036.6326683363,110731.890553,211921.049042916,300000.0,False,True
1166,4,0,1,NORMAL,0.016088588393549392,0.015842502443296724,0.016088588393549392,1.0,3300000000.0,6699999999.999996,53092341.698713,24797816.757711,403177.347122,74502277.93896,0.0,31929547.700474,31929547.686591,0.001058,221465.630467,499046.2000478331,110732.81523600001,212145.20325116004,300000.0,False,True
1167,4,0,1,NORMAL,0.016105571186084546,0.015859474620250776,0.016105571186084546,1.0,3300000000.0,6699999999.999996,53148384.914079,24825831.046537,403941.784536,74579791.550485,0.0,31962767.819708,31962767.805815,0.001058,221467.461508,499055.6725917089,110733.730759,212369.36679485196,300000.0,False,True
1168,4,0,1,NORMAL,0.01612255468318788,0.015876447527537044,0.01612255468318788,1.0,3300000000.0,6699999999.999996,53204430.45452,24853850.898358,404707.028058,74657305.796523,0.0,31995988.210874,31995988.196973,0.001058,221469.2744,499065.05123645795,110734.637204,212593.53965631602,300000.0,False,True
1169,4,0,1,NORMAL,0.016139538883548788,0.01589342116340877,0.016139538883548788,1.0,3300000000.0,6699999999.999996,53260478.315711,24881876.312351,405473.077721,74734820.670887,0.0,32029208.871282,32029208.857368,0.000953,221471.06932100002,499074.336909397,110735.534667,212817.72181808003,300000.0,False,True
1170,4,0,1,NORMAL,0.01615652378587,0.015910395526148206,0.01615652378587,1.0,3300000000.0,6699999999.999996,53316528.493371,24909907.287717,406239.933558,74812336.167142,0.0,32062429.798257,32062429.784332,0.000953,221472.84644899998,499083.5305287536,110736.42322999999,213041.913262844,300000.0,False,True
1171,4,0,1,NORMAL,0.016173509388867274,0.015927370614065565,0.016173509388867274,1.0,3300000000.0,6699999999.999996,53372580.983262,24937943.82367,407007.595602,74889852.279225,0.0,32095650.989159,32095650.975222,0.000953,221474.605958,499092.63300375413,110737.302985,213266.11397348403,300000.0,False,True
1172,4,0,1,NORMAL,0.016190495691268486,0.015944346425498013,0.016190495691268486,1.0,3300000000.0,6699999999.999996,53428635.781186,24965985.919443,407776.063887,74967369.001028,0.0,32128872.441373,32128872.427421,0.000953,221476.34801899997,499101.64523471077,110738.174017,213490.32393304803,300000.0,False,True
1173,4,0,1,NORMAL,0.016207482691815153,0.015961322958808796,0.016207482691815153,1.0,3300000000.0,6699999999.999996,53484692.88299,24994033.57429,408545.338445,75044886.326509,0.0,32162094.152304,32162094.13834,0.000953,221478.072812,499110.568113107,110739.036412,213714.54312474403,300000.0,False,True
1174,4,0,1,NORMAL,0.01622447038926121,0.015978300212386373,0.01622447038926121,1.0,3300000000.0,6699999999.999996,53540752.284562,25022086.787483,409315.41931,75122404.249684,0.0,32195316.119385,32195316.105414,0.000953,221479.780505,499119.4025216836,110739.89025600001,213938.77153196002,300000.0,False,True
1175,4,0,1,NORMAL,0.016241458782371817,0.0159952781846435,0.016241458782371817,1.0,3300000000.0,6699999999.999996,53596813.981827,25050145.558308,410086.306515,75199922.764623,0.0,32228538.340085,32228538.3261,0.000953,221481.47126399996,499128.1493345226,110740.735639,214163.009138248,300000.0,False,True
1176,4,0,1,NORMAL,0.01625844786992697,0.01601225687401663,0.01625844786992697,1.0,3300000000.0,6699999999.999996,53652877.970759,25078209.886068,410858.000093,75277441.865555,0.0,32261760.811884,32261760.797885,0.000858,221483.145258,499136.8094171314,110741.572636,214387.255927308,300000.0,False,True
1177,4,0,1,NORMAL,0.01627543765071697,0.016029236278965037,0.01627543765071697,1.0,3300000000.0,6699999999.999996,53708944.247366,25106279.770089,411630.500076,75354961.546481,0.0,32294983.532288,32294983.518281,0.000858,221484.80265199998,499145.3836265254,110742.40133000002,214611.511883036,300000.0,False,True
1178,4,0,1,NORMAL,0.016292428123544544,0.01604621639797017,0.016292428123544544,1.0,3300000000.0,6699999999.999996,53765012.807697,25134355.209709,412403.806498,75432481.801741,0.0,32328206.498838,32328206.48482,0.000858,221486.443609,499153.8728113101,110743.22180999999,214835.776989464,300000.0,False,True
1179,4,0,1,NORMAL,0.016309419287224847,0.016063197229534986,0.016309419287224847,1.0,3300000000.0,6699999999.999996,53821083.647842,25162436.204284,413177.919391,75510002.625641,0.0,32361429.709093,32361429.695061,0.000858,221488.06829600004,499162.2778117628,110744.03415499997,215060.051230788,300000.0,False,True
1180,4,0,1,NORMAL,0.01632641114058515,0.016080178772183384,0.01632641114058515,1.0,3300000000.0,6699999999.999996,53877156.763931,25190522.753189,413952.838788,75587524.012543,0.0,32394653.160632,32394653.14659,0.000858,221489.676872,499170.5994599128,110744.83844100001,215284.33459136798,300000.0,False,True
1181,4,0,1,NORMAL,0.01634340368246424,0.01609716102445957,0.01634340368246424,1.0,3300000000.0,6699999999.999996,53933232.152132,25218614.85581,414728.564722,75665045.956861,0.0,32427876.85107,32427876.83701,0.000858,221491.269494,499178.83857962146,110745.634756,215508.627055724,300000.0,False,True
1182,4,0,1,NORMAL,0.016360396911712122,0.016114143984927477,0.016360396911712122,1.0,3300000000.0,6699999999.999996,53989309.80865,25246712.51156,415505.097226,75742568.45307,0.0,32461100.778025,32461100.763956,0.000858,221492.846319,499186.9959866611,110746.423164,215732.928608528,300000.0,False,True
1183,4,0,1,NORMAL,0.016377390827190606,0.01613112765217026,0.016377390827190606,1.0,3300000000.0,6699999999.999996,54045389.729729,25274815.719856,416282.436331,75820091.495777,0.0,32494324.939165,32494324.925079,0.000773,221494.40750700003,499195.07248879387,110747.20376199999,215957.2392346,300000.0,False,True
1184,4,0,1,NORMAL,0.01639438542777333,0.016148112024789815,0.01639438542777333,1.0,3300000000.0,6699999999.999996,54101471.911652,25302924.480139,417060.582071,75897615.079397,0.0,32527549.332161,32527549.318056,0.000773,221495.95321299997,499203.0688858485,110747.97661599999,216181.558918916,300000.0,False,True
1185,4,0,1,NORMAL,0.01641138071234606,0.01616509710140635,0.01641138071234606,1.0,3300000000.0,6699999999.999996,54157556.350742,25331038.791861,417839.534478,75975139.198648,0.0,32560773.954707,32560773.940591,0.000773,221497.48358300002,499210.9859697981,110748.74179699998,216405.88764660797,300000.0,False,True
1186,4,0,1,NORMAL,0.016428376679803635,0.016182082880657787,0.016428376679803635,1.0,3300000000.0,6699999999.999996,54213643.043352,25359158.654496,418619.293584,76052663.848217,0.0,32593998.804533,32593998.790405,0.000773,221498.99877799998,499218.8245248355,110749.499395,216630.225402968,300000.0,False,True
1187,4,0,1,NORMAL,0.016445373329052725,0.016199069361199397,0.016445373329052725,1.0,3300000000.0,6699999999.999996,54269731.985874,25387284.067529,419399.859422,76130189.022842,0.0,32627223.879385,32627223.865243,0.000773,221500.49893999996,499226.5853274493,110750.24947700002,216854.57217340797,300000.0,False,True
1188,4,0,1,NORMAL,0.016462370659011818,0.016216056541703425,0.016462370659011818,1.0,3300000000.0,6699999999.999996,54325823.174739,25415415.030461,420181.232024,76207714.717314,0.0,32660449.177033,32660449.162873,0.000773,221501.984222,499234.2691464983,110750.99212,217078.92794349598,300000.0,False,True
1189,4,0,1,NORMAL,0.016479368668610304,0.016233044420858708,0.016479368668610304,1.0,3300000000.0,6699999999.999996,54381916.606414,25443551.54281,420963.411422,76285240.926481,0.0,32693674.695257,32693674.681085,0.000773,221503.45477,499241.87674328557,110751.72739100001,217303.29269895598,300000.0,False,True
1190,4,0,1,NORMAL,0.01649636735678788,0.016250032997370267,0.01649636735678788,1.0,3300000000.0,6699999999.999996,54438012.2774,25471693.604108,421746.397649,76362767.645311,0.0,32726900.431876,32726900.41769,0.000696,221504.91073,499249.4088716315,110752.455372,217527.66642565603,300000.0,False,True
1191,4,0,1,NORMAL,0.016513366722494243,0.016267022269958912,0.016513366722494243,1.0,3300000000.0,6699999999.999996,54494110.184231,25499841.213901,422530.190736,76440294.868593,0.0,32760126.384727,32760126.370524,0.000696,221506.35224900005,499256.8662779471,110753.176133,217752.04910960002,300000.0,False,True
1192,4,0,1,NORMAL,0.016530366764690604,0.016284012237360958,0.016530366764690604,1.0,3300000000.0,6699999999.999996,54550210.323479,25527994.371754,423314.790716,76517822.591402,0.0,32793352.551658,32793352.53744,0.000696,221507.77946500003,499264.24970130523,110753.88973999997,217976.44073692404,300000.0,False,True
1193,4,0,1,NORMAL,0.01654736748234909,0.016301002898327935,0.01654736748234909,1.0,3300000000.0,6699999999.999996,54606312.691752,25556153.077241,424100.197621,76595350.808781,0.0,32826578.930547,32826578.916313,0.000696,221509.19252,499271.55987351236,110754.59626800001,218200.84129391596,300000.0,False,True
1194,4,0,1,NORMAL,0.016564368874451212,0.016317994251626212,0.016564368874451212,1.0,3300000000.0,6699999999.999996,54662417.285689,25584317.329954,424886.411482,76672879.515823,0.0,32859805.51929,32859805.505044,0.000696,221510.59155800001,499278.7975191787,110755.295785,218425.25076700802,300000.0,False,True
1195,4,0,1,NORMAL,0.01658137093998909,0.01633498629603672,0.01658137093998909,1.0,3300000000.0,6699999999.999996,54718524.101964,25612487.1295,425673.432332,76750408.707671,0.0,32893032.315803,32893032.301549,0.000696,221511.976714,499285.9633557887,110755.98836099998,218649.66914275603,300000.0,False,True
1196,4,0,1,NORMAL,0.016598373677963636,0.016351979030354586,0.016598373677963636,1.0,3300000000.0,6699999999.999996,54774633.13728,25640662.4755,426461.260203,76827938.379511,0.0,32926259.318031,32926259.303766,0.000696,221513.348125,499293.0580937697,110756.674068,218874.09640785604,300000.0,False,True
1197,4,0,1,NORMAL,0.016615377087388788,0.01636897245338905,0.016615377087388788,1.0,3300000000.0,6699999999.999996,54830744.388383,25668843.367586,427249.895127,76905468.526651,0.0,32959486.523933,32959486.509653,0.000627,221514.705931,499300.08243656077,110757.35297300002,219098.53254912002,300000.0,False,True
1198,4,0,1,NORMAL,0.01663238116728576,0.016385966563963034,0.01663238116728576,1.0,3300000000.0,6699999999.999996,54886857.852043,25697029.805411,428039.337135,76982999.14424,0.0,32992713.931483,32992713.917189,0.000627,221516.05026400002,499307.037080681,110758.025139,219322.97755353202,300000.0,False,True
1199,4,0,1,NORMAL,0.016649385916687274,0.016402961360912988,0.016649385916687274,1.0,3300000000.0,6699999999.999996,54942973.525068,25725221.788634,428829.586259,77060530.227676,0.0,33025941.538683,33025941.524375,0.000627,221517.38125800004,499313.922715796,110758.69063599998,219547.43140817204,300000.0,False,True
1200,4,0,1,NORMAL,0.01666639133463576,0.01641995684308865,0.01666639133463576,1.0,3300000000.0,6699999999.999996,54999091.404298,25753419.316933,429620.642531,77138061.77234,0.0,33059169.343543,33059169.329231,0.000627,221518.699044,499320.74002478557,110759.34952400002,219771.89410027204,300000.0,False,True
1201,4,0,1,NORMAL,0.016683397420181816,0.016436953009352728,0.016683397420181816,1.0,3300000000.0,6699999999.999996,55055211.4866,25781622.389997,430412.505982,77215593.77365,0.0,33092397.344117,33092397.32979,0.000627,221520.00375299997,499327.4896838087,110760.001884,219996.36561719203,300000.0,False,True
1202,4,0,1,NORMAL,0.016700404172386364,0.016453949858580705,0.016700404172386364,1.0,3300000000.0,6699999999.999996,55111333.768875,25809831.007532,431205.176645,77293126.227077,0.0,33125625.538453,33125625.524115,0.000627,221521.295515,499334.1723623697,110760.64776299999,220220.84594639996,300000.0,False,True
1203,4,0,1,NORMAL,0.016717411590321214,0.016470947389660737,0.016717411590321214,1.0,3300000000.0,6699999999.999996,55167458.24806,25838045.169252,431998.65455,77370659.128134,0.0,33158853.924632,33158853.910279,0.000627,221522.574457,499340.78872338304,110761.28723599997,220445.3350755,300000.0,False,True
1204,4,0,1,NORMAL,0.016734419673065153,0.01648794560149328,0.016734419673065153,1.0,3300000000.0,6699999999.999996,55223584.921115,25866264.874889,432792.93973,77448192.472441,0.0,33192082.500746,33192082.486382,0.000565,221523.84070699997,499347.33942323655,110761.920359,220669.83299224003,300000.0,False,True
1205,4,0,1,NORMAL,0.016751428419708184,0.016504944492991017,0.016751428419708184,1.0,3300000000.0,6699999999.999996,55279713.785037,25894490.124186,433588.032216,77525726.255475,0.0,33225311.264911,33225311.250539,0.000565,221525.09438999995,499353.82511185633,110762.547199,220894.33968446002,300000.0,False,True
1206,4,0,1,NORMAL,0.01676843782934788,0.016521944063078556,0.01676843782934788,1.0,3300000000.0,6699999999.999996,55335844.836848,25922720.916901,434383.932039,77603260.472942,0.0,33258540.215268,33258540.20088,0.000565,221526.33563199994,499360.24643276853,110763.16782400002,221118.85514014802,300000.0,False,True
1207,4,0,1,NORMAL,0.01678544790109303,0.016538944310692395,0.01678544790109303,1.0,3300000000.0,6699999999.999996,55391978.073607,25950957.252802,435180.639231,77680795.120533,0.0,33291769.349961,33291769.335559,0.000565,221527.564554,499366.60402316233,110763.78228399999,221343.379347392,300000.0,False,True
1208,4,0,1,NORMAL,0.016802458634059395,0.01655594523478059,0.016802458634059395,1.0,3300000000.0,6699999999.999996,55448113.492396,25979199.131672,435978.153823,77758330.193977,0.0,33324998.667165,33324998.652748,0.000565,221528.78128100003,499372.8985139516,110764.390648,221567.912294428,300000.0,False,True
1209,4,0,1,NORMAL,0.016819470027373638,0.016572946834302722,0.016819470027373638,1.0,3300000000.0,6699999999.999996,55504251.090333,26007446.553305,436776.475846,77835865.68905,0.0,33358228.165062,33358228.150634,0.000565,221529.98592900002,499379.13052983594,110764.99296999999,221792.45396958402,300000.0,False,True
1210,4,0,1,NORMAL,0.016836482080168788,0.016589949108229567,0.016836482080168788,1.0,3300000000.0,6699999999.999996,55560390.864557,26035699.517509,437575.605332,77913401.601563,0.0,33391457.841867,33391457.827423,0.000565,221531.17862,499385.3006893613,110765.589318,222017.00436133204,300000.0,False,True
1211,4,0,1,NORMAL,0.01685349479158939,0.016606952055543106,0.01685349479158939,1.0,3300000000.0,6699999999.999996,55616532.812245,26063958.0241,438375.542312,77990937.92743,0.0,33424687.695799,33424687.681341,0.000509,221532.35947199998,499391.40960498014,110766.17974299999,222241.563458228,300000.0,False,True
1212,4,0,1,NORMAL,0.016870508160786668,0.01662395567523624,0.016870508160786668,1.0,3300000000.0,6699999999.999996,55672676.930596,26092222.072914,439176.286818,78068474.662439,0.0,33457917.725099,33457917.71063,0.000509,221533.528607,499397.4578831105,110766.76430900002,222466.13124897997,300000.0,False,True
1213,4,0,1,NORMAL,0.016887522186920606,0.01664095996631265,0.016887522186920606,1.0,3300000000.0,6699999999.999996,55728823.216838,26120491.663795,439977.83888,78146011.802582,0.0,33491147.928028,33491147.913546,0.000509,221534.68613100002,499403.4461241954,110767.343072,222690.70772238402,300000.0,False,True
1214,4,0,1,NORMAL,0.016904536869160606,0.016657964927786713,0.016904536869160606,1.0,3300000000.0,6699999999.999996,55784971.66823,26148766.7966,440780.19853,78223549.343839,0.0,33524378.302861,33524378.288368,0.000509,221535.832169,499409.3749227604,110767.91609,222915.29286735202,300000.0,False,True
1215,4,0,1,NORMAL,0.016921552206684242,0.01667497055868333,0.016921552206684242,1.0,3300000000.0,6699999999.999996,55841122.282058,26177047.471195,441583.365798,78301087.282227,0.0,33557608.847893,33557608.833389,0.000509,221536.96682899995,499415.2448674722,110768.48342,223139.88667292,300000.0,False,True
1216,4,0,1,NORMAL,0.01693856819867697,0.01669197685803776,0.01693856819867697,1.0,3300000000.0,6699999999.999996,55897275.055634,26205333.68746,442387.340716,78378625.613804,0.0,33590839.561437,33590839.546918,0.000509,221538.09022699998,499421.05654119514,110769.045121,223364.489128232,300000.0,False,True
1217,4,0,1,NORMAL,0.016955584844333637,0.01670898382489556,0.016955584844333637,1.0,3300000000.0,6699999999.999996,55953429.986301,26233625.445287,443192.123315,78456164.334668,0.0,33624070.441814,33624070.427285,0.000509,221539.202472,499426.8105210482,110769.60124100001,223589.10022253598,300000.0,False,True
1218,4,0,1,NORMAL,0.01697260214285485,0.016725991458312287,0.01697260214285485,1.0,3300000000.0,6699999999.999996,56009587.071421,26261922.744578,443997.713626,78533703.441001,0.0,33657301.487374,33657301.472833,0.000459,221540.303674,499432.507378461,110770.15184300001,223813.71994520404,300000.0,False,True
1219,4,0,1,NORMAL,0.01698962009345212,0.016742999757353567,0.01698962009345212,1.0,3300000000.0,6699999999.999996,56065746.308392,26290225.585248,444804.111679,78611242.928878,0.0,33690532.696476,33690532.681921,0.000459,221541.39394399998,499438.14767922915,110770.69697900001,224038.348285684,300000.0,False,True
1220,4,0,1,NORMAL,0.017006638695342424,0.016760008721094784,0.017006638695342424,1.0,3300000000.0,6699999999.999996,56121907.69463,26318533.967223,445611.317506,78688782.794559,0.0,33723764.067496,33723764.052926,0.000459,221542.47338699998,499443.73198356986,110771.236701,224262.985233568,300000.0,False,True
1221,4,0,1,NORMAL,0.017023657947752728,0.016777018348621105,0.017023657947752728,1.0,3300000000.0,6699999999.999996,56178071.227584,26346847.890443,446419.331138,78766323.034297,0.0,33756995.598825,33756995.58424,0.000459,221543.54211900002,499449.2608461758,110771.77106700001,224487.63077852,300000.0,False,True
1222,4,0,1,NORMAL,0.017040677849916665,0.01679402863902727,0.017040677849916665,1.0,3300000000.0,6699999999.999996,56234236.904725,26375167.354853,447228.152605,78843863.644375,0.0,33790227.288872,33790227.274273,0.000459,221544.60023600003,499454.7348162695,110772.30012500001,224712.28491033602,300000.0,False,True
1223,4,0,1,NORMAL,0.01705769840107697,0.016811039591417578,0.01705769840107697,1.0,3300000000.0,6699999999.999996,56290404.723554,26403492.360417,448037.781938,78921404.621121,0.0,33823459.136056,33823459.121447,0.000459,221545.64784999995,499460.15443765663,110772.82393000001,224936.94761889998,300000.0,False,True
1224,4,0,1,NORMAL,0.017074719600482728,0.016828051204905655,0.017074719600482728,1.0,3300000000.0,6699999999.999996,56346574.681593,26431822.907097,448848.219168,78998945.960888,0.0,33856691.138826,33856691.124203,0.000459,221546.68506,499465.520248779,110773.34253700002,225161.618894216,300000.0,False,True
1225,4,0,1,NORMAL,0.017091741447390302,0.016845063478614343,0.017091741447390302,1.0,3300000000.0,6699999999.999996,56402746.776388,26460158.994882,449659.464326,79076487.660119,0.0,33889923.295634,33889923.280996,0.000414,221547.71197300003,499470.832782767,110773.85599400001,225386.298726372,300000.0,False,True
1226,4,0,1,NORMAL,0.017108763941065454,0.016862076411675708,0.017108763941065454,1.0,3300000000.0,6699999999.999996,56458921.005516,26488500.623761,450471.517442,79154029.715158,0.0,33923155.604945,33923155.590297,0.000414,221548.72869000002,499476.0925674915,110774.36435000002,225610.987105552,300000.0,False,True
1227,4,0,1,NORMAL,0.01712578708078091,0.016879090003230884,0.01712578708078091,1.0,3300000000.0,6699999999.999996,56515097.366577,26516847.793734,451284.378547,79231572.122515,0.0,33956388.065248,33956388.050591,0.000414,221549.735311,499481.3001256153,110774.86766,225835.684022064,300000.0,False,True
1228,4,0,1,NORMAL,0.01714281086581485,0.01689610425242985,0.01714281086581485,1.0,3300000000.0,6699999999.999996,56571275.857189,26545200.504817,452098.047672,79309114.87869,0.0,33989620.675047,33989620.660378,0.000414,221550.73193600003,499486.4559746442,110775.365974,226060.389466308,300000.0,False,True
1229,4,0,1,NORMAL,0.017159835295454243,0.016913119158431425,0.017159835295454243,1.0,3300000000.0,6699999999.999996,56627456.474999,26573558.757035,452912.524847,79386657.980221,0.0,34022853.432854,34022853.418175,0.000414,221551.71866599997,499491.5606269774,110775.859338,226285.103428756,300000.0,False,True
1230,4,0,1,NORMAL,0.017176860368993636,0.01693013472040318,0.017176860368993636,1.0,3300000000.0,6699999999.999996,56683639.217679,26601922.550417,453727.810103,79464201.423676,0.0,34056086.337204,34056086.322513,0.000414,221552.69559800002,499496.61458995723,110776.34780499998,226509.825899996,300000.0,False,True
1231,4,0,1,NORMAL,0.017193886085734245,0.016947150937521315,0.017193886085734245,1.0,3300000000.0,6699999999.999996,56739824.082923,26630291.885012,454543.90347,79541745.205663,0.0,34089319.386636,34089319.371934,0.000414,221553.66282700002,499501.61836591887,110776.83141899998,226734.556870716,300000.0,False,True
1232,4,0,1,NORMAL,0.017210912444984544,0.016964167808970556,0.017210912444984544,1.0,3300000000.0,6699999999.999996,56796011.068449,26658666.760869,455360.804979,79619289.322858,0.0,34122552.579714,34122552.564999,0.000373,221554.62045100002,499506.5724522395,110777.31023199999,226959.29633169205,300000.0,False,True
1233,4,0,1,NORMAL,0.017227939446060908,0.01698118533394413,0.017227939446060908,1.0,3300000000.0,6699999999.999996,56852200.172001,26687047.178055,456178.514661,79696833.771854,0.0,34155785.915009,34155785.90028,0.000373,221555.568568,499511.4773413866,110777.78429099999,227184.044273796,300000.0,False,True
1234,4,0,1,NORMAL,0.017244967088285153,0.016998203511643554,0.017244967088285153,1.0,3300000000.0,6699999999.999996,56908391.391341,26715433.136641,456997.032545,79774378.549394,0.0,34189019.391108,34189019.376368,0.000373,221556.507267,499516.3335209661,110778.25363900002,227408.800688004,300000.0,False,True
1235,4,0,1,NORMAL,0.017261995370985758,0.017015222341278537,0.017261995370985758,1.0,3300000000.0,6699999999.999996,56964584.724253,26743824.636713,457816.358662,79851923.652214,0.0,34222253.006617,34222252.991862,0.000373,221557.436643,499521.14147376985,110778.71832899998,227633.56556536403,300000.0,False,True
1236,4,0,1,NORMAL,0.0172790242935,0.01703224182206702,0.0172790242935,1.0,3300000000.0,6699999999.999996,57020780.16855,26772221.678365,458636.493043,79929469.077087,0.0,34255486.760147,34255486.745378,0.000373,221558.356792,499525.9016778231,110779.178403,227858.338897012,300000.0,False,True
1237,4,0,1,NORMAL,0.017296053855170607,0.017049261953234994,0.017296053855170607,1.0,3300000000.0,6699999999.999996,57076977.722063,26800624.261698,459457.435718,80007014.820812,0.0,34288720.650328,34288720.635546,0.000373,221559.26779900002,499530.614606431,110779.63390599999,228083.1206742,300000.0,False,True
1238,4,0,1,NORMAL,0.017313084055347577,0.017066282734016454,0.017313084055347577,1.0,3300000000.0,6699999999.999996,57133177.382647,26829032.386827,460279.186717,80084560.880225,0.0,34321954.675803,34321954.661006,0.000373,221560.16976100006,499535.28072822466,110780.084888,228307.91088825202,300000.0,False,True
1239,4,0,1,NORMAL,0.01733011489338727,0.017083304163653282,0.01733011489338727,1.0,3300000000.0,6699999999.999996,57189379.148178,26857446.053876,461101.74607,80162107.252229,0.0,34355188.835223,34355188.820418,0.000336,221561.06276600002,499539.9005072074,110780.531387,228532.709530588,300000.0,False,True
1240,4,0,1,NORMAL,0.017347146368652425,0.017100326241395163,0.017347146368652425,1.0,3300000000.0,6699999999.999996,57245583.016553,26885865.26297,461925.113808,80239653.933641,0.0,34388423.127268,34388423.112448,0.000336,221561.94689900003,499544.4744027997,110780.973457,228757.516592712,300000.0,False,True
1241,4,0,1,NORMAL,0.01736417848051182,0.017117348966499465,0.01736417848051182,1.0,3300000000.0,6699999999.999996,57301788.985689,26914290.014253,462749.289961,80317200.921425,0.0,34421657.550617,34421657.535782,0.000336,221562.82225100003,499549.0028698843,110781.411133,228982.33206621202,300000.0,False,True
1242,4,0,1,NORMAL,0.017381211228341513,0.01713437233823121,0.017381211228341513,1.0,3300000000.0,6699999999.999996,57357997.053527,26942720.307877,463574.274559,80394748.21254,0.0,34454892.103963,34454892.089115,0.000336,221563.68890900002,499553.48635885085,110781.844461,229207.155942756,300000.0,False,True
1243,4,0,1,NORMAL,0.017398244611524543,0.01715139635586304,0.017398244611524543,1.0,3300000000.0,6699999999.999996,57414207.218031,26971156.143996,464400.067632,80472295.803971,0.0,34488126.786019,34488126.771156,0.000336,221564.54695900003,499557.92531563964,110782.27348700001,229431.98821410796,300000.0,False,True
1244,4,0,1,NORMAL,0.017415278629449093,0.017168421018675047,0.017415278629449093,1.0,3300000000.0,6699999999.999996,57470419.477182,26999597.522782,465226.669211,80549843.692739,0.0,34521361.595501,34521361.580627,0.000336,221565.39648899998,499562.3201817853,110782.69825,229656.82887212397,300000.0,False,True
1245,4,0,1,NORMAL,0.01743231328151,0.01718544632595472,0.01743231328151,1.0,3300000000.0,6699999999.999996,57526633.828983,27028044.444409,466054.079325,80627391.875887,0.0,34554596.53115,34554596.51626,0.000336,221566.237578,499566.67139446037,110783.11879699999,229881.67790872804,300000.0,False,True
1246,4,0,1,NORMAL,0.017449348567108485,0.0172024722769969,0.017449348567108485,1.0,3300000000.0,6699999999.999996,57582850.271458,27056496.909064,466882.298004,80704940.350526,0.0,34587831.591706,34587831.576804,0.000303,221567.070312,499570.97938651755,110783.53516200003,230106.535315932,300000.0,False,True
1247,4,0,1,NORMAL,0.01746638448565091,0.017219498871103613,0.01746638448565091,1.0,3300000000.0,6699999999.999996,57639068.802648,27084954.916943,467711.325279,80782489.113694,0.0,34621066.775931,34621066.761017,0.000303,221567.89477400001,499575.2445865325,110783.94739300001,230331.401085832,300000.0,False,True
1248,4,0,1,NORMAL,0.017483421036550605,0.017236526107584065,0.017483421036550605,1.0,3300000000.0,6699999999.999996,57695289.420617,27113418.468247,468541.16118,80860038.162557,0.0,34654302.082601,34654302.06767,0.000303,221568.711049,499579.46741884557,110784.355533,230556.275210592,300000.0,False,True
1249,4,0,1,NORMAL,0.017500458219227577,0.017253553985754615,0.017500458219227577,1.0,3300000000.0,6699999999.999996,57751512.123451,27141887.563188,469371.805736,80937587.494279,0.0,34687537.510492,34687537.495548,0.000303,221569.51921300002,499583.6483036036,110784.75961300002,230781.157682468,300000.0,False,True
1250,4,0,1,NORMAL,0.017517496033106362,0.017270582504938597,0.017517496033106362,1.0,3300000000.0,6699999999.999996,57807736.909251,27170362.201984,470203.258978,81015137.106048,0.0,34720773.058404,34720773.043447,0.000303,221570.31934900003,499587.7876568008,110785.159681,231006.048493804,300000.0,False,True
1251,4,0,1,NORMAL,0.017534534477618487,0.01728761166446633,0.017534534477618487,1.0,3300000000.0,6699999999.999996,57863963.776141,27198842.384867,471035.520935,81092686.995084,0.0,34754008.725144,34754008.710176,0.000303,221571.111541,499591.8858903199,110785.55577599998,231230.947637004,300000.0,False,True
1252,4,0,1,NORMAL,0.0175515735522,0.017304641463674955,0.0175515735522,1.0,3300000000.0,6699999999.999996,57920192.72226,27227328.112074,471868.591638,81170237.158632,0.0,34787244.509529,34787244.494552,0.000303,221571.895857,499595.9434119719,110785.94793299999,231455.85510456405,300000.0,False,True
1253,4,0,1,NORMAL,0.017568613256294243,0.01732167190190846,0.017568613256294243,1.0,3300000000.0,6699999999.999996,57976423.745771,27255819.383847,472702.471116,81247787.593995,0.0,34820480.410394,34820480.395407,0.000273,221572.672386,499599.9606255367,110786.336198,231680.77088904,300000.0,False,True
1254,4,0,1,NORMAL,0.017585653589349697,0.017338702978517573,0.017585653589349697,1.0,3300000000.0,6699999999.999996,58032656.844854,27284316.200439,473537.159399,81325338.298412,0.0,34853716.426582,34853716.411584,0.000273,221573.44119899996,499603.9379308024,110786.72060500001,231905.69498308402,300000.0,False,True
1255,4,0,1,NORMAL,0.017602694550819697,0.017355734692859646,0.017602694550819697,1.0,3300000000.0,6699999999.999996,58088892.017705,27312818.562113,474372.656517,81402889.269238,0.0,34886952.556951,34886952.541937,0.000273,221574.20237400001,499607.8757236045,110787.101195,232130.627379416,300000.0,False,True
1256,4,0,1,NORMAL,0.017619736140164547,0.017372767044298673,0.017619736140164547,1.0,3300000000.0,6699999999.999996,58145129.262543,27341326.469138,475208.9625,81480440.50383,0.0,34920188.800361,34920188.785331,0.000273,221574.95598800006,499611.77439586463,110787.478002,232355.56807082,300000.0,False,True
1257,4,0,1,NORMAL,0.017636778356849393,0.01738980003220517,0.017636778356849393,1.0,3300000000.0,6699999999.999996,58201368.577603,27369839.921792,476046.077377,81557991.999568,0.0,34953425.155688,34953425.140643,0.000273,221575.70211500002,499615.6343356292,110787.85106500001,232580.51705017203,300000.0,False,True
1258,4,0,1,NORMAL,0.017653821200344543,0.0174068336559561,0.017653821200344543,1.0,3300000000.0,6699999999.999996,58257609.961137,27398358.920358,476884.001178,81635543.753854,0.0,34986661.621821,34986661.606765,0.000273,221576.44082699995,499619.45592710737,110788.220419,232805.47431041198,300000.0,False,True
1259,4,0,1,NORMAL,0.017670864670126667,0.017423867914934846,0.017670864670126667,1.0,3300000000.0,6699999999.999996,58313853.411418,27426883.46513,477722.733933,81713095.764121,0.0,35019898.197663,35019898.182592,0.000273,221577.17220300002,499623.2395507091,110788.58610900001,233030.43984454797,300000.0,False,True
1260,4,0,1,NORMAL,0.01768790876567697,0.017440902808531115,0.01768790876567697,1.0,3300000000.0,6699999999.999996,58370098.926734,27455413.556408,478562.275672,81790648.027853,0.0,35053134.882121,35053134.867032,0.000246,221577.89630799997,499626.98558308167,110788.948163,233255.41364567203,300000.0,False,True
1261,4,0,1,NORMAL,0.01770495348648212,0.017457938336140857,0.01770495348648212,1.0,3300000000.0,6699999999.999996,58426346.505391,27483949.194503,479402.626424,81868200.542479,0.0,35086371.674113,35086371.659012,0.000246,221578.61322399997,499630.69439714745,110789.306618,233480.395706936,300000.0,False,True
1262,4,0,1,NORMAL,0.017721998832034243,0.017474974497166236,0.017721998832034243,1.0,3300000000.0,6699999999.999996,58482596.145713,27512490.379727,480243.786219,81945753.30553,0.0,35119608.572576,35119608.55746,0.000246,221579.32301300002,499634.36636214034,110789.66151399998,233705.38602156402,300000.0,False,True
1263,4,0,1,NORMAL,0.01773904480183091,0.01749201129101557,0.01773904480183091,1.0,3300000000.0,6699999999.999996,58538847.846042,27541037.112404,481085.755087,82023306.314539,0.0,35152845.576452,35152845.56132,0.000246,221580.025754,499638.00184364174,110790.012885,233930.384582852,300000.0,False,True
1264,4,0,1,NORMAL,0.017756091395375456,0.017509048717103307,0.017756091395375456,1.0,3300000000.0,6699999999.999996,58595101.604739,27569589.392865,481928.533057,82100859.567064,0.0,35186082.684686,35186082.669545,0.000246,221580.72150900002,499641.60120361677,110790.36075899999,234155.391384168,300000.0,False,True
1265,4,0,1,NORMAL,0.01777313861217394,0.0175260867748498,0.01777313861217394,1.0,3300000000.0,6699999999.999996,58651357.420174,27598147.221451,482772.120159,82178413.060684,0.0,35219319.896249,35219319.881094,0.000246,221581.41035200004,499645.16480044974,110790.70518300001,234380.40641895603,300000.0,False,True
1266,4,0,1,NORMAL,0.017790186451740304,0.017543125463681444,0.017790186451740304,1.0,3300000000.0,6699999999.999996,58707615.290743,27626710.598502,483616.516422,82255966.793002,0.0,35252557.210115,35252557.194943,0.000246,221582.09235099997,499648.6929889791,110791.04618399998,234605.42968069602,300000.0,False,True
1267,4,0,1,NORMAL,0.017807234913592426,0.017560164783030543,0.017807234913592426,1.0,3300000000.0,6699999999.999996,58763875.214855,27655279.524372,484461.721876,82333520.761673,0.0,35285794.625261,35285794.610075,0.000222,221582.76757200004,499652.18612053315,110791.383793,234830.461162972,300000.0,False,True
1268,4,0,1,NORMAL,0.01782428399725212,0.017577204732335164,0.01782428399725212,1.0,3300000000.0,6699999999.999996,58820137.190932,27683853.999424,485307.736551,82411074.9643,0.0,35319032.140683,35319032.125486,0.000222,221583.43608700004,499655.64454296336,110791.718049,235055.50085942005,300000.0,False,True
1269,4,0,1,NORMAL,0.01784133370224818,0.01759424531103923,0.01784133370224818,1.0,3300000000.0,6699999999.999996,58876401.217419,27712434.024019,486154.560476,82488629.398581,0.0,35352269.755388,35352269.740176,0.000222,221584.09795700005,499659.06860067963,110792.048986,235280.548763728,300000.0,False,True
1270,4,0,1,NORMAL,0.01785838402811182,0.0176112865185923,0.01785838402811182,1.0,3300000000.0,6699999999.999996,58932667.292769,27741019.598536,487002.19368,82566184.062214,0.0,35385507.468387,35385507.453161,0.000222,221584.75325,499662.45863468363,110792.37663200001,235505.604869676,300000.0,False,True
1271,4,0,1,NORMAL,0.017875434974381516,0.01762832835444967,0.017875434974381516,1.0,3300000000.0,6699999999.999996,58988935.415459,27769610.723354,487850.636193,82643738.952923,0.0,35418745.278701,35418745.263461,0.000222,221585.40203199998,499665.81498260226,110792.70102299999,235730.66917107604,300000.0,False,True
1272,4,0,1,NORMAL,0.0178924865405997,0.017645370818072253,0.0178924865405997,1.0,3300000000.0,6699999999.999996,59045205.583979,27798207.398857,488699.888044,82721294.068448,0.0,35451983.185365,35451983.170114,0.000222,221586.04436700002,499669.1379787215,110793.02218900002,235955.74166183601,300000.0,False,True
1273,4,0,1,NORMAL,0.01790953872631182,0.01766241390892642,0.01790953872631182,1.0,3300000000.0,6699999999.999996,59101477.796829,27826809.625443,489549.949263,82798849.406556,0.0,35485221.187423,35485221.172159,0.000222,221586.68031899998,499672.4279540184,110793.34016600001,236180.82233591605,300000.0,False,True
1274,4,0,1,NORMAL,0.017926591531070304,0.017679457626484093,0.017926591531070304,1.0,3300000000.0,6699999999.999996,59157752.052532,27855417.403511,490400.819879,82876404.965056,0.0,35518459.283929,35518459.268648,0.0002,221587.309951,499675.6852361943,110793.654984,236405.911187316,300000.0,False,True
1275,4,0,1,NORMAL,0.017943644954431816,0.017696501970222656,0.017943644954431816,1.0,3300000000.0,6699999999.999996,59214028.349625,27884030.73347,491252.499922,82953960.741718,0.0,35551697.473935,35551697.458645,0.0002,221587.93332700004,499678.91014970705,110793.96666800002,236631.00821012803,300000.0,False,True
1276,4,0,1,NORMAL,0.017960698995957272,0.017713546939624892,0.017960698995957272,1.0,3300000000.0,6699999999.999996,59270306.686659,27912649.615734,492104.98942,83031516.734394,0.0,35584935.756522,35584935.741217,0.0002,221588.550511,499682.1030158024,110794.27526300002,236856.11339849996,300000.0,False,True
1277,4,0,1,NORMAL,0.01797775365521121,0.01773059253417885,0.01797775365521121,1.0,3300000000.0,6699999999.999996,59326587.062197,27941274.050723,492958.288403,83109072.940936,0.0,35618174.130765,35618174.115446,0.0002,221589.161556,499685.2641525464,110794.58078500003,237081.226746636,300000.0,False,True
1278,4,0,1,NORMAL,0.017994808931763334,0.01774763875337785,0.017994808931763334,1.0,3300000000.0,6699999999.999996,59382869.474819,27969904.038865,493812.396901,83186629.35922,0.0,35651412.595755,35651412.580422,0.0002,221589.766534,499688.393874856,110794.883274,237306.34824878798,300000.0,False,True
1279,4,0,1,NORMAL,0.01801186482518909,0.01776468559672051,0.01801186482518909,1.0,3300000000.0,6699999999.999996,59439153.923124,27998539.580589,494667.314942,83264185.987138,0.0,35684651.150593,35684651.135242,0.0002,221590.36549400003,499691.4924945307,110795.18275599998,237531.477899276,300000.0,False,True
1280,4,0,1,NORMAL,0.018028921335067272,0.017781733063710625,0.018028921335067272,1.0,3300000000.0,6699999999.999996,59495440.405722,28027180.67634,495523.042556,83341742.822612,0.0,35717889.794377,35717889.779015,0.0002,221590.958505,499694.5603202828,110795.479258,237756.61569249598,300000.0,False,True
1281,4,0,1,NORMAL,0.018045978460979696,0.017798781153857017,0.018045978460979696,1.0,3300000000.0,6699999999.999996,59551728.921233,28055827.326564,496379.579773,83419299.863596,0.0,35751128.526232,35751128.510854,0.00018,221591.54562199998,499697.5976577679,110795.77281899999,237981.761622888,300000.0,False,True
1282,4,0,1,NORMAL,0.01806303620251485,0.01781582986667365,0.01806303620251485,1.0,3300000000.0,6699999999.999996,59608019.468299,28084479.531711,497236.926621,83496857.108009,0.0,35784367.345279,35784367.329887,0.00018,221592.126906,499700.6048096153,110796.06346,238206.915684932,300000.0,False,True
1283,4,0,1,NORMAL,0.01808009455926424,0.017832879201679495,0.01808009455926424,1.0,3300000000.0,6699999999.999996,59664312.045572,28113137.292242,498095.08313,83574414.55385,0.0,35817606.250651,35817606.235244,0.00018,221592.702411,499703.58207545744,110796.351213,238432.07787319602,300000.0,False,True
1284,4,0,1,NORMAL,0.018097153530823938,0.017849929158398493,0.018097153530823938,1.0,3300000000.0,6699999999.999996,59720606.651719,28141800.608621,498954.049328,83651972.199116,0.0,35850845.241491,35850845.226071,0.00018,221593.272199,499706.52975195966,110796.636106,238657.24818228796,300000.0,False,True
1285,4,0,1,NORMAL,0.018114213116793332,0.01786697973635945,0.018114213116793332,1.0,3300000000.0,6699999999.999996,59776903.285418,28170469.48132,499813.825245,83729530.041824,0.0,35884084.31695,35884084.301516,0.00018,221593.83631999997,499709.44813284924,110796.91816700001,238882.426606876,300000.0,False,True
1286,4,0,1,NORMAL,0.01813127331677818,0.017884030935096145,0.01813127331677818,1.0,3300000000.0,6699999999.999996,59833201.945368,28199143.910815,500674.41091,83807088.080015,0.0,35917323.476183,35917323.460739,0.00018,221594.39483799998,499712.3375089446,110797.19742400001,239107.613141672,300000.0,False,True
1287,4,0,1,NORMAL,0.01814833413038606,0.017901082754147108,0.01814833413038606,1.0,3300000000.0,6699999999.999996,59889502.630274,28227823.897588,501535.806352,83884646.311743,0.0,35950562.718364,35950562.702906,0.00018,221594.94780400002,499715.19816818414,110797.47390899998,239332.80778147196,300000.0,False,True
1288,4,0,1,NORMAL,0.018165395557229697,0.017918135193055663,0.018165395557229697,1.0,3300000000.0,6699999999.999996,59945805.338858,28256509.442126,502398.011601,83962204.735103,0.0,35983802.042665,35983802.027194,0.000162,221595.49527300004,499718.0303956539,110797.74764299998,239558.01052109603,300000.0,False,True
1289,4,0,1,NORMAL,0.018182457596926063,0.017935188251369884,0.018182457596926063,1.0,3300000000.0,6699999999.999996,60002110.069856,28285200.544925,503261.026685,84039763.348155,0.0,36017041.448269,36017041.432785,0.000162,221596.037299,499720.83447361644,110798.01865599999,239783.221355432,300000.0,False,True
1290,4,0,1,NORMAL,0.01819952024909485,0.017952241928642466,0.01819952024909485,1.0,3300000000.0,6699999999.999996,60058416.822013,28313897.206486,504124.851634,84117322.149031,0.0,36050280.934372,36050280.918872,0.000162,221596.573942,499723.61068153824,110798.28697900001,240008.44027942405,300000.0,False,True
1291,4,0,1,NORMAL,0.018216583513361213,0.017969296224430775,0.018216583513361213,1.0,3300000000.0,6699999999.999996,60114725.594092,28342599.427315,504989.486476,84194881.135865,0.0,36083520.500168,36083520.484656,0.000162,221597.10524799995,499726.3592961175,110798.55263000002,240233.66728805203,300000.0,False,True
1292,4,0,1,NORMAL,0.018233647389354242,0.017986351138296806,0.018233647389354242,1.0,3300000000.0,6699999999.999996,60171036.384869,28371307.207921,505854.931241,84272440.306809,0.0,36116760.144866,36116760.129345,0.000162,221597.63127500002,499729.0805913113,110798.815642,240458.90237636803,300000.0,False,True
1293,4,0,1,NORMAL,0.018250711876704847,0.018003406669807005,0.018250711876704847,1.0,3300000000.0,6699999999.999996,60227349.193126,28400020.548826,506721.185957,84349999.660032,0.0,36149999.867686,36149999.852153,0.000162,221598.15207399998,499731.77483836294,110799.07604299998,240684.145539476,300000.0,False,True
1294,4,0,1,NORMAL,0.018267776975049395,0.018020462818532323,0.018267776975049395,1.0,3300000000.0,6699999999.999996,60283664.017663,28428739.450549,507588.250654,84427559.193721,0.0,36183239.667852,36183239.652303,0.000162,221598.667694,499734.44230582804,110799.333855,240909.39677250397,300000.0,False,True
1295,4,0,1,NORMAL,0.018284842684029395,0.018037519584048263,0.018284842684029395,1.0,3300000000.0,6699999999.999996,60339980.857297,28457463.913619,508456.12536,84505118.906102,0.0,36216479.544589,36216479.529027,0.000146,221599.178191,499737.08325960167,110799.58910200001,241134.656070652,300000.0,False,True
1296,4,0,1,NORMAL,0.01830190900328697,0.018054576965934634,0.01830190900328697,1.0,3300000000.0,6699999999.999996,60396299.710847,28486193.938569,509324.810105,84582678.795362,0.0,36249719.497142,36249719.481566,0.000146,221599.683612,499739.6979629445,110799.841813,241359.92342918803,300000.0,False,True
1297,4,0,1,NORMAL,0.018318975932471213,0.018071634963775705,0.018318975932471213,1.0,3300000000.0,6699999999.999996,60452620.577155,28514929.525939,510194.304917,84660238.859764,0.0,36282959.524751,36282959.509166,0.000146,221600.184013,499742.2866765086,110800.09201099999,241585.198843388,300000.0,False,True
1298,4,0,1,NORMAL,0.018336043471231817,0.018088693577159972,0.018336043471231817,1.0,3300000000.0,6699999999.999996,60508943.455065,28543670.676271,511064.609826,84737799.097561,0.0,36316199.62668,36316199.611078,0.000146,221600.679435,499744.8496583632,110800.33972599998,241810.48230862,300000.0,False,True
1299,4,0,1,NORMAL,0.018353111619224545,0.01810575280568027,0.018353111619224545,1.0,3300000000.0,6699999999.999996,60565268.343441,28572417.390117,511935.72486,84815359.507034,0.0,36349439.802182,36349439.786564,0.000146,221601.169934,499747.3871640205,110800.58497499999,242035.77382026,300000.0,False,True
1300,4,0,1,NORMAL,0.018370180376107274,0.018122812648933624,0.018370180376107274,1.0,3300000000.0,6699999999.999996,60621595.241154,28601169.668033,512807.650048,84892920.086476,0.0,36382680.050526,36382680.034895,0.000146,221601.65555900004,499749.89944646024,110800.82778599998,242261.07337376403,300000.0,False,True
1301,4,0,1,NORMAL,0.018387249741542728,0.01813987310652131,0.018387249741542728,1.0,3300000000.0,6699999999.999996,60677924.147091,28629927.510577,513680.385419,84970480.834198,0.0,36415920.370987,36415920.355348,0.000146,221602.13635799996,499752.38675615547,110801.068183,242486.380964616,300000.0,False,True
1302,4,0,1,NORMAL,0.018404319715195756,0.018156934178048693,0.018404319715195756,1.0,3300000000.0,6699999999.999996,60734255.060146,28658690.918316,514553.931002,85048041.748539,0.0,36449160.762855,36449160.747201,0.000132,221602.61237500003,499754.84934109665,110801.306195,242711.69658836402,300000.0,False,True
1303,4,0,1,NORMAL,0.018421390296735757,0.01817399586312528,0.018421390296735757,1.0,3300000000.0,6699999999.999996,60790587.979228,28687459.89182,515428.286826,85125602.827818,0.0,36482401.225411,36482401.209747,0.000132,221603.08365999997,499757.28744681674,110801.54183500001,242937.02024058398,300000.0,False,True
1304,4,0,1,NORMAL,0.018438461485835455,0.018191058161364647,0.018438461485835455,1.0,3300000000.0,6699999999.999996,60846922.903257,28716234.431662,516303.45292,85203164.070406,0.0,36515641.757958,36515641.742284,0.000132,221603.55026,499759.7013164149,110801.77513499999,243162.35191691198,300000.0,False,True
1305,4,0,1,NORMAL,0.018455533282170304,0.018208121072384367,0.018455533282170304,1.0,3300000000.0,6699999999.999996,60903259.831162,28745014.538427,517179.429312,85280725.474682,0.0,36548882.359799,36548882.344115,0.000132,221604.012224,499762.0911905808,110802.00611699998,243387.69161302803,300000.0,False,True
1306,4,0,1,NORMAL,0.018472605685420605,0.018225184595806063,0.018472605685420605,1.0,3300000000.0,6699999999.999996,60959598.761888,28773800.212697,518056.216032,85358287.039038,0.0,36582123.030244,36582123.014551,0.000132,221604.46959299996,499764.4573076186,110802.234801,243613.03932464804,300000.0,False,True
1307,4,0,1,NORMAL,0.01848967869526788,0.018242248731255215,0.01848967869526788,1.0,3300000000.0,6699999999.999996,61015939.694384,28802591.455062,518933.813108,85435848.76188,0.0,36615363.76862,36615363.752909,0.000132,221604.92241800003,499766.79990347,110802.461218,243838.39504755198,300000.0,False,True
1308,4,0,1,NORMAL,0.018506752311399696,0.01825931347836131,0.018506752311399696,1.0,3300000000.0,6699999999.999996,61072282.627619,28831388.266118,519812.220569,85513410.641636,0.0,36648604.57424,36648604.558517,0.000132,221605.37073999998,499769.11921173794,110802.68537600001,244063.75877753604,300000.0,False,True
1309,4,0,1,NORMAL,0.018523826533504848,0.01827637883675767,0.018523826533504848,1.0,3300000000.0,6699999999.999996,61128627.560566,28860190.646464,520691.438443,85590972.676757,0.0,36681845.446443,36681845.430704,0.000119,221605.81460599997,499771.4154637098,110802.907311,244289.130510476,300000.0,False,True
1310,4,0,1,NORMAL,0.01854090136127606,0.018293444806081437,0.01854090136127606,1.0,3300000000.0,6699999999.999996,61184974.492211,28888998.596706,521571.466759,85668534.865674,0.0,36715086.384566,36715086.368807,0.000119,221606.25405999998,499773.6888883798,110803.12704000002,244514.51024226402,300000.0,False,True
1311,4,0,1,NORMAL,0.018557976794409393,0.018310511385973564,0.018557976794409393,1.0,3300000000.0,6699999999.999996,61241323.421551,28917812.117453,522452.305546,85746097.20687,0.0,36748327.38795,36748327.372175,0.000119,221606.68914399997,499775.93971247197,110803.34458,244739.89796884402,300000.0,False,True
1312,4,0,1,NORMAL,0.018575052832604244,0.018327578576078772,0.018575052832604244,1.0,3300000000.0,6699999999.999996,61297674.347594,28946631.209319,523333.954834,85823659.698832,0.0,36781568.455945,36781568.440157,0.000119,221607.11990100003,499778.16816046287,110803.55995700002,244965.29368620398,300000.0,False,True
1313,4,0,1,NORMAL,0.01859212947556212,0.01834464637604544,0.01859212947556212,1.0,3300000000.0,6699999999.999996,61354027.269355,28975455.872925,524216.41465,85901222.340062,0.0,36814809.58791,36814809.572109,0.000119,221607.54637700005,499780.37445460295,110803.77319499999,245190.69739037604,300000.0,False,True
1314,4,0,1,NORMAL,0.018609206722989394,0.018361714785525694,0.018609206722989394,1.0,3300000000.0,6699999999.999996,61410382.185865,29004286.10889,525099.685023,85978785.129073,0.0,36848050.783215,36848050.767397,0.000119,221607.96861500002,499782.5588149395,110803.98431599999,245416.10907742,300000.0,False,True
1315,4,0,1,NORMAL,0.018626284574594244,0.01837878380417528,0.018626284574594244,1.0,3300000000.0,6699999999.999996,61466739.096161,29033121.917844,525983.765982,86056348.064397,0.0,36881292.041226,36881292.025392,0.000119,221608.386654,499784.72145933774,110804.19333499999,245641.52874346002,300000.0,False,True
1316,4,0,1,NORMAL,0.01864336303008879,0.018395853431653574,0.01864336303008879,1.0,3300000000.0,6699999999.999996,61523097.999293,29061963.300421,526868.657556,86133911.144594,0.0,36914533.361314,36914533.34547,0.000108,221608.80053800004,499786.86260350246,110804.40027399999,245866.956384644,300000.0,False,True
1317,4,0,1,NORMAL,0.01866044208918727,0.01841292366762349,0.01866044208918727,1.0,3300000000.0,6699999999.999996,61579458.894318,29090810.257253,527754.359773,86211474.368196,0.0,36947774.742872,36947774.727013,0.000108,221609.21030500004,499788.982461,110804.60515999999,246092.391997172,300000.0,False,True
1318,4,0,1,NORMAL,0.01867752175160818,0.018429994511751535,0.01867752175160818,1.0,3300000000.0,6699999999.999996,61635821.780307,29119662.788986,528640.872662,86289037.733793,0.0,36981016.185281,36981016.16941,0.000108,221609.61599999998,499791.08124327834,110804.80800600002,246317.835577272,300000.0,False,True
1319,4,0,1,NORMAL,0.018694602017071817,0.018447065963707685,0.018694602017071817,1.0,3300000000.0,6699999999.999996,61692186.656337,29148520.896262,529528.196251,86366601.23997,0.0,37014257.687943,37014257.672055,0.000108,221610.01766100002,499793.1591596889,110805.008839,246543.28712122797,300000.0,False,True
1320,4,0,1,NORMAL,0.01871168288530182,0.018464138023165374,0.01871168288530182,1.0,3300000000.0,6699999999.999996,61748553.521496,29177384.579736,530416.330569,86444164.885332,0.0,37047499.250255,37047499.23435,0.000108,221610.41533100003,499795.216417507,110805.20767399999,246768.746625348,300000.0,False,True
1321,4,0,1,NORMAL,0.018728764356024847,0.01848121068980147,0.018728764356024847,1.0,3300000000.0,6699999999.999996,61804922.374882,29206253.840057,531305.275645,86521728.668493,0.0,37080740.871625,37080740.855702,0.000108,221610.809044,499797.25322195207,110805.40453100001,246994.214085984,300000.0,False,True
1322,4,0,1,NORMAL,0.018745846428971515,0.018498283963296315,0.018745846428971515,1.0,3300000000.0,6699999999.999996,61861293.215606,29235128.677885,532195.031507,86599292.588085,0.0,37113982.551462,37113982.535525,0.000108,221611.198844,499799.2697762086,110805.59942899998,247219.689499528,300000.0,False,True
1323,4,0,1,NORMAL,0.018762929103872727,0.018515357843333503,0.018762929103872727,1.0,3300000000.0,6699999999.999996,61917666.04278,29264009.093884,533085.598184,86676856.642759,0.0,37147224.289191,37147224.273237,9.8e-05,221611.58476900004,499801.2662814455,110805.792393,247445.172862424,300000.0,False,True
1324,4,0,1,NORMAL,0.01878001238046515,0.01853243232960006,0.01878001238046515,1.0,3300000000.0,6699999999.999996,61974040.855535,29292895.088718,533976.975704,86754420.831154,0.0,37180466.084231,37180466.068262,9.8e-05,221611.96685500004,499803.24293683673,110805.98343499999,247670.66417112004,300000.0,False,True
1325,4,0,1,NORMAL,0.01879709625848667,0.018549507421786293,0.01879709625848667,1.0,3300000000.0,6699999999.999996,62030417.653006,29321786.663061,534869.164096,86831985.151951,0.0,37213707.936015,37213707.920029,9.8e-05,221612.345145,499805.1999395806,110806.172581,247896.16342214,300000.0,False,True
1326,4,0,1,NORMAL,0.018814180737677575,0.01856658311958573,0.018814180737677575,1.0,3300000000.0,6699999999.999996,62086796.434336,29350683.817587,535762.163389,86909549.603832,0.0,37246949.843977,37246949.827975,9.8e-05,221612.71966999996,499807.13748491934,110806.35984300001,248121.67061202406,300000.0,False,True
1327,4,0,1,NORMAL,0.01883126581778212,0.018583659422695176,0.01883126581778212,1.0,3300000000.0,6699999999.999996,62143177.198681,29379586.552975,536655.973611,86987114.185495,0.0,37280191.807559,37280191.791544,9.8e-05,221613.09047700002,499809.05576615856,110806.54524499999,248347.185737344,300000.0,False,True
1328,4,0,1,NORMAL,0.018848351498546665,0.01860073633081463,0.018848351498546665,1.0,3300000000.0,6699999999.999996,62199559.945204,29408494.869907,537550.59479,87064678.895648,0.0,37313433.82621,37313433.810178,9.8e-05,221613.457591,499810.95497468655,110806.728804,248572.708794724,300000.0,False,True
1329,4,0,1,NORMAL,0.018865437779720606,0.018617813843647274,0.018865437779720606,1.0,3300000000.0,6699999999.999996,62255944.673078,29437408.76907,538446.026955,87142243.733015,0.0,37346675.89938,37346675.883334,9.8e-05,221613.82106000002,499812.8352999926,110806.910537,248798.239780816,300000.0,False,True
1330,4,0,1,NORMAL,0.018882524661055455,0.018634891960899416,0.018882524661055455,1.0,3300000000.0,6699999999.999996,62312331.381483,29466328.251158,539342.270135,87219808.696341,0.0,37379918.026526,37379918.010468,8.9e-05,221614.18091399997,499814.69692968676,110807.090463,249023.77869231201,300000.0,False,True
1331,4,0,1,NORMAL,0.01889961214230606,0.018651970682280493,0.01889961214230606,1.0,3300000000.0,6699999999.999996,62368720.06961,29495253.316865,540239.324357,87297373.784356,0.0,37413160.207108,37413160.191045,8.9e-05,221614.53718900002,499816.5400495176,110807.26859700002,249249.325525932,300000.0,False,True
1332,4,0,1,NORMAL,0.018916700223229093,0.018669050007502984,0.018916700223229093,1.0,3300000000.0,6699999999.999996,62425110.736656,29524183.966888,541137.189651,87374938.995826,0.0,37446402.440603,37446402.424531,8.9e-05,221614.889921,499818.36484339094,110807.44496499999,249474.88027843996,300000.0,False,True
1333,4,0,1,NORMAL,0.018933788903584242,0.018686129936282422,0.018933788903584242,1.0,3300000000.0,6699999999.999996,62481503.381828,29553120.201929,542035.866045,87452504.329523,0.0,37479644.726485,37479644.7104,8.9e-05,221615.23914500006,499820.1714933881,110807.619579,249700.44294662404,300000.0,False,True
1334,4,0,1,NORMAL,0.018950878183134245,0.018703210468337377,0.018950878183134245,1.0,3300000000.0,6699999999.999996,62537898.004343,29582062.022698,542935.353567,87530069.784236,0.0,37512887.064226,37512887.048134,8.9e-05,221615.58490099994,499821.9601797838,110807.79245399998,249926.01352731202,300000.0,False,True
1335,4,0,1,NORMAL,0.018967968061643636,0.018720291603389394,0.018967968061643636,1.0,3300000000.0,6699999999.999996,62594294.603424,29611009.429902,543835.652246,87607635.358758,0.0,37546129.453317,37546129.437212,8.9e-05,221615.92721300002,499823.73108106444,110807.963613,250151.59201737205,300000.0,False,True
1336,4,0,1,NORMAL,0.018985058538879697,0.018737373341162964,0.018985058538879697,1.0,3300000000.0,6699999999.999996,62650693.178303,29639962.424258,544736.76211,87685201.051901,0.0,37579371.893243,37579371.877127,8.9e-05,221616.26612699998,499825.484373945,110808.13306900002,250377.178413696,300000.0,False,True
1337,4,0,1,NORMAL,0.019002149614612728,0.018754455681385528,0.019002149614612728,1.0,3300000000.0,6699999999.999996,62707093.728222,29668921.006479,545638.683187,87762766.862489,0.0,37612614.383502,37612614.367375,8.1e-05,221616.60166699998,499827.2202333874,110808.30083900002,250602.772713212,300000.0,False,True
1338,4,0,1,NORMAL,0.019019241288614545,0.0187715386237874,0.019019241288614545,1.0,3300000000.0,6699999999.999996,62763496.252428,29697885.177291,546541.415506,87840332.789341,0.0,37645856.923593,37645856.907452,8.1e-05,221616.93387200002,499828.93883261766,110808.46694299999,250828.37491288802,300000.0,False,True
1339,4,0,1,NORMAL,0.01903633356066,0.018788622168101766,0.01903633356066,1.0,3300000000.0,6699999999.999996,62819900.750178,29726854.937417,547444.959096,87917898.831308,0.0,37679099.51302,37679099.496866,8.1e-05,221617.26277499995,499830.6403431424,110808.631394,251053.985009712,300000.0,False,True
1340,4,0,1,NORMAL,0.01905342643052697,0.018805706314064682,0.01905342643052697,1.0,3300000000.0,6699999999.999996,62876307.220739,29755830.287585,548349.313985,87995464.987247,0.0,37712342.151291,37712342.135123,8.1e-05,221617.58840599997,499832.3249347668,110808.79421000001,251279.603000712,300000.0,False,True
1341,4,0,1,NORMAL,0.01907051989799485,0.018822791061415017,0.01907051989799485,1.0,3300000000.0,6699999999.999996,62932715.663383,29784811.228528,549254.480201,88073031.256024,0.0,37745584.837922,37745584.821739,8.1e-05,221617.910801,499833.99277561076,110808.955408,251505.228882956,300000.0,False,True
1342,4,0,1,NORMAL,0.01908761396284606,0.01883987640989444,0.01908761396284606,1.0,3300000000.0,6699999999.999996,62989126.077392,29813797.760979,550160.457772,88150597.636516,0.0,37778827.572432,37778827.556234,8.1e-05,221618.22998899998,499835.6440321261,110809.11500199999,251730.86265353204,300000.0,False,True
1343,4,0,1,NORMAL,0.019104708624864547,0.018856962359247352,0.019104708624864547,1.0,3300000000.0,6699999999.999996,63045538.462053,29842789.885679,551067.246727,88228164.127614,0.0,37812070.354341,37812070.33813,8.1e-05,221618.54600099998,499837.27886911255,110809.27300700001,251956.504309568,300000.0,False,True
1344,4,0,1,NORMAL,0.019121803883836365,0.01887404890922084,0.019121803883836365,1.0,3300000000.0,6699999999.999996,63101952.81666,29871787.603372,551974.847094,88305730.728224,0.0,37845313.183183,37845313.166957,7.3e-05,221618.85887300002,499838.89744973433,110809.429444,252182.15384821204,300000.0,False,True
1345,4,0,1,NORMAL,0.019138899739551817,0.018891136059564773,0.019138899739551817,1.0,3300000000.0,6699999999.999996,63158369.140521,29900790.9148,552883.258902,88383297.437241,0.0,37878556.058492,37878556.042248,7.3e-05,221619.16863400003,499840.4999355365,110809.58432599998,252407.81126664003,300000.0,False,True
1346,4,0,1,NORMAL,0.019155996191801514,0.018908223810031658,0.019155996191801514,1.0,3300000000.0,6699999999.999996,63214787.432945,29929799.820716,553792.482178,88460864.253597,0.0,37911798.979799,37911798.963541,7.3e-05,221619.47531200002,499842.0864864611,110809.73766299999,252633.476562084,300000.0,False,True
1347,4,0,1,NORMAL,0.019173093240380305,0.018925312160376732,0.019173093240380305,1.0,3300000000.0,6699999999.999996,63271207.693255,29958814.321869,554702.516951,88538431.176225,0.0,37945041.946649,37945041.93038,7.3e-05,221619.778945,499843.65726086206,110809.88947799998,252859.14973178,300000.0,False,True
1348,4,0,1,NORMAL,0.019190190885081816,0.018942401110357707,0.019190190885081816,1.0,3300000000.0,6699999999.999996,63327629.92077,29987834.419019,555613.36325,88615998.204065,0.0,37978284.958596,37978284.942309,7.3e-05,221620.07955599995,499845.2124155222,110810.039787,253084.83077302005,300000.0,False,True
1349,4,0,1,NORMAL,0.019207289125705757,0.018959490659734998,0.019207289125705757,1.0,3300000000.0,6699999999.999996,63384054.114829,30016860.112923,556525.021102,88693565.336074,0.0,38011528.015183,38011527.998882,7.3e-05,221620.37717799994,499846.7521056682,110810.188596,253310.51968308,300000.0,False,True
1350,4,0,1,NORMAL,0.019224387962052426,0.018976580808271606,0.019224387962052426,1.0,3300000000.0,6699999999.999996,63440480.274773,30045891.404343,557437.490536,88771132.571215,0.0,38044771.115969,38044771.099653,7.3e-05,221620.67183900005,499848.2764849856,110810.335927,253536.216459316,300000.0,False,True
1351,4,0,1,NORMAL,0.019241487393923028,0.018993671555732988,0.019241487393923028,1.0,3300000000.0,6699999999.999996,63496908.399946,30074928.294047,558350.77158,88848699.908468,0.0,38078014.260517,38078014.244186,6.6e-05,221620.963573,499849.78570563486,110810.481794,253761.92109909205,300000.0,False,True
1352,4,0,1,NORMAL,0.01925858742112303,0.019010762901887183,0.01925858742112303,1.0,3300000000.0,6699999999.999996,63553338.489706,30103970.782804,559264.864263,88926267.346807,0.0,38111257.44839,38111257.432041,6.6e-05,221621.252406,499851.2799182659,110810.626212,253987.63359978396,300000.0,False,True
1353,4,0,1,NORMAL,0.019275688043458788,0.019027854846504707,0.019275688043458788,1.0,3300000000.0,6699999999.999996,63609770.543414,30133018.871385,560179.768612,89003834.885231,0.0,38144500.679154,38144500.662793,6.6e-05,221621.53836399995,499852.75927203347,110810.769188,254213.35395882398,300000.0,False,True
1354,4,0,1,NORMAL,0.01929278926074091,0.019044947389358656,0.01929278926074091,1.0,3300000000.0,6699999999.999996,63666204.560445,30162072.560561,561095.484656,89081402.522746,0.0,38177743.952386,38177743.93601,6.6e-05,221621.821479,499854.2239146113,110810.91074699999,254439.082173656,300000.0,False,True
1355,4,0,1,NORMAL,0.019309891072777877,0.019062040530224415,0.019309891072777877,1.0,3300000000.0,6699999999.999996,63722640.540167,30191131.851118,562012.012424,89158970.258366,0.0,38210987.267661,38210987.251273,6.6e-05,221622.10177799998,499855.6739922077,110811.05089500001,254664.81824178,300000.0,False,True
1356,4,0,1,NORMAL,0.019326993479383332,0.01907913426887983,0.019326993479383332,1.0,3300000000.0,6699999999.999996,63779078.481965,30220196.743831,562929.351943,89236538.091112,0.0,38244230.62457,38244230.608162,6.6e-05,221622.37929,499857.10964957904,110811.18965500001,254890.562160668,300000.0,False,True
1357,4,0,1,NORMAL,0.019344096480373635,0.019096228605105237,0.019344096480373635,1.0,3300000000.0,6699999999.999996,63835518.385233,30249267.239489,563847.503242,89314106.020025,0.0,38277474.022687,38277474.006264,6.6e-05,221622.65404500003,499858.53103004507,110811.32702999999,255116.31392786,300000.0,False,True
1358,4,0,1,NORMAL,0.019361200075564546,0.019113323538683256,0.019361200075564546,1.0,3300000000.0,6699999999.999996,63891960.249363,30278343.338879,564766.466348,89391674.044151,0.0,38310717.461606,38310717.445171,6e-05,221622.92606599999,499859.9382755026,110811.46303900001,255342.07354093198,300000.0,False,True
1359,4,0,1,NORMAL,0.01937830426477576,0.019130419069398902,0.01937830426477576,1.0,3300000000.0,6699999999.999996,63948404.07376,30307425.042791,565686.24129,89469242.162532,0.0,38343960.940922,38343960.924475,6e-05,221623.19538200003,499861.33152643964,110811.59769699998,255567.84099745203,300000.0,False,True
1360,4,0,1,NORMAL,0.019395409047827578,0.019147515197039465,0.019395409047827578,1.0,3300000000.0,6699999999.999996,64004849.857831,30336512.352018,566606.828097,89546810.374234,0.0,38377204.460237,38377204.443774,6e-05,221623.462018,499862.7109219493,110811.73101700001,255793.61629504,300000.0,False,True
1361,4,0,1,NORMAL,0.019412514424543635,0.019164611921394573,0.019412514424543635,1.0,3300000000.0,6699999999.999996,64061297.600994,30365605.267356,567528.226796,89624378.678332,0.0,38410448.019147,38410448.00267,6e-05,221623.72600200004,499864.07659974426,110811.863008,256019.39943132404,300000.0,False,True
1362,4,0,1,NORMAL,0.019429620394749696,0.019181709242256196,0.019429620394749696,1.0,3300000000.0,6699999999.999996,64117747.302674,30394703.789604,568450.437415,89701947.073906,0.0,38443691.617261,38443691.600771,6e-05,221623.987363,499865.4286961694,110811.99368799997,256245.190403976,300000.0,False,True
1363,4,0,1,NORMAL,0.019446726958270908,0.019198807159418435,0.019446726958270908,1.0,3300000000.0,6699999999.999996,64174198.962294,30423807.919569,569373.459983,89779515.560046,0.0,38476935.254191,38476935.237686,6e-05,221624.246125,499866.76734621637,110812.12307,256470.989210696,300000.0,False,True
1364,4,0,1,NORMAL,0.01946383411493697,0.019215905672677697,0.01946383411493697,1.0,3300000000.0,6699999999.999996,64230652.579292,30452917.658053,570297.294528,89857084.135852,0.0,38510178.929546,38510178.913031,6e-05,221624.502312,499868.0926835359,110812.25116100001,256696.795849176,300000.0,False,True
1365,4,0,1,NORMAL,0.019480941864579698,0.019233004781832666,0.019480941864579698,1.0,3300000000.0,6699999999.999996,64287108.153113,30482033.005861,571221.941078,89934652.800439,0.0,38543422.642947,38543422.626421,5.4e-05,221624.75595299999,499869.40484045213,110812.377982,256922.610317168,300000.0,False,True
1366,4,0,1,NORMAL,0.019498050207030302,0.019250104486684128,0.019498050207030302,1.0,3300000000.0,6699999999.999996,64343565.6832,30511153.963808,572147.399661,90012221.55291,0.0,38576666.394016,38576666.377479,5.4e-05,221625.00706899998,499870.7039479753,110812.50353999999,257148.43261245202,300000.0,False,True
1367,4,0,1,NORMAL,0.019515159142124545,0.019267204787035124,0.019515159142124545,1.0,3300000000.0,6699999999.999996,64400025.169011,30540280.532706,573073.670305,90089790.3924,0.0,38609910.182375,38609910.16583,5.4e-05,221625.25569,499871.99013581476,110812.62784900001,257374.26273279998,300000.0,False,True
1368,4,0,1,NORMAL,0.019532268669697577,0.019284305682690767,0.019532268669697577,1.0,3300000000.0,6699999999.999996,64456486.610002,30569412.713372,574000.753039,90167359.31804,0.0,38643154.007659,38643153.991104,5.4e-05,221625.50183800003,499873.26353239175,110812.750924,257600.100676044,300000.0,False,True
1369,4,0,1,NORMAL,0.019549378789587575,0.019301407173458303,0.019549378789587575,1.0,3300000000.0,6699999999.999996,64512950.005639,30598550.506625,574928.64789,90244928.328974,0.0,38676397.869501,38676397.852932,5.4e-05,221625.74553800002,499874.5242648524,110812.87277599999,257825.94644000803,300000.0,False,True
1370,4,0,1,NORMAL,0.019566489501634848,0.019318509259147115,0.019566489501634848,1.0,3300000000.0,6699999999.999996,64569415.355395,30627693.913287,575857.354887,90322497.424354,0.0,38709641.767534,38709641.750951,5.4e-05,221625.98681200002,499875.77245908027,110812.99341300002,258051.80002255598,300000.0,False,True
1371,4,0,1,NORMAL,0.019583600805681212,0.01933561193956867,0.019583600805681212,1.0,3300000000.0,6699999999.999996,64625882.658748,30656842.934183,576786.874057,90400066.603342,0.0,38742885.701397,38742885.684801,5.4e-05,221626.225689,499877.00823970896,110813.112851,258277.66142157998,300000.0,False,True
1372,4,0,1,NORMAL,0.019600712701570305,0.019352715214536517,0.019600712701570305,1.0,3300000000.0,6699999999.999996,64682351.915182,30685997.570138,577717.205429,90477635.86511,0.0,38776129.670736,38776129.654125,4.9e-05,221626.462189,499878.23173013417,110813.23110199998,258503.530634992,300000.0,False,True
1373,4,0,1,NORMAL,0.019617825189147273,0.019369819083866244,0.019617825189147273,1.0,3300000000.0,6699999999.999996,64738823.124186,30715157.821984,578648.349031,90555205.208826,0.0,38809373.675197,38809373.658572,4.9e-05,221626.69633999997,499879.4430525263,110813.34817700002,258729.407660728,300000.0,False,True
1374,4,0,1,NORMAL,0.01963493826825818,0.019386923547375402,0.01963493826825818,1.0,3300000000.0,6699999999.999996,64795296.285252,30744323.690553,579580.304891,90632774.633678,0.0,38842617.714431,38842617.697791,4.9e-05,221626.928157,499880.6423278426,110813.46408599999,258955.29249674402,300000.0,False,True
1375,4,0,1,NORMAL,0.019652051938752725,0.01940402860488362,0.019652051938752725,1.0,3300000000.0,6699999999.999996,64851771.397884,30773495.176679,580513.073037,90710344.13886,0.0,38875861.788095,38875861.771438,4.9e-05,221627.157675,499881.8296758389,110813.57884599997,259181.185141008,300000.0,False,True
1376,4,0,1,NORMAL,0.019669166200480908,0.019421134256212478,0.019669166200480908,1.0,3300000000.0,6699999999.999996,64908248.461587,30802672.281201,581446.653497,90787913.723573,0.0,38909105.895841,38909105.879171,4.9e-05,221627.384905,499883.0052150819,110813.69245900001,259407.085591536,300000.0,False,True
1377,4,0,1,NORMAL,0.019686281053294848,0.019438240501185533,0.019686281053294848,1.0,3300000000.0,6699999999.999996,64964727.475873,30831855.004958,582381.046299,90865483.387025,0.0,38942350.037336,38942350.020649,4.9e-05,221627.609877,499884.16906296066,110813.804947,259632.993846348,300000.0,False,True
1378,4,0,1,NORMAL,0.019703396497047877,0.019455347339628268,0.019703396497047877,1.0,3300000000.0,6699999999.999996,65021208.440258,30861043.348795,583316.251471,90943053.128435,0.0,38975594.212239,38975594.195537,4.9e-05,221627.83261100005,499885.3213356984,110813.916313,259858.909903492,300000.0,False,True
1379,4,0,1,NORMAL,0.019720512531596363,0.019472454771368147,0.019720512531596363,1.0,3300000000.0,6699999999.999996,65077691.354268,30890237.313553,584252.269041,91020622.94703,0.0,39008838.420221,39008838.403502,4.5e-05,221628.05312899998,499886.4621483639,110814.026573,260084.833761032,300000.0,False,True
1380,4,0,1,NORMAL,0.01973762915679697,0.01948956279623452,0.01973762915679697,1.0,3300000000.0,6699999999.999996,65134176.21743,30919436.900084,585189.099038,91098192.842038,0.0,39042082.660946,39042082.644216,4.5e-05,221628.27145499998,499887.59161488333,110814.13573300002,260310.765417072,300000.0,False,True
1381,4,0,1,NORMAL,0.01975474637250727,0.019506671414058572,0.01975474637250727,1.0,3300000000.0,6699999999.999996,65190663.029274,30948642.109236,586126.741489,91175762.812697,0.0,39075326.9341,39075326.917354,4.5e-05,221628.48761,499888.7098480512,110814.24381300001,260536.70486972,300000.0,False,True
1382,4,0,1,NORMAL,0.019771864178588484,0.019523780624673408,0.019771864178588484,1.0,3300000000.0,6699999999.999996,65247151.789342,30977852.941863,587065.196422,91253332.858259,0.0,39108571.23935,39108571.222594,4.5e-05,221628.701614,499889.8169595415,110814.35081199999,260762.65211709597,300000.0,False,True
1383,4,0,1,NORMAL,0.01978898257490212,0.019540890427913973,0.01978898257490212,1.0,3300000000.0,6699999999.999996,65303642.497177,31007069.398819,588004.463866,91330902.977978,0.0,39141815.576384,39141815.559613,4.5e-05,221628.91349099998,499890.9130599195,110814.45675299999,260988.607157368,300000.0,False,True
1384,4,0,1,NORMAL,0.019806101561311816,0.019558000823617062,0.019806101561311816,1.0,3300000000.0,6699999999.999996,65360135.152329,31036291.480961,588944.543848,91408473.171117,0.0,39175059.944881,39175059.928098,4.5e-05,221629.12325999996,499891.9982586517,110814.56163599998,261214.56998870795,300000.0,False,True
1385,4,0,1,NORMAL,0.01982322113768212,0.019575111811621262,0.01982322113768212,1.0,3300000000.0,6699999999.999996,65416629.754351,31065519.189148,589885.436396,91486043.436944,0.0,39208304.344531,39208304.327736,4.5e-05,221629.330942,499893.07266411773,110814.66547700002,261440.54060931597,300000.0,False,True
1386,4,0,1,NORMAL,0.019840341303879697,0.01959222339176697,0.019840341303879697,1.0,3300000000.0,6699999999.999996,65473126.302803,31094752.524243,590827.141538,91563613.774741,0.0,39241548.775025,39241548.758216,4.1e-05,221629.53655999998,499894.13638362044,110814.76828699998,261666.519017404,300000.0,False,True
1387,4,0,1,NORMAL,0.019857462059771517,0.019609335563896296,0.019857462059771517,1.0,3300000000.0,6699999999.999996,65529624.797246,31123991.48711,591769.659303,91641184.183782,0.0,39274793.236057,39274793.219233,4.1e-05,221629.740131,499895.1895233969,110814.870073,261892.505211212,300000.0,False,True
1388,4,0,1,NORMAL,0.019874583405228182,0.019626448327853194,0.019874583405228182,1.0,3300000000.0,6699999999.999996,65586125.237253,31153236.078617,592712.989718,91718754.663367,0.0,39308037.727319,39308037.710481,4.1e-05,221629.94168000002,499896.23218862875,110814.97084699999,262118.49918898405,300000.0,False,True
1389,4,0,1,NORMAL,0.01989170534012121,0.019643561683483392,0.01989170534012121,1.0,3300000000.0,6699999999.999996,65642627.6224,31182486.29963,593657.132811,91796325.212792,0.0,39341282.24851,39341282.23166,4.1e-05,221630.14122000002,499897.2644834532,110815.07061599998,262344.500949012,300000.0,False,True
1390,4,0,1,NORMAL,0.01990882786432182,0.01966067563063426,0.01990882786432182,1.0,3300000000.0,6699999999.999996,65699131.952262,31211742.151023,594602.088611,91873895.831362,0.0,39374526.799337,39374526.782473,4.1e-05,221630.33878,499898.2865109724,110815.16939699999,262570.5104896,300000.0,False,True
1391,4,0,1,NORMAL,0.019925950977704242,0.019677790169154906,0.019925950977704242,1.0,3300000000.0,6699999999.999996,65755638.226424,31241003.633669,595547.857145,91951466.51839,0.0,39407771.3795,39407771.362625,4.1e-05,221630.53437100002,499899.2983732647,110815.267191,262796.527809048,300000.0,False,True
1392,4,0,1,NORMAL,0.01994307468014424,0.019694905298896156,0.01994307468014424,1.0,3300000000.0,6699999999.999996,65812146.444476,31270270.748441,596494.438441,92029037.273194,0.0,39441015.988712,39441015.971825,4.1e-05,221630.72802,499900.3001713944,110815.364016,263022.55290569604,300000.0,False,True
1393,4,0,1,NORMAL,0.01996019897151788,0.019712021019710462,0.01996019897151788,1.0,3300000000.0,6699999999.999996,65868656.606009,31299543.49622,597441.832527,92106608.095105,0.0,39474260.626683,39474260.609783,3.7e-05,221630.919743,499901.29200542165,110815.45987800001,263248.58577790397,300000.0,False,True
1394,4,0,1,NORMAL,0.019977323851703335,0.019729137331451936,0.019977323851703335,1.0,3300000000.0,6699999999.999996,65925168.710621,31328821.877884,598390.039431,92184178.983445,0.0,39507505.293127,39507505.276213,3.7e-05,221631.10955400002,499902.2739744127,110815.55478399999,263474.626424036,300000.0,False,True
1395,4,0,1,NORMAL,0.019994449320580608,0.019746254233976367,0.019994449320580608,1.0,3300000000.0,6699999999.999996,65981682.757916,31358105.894316,599339.059181,92261749.93756,0.0,39540749.987762,39540749.970832,3.7e-05,221631.29748399998,499903.2461764494,110815.64875000001,263700.674842484,300000.0,False,True
1396,4,0,1,NORMAL,0.020011575378030607,0.019763371727141158,0.020011575378030607,1.0,3300000000.0,6699999999.999996,66038198.747501,31387395.546403,600288.891805,92339320.956797,0.0,39573994.710301,39573994.69336,3.7e-05,221631.48354100002,499904.2087086394,110815.741776,263926.731031664,300000.0,False,True
1397,4,0,1,NORMAL,0.02002870202393576,0.019780489810805327,0.02002870202393576,1.0,3300000000.0,6699999999.999996,66094716.678988,31416690.835028,601239.537331,92416892.040506,0.0,39607239.460473,39607239.443519,3.7e-05,221631.66774900001,499905.16166712553,110815.83388100001,264152.794990004,300000.0,False,True
1398,4,0,1,NORMAL,0.020045829258179697,0.019797608484829483,0.020045829258179697,1.0,3300000000.0,6699999999.999996,66151236.551993,31445991.761078,602190.995787,92494463.188044,0.0,39640484.238002,39640484.221034,3.7e-05,221631.85012000005,499906.10514709546,110815.92506699999,264378.866715952,300000.0,False,True
1399,4,0,1,NORMAL,0.020062957080647575,0.019814727749075816,0.020062957080647575,1.0,3300000000.0,6699999999.999996,66207758.366137,31475298.325449,603143.2672,92572034.39878,0.0,39673729.042614,39673729.025632,3.7e-05,221632.03068199998,499907.0392427911,110816.015348,264604.946207972,300000.0,False,True
1400,4,0,1,NORMAL,0.020080085491225454,0.019831847603408052,0.020080085491225454,1.0,3300000000.0,6699999999.999996,66264282.121044,31504610.529031,604096.351599,92649605.672087,0.0,39706973.87404,39706973.857045,3.4e-05,221632.209447,499907.96404751827,110816.10473,264831.033464548,300000.0,False,True
1401,4,0,1,NORMAL,0.020097214489801212,0.019848968047691484,0.020097214489801212,1.0,3300000000.0,6699999999.999996,66320807.816344,31533928.372717,605050.249011,92727177.007334,0.0,39740218.732018,39740218.715006,3.4e-05,221632.38643299998,499908.8796536554,110816.19322499998,265057.128484176,300000.0,False,True
1402,4,0,1,NORMAL,0.020114344076264546,0.01986608908179297,0.020114344076264546,1.0,3300000000.0,6699999999.999996,66377335.451673,31563251.857406,606004.959465,92804748.403913,0.0,39773463.616273,39773463.599253,3.4e-05,221632.56165999998,499909.78615266335,110816.280834,265283.23126537603,300000.0,False,True
1403,4,0,1,NORMAL,0.02013147425050485,0.019883210705580835,0.02013147425050485,1.0,3300000000.0,6699999999.999996,66433865.026666,31592580.983997,606960.482988,92882319.86121,0.0,39806708.526552,39806708.509522,3.4e-05,221632.73514199996,499910.6836350941,110816.367576,265509.341806692,300000.0,False,True
1404,4,0,1,NORMAL,0.020148605012413938,0.019900332918924908,0.020148605012413938,1.0,3300000000.0,6699999999.999996,66490396.540966,31621915.75339,607916.819609,92959891.378622,0.0,39839953.462599,39839953.445553,3.4e-05,221632.90690199996,499911.57219060004,110816.45345900001,265735.460106664,300000.0,False,True
1405,4,0,1,NORMAL,0.02016573636188485,0.019917455721696516,0.02016573636188485,1.0,3300000000.0,6699999999.999996,66546929.99422,31651256.166488,608873.969355,93037462.955551,0.0,39873198.424154,39873198.407091,3.4e-05,221633.07695099997,499912.45190794265,110816.53848400002,265961.586163864,300000.0,False,True
1406,4,0,1,NORMAL,0.02018286829881182,0.019934579113768475,0.02018286829881182,1.0,3300000000.0,6699999999.999996,66603465.386079,31680602.224195,609831.932254,93115034.591406,0.0,39906443.410961,39906443.393884,3.4e-05,221633.24531,499913.3228750014,110816.622662,266187.71997688,300000.0,False,True
1407,4,0,1,NORMAL,0.020200000823089696,0.019951703095015004,0.020200000823089696,1.0,3300000000.0,6699999999.999996,66660002.716196,31709953.927419,610790.708334,93192606.285602,0.0,39939688.422772,39939688.40568,3.1e-05,221633.41199299996,499914.18517878314,110816.706004,266413.861544316,300000.0,False,True
1408,4,0,1,NORMAL,0.020217133934615758,0.019968827665311828,0.020217133934615758,1.0,3300000000.0,6699999999.999996,66716541.984232,31739311.277067,611750.297622,93270178.037554,0.0,39972933.459338,39972933.442227,3.1e-05,221633.57701699997,499915.03890542925,110816.78851800002,266640.010864784,300000.0,False,True
1409,4,0,1,NORMAL,0.020234267633288183,0.01998595282453611,0.020234267633288183,1.0,3300000000.0,6699999999.999996,66773083.189851,31768674.274049,612710.700147,93347749.846691,0.0,40006178.520409,40006178.503283,3.1e-05,221633.74040100002,499915.8841402258,110816.870208,266866.167936928,300000.0,False,True
1410,4,0,1,NORMAL,0.020251401919005152,0.020003078572566373,0.020251401919005152,1.0,3300000000.0,6699999999.999996,66829626.332717,31798042.919279,613671.915936,93425321.712442,0.0,40039423.605745,40039423.588604,3.1e-05,221633.90215900002,499916.72096761136,110816.95108700001,267092.33275940403,300000.0,False,True
1411,4,0,1,NORMAL,0.020268536791666666,0.02002020490928252,0.020268536791666666,1.0,3300000000.0,6699999999.999996,66886171.4125,31827417.213672,614633.945018,93502893.634246,0.0,40072668.715102,40072668.697947,3.1e-05,221634.062308,499917.54947118514,110817.03116100002,267318.505330868,300000.0,False,True
1412,4,0,1,NORMAL,0.020285672251175453,0.020037331834565936,0.020285672251175453,1.0,3300000000.0,6699999999.999996,66942718.428879,31856797.158143,615596.78742,93580465.611546,0.0,40105913.848241,40105913.831073,3.1e-05,221634.220865,499918.36973371595,110817.110439,267544.68565,300000.0,False,True
1413,4,0,1,NORMAL,0.02030280829743303,0.020054459348299296,0.02030280829743303,1.0,3300000000.0,6699999999.999996,66999267.381529,31886182.753611,616560.44317,93658037.643789,0.0,40139159.004927,40139158.987747,3.1e-05,221634.37784600002,499919.18183714995,110817.18892900001,267770.873715516,300000.0,False,True
1414,4,0,1,NORMAL,0.020319944930344242,0.020071587450366715,0.020319944930344242,1.0,3300000000.0,6699999999.999996,67055818.270136,31915574.000993,617524.912296,93735609.730433,0.0,40172404.184923,40172404.167733,2.8e-05,221634.53326400003,499919.98586261895,110817.266637,267997.069526116,300000.0,False,True
1415,4,0,1,NORMAL,0.020337082149812426,0.020088716140653533,0.020337082149812426,1.0,3300000000.0,6699999999.999996,67112371.094381,31944970.901213,618490.194826,93813181.870927,0.0,40205649.388005,40205649.3708,2.8e-05,221634.68713700003,499920.7818904487,110817.343576,268223.273080544,300000.0,False,True
1416,4,0,1,NORMAL,0.020354219955745458,0.020105845419046562,0.020354219955745458,1.0,3300000000.0,6699999999.999996,67168925.85396,31974373.455194,619456.290787,93890754.064744,0.0,40238894.61393,40238894.596722,2.8e-05,221634.839481,499921.5700001666,110817.419742,268449.484377524,300000.0,False,True
1417,4,0,1,NORMAL,0.02037135834804879,0.020122975285433803,0.02037135834804879,1.0,3300000000.0,6699999999.999996,67225482.548561,32003781.66386,620423.200208,93968326.311347,0.0,40272139.862485,40272139.845265,2.8e-05,221634.99030399998,499922.3502705096,110817.495158,268675.70341584005,300000.0,False,True
1418,4,0,1,NORMAL,0.02038849732663091,0.020140105739704584,0.02038849732663091,1.0,3300000000.0,6699999999.999996,67282041.177882,32033195.52814,621390.923116,94045898.610214,0.0,40305385.13344,40305385.116206,2.8e-05,221635.13962999996,499923.1227794324,110817.569822,268901.930194244,300000.0,False,True
1419,4,0,1,NORMAL,0.02040563689140212,0.020157236781749587,0.02040563689140212,1.0,3300000000.0,6699999999.999996,67338601.741627,32062615.048959,622359.459539,94123470.960825,0.0,40338630.42657,40338630.409324,2.8e-05,221635.28747000004,499923.887604115,110817.643741,269128.164711528,300000.0,False,True
1420,4,0,1,NORMAL,0.020422777042272727,0.02017436841146076,0.020422777042272727,1.0,3300000000.0,6699999999.999996,67395164.2395,32092040.227249,623328.809505,94201043.362665,0.0,40371875.741656,40371875.724397,2.8e-05,221635.43383899998,499924.6448209702,110817.71692600002,269354.40696650796,300000.0,False,True
1421,4,0,1,NORMAL,0.02043991777915424,0.020191500628731308,0.02043991777915424,1.0,3300000000.0,6699999999.999996,67451728.671209,32121471.063945,624298.973041,94278615.815229,0.0,40405121.078478,40405121.061208,2.6e-05,221635.57875699995,499925.39450565143,110817.789384,269580.65695800004,300000.0,False,True
1422,4,0,1,NORMAL,0.02045705910195879,0.020208633433455664,0.02045705910195879,1.0,3300000000.0,6699999999.999996,67508295.036464,32150907.559979,625269.950176,94356188.318006,0.0,40438366.43682,40438366.419539,2.6e-05,221635.722227,499926.1367330605,110817.861119,269806.914684836,300000.0,False,True
1423,4,0,1,NORMAL,0.020474201010601517,0.02022576682552959,0.020474201010601517,1.0,3300000000.0,6699999999.999996,67564863.334985,32180349.716283,626241.740937,94433760.870499,0.0,40471611.81647,40471611.799175,2.6e-05,221635.86427200004,499926.8715773547,110817.93214299998,270033.18014585605,300000.0,False,True
1424,4,0,1,NORMAL,0.02049134350499424,0.02024290080484989,0.02049134350499424,1.0,3300000000.0,6699999999.999996,67621433.566481,32209797.533801,627214.345352,94511333.472211,0.0,40504857.217217,40504857.199907,2.6e-05,221636.00490300005,499927.5991119541,110818.00245900001,270259.45333994,300000.0,False,True
1425,4,0,1,NORMAL,0.020508486585055757,0.020260035371314784,0.020508486585055757,1.0,3300000000.0,6699999999.999996,67678005.730684,32239251.013465,628187.763449,94588906.122656,0.0,40538102.638848,40538102.621524,2.6e-05,221636.14413800003,499928.31940954935,110818.07207599998,270485.73426592397,300000.0,False,True
1426,4,0,1,NORMAL,0.02052563025070182,0.020277170524823626,0.02052563025070182,1.0,3300000000.0,6699999999.999996,67734579.827316,32268710.156221,629161.995256,94666478.82135,0.0,40571348.081152,40571348.06382,2.6e-05,221636.281988,499929.0325421085,110818.14099799999,270712.022922736,300000.0,False,True
1427,4,0,1,NORMAL,0.020542774501850304,0.02029430626527696,0.020542774501850304,1.0,3300000000.0,6699999999.999996,67791155.856106,32298174.963005,630137.0408,94744051.567808,0.0,40604593.543934,40604593.526586,2.6e-05,221636.418464,499929.73858088447,110818.20924,270938.319309264,300000.0,False,True
1428,4,0,1,NORMAL,0.02055991933841909,0.020311442592576456,0.02055991933841909,1.0,3300000000.0,6699999999.999996,67847733.816783,32327645.434767,631112.90011,94821624.36156,0.0,40637839.026982,40637839.009621,2.4e-05,221636.553583,499930.4375964217,110818.276798,271164.623424424,300000.0,False,True
1429,4,0,1,NORMAL,0.020577064760329392,0.020328579506625033,0.020577064760329392,1.0,3300000000.0,6699999999.999996,67904313.709087,32357121.572448,632089.573213,94899197.202131,0.0,40671084.530099,40671084.512721,2.4e-05,221636.687359,499931.1296585638,110818.34368800001,271390.935267132,300000.0,False,True
1430,4,0,1,NORMAL,0.020594210767501515,0.020345717007326743,0.020594210767501515,1.0,3300000000.0,6699999999.999996,67960895.532755,32386603.376998,633067.060137,94976770.08906,0.0,40704330.053079,40704330.035688,2.4e-05,221636.81980500004,499931.8148364602,110818.409909,271617.254836348,300000.0,False,True
1431,4,0,1,NORMAL,0.020611357359857578,0.020362855094586796,0.020611357359857578,1.0,3300000000.0,6699999999.999996,68017479.28753,32416090.849363,634045.360909,95054343.021882,0.0,40737575.595731,40737575.578323,2.4e-05,221636.95093100006,499932.49319857283,110818.475474,271843.58213102,300000.0,False,True
1432,4,0,1,NORMAL,0.020628504537319393,0.02037999376831148,0.020628504537319393,1.0,3300000000.0,6699999999.999996,68074064.973154,32445583.990495,635024.475558,95131916.000142,0.0,40770821.157855,40770821.140434,2.4e-05,221637.08075500006,499933.16481268324,110818.54038399999,272069.91715012,300000.0,False,True
1433,4,0,1,NORMAL,0.020645652299812422,0.020397133028408315,0.020645652299812422,1.0,3300000000.0,6699999999.999996,68130652.589381,32475082.801341,636004.404111,95209489.023388,0.0,40804066.73926,40804066.721823,2.4e-05,221637.209286,499933.8297458991,110818.60465100002,272296.25989261596,300000.0,False,True
1434,4,0,1,NORMAL,0.0206628006472597,0.020414272874785824,0.0206628006472597,1.0,3300000000.0,6699999999.999996,68187242.135957,32504587.282859,636985.146596,95287062.091172,0.0,40837312.339754,40837312.322301,2.4e-05,221637.33654,499934.48806466156,110818.66827800003,272522.610357524,300000.0,False,True
1435,4,0,1,NORMAL,0.020679949579588488,0.02043141330735374,0.020679949579588488,1.0,3300000000.0,6699999999.999996,68243833.612642,32534097.436002,637966.70304,95364635.203056,0.0,40870557.959143,40870557.941676,2.2e-05,221637.462528,499935.1398347508,110818.731271,272748.968543828,300000.0,False,True
1436,4,0,1,NORMAL,0.020697099096723938,0.020448554326022782,0.020697099096723938,1.0,3300000000.0,6699999999.999996,68300427.019189,32563613.261726,638949.073472,95442208.358594,0.0,40903803.59724,40903803.579762,2.2e-05,221637.587259,499935.78512129345,110818.79363500002,272975.334450568,300000.0,False,True
1437,4,0,1,NORMAL,0.020714249198594242,0.02046569593070481,0.020714249198594242,1.0,3300000000.0,6699999999.999996,68357022.355361,32593134.760988,639932.257919,95519781.557354,0.0,40937049.253863,40937049.236372,2.2e-05,221637.710753,499936.42398876866,110818.855383,273201.708076756,300000.0,False,True
1438,4,0,1,NORMAL,0.02073139988512788,0.02048283812131275,0.02073139988512788,1.0,3300000000.0,6699999999.999996,68413619.620922,32622661.934749,640916.256409,95597354.798908,0.0,40970294.928827,40970294.911321,2.2e-05,221637.833021,499937.056501015,110818.916518,273428.089421444,300000.0,False,True
1439,4,0,1,NORMAL,0.02074855115625364,0.02049998089776055,0.02074855115625364,1.0,3300000000.0,6699999999.999996,68470218.815637,32652194.783967,641901.06897,95674928.082827,0.0,41003540.621948,41003540.604428,2.2e-05,221637.954066,499937.68272123585,110818.97704000003,273654.478483688,300000.0,False,True
1440,4,0,1,NORMAL,0.020765703011901816,0.020517124259963215,0.020765703011901816,1.0,3300000000.0,6699999999.999996,68526819.939276,32681733.309606,642886.695629,95752501.408692,0.0,41036786.333046,41036786.315511,2.2e-05,221638.073911,499938.30271200684,110819.03696299998,273880.87526254804,300000.0,False,True
1441,4,0,1,NORMAL,0.020782855452004242,0.020534268207836832,0.020782855452004242,1.0,3300000000.0,6699999999.999996,68583422.991614,32711277.512628,643873.136414,95830074.776085,0.0,41070032.061942,41070032.044391,2.2e-05,221638.19256199995,499938.9165352816,110819.09628900002,274107.279757104,300000.0,False,True
1442,4,0,1,NORMAL,0.020800008476492726,0.020551412741298503,0.020800008476492726,1.0,3300000000.0,6699999999.999996,68640027.972426,32740827.393997,644860.391353,95907648.184596,0.0,41103277.808457,41103277.790894,2e-05,221638.31003599995,499939.5242523975,110819.15502400002,274333.691966456,300000.0,False,True
1443,4,0,1,NORMAL,0.02081716208529879,0.020568557860266266,0.02081716208529879,1.0,3300000000.0,6699999999.999996,68696634.881486,32770382.954683,645848.460474,95985221.63381,0.0,41136523.572418,41136523.554842,2e-05,221638.42633699998,499940.12592408265,110819.21317500003,274560.111889704,300000.0,False,True
1444,4,0,1,NORMAL,0.02083431627835788,0.020585703564659275,0.02083431627835788,1.0,3300000000.0,6699999999.999996,68753243.718581,32799944.195651,646837.343804,96062795.123327,0.0,41169769.353648,41169769.336061,2e-05,221638.541483,499940.721610461,110819.27074700003,274786.539525944,300000.0,False,True
1445,4,0,1,NORMAL,0.020851471055603938,0.020602849854397642,0.020851471055603938,1.0,3300000000.0,6699999999.999996,68809854.483493,32829511.11787,647827.041371,96140368.652743,0.0,41203015.151981,41203015.13438,2e-05,221638.65548400002,499941.3113710594,110819.32774899999,275012.97487432405,300000.0,False,True
1446,4,0,1,NORMAL,0.020868626416972725,0.020619996729402488,0.020868626416972725,1.0,3300000000.0,6699999999.999996,68866467.17601,32859083.72231,648817.553203,96217942.221663,0.0,41236260.967243,41236260.94963,2e-05,221638.76835199998,499941.89526481257,110819.38418200001,275239.417933972,300000.0,False,True
1447,4,0,1,NORMAL,0.0208857823624,0.020637144189595877,0.0208857823624,1.0,3300000000.0,6699999999.999996,68923081.79592,32888662.009944,649808.879328,96295515.829694,0.0,41269506.799264,41269506.781643,2e-05,221638.88009600004,499942.47335006937,110819.44005199999,275465.86870404,300000.0,False,True
1448,4,0,1,NORMAL,0.020902938891822122,0.020654292234900798,0.020902938891822122,1.0,3300000000.0,6699999999.999996,68979698.343013,32918245.981746,650801.019773,96373089.476444,0.0,41302752.647885,41302752.63025,2e-05,221638.990728,499943.04568459874,110819.49537100001,275692.32718368,300000.0,False,True
1449,4,0,1,NORMAL,0.02092009600517818,0.020671440865241277,0.02092009600517818,1.0,3300000000.0,6699999999.999996,69036316.817088,32947835.638689,651793.974566,96450663.161534,0.0,41335998.512933,41335998.495284,1.8e-05,221639.100258,499943.6123255954,110819.55013599999,275918.793372052,300000.0,False,True
1450,4,0,1,NORMAL,0.020937253702406667,0.020688590080542274,0.020937253702406667,1.0,3300000000.0,6699999999.999996,69092937.217942,32977430.981748,652787.743735,96528236.884576,0.0,41369244.394248,41369244.376584,1.8e-05,221639.20869900004,499944.17332968523,110819.60435700002,276145.267268352,300000.0,False,True
1451,4,0,1,NORMAL,0.020954411983447274,0.02070573988072969,0.020954411983447274,1.0,3300000000.0,6699999999.999996,69149559.545376,33007032.011902,653782.327307,96605810.645196,0.0,41402490.291667,41402490.273991,1.8e-05,221639.31606600003,499944.72875293146,110819.65803899999,276371.748871768,300000.0,False,True
1452,4,0,1,NORMAL,0.020971570848239092,0.0207228902657303,0.020971570848239092,1.0,3300000000.0,6699999999.999996,69206183.799189,33036638.73013,654777.72531,96683384.443018,0.0,41435736.205032,41435736.187341,1.8e-05,221639.422359,499945.27865083975,110819.71118700001,276598.238181504,300000.0,False,True
1453,4,0,1,NORMAL,0.02098873029672455,0.020740041235471865,0.02098873029672455,1.0,3300000000.0,6699999999.999996,69262809.979191,33066251.137411,655773.937772,96760958.277675,0.0,41468982.134182,41468982.116475,1.8e-05,221639.52759800002,499945.82307836413,110819.763807,276824.735196756,300000.0,False,True
1454,4,0,1,NORMAL,0.02100589032884485,0.020757192789883028,0.02100589032884485,1.0,3300000000.0,6699999999.999996,69319438.085188,33095869.234726,656770.96472,96838532.148798,0.0,41502228.07896,41502228.06124,1.8e-05,221639.63178899998,499946.36208991223,110819.815901,277051.239916764,300000.0,False,True
1455,4,0,1,NORMAL,0.021023050944542425,0.02077434492889331,0.021023050944542425,1.0,3300000000.0,6699999999.999996,69376068.11699,33125493.023056,657768.806183,96916106.056023,0.0,41535474.039215,41535474.021478,1.8e-05,221639.734943,499946.8957393509,110819.86748,277277.752340752,300000.0,False,True
1456,4,0,1,NORMAL,0.021040212143761214,0.020791497652433173,0.021040212143761214,1.0,3300000000.0,6699999999.999996,69432700.074412,33155122.503387,658767.462188,96993679.998996,0.0,41568720.014786,41568719.997034,1.7e-05,221639.837071,499947.42408001114,110819.91854300002,277504.27246796,300000.0,False,True
1457,4,0,1,NORMAL,0.021057373926444547,0.020808650960433907,0.021057373926444547,1.0,3300000000.0,6699999999.999996,69489333.957267,33184757.676702,659766.932762,97071253.977355,0.0,41601966.005528,41601965.987757,1.7e-05,221639.938183,499947.947164694,110819.96910100001,277730.800297648,300000.0,False,True
1458,4,0,1,NORMAL,0.021074536292538786,0.020825804852827774,0.021074536292538786,1.0,3300000000.0,6699999999.999996,69545969.765378,33214398.543988,660767.217933,97148827.990754,0.0,41635212.01128,41635211.993498,1.7e-05,221640.03829100003,499948.46504567575,110820.019151,277957.33582906803,300000.0,False,True
1459,4,0,1,NORMAL,0.02109169924198879,0.02084295932954784,0.02109169924198879,1.0,3300000000.0,6699999999.999996,69602607.498563,33244045.106233,661768.317729,97226402.038842,0.0,41668458.031899,41668458.014103,1.7e-05,221640.13739999995,499948.97777471243,110820.06870700001,278183.879061512,300000.0,False,True
1460,4,0,1,NORMAL,0.021108862774740608,0.020860114390528022,0.021108862774740608,1.0,3300000000.0,6699999999.999996,69659247.156644,33273697.364426,662770.232178,97303976.121274,0.0,41701704.067236,41701704.049427,1.7e-05,221640.23552500003,499949.4854030461,110820.117769,278410.42999425204,300000.0,False,True
1461,4,0,1,NORMAL,0.021126026890741213,0.02087727003570307,0.021126026890741213,1.0,3300000000.0,6699999999.999996,69715888.739446,33303355.319556,663772.961307,97381550.237706,0.0,41734950.117146,41734950.099325,1.7e-05,221640.33267200002,499949.987981409,110820.16634199998,278636.988626576,300000.0,False,True
1462,4,0,1,NORMAL,0.021143191589938787,0.020894426265008603,0.021143191589938787,1.0,3300000000.0,6699999999.999996,69772532.246798,33333018.972614,664776.505144,97459124.387802,0.0,41768196.181486,41768196.163648,1.7e-05,221640.428855,499950.48556002893,110820.21443600002,278863.554957784,300000.0,False,True
1463,4,0,1,NORMAL,0.021160356872281814,0.02091158307838107,0.021160356872281814,1.0,3300000000.0,6699999999.999996,69829177.67853,33362688.324593,665780.863717,97536698.571229,0.0,41801442.260107,41801442.242257,1.6e-05,221640.524082,499950.9781886347,110820.26204700003,279090.128987192,300000.0,False,True
1464,4,0,1,NORMAL,0.021177522737719695,0.020928740475757757,0.021177522737719695,1.0,3300000000.0,6699999999.999996,69885825.034475,33392363.376485,666786.037054,97614272.787651,0.0,41834688.35287,41834688.335008,1.6e-05,221640.61835800007,499951.4659164602,110820.30918499999,279316.71071411995,300000.0,False,True
1465,4,0,1,NORMAL,0.021194689186202424,0.02094589845707677,0.021194689186202424,1.0,3300000000.0,6699999999.999996,69942474.314468,33422044.129285,667792.025182,97691847.036742,0.0,41867934.459636,41867934.441759,1.6e-05,221640.71169900004,499951.94879225024,110820.35585699999,279543.3001379,300000.0,False,True
1466,4,0,1,NORMAL,0.021211856217680604,0.02096305702227702,0.021211856217680604,1.0,3300000000.0,6699999999.999996,69999125.518346,33451730.58399,668798.828128,97769421.318178,0.0,41901180.580259,41901180.562374,1.6e-05,221640.80411,499952.4268642648,110820.402059,279769.897257872,300000.0,False,True
1467,4,0,1,NORMAL,0.021229023832104846,0.020980216171298173,0.021229023832104846,1.0,3300000000.0,6699999999.999996,70055778.645946,33481422.741595,669806.445921,97846995.631635,0.0,41934426.714609,41934426.696713,1.6e-05,221640.895603,499952.9001802841,110820.447807,279996.502073384,300000.0,False,True
1468,4,0,1,NORMAL,0.021246192029427576,0.02099737590408072,0.021246192029427576,1.0,3300000000.0,6699999999.999996,70112433.697111,33511120.6031,670814.878588,97924569.976796,0.0,41967672.862547,41967672.844636,1.6e-05,221640.98618299997,499953.3687876131,110820.49309899998,280223.114583784,300000.0,False,True
1469,4,0,1,NORMAL,0.021263360809601513,0.021014536220565934,0.021263360809601513,1.0,3300000000.0,6699999999.999996,70169090.671685,33540824.169504,671824.126156,98002144.353345,0.0,42000919.023937,42000919.006012,1.6e-05,221641.07586399998,499953.8327330866,110820.53793900002,280449.734788444,300000.0,False,True
1470,4,0,1,NORMAL,0.02128053017258061,0.021031697120695914,0.02128053017258061,1.0,3300000000.0,6699999999.999996,70225749.569516,33570533.441807,672834.188654,98079718.760972,0.0,42034165.198645,42034165.180705,1.5e-05,221641.16465299999,499954.2920630739,110820.58233400002,280676.36268674,300000.0,False,True
1471,4,0,1,NORMAL,0.02129770011831818,0.02104885860441348,0.02129770011831818,1.0,3300000000.0,6699999999.999996,70282410.39045,33600248.421009,673845.066109,98157293.199364,0.0,42067411.386536,42067411.368586,1.5e-05,221641.25255599996,499954.7468234829,110820.62628299999,280902.998278064,300000.0,False,True
1472,4,0,1,NORMAL,0.021314870646768787,0.021066020671662213,0.021314870646768787,1.0,3300000000.0,6699999999.999996,70339073.134337,33629969.108115,674856.758549,98234867.668217,0.0,42100657.587484,42100657.569521,1.5e-05,221641.33958899998,499955.19705976517,110820.669801,281129.64156180003,300000.0,False,True
1473,4,0,1,NORMAL,0.021332041757887877,0.02108318332238645,0.021332041757887877,1.0,3300000000.0,6699999999.999996,70395737.80103,33659695.504127,675869.266001,98312442.167227,0.0,42133903.801357,42133903.783381,1.5e-05,221641.42575300002,499955.64281692053,110820.712883,281356.292537348,300000.0,False,True
1474,4,0,1,NORMAL,0.021349213451631818,0.021100346556531313,0.021349213451631818,1.0,3300000000.0,6699999999.999996,70452404.390385,33689427.61005,676882.588493,98390016.696095,0.0,42167150.028027,42167150.010036,1.5e-05,221641.511061,499956.08413950104,110820.75553799998,281582.95120412,300000.0,False,True
1475,4,0,1,NORMAL,0.021366385727955756,0.021117510374042567,0.021366385727955756,1.0,3300000000.0,6699999999.999996,70509072.902254,33719165.426892,677896.726053,98467591.254523,0.0,42200396.267367,42200396.249359,1.5e-05,221641.595519,499956.521071616,110820.79776799999,281809.61756154004,300000.0,False,True
1476,4,0,1,NORMAL,0.02138355858681909,0.02113467477486686,0.02138355858681909,1.0,3300000000.0,6699999999.999996,70565743.336503,33748908.955657,678911.678708,98545165.842219,0.0,42233642.519244,42233642.501227,1.5e-05,221641.67913699997,499956.9536569363,110820.839573,282036.291609016,300000.0,False,True
1477,4,0,1,NORMAL,0.02140073202817697,0.021151839758951387,0.02140073202817697,1.0,3300000000.0,6699999999.999996,70622415.692984,33778658.197357,679927.446486,98622740.45889,0.0,42266888.783544,42266888.765512,1.4e-05,221641.76192500003,499957.38193869794,110820.88097000001,282262.973346012,300000.0,False,True
1478,4,0,1,NORMAL,0.021417906051990003,0.021169005326244203,0.021417906051990003,1.0,3300000000.0,6699999999.999996,70679089.971567,33808413.152997,680944.029415,98700315.104248,0.0,42300135.060135,42300135.042093,1.4e-05,221641.84388799997,499957.8059597079,110820.92194899998,282489.662771936,300000.0,False,True
1479,4,0,1,NORMAL,0.021435080658216362,0.02118617147669402,0.021435080658216362,1.0,3300000000.0,6699999999.999996,70735766.172114,33838173.823589,681961.427522,98777889.778008,0.0,42333381.3489,42333381.330846,1.4e-05,221641.92503800002,499958.2257623468,110820.96252499998,282716.35988626804,300000.0,False,True
1480,4,0,1,NORMAL,0.021452255846814847,0.021203338210250205,0.021452255846814847,1.0,3300000000.0,6699999999.999996,70792444.294489,33867940.210146,682979.640835,98855464.479886,0.0,42366627.64972,42366627.631649,1.4e-05,221642.00537900004,499958.6413885742,110821.00269799998,282943.064688456,300000.0,False,True
1481,4,0,1,NORMAL,0.021469431617747274,0.02122050552686292,0.021469431617747274,1.0,3300000000.0,6699999999.999996,70849124.338566,33897712.313677,683998.669381,98933039.209605,0.0,42399873.962467,42399873.944384,1.4e-05,221642.08492000002,499959.0528799322,110821.04246600001,283169.777177956,300000.0,False,True
1482,4,0,1,NORMAL,0.021486607970973334,0.021237673426482948,0.021486607970973334,1.0,3300000000.0,6699999999.999996,70905806.304212,33927490.135197,685018.513189,99010613.966886,0.0,42433120.287026,42433120.268931,1.4e-05,221642.163668,499959.4602775501,110821.08184,283396.497354264,300000.0,False,True
1483,4,0,1,NORMAL,0.021503784906454243,0.021254841909061743,0.021503784906454243,1.0,3300000000.0,6699999999.999996,70962490.191299,33957273.675722,686039.172286,99088188.751455,0.0,42466366.623279,42466366.605173,1.4e-05,221642.24163299997,499959.8636221481,110821.12082200001,283623.225216848,300000.0,False,True
1484,4,0,1,NORMAL,0.021520962424151815,0.021272010974551427,0.021520962424151815,1.0,3300000000.0,6699999999.999996,71019175.999701,33987062.936264,687060.646699,99165763.56304,0.0,42499612.971115,42499612.952994,1.3e-05,221642.31882500002,499960.2629540413,110821.15941999998,283849.960765196,300000.0,False,True
1485,4,0,1,NORMAL,0.021538140524029997,0.021289180622904885,0.021538140524029997,1.0,3300000000.0,6699999999.999996,71075863.729299,34016857.917841,688082.936456,99243338.401374,0.0,42532859.330412,42532859.312278,1.3e-05,221642.395249,499960.65831314435,110821.19763099999,284076.703998804,300000.0,False,True
1486,4,0,1,NORMAL,0.021555319206050305,0.02130635085407556,0.021555319206050305,1.0,3300000000.0,6699999999.999996,71132553.379966,34046658.62147,689106.041585,99320913.266188,0.0,42566105.701062,42566105.68291,1.3e-05,221642.47091,499961.04973897454,110821.235464,284303.454917196,300000.0,False,True
1487,4,0,1,NORMAL,0.02157249847017788,0.021323521668017643,0.02157249847017788,1.0,3300000000.0,6699999999.999996,71189244.951587,34076465.048169,690129.962113,99398488.157223,0.0,42599352.082941,42599352.064781,1.3e-05,221642.54582000003,499961.4372706563,110821.27291399999,284530.213519864,300000.0,False,True
1488,4,0,1,NORMAL,0.021589678316375756,0.02134069306468591,0.021589678316375756,1.0,3300000000.0,6699999999.999996,71245938.44404,34106277.198958,691154.698068,99476063.074214,0.0,42632598.475948,42632598.457776,1.3e-05,221642.619984,499961.8209469254,110821.30999800001,284756.97980634804,300000.0,False,True
1489,4,0,1,NORMAL,0.02160685874460939,0.021357865044035813,0.02160685874460939,1.0,3300000000.0,6699999999.999996,71302633.857211,34136095.074857,692180.249478,99553638.016905,0.0,42665844.879971,42665844.861783,1.3e-05,221642.693412,499962.2008061319,110821.34671400001,284983.75377616,300000.0,False,True
1490,4,0,1,NORMAL,0.02162403975484333,0.021375037606023398,0.02162403975484333,1.0,3300000000.0,6699999999.999996,71359331.190983,34165918.676889,693206.61637,99631212.985041,0.0,42699091.294896,42699091.276696,1.3e-05,221642.76611000003,499962.5768862447,110821.38306099999,285210.535428844,300000.0,False,True
1491,4,0,1,NORMAL,0.021641221347044243,0.02139221075060539,0.021641221347044243,1.0,3300000000.0,6699999999.999996,71416030.445246,34195748.006074,694233.798772,99708787.978368,0.0,42732337.720617,42732337.702406,1.2e-05,221642.83808300004,499962.94922485534,110821.41904700002,285437.324763932,300000.0,False,True
1492,4,0,1,NORMAL,0.021658403521177573,0.02140938447773908,0.021658403521177573,1.0,3300000000.0,6699999999.999996,71472731.619886,34225583.063435,695261.796711,99786362.996632,0.0,42765584.157029,42765584.138805,1.2e-05,221642.909339,499963.31785918114,110821.454676,285664.121780984,300000.0,False,True
1493,4,0,1,NORMAL,0.021675586277211212,0.021426558787382446,0.021675586277211212,1.0,3300000000.0,6699999999.999996,71529434.714797,34255423.849997,696290.610215,99863938.039589,0.0,42798830.604022,42798830.585784,1.2e-05,221642.97988600002,499963.6828260696,110821.48995,285890.92647954397,300000.0,False,True
1494,4,0,1,NORMAL,0.021692769615112427,0.021443733679494058,0.021692769615112427,1.0,3300000000.0,6699999999.999996,71586139.729871,34285270.366785,697320.239312,99941513.106993,0.0,42832077.06149,42832077.04324,1.2e-05,221643.04973199998,499964.04416200187,110821.52487200001,286117.73885918804,300000.0,False,True
1495,4,0,1,NORMAL,0.02170995353484879,0.021460909154033075,0.02170995353484879,1.0,3300000000.0,6699999999.999996,71642846.665001,34315122.614824,698350.684029,100019088.198599,0.0,42865323.529333,42865323.511069,1.2e-05,221643.11888400002,499964.40190309606,110821.55944900001,286344.558919484,300000.0,False,True
1496,4,0,1,NORMAL,0.02172713803638818,0.02147808521095921,0.02172713803638818,1.0,3300000000.0,6699999999.999996,71699555.520081,34344980.595143,699381.944394,100096663.314167,0.0,42898570.007447,42898569.989167,1.2e-05,221643.18734800004,499964.7560851111,110821.59368199999,286571.38666000403,300000.0,False,True
1497,4,0,1,NORMAL,0.0217443231197,0.02149526185023281,0.0217443231197,1.0,3300000000.0,6699999999.999996,71756266.29501,34374844.308769,700414.020435,100174238.453459,0.0,42931816.495726,42931816.477433,1.2e-05,221643.25512900003,499965.10674345074,110821.627571,286798.222080324,300000.0,False,True
1498,4,0,1,NORMAL,0.02176150878475455,0.02151243907181486,0.02176150878475455,1.0,3300000000.0,6699999999.999996,71812978.98969,34404713.756728,701446.912179,100251813.61624,0.0,42965062.994073,42965062.975764,1.1e-05,221643.32223799996,499965.45391316595,110821.661127,287025.06518004,300000.0,False,True
1499,4,0,1,NORMAL,0.021778695031520908,0.021529616875666863,0.021778695031520908,1.0,3300000000.0,6699999999.999996,71869693.604019,34434588.940052,702480.619654,100329388.802274,0.0,42998309.502386,42998309.484062,1.1e-05,221643.388679,499965.79762895993,110821.69434699998,287251.91595876,300000.0,False,True
1500,4,0,1,NORMAL,0.021795881859970306,0.021546795261750955,0.021795881859970306,1.0,3300000000.0,6699999999.999996,71926410.137902,34464469.859772,703515.142887,100406964.011332,0.0,43031556.020563,43031556.002228,1.1e-05,221643.454459,499966.13792519015,110821.727235,287478.774416076,300000.0,False,True
1501,4,0,1,NORMAL,0.021813069270072122,0.02156397423002974,0.021813069270072122,1.0,3300000000.0,6699999999.999996,71983128.591238,34494356.516921,704550.481906,100484539.243183,0.0,43064802.54851,43064802.530162,1.1e-05,221643.51958300002,499966.47483587253,110821.759798,287705.64055160806,300000.0,False,True
1502,4,0,1,NORMAL,0.02183025726179879,0.021581153780466454,0.02183025726179879,1.0,3300000000.0,6699999999.999996,72039848.963936,34524248.912528,705586.636739,100562114.4976,0.0,43098049.086129,43098049.067768,1.1e-05,221643.584059,499966.8083946851,110821.792036,287932.51436495205,300000.0,False,True
1503,4,0,1,NORMAL,0.021847445835122426,0.021598333913024906,0.021847445835122426,1.0,3300000000.0,6699999999.999996,72096571.255904,34554147.047626,706623.607413,100639689.774359,0.0,43131295.633324,43131295.614949,1.1e-05,221643.64789400002,499967.1386349704,110821.82395399999,288159.395855744,300000.0,False,True
1504,4,0,1,NORMAL,0.02186463499001515,0.02161551462766944,0.02186463499001515,1.0,3300000000.0,6699999999.999996,72153295.46705,34584050.92325,707661.393956,100717265.073239,0.0,43164542.189999,43164542.17161,1.1e-05,221643.711096,499967.4655897397,110821.85555500002,288386.28502361604,300000.0,False,True
1505,4,0,1,NORMAL,0.021881824726450304,0.02163269592436498,0.021881824726450304,1.0,3300000000.0,6699999999.999996,72210021.597286,34613960.540435,708699.996395,100794840.394021,0.0,43197788.756057,43197788.737657,1e-05,221643.77366699997,499967.78929167596,110821.88683899998,288613.1818682,300000.0,False,True
1506,4,0,1,NORMAL,0.021899015044400304,0.02164987780307694,0.021899015044400304,1.0,3300000000.0,6699999999.999996,72266749.646521,34643875.900218,709739.414758,100872415.736483,0.0,43231035.331409,43231035.312996,1e-05,221643.83561499996,499968.1097731371,110821.91781400001,288840.086389144,300000.0,False,True
1507,4,0,1,NORMAL,0.021916205943838786,0.021667060263771253,0.021916205943838786,1.0,3300000000.0,6699999999.999996,72323479.614668,34673797.003634,710779.649073,100949991.100411,0.0,43264281.915963,43264281.897535,1e-05,221643.896949,499968.42706615914,110821.94848200002,289066.998586084,300000.0,False,True
1508,4,0,1,NORMAL,0.02193339742474121,0.021684243306414476,0.02193339742474121,1.0,3300000000.0,6699999999.999996,72380211.501646,34703723.85172,711820.699367,101027566.485593,0.0,43297528.509621,43297528.491184,1e-05,221643.957671,499968.7412024596,110821.97884000001,289293.918458672,300000.0,False,True
1509,4,0,1,NORMAL,0.02195058948708091,0.0217014269309736,0.02195058948708091,1.0,3300000000.0,6699999999.999996,72436945.307367,34733656.445517,712862.565668,101105141.891816,0.0,43330775.112303,43330775.093847,1e-05,221644.017791,499969.0522134406,110822.00890500002,289520.846006584,300000.0,False,True
1510,4,0,1,NORMAL,0.021967782130834546,0.021718611137416244,0.021967782130834546,1.0,3300000000.0,6699999999.999996,72493681.031754,34763594.786061,713905.248003,101182717.318873,0.0,43364021.723906,43364021.705441,1e-05,221644.07731099997,499969.36013019166,110822.03865999999,289747.781229468,300000.0,False,True
1511,4,0,1,NORMAL,0.02198497535597606,0.021735795925710424,0.02198497535597606,1.0,3300000000.0,6699999999.999996,72550418.674721,34793538.874393,714948.7464,101260292.766553,0.0,43397268.344351,43397268.325873,1e-05,221644.13623700003,499969.6649834937,110822.06812499999,289974.72412701603,300000.0,False,True
1512,4,0,1,NORMAL,0.022002169162482727,0.021752981295824765,0.022002169162482727,1.0,3300000000.0,6699999999.999996,72607158.236193,34823488.711553,715993.060887,101337868.234655,0.0,43430514.973545,43430514.955057,9e-06,221644.19458,499969.9668038207,110822.097295,290201.674698884,300000.0,False,True
1513,4,0,1,NORMAL,0.02201936355032879,0.02177016724772825,0.02201936355032879,1.0,3300000000.0,6699999999.999996,72663899.716085,34853444.298586,717038.191491,101415443.72297,0.0,43463761.611407,43463761.592904,9e-06,221644.25233900003,499970.26562134444,110822.126177,290428.632944772,300000.0,False,True
1514,4,0,1,NORMAL,0.02203655851949303,0.021787353781390496,0.02203655851949303,1.0,3300000000.0,6699999999.999996,72720643.114327,34883405.63653,718084.13824,101493019.2313,0.0,43497008.257848,43497008.23933,9e-06,221644.30952700006,499970.56146593596,110822.154771,290655.59886434,300000.0,False,True
1515,4,0,1,NORMAL,0.02205375406995212,0.02180454089678157,0.02205375406995212,1.0,3300000000.0,6699999999.999996,72777388.430842,34913372.726432,719130.901161,101570594.759448,0.0,43530254.912779,43530254.894248,9e-06,221644.36614500004,499970.85436716944,110822.18307899998,290882.572457308,300000.0,False,True
1516,4,0,1,NORMAL,0.022070950201684543,0.021821728593872085,0.022070950201684543,1.0,3300000000.0,6699999999.999996,72834135.665559,34943345.569333,720178.480282,101648170.307215,0.0,43563501.576119,43563501.557575,9e-06,221644.422201,499971.1443543251,110822.211107,291109.553723368,300000.0,False,True
1517,4,0,1,NORMAL,0.022088146914667577,0.021838916872633084,0.022088146914667577,1.0,3300000000.0,6699999999.999996,72890884.818403,34973324.166277,721226.87563,101725745.874404,0.0,43596748.247786,43596748.229226,9e-06,221644.47769600005,499971.43145639164,110822.23885599998,291336.54266223597,300000.0,False,True
1518,4,0,1,NORMAL,0.022105344208879697,0.02185610573303609,0.022105344208879697,1.0,3300000000.0,6699999999.999996,72947635.889303,35003308.518312,722276.087234,101803321.460824,0.0,43629994.927695,43629994.909119,9e-06,221644.53264200003,499971.7157020699,110822.266329,291563.539273612,300000.0,False,True
1519,4,0,1,NORMAL,0.022122542084300603,0.021873295175053157,0.022122542084300603,1.0,3300000000.0,6699999999.999996,73004388.878192,35033298.626483,723326.11512,101880897.066285,0.0,43663241.615761,43663241.597171,8e-06,221644.587038,499971.99711977463,110822.29352599998,291790.543557212,300000.0,False,True
1520,4,0,1,NORMAL,0.022139740540908486,0.021890485198656728,0.022139740540908486,1.0,3300000000.0,6699999999.999996,73061143.784998,35063294.491839,724376.959317,101958472.690594,0.0,43696488.311909,43696488.293302,8e-06,221644.64089699998,499972.2757376386,110822.32045700002,292017.555512768,300000.0,False,True
1521,4,0,1,NORMAL,0.022156939578684243,0.021907675803819793,0.022156939578684243,1.0,3300000000.0,6699999999.999996,73117900.609658,35093296.115427,725428.619852,102036048.333569,0.0,43729735.016048,43729734.997431,8e-06,221644.69421799996,499972.55158351443,110822.347114,292244.575139992,300000.0,False,True
1522,4,0,1,NORMAL,0.022174139197606666,0.021924866990515723,0.022174139197606666,1.0,3300000000.0,6699999999.999996,73174659.352102,35123303.498296,726481.096752,102113623.995018,0.0,43762981.72811,43762981.70948,8e-06,221644.74700900004,499972.8246849777,110822.373511,292471.602438632,300000.0,False,True
1523,4,0,1,NORMAL,0.022191339397657578,0.021942058758718425,0.022191339397657578,1.0,3300000000.0,6699999999.999996,73231420.01227,35153316.641493,727534.390045,102191199.674761,0.0,43796228.44801,43796228.429368,8e-06,221644.79927400002,499973.09506932995,110822.399643,292698.637408408,300000.0,False,True
1524,4,0,1,NORMAL,0.022208540178816363,0.021959251108402165,0.022208540178816363,1.0,3300000000.0,6699999999.999996,73288182.590094,35183335.546071,728588.499759,102268775.372614,0.0,43829475.175674,43829475.157017,8e-06,221644.851019,499973.362763601,110822.42551700001,292925.68004908,300000.0,False,True
1525,4,0,1,NORMAL,0.022225741541066366,0.02197644403954179,0.022225741541066366,1.0,3300000000.0,6699999999.999996,73344947.085519,35213360.213079,729643.425921,102346351.088399,0.0,43862721.91102,43862721.892351,8e-06,221644.90224999998,499973.627794552,110822.45113100001,293152.730360376,300000.0,False,True
1526,4,0,1,NORMAL,0.022242943484388183,0.021993637552112526,0.022242943484388183,1.0,3300000000.0,6699999999.999996,73401713.498481,35243390.643569,730699.168559,102423926.821938,0.0,43895968.653972,43895968.635294,7e-06,221644.952971,499973.8901886778,110822.47649,293379.788342076,300000.0,False,True
1527,4,0,1,NORMAL,0.022260146008762725,0.022010831646089957,0.022260146008762725,1.0,3300000000.0,6699999999.999996,73458481.828917,35273426.838593,731755.7277,102501502.573048,0.0,43929215.404464,43929215.385767,7e-06,221645.003185,499974.14997220977,110822.501602,293606.85399392404,300000.0,False,True
1528,4,0,1,NORMAL,0.022277349114174543,0.022028026321450254,0.022277349114174543,1.0,3300000000.0,6699999999.999996,73515252.076776,35303468.799203,732813.103372,102579078.341561,0.0,43962462.162411,43962462.143698,7e-06,221645.05290399998,499974.4071711183,110822.52646000001,293833.92731566797,300000.0,False,True
1529,4,0,1,NORMAL,0.022294552800605154,0.022045221578169925,0.022294552800605154,1.0,3300000000.0,6699999999.999996,73572024.241997,35333516.526454,733871.295603,102656654.127301,0.0,43995708.927738,43995708.909014,7e-06,221645.10212300002,499974.6618111156,110822.551067,294061.008307104,300000.0,False,True
1530,4,0,1,NORMAL,0.022311757068037577,0.022062417416225905,0.022311757068037577,1.0,3300000000.0,6699999999.999996,73628798.324524,35363570.021402,734930.30442,102734229.930097,0.0,44028955.700378,44028955.681639,7e-06,221645.15085700003,499974.9139176581,110822.575436,294288.096967988,300000.0,False,True
1531,4,0,1,NORMAL,0.02232896191645606,0.022079613835595594,0.02232896191645606,1.0,3300000000.0,6699999999.999996,73685574.324305,35393629.285099,735990.12985,102811805.74978,0.0,44062202.480254,44062202.461503,7e-06,221645.19910600001,499975.16351594916,110822.599559,294515.193298096,300000.0,False,True
1532,4,0,1,NORMAL,0.022346167345843635,0.02209681083625676,0.022346167345843635,1.0,3300000000.0,6699999999.999996,73742352.241284,35423694.318605,737050.771922,102889381.586182,0.0,44095449.267295,44095449.24853,7e-06,221645.246872,499975.41063094104,110822.623443,294742.29729722,300000.0,False,True
1533,4,0,1,NORMAL,0.02236337335618424,0.022114008418187565,0.02236337335618424,1.0,3300000000.0,6699999999.999996,73799132.075408,35453765.122975,738112.230662,102966957.439135,0.0,44128696.061433,44128696.042651,6e-06,221645.29416299998,499975.6552873384,110822.64709,294969.408965136,300000.0,False,True
1534,4,0,1,NORMAL,0.02238057994746424,0.022131206581366705,0.02238057994746424,1.0,3300000000.0,6699999999.999996,73855913.826632,35483841.699265,739174.506099,103044533.308478,0.0,44161942.862588,44161942.843796,6e-06,221645.34098600002,499975.8975095999,110822.670498,295196.528301632,300000.0,False,True
1535,4,0,1,NORMAL,0.02239778711966727,0.022148405325773196,0.02239778711966727,1.0,3300000000.0,6699999999.999996,73912697.494902,35513924.048534,740237.59826,103122109.194045,0.0,44195189.670697,44195189.651893,6e-06,221645.38734000004,499976.13732194074,110822.693676,295423.655306528,300000.0,False,True
1536,4,0,1,NORMAL,0.02241499487277818,0.022165604651386422,0.02241499487277818,1.0,3300000000.0,6699999999.999996,73969483.080168,35544012.171839,741301.507172,103199685.095672,0.0,44228436.485696,44228436.466874,6e-06,221645.433234,499976.37474833557,110822.71662599998,295650.78997960803,300000.0,False,True
1537,4,0,1,NORMAL,0.02243220320678394,0.02218280455818626,0.02243220320678394,1.0,3300000000.0,6699999999.999996,74026270.582387,35574106.070241,742366.232864,103277261.013205,0.0,44261683.307507,44261683.28867,6e-06,221645.478673,499976.6098125205,110822.739344,295877.932320672,300000.0,False,True
1538,4,0,1,NORMAL,0.022449412121669392,0.022200005046152917,0.022449412121669392,1.0,3300000000.0,6699999999.999996,74083060.001509,35604205.744802,743431.775362,103354836.946484,0.0,44294930.136062,44294930.117217,6e-06,221645.52365999998,499976.8425379953,110822.76183399999,296105.082329548,300000.0,False,True
1539,4,0,1,NORMAL,0.022466621617420603,0.022217206115266962,0.022466621617420603,1.0,3300000000.0,6699999999.999996,74139851.337488,35634311.19658,744498.134695,103432412.895349,0.0,44328176.971303,44328176.952443,6e-06,221645.568197,499977.0729480266,110822.78410599998,296332.240006036,300000.0,False,True
1540,4,0,1,NORMAL,0.022483831694024847,0.02223440776550941,0.022483831694024847,1.0,3300000000.0,6699999999.999996,74196644.590282,35664422.426637,745565.310889,103509988.859649,0.0,44361423.813158,44361423.794283,5e-06,221645.61229300004,499977.3010656488,110822.806154,296559.405349952,300000.0,False,True
1541,4,0,1,NORMAL,0.02250104235146909,0.022251609996861647,0.02250104235146909,1.0,3300000000.0,6699999999.999996,74253439.759848,35694539.436034,746633.303973,103587564.839228,0.0,44394670.66156,44394670.642672,5e-06,221645.65594899998,499977.5269136678,110822.82798100001,296786.578361128,300000.0,False,True
1542,4,0,1,NORMAL,0.02251825358974,0.022268812809305413,0.02251825358974,1.0,3300000000.0,6699999999.999996,74310236.846142,35724662.225837,747702.113974,103665140.833936,0.0,44427917.516444,44427917.497544,5e-06,221645.69917199996,499977.7505146626,110822.84959200001,297013.759039392,300000.0,False,True
1543,4,0,1,NORMAL,0.022535465408825756,0.022286016202822855,0.022535465408825756,1.0,3300000000.0,6699999999.999996,74367035.849125,35754790.797105,748771.740919,103742716.843619,0.0,44461164.377751,44461164.358835,5e-06,221645.74196400002,499977.9718909872,110822.87099000001,297240.947384568,300000.0,False,True
1544,4,0,1,NORMAL,0.022552677808713336,0.022303220177396436,0.022552677808713336,1.0,3300000000.0,6699999999.999996,74423836.768754,35784925.150907,749842.184836,103820292.868131,0.0,44494411.245412,44494411.22648,5e-06,221645.78433,499978.1910647738,110822.89217299999,297468.1433965,300000.0,False,True
1545,4,0,1,NORMAL,0.022569890789391818,0.022320424733009044,0.022569890789391818,1.0,3300000000.0,6699999999.999996,74480639.604993,35815065.288304,750913.445753,103897868.907324,0.0,44527658.119364,44527658.100417,5e-06,221645.82627500003,499978.408057934,110822.913145,297695.347075016,300000.0,False,True
1546,4,0,1,NORMAL,0.02258710435084879,0.02233762986964387,0.02258710435084879,1.0,3300000000.0,6699999999.999996,74537444.357801,35845211.210363,751985.523697,103975444.96105,0.0,44560904.999547,44560904.980584,5e-06,221645.86780200005,499978.6228921618,110822.93390899998,297922.558419972,300000.0,False,True
1547,4,0,1,NORMAL,0.022604318493074243,0.02235483558728454,0.022604318493074243,1.0,3300000000.0,6699999999.999996,74594251.027145,35875362.91815,753058.418696,104053021.029168,0.0,44594151.885896,44594151.866918,4e-06,221645.908917,499978.8355889351,110822.954466,298149.77743120404,300000.0,False,True
1548,4,0,1,NORMAL,0.022621533216056967,0.02237204188591502,0.022621533216056967,1.0,3300000000.0,6699999999.999996,74651059.612988,35905520.41273,754132.130777,104130597.111532,0.0,44627398.778352,44627398.759357,4e-06,221645.94962300002,499979.04616951855,110822.97481999999,298377.00410858,300000.0,False,True
1549,4,0,1,NORMAL,0.022638748519785756,0.022389248765519586,0.022638748519785756,1.0,3300000000.0,6699999999.999996,74707870.115293,35935683.695172,755206.659968,104208173.208,0.0,44660645.676852,44660645.657842,4e-06,221645.989921,499979.2546549649,110822.99496799998,298604.238451952,300000.0,False,True
1550,4,0,1,NORMAL,0.022655964404251213,0.022406456226082918,0.022655964404251213,1.0,3300000000.0,6699999999.999996,74764682.534029,35965852.766543,756282.006297,104285749.318434,0.0,44693892.581336,44693892.562311,4e-06,221646.029821,499979.4610661176,110823.014918,298831.480461172,300000.0,False,True
1551,4,0,1,NORMAL,0.022673180869442422,0.022423664267589984,0.022673180869442422,1.0,3300000000.0,6699999999.999996,74821496.86916,35996027.627913,757358.169791,104363325.442694,0.0,44727139.491745,44727139.472705,4e-06,221646.06932299997,499979.665423613,110823.03466900002,299058.73013611604,300000.0,False,True
1552,4,0,1,NORMAL,0.022690397915350605,0.022440872890026154,0.022690397915350605,1.0,3300000000.0,6699999999.999996,74878313.120657,36026208.280348,758435.150478,104440901.580642,0.0,44760386.408019,44760386.388965,4e-06,221646.10843000005,499979.86774788186,110823.054222,299285.98747664,300000.0,False,True
1553,4,0,1,NORMAL,0.02270761554196606,0.022458082093377116,0.02270761554196606,1.0,3300000000.0,6699999999.999996,74935131.288488,36056394.72492,759512.948385,104518477.732142,0.0,44793633.330103,44793633.311034,4e-06,221646.147153,499980.0680591519,110823.073584,299513.252482628,300000.0,False,True
1554,4,0,1,NORMAL,0.022724833749279392,0.022475291877628877,0.022724833749279392,1.0,3300000000.0,6699999999.999996,74991951.372622,36086586.9627,760591.56354,104596053.897061,0.0,44826880.257938,44826880.238852,3e-06,221646.18548900002,499980.2663774497,110823.09275299999,299740.525153952,300000.0,False,True
1555,4,0,1,NORMAL,0.02274205253728121,0.022492502242767737,0.02274205253728121,1.0,3300000000.0,6699999999.999996,75048773.373028,36116784.994757,761670.99597,104673630.07526,0.0,44860127.191467,44860127.172365,3e-06,221646.22344000003,499980.46272260236,110823.111728,299967.805490488,300000.0,False,True
1556,4,0,1,NORMAL,0.022759271905964242,0.022509713188780416,0.022759271905964242,1.0,3300000000.0,6699999999.999996,75105597.289682,36146988.822164,762751.245703,104751206.266612,0.0,44893374.13063,44893374.111514,3e-06,221646.26101599997,499980.6571142401,110823.130515,300195.093492112,300000.0,False,True
1557,4,0,1,NORMAL,0.022776491855319395,0.0225269247156539,0.022776491855319395,1.0,3300000000.0,6699999999.999996,75162423.122554,36177198.445993,763832.312766,104828782.470984,0.0,44926621.075376,44926621.056243,3e-06,221646.298219,499980.84957179765,110823.14911800002,300422.389158728,300000.0,False,True
1558,4,0,1,NORMAL,0.022793712385339695,0.022544136823375565,0.022793712385339695,1.0,3300000000.0,6699999999.999996,75219250.871621,36207413.867317,764914.197187,104906358.68825,0.0,44959868.025639,44959868.006498,3e-06,221646.33505,499981.0401145164,110823.16752899998,300649.692490216,300000.0,False,True
1559,4,0,1,NORMAL,0.022810933496016362,0.02256134951193304,0.022810933496016362,1.0,3300000000.0,6699999999.999996,75276080.536854,36237635.087208,765996.898994,104983934.918278,0.0,44993114.981375,44993114.962222,3e-06,221646.371516,499981.22876144655,110823.18576400001,300877.003486484,300000.0,False,True
1560,4,0,1,NORMAL,0.02282815518734212,0.02257856278131427,0.02282815518734212,1.0,3300000000.0,6699999999.999996,75332912.118229,36267862.106742,767080.418214,105061511.160941,0.0,45026361.94253,45026361.92336,3e-06,221646.407619,499981.41553144855,110823.20381800001,301104.322147416,300000.0,False,True
1561,4,0,1,NORMAL,0.0228453774593103,0.022595776631507563,0.0228453774593103,1.0,3300000000.0,6699999999.999996,75389745.615724,36298094.926991,768164.754875,105139087.416116,0.0,45059608.909042,45059608.889862,2e-06,221646.443362,499981.60044319544,110823.221686,301331.648472916,300000.0,False,True
1562,4,0,1,NORMAL,0.022862600311913332,0.022612991062501486,0.022862600311913332,1.0,3300000000.0,6699999999.999996,75446581.029314,36328333.549033,769249.909004,105216663.683676,0.0,45092855.880864,45092855.861672,2e-06,221646.47875199997,499981.7835151746,110823.239382,301558.982462896,300000.0,False,True
1563,4,0,1,NORMAL,0.02287982374514485,0.022630206074284932,0.02287982374514485,1.0,3300000000.0,6699999999.999996,75503418.358978,36358577.973941,770335.880629,105294239.963498,0.0,45126102.857942,45126102.838737,2e-06,221646.51378700003,499981.964765689,110823.2569,301786.324117256,300000.0,False,True
1564,4,0,1,NORMAL,0.02289704775899788,0.02264742166684706,0.02289704775899788,1.0,3300000000.0,6699999999.999996,75560257.604693,36388828.202794,771422.669777,105371816.255459,0.0,45159349.840227,45159349.821004,2e-06,221646.548474,499982.14421286026,110823.274246,302013.673435912,300000.0,False,True
1565,4,0,1,NORMAL,0.022914272353467272,0.022664637840177398,0.022914272353467272,1.0,3300000000.0,6699999999.999996,75617098.766442,36419084.236667,772510.276476,105449392.559441,0.0,45192596.827659,45192596.808423,2e-06,221646.58281499997,499982.32187462907,110823.29141399999,302241.030418772,300000.0,False,True
1566,4,0,1,NORMAL,0.022931497528546663,0.02268185459426574,0.022931497528546663,1.0,3300000000.0,6699999999.999996,75673941.844204,36449346.076639,773598.700753,105526968.875324,0.0,45225843.82019,45225843.800941,2e-06,221646.61681500002,499982.49776875833,110823.30841399998,302468.395065768,300000.0,False,True
1567,4,0,1,NORMAL,0.02294872328423091,0.0226990719291022,0.02294872328423091,1.0,3300000000.0,6699999999.999996,75730786.837962,36479613.723784,774687.942637,105604545.202987,0.0,45259090.817774,45259090.798509,2e-06,221646.65047800003,499982.67191283347,110823.325247,302695.76737681596,300000.0,False,True
1568,4,0,1,NORMAL,0.022965949620513938,0.022716289844677152,0.022965949620513938,1.0,3300000000.0,6699999999.999996,75787633.747696,36509887.179183,775778.002154,105682121.542315,0.0,45292337.820355,45292337.801076,1e-06,221646.683802,499982.84432426584,110823.34190799997,302923.147351848,300000.0,False,True
1569,4,0,1,NORMAL,0.022983176537391212,0.022733508340981288,0.022983176537391212,1.0,3300000000.0,6699999999.999996,75844482.573391,36540166.443917,776868.879332,105759697.893193,0.0,45325584.827882,45325584.808593,1e-06,221646.7168,499983.0150202927,110823.358405,303150.534990784,300000.0,False,True
1570,4,0,1,NORMAL,0.023000404034857272,0.022750727418005545,0.023000404034857272,1.0,3300000000.0,6699999999.999996,75901333.315029,36570451.519064,777960.574199,105837274.255504,0.0,45358831.840311,45358831.82101,1e-06,221646.74946800002,499983.18401798065,110823.37473999998,303377.93029356404,300000.0,False,True
1571,4,0,1,NORMAL,0.02301763211290727,0.02276794707574114,0.02301763211290727,1.0,3300000000.0,6699999999.999996,75958185.972594,36600742.405705,779053.086782,105914850.629134,0.0,45392078.857593,45392078.838278,1e-06,221646.78181000001,499983.3513342261,110823.390912,303605.333260116,300000.0,False,True
1572,4,0,1,NORMAL,0.023034860771537276,0.0227851673141796,0.023034860771537276,1.0,3300000000.0,6699999999.999996,76015040.546073,36631039.10492,780146.417109,105992427.013971,0.0,45425325.879675,45425325.86035,1e-06,221646.813828,499983.5169857573,110823.406919,303832.743890376,300000.0,False,True
1573,4,0,1,NORMAL,0.023052090010743334,0.02280238813331275,0.023052090010743334,1.0,3300000000.0,6699999999.999996,76071897.035453,36661341.617788,781240.565207,106070003.409903,0.0,45458572.906515,45458572.887176,1e-06,221646.84553000002,499983.6809891364,110823.422772,304060.16218429204,300000.0,False,True
1574,4,0,1,NORMAL,0.023069319830521517,0.02281960953313267,0.023069319830521517,1.0,3300000000.0,6699999999.999996,76128755.440721,36691649.945396,782335.531104,106147579.816823,0.0,45491819.938057,45491819.918712,1e-06,221646.87691800002,499983.84336076066,110823.438462,304287.588141812,300000.0,False,True
1575,4,0,1,NORMAL,0.023086550230867572,0.022836831513631698,0.023086550230867572,1.0,3300000000.0,6699999999.999996,76185615.761863,36721964.088822,783431.314828,106225156.234619,0.0,45525066.974264,45525066.954907,0.0,221646.907992,499984.0041168641,110823.45400199998,304515.02176288405,300000.0,False,True
1576,4,0,1,NORMAL,0.023103781211778182,0.02285405407480244,0.023103781211778182,1.0,3300000000.0,6699999999.999996,76242477.998868,36752284.04915,784527.916406,106302732.663181,0.0,45558314.015088,45558313.995716,0.0,221646.93875700005,499984.1632735194,110823.46938600003,304742.463047452,300000.0,False,True
1577,4,0,1,NORMAL,0.02312101277325091,0.022871277216637828,0.02312101277325091,1.0,3300000000.0,6699999999.999996,76299342.151728,36782609.827463,785625.335865,106380309.102404,0.0,45591561.06048,45591561.041095,0.0,221646.969217,499984.32084663934,110823.484615,304969.91199547204,300000.0,False,True
1578,4,0,1,NORMAL,0.023138244915281516,0.022888500939130973,0.023138244915281516,1.0,3300000000.0,6699999999.999996,76356208.220429,36812941.424847,786723.573234,106457885.552181,0.0,45624808.110395,45624808.090999,0.0,221646.999373,499984.4768519785,110823.49969200001,305197.36860691203,300000.0,False,True
1579,4,0,1,NORMAL,0.023155477637867877,0.022905725242275292,0.023155477637867877,1.0,3300000000.0,6699999999.999996,76413076.204964,36843278.842385,787822.628539,106535462.012408,0.0,45658055.164788,45658055.14538,0.0,221647.02922800006,499984.63130513433,110823.51462000002,305424.832881716,300000.0,False,True
1580,4,0,1,NORMAL,0.02317271094100727,0.022922950126064455,0.02317271094100727,1.0,3300000000.0,6699999999.999996,76469946.105324,36873622.081161,788922.501808,106613038.482979,0.0,45691302.223619,45691302.204194,0.0,221647.05878700005,499984.7842215497,110823.52940199999,305652.304819856,300000.0,False,True
1581,4,0,1,NORMAL,0.023189944824696967,0.02294017559049236,0.023189944824696967,1.0,3300000000.0,6699999999.999996,76526817.9215,36903971.142264,790023.193069,106690614.963793,0.0,45724549.286838,45724549.267397,0.0,221647.08805,499984.9356165134,110823.544033,305879.78442129603,300000.0,False,True
1582,4,0,1,NORMAL,0.023207179288936057,0.022957401635553244,0.023207179288936057,1.0,3300000000.0,6699999999.999996,76583691.653489,36934326.026776,791124.70235,106768191.45475,0.0,45757796.354401,45757796.334947,0.0,221647.11702700003,499985.0855051624,110823.55851999999,306107.271686,300000.0,False,True
1583,4,0,1,NORMAL,0.023224414333721518,0.022974628261241522,0.023224414333721518,1.0,3300000000.0,6699999999.999996,76640567.301281,36964686.735786,792227.029678,106845767.955747,0.0,45791043.426266,45791043.406799,0.0,221647.14571100002,499985.2339024831,110823.57286200002,306334.76661395596,300000.0,False,True
1584,4,0,1,NORMAL,0.023241649959051817,0.022991855467551864,0.023241649959051817,1.0,3300000000.0,6699999999.999996,76697444.864871,36995053.270379,793330.17508,106923344.466681,0.0,45824290.502395,45824290.482911,0.0,221647.17410899999,499985.3808233123,110823.587063,306562.269205124,300000.0,False,True
1585,4,0,1,NORMAL,0.023258886164925455,0.023009083254479194,0.023258886164925455,1.0,3300000000.0,6699999999.999996,76754324.344254,37025425.631643,794434.138584,107000920.987455,0.0,45857537.582743,45857537.563242,0.0,221647.202227,499985.52628234,110823.60112200001,306789.779459484,300000.0,False,True
1586,4,0,1,NORMAL,0.023276122951341516,0.0230263116220187,0.023276122951341516,1.0,3300000000.0,6699999999.999996,76811205.739427,37055803.820669,795538.920218,107078497.517975,0.0,45890784.667259,45890784.64775,0.0,221647.23006400003,499985.67029410956,110823.615036,307017.297377016,300000.0,False,True
1587,4,0,1,NORMAL,0.023293360318298484,0.023043540570165784,0.023293360318298484,1.0,3300000000.0,6699999999.999996,76868089.050385,37086187.838541,796644.520009,107156074.058138,0.0,45924031.755916,45924031.736391,0.0,221647.25762400005,499985.81287301984,110823.62881999998,307244.82295770803,300000.0,False,True
1588,4,0,1,NORMAL,0.023310598265796362,0.023060770098916144,0.023310598265796362,1.0,3300000000.0,6699999999.999996,76924974.277128,37116577.686351,797750.937985,107233650.607854,0.0,45957278.848663,45957278.829124,0.0,221647.28491199997,499985.9540333263,110823.64246300003,307472.35620154,300000.0,False,True
1589,4,0,1,NORMAL,0.023327836793833635,0.023078000208265663,0.023327836793833635,1.0,3300000000.0,6699999999.999996,76981861.419651,37146973.365189,798858.174173,107311227.167025,0.0,45990525.945462,45990525.925909,0.0,221647.31192600002,499986.0937891428,110823.65597,307699.897108512,300000.0,False,True
1590,4,0,1,NORMAL,0.0233450759024097,0.02309523089821044,0.0233450759024097,1.0,3300000000.0,6699999999.999996,77038750.477952,37177374.876144,799966.228601,107388803.735556,0.0,46023773.046275,46023773.026705,0.0,221647.33867100003,499986.2321544427,110823.66934399998,307927.445678604,300000.0,False,True
1591,4,0,1,NORMAL,0.023362315591524244,0.023112462168746815,0.023362315591524244,1.0,3300000000.0,6699999999.999996,77095641.45203,37207782.220307,801075.101296,107466380.313354,0.0,46057020.151061,46057020.131475,0.0,221647.36515200004,499986.3691430603,110823.682584,308155.00191180804,300000.0,False,True
1592,4,0,1,NORMAL,0.02337955586117818,0.02312969401987142,0.02337955586117818,1.0,3300000000.0,6699999999.999996,77152534.341888,37238195.398768,802184.792286,107543956.90033,0.0,46090267.259774,46090267.240179,0.0,221647.391369,499986.5047686923,110823.69568899997,308382.56580812,300000.0,False,True
1593,4,0,1,NORMAL,0.023396796711370908,0.023146926451581066,0.023396796711370908,1.0,3300000000.0,6699999999.999996,77209429.147524,37268614.41262,803295.301599,107621533.49639,0.0,46123514.372382,46123514.352775,0.0,221647.41732399998,499986.6390448992,110823.70866799999,308610.137367552,300000.0,False,True
1594,4,0,1,NORMAL,0.023414038142102425,0.023164159463872767,0.023414038142102425,1.0,3300000000.0,6699999999.999996,77266325.868938,37299039.262954,804406.629261,107699110.101443,0.0,46156761.488846,46156761.469224,0.0,221647.44301899994,499986.7719851065,110823.72151700003,308837.716590096,300000.0,False,True
1595,4,0,1,NORMAL,0.02343128015337394,0.02318139305674381,0.02343128015337394,1.0,3300000000.0,6699999999.999996,77323224.506134,37329469.950863,805518.775301,107776686.715402,0.0,46190008.609125,46190008.58949,0.0,221647.46846300003,499986.9036026063,110823.734238,309065.303475752,300000.0,False,True
1596,4,0,1,NORMAL,0.023448522745185756,0.023198627230191678,0.023448522745185756,1.0,3300000000.0,6699999999.999996,77380125.059113,37359906.477441,806631.739746,107854263.338178,0.0,46223255.733181,46223255.713533,0.0,221647.49365099997,499987.0339105584,110823.746832,309292.898024536,300000.0,False,True
1597,4,0,1,NORMAL,0.023465765917538486,0.023215861984214055,0.023465765917538486,1.0,3300000000.0,6699999999.999996,77437027.527877,37390348.84378,807745.522624,107931839.969681,0.0,46256502.86098,46256502.841318,0.0,221647.51859000005,499987.16292199166,110823.75930200002,309520.500236452,300000.0,False,True
1598,4,0,1,NORMAL,0.02348300967043394,0.023233097318808887,0.02348300967043394,1.0,3300000000.0,6699999999.999996,77493931.912432,37420797.050972,808860.123962,108009416.609825,0.0,46289749.992482,46289749.972807,0.0,221647.54327899998,499987.29064980533,110823.771646,309748.110111508,300000.0,False,True
1599,4,0,1,NORMAL,0.023500254003872123,0.023250333233974258,0.023500254003872123,1.0,3300000000.0,6699999999.999996,77550838.212778,37451251.100115,809975.543788,108086993.258524,0.0,46322997.127651,46322997.107963,0.0,221647.567723,499987.4171067702,110823.78386799998,309975.727649728,300000.0,False,True
1600,4,0,1,NORMAL,0.023517498917855754,0.02326756972970855,0.023517498917855754,1.0,3300000000.0,6699999999.999996,77607746.428924,37481710.992302,811091.782129,108164569.915694,0.0,46356244.26645,46356244.246748,0.0,221647.591924,499987.54230553034,110823.79596899998,310203.352851112,300000.0,False,True
1601,4,0,1,NORMAL,0.02353474441238606,0.023284806806010326,0.02353474441238606,1.0,3300000000.0,6699999999.999996,77664656.560874,37512176.728627,812208.839013,108242146.58125,0.0,46389491.408843,46389491.389128,0.0,221647.61588500004,499987.6662586037,110823.80794900001,310430.985715696,300000.0,False,True
1602,4,0,1,NORMAL,0.02355199048746424,0.02330204446287832,0.02355199048746424,1.0,3300000000.0,6699999999.999996,77721568.608632,37542648.310188,813326.714468,108319723.255108,0.0,46422738.554796,46422738.535064,0.0,221647.63960500003,499987.788978384,110823.819811,310658.626243496,300000.0,False,True
1603,4,0,1,NORMAL,0.023569237143093336,0.023319282700311545,0.023569237143093336,1.0,3300000000.0,6699999999.999996,77778482.572208,37573125.73808,814445.408521,108397299.937187,0.0,46455985.70427,46455985.684524,0.0,221647.66309199994,499987.9104771413,110823.83155300001,310886.274434528,300000.0,False,True
1604,4,0,1,NORMAL,0.02358648437927485,0.02333652151830918,0.02358648437927485,1.0,3300000000.0,6699999999.999996,77835398.451607,37603609.013402,815564.9212,108474876.627405,0.0,46489232.85723,46489232.837472,0.0,221647.686344,499988.030767024,110823.843178,311113.930288832,300000.0,False,True
1605,4,0,1,NORMAL,0.02360373219601091,0.02335376091687058,0.02360373219601091,1.0,3300000000.0,6699999999.999996,77892316.246836,37634098.137248,816685.252531,108552453.325679,0.0,46522480.013645,46522479.993873,0.0,221647.70936399995,499988.14986005944,110823.85468900003,311341.593806428,300000.0,False,True
1606,4,0,1,NORMAL,0.023620980593304544,0.023371000895995354,0.023620980593304544,1.0,3300000000.0,6699999999.999996,77949235.957905,37664593.110717,817806.402543,108630030.031931,0.0,46555727.173478,46555727.153692,0.0,221647.73215599995,499988.2677681552,110823.866085,311569.26498734404,300000.0,False,True
1607,4,0,1,NORMAL,0.023638229571157878,0.023388241455683263,0.023638229571157878,1.0,3300000000.0,6699999999.999996,78006157.584821,37695093.934907,818928.371264,108707606.746081,0.0,46588974.336695,46588974.316899,0.0,221647.75472400003,499988.38450310065,110823.87736700001,311796.94383162,300000.0,False,True
1608,4,0,1,NORMAL,0.023655479129575153,0.023405482595934352,0.023655479129575153,1.0,3300000000.0,6699999999.999996,78063081.127598,37725600.610914,820051.15872,108785183.468051,0.0,46622221.503259,46622221.483456,0.0,221647.777061,499988.50007656764,110823.88853400001,312024.630339284,300000.0,False,True
1609,4,0,1,NORMAL,0.02367272926855727,0.023422724316748737,0.02367272926855727,1.0,3300000000.0,6699999999.999996,78120006.586239,37756113.13984,821174.76494,108862760.197761,0.0,46655468.673144,46655468.653332,0.0,221647.79918099998,499988.6145001121,110823.89959500001,312252.32451039203,300000.0,False,True
1610,4,0,1,NORMAL,0.02368997998810788,0.023439966618126747,0.02368997998810788,1.0,3300000000.0,6699999999.999996,78176933.960756,37786631.522785,822299.189951,108940336.935135,0.0,46688715.846315,46688715.826489,0.0,221647.82107599996,499988.7277851748,110823.91054500002,312480.026344956,300000.0,False,True
1611,4,0,1,NORMAL,0.023707231288230605,0.023457209500068934,0.023707231288230605,1.0,3300000000.0,6699999999.999996,78233863.251161,37817155.760846,823424.43378,109017913.680096,0.0,46721963.022741,46721963.002898,0.0,221647.84275699998,499988.8399430828,110823.921387,312707.73584302404,300000.0,False,True
1612,4,0,1,NORMAL,0.023724483168928785,0.023474452962576022,0.023724483168928785,1.0,3300000000.0,6699999999.999996,78290794.457465,37847685.855126,824550.496455,109095490.43257,0.0,46755210.202383,46755210.182528,0.0,221647.86422,499988.95098505076,110823.932116,312935.45300464396,300000.0,False,True
1613,4,0,1,NORMAL,0.023741735630205756,0.02349169700564891,0.023741735630205756,1.0,3300000000.0,6699999999.999996,78347727.579679,37878221.806725,825677.378004,109173067.192481,0.0,46788457.385216,46788457.365346,0.0,221647.88547299997,499989.06092218106,110823.94274399999,313163.17782985995,300000.0,False,True
1614,4,0,1,NORMAL,0.023758988672066664,0.023508941629288765,0.023758988672066664,1.0,3300000000.0,6699999999.999996,78404662.61782,37908763.616742,826805.078454,109250643.959758,0.0,46821704.571201,46821704.55132,0.0,221647.90651299997,499989.1697654664,110823.95326200001,313390.910318716,300000.0,False,True
1615,4,0,1,NORMAL,0.023776242294514242,0.023526186833496863,0.023776242294514242,1.0,3300000000.0,6699999999.999996,78461599.571897,37939311.286281,827933.597832,109328220.734325,0.0,46854951.760311,46854951.740419,0.0,221647.92734300002,499989.27752578957,110823.96367699999,313618.65047128,300000.0,False,True
1616,4,0,1,NORMAL,0.02379349649755273,0.023543432618274664,0.02379349649755273,1.0,3300000000.0,6699999999.999996,78518538.441924,37969864.816443,829062.936167,109405797.516109,0.0,46888198.952518,46888198.93261,0.0,221647.947966,499989.3842139254,110823.973991,313846.39828758803,300000.0,False,True
1617,4,0,1,NORMAL,0.023810751281186666,0.023560678983623826,0.023810751281186666,1.0,3300000000.0,6699999999.999996,78575479.227916,38000424.20833,830193.093486,109483374.30504,0.0,46921446.147786,46921446.127864,0.0,221647.96838400004,499989.4898405413,110823.984199,314074.15376769606,300000.0,False,True
1618,4,0,1,NORMAL,0.023828006645420605,0.023577925929546203,0.023828006645420605,1.0,3300000000.0,6699999999.999996,78632421.929888,38030989.463045,831324.069816,109560951.101046,0.0,46954693.346087,46954693.326149,0.0,221647.98859800005,499989.5944161989,110823.99430699999,314301.916911664,300000.0,False,True
1619,4,0,1,NORMAL,0.02384526259025818,0.023595173456043752,0.02384526259025818,1.0,3300000000.0,6699999999.999996,78689366.547852,38061560.581692,832455.865185,109638527.904056,0.0,46987940.547388,46987940.527438,0.0,221648.00861,499989.6979513543,110824.004311,314529.68771955196,300000.0,False,True
1620,4,0,1,NORMAL,0.023862519115705756,0.023612421563118723,0.023862519115705756,1.0,3300000000.0,6699999999.999996,78746313.081829,38092137.565372,833588.47962,109716104.714001,0.0,47021187.751661,47021187.731699,0.0,221648.02842399996,499989.80045636004,110824.01421800001,314757.466191408,300000.0,False,True
1621,4,0,1,NORMAL,0.023879776221766666,0.02362967025077343,0.023879776221766666,1.0,3300000000.0,6699999999.999996,78803261.53183,38122720.415192,834721.913149,109793681.530812,0.0,47054434.958877,47054434.938902,0.0,221648.04804100003,499989.9019414653,110824.02402699999,314985.252327316,300000.0,False,True
1622,4,0,1,NORMAL,0.02389703390844606,0.02364691951901038,0.02389703390844606,1.0,3300000000.0,6699999999.999996,78860211.897872,38153309.132257,835856.1658,109871258.35442,0.0,47087682.169009,47087682.149018,0.0,221648.06746400002,499990.0024168175,110824.03374,315213.04612732,300000.0,False,True
1623,4,0,1,NORMAL,0.0239142921757497,0.023664169367832274,0.0239142921757497,1.0,3300000000.0,6699999999.999996,78917164.179974,38183903.717669,836991.2376,109948835.184758,0.0,47120929.382026,47120929.362018,0.0,221648.086693,499990.101892463,110824.04335499999,315440.847591488,300000.0,False,True
1624,4,0,1,NORMAL,0.02393155102368303,0.023681419797242004,0.02393155102368303,1.0,3300000000.0,6699999999.999996,78974118.378154,38214504.172534,838127.128577,110026412.02176,0.0,47154176.597896,47154176.577875,0.0,221648.105731,499990.2003783482,110824.052872,315668.656719896,300000.0,False,True
1625,4,0,1,NORMAL,0.02394881045225091,0.02369867080724258,0.02394881045225091,1.0,3300000000.0,6699999999.999996,79031074.492428,38245110.497961,839263.838758,110103988.86536,0.0,47187423.81659,47187423.79656,0.0,221648.12457899997,499990.29788432084,110824.06229399999,315896.473512616,300000.0,False,True
1626,4,0,1,NORMAL,0.02396607046145879,0.023715922397837173,0.02396607046145879,1.0,3300000000.0,6699999999.999996,79088032.522814,38275722.695055,840401.368171,110181565.715491,0.0,47220671.038086,47220671.018041,0.0,221648.14323899997,499990.3944201302,110824.07162700001,316124.297969712,300000.0,False,True
1627,4,0,1,NORMAL,0.02398333105131182,0.023733174569029087,0.02398333105131182,1.0,3300000000.0,6699999999.999996,79144992.469329,38306340.76492,841539.716844,110259142.572085,0.0,47253918.262357,47253918.242292,0.0,221648.16171,499990.489995429,110824.08086499998,316352.13009125605,300000.0,False,True
1628,4,0,1,NORMAL,0.024000592221817576,0.02375042732082189,0.024000592221817576,1.0,3300000000.0,6699999999.999996,79201954.331998,38336964.708664,842678.884803,110336719.435083,0.0,47287165.489365,47287165.46929,0.0,221648.18000199998,499990.58461977355,110824.09000599998,316579.969877316,300000.0,False,True
1629,4,0,1,NORMAL,0.024017853972980605,0.023767680653219228,0.024017853972980605,1.0,3300000000.0,6699999999.999996,79258918.110836,38367594.527397,843818.872077,110414296.304419,0.0,47320412.719092,47320412.699003,0.0,221648.19811199998,499990.67830262554,110824.09906299999,316807.817327992,300000.0,False,True
1630,4,0,1,NORMAL,0.02403511630480788,0.02378493456622495,0.02403511630480788,1.0,3300000000.0,6699999999.999996,79315883.805866,38398230.222223,844959.678693,110491873.18003,0.0,47353659.95151,47353659.931405,0.0,221648.21604200001,499990.7710533522,110824.10802899998,317035.672443344,300000.0,False,True
1631,4,0,1,NORMAL,0.024052379217305152,0.02380218905984303,0.024052379217305152,1.0,3300000000.0,6699999999.999996,79372851.417107,38428871.794252,846101.304679,110569450.061854,0.0,47386907.18659,47386907.16647,0.0,221648.233793,499990.8628812276,110824.116904,317263.535223464,300000.0,False,True
1632,4,0,1,NORMAL,0.02406964271047879,0.0238194441340776,0.02406964271047879,1.0,3300000000.0,6699999999.999996,79429820.94458,38459519.244592,847243.750062,110647026.949828,0.0,47420154.424306,47420154.404171,0.0,221648.251365,499990.9537954334,110824.12568999999,317491.405668428,300000.0,False,True
1633,4,0,1,NORMAL,0.024086906784334845,0.023836699788932905,0.024086906784334845,1.0,3300000000.0,6699999999.999996,79486792.388305,38490172.574354,848387.01487,110724603.843891,0.0,47453401.664632,47453401.644482,0.0,221648.26876300003,499991.0438050605,110824.134389,317719.28377832,300000.0,False,True
1634,4,0,1,NORMAL,0.024104171438881213,0.023853956024413443,0.024104171438881213,1.0,3300000000.0,6699999999.999996,79543765.748308,38520831.784645,849531.09913,110802180.743984,0.0,47486648.907541,47486648.887377,0.0,221648.28599,499991.1329191087,110824.143002,317947.16955322,300000.0,False,True
1635,4,0,1,NORMAL,0.024121436674123333,0.023871212840523758,0.024121436674123333,1.0,3300000000.0,6699999999.999996,79600741.024607,38551496.876577,850676.00287,110879757.650046,0.0,47519896.153007,47519896.13283,0.0,221648.303043,499991.22114648874,110824.151528,318175.06299323204,300000.0,False,True
1636,4,0,1,NORMAL,0.02413870249006909,0.02388847023726862,0.02413870249006909,1.0,3300000000.0,6699999999.999996,79657718.217228,38582167.851259,851821.726117,110957334.562018,0.0,47553143.401005,47553143.380815,0.0,221648.319927,499991.3084960222,110824.15997000001,318402.964098428,300000.0,False,True
1637,4,0,1,NORMAL,0.024155968886725457,0.023905728214652935,0.024155968886725457,1.0,3300000000.0,6699999999.999996,79714697.326194,38612844.7098,852968.268899,111034911.479841,0.0,47586390.65151,47586390.631308,0.0,221648.33664399997,499991.3949764434,110824.168328,318630.872868912,300000.0,False,True
1638,4,0,1,NORMAL,0.0241732358640997,0.02392298677268176,0.0241732358640997,1.0,3300000000.0,6699999999.999996,79771678.351529,38643527.453311,854115.631244,111112488.403457,0.0,47619637.904496,47619637.884285,0.0,221648.35319500003,499991.48059639946,110824.176602,318858.789304776,300000.0,False,True
1639,4,0,1,NORMAL,0.02419050342219788,0.02394024591136022,0.02419050342219788,1.0,3300000000.0,6699999999.999996,79828661.293253,38674216.082906,855263.813179,111190065.332807,0.0,47652885.159944,47652885.139718,0.0,221648.36958100004,499991.56536445173,110824.184798,319086.713406116,300000.0,False,True
1640,4,0,1,NORMAL,0.024207771561028484,0.023957505630693657,0.024207771561028484,1.0,3300000000.0,6699999999.999996,79885646.151394,38704910.599694,856412.814732,111267642.267835,0.0,47686132.417824,47686132.397586,0.0,221648.385804,499991.649289076,110824.19290800001,319314.64517301205,300000.0,False,True
1641,4,0,1,NORMAL,0.02422504028059818,0.0239747659306875,0.02422504028059818,1.0,3300000000.0,6699999999.999996,79942632.925974,38735611.004789,857562.63593,111345219.208483,0.0,47719379.678117,47719379.657863,0.0,221648.40186600003,499991.73237866396,110824.20094100002,319542.584605576,300000.0,False,True
1642,4,0,1,NORMAL,0.024242309580915757,0.02399202681134739,0.024242309580915757,1.0,3300000000.0,6699999999.999996,79999621.617022,38766317.299302,858713.276801,111422796.154697,0.0,47752626.940794,47752626.920525,0.0,221648.417767,499991.8146415241,110824.208891,319770.531703896,300000.0,False,True
1643,4,0,1,NORMAL,0.024259579461987875,0.02400928827267904,0.024259579461987875,1.0,3300000000.0,6699999999.999996,80056612.22456,38797029.484348,859864.737372,111500373.106422,0.0,47785874.205832,47785874.185547,0.0,221648.43351000003,499991.89608588174,110824.216763,319998.486468088,300000.0,False,True
1644,4,0,1,NORMAL,0.024276849923822726,0.02402655031468831,0.024276849923822726,1.0,3300000000.0,6699999999.999996,80113604.748615,38827747.561041,861017.017671,111577950.063603,0.0,47819121.473205,47819121.452909,0.0,221648.449097,499991.9767198805,110824.224554,320226.44889824,300000.0,False,True
1645,4,0,1,NORMAL,0.02429412096642818,0.02404381293738121,0.02429412096642818,1.0,3300000000.0,6699999999.999996,80170599.189213,38858471.530492,862170.117726,111655527.026185,0.0,47852368.742896,47852368.722583,0.0,221648.46452900002,499992.05655158334,110824.232273,320454.41899446,300000.0,False,True
1646,4,0,1,NORMAL,0.02431139258981303,0.024061076140763908,0.02431139258981303,1.0,3300000000.0,6699999999.999996,80227595.546383,38889201.393814,863324.037564,111733103.994114,0.0,47885616.014878,47885615.99455,0.0,221648.479807,499992.13558897254,110824.23991100001,320682.396756852,300000.0,False,True
1647,4,0,1,NORMAL,0.02432866479398485,0.024078339924842682,0.02432866479398485,1.0,3300000000.0,6699999999.999996,80284593.82015,38919937.152124,864478.777213,111810680.967338,0.0,47918863.289127,47918863.268786,0.0,221648.49493300004,499992.2138399511,110824.247473,320910.38218553195,300000.0,False,True
1648,4,0,1,NORMAL,0.024345937578952124,0.02409560428962394,0.024345937578952124,1.0,3300000000.0,6699999999.999996,80341594.010542,38950678.806535,865634.3367,111888257.945802,0.0,47952110.565623,47952110.545269,0.0,221648.50990699997,499992.2913123437,110824.25496,321138.37528060004,300000.0,False,True
1649,4,0,1,NORMAL,0.024363210944723334,0.024112869235114225,0.024363210944723334,1.0,3300000000.0,6699999999.999996,80398596.117587,38981426.358163,866790.716053,111965834.929456,0.0,47985357.844343,47985357.823977,0.0,221648.52473600002,499992.3680138965,110824.262374,321366.376042168,300000.0,False,True
1650,4,0,1,NORMAL,0.02438048489130697,0.024130134761320213,0.02438048489130697,1.0,3300000000.0,6699999999.999996,80455600.141313,39012179.808123,867947.915299,112043411.918247,0.0,48018605.125264,48018605.104886,0.0,221648.539412,499992.4439522795,110824.269712,321594.384470348,300000.0,False,True
1651,4,0,1,NORMAL,0.024397759418711515,0.024147400868248684,0.024397759418711515,1.0,3300000000.0,6699999999.999996,80512606.081748,39042939.157531,869105.934466,112120988.912124,0.0,48051852.408368,48051852.387974,0.0,221648.55394600003,499992.5191350857,110824.276981,321822.400565252,300000.0,False,True
1652,4,0,1,NORMAL,0.024415034526945458,0.02416466755590654,0.024415034526945458,1.0,3300000000.0,6699999999.999996,80569613.93892,39073704.407503,870264.773581,112198565.911036,0.0,48085099.69363,48085099.673221,0.0,221648.568333,499992.5935698326,110824.284174,322050.42432699195,300000.0,False,True
1653,4,0,1,NORMAL,0.02443231021601818,0.02418193482430084,0.02443231021601818,1.0,3300000000.0,6699999999.999996,80626623.71286,39104475.559158,871424.432673,112276142.914936,0.0,48118346.981025,48118346.960605,0.0,221648.582579,499992.6672639634,110824.291295,322278.45575568004,300000.0,False,True
1654,4,0,1,NORMAL,0.024449586485938483,0.024199202673438756,0.024449586485938483,1.0,3300000000.0,6699999999.999996,80683635.403597,39135252.613611,872584.911768,112353719.923772,0.0,48151594.270537,48151594.250104,0.0,221648.59668299995,499992.7402248466,110824.298348,322506.49485144,300000.0,False,True
1655,4,0,1,NORMAL,0.02446686333671515,0.024216471103327558,0.02446686333671515,1.0,3300000000.0,6699999999.999996,80740649.01116,39166035.571979,873746.210895,112431296.937493,0.0,48184841.562145,48184841.541698,0.0,221648.61064400003,499992.8124597779,110824.30532900001,322734.541614388,300000.0,False,True
1656,4,0,1,NORMAL,0.024484140768358486,0.02423374011397472,0.024484140768358486,1.0,3300000000.0,6699999999.999996,80797664.535583,39196824.435378,874908.33008,112508873.956054,0.0,48218088.855825,48218088.835364,0.0,221648.62446799997,499992.8839759802,110824.31224100004,322962.59604464,300000.0,False,True
1657,4,0,1,NORMAL,0.024501418780876666,0.02425100970538775,0.024501418780876666,1.0,3300000000.0,6699999999.999996,80854681.976893,39227619.204928,876071.269352,112586450.979404,0.0,48251336.151559,48251336.131085,0.0,221648.638155,499992.95478060463,110824.319084,323190.65814233205,300000.0,False,True
1658,4,0,1,NORMAL,0.024518697374279697,0.024268279877574326,0.024518697374279697,1.0,3300000000.0,6699999999.999996,80911701.335123,39258419.881747,877235.028737,112664028.007498,0.0,48284583.449325,48284583.428838,0.0,221648.651707,499993.02488073095,110824.32586,323418.727907572,300000.0,False,True
1659,4,0,1,NORMAL,0.02453597654857576,0.024285550630542163,0.02453597654857576,1.0,3300000000.0,6699999999.999996,80968722.6103,39289226.466955,878399.608264,112741605.040285,0.0,48317830.749106,48317830.728603,0.0,221648.66512,499993.09428336873,110824.33256800001,323646.805340492,300000.0,False,True
1660,4,0,1,NORMAL,0.024553256303775757,0.02430282196429917,0.024553256303775757,1.0,3300000000.0,6699999999.999996,81025745.80246,39320038.961669,879565.00796,112819182.077721,0.0,48351078.05088,48351078.030359,0.0,221648.678402,499993.1629954577,110824.33920999999,323874.8904412,300000.0,False,True
1661,4,0,1,NORMAL,0.024570536639889694,0.0243200938788534,0.024570536639889694,1.0,3300000000.0,6699999999.999996,81082770.911636,39350857.36701,880731.227853,112896759.119762,0.0,48384325.354623,48384325.334088,0.0,221648.69155400002,499993.23102386855,110824.34578399998,324102.98320984,300000.0,False,True
1662,4,0,1,NORMAL,0.024587817556926666,0.02433736637421297,0.024587817556926666,1.0,3300000000.0,6699999999.999996,81139797.937858,39381681.684098,881898.26797,112974336.16636,0.0,48417572.660318,48417572.639771,0.0,221648.70457400003,499993.2983754037,110824.352293,324331.08364654396,300000.0,False,True
1663,4,0,1,NORMAL,0.02460509905489697,0.024354639450386132,0.02460509905489697,1.0,3300000000.0,6699999999.999996,81196826.88116,39412511.914052,883066.128339,113051913.217469,0.0,48450819.967946,48450819.947387,0.0,221648.717462,499993.3650567977,110824.358737,324559.191751432,300000.0,False,True
1664,4,0,1,NORMAL,0.024622381133810003,0.024371913107381224,0.024622381133810003,1.0,3300000000.0,6699999999.999996,81253857.741573,39443348.057992,884234.808987,113129490.273043,0.0,48484067.277491,48484067.256916,0.0,221648.730222,499993.43107471836,110824.365119,324787.30752464005,300000.0,False,True
1665,4,0,1,NORMAL,0.02463966379367576,0.02438918734520668,0.02463966379367576,1.0,3300000000.0,6699999999.999996,81310890.51913,39474190.117041,885404.309942,113207067.333039,0.0,48517314.58893,48517314.568342,0.0,221648.74285699998,499993.49643576675,110824.37143500002,325015.43096629204,300000.0,False,True
1666,4,0,1,NORMAL,0.024656947034504544,0.02440646216387106,0.024656947034504544,1.0,3300000000.0,6699999999.999996,81367925.213865,39505038.09232,886574.631232,113284644.397414,0.0,48550561.902244,48550561.881643,0.0,221648.75536500002,499993.5611464788,110824.37768899999,325243.56207652006,300000.0,False,True
1667,4,0,1,NORMAL,0.024674230856306666,0.024423737563383036,0.024674230856306666,1.0,3300000000.0,6699999999.999996,81424961.825812,39535891.984948,887745.772884,113362221.466122,0.0,48583809.21742,48583809.196802,0.0,221648.76775099998,499993.6252133249,110824.383884,325471.70085546,300000.0,False,True
1668,4,0,1,NORMAL,0.024691515259092422,0.024441013543751385,0.024691515259092422,1.0,3300000000.0,6699999999.999996,81482000.355005,39566751.79605,888917.734925,113439798.539122,0.0,48617056.534432,48617056.513801,0.0,221648.780011,499993.6886427115,110824.39001200002,325699.847303248,300000.0,False,True
1669,4,0,1,NORMAL,0.024708800242872725,0.02445829010498502,0.024708800242872725,1.0,3300000000.0,6699999999.999996,81539040.80148,39597617.526745,890090.517384,113517375.61637,0.0,48650303.853266,48650303.832621,0.0,221648.79215,499993.751440981,110824.396082,325928.00142002,300000.0,False,True
1670,4,0,1,NORMAL,0.024726085807657575,0.02447556724709293,0.024726085807657575,1.0,3300000000.0,6699999999.999996,81596083.16527,39628489.17816,891264.120288,113594952.697825,0.0,48683551.1739,48683551.153244,0.0,221648.80416700005,499993.8136144128,110824.40208899998,326156.16320591996,300000.0,False,True
1671,4,0,1,NORMAL,0.02474337195345788,0.024492844970084218,0.02474337195345788,1.0,3300000000.0,6699999999.999996,81653127.446411,39659366.751415,892438.543664,113672529.783445,0.0,48716798.496322,48716798.47565,0.0,221648.81606800004,499993.8751692238,110824.408042,326384.33266108,300000.0,False,True
1672,4,0,1,NORMAL,0.02476065868028485,0.02451012327396813,0.02476065868028485,1.0,3300000000.0,6699999999.999996,81710173.64494,39690250.24763,893613.78754,113750106.873187,0.0,48750045.82051,48750045.799824,0.0,221648.82784599997,499993.9361115693,110824.41393000001,326612.509785644,300000.0,False,True
1673,4,0,1,NORMAL,0.024777945988148486,0.02452740215875396,0.024777945988148486,1.0,3300000000.0,6699999999.999996,81767221.76089,39721139.667933,894789.851943,113827683.967011,0.0,48783293.146447,48783293.125747,0.0,221648.83950800003,499993.99644754274,110824.419761,326840.69457976,300000.0,False,True
1674,4,0,1,NORMAL,0.024795233877059092,0.024544681624451066,0.024795233877059092,1.0,3300000000.0,6699999999.999996,81824271.794295,39752035.013449,895966.736901,113905261.064876,0.0,48816540.474118,48816540.453403,0.0,221648.85105700002,499994.0561831777,110824.42553600001,327068.88704356004,300000.0,False,True
1675,4,0,1,NORMAL,0.024812522347028486,0.024561961671068964,0.024812522347028486,1.0,3300000000.0,6699999999.999996,81881323.745194,39782936.2853,897144.442442,113982838.166742,0.0,48849787.803503,48849787.782773,0.0,221648.86248699998,499994.11532444716,110824.431251,327297.08717718,300000.0,False,True
1676,4,0,1,NORMAL,0.024829811398068485,0.024579242298617323,0.024829811398068485,1.0,3300000000.0,6699999999.999996,81938377.613626,39813843.484611,898322.968594,114060415.272572,0.0,48883035.134585,48883035.11384,0.0,221648.873809,499994.1738772649,110824.43691200002,327525.29498077603,300000.0,False,True
1677,4,0,1,NORMAL,0.02484710103018879,0.024596523507105804,0.02484710103018879,1.0,3300000000.0,6699999999.999996,81995433.399623,39844756.612507,899502.315383,114137992.382322,0.0,48916282.467349,48916282.446589,0.0,221648.885013,499994.231847486,110824.442514,327753.510454504,300000.0,False,True
1678,4,0,1,NORMAL,0.024864391243401514,0.024613805296544236,0.024864391243401514,1.0,3300000000.0,6699999999.999996,82052491.103225,39875675.670114,900682.482838,114215569.495956,0.0,48949529.801774,48949529.781002,0.0,221648.896106,499994.28924090695,110824.44805900002,327981.73359849205,300000.0,False,True
1679,4,0,1,NORMAL,0.024881682037717574,0.024631087666942515,0.024881682037717574,1.0,3300000000.0,6699999999.999996,82109550.724468,39906600.658555,901863.470986,114293146.613433,0.0,48982777.137851,48982777.117063,0.0,221648.907092,499994.34606326686,110824.45355399999,328209.9644129,300000.0,False,True
1680,4,0,1,NORMAL,0.024898973413148486,0.02464837061831064,0.024898973413148486,1.0,3300000000.0,6699999999.999996,82166612.26339,39937531.578959,903045.279855,114370723.734717,0.0,49016024.475557,49016024.454753,0.0,221648.91796399996,499994.4023202475,110824.45899000001,328438.20289787196,300000.0,False,True
1681,4,0,1,NORMAL,0.024916265369706057,0.024665654150658734,0.024916265369706057,1.0,3300000000.0,6699999999.999996,82223675.72003,39968468.432452,904227.909472,114448300.859771,0.0,49049271.814874,49049271.794061,0.0,221648.928733,499994.4580174743,110824.464371,328666.44905356003,300000.0,False,True
1682,4,0,1,NORMAL,0.024933557907401212,0.02468293826399696,0.024933557907401212,1.0,3300000000.0,6699999999.999996,82280741.094424,39999411.220159,905411.359864,114525877.988554,0.0,49082519.155793,49082519.134966,0.0,221648.93938999998,499994.5131605167,110824.469702,328894.70288011996,300000.0,False,True
1683,4,0,1,NORMAL,0.024950851026246664,0.024700222958335655,0.024950851026246664,1.0,3300000000.0,6699999999.999996,82337808.386614,40030359.943206,906595.63106,114603455.121033,0.0,49115766.498292,49115766.477454,0.0,221648.94994500003,499994.56775488844,110824.474978,329122.964377696,300000.0,False,True
1684,4,0,1,NORMAL,0.02496814472625303,0.024717508233685164,0.02496814472625303,1.0,3300000000.0,6699999999.999996,82394877.596635,40061314.602722,907780.723087,114681032.257167,0.0,49149013.842359,49149013.82151,0.0,221648.96039100003,499994.6218060491,110824.48020099997,329351.233546456,300000.0,False,True
1685,4,0,1,NORMAL,0.02498543900743182,0.02473479409005592,0.02498543900743182,1.0,3300000000.0,6699999999.999996,82451948.724525,40092275.199834,908966.635972,114758609.396919,0.0,49182261.187983,49182261.167116,0.0,221648.97073400003,499994.6753194032,110824.48537599998,329579.51038654003,300000.0,False,True
1686,4,0,1,NORMAL,0.025002733869796363,0.02475208052745853,0.025002733869796363,1.0,3300000000.0,6699999999.999996,82509021.770328,40123241.735671,910153.369744,114836186.540259,0.0,49215508.535137,49215508.514259,0.0,221648.98097700003,499994.7283003017,110824.49049399998,329807.7948981,300000.0,False,True
1687,4,0,1,NORMAL,0.025020029313357575,0.024769367545903632,0.025020029313357575,1.0,3300000000.0,6699999999.999996,82566096.73408,40154214.211361,911340.924429,114913763.687148,0.0,49248755.883812,49248755.862923,0.0,221648.991117,499994.78075404256,110824.49556400001,330036.087081312,300000.0,False,True
1688,4,0,1,NORMAL,0.025037325338126974,0.024786655145401914,0.025037325338126974,1.0,3300000000.0,6699999999.999996,82623173.615819,40185192.628033,912529.300056,114991340.837549,0.0,49282003.233995,49282003.213094,0.0,221649.00115600004,499994.8326858708,110824.50058399998,330264.38693632,300000.0,False,True
1689,4,0,1,NORMAL,0.02505462194411758,0.024803943325964216,0.02505462194411758,1.0,3300000000.0,6699999999.999996,82680252.415588,40216176.986814,913718.496651,115068917.991428,0.0,49315250.58567,49315250.564754,0.0,221649.011093,499994.88410097937,110824.50555400002,330492.694463276,300000.0,False,True
1690,4,0,1,NORMAL,0.02507191913134182,0.02482123208760148,0.02507191913134182,1.0,3300000000.0,6699999999.999996,82737333.133428,40247167.288834,914908.514243,115146495.148753,0.0,49348497.938817,49348497.917892,0.0,221649.02093499998,499994.9350045096,110824.51047199998,330721.00966235204,300000.0,False,True
1691,4,0,1,NORMAL,0.025089216899810907,0.02483852143032467,0.025089216899810907,1.0,3300000000.0,6699999999.999996,82794415.769376,40278163.535223,916099.352859,115224072.309487,0.0,49381745.293427,49381745.272489,0.0,221649.03067500002,499994.9854015513,110824.51534399998,330949.33253371203,300000.0,False,True
1692,4,0,1,NORMAL,0.02510651524953788,0.02485581135414488,0.02510651524953788,1.0,3300000000.0,6699999999.999996,82851500.323475,40309165.727108,917291.012526,115301649.473595,0.0,49414992.649485,49414992.628534,0.0,221649.04031899996,499995.0352971441,110824.520166,331177.66307750397,300000.0,False,True
1693,4,0,1,NORMAL,0.02512381418053394,0.024873101859073207,0.02512381418053394,1.0,3300000000.0,6699999999.999996,82908586.795762,40340173.865624,918483.493273,115379226.641045,0.0,49448240.006976,49448239.986011,0.0,221649.049868,499995.0846962773,110824.52494100001,331406.0012939,300000.0,False,True
1694,4,0,1,NORMAL,0.025141113692813636,0.02489039294512098,0.025141113692813636,1.0,3300000000.0,6699999999.999996,82965675.186285,40371187.951897,919676.795127,115456803.811805,0.0,49481487.365883,49481487.344906,0.0,221649.05932199996,499995.1336038904,110824.529667,331634.347183048,300000.0,False,True
1695,4,0,1,NORMAL,0.02515841378638818,0.024907684612299513,0.02515841378638818,1.0,3300000000.0,6699999999.999996,83022765.495081,40402207.987061,920870.918115,115534380.985841,0.0,49514734.726195,49514734.705205,0.0,221649.068683,499995.18202487426,110824.534348,331862.70074514,300000.0,False,True
1696,4,0,1,NORMAL,0.025175714461269393,0.02492497686062015,0.025175714461269393,1.0,3300000000.0,6699999999.999996,83079857.722189,40433233.972247,922065.862265,115611958.163119,0.0,49547982.087901,49547982.066892,0.0,221649.077949,499995.22996407043,110824.53898399998,332091.061980324,300000.0,False,True
1697,4,0,1,NORMAL,0.025193015717470908,0.02494226969009439,0.025193015717470908,1.0,3300000000.0,6699999999.999996,83136951.867654,40464265.908585,923261.627605,115689535.343608,0.0,49581229.450982,49581229.429957,0.0,221649.08712400004,499995.27742627263,110824.54357,332319.430888756,300000.0,False,True
1698,4,0,1,NORMAL,0.025210317555005454,0.024959563100733814,0.025210317555005454,1.0,3300000000.0,6699999999.999996,83194047.931518,40495303.797209,924458.214162,115767112.527277,0.0,49614476.815424,49614476.794384,0.0,221649.09620700002,499995.32441622694,110824.54811099998,332547.807470616,300000.0,False,True
1699,4,0,1,NORMAL,0.025227619973885756,0.02497685709255007,0.025227619973885756,1.0,3300000000.0,6699999999.999996,83251145.913823,40526347.639248,925655.621964,115844689.714092,0.0,49647724.181216,49647724.160161,0.0,221649.105199,499995.3709386321,110824.55260699999,332776.191726072,300000.0,False,True
1700,4,0,1,NORMAL,0.02524492297412485,0.024994151665554895,0.02524492297412485,1.0,3300000000.0,6699999999.999996,83308245.814612,40557397.435835,926853.851038,115922266.904024,0.0,49680971.54834,49680971.527273,0.0,221649.11410000004,499995.4169981401,110824.55705599998,333004.583655292,300000.0,False,True
1701,4,0,1,NORMAL,0.025262226555735758,0.025011446819760114,0.025262226555735758,1.0,3300000000.0,6699999999.999996,83365347.633928,40588453.188104,928052.901412,115999844.097043,0.0,49714218.916784,49714218.895708,0.0,221649.12291699997,499995.46259935666,110824.561463,333232.983258448,300000.0,False,True
1702,4,0,1,NORMAL,0.02527953071873121,0.025028742555177605,0.02527953071873121,1.0,3300000000.0,6699999999.999996,83422451.371813,40619514.897186,929252.773114,116077421.293114,0.0,49747466.286542,49747466.26545,0.0,221649.13164200002,499995.50774684176,110824.56582900001,333461.390535712,300000.0,False,True
1703,4,0,1,NORMAL,0.025296835463124244,0.025046038871819325,0.025296835463124244,1.0,3300000000.0,6699999999.999996,83479557.02831,40650582.564215,930453.466171,116154998.492209,0.0,49780713.657595,49780713.63649,0.0,221649.14028300002,499995.55244511,110824.570148,333689.805487252,300000.0,False,True
1704,4,0,1,NORMAL,0.02531414078892879,0.025063335769697354,0.02531414078892879,1.0,3300000000.0,6699999999.999996,83536664.603465,40681656.190326,931654.98061,116232575.694301,0.0,49813961.029925,49813961.008814,0.0,221649.148838,499995.59669863083,110824.57442199999,333918.22811324004,300000.0,False,True
1705,4,0,1,NORMAL,0.025331446696157275,0.0250806332488238,0.025331446696157275,1.0,3300000000.0,6699999999.999996,83593774.097319,40712735.776652,932857.31646,116310152.899357,0.0,49847208.403528,49847208.382407,0.0,221649.15730800005,499995.64051182946,110824.57865899998,334146.65841386,300000.0,False,True
1706,4,0,1,NORMAL,0.02534875318482212,0.02509793130921079,0.02534875318482212,1.0,3300000000.0,6699999999.999996,83650885.509913,40743821.324327,934060.473748,116387730.107346,0.0,49880455.778393,49880455.757257,0.0,221649.165693,499995.68388908706,110824.582854,334375.09638927603,300000.0,False,True
1707,4,0,1,NORMAL,0.02536606025493788,0.025115229950870604,0.02536606025493788,1.0,3300000000.0,6699999999.999996,83707998.841295,40774912.834487,935264.452501,116465307.318241,0.0,49913703.154501,49913703.133353,0.0,221649.173994,499995.7268347412,110824.58700300002,334603.542039652,300000.0,False,True
1708,4,0,1,NORMAL,0.025383367906517577,0.02513252917381557,0.025383367906517577,1.0,3300000000.0,6699999999.999996,83765114.091508,40806010.308264,936469.252747,116542884.532012,0.0,49946950.531844,49946950.510682,0.0,221649.182214,499995.76935308625,110824.59111400001,334831.99536518,300000.0,False,True
1709,4,0,1,NORMAL,0.025400676139574547,0.025149828978058085,0.025400676139574547,1.0,3300000000.0,6699999999.999996,83822231.260596,40837113.746793,937674.874514,116620461.748629,0.0,49980197.910408,49980197.889232,0.0,221649.19034799997,499995.81144837366,110824.595181,335060.456366032,300000.0,False,True
1710,4,0,1,NORMAL,0.025417984954121817,0.025167129363610583,0.025417984954121817,1.0,3300000000.0,6699999999.999996,83879350.348602,40868223.151214,938881.31783,116698038.968067,0.0,50013445.290179,50013445.26899,0.0,221649.19840500003,499995.85312481306,110824.59920899998,335288.925042384,300000.0,False,True
1711,4,0,1,NORMAL,0.02543529435017424,0.025184430330485657,0.02543529435017424,1.0,3300000000.0,6699999999.999996,83936471.355575,40899338.52266,940088.582722,116775616.190299,0.0,50046692.671143,50046692.649944,0.0,221649.20638199997,499995.89438657183,110824.603196,335517.401394408,300000.0,False,True
1712,4,0,1,NORMAL,0.025452604327744544,0.02520173187869591,0.025452604327744544,1.0,3300000000.0,6699999999.999996,83993594.281557,40930459.862264,941296.669217,116853193.415292,0.0,50079940.053296,50079940.032082,0.0,221649.21427700002,499995.9352377758,110824.607146,335745.88542229997,300000.0,False,True
1713,4,0,1,NORMAL,0.025469914886846363,0.025219034008254003,0.025469914886846363,1.0,3300000000.0,6699999999.999996,84050719.126593,40961587.171167,942505.577343,116930770.643021,0.0,50113187.436623,50113187.415394,0.0,221649.222097,499995.9756825102,110824.611056,335974.377126228,300000.0,False,True
1714,4,0,1,NORMAL,0.025487226027493332,0.02523633671917267,0.025487226027493332,1.0,3300000000.0,6699999999.999996,84107845.890728,40992720.450504,943715.307128,117008347.873459,0.0,50146434.821111,50146434.799866,0.0,221649.22983600004,499996.0157248192,110824.614926,336202.876506372,300000.0,False,True
1715,4,0,1,NORMAL,0.025504537749700303,0.025253640011464778,0.025504537749700303,1.0,3300000000.0,6699999999.999996,84164974.574011,41023859.701412,944925.858599,117085925.106581,0.0,50179682.206746,50179682.185487,0.0,221649.2375,499996.0553687069,110824.618757,336431.383562912,300000.0,False,True
1716,4,0,1,NORMAL,0.0255218500534797,0.02527094388514316,0.0255218500534797,1.0,3300000000.0,6699999999.999996,84222105.176483,41055004.925028,946137.231784,117163502.342357,0.0,50212929.593519,50212929.572247,0.0,221649.245085,499996.0946181374,110824.622549,336659.898296044,300000.0,False,True
1717,4,0,1,NORMAL,0.02553916293884727,0.025288248340220844,0.02553916293884727,1.0,3300000000.0,6699999999.999996,84279237.698196,41086156.122489,947349.426711,117241079.580765,0.0,50246176.981413,50246176.960134,0.0,221649.25259699998,499996.1334770358,110824.626302,336888.420705932,300000.0,False,True
1718,4,0,1,NORMAL,0.025556476405815456,0.025305553376710824,0.025556476405815456,1.0,3300000000.0,6699999999.999996,84336372.139191,41117313.294932,948562.443407,117318656.821774,0.0,50279424.370428,50279424.349135,0.0,221649.26003399998,499996.1719492875,110824.63002400001,337116.950792784,300000.0,False,True
1719,4,0,1,NORMAL,0.025573790454398483,0.02532285899462616,0.025573790454398483,1.0,3300000000.0,6699999999.999996,84393508.499515,41148476.4435,949776.2819,117396234.065362,0.0,50312671.760541,50312671.739243,0.0,221649.26739700005,499996.2100387399,110824.63370100003,337345.48855676403,300000.0,False,True
1720,4,0,1,NORMAL,0.025591105084611515,0.025340165193980056,0.025591105084611515,1.0,3300000000.0,6699999999.999996,84450646.779218,41179645.569323,950990.942217,117473811.311499,0.0,50345919.151755,50345919.130441,0.0,221649.274686,499996.24774920143,110824.63735099998,337574.03399806,300000.0,False,True
1721,4,0,1,NORMAL,0.025608420296466667,0.025357471974785644,0.025608420296466667,1.0,3300000000.0,6699999999.999996,84507786.97834,41210820.673548,952206.424386,117551388.560162,0.0,50379166.54405,50379166.522723,0.0,221649.28190300005,499996.2850844433,110824.64095799999,337802.587116872,300000.0,False,True
1722,4,0,1,NORMAL,0.0256257360899797,0.02537477933705623,0.0256257360899797,1.0,3300000000.0,6699999999.999996,84564929.096933,41242001.75731,953422.728435,117628965.811327,0.0,50412413.937416,50412413.916076,0.0,221649.289049,499996.32204819884,110824.64453100001,338031.14791336,300000.0,False,True
1723,4,0,1,NORMAL,0.02564305246516424,0.025392087280805137,0.02564305246516424,1.0,3300000000.0,6699999999.999996,84622073.135042,41273188.821748,954639.854391,117706543.064966,0.0,50445661.331845,50445661.310491,0.0,221649.296122,499996.35864416417,110824.64806800001,338259.716387732,300000.0,False,True
1724,4,0,1,NORMAL,0.02566036942203515,0.025409395806045783,0.02566036942203515,1.0,3300000000.0,6699999999.999996,84679219.092716,41304381.868002,955857.802282,117784120.321058,0.0,50478908.727323,50478908.705957,0.0,221649.30312799997,499996.39487599884,110824.65156999999,338488.292540168,300000.0,False,True
1725,4,0,1,NORMAL,0.025677686960605756,0.025426704912791587,0.025677686960605756,1.0,3300000000.0,6699999999.999996,84736366.969999,41335580.897213,957076.572135,117861697.579575,0.0,50512156.123843,50512156.102462,0.0,221649.310059,499996.43074732594,110824.655037,338716.876370864,300000.0,False,True
1726,4,0,1,NORMAL,0.025695005080891512,0.025444014601056098,0.025695005080891512,1.0,3300000000.0,6699999999.999996,84793516.766942,41366785.91052,958296.163978,117939274.840495,0.0,50545403.521392,50545403.499998,0.0,221649.31692499996,499996.46626173245,110824.658469,338945.467879996,300000.0,False,True
1727,4,0,1,NORMAL,0.02571232378290606,0.025461324870852873,0.02571232378290606,1.0,3300000000.0,6699999999.999996,84850668.48359,41397996.909063,959516.577839,118016852.103792,0.0,50578650.919964,50578650.898553,0.0,221649.32372100002,499996.5014227697,110824.661869,339174.06706776796,300000.0,False,True
1728,4,0,1,NORMAL,0.025729643066664545,0.025478635722195563,0.025729643066664545,1.0,3300000000.0,6699999999.999996,84907822.119993,41429213.893985,960737.813745,118094429.369446,0.0,50611898.319542,50611898.298117,0.0,221649.33045,499996.5362339536,110824.665232,339402.67393436003,300000.0,False,True
1729,4,0,1,NORMAL,0.025746962932181212,0.025495947155097863,0.025746962932181212,1.0,3300000000.0,6699999999.999996,84964977.676198,41460436.866426,961959.871724,118172006.637433,0.0,50645145.720118,50645145.69868,0.0,221649.337113,499996.5706987652,110824.668563,339631.288479972,300000.0,False,True
1730,4,0,1,NORMAL,0.02576428337947091,0.025513259169573546,0.02576428337947091,1.0,3300000000.0,6699999999.999996,85022135.152254,41491665.827525,963182.751803,118249583.907726,0.0,50678393.121686,50678393.100233,0.0,221649.343707,499996.604820651,110824.67186099998,339859.910704792,300000.0,False,True
1731,4,0,1,NORMAL,0.02578160440854818,0.025530571765636428,0.02578160440854818,1.0,3300000000.0,6699999999.999996,85079294.548209,41522900.778426,964406.454011,118327161.180305,0.0,50711640.524234,50711640.502765,0.0,221649.350238,499996.6386030228,110824.675127,340088.540609016,300000.0,False,True
1732,4,0,1,NORMAL,0.02579892601942788,0.025547884943300393,0.02579892601942788,1.0,3300000000.0,6699999999.999996,85136455.864112,41554141.720272,965630.978375,118404738.455149,0.0,50744887.927748,50744887.906267,0.0,221649.356704,499996.67204925895,110824.67835800002,340317.178192836,300000.0,False,True
1733,4,0,1,NORMAL,0.025816248212124547,0.02556519870257937,0.025816248212124547,1.0,3300000000.0,6699999999.999996,85193619.100011,41585388.654203,966856.324922,118482315.732233,0.0,50778135.332222,50778135.310729,0.0,221649.36310399996,499996.7051627039,110824.68155800001,340545.82345644804,300000.0,False,True
1734,4,0,1,NORMAL,0.02583357098665303,0.02558251304348735,0.02583357098665303,1.0,3300000000.0,6699999999.999996,85250784.255955,41616641.581362,968082.49368,118559893.011535,0.0,50811382.737646,50811382.716142,0.0,221649.36944100002,499996.73794666893,110824.68472600002,340774.47640004405,300000.0,False,True
1735,4,0,1,NORMAL,0.025850894343027273,0.025599827966038314,0.025850894343027273,1.0,3300000000.0,6699999999.999996,85307951.33199,41647900.502895,969309.484676,118637470.293033,0.0,50844630.144012,50844630.122496,0.0,221649.375716,499996.7704044322,110824.68786399999,341003.13702382,300000.0,False,True
1736,4,0,1,NORMAL,0.025868218281263636,0.0256171434702464,0.025868218281263636,1.0,3300000000.0,6699999999.999996,85365120.32817,41679165.419941,970537.297938,118715047.576706,0.0,50877877.551307,50877877.529783,0.0,221649.38192800002,499996.8025392395,110824.690968,341231.80532796,300000.0,False,True
1737,4,0,1,NORMAL,0.025885542801376366,0.025634459556125755,0.025885542801376366,1.0,3300000000.0,6699999999.999996,85422291.244542,41710436.333643,971765.933494,118792624.86253,0.0,50911124.959529,50911124.937991,0.0,221649.38807799996,499996.8343543042,110824.694046,341460.48131268,300000.0,False,True
1738,4,0,1,NORMAL,0.025902867903380908,0.025651776223690605,0.025902867903380908,1.0,3300000000.0,6699999999.999996,85479464.081157,41741713.245145,972995.391372,118870202.150486,0.0,50944372.368661,50944372.347114,0.0,221649.39416700002,499996.8658528077,110824.69708800002,341689.16497816803,300000.0,False,True
1739,4,0,1,NORMAL,0.025920193587291515,0.025669093472955182,0.025920193587291515,1.0,3300000000.0,6699999999.999996,85536638.838062,41772996.155593,974225.671599,118947779.440551,0.0,50977619.778699,50977619.757141,0.0,221649.400195,499996.89703789976,110824.70010300001,341917.856324628,300000.0,False,True
1740,4,0,1,NORMAL,0.02593751985312333,0.025686411303933773,0.02593751985312333,1.0,3300000000.0,6699999999.999996,85593815.515307,41804285.066131,975456.774202,119025356.732705,0.0,51010867.189631,51010867.168063,0.0,221649.406162,499996.9279126989,110824.70308599998,342146.555352248,300000.0,False,True
1741,4,0,1,NORMAL,0.025954846700892122,0.025703729716640766,0.025954846700892122,1.0,3300000000.0,6699999999.999996,85650994.112944,41835579.977901,976688.69921,119102934.026927,0.0,51044114.601448,51044114.579871,0.0,221649.41206899998,499996.9584802923,110824.70603899998,342375.262061228,300000.0,False,True
1742,4,0,1,NORMAL,0.02597217413061273,0.02572104871109057,0.02597217413061273,1.0,3300000000.0,6699999999.999996,85708174.631022,41866880.892049,977921.446649,119180511.323196,0.0,51077362.014146,51077361.992554,0.0,221649.417919,499996.9887437368,110824.70896700003,342603.97645177605,300000.0,False,True
1743,4,0,1,NORMAL,0.02598950214230091,0.02573836828729769,0.02598950214230091,1.0,3300000000.0,6699999999.999996,85765357.069593,41898187.80972,979155.016548,119258088.621493,0.0,51110609.427712,51110609.406107,0.0,221649.42371299997,499997.0187060586,110824.71186300003,342832.698524088,300000.0,False,True
1744,4,0,1,NORMAL,0.026006830735970606,0.02575568844527659,0.026006830735970606,1.0,3300000000.0,6699999999.999996,85822541.428703,41929500.732061,980389.408934,119335665.921796,0.0,51143856.842138,51143856.820521,0.0,221649.42944600002,499997.0483702539,110824.714729,343061.428278372,300000.0,False,True
1745,4,0,1,NORMAL,0.026024159911638485,0.025773009185041874,0.026024159911638485,1.0,3300000000.0,6699999999.999996,85879727.708407,41960819.660214,981624.623835,119413243.224086,0.0,51177104.257417,51177104.235785,0.0,221649.43512299997,499997.0777392889,110824.717569,343290.165714812,300000.0,False,True
1746,4,0,1,NORMAL,0.026041489669318785,0.025790330506608127,0.026041489669318785,1.0,3300000000.0,6699999999.999996,85936915.908752,41992144.595329,982860.661278,119490820.528343,0.0,51210351.673536,51210351.651895,0.0,221649.440743,499997.1068161005,110824.720376,343518.91083362803,300000.0,False,True
1747,4,0,1,NORMAL,0.026058820009027272,0.025807652409990008,0.026058820009027272,1.0,3300000000.0,6699999999.999996,85994106.02979,42023475.53855,984097.521291,119568397.834547,0.0,51243599.090494,51243599.068837,0.0,221649.44630800004,499997.13560359646,110824.72316200001,343747.663635008,300000.0,False,True
1748,4,0,1,NORMAL,0.026076150930779397,0.02582497489520223,0.026076150930779397,1.0,3300000000.0,6699999999.999996,86051298.071572,42054812.491024,985335.203902,119645975.14268,0.0,51276846.508276,51276846.486606,0.0,221649.451817,499997.1641046552,110824.72591499997,343976.42411916,300000.0,False,True
1749,4,0,1,NORMAL,0.02609348243459091,0.025842297962259564,0.02609348243459091,1.0,3300000000.0,6699999999.999996,86108492.03415,42086155.453896,986573.709138,119723552.452721,0.0,51310093.926879,51310093.905192,0.0,221649.45727100002,499997.1923221268,110824.728644,344205.192286288,300000.0,False,True
1750,4,0,1,NORMAL,0.026110814520477577,0.025859621611176855,0.026110814520477577,1.0,3300000000.0,6699999999.999996,86165687.917576,42117504.428315,987813.037027,119801129.764654,0.0,51343341.346286,51343341.324591,0.0,221649.462672,499997.22025883326,110824.73134000003,344433.96813660004,300000.0,False,True
1751,4,0,1,NORMAL,0.026128147188454243,0.025876945841968948,0.026128147188454243,1.0,3300000000.0,6699999999.999996,86222885.721899,42148859.415427,989053.187597,119878707.078458,0.0,51376588.766498,51376588.74479,0.0,221649.468019,499997.2479175677,110824.734016,344662.751670304,300000.0,False,True
1752,4,0,1,NORMAL,0.026145480438536366,0.02589427065465072,0.026145480438536366,1.0,3300000000.0,6699999999.999996,86280085.44717,42180220.41638,990294.160875,119956284.394113,0.0,51409836.187507,51409836.165783,0.0,221649.473312,499997.2753010962,110824.73666400003,344891.542887596,300000.0,False,True
1753,4,0,1,NORMAL,0.026162814270739392,0.025911596049237085,0.026162814270739392,1.0,3300000000.0,6699999999.999996,86337287.09344,42211587.432322,991535.956889,120033861.711601,0.0,51443083.609304,51443083.587562,0.0,221649.47855200002,499997.302412157,110824.73928499999,345120.34178868,300000.0,False,True
1754,4,0,1,NORMAL,0.026180148685080305,0.025928922025743102,0.026180148685080305,1.0,3300000000.0,6699999999.999996,86394490.660765,42242960.464401,992778.575666,120111439.030907,0.0,51476331.031875,51476331.010121,0.0,221649.483742,499997.3292534611,110824.741877,345349.14837376,300000.0,False,True
1755,4,0,1,NORMAL,0.026197483681574242,0.02594624858418382,0.026197483681574242,1.0,3300000000.0,6699999999.999996,86451696.149195,42274339.513764,994022.017234,120189016.35201,0.0,51509578.455219,51509578.433448,0.0,221649.488877,499997.35582769266,110824.74444700002,345577.96264306,300000.0,False,True
1756,4,0,1,NORMAL,0.026214819260236364,0.02596357572457431,0.026214819260236364,1.0,3300000000.0,6699999999.999996,86508903.55878,42305724.581562,995266.281621,120266593.674893,0.0,51542825.879326,51542825.857539,0.0,221649.493964,499997.382137509,110824.74698999999,345806.78459678,300000.0,False,True
1757,4,0,1,NORMAL,0.026232155421083033,0.025980903446929715,0.026232155421083033,1.0,3300000000.0,6699999999.999996,86566112.889574,42337115.668945,996511.368854,120344170.99954,0.0,51576073.304185,51576073.282386,0.0,221649.499,499997.408185541,110824.749506,346035.61423512,300000.0,False,True
1758,4,0,1,NORMAL,0.026249492164129695,0.0259982317512652,0.026249492164129695,1.0,3300000000.0,6699999999.999996,86623324.141628,42368512.777059,997757.278961,120421748.325931,0.0,51609320.729791,51609320.70798,0.0,221649.50398199997,499997.43397439335,110824.75199699998,346264.45155829604,300000.0,False,True
1759,4,0,1,NORMAL,0.026266829489392424,0.02601556063759599,0.026266829489392424,1.0,3300000000.0,6699999999.999996,86680537.314995,42399915.907053,999004.01197,120499325.654049,0.0,51642568.15614,51642568.134316,0.0,221649.50892099997,499997.45950664504,110824.754467,346493.29656651197,300000.0,False,True
1760,4,0,1,NORMAL,0.02628416739688636,0.026032890105937307,0.02628416739688636,1.0,3300000000.0,6699999999.999996,86737752.409725,42431325.060081,1000251.567908,120576902.983876,0.0,51675815.583223,51675815.561384,0.0,221649.51380500002,499997.4847848491,110824.75691,346722.14925998,300000.0,False,True
1761,4,0,1,NORMAL,0.026301505886629092,0.02605022015630452,0.026301505886629092,1.0,3300000000.0,6699999999.999996,86794969.425876,42462740.237288,1001499.946803,120654480.315398,0.0,51709063.011029,51709062.989176,0.0,221649.51864199995,499997.5098115334,110824.75932800001,346951.0096389,300000.0,False,True
1762,4,0,1,NORMAL,0.02631884495863576,0.02606755078871299,0.02631884495863576,1.0,3300000000.0,6699999999.999996,86852188.363498,42494161.439828,1002749.148682,120732057.648597,0.0,51742310.439552,51742310.417689,0.0,221649.52343399994,499997.53458920046,110824.761722,347179.87770350405,300000.0,False,True
1763,4,0,1,NORMAL,0.026336184612922423,0.026084882003178114,0.026336184612922423,1.0,3300000000.0,6699999999.999996,86909409.222644,42525588.668848,1003999.173574,120809634.983454,0.0,51775557.868788,51775557.846912,0.0,221649.528173,499997.559120328,110824.76409299999,347408.753453992,300000.0,False,True
1764,4,0,1,NORMAL,0.026353524849505153,0.026102213799715345,0.026353524849505153,1.0,3300000000.0,6699999999.999996,86966632.003367,42557021.925502,1005250.021505,120887212.319956,0.0,51808805.298725,51808805.27684,0.0,221649.532869,499997.58340736915,110824.76643900001,347637.636890576,300000.0,False,True
1765,4,0,1,NORMAL,0.02637086566839939,0.026119546178340124,0.02637086566839939,1.0,3300000000.0,6699999999.999996,87023856.705718,42588461.210939,1006501.692504,120964789.658084,0.0,51842052.729363,51842052.707463,0.0,221649.53751700002,499997.6074527526,110824.76876599998,347866.528013468,300000.0,False,True
1766,4,0,1,NORMAL,0.026388207069621212,0.02613687913906794,0.026388207069621212,1.0,3300000000.0,6699999999.999996,87081083.32975,42619906.526314,1007754.186598,121042366.997823,0.0,51875300.160689,51875300.138779,0.0,221649.54212000003,499997.63125888264,110824.77106499996,348095.426822872,300000.0,False,True
1767,4,0,1,NORMAL,0.02640554905318758,0.02615421268191437,0.02640554905318758,1.0,3300000000.0,6699999999.999996,87138311.875519,42651357.872774,1009007.503814,121119944.339156,0.0,51908547.5927,51908547.570776,0.0,221649.54667400004,499997.65482814005,110824.77334399999,348324.333319,300000.0,False,True
1768,4,0,1,NORMAL,0.02642289161911394,0.02617154680689499,0.02642289161911394,1.0,3300000000.0,6699999999.999996,87195542.343076,42682815.251472,1010261.644181,121197521.682066,0.0,51941795.025391,51941795.00345,0.0,221649.551185,499997.6781628815,110824.775601,348553.24750207603,300000.0,False,True
1769,4,0,1,NORMAL,0.026440234767417272,0.02618888151402546,0.026440234767417272,1.0,3300000000.0,6699999999.999996,87252774.732477,42714278.663561,1011516.607726,121275099.026541,0.0,51975042.458748,51975042.436795,0.0,221649.555652,499997.70126544073,110824.77783199999,348782.16937230405,300000.0,False,True
1770,4,0,1,NORMAL,0.02645757849811364,0.02620621680332147,0.02645757849811364,1.0,3300000000.0,6699999999.999996,87310009.043775,42745748.110193,1012772.394476,121352676.372563,0.0,52008289.89277,52008289.870802,0.0,221649.56007300003,499997.7241381276,110824.780044,349011.098929908,300000.0,False,True
1771,4,0,1,NORMAL,0.026474922811218788,0.026223552674798718,0.026474922811218788,1.0,3300000000.0,6699999999.999996,87367245.277022,42777223.592522,1014029.00446,121430253.720117,0.0,52041537.327445,52041537.305468,0.0,221649.564449,499997.7467832295,110824.78222899999,349240.0361751,300000.0,False,True
1772,4,0,1,NORMAL,0.026492267706749395,0.026240889128472958,0.026492267706749395,1.0,3300000000.0,6699999999.999996,87424483.432273,42808705.111701,1015286.437705,121507831.069188,0.0,52074784.762772,52074784.740783,0.0,221649.568784,499997.769203011,110824.78439800002,349468.98110808805,300000.0,False,True
1773,4,0,1,NORMAL,0.026509613184721212,0.02625822616435994,0.026509613184721212,1.0,3300000000.0,6699999999.999996,87481723.50958,42840192.668881,1016544.694238,121585408.419759,0.0,52108032.198746,52108032.176741,0.0,221649.57307399999,499997.7913997138,110824.78654500002,349697.933729092,300000.0,False,True
1774,4,0,1,NORMAL,0.026526959245151516,0.026275563782475527,0.026526959245151516,1.0,3300000000.0,6699999999.999996,87538965.509,42871686.265218,1017803.774087,121662985.771819,0.0,52141279.635352,52141279.613338,0.0,221649.57732300003,499997.8133755577,110824.78866600001,349926.89403832,300000.0,False,True
1775,4,0,1,NORMAL,0.026544305888056972,0.026292901982835622,0.026544305888056972,1.0,3300000000.0,6699999999.999996,87596209.430588,42903185.901863,1019063.67728,121740563.125351,0.0,52174527.07259,52174527.050564,0.0,221649.58152800004,499997.83513274026,110824.79076999999,350155.862036,300000.0,False,True
1776,4,0,1,NORMAL,0.026561653113453636,0.02631024076545614,0.026561653113453636,1.0,3300000000.0,6699999999.999996,87653455.274397,42934691.579972,1020324.403844,121818140.480342,0.0,52207774.51045,52207774.488415,0.0,221649.585693,499997.85667343705,110824.79285099999,350384.837722352,300000.0,False,True
1777,4,0,1,NORMAL,0.026579000921356972,0.02632758013035297,0.026579000921356972,1.0,3300000000.0,6699999999.999996,87710703.040478,42966203.300698,1021585.953808,121895717.836773,0.0,52241021.948933,52241021.926884,0.0,221649.589814,499997.87799980224,110824.79491400001,350613.821097588,300000.0,False,True
1778,4,0,1,NORMAL,0.02659634931178394,0.026344920077542067,0.02659634931178394,1.0,3300000000.0,6699999999.999996,87767952.728887,42997721.065199,1022848.327198,121973295.194633,0.0,52274269.388027,52274269.365965,0.0,221649.593895,499997.8991139683,110824.79695400002,350842.81216191204,300000.0,False,True
1779,4,0,1,NORMAL,0.026613698284752726,0.02636226060703953,0.026613698284752726,1.0,3300000000.0,6699999999.999996,87825204.339684,43029244.874625,1024111.524043,122050872.55391,0.0,52307516.827721,52307516.805654,0.0,221649.597937,499997.9200180466,110824.798971,351071.810915548,300000.0,False,True
1780,4,0,1,NORMAL,0.026631047840277876,0.026379601718861362,0.026631047840277876,1.0,3300000000.0,6699999999.999996,87882457.872917,43060774.730133,1025375.54437,122128449.914584,0.0,52340764.268024,52340764.245941,0.0,221649.601938,499997.94071412756,110824.80097699999,351300.817358736,300000.0,False,True
1781,4,0,1,NORMAL,0.026648397978376665,0.026396943413023642,0.026648397978376665,1.0,3300000000.0,6699999999.999996,87939713.328643,43092310.632879,1026640.388207,122206027.276645,0.0,52374011.708916,52374011.686824,0.0,221649.605897,499997.9612042808,110824.802953,351529.831491668,300000.0,False,True
1782,4,0,1,NORMAL,0.02666574869906576,0.026414285689542488,0.02666574869906576,1.0,3300000000.0,6699999999.999996,87996970.706917,43123852.584017,1027906.055581,122283604.640077,0.0,52407259.1504,52407259.128293,0.0,221649.609817,499997.9814905553,110824.80491599998,351758.85331457196,300000.0,False,True
1783,4,0,1,NORMAL,0.026683100002361817,0.026431628548434057,0.026683100002361817,1.0,3300000000.0,6699999999.999996,88054230.007794,43155400.584706,1029172.54652,122361182.00487,0.0,52440506.592464,52440506.570344,0.0,221649.613701,499998.0015749796,110824.80685699999,351987.88282766804,300000.0,False,True
1784,4,0,1,NORMAL,0.026700451888281213,0.02644897198971452,0.026700451888281213,1.0,3300000000.0,6699999999.999996,88111491.231328,43186954.636098,1030439.861052,122438759.371006,0.0,52473754.035107,52473754.012973,0.0,221649.617544,499998.02145956206,110824.80877900003,352216.920031176,300000.0,False,True
1785,4,0,1,NORMAL,0.026717804356841516,0.026466316013400135,0.026717804356841516,1.0,3300000000.0,6699999999.999996,88168754.377577,43218514.739353,1031707.999204,122516336.738476,0.0,52507001.478317,52507001.456172,0.0,221649.621349,499998.04114629125,110824.81068000001,352445.964925312,300000.0,False,True
1786,4,0,1,NORMAL,0.026735157408058787,0.026483660619507146,0.026735157408058787,1.0,3300000000.0,6699999999.999996,88226019.446594,43250080.895627,1032976.961004,122593914.107265,0.0,52540248.922091,52540248.899937,0.0,221649.62511700002,499998.06063713564,110824.81256299998,352675.017510308,300000.0,False,True
1787,4,0,1,NORMAL,0.026752511041949395,0.02650100580805181,0.026752511041949395,1.0,3300000000.0,6699999999.999996,88283286.438433,43281653.106076,1034246.74648,122671491.477358,0.0,52573496.36643,52573496.344259,0.0,221649.62884699996,499998.07993404457,110824.81443199998,352904.077786376,300000.0,False,True
1788,4,0,1,NORMAL,0.026769865258530604,0.026518351579050446,0.026769865258530604,1.0,3300000000.0,6699999999.999996,88340555.353151,43313231.371858,1035517.355659,122749068.848744,0.0,52606743.81132,52606743.789138,0.0,221649.632541,499998.0990389473,110824.81627600001,353133.145753732,300000.0,False,True
1789,4,0,1,NORMAL,0.026787220057819697,0.026535697932519434,0.026787220057819697,1.0,3300000000.0,6699999999.999996,88397826.190805,43344815.694129,1036788.788569,122826646.22141,0.0,52639991.256757,52639991.234565,0.0,221649.636196,499998.1179537547,110824.81810299998,353362.221412604,300000.0,False,True
1790,4,0,1,NORMAL,0.026804575439832726,0.02655304486847513,0.026804575439832726,1.0,3300000000.0,6699999999.999996,88455098.951448,43376406.074048,1038061.045238,122904223.595343,0.0,52673238.702738,52673238.680536,0.0,221649.63981799997,499998.1366803579,110824.81991399999,353591.30476322,300000.0,False,True
1791,4,0,1,NORMAL,0.026821931404586972,0.026570392386933962,0.026821931404586972,1.0,3300000000.0,6699999999.999996,88512373.635137,43408002.512771,1039334.125693,122981800.970528,0.0,52706486.149263,52706486.127042,0.0,221649.64340099998,499998.15522062976,110824.82171,353820.395805792,300000.0,False,True
1792,4,0,1,NORMAL,0.026839287952099694,0.026587740487912397,0.026839287952099694,1.0,3300000000.0,6699999999.999996,88569650.241929,43439605.011458,1040608.029962,123059378.346957,0.0,52739733.596315,52739733.574081,0.0,221649.64694900002,499998.1735764241,110824.823481,354049.494540548,300000.0,False,True
1793,4,0,1,NORMAL,0.02685664508238788,0.026605089171426944,0.02685664508238788,1.0,3300000000.0,6699999999.999996,88626928.77188,43471213.571265,1041882.758073,123136955.724615,0.0,52772981.043894,52772981.021647,0.0,221649.65046100004,499998.1917495766,110824.82523699998,354278.60096771596,300000.0,False,True
1794,4,0,1,NORMAL,0.026874002795467877,0.0266224384374941,0.026874002795467877,1.0,3300000000.0,6699999999.999996,88684209.225044,43502828.193354,1043158.310053,123214533.10349,0.0,52806228.491998,52806228.469733,0.0,221649.65394,499998.2097419045,110824.826979,354507.71508752,300000.0,False,True
1795,4,0,1,NORMAL,0.026891361091356362,0.026639788286130377,0.026891361091356362,1.0,3300000000.0,6699999999.999996,88741491.601476,43534448.878885,1044434.68593,123292110.483571,0.0,52839475.940616,52839475.918337,0.0,221649.65738399996,499998.22755520704,110824.828699,354736.836900176,300000.0,False,True
1796,4,0,1,NORMAL,0.026908719970071212,0.02665713871735237,0.026908719970071212,1.0,3300000000.0,6699999999.999996,88798775.901235,43566075.629014,1045711.885731,123369687.864845,0.0,52872723.389744,52872723.367453,0.0,221649.660792,499998.24519126554,110824.830402,354965.966405904,300000.0,False,True
1797,4,0,1,NORMAL,0.026926079431629394,0.026674489731176695,0.026926079431629394,1.0,3300000000.0,6699999999.999996,88856062.124377,43597708.444902,1046989.909485,123447265.247301,0.0,52905970.839376,52905970.817076,0.0,221649.664167,499998.2626518435,110824.832088,355195.10360494,300000.0,False,True
1798,4,0,1,NORMAL,0.026943439476047572,0.02669184132761998,0.026943439476047572,1.0,3300000000.0,6699999999.999996,88913350.270957,43629347.327708,1048268.757219,123524842.630926,0.0,52939218.289514,52939218.267197,0.0,221649.667509,499998.27993868705,110824.83376300002,355424.248497508,300000.0,False,True
1799,4,0,1,NORMAL,0.026960800103343334,0.026709193506698908,0.026960800103343334,1.0,3300000000.0,6699999999.999996,88970640.341033,43660992.278592,1049548.42896,123602420.015709,0.0,52972465.740145,52972465.717817,0.0,221649.67081699995,499998.29705352476,110824.835414,355653.401083828,300000.0,False,True
1800,4,0,1,NORMAL,0.026978161313532728,0.026726546268430126,0.026978161313532728,1.0,3300000000.0,6699999999.999996,89027932.334658,43692643.298716,1050828.924737,123679997.401638,0.0,53005713.191268,53005713.168926,0.0,221649.67409000001,499998.31399806816,110824.837052,355882.561364132,300000.0,False,True
1801,4,0,1,NORMAL,0.026995523106633938,0.026743899612830375,0.026995523106633938,1.0,3300000000.0,6699999999.999996,89085226.251892,43724300.38924,1052110.244576,123757574.788703,0.0,53038960.642875,53038960.620523,0.0,221649.677334,499998.3307740117,110824.838672,356111.729338632,300000.0,False,True
1802,4,0,1,NORMAL,0.02701288548266394,0.026761253539916412,0.02701288548266394,1.0,3300000000.0,6699999999.999996,89142522.092791,43755963.551323,1053392.388506,123835152.176891,0.0,53072208.094968,53072208.072601,0.0,221649.68054699997,499998.34738303284,110824.84028100001,356340.905007568,300000.0,False,True
1803,4,0,1,NORMAL,0.027030248441639697,0.026778608049705013,0.027030248441639697,1.0,3300000000.0,6699999999.999996,89199819.857411,43787632.786126,1054675.356554,123912729.56619,0.0,53105455.547538,53105455.525156,0.0,221649.68372300002,499998.3638267926,110824.841869,356570.08837116405,300000.0,False,True
1804,4,0,1,NORMAL,0.02704761198357909,0.026795963142213018,0.02704761198357909,1.0,3300000000.0,6699999999.999996,89257119.545811,43819308.094812,1055959.148748,123990306.956593,0.0,53138703.000572,53138702.978186,0.0,221649.68687000003,499998.3801069353,110824.843437,356799.279429644,300000.0,False,True
1805,4,0,1,NORMAL,0.02706497610849818,0.026813318817457226,0.02706497610849818,1.0,3300000000.0,6699999999.999996,89314421.158044,43850989.478542,1057243.765116,124067884.348085,0.0,53171950.454081,53171950.43168,0.0,221649.68998700002,499998.3962250889,110824.84500100001,357028.478183244,300000.0,False,True
1806,4,0,1,NORMAL,0.02708234081641515,0.026830675075454512,0.02708234081641515,1.0,3300000000.0,6699999999.999996,89371724.69417,43882676.938476,1058529.205685,124145461.740656,0.0,53205197.908054,53205197.885637,0.0,221649.69307200002,499998.41218286526,110824.84654400001,357257.684632176,300000.0,False,True
1807,4,0,1,NORMAL,0.027099706107347275,0.026848031916221787,0.027099706107347275,1.0,3300000000.0,6699999999.999996,89429030.154246,43914370.475779,1059815.470483,124223039.134297,0.0,53238445.362481,53238445.340052,0.0,221649.696124,499998.42798186,110824.84806799999,357486.89877668,300000.0,False,True
1808,4,0,1,NORMAL,0.02711707198131121,0.026865389339775943,0.02711707198131121,1.0,3300000000.0,6699999999.999996,89486337.538327,43946070.091612,1061102.559538,124300616.528996,0.0,53271692.81736,53271692.794922,0.0,221649.69914699998,499998.44362365315,110824.84957799998,357716.12061698403,300000.0,False,True
1809,4,0,1,NORMAL,0.027134438438324544,0.02688274734613392,0.027134438438324544,1.0,3300000000.0,6699999999.999996,89543646.846471,43977775.787137,1062390.472877,124378193.924741,0.0,53304940.272693,53304940.25024,0.0,221649.70214100002,499998.45910980884,110824.85107800002,357945.35015330795,300000.0,False,True
1810,4,0,1,NORMAL,0.027151805478405153,0.02690010593531271,0.027151805478405153,1.0,3300000000.0,6699999999.999996,89600958.078737,44009487.563519,1063679.210528,124455771.321526,0.0,53338187.728468,53338187.706001,0.0,221649.70510599998,499998.4744418757,110824.85255999997,358174.587385884,300000.0,False,True
1811,4,0,1,NORMAL,0.027169173101569397,0.026917465107329272,0.027169173101569397,1.0,3300000000.0,6699999999.999996,89658271.235179,44041205.42192,1064968.772519,124533348.719336,0.0,53371435.184684,53371435.162204,0.0,221649.708039,499998.48962138675,110824.854026,358403.832314948,300000.0,False,True
1812,4,0,1,NORMAL,0.02718654130783576,0.02693482486220066,0.02718654130783576,1.0,3300000000.0,6699999999.999996,89715586.315858,44072929.363501,1066259.158877,124610926.118162,0.0,53404682.641338,53404682.618843,0.0,221649.71094500003,499998.50464986014,110824.85548,358633.08494071604,300000.0,False,True
1813,4,0,1,NORMAL,0.027203910097221517,0.026952185199943943,0.027203910097221517,1.0,3300000000.0,6699999999.999996,89772903.320831,44104659.389426,1067550.36963,124688503.517995,0.0,53437930.098424,53437930.075914,0.0,221649.713823,499998.5195287986,110824.856919,358862.345263432,300000.0,False,True
1814,4,0,1,NORMAL,0.027221279469743034,0.026969546120576143,0.027221279469743034,1.0,3300000000.0,6699999999.999996,89830222.250152,44136395.500864,1068842.404806,124766080.918825,0.0,53471177.555935,53471177.533412,0.0,221649.71666900002,499998.53425969003,110824.85834099998,359091.613283324,300000.0,False,True
1815,4,0,1,NORMAL,0.02723864942541909,0.026986907624114397,0.02723864942541909,1.0,3300000000.0,6699999999.999996,89887543.103883,44168137.698976,1070135.264432,124843658.320643,0.0,53504425.013869,53504424.991331,0.0,221649.719489,499998.54884400737,110824.859752,359320.88900060806,300000.0,False,True
1816,4,0,1,NORMAL,0.027256019964266364,0.027004269710575818,0.027256019964266364,1.0,3300000000.0,6699999999.999996,89944865.882079,44199885.984925,1071428.948536,124921235.723437,0.0,53537672.472222,53537672.449668,0.0,221649.72227800003,499998.5632832093,110824.86114700002,359550.172415532,300000.0,False,True
1817,4,0,1,NORMAL,0.02727339108630273,0.027021632379977553,0.02727339108630273,1.0,3300000000.0,6699999999.999996,90002190.584799,44231640.359877,1072723.457146,124998813.127199,0.0,53570919.930988,53570919.908421,0.0,221649.72504299998,499998.5775787396,110824.862528,359779.463528316,300000.0,False,True
1818,4,0,1,NORMAL,0.02729076279154606,0.027038995632336815,0.02729076279154606,1.0,3300000000.0,6699999999.999996,90059517.212102,44263400.824996,1074018.790289,125076390.531919,0.0,53604167.390164,53604167.367584,0.0,221649.727779,499998.5917320277,110824.86389600001,360008.76233919605,300000.0,False,True
1819,4,0,1,NORMAL,0.027308135080012425,0.027056359467670727,0.027308135080012425,1.0,3300000000.0,6699999999.999996,90116845.764041,44295167.381448,1075314.947993,125153967.937584,0.0,53637414.849751,53637414.827153,0.0,221649.73048600001,499998.60574448906,110824.86525199999,360238.068848408,300000.0,False,True
1820,4,0,1,NORMAL,0.02732550795172121,0.02707372388599657,0.02732550795172121,1.0,3300000000.0,6699999999.999996,90174176.24068,44326940.030397,1076611.930286,125231545.344189,0.0,53670662.309738,53670662.287124,0.0,221649.73316799998,499998.61961752485,110824.86659199999,360467.383056164,300000.0,False,True
1821,4,0,1,NORMAL,0.027342881406690302,0.027091088887331652,0.027342881406690302,1.0,3300000000.0,6699999999.999996,90231508.642078,44358718.773008,1077909.737196,125309122.751726,0.0,53703909.770116,53703909.747496,0.0,221649.73582399997,499998.6333525225,110824.86791499998,360696.70496272,300000.0,False,True
1822,4,0,1,NORMAL,0.027360255444934846,0.02710845447169315,0.027360255444934846,1.0,3300000000.0,6699999999.999996,90288842.968285,44390503.610452,1079208.36875,125386700.160182,0.0,53737157.230891,53737157.208261,0.0,221649.738452,499998.64695085527,110824.86923100002,360926.034568312,300000.0,False,True
1823,4,0,1,NORMAL,0.027377630066474243,0.027125820639098384,0.027377630066474243,1.0,3300000000.0,6699999999.999996,90346179.219365,44422294.54389,1080507.824975,125464277.569548,0.0,53770404.692059,53770404.669416,0.0,221649.741055,499998.66041388316,110824.870534,361155.37187314,300000.0,False,True
1824,4,0,1,NORMAL,0.027395005271325455,0.027143187389564647,0.027395005271325455,1.0,3300000000.0,6699999999.999996,90403517.395374,44454091.574491,1081808.1059,125541854.979816,0.0,53803652.153612,53803652.130957,0.0,221649.74363,499998.67374295235,110824.87182100002,361384.71687746,300000.0,False,True
1825,4,0,1,NORMAL,0.02741238105950727,0.027160554723109336,0.02741238105950727,1.0,3300000000.0,6699999999.999996,90460857.496374,44485894.703419,1083109.211552,125619432.390977,0.0,53836899.615547,53836899.592882,0.0,221649.74618199997,499998.6869393958,110824.873096,361614.069581496,300000.0,False,True
