escenario,iteracion,vault_final_usd,fees_acumulados_usd,apreciacion_usd,supply_final,precio_luka_final,multiplo_tge,dia_b2,espiral,ruina,usuarios_finales,vol_a_promedio_usd
CONSERVADOR,1,65610684.83,97081383.84,-31470699.0,3851133912.0,0.30115054,3011.5,1024,0,0,283094.0,6740820.0
CONSERVADOR,2,136859121.77,94826223.4,42032898.37,3782027763.0,0.82951266,8295.1,1020,1,0,283094.0,6581251.0
CONSERVADOR,3,88377969.32,104489600.04,-16111630.72,3615724600.0,0.57005837,5700.6,1100,0,0,283094.0,7269366.0
CONSERVADOR,4,57290047.87,100875788.15,-43585740.28,3484815982.0,0.28911963,2891.2,1167,1,0,283094.0,7007576.0
CONSERVADOR,5,94360943.67,102198933.79,-7837990.13,3872788350.0,0.5532175,5532.2,982,0,0,283094.0,7110829.0
CONSERVADOR,6,53577912.86,91877426.05,-38299513.18,3534929251.0,0.25959709,2596.0,1078,0,0,283094.0,6379062.0
CONSERVADOR,7,344038572.81,99425605.06,244612967.74,4753213359.0,1.40807066,14080.7,649,0,0,283094.0,6909981.0
CONSERVADOR,8,70660526.46,104315458.32,-33654931.86,3636220909.0,0.06806998,680.7,1064,0,0,283094.0,7258627.0
CONSERVADOR,9,77058577.39,102111726.55,-25053149.15,4375069374.0,0.28290005,2829.0,874,0,0,283094.0,7101564.0
CONSERVADOR,10,99082873.54,102797801.77,-3714928.23,3729853003.0,0.61227534,6122.8,1040,1,0,283094.0,7149565.0
CONSERVADOR,11,65555525.69,103731671.62,-38176145.93,3673249289.0,0.32519485,3251.9,1068,1,0,283094.0,7214136.0
CONSERVADOR,12,175196431.1,94336648.98,80859782.12,4317651095.0,0.18923925,1892.4,893,0,0,283094.0,6549202.0
CONSERVADOR,13,67426664.47,97393272.7,-29966608.22,3873808605.0,0.395161,3951.6,1056,1,0,283094.0,6765294.0
CONSERVADOR,14,180776838.59,108344098.51,72432740.08,4061178205.0,0.9905643,9905.6,917,0,0,283094.0,7539694.0
CONSERVADOR,15,175301360.04,96813854.74,78487505.3,4122037004.0,0.94016785,9401.7,901,0,0,283094.0,6723244.0
CONSERVADOR,16,93758145.07,94989706.68,-1231561.61,3402656835.0,0.53706965,5370.7,1081,0,0,283094.0,6594945.0
CONSERVADOR,17,402122711.7,99694163.94,302428547.76,5478674068.0,1.38363561,13836.4,565,0,0,283094.0,6926583.0
CONSERVADOR,18,177106066.97,101456532.24,75649534.72,5253187043.0,0.51606965,5160.7,541,0,0,283094.0,7049539.0
CONSERVADOR,19,103089383.75,104291625.14,-1202241.39,4058841882.0,0.56534448,5653.4,880,0,0,283094.0,7258798.0
CONSERVADOR,20,252797040.7,103535615.52,149261425.18,4485267037.0,1.09950039,10995.0,707,0,0,283094.0,7207215.0
CONSERVADOR,21,140692512.06,106900060.06,33792452.0,4145879191.0,0.60302194,6030.2,844,0,0,283094.0,7437739.0
CONSERVADOR,22,382491082.15,107048822.59,275442259.56,4461768937.0,0.44097033,4409.7,799,0,0,283094.0,7451430.0
CONSERVADOR,23,82432146.73,113008937.42,-30576790.68,3485173220.0,0.55903447,5590.3,980,0,0,283094.0,7875628.0
CONSERVADOR,24,68552150.4,102549130.18,-33996979.78,4586409151.0,0.31377251,3137.7,797,0,0,283094.0,7129509.0
CONSERVADOR,25,62454902.24,97293543.67,-34838641.43,3340355291.0,0.34012768,3401.3,1138,1,0,283094.0,6766784.0
CONSERVADOR,26,60421490.03,100521837.16,-40100347.13,3355149076.0,0.08185291,818.5,1149,1,0,283094.0,6986456.0
CONSERVADOR,27,83582310.43,102584886.03,-19002575.6,3659173837.0,0.3397294,3397.3,998,0,0,283094.0,7132554.0
CONSERVADOR,28,146237006.47,99592558.81,46644447.65,4121257880.0,0.16475753,1647.6,932,0,0,283094.0,6925297.0
CONSERVADOR,29,71507360.86,101347086.71,-29839725.85,3546524269.0,0.47358743,4735.9,1169,0,0,283094.0,7054609.0
CONSERVADOR,30,248235261.61,100496072.88,147739188.73,4739825374.0,1.08014698,10801.5,655,0,0,283094.0,6983944.0
CONSERVADOR,31,232244120.09,94033898.95,138210221.15,4543758510.0,0.19544842,1954.5,753,0,0,283094.0,6524725.0
CONSERVADOR,32,86724610.59,103208695.24,-16484084.65,3793408566.0,0.42494767,4249.5,1035,0,0,283094.0,7176379.0
CONSERVADOR,33,184378647.57,97883032.95,86495614.61,3351988276.0,1.23180788,12318.1,1138,1,0,283094.0,6791632.0
CONSERVADOR,34,230452922.19,97334108.54,133118813.65,4210596123.0,0.27239687,2724.0,875,0,0,283094.0,6761739.0
CONSERVADOR,35,177732440.14,108167145.86,69565294.27,3581124186.0,0.81813677,8181.4,1049,0,0,283094.0,7531829.0
CONSERVADOR,36,109907269.62,102011361.22,7895908.4,4206582522.0,0.47296497,4729.6,817,0,0,283094.0,7092376.0
CONSERVADOR,37,167995206.48,100027970.93,67967235.55,3862304187.0,0.22142133,2214.2,944,0,0,283094.0,6951640.0
CONSERVADOR,38,95769832.47,103254565.72,-7484733.25,3878232250.0,0.08737196,873.7,1070,1,0,283094.0,7186123.0
CONSERVADOR,39,702741451.5,100022737.84,602718713.66,5349590467.0,2.51705565,25170.6,647,0,0,283094.0,6951798.0
CONSERVADOR,40,272482519.57,101916888.45,170565631.13,3640038350.0,1.74146744,17414.7,990,0,0,283094.0,7089124.0
CONSERVADOR,41,84431386.83,89316502.34,-4885115.51,3917442365.0,0.48705047,4870.5,1095,1,0,283094.0,6189317.0
CONSERVADOR,42,277369996.81,102959541.85,174410454.96,4297880742.0,1.39947864,13994.8,1025,0,0,283094.0,7153588.0
CONSERVADOR,43,100843053.87,94882412.89,5960640.97,4753154125.0,0.34492467,3449.2,893,0,0,283094.0,6581352.0
CONSERVADOR,44,183644888.22,97083053.33,86561834.89,4605085292.0,0.14067141,1406.7,888,0,0,283094.0,6738236.0
CONSERVADOR,45,83856728.62,100333527.53,-16476798.91,3951588425.0,0.36751843,3675.2,974,1,0,283094.0,6974913.0
CONSERVADOR,46,195188107.39,104432163.06,90755944.34,4728826064.0,0.7447254,7447.3,857,0,0,283094.0,7263226.0
CONSERVADOR,47,139979410.0,107277015.15,32702394.85,4960880069.0,0.45412723,4541.3,561,0,0,283094.0,7457468.0
CONSERVADOR,48,56187995.94,94390865.26,-38202869.32,3435540681.0,0.38850628,3885.1,1066,0,0,283094.0,6560632.0
CONSERVADOR,49,89654697.18,95714823.67,-6060126.49,3810784708.0,0.10635199,1063.5,1085,1,0,283094.0,6644875.0
CONSERVADOR,50,119060275.28,97678157.17,21382118.11,3742359756.0,0.156006,1560.1,834,0,0,283094.0,6790170.0
CONSERVADOR,51,300048294.84,95211787.28,204836507.56,4316262895.0,1.42133556,14213.4,918,0,0,283094.0,6611473.0
CONSERVADOR,52,113778818.89,104853870.13,8924948.76,4014045163.0,0.63397648,6339.8,911,0,0,283094.0,7293075.0
CONSERVADOR,53,73386586.85,99929360.56,-26542773.71,4267670739.0,0.07223308,722.3,831,0,0,283094.0,6950129.0
CONSERVADOR,54,94252713.96,94630530.26,-377816.31,3763397922.0,0.57521999,5752.2,1075,1,0,283094.0,6568908.0
CONSERVADOR,55,92388478.93,100975165.86,-8586686.92,3689659307.0,0.4780648,4780.6,1078,0,0,283094.0,7017210.0
CONSERVADOR,56,135522574.16,102125923.42,33396650.73,4349917311.0,0.54876549,5487.7,927,0,0,283094.0,7100776.0
CONSERVADOR,57,152173742.62,99794203.35,52379539.27,4276604841.0,0.66874385,6687.4,844,0,0,283094.0,6936423.0
CONSERVADOR,58,110419082.81,98779611.03,11639471.78,5064350590.0,0.43269682,4327.0,716,0,0,283094.0,6856722.0
CONSERVADOR,59,148875010.94,100632864.24,48242146.69,4143308683.0,0.79250577,7925.1,882,0,0,283094.0,6993524.0
CONSERVADOR,60,118498752.15,101457968.23,17040783.92,4014474312.0,0.43699271,4369.9,984,0,0,283094.0,7054606.0
CONSERVADOR,61,109617467.76,103416445.77,6201021.99,4060217702.0,0.60085179,6008.5,931,0,0,283094.0,7191629.0
CONSERVADOR,62,75320418.69,105398835.99,-30078417.3,4204998515.0,0.39241869,3924.2,980,0,0,283094.0,7333207.0
CONSERVADOR,63,110675106.41,100912631.78,9762474.63,4004146019.0,0.48082167,4808.2,1009,0,0,283094.0,7017670.0
CONSERVADOR,64,117588258.14,105155462.13,12432796.01,4697301230.0,0.51884906,5188.5,769,0,0,283094.0,7313699.0
CONSERVADOR,65,153583887.8,99595973.83,53987913.97,4245195219.0,0.12978534,1297.9,923,0,0,283094.0,6912254.0
CONSERVADOR,66,77656115.14,101215528.07,-23559412.93,4034422335.0,0.33883934,3388.4,981,0,0,283094.0,7034743.0
CONSERVADOR,67,190503968.25,103494465.14,87009503.11,4384613354.0,0.80992615,8099.3,811,0,0,283094.0,7194398.0
CONSERVADOR,68,350990443.27,104440125.79,246550317.48,4371693047.0,0.42139038,4213.9,909,0,0,283094.0,7267370.0
CONSERVADOR,69,54477976.99,99271069.91,-44793092.93,3397110394.0,0.38242289,3824.2,1157,0,0,283094.0,6906864.0
CONSERVADOR,70,117830374.64,103676043.15,14154331.5,4736340547.0,0.10116099,1011.6,702,0,0,283094.0,7206409.0
CONSERVADOR,71,65646534.51,101306737.96,-35660203.45,3300065692.0,0.4790081,4790.1,1162,1,0,283094.0,7048568.0
CONSERVADOR,72,93186023.4,102683835.97,-9497812.57,3987592689.0,0.5241613,5241.6,1009,0,0,283094.0,7143752.0
CONSERVADOR,73,310033027.53,100706551.41,209326476.12,4576298719.0,1.33283217,13328.3,793,0,0,283094.0,6993551.0
CONSERVADOR,74,180290502.52,96798110.79,83492391.73,4589588050.0,0.82434286,8243.4,916,0,0,283094.0,6717887.0
CONSERVADOR,75,125899007.84,103664295.94,22234711.91,3764278787.0,0.12654458,1265.4,974,1,0,283094.0,7208353.0
CONSERVADOR,76,167902273.16,102680084.06,65222189.1,4420547236.0,0.56118313,5611.8,651,0,0,283094.0,7144378.0
CONSERVADOR,77,189109764.58,107754973.17,81354791.41,4397356792.0,0.92230701,9223.1,673,0,0,283094.0,7500366.0
CONSERVADOR,78,92388689.84,101647749.32,-9259059.49,3821357662.0,0.55192885,5519.3,881,0,0,283094.0,7062899.0
CONSERVADOR,79,191341761.96,102864774.58,88476987.38,4809054888.0,0.81398969,8139.9,627,0,0,283094.0,7153617.0
CONSERVADOR,80,303308105.73,110113094.05,193195011.68,5337216046.0,1.09058528,10905.9,640,0,0,283094.0,7670025.0
CONSERVADOR,81,76497863.56,101018128.62,-24520265.06,3740163934.0,0.47090361,4709.0,994,0,0,283094.0,7027349.0
CONSERVADOR,82,376949877.73,99470365.04,277479512.68,4698785290.0,1.66245102,16624.5,875,1,0,283094.0,6909498.0
CONSERVADOR,83,232585290.5,96961574.53,135623715.97,4770063821.0,1.00209503,10021.0,754,0,0,283094.0,6729448.0
CONSERVADOR,84,79558025.15,100612322.34,-21054297.19,3857933267.0,0.37478156,3747.8,1119,1,0,283094.0,6994293.0
CONSERVADOR,85,72448401.12,96112681.12,-23664280.0,4075133745.0,0.29303341,2930.3,901,0,0,283094.0,6673327.0
CONSERVADOR,86,131197939.6,99906968.59,31290971.01,4109757202.0,0.14698387,1469.8,1065,0,0,283094.0,6941266.0
CONSERVADOR,87,88940445.91,105643664.88,-16703218.97,3925861238.0,0.51150342,5115.0,964,0,0,283094.0,7350746.0
CONSERVADOR,88,61306475.73,102504302.72,-41197826.99,3959322305.0,0.26612281,2661.2,1011,0,0,283094.0,7132665.0
CONSERVADOR,89,110046606.5,94982035.65,15064570.85,3998160213.0,0.61666611,6166.7,741,0,0,283094.0,6594211.0
CONSERVADOR,90,88504755.04,95554276.52,-7049521.48,4270404609.0,0.45079323,4507.9,981,0,0,283094.0,6629499.0
CONSERVADOR,91,149375240.47,98152439.91,51222800.55,4621780535.0,0.11237814,1123.8,720,0,0,283094.0,6816867.0
CONSERVADOR,92,71517965.64,101587113.89,-30069148.24,3987523901.0,0.07575068,757.5,1023,0,0,283094.0,7065509.0
CONSERVADOR,93,82192568.67,104075096.39,-21882527.72,4314552533.0,0.30992853,3099.3,732,0,0,283094.0,7238870.0
CONSERVADOR,94,87663533.29,105969682.14,-18306148.85,3723779780.0,0.43037712,4303.8,1055,0,0,283094.0,7375132.0
CONSERVADOR,95,124406213.83,105617850.96,18788362.86,4881128395.0,0.41965852,4196.6,580,0,0,283094.0,7344685.0
CONSERVADOR,96,87496352.46,98285269.3,-10788916.84,3300060722.0,0.63844262,6384.4,1152,0,0,283094.0,6825603.0
CONSERVADOR,97,68834178.26,101550136.97,-32715958.71,3603605723.0,0.44604512,4460.5,1062,0,0,283094.0,7065164.0
CONSERVADOR,98,174355490.93,91240908.97,83114581.97,4200688981.0,0.15426558,1542.7,952,0,0,283094.0,6325838.0
CONSERVADOR,99,182113601.15,107681984.78,74431616.38,4151552167.0,0.86202545,8620.3,871,0,0,283094.0,7490567.0
CONSERVADOR,100,419379381.11,99903605.91,319475775.21,3983951162.0,1.95930124,19593.0,913,0,0,283094.0,6940493.0
CONSERVADOR,101,276317314.71,99521589.87,176795724.83,3985798387.0,1.55525323,15552.5,981,1,0,283094.0,6917041.0
CONSERVADOR,102,521114034.63,99820362.22,421293672.41,5046533098.0,2.05370356,20537.0,562,0,0,283094.0,6936550.0
CONSERVADOR,103,63021315.17,97141590.84,-34120275.67,3761003415.0,0.05632303,563.2,1098,0,0,283094.0,6742927.0
CONSERVADOR,104,103667400.13,100285820.18,3381579.95,3619601074.0,0.66769615,6677.0,1041,0,0,283094.0,6973207.0
CONSERVADOR,105,86193164.32,95048469.08,-8855304.76,4245454354.0,0.4428151,4428.2,950,0,0,283094.0,6596938.0
CONSERVADOR,106,90660338.25,95328441.55,-4668103.29,3779286534.0,0.45089427,4508.9,1028,1,0,283094.0,6617725.0
CONSERVADOR,107,1109007233.98,97816553.59,1011190680.39,5012188939.0,4.41876846,44187.7,728,0,0,283094.0,6789522.0
CONSERVADOR,108,89407497.91,103100433.91,-13692936.0,4194605369.0,0.36166979,3616.7,961,0,0,283094.0,7168223.0
CONSERVADOR,109,84075864.14,100771572.86,-16695708.72,3300111628.0,0.5096738,5096.7,1100,0,0,283094.0,7009442.0
CONSERVADOR,110,119844876.42,98653933.58,21190942.84,4003760074.0,0.56524504,5652.5,834,0,0,283094.0,6859451.0
CONSERVADOR,111,134133898.27,95620118.18,38513780.09,4448024580.0,0.64306539,6430.7,776,0,0,283094.0,6634861.0
CONSERVADOR,112,91058089.14,101121747.01,-10063657.87,4162793004.0,0.38644388,3864.4,852,0,0,283094.0,7033421.0
CONSERVADOR,113,128683739.22,101872592.61,26811146.62,3800180498.0,0.7747601,7747.6,936,0,0,283094.0,7079684.0
CONSERVADOR,114,153338984.48,98428863.98,54910120.51,4535226377.0,0.71392747,7139.3,927,0,0,283094.0,6836295.0
CONSERVADOR,115,101811065.99,95335232.29,6475833.7,4224052223.0,0.52693986,5269.4,956,0,0,283094.0,6614210.0
CONSERVADOR,116,279004148.9,101191277.01,177812871.88,4442980874.0,1.33988165,13398.8,815,0,0,283094.0,7034151.0
CONSERVADOR,117,82664761.03,95600102.66,-12935341.63,4444825372.0,0.30940894,3094.1,855,0,0,283094.0,6631674.0
CONSERVADOR,118,81936035.57,102329745.98,-20393710.41,3971430188.0,0.46355727,4635.6,978,0,0,283094.0,7120329.0
CONSERVADOR,119,150847483.55,101947949.89,48899533.67,4424074191.0,0.72906878,7290.7,816,0,0,283094.0,7091407.0
CONSERVADOR,120,63122752.24,96583647.81,-33460895.57,3753265504.0,0.38668423,3866.8,960,1,0,283094.0,6707908.0
CONSERVADOR,121,117287480.27,96534543.41,20752936.86,3857358962.0,0.58599949,5860.0,1094,0,0,283094.0,6700776.0
CONSERVADOR,122,132078915.04,104029198.2,28049716.84,4433094963.0,0.40355782,4035.6,767,0,0,283094.0,7240713.0
CONSERVADOR,123,174303820.35,100129709.46,74174110.88,4715859602.0,0.655914,6559.1,898,0,0,283094.0,6955505.0
CONSERVADOR,124,841848170.84,102643930.12,739204240.72,5045197411.0,3.31912581,33191.3,726,0,0,283094.0,7134963.0
CONSERVADOR,125,116772063.52,99891415.84,16880647.68,4180901291.0,0.48999039,4899.9,893,0,0,283094.0,6942688.0
CONSERVADOR,126,313537060.07,97430503.75,216106556.32,4046683762.0,0.34001181,3400.1,899,0,0,283094.0,6766036.0
CONSERVADOR,127,106734202.2,109707442.24,-2973240.04,3441509345.0,0.6308924,6308.9,1065,0,0,283094.0,7640136.0
CONSERVADOR,128,268653773.39,104203550.21,164450223.18,4530841758.0,1.25265337,12526.5,811,0,0,283094.0,7246296.0
CONSERVADOR,129,71515190.51,98532824.98,-27017634.47,3583345860.0,0.46700859,4670.1,1048,0,0,283094.0,6842058.0
CONSERVADOR,130,104434985.45,106467474.81,-2032489.36,4056295568.0,0.47234183,4723.4,891,0,0,283094.0,7408473.0
CONSERVADOR,131,448594894.67,104832367.92,343762526.75,4411266696.0,2.11977279,21197.7,793,0,0,283094.0,7292789.0
CONSERVADOR,132,73501473.31,99561666.13,-26060192.82,3614995028.0,0.47423281,4742.3,1073,0,0,283094.0,6922266.0
CONSERVADOR,133,204615333.97,97936494.87,106678839.09,3803935971.0,0.28119241,2811.9,1055,0,0,283094.0,6806265.0
CONSERVADOR,134,72433781.55,104240542.62,-31806761.07,3513974466.0,0.37619002,3761.9,1112,0,0,283094.0,7243368.0
CONSERVADOR,135,89456470.95,97657868.3,-8201397.35,4379834579.0,0.06519867,652.0,769,0,0,283094.0,6784912.0
CONSERVADOR,136,80710132.26,107104139.78,-26394007.52,3937369644.0,0.08848296,884.8,872,0,0,283094.0,7462461.0
CONSERVADOR,137,53920470.12,101868133.72,-47947663.6,3300060480.0,0.39344645,3934.5,1196,0,0,283094.0,7090743.0
CONSERVADOR,138,59578078.46,99864030.08,-40285951.62,3428398878.0,0.24312561,2431.3,1127,0,0,283094.0,6945438.0
CONSERVADOR,139,160326711.92,107754584.78,52572127.14,3638762684.0,1.02516076,10251.6,1044,0,0,283094.0,7502465.0
CONSERVADOR,140,204861573.84,102794460.94,102067112.9,3521389433.0,1.36997533,13699.8,950,0,0,283094.0,7152758.0
CONSERVADOR,141,117284590.0,96508596.51,20775993.49,3683772220.0,0.61522425,6152.2,992,0,0,283094.0,6701540.0
CONSERVADOR,142,182382998.91,98960602.12,83422396.78,5069901775.0,0.7134384,7134.4,673,0,0,283094.0,6869176.0
CONSERVADOR,143,97462637.27,94101216.9,3361420.37,3512838843.0,0.65391986,6539.2,1044,1,0,283094.0,6534751.0
CONSERVADOR,144,117937514.18,100720049.92,17217464.26,4918911853.0,0.09739019,973.9,769,0,0,283094.0,6997935.0
CONSERVADOR,145,74072456.58,104517787.92,-30445331.34,3888707748.0,0.431765,4317.6,1036,0,0,283094.0,7272909.0
CONSERVADOR,146,99707671.54,105961533.63,-6253862.09,3904599749.0,0.57785205,5778.5,1103,1,0,283094.0,7369529.0
CONSERVADOR,147,65093260.04,102373260.24,-37280000.19,3575148457.0,0.42640494,4264.0,1017,0,0,283094.0,7126611.0
CONSERVADOR,148,83478662.8,103101380.77,-19622717.97,4409092634.0,0.40551673,4055.2,863,0,0,283094.0,7167736.0
CONSERVADOR,149,97954394.68,96973462.18,980932.5,3720188837.0,0.09583855,958.4,994,0,0,283094.0,6736135.0
CONSERVADOR,150,284286356.45,100507400.02,183778956.43,3953539658.0,1.61873011,16187.3,914,0,0,283094.0,6984399.0
CONSERVADOR,151,216324078.9,103820983.61,112503095.29,5079234504.0,0.14651397,1465.1,603,0,0,283094.0,7220227.0
CONSERVADOR,152,79931709.54,99229030.52,-19297320.99,3830710011.0,0.36673596,3667.4,977,0,0,283094.0,6899481.0
CONSERVADOR,153,77244712.11,108845669.23,-31600957.11,3902451395.0,0.34162921,3416.3,953,0,0,283094.0,7578975.0
CONSERVADOR,154,104004600.54,99471664.62,4532935.92,4703980702.0,0.09133025,913.3,727,0,0,283094.0,6915562.0
CONSERVADOR,155,82232442.19,97984239.07,-15751796.89,3730264433.0,0.50807153,5080.7,1054,0,0,283094.0,6809956.0
CONSERVADOR,156,288493258.67,101529636.35,186963622.32,4661397013.0,0.24001144,2400.1,630,0,0,283094.0,7057541.0
CONSERVADOR,157,381813380.15,103635212.21,278178167.94,5656385679.0,1.24368945,12436.9,494,0,0,283094.0,7199111.0
CONSERVADOR,158,78627580.76,103210760.46,-24583179.7,3741948048.0,0.48369293,4836.9,1009,1,0,283094.0,7176892.0
CONSERVADOR,159,88003245.6,105365539.99,-17362294.39,3924383663.0,0.50638358,5063.8,833,0,0,283094.0,7330430.0
CONSERVADOR,160,180567798.56,106637944.36,73929854.2,4115832158.0,0.16598838,1659.9,1033,0,0,283094.0,7411652.0
CONSERVADOR,161,101157183.36,98612626.32,2544557.04,3752958785.0,0.61975018,6197.5,969,0,0,283094.0,6857077.0
CONSERVADOR,162,100521244.02,95077031.74,5444212.29,4030142421.0,0.55690438,5569.0,848,0,0,283094.0,6602039.0
CONSERVADOR,163,111009441.22,101117847.84,9891593.38,3970148939.0,0.6283302,6283.3,947,0,0,283094.0,7032558.0
CONSERVADOR,164,160032433.21,100948871.66,59083561.55,5020802979.0,0.63588608,6358.9,604,0,0,283094.0,7017973.0
CONSERVADOR,165,275165491.36,104948645.24,170216846.13,4024788967.0,1.17748751,11774.9,933,0,0,283094.0,7303450.0
CONSERVADOR,166,186042215.35,109857254.64,76184960.71,4410622491.0,0.63618116,6361.8,733,0,0,283094.0,7644896.0
CONSERVADOR,167,211511401.61,99629222.45,111882179.16,4280511085.0,0.95814521,9581.5,817,0,0,283094.0,6924401.0
CONSERVADOR,168,123728706.33,103443297.93,20285408.41,4396772418.0,0.4900716,4900.7,837,0,0,283094.0,7197863.0
CONSERVADOR,169,81013544.91,98607583.32,-17594038.4,3838365333.0,0.09333103,933.3,845,0,0,283094.0,6847342.0
CONSERVADOR,170,111354704.88,101534398.95,9820305.93,4527713502.0,0.40908391,4090.8,623,0,0,283094.0,7056497.0
CONSERVADOR,171,68391414.53,95576724.66,-27185310.13,4139114533.0,0.36460298,3646.0,902,0,0,283094.0,6638482.0
CONSERVADOR,172,213334013.78,104459227.32,108874786.47,4985401271.0,0.75002892,7500.3,596,0,0,283094.0,7261833.0
CONSERVADOR,173,132548121.2,105845047.82,26703073.38,3816265436.0,0.52370494,5237.0,937,1,0,283094.0,7363162.0
CONSERVADOR,174,109771530.96,98625701.97,11145828.99,4109835455.0,0.5912514,5912.5,1010,0,0,283094.0,6854480.0
CONSERVADOR,175,411152419.88,100721845.5,310430574.38,5078929074.0,0.31001783,3100.2,566,0,0,283094.0,6996575.0
CONSERVADOR,176,89951063.88,97534554.58,-7583490.7,3632454715.0,0.57653862,5765.4,964,0,0,283094.0,6780031.0
CONSERVADOR,177,64111488.32,99272953.06,-35161464.74,3300200343.0,0.36036651,3603.7,1190,1,0,283094.0,6902518.0
CONSERVADOR,178,80903165.94,103586580.42,-22683414.48,3472309075.0,0.55141733,5514.2,1019,0,0,283094.0,7211786.0
CONSERVADOR,179,71021289.64,93954957.25,-22933667.61,4259088594.0,0.25949615,2595.0,1012,0,0,283094.0,6517603.0
CONSERVADOR,180,75778678.11,97117445.85,-21338767.74,3638986597.0,0.38882417,3888.2,963,0,0,283094.0,6749515.0
CONSERVADOR,181,64136025.84,99281653.47,-35145627.62,3543120512.0,0.08371943,837.2,1053,0,0,283094.0,6897672.0
CONSERVADOR,182,245490328.11,100595238.51,144895089.61,4227592794.0,1.17001993,11700.2,827,0,0,283094.0,6996774.0
CONSERVADOR,183,460795072.61,96844986.3,363950086.31,4214794058.0,2.39258834,23925.9,754,0,0,283094.0,6722603.0
CONSERVADOR,184,148983909.58,96840354.05,52143555.52,3836358545.0,0.19484456,1948.4,945,0,0,283094.0,6725725.0
CONSERVADOR,185,95626686.15,97740059.05,-2113372.89,3890708634.0,0.55699894,5570.0,957,1,0,283094.0,6793625.0
CONSERVADOR,186,86737009.64,104738581.67,-18001572.03,3671409624.0,0.43252173,4325.2,974,1,0,283094.0,7290358.0
CONSERVADOR,187,712986030.12,103292628.57,609693401.55,4977686521.0,0.61517071,6151.7,672,0,0,283094.0,7181941.0
CONSERVADOR,188,308351054.59,106506090.99,201844963.6,4838278106.0,0.30059476,3005.9,705,0,0,283094.0,7406722.0
CONSERVADOR,189,179696021.73,96831217.48,82864804.25,4772426662.0,0.77362448,7736.2,751,0,0,283094.0,6725908.0
CONSERVADOR,190,303103373.88,102819128.77,200284245.1,5129159776.0,1.04841696,10484.2,622,0,0,283094.0,7145461.0
CONSERVADOR,191,83758485.74,105579738.08,-21821252.34,3589523692.0,0.08454601,845.5,1018,1,0,283094.0,7351766.0
CONSERVADOR,192,73184326.97,100753834.5,-27569507.53,3956699426.0,0.31576582,3157.7,1000,0,0,283094.0,7004978.0
CONSERVADOR,193,53840255.8,99982718.67,-46142462.86,3300111406.0,0.30584557,3058.5,1163,1,0,283094.0,6958507.0
CONSERVADOR,194,114116967.01,101881591.19,12235375.82,4035516600.0,0.63102026,6310.2,771,0,0,283094.0,7083695.0
CONSERVADOR,195,131278746.74,101936375.19,29342371.55,3989044565.0,0.73804531,7380.5,986,0,0,283094.0,7083763.0
CONSERVADOR,196,79987860.19,97411219.8,-17423359.61,3549309242.0,0.52918679,5291.9,1001,0,0,283094.0,6770610.0
CONSERVADOR,197,78032174.18,99232767.81,-21200593.63,3942949803.0,0.4460125,4460.1,1029,0,0,283094.0,6899368.0
CONSERVADOR,198,143340547.61,101005837.64,42334709.97,3466179818.0,0.97931205,9793.1,1070,0,0,283094.0,7026285.0
CONSERVADOR,199,128573253.03,101579782.45,26993470.58,4258353969.0,0.65760599,6576.1,870,0,0,283094.0,7058341.0
CONSERVADOR,200,133300795.81,103087672.38,30213123.43,4016213423.0,0.61909323,6190.9,854,0,0,283094.0,7172436.0
CONSERVADOR,201,61475313.7,98208482.48,-36733168.78,3613854443.0,0.0579526,579.5,990,0,0,283094.0,6830231.0
CONSERVADOR,202,246194780.78,103075802.82,143118977.96,4221058350.0,1.16902529,11690.3,769,0,0,283094.0,7169867.0
CONSERVADOR,203,133011183.77,107026213.53,25984970.23,4089089403.0,0.1178874,1178.9,802,0,0,283094.0,7450838.0
CONSERVADOR,204,156256471.26,103453720.58,52802750.68,3968882811.0,0.88483701,8848.4,907,0,0,283094.0,7199723.0
CONSERVADOR,205,77251034.57,103401260.78,-26150226.21,4129836053.0,0.41317651,4131.8,881,0,0,283094.0,7193120.0
CONSERVADOR,206,146182040.98,95269572.75,50912468.24,4507242802.0,0.56814049,5681.4,708,0,0,283094.0,6617377.0
CONSERVADOR,207,87846680.84,104436381.73,-16589700.9,4207927072.0,0.08775956,877.6,1029,0,0,283094.0,7267159.0
CONSERVADOR,208,150337487.68,94886840.67,55450647.0,3973762994.0,0.84983083,8498.3,1146,0,0,283094.0,6589378.0
CONSERVADOR,209,108076504.4,98974166.72,9102337.68,4175232466.0,0.113787,1137.9,935,0,0,283094.0,6876276.0
CONSERVADOR,210,149839095.56,101185011.31,48654084.25,4320306897.0,0.75022655,7502.3,927,0,0,283094.0,7033419.0
CONSERVADOR,211,99035731.82,94628909.15,4406822.68,4056538011.0,0.44526512,4452.7,1006,0,0,283094.0,6567899.0
CONSERVADOR,212,251528352.99,97549378.01,153978974.97,3871213209.0,1.40231408,14023.1,965,0,0,283094.0,6777000.0
CONSERVADOR,213,92871860.1,105280749.18,-12408889.08,4628123658.0,0.41924671,4192.5,663,0,0,283094.0,7322737.0
CONSERVADOR,214,101656618.05,107201407.75,-5544789.7,4058825341.0,0.55749043,5574.9,891,0,0,283094.0,7460608.0
CONSERVADOR,215,68933936.33,101657734.97,-32723798.64,3607791518.0,0.44598134,4459.8,1040,0,0,283094.0,7063719.0
CONSERVADOR,216,180963090.35,101135321.85,79827768.51,4270502640.0,0.82099673,8210.0,967,0,0,283094.0,7030253.0
CONSERVADOR,217,586390646.01,104488263.35,481902382.66,4644365258.0,2.63293483,26329.3,616,0,0,283094.0,7266666.0
CONSERVADOR,218,782429755.15,103537738.45,678892016.69,5018566092.0,0.67227098,6722.7,631,0,0,283094.0,7197684.0
CONSERVADOR,219,90429684.87,99036840.69,-8607155.82,4647269685.0,0.40564618,4056.5,777,0,0,283094.0,6881385.0
CONSERVADOR,220,387855211.13,102736087.11,285119124.03,4918501688.0,1.59255148,15925.5,560,0,0,283094.0,7141713.0
CONSERVADOR,221,330840948.67,93374229.62,237466719.05,4500043400.0,1.48267065,14826.7,794,0,0,283094.0,6480332.0
CONSERVADOR,222,83692245.1,93520312.99,-9828067.89,3659864001.0,0.10447839,1044.8,1062,1,0,283094.0,6490499.0
CONSERVADOR,223,326359951.47,107780527.88,218579423.59,3935823464.0,0.37400033,3740.0,912,0,0,283094.0,7508487.0
CONSERVADOR,224,128592532.22,96129391.89,32463140.33,4161128830.0,0.56022907,5602.3,973,0,0,283094.0,6672380.0
CONSERVADOR,225,96494566.67,98250492.83,-1755926.17,4337997978.0,0.48022207,4802.2,1053,0,0,283094.0,6821142.0
CONSERVADOR,226,83360632.16,97803422.41,-14442790.25,3864667029.0,0.49017253,4901.7,1034,0,0,283094.0,6795179.0
CONSERVADOR,227,150882529.51,99337678.59,51544850.92,4249876335.0,0.77397168,7739.7,978,0,0,283094.0,6903494.0
CONSERVADOR,228,134811135.33,105302670.41,29508464.92,3972342944.0,0.5003657,5003.7,912,0,0,283094.0,7324388.0
CONSERVADOR,229,70199408.41,102051191.65,-31851783.24,3367977908.0,0.40260664,4026.1,1115,1,0,283094.0,7089685.0
CONSERVADOR,230,84990334.09,102051394.07,-17061059.98,3355657941.0,0.48851565,4885.2,1075,0,0,283094.0,7097665.0
CONSERVADOR,231,151379913.4,99187444.82,52192468.59,4302977533.0,0.76245686,7624.6,891,0,0,283094.0,6892824.0
CONSERVADOR,232,64526640.88,99505689.14,-34979048.25,3575391937.0,0.42265387,4226.5,1005,0,0,283094.0,6920806.0
CONSERVADOR,233,419918982.31,103885177.26,316033805.05,4721743608.0,1.83805151,18380.5,859,0,0,283094.0,7224758.0
CONSERVADOR,234,212711404.37,96636576.93,116074827.44,5239703132.0,0.78856717,7885.7,546,0,0,283094.0,6705797.0
CONSERVADOR,235,143012365.33,102872828.22,40139537.11,4109668526.0,0.7703384,7703.4,935,0,0,283094.0,7157167.0
CONSERVADOR,236,283224142.02,103547346.43,179676795.59,3700007769.0,1.71800195,17180.0,977,0,0,283094.0,7203783.0
CONSERVADOR,237,132615567.73,104191168.76,28424398.97,3920648453.0,0.6211214,6211.2,922,0,0,283094.0,7248514.0
CONSERVADOR,238,207962240.24,106952446.05,101009794.2,5190850546.0,0.67735652,6773.6,705,0,0,283094.0,7434409.0
CONSERVADOR,239,74568970.64,98428393.85,-23859423.21,3739813165.0,0.36610806,3661.1,1118,1,0,283094.0,6837403.0
CONSERVADOR,240,174539456.47,102693046.8,71846409.67,3952517074.0,0.6791895,6791.9,962,0,0,283094.0,7147326.0
CONSERVADOR,241,169072125.66,98132994.91,70939130.75,4406779600.0,0.67610401,6761.0,782,0,0,283094.0,6817282.0
CONSERVADOR,242,200468525.18,102315652.32,98152872.86,4695763869.0,0.88499892,8850.0,784,0,0,283094.0,7110547.0
CONSERVADOR,243,50878728.62,96341091.86,-45462363.24,3300200246.0,0.05598056,559.8,1203,0,0,283094.0,6694212.0
CONSERVADOR,244,63358135.93,102410078.19,-39051942.27,3921362477.0,0.2112584,2112.6,955,0,0,283094.0,7126948.0
CONSERVADOR,245,129221446.12,108543429.63,20678016.49,3926873716.0,0.742891,7428.9,1012,0,0,283094.0,7551741.0
CONSERVADOR,246,248935922.95,104538962.01,144396960.94,4569706834.0,1.14576179,11457.6,607,0,0,283094.0,7274202.0
CONSERVADOR,247,79269601.03,93678717.9,-14409116.87,4269754165.0,0.3051521,3051.5,951,0,0,283094.0,6504330.0
CONSERVADOR,248,89174927.04,101404017.11,-12229090.07,4500442505.0,0.30550343,3055.0,956,0,0,283094.0,7047817.0
CONSERVADOR,249,78147468.27,101343459.76,-23195991.49,3717757937.0,0.09084506,908.5,851,0,0,283094.0,7053592.0
CONSERVADOR,250,214883257.81,97295727.09,117587530.72,4948064053.0,0.87396798,8739.7,644,0,0,283094.0,6754354.0
CONSERVADOR,251,74389028.87,104302940.11,-29913911.24,3780528037.0,0.35897562,3589.8,993,0,0,283094.0,7259702.0
CONSERVADOR,252,1051075517.77,100372327.05,950703190.71,4377761737.0,1.22040602,12204.1,902,0,0,283094.0,6976070.0
CONSERVADOR,253,68144770.47,106351598.96,-38206828.49,3502677175.0,0.07200548,720.1,1034,0,0,283094.0,7403612.0
CONSERVADOR,254,63883283.49,93413833.45,-29530549.96,3509221371.0,0.42922105,4292.2,1135,0,0,283094.0,6486139.0
CONSERVADOR,255,225628383.14,98386612.25,127241770.89,4526349499.0,1.0536202,10536.2,845,0,0,283094.0,6831835.0
CONSERVADOR,256,68829865.61,101577564.65,-32747699.05,3703713468.0,0.42949679,4295.0,1028,0,0,283094.0,7067815.0
CONSERVADOR,257,92466463.39,98275606.62,-5809143.22,3818479268.0,0.43718875,4371.9,976,0,0,283094.0,6828162.0
CONSERVADOR,258,233660026.42,100396685.25,133263341.16,4609436909.0,1.06134918,10613.5,747,0,0,283094.0,6975241.0
CONSERVADOR,259,380125906.0,102570474.0,277555432.0,4488639914.0,1.75599028,17559.9,918,0,0,283094.0,7127868.0
CONSERVADOR,260,77049811.18,99460819.39,-22411008.21,3540068865.0,0.39947323,3994.7,1111,0,0,283094.0,6919114.0
CONSERVADOR,261,109337537.83,94913356.44,14424181.39,3899134528.0,0.51709772,5171.0,949,0,0,283094.0,6583340.0
CONSERVADOR,262,1104084354.51,105890432.06,998193922.45,5485539166.0,3.79089522,37909.0,633,0,0,283094.0,7362039.0
CONSERVADOR,263,78029775.87,95360382.74,-17330606.87,3610685282.0,0.40719737,4072.0,1058,0,0,283094.0,6624525.0
CONSERVADOR,264,64384116.63,100709603.43,-36325486.8,3627050157.0,0.4135132,4135.1,983,0,0,283094.0,7005002.0
CONSERVADOR,265,323904116.64,99119042.33,224785074.31,3944187756.0,1.81441631,18144.2,1052,0,0,283094.0,6884738.0
CONSERVADOR,266,456653903.0,95497101.69,361156801.3,3326461527.0,0.88370343,8837.0,1059,0,0,283094.0,6635993.0
CONSERVADOR,267,93780847.56,101554747.79,-7773900.24,4052543544.0,0.41832614,4183.3,940,0,0,283094.0,7062260.0
CONSERVADOR,268,54926548.53,90075991.82,-35149443.28,3591182508.0,0.05153684,515.4,1020,0,0,283094.0,6249100.0
CONSERVADOR,269,117881734.41,105670132.48,12211601.94,3956933566.0,0.67040171,6704.0,905,1,0,283094.0,7351370.0
CONSERVADOR,270,177284670.97,99549200.66,77735470.31,3904476838.0,1.02749236,10274.9,1014,0,0,283094.0,6918859.0
CONSERVADOR,271,596077325.42,100679190.48,495398134.94,4601220773.0,2.71493913,27149.4,872,0,0,283094.0,6995059.0
CONSERVADOR,272,650067080.67,106738383.3,543328697.37,5026542920.0,2.57829896,25783.0,646,0,0,283094.0,7428214.0
CONSERVADOR,273,56664487.03,97751587.46,-41087100.43,3300143051.0,0.32431067,3243.1,1210,1,0,283094.0,6798299.0
CONSERVADOR,274,103963217.89,97349884.41,6613333.48,3982829581.0,0.5857796,5857.8,916,0,0,283094.0,6763164.0
CONSERVADOR,275,73485513.52,95099760.29,-21614246.77,3476848796.0,0.49997607,4999.8,980,0,0,283094.0,6601273.0
CONSERVADOR,276,93507875.39,96762674.1,-3254798.71,3647579492.0,0.4776966,4777.0,1042,0,0,283094.0,6727234.0
CONSERVADOR,277,81298856.74,101845566.6,-20546709.86,4162754219.0,0.4298448,4298.4,857,0,0,283094.0,7077133.0
CONSERVADOR,278,416225235.11,102239178.83,313986056.28,4197099665.0,2.17449075,21744.9,858,0,0,283094.0,7110994.0
CONSERVADOR,279,235251720.56,100945726.49,134305994.07,5209665824.0,0.77329089,7732.9,538,0,0,283094.0,7021080.0
CONSERVADOR,280,102705226.91,99774895.39,2930331.52,3648586751.0,0.65428562,6542.9,1104,1,0,283094.0,6939999.0
CONSERVADOR,281,273465573.85,100704309.39,172761264.46,4973938413.0,1.00565221,10056.5,603,0,0,283094.0,6998266.0
CONSERVADOR,282,426797464.29,101677910.52,325119553.78,5282730252.0,1.56100054,15610.0,620,0,0,283094.0,7053895.0
CONSERVADOR,283,1155109594.89,106000183.66,1049109411.23,4790603434.0,4.94357226,49435.7,749,0,0,283094.0,7376568.0
CONSERVADOR,284,92489871.23,101884673.28,-9394802.05,4274331683.0,0.4704544,4704.5,960,0,0,283094.0,7085662.0
CONSERVADOR,285,99498514.59,100824264.79,-1325750.2,4067651436.0,0.43205479,4320.5,1028,0,0,283094.0,7009761.0
CONSERVADOR,286,150181533.58,103497598.99,46683934.59,3478218716.0,0.91644525,9164.5,1019,0,0,283094.0,7198291.0
CONSERVADOR,287,138959348.59,103601746.28,35357602.3,3699101253.0,0.76121072,7612.1,981,0,0,283094.0,7208313.0
CONSERVADOR,288,70357082.82,98640225.64,-28283142.82,3901896012.0,0.40815137,4081.5,1005,1,0,283094.0,6857952.0
CONSERVADOR,289,116852119.41,96310352.99,20541766.42,3367610475.0,0.82991725,8299.2,1071,0,0,283094.0,6693058.0
CONSERVADOR,290,219709059.09,104207434.12,115501624.97,4932051102.0,0.89820861,8982.1,734,0,0,283094.0,7247969.0
CONSERVADOR,291,77395604.87,101443135.68,-24047530.81,4064646647.0,0.0628057,628.1,942,0,0,283094.0,7050128.0
CONSERVADOR,292,121912418.54,99470687.88,22441730.66,4037488710.0,0.56901837,5690.2,993,0,0,283094.0,6912739.0
CONSERVADOR,293,196051724.77,98691273.21,97360451.56,4676759193.0,0.8709294,8709.3,757,0,0,283094.0,6856764.0
CONSERVADOR,294,108255734.0,100396151.49,7859582.52,3512183478.0,0.11858152,1185.8,1023,0,0,283094.0,6981508.0
CONSERVADOR,295,108258016.33,99381340.13,8876676.2,3682730742.0,0.68085679,6808.6,980,0,0,283094.0,6900918.0
CONSERVADOR,296,99991703.16,99857566.06,134137.11,4309372807.0,0.3944047,3944.0,898,0,0,283094.0,6939918.0
CONSERVADOR,297,104125594.98,103742716.76,382878.22,4816455662.0,0.44189754,4419.0,609,0,0,283094.0,7216296.0
CONSERVADOR,298,94854082.57,102069947.12,-7215864.55,3891457907.0,0.11315066,1131.5,926,0,0,283094.0,7096576.0
CONSERVADOR,299,142072988.62,103832180.42,38240808.2,4662695845.0,0.63406926,6340.7,751,0,0,283094.0,7217163.0
CONSERVADOR,300,144701769.83,103641496.97,41060272.86,4316176369.0,0.72553026,7255.3,832,0,0,283094.0,7202757.0
CONSERVADOR,301,85834655.0,99879210.71,-14044555.71,4377619318.0,0.42144037,4214.4,758,0,0,283094.0,6942094.0
CONSERVADOR,302,89134418.39,105730258.53,-16595840.14,3768242952.0,0.54300879,5430.1,1040,0,0,283094.0,7361191.0
CONSERVADOR,303,93056484.34,100565063.84,-7508579.5,4187491011.0,0.48778417,4877.8,976,0,0,283094.0,6984049.0
CONSERVADOR,304,65454027.25,101048128.99,-35594101.74,3414910186.0,0.45625849,4562.6,1198,1,0,283094.0,7029211.0
CONSERVADOR,305,103076601.5,95230794.3,7845807.2,3662825932.0,0.53300641,5330.1,1010,0,0,283094.0,6614782.0
CONSERVADOR,306,161431230.47,103792093.53,57639136.94,4336773065.0,0.80372707,8037.3,702,0,0,283094.0,7220966.0
CONSERVADOR,307,101135871.44,101507139.22,-371267.79,4205024553.0,0.52691219,5269.1,933,0,0,283094.0,7056709.0
CONSERVADOR,308,120486182.1,104542003.25,15944178.86,4355536541.0,0.4770786,4770.8,725,0,0,283094.0,7277375.0
CONSERVADOR,309,321545875.49,100905295.4,220640580.09,4637131109.0,1.44721962,14472.2,902,0,0,283094.0,7008036.0
CONSERVADOR,310,64415043.53,104128619.34,-39713575.81,3678169405.0,0.40581348,4058.1,931,1,0,283094.0,7244749.0
CONSERVADOR,311,205505596.02,94819013.33,110686582.69,3831428287.0,1.22316453,12231.6,990,0,0,283094.0,6582325.0
CONSERVADOR,312,141638151.88,104674090.22,36964061.66,4491571457.0,0.66916312,6691.6,775,0,0,283094.0,7270808.0
CONSERVADOR,313,112233398.5,99234021.89,12999376.61,3653621844.0,0.71362848,7136.3,1046,0,0,283094.0,6894266.0
CONSERVADOR,314,124843184.94,96495241.69,28347943.24,3831354673.0,0.74308377,7430.8,911,0,0,283094.0,6704983.0
CONSERVADOR,315,98571066.11,95983595.73,2587470.38,4027542346.0,0.43208904,4320.9,905,1,0,283094.0,6663811.0
CONSERVADOR,316,291343730.55,99443691.83,191900038.72,4926610105.0,1.10061297,11006.1,618,0,0,283094.0,6909080.0
CONSERVADOR,317,120201176.3,108385535.1,11815641.2,3699878721.0,0.75112899,7511.3,950,0,0,283094.0,7549327.0
CONSERVADOR,318,52899556.28,95196976.03,-42297419.76,3576286056.0,0.34637731,3463.8,1063,0,0,283094.0,6613781.0
CONSERVADOR,319,71044361.24,101400865.78,-30356504.54,3375191445.0,0.50306112,5030.6,1115,1,0,283094.0,7049489.0
CONSERVADOR,320,110279131.53,98111921.89,12167209.64,4243244679.0,0.46600145,4660.0,958,0,0,283094.0,6817078.0
CONSERVADOR,321,88016670.26,111494265.77,-23477595.51,3789254369.0,0.53205489,5320.5,1003,0,0,283094.0,7762052.0
CONSERVADOR,322,69061394.88,95819982.92,-26758588.04,3371765355.0,0.39411311,3941.1,1249,1,0,283094.0,6654191.0
CONSERVADOR,323,490829808.57,105048996.83,385780811.73,4499057552.0,2.31308491,23130.8,737,0,0,283094.0,7309950.0
CONSERVADOR,324,227762967.9,98933232.9,128829735.0,4179795387.0,1.19709418,11970.9,863,0,0,283094.0,6871790.0
CONSERVADOR,325,104485249.75,102874897.19,1610352.56,3772221791.0,0.10513281,1051.3,1047,1,0,283094.0,7155330.0
CONSERVADOR,326,370735635.03,100424350.46,270311284.58,3930410113.0,2.12863204,21286.3,915,0,0,283094.0,6985001.0
CONSERVADOR,327,98365459.94,100383883.85,-2018423.91,4036537989.0,0.54372349,5437.2,977,0,0,283094.0,6978146.0
CONSERVADOR,328,96856471.85,100787406.82,-3930934.97,4127178420.0,0.51851929,5185.2,961,1,0,283094.0,6999664.0
CONSERVADOR,329,107522740.03,96604214.41,10918525.62,3612430823.0,0.69441423,6944.1,856,0,0,283094.0,6710581.0
CONSERVADOR,330,57744756.23,94737717.3,-36992961.07,3300111447.0,0.33133442,3313.3,1211,1,0,283094.0,6584411.0
CONSERVADOR,331,166967569.69,99010065.73,67957503.96,4201897221.0,0.71830685,7183.1,988,0,0,283094.0,6883518.0
CONSERVADOR,332,72724477.49,105965710.64,-33241233.15,3999309578.0,0.40735751,4073.6,1003,0,0,283094.0,7377243.0
CONSERVADOR,333,221027274.36,103176218.44,117851055.92,4255825894.0,1.13146173,11314.6,835,0,0,283094.0,7175685.0
CONSERVADOR,334,79662015.21,98855263.14,-19193247.93,3762203591.0,0.48638866,4863.9,1049,0,0,283094.0,6863040.0
CONSERVADOR,335,676553296.61,103024069.41,573529227.2,5397314947.0,2.3514728,23514.7,486,0,0,283094.0,7159893.0
CONSERVADOR,336,64294334.49,97881291.37,-33586956.89,3706750737.0,0.29959081,2995.9,1132,1,0,283094.0,6802548.0
CONSERVADOR,337,244179782.83,100249054.12,143930728.71,3769482165.0,1.48686679,14868.7,1019,1,0,283094.0,6973635.0
CONSERVADOR,338,108087311.46,101417755.46,6669556.0,4133230497.0,0.57741626,5774.2,971,0,0,283094.0,7050655.0
CONSERVADOR,339,507306524.05,109635697.58,397670826.47,5352115419.0,1.81562179,18156.2,627,0,0,283094.0,7631341.0
CONSERVADOR,340,110774985.99,96208324.12,14566661.87,4158458811.0,0.47097564,4709.8,988,0,0,283094.0,6678961.0
CONSERVADOR,341,297425536.31,99923171.23,197502365.08,4177982923.0,1.5642199,15642.2,921,0,0,283094.0,6941146.0
CONSERVADOR,342,65632369.65,96191055.38,-30558685.73,3300721407.0,0.07218799,721.9,1117,1,0,283094.0,6685778.0
CONSERVADOR,343,77379662.37,103630840.03,-26251177.66,3938304273.0,0.33967036,3396.7,939,0,0,283094.0,7204574.0
CONSERVADOR,344,110704385.38,92628521.31,18075864.06,4734623254.0,0.48252959,4825.3,692,0,0,283094.0,6425850.0
CONSERVADOR,345,192229327.99,102773292.27,89456035.72,4867935757.0,0.80229375,8022.9,727,0,0,283094.0,7145656.0
CONSERVADOR,346,81203803.03,100413039.08,-19209236.05,4427409320.0,0.39202785,3920.3,779,0,0,283094.0,6975404.0
CONSERVADOR,347,120242380.5,99734723.54,20507656.97,4473634009.0,0.09292204,929.2,830,0,0,283094.0,6929862.0
CONSERVADOR,348,82405713.73,100893434.14,-18487720.41,3679297379.0,0.51893455,5189.3,987,0,0,283094.0,7013340.0
CONSERVADOR,349,104541732.13,98851648.59,5690083.54,4236774252.0,0.10999391,1099.9,836,0,0,283094.0,6866064.0
CONSERVADOR,350,141262240.34,102866170.73,38396069.61,4618923907.0,0.41059163,4105.9,776,0,0,283094.0,7149299.0
CONSERVADOR,351,168603102.92,101905231.69,66697871.23,4051753152.0,0.16296173,1629.6,868,0,0,283094.0,7083643.0
CONSERVADOR,352,101133398.76,98652794.0,2480604.76,3992236859.0,0.56792031,5679.2,876,0,0,283094.0,6852698.0
CONSERVADOR,353,81330824.63,100075227.54,-18744402.91,3621080741.0,0.52353796,5235.4,994,0,0,283094.0,6962920.0
CONSERVADOR,354,114769503.34,96700441.5,18069061.84,3566895708.0,0.64713995,6471.4,1076,0,0,283094.0,6712987.0
CONSERVADOR,355,117211055.17,103722307.41,13488747.76,3784378859.0,0.5690173,5690.2,1012,1,0,283094.0,7213595.0
CONSERVADOR,356,141247994.62,105391083.62,35856911.0,4265828110.0,0.59460452,5946.0,904,0,0,283094.0,7332760.0
CONSERVADOR,357,140312495.38,103151647.57,37160847.81,3924735670.0,0.80727606,8072.8,954,0,0,283094.0,7166744.0
CONSERVADOR,358,164194627.36,106669273.54,57525353.82,4921404375.0,0.67356068,6735.6,666,0,0,283094.0,7419783.0
CONSERVADOR,359,89833351.28,103081905.96,-13248554.68,4177887222.0,0.47246718,4724.7,874,0,0,283094.0,7164287.0
CONSERVADOR,360,73093147.21,98313378.17,-25220230.96,4028405783.0,0.40519837,4052.0,1043,0,0,283094.0,6835422.0
CONSERVADOR,361,255719352.96,99817613.96,155901739.0,4871152870.0,1.06616731,10661.7,773,0,0,283094.0,6929539.0
CONSERVADOR,362,80852754.08,102216007.45,-21363253.37,3383345276.0,0.47026023,4702.6,998,1,0,283094.0,7110304.0
CONSERVADOR,363,106772430.79,99665393.97,7107036.83,3800240669.0,0.10499662,1050.0,976,1,0,283094.0,6930871.0
CONSERVADOR,364,68773536.04,99620075.44,-30846539.4,3958504253.0,0.2911039,2911.0,1226,0,0,283094.0,6930588.0
CONSERVADOR,365,411091813.56,104034307.6,307057505.95,5310222214.0,1.41590142,14159.0,570,0,0,283094.0,7235809.0
CONSERVADOR,366,366044361.44,100108545.35,265935816.09,4469318085.0,1.70253976,17025.4,771,0,0,283094.0,6960923.0
CONSERVADOR,367,229120333.08,99587452.39,129532880.69,4739212671.0,0.87549591,8755.0,880,0,0,283094.0,6922032.0
CONSERVADOR,368,98361343.55,96683476.3,1677867.24,3614231445.0,0.63481308,6348.1,1076,1,0,283094.0,6716818.0
CONSERVADOR,369,81965563.97,105711575.17,-23746011.19,3488389268.0,0.44262269,4426.2,1063,1,0,283094.0,7357049.0
CONSERVADOR,370,110385023.03,100310242.2,10074780.83,4171959667.0,0.58175737,5817.6,992,0,0,283094.0,6969753.0
CONSERVADOR,371,141553680.0,97402492.26,44151187.75,3999483171.0,0.16780899,1678.1,911,0,0,283094.0,6763727.0
CONSERVADOR,372,93992864.13,98937571.42,-4944707.29,3887353579.0,0.54814959,5481.5,892,0,0,283094.0,6875979.0
CONSERVADOR,373,221591974.56,97922430.02,123669544.54,4257429095.0,1.02404465,10240.4,920,0,0,283094.0,6799044.0
CONSERVADOR,374,181846451.38,99389013.2,82457438.18,4717325828.0,0.52828996,5282.9,800,0,0,283094.0,6905830.0
CONSERVADOR,375,187326539.77,108070398.15,79256141.62,4071546793.0,1.02269443,10226.9,924,0,0,283094.0,7522625.0
CONSERVADOR,376,149044498.18,99814410.44,49230087.73,4606655822.0,0.11271472,1127.1,758,0,0,283094.0,6936398.0
CONSERVADOR,377,429130565.67,100506090.06,328624475.61,4419565820.0,2.07721948,20772.2,794,0,0,283094.0,6984368.0
CONSERVADOR,378,72732565.44,95745298.51,-23012733.08,4090860157.0,0.39437894,3943.8,908,0,0,283094.0,6646097.0
CONSERVADOR,379,142616642.05,101586658.28,41029983.77,3607935566.0,0.92263526,9226.4,962,0,0,283094.0,7060153.0
CONSERVADOR,380,88351218.51,98625936.03,-10274717.53,4200700105.0,0.46099703,4610.0,996,0,0,283094.0,6850999.0
CONSERVADOR,381,660554543.27,103069722.49,557484820.78,4435572079.0,3.1801751,31801.8,783,0,0,283094.0,7167998.0
CONSERVADOR,382,285269765.63,104815351.79,180454413.84,4193938872.0,1.49197763,14919.8,831,0,0,283094.0,7295980.0
CONSERVADOR,383,680778464.16,91231828.9,589546635.26,5369225123.0,2.42349757,24235.0,606,0,0,283094.0,6319670.0
CONSERVADOR,384,147510377.71,108897654.26,38612723.45,3859490728.0,0.86902042,8690.2,888,0,0,283094.0,7588738.0
CONSERVADOR,385,72224031.03,98380621.93,-26156590.89,4133828875.0,0.38574909,3857.5,866,0,0,283094.0,6835980.0
CONSERVADOR,386,64512866.46,102438727.72,-37925861.26,3337991733.0,0.46362833,4636.3,1180,1,0,283094.0,7125121.0
CONSERVADOR,387,199335145.56,110740042.06,88595103.5,4403089211.0,0.84782278,8478.2,820,0,0,283094.0,7713313.0
CONSERVADOR,388,103515540.31,101567612.31,1947928.0,3951914995.0,0.48710542,4871.1,988,0,0,283094.0,7060493.0
CONSERVADOR,389,59342617.25,101687827.28,-42345210.03,3409369753.0,0.06106597,610.7,1071,0,0,283094.0,7073803.0
CONSERVADOR,390,99610778.85,101581860.8,-1971081.95,4234151162.0,0.40472899,4047.3,912,1,0,283094.0,7060648.0
CONSERVADOR,391,250797668.4,100638636.61,150159031.79,4230346706.0,1.29521743,12952.2,884,0,0,283094.0,6995977.0
CONSERVADOR,392,256866932.14,99246534.11,157620398.04,5086587170.0,0.99948338,9994.8,656,0,0,283094.0,6894185.0
CONSERVADOR,393,194848913.31,105546399.19,89302514.12,4572175865.0,0.89608207,8960.8,736,0,0,283094.0,7341768.0
CONSERVADOR,394,115861522.71,100075711.28,15785811.42,4442418573.0,0.08641857,864.2,959,0,0,283094.0,6943771.0
CONSERVADOR,395,92097690.46,105835042.64,-13737352.17,3300111593.0,0.55151531,5515.2,1123,1,0,283094.0,7368726.0
CONSERVADOR,396,367772898.53,98749562.7,269023335.83,5367683063.0,1.30986137,13098.6,496,0,0,283094.0,6856074.0
CONSERVADOR,397,106862008.22,99928334.09,6933674.13,3886209185.0,0.52008313,5200.8,1069,1,0,283094.0,6945193.0
CONSERVADOR,398,77404614.19,100414136.77,-23009522.58,3458058857.0,0.1078209,1078.2,1068,0,0,283094.0,6984480.0
CONSERVADOR,399,151008556.86,105138312.05,45870244.81,3937130808.0,0.86493869,8649.4,928,0,0,283094.0,7318160.0
CONSERVADOR,400,116903791.97,98978582.01,17925209.96,3948493683.0,0.66686089,6668.6,1012,0,0,283094.0,6874613.0
CONSERVADOR,401,105393398.78,96916579.1,8476819.68,3947103687.0,0.6015023,6015.0,1018,0,0,283094.0,6730310.0
CONSERVADOR,402,50150310.33,93192331.6,-43042021.27,3340281864.0,0.276732,2767.3,1187,0,0,283094.0,6472420.0
CONSERVADOR,403,73236867.28,107036163.05,-33799295.76,4001586817.0,0.32104607,3210.5,1075,0,0,283094.0,7451460.0
CONSERVADOR,404,65224933.67,101771726.84,-36546793.18,4321358432.0,0.24714123,2471.4,1001,0,0,283094.0,7079367.0
CONSERVADOR,405,71782811.04,100634850.06,-28852039.02,3660041387.0,0.45532343,4553.2,1087,0,0,283094.0,7000951.0
CONSERVADOR,406,238315485.17,100937763.42,137377721.75,4726676903.0,0.18586972,1858.7,796,0,0,283094.0,7010799.0
CONSERVADOR,407,87980671.31,100234730.91,-12254059.6,3889001115.0,0.08180549,818.1,1034,1,0,283094.0,6969055.0
CONSERVADOR,408,146392933.48,96860726.29,49532207.19,4136893023.0,0.67316396,6731.6,926,0,0,283094.0,6734018.0
CONSERVADOR,409,185028723.07,101673751.13,83354971.94,3700751533.0,1.15585451,11558.5,966,0,0,283094.0,7071118.0
CONSERVADOR,410,102395990.77,101156996.06,1238994.71,4681511335.0,0.07002829,700.3,773,0,0,283094.0,7028837.0
CONSERVADOR,411,56992378.78,98183854.19,-41191475.41,3300111438.0,0.32630332,3263.0,1160,1,0,283094.0,6826641.0
CONSERVADOR,412,103544785.41,107035289.76,-3490504.35,4064834863.0,0.46620319,4662.0,962,0,0,283094.0,7453638.0
CONSERVADOR,413,64752371.44,100388799.31,-35636427.87,3320367524.0,0.07312505,731.3,1046,0,0,283094.0,6979698.0
CONSERVADOR,414,102364984.4,99841368.26,2523616.13,3936605213.0,0.58643174,5864.3,948,0,0,283094.0,6941174.0
CONSERVADOR,415,102117980.27,101674204.01,443776.26,4244310602.0,0.4266871,4266.9,941,1,0,283094.0,7066820.0
CONSERVADOR,416,147592605.51,105118328.19,42474277.32,4359388995.0,0.72917805,7291.8,715,0,0,283094.0,7312201.0
CONSERVADOR,417,67322229.31,103995723.96,-36673494.65,3452101426.0,0.4624846,4624.8,1079,0,0,283094.0,7238161.0
CONSERVADOR,418,58832170.38,100528801.99,-41696631.6,3300060531.0,0.4292861,4292.9,1181,1,0,283094.0,6989326.0
CONSERVADOR,419,103950174.55,104936646.15,-986471.6,4240975840.0,0.53486868,5348.7,787,0,0,283094.0,7303548.0
CONSERVADOR,420,62306436.2,101598590.47,-39292154.27,3554141661.0,0.06085893,608.6,1146,0,0,283094.0,7069279.0
CONSERVADOR,421,76111857.86,100439976.23,-24328118.37,4202690508.0,0.30997743,3099.8,973,0,0,283094.0,6975646.0
CONSERVADOR,422,160769589.94,99500599.48,61268990.46,4766672674.0,0.69344398,6934.4,804,0,0,283094.0,6906323.0
CONSERVADOR,423,192150615.34,95687085.94,96463529.4,3536344964.0,0.92032891,9203.3,978,0,0,283094.0,6645672.0
CONSERVADOR,424,94653572.09,99263909.13,-4610337.04,4123012170.0,0.5074677,5074.7,948,0,0,283094.0,6901284.0
CONSERVADOR,425,188427788.58,100958180.78,87469607.79,4600992997.0,0.85829241,8582.9,723,0,0,283094.0,7016587.0
CONSERVADOR,426,147057086.84,97718841.79,49338245.05,4125075033.0,0.78784873,7878.5,878,0,0,283094.0,6786525.0
CONSERVADOR,427,1036891367.56,108171618.53,928719749.03,4905227052.0,0.97603845,9760.4,715,0,0,283094.0,7532967.0
CONSERVADOR,428,110807724.94,98069325.86,12738399.07,3795543998.0,0.66827463,6682.7,947,0,0,283094.0,6814156.0
CONSERVADOR,429,78070790.87,98202900.59,-20132109.72,4265405923.0,0.3983341,3983.3,712,0,0,283094.0,6825195.0
CONSERVADOR,430,64565932.36,91526968.68,-26961036.32,3521381830.0,0.43177445,4317.7,1192,1,0,283094.0,6346720.0
CONSERVADOR,431,542729825.41,105014691.94,437715133.47,4424900662.0,2.62236239,26223.6,825,0,0,283094.0,7303300.0
CONSERVADOR,432,83239031.98,103117126.45,-19878094.47,3802822608.0,0.10085225,1008.5,956,0,0,283094.0,7175383.0
CONSERVADOR,433,86183222.51,97088915.27,-10905692.76,3762622579.0,0.52612326,5261.2,889,0,0,283094.0,6746639.0
CONSERVADOR,434,937647693.29,102311088.17,835336605.12,4730076686.0,4.0930366,40930.4,672,0,0,283094.0,7118315.0
CONSERVADOR,435,297474649.25,98887905.49,198586743.76,4525349665.0,0.31263636,3126.4,803,0,0,283094.0,6868805.0
CONSERVADOR,436,246740448.5,97976078.44,148764370.05,4660252145.0,0.25040964,2504.1,927,0,0,283094.0,6804213.0
CONSERVADOR,437,132019086.86,102967033.42,29052053.44,3925987239.0,0.75921749,7592.2,896,1,0,283094.0,7156762.0
CONSERVADOR,438,91395032.86,98529093.04,-7134060.18,4010803453.0,0.50984274,5098.4,1000,0,0,283094.0,6842288.0
CONSERVADOR,439,285485213.65,107259854.63,178225359.02,4095663684.0,1.47602048,14760.2,801,0,0,283094.0,7469205.0
CONSERVADOR,440,101956719.21,95848489.44,6108229.77,3908953541.0,0.12233277,1223.3,913,0,0,283094.0,6654283.0
CONSERVADOR,441,447474775.79,100659727.05,346815048.75,4582179542.0,0.49446928,4944.7,814,0,0,283094.0,6994731.0
CONSERVADOR,442,145817254.89,96208551.6,49608703.29,4190323047.0,0.61942039,6194.2,869,0,0,283094.0,6672530.0
CONSERVADOR,443,100503794.77,97431171.02,3072623.75,3542407339.0,0.56180091,5618.0,1062,0,0,283094.0,6763401.0
CONSERVADOR,444,69732151.11,104113859.94,-34381708.83,4272465005.0,0.3549242,3549.2,909,0,0,283094.0,7241212.0
CONSERVADOR,445,53033958.86,100588639.43,-47554680.57,3300060470.0,0.38697777,3869.8,1208,0,0,283094.0,6999314.0
CONSERVADOR,446,226275729.33,96320988.46,129954740.87,4444408607.0,1.08613664,10861.4,912,0,0,283094.0,6690037.0
CONSERVADOR,447,66534688.03,96696118.99,-30161430.96,3828886635.0,0.39638179,3963.8,1129,0,0,283094.0,6716957.0
CONSERVADOR,448,77123026.8,106001479.95,-28878453.16,3686447297.0,0.3892176,3892.2,1064,0,0,283094.0,7379216.0
CONSERVADOR,449,828315843.02,97942673.41,730373169.61,4301184356.0,4.17455555,41745.6,720,0,0,283094.0,6802210.0
CONSERVADOR,450,272429778.63,110615638.71,161814139.91,5126242617.0,0.9481083,9481.1,551,0,0,283094.0,7704163.0
CONSERVADOR,451,104264879.45,101232315.52,3032563.92,4675959215.0,0.3700387,3700.4,795,0,0,283094.0,7039299.0
CONSERVADOR,452,114220965.29,101092499.12,13128466.17,4213901832.0,0.09643914,964.4,833,0,0,283094.0,7026789.0
CONSERVADOR,453,164419066.95,101465716.29,62953350.66,4505490461.0,0.66585808,6658.6,885,0,0,283094.0,7045809.0
CONSERVADOR,454,79244874.61,102358490.08,-23113615.47,3820960947.0,0.36605537,3660.6,1000,0,0,283094.0,7115426.0
CONSERVADOR,455,404133976.41,102249882.52,301884093.89,4700010634.0,0.43568331,4356.8,651,0,0,283094.0,7111810.0
CONSERVADOR,456,435196119.95,103050520.71,332145599.24,5313479021.0,1.57646294,15764.6,526,0,0,283094.0,7160578.0
CONSERVADOR,457,84082554.37,96805388.81,-12722834.44,3954632355.0,0.3551712,3551.7,945,0,0,283094.0,6720031.0
CONSERVADOR,458,130485967.94,99110437.57,31375530.37,3372332864.0,0.92501245,9250.1,1010,1,0,283094.0,6889240.0
CONSERVADOR,459,62022174.32,95575058.72,-33552884.4,3304600119.0,0.35908851,3590.9,1145,1,0,283094.0,6645836.0
CONSERVADOR,460,96261891.7,105572963.69,-9311072.0,3322546371.0,0.69608584,6960.9,1138,0,0,283094.0,7348559.0
CONSERVADOR,461,128700875.71,95617487.67,33083388.04,4366075942.0,0.63439696,6344.0,903,0,0,283094.0,6640597.0
CONSERVADOR,462,127260638.87,95063707.84,32196931.03,4105676623.0,0.14512333,1451.2,1002,0,0,283094.0,6592758.0
CONSERVADOR,463,70763232.55,98261240.37,-27498007.82,3982161681.0,0.39881001,3988.1,771,0,0,283094.0,6828426.0
CONSERVADOR,464,111268991.01,100500751.09,10768239.92,3541798982.0,0.61783014,6178.3,1135,0,0,283094.0,6988689.0
CONSERVADOR,465,155667600.99,101147718.96,54519882.03,3815139024.0,0.16566649,1656.7,989,0,0,283094.0,7026834.0
CONSERVADOR,466,159010767.75,100053410.82,58957356.93,4339828176.0,0.52199846,5220.0,854,0,0,283094.0,6948990.0
CONSERVADOR,467,233627593.51,97928062.23,135699531.29,4269992120.0,0.27383773,2738.4,994,0,0,283094.0,6799383.0
CONSERVADOR,468,249187316.4,92471123.18,156716193.21,4422042615.0,1.11080221,11108.0,874,0,0,283094.0,6415929.0
CONSERVADOR,469,76879218.56,99040583.95,-22161365.39,4003339674.0,0.43001055,4300.1,1037,0,0,283094.0,6871491.0
CONSERVADOR,470,295014351.2,99142223.8,195872127.41,4872795812.0,1.22934599,12293.5,624,0,0,283094.0,6887930.0
CONSERVADOR,471,73125476.84,97169508.02,-24044031.18,3560252260.0,0.37242748,3724.3,1174,0,0,283094.0,6747340.0
CONSERVADOR,472,129982787.7,104766761.6,25216026.11,4015479917.0,0.72389488,7238.9,796,0,0,283094.0,7291889.0
CONSERVADOR,473,237655102.41,107514695.18,130140407.23,5016617800.0,0.94558204,9455.8,655,0,0,283094.0,7476595.0
CONSERVADOR,474,146492335.82,108918722.31,37573613.51,4556315118.0,0.67726619,6772.7,805,0,0,283094.0,7583478.0
CONSERVADOR,475,161697928.79,101207450.91,60490477.89,4187740511.0,0.84751579,8475.2,922,0,0,283094.0,7034842.0
CONSERVADOR,476,93501920.77,100613153.78,-7111233.01,3721943509.0,0.09026739,902.7,1077,1,0,283094.0,6995824.0
CONSERVADOR,477,143325670.27,100644259.17,42681411.1,4068763876.0,0.16945794,1694.6,953,1,0,283094.0,6994700.0
CONSERVADOR,478,332483704.25,100072951.1,232410753.15,4838364856.0,1.02127452,10212.7,754,0,0,283094.0,6955559.0
CONSERVADOR,479,85924315.57,94373450.49,-8449134.92,3504480922.0,0.5783709,5783.7,1100,1,0,283094.0,6552950.0
CONSERVADOR,480,58221144.04,101631497.72,-43410353.69,3960451258.0,0.33068954,3306.9,1045,0,0,283094.0,7070073.0
CONSERVADOR,481,66806287.4,98215355.23,-31409067.82,3820916600.0,0.39916448,3991.6,986,0,0,283094.0,6823102.0
CONSERVADOR,482,116085860.4,99170870.34,16914990.06,4112419569.0,0.50390481,5039.0,912,0,0,283094.0,6895183.0
CONSERVADOR,483,100589244.67,103751530.29,-3162285.62,3439877326.0,0.58766407,5876.6,1102,1,0,283094.0,7224061.0
CONSERVADOR,484,128086498.0,100659485.92,27427012.08,4250330200.0,0.10493588,1049.4,971,0,0,283094.0,6996900.0
CONSERVADOR,485,78944939.77,98478858.06,-19533918.29,3455651379.0,0.44211167,4421.1,993,1,0,283094.0,6847005.0
CONSERVADOR,486,97127992.72,99072820.84,-1944828.12,4202801569.0,0.50642232,5064.2,1082,0,0,283094.0,6881366.0
CONSERVADOR,487,121026123.36,103905245.21,17120878.15,4269466758.0,0.51240824,5124.1,908,0,0,283094.0,7221814.0
CONSERVADOR,488,96407437.76,104606157.36,-8198719.59,4983395959.0,0.28794821,2879.5,708,0,0,283094.0,7275240.0
CONSERVADOR,489,936176262.42,104144668.02,832031594.39,5039170330.0,1.00622268,10062.2,627,0,0,283094.0,7236194.0
CONSERVADOR,490,99442732.71,99203031.98,239700.73,3456048621.0,0.57792096,5779.2,1064,1,0,283094.0,6897429.0
CONSERVADOR,491,83367349.32,102273845.8,-18906496.48,3991115424.0,0.37474396,3747.4,925,0,0,283094.0,7111810.0
CONSERVADOR,492,104133038.67,102757647.35,1375391.31,3799834914.0,0.6270286,6270.3,949,0,0,283094.0,7146057.0
CONSERVADOR,493,295755687.47,103427284.87,192328402.6,4545248975.0,1.37240056,13724.0,738,0,0,283094.0,7193538.0
CONSERVADOR,494,69536396.73,102367830.95,-32831434.22,3624245500.0,0.44707897,4470.8,923,0,0,283094.0,7124791.0
CONSERVADOR,495,188493615.86,96703855.66,91789760.21,4218308821.0,0.97752384,9775.2,967,0,0,283094.0,6721805.0
CONSERVADOR,496,93751109.65,101170178.09,-7419068.44,4517455763.0,0.43909582,4391.0,876,0,0,283094.0,7031051.0
CONSERVADOR,497,84295203.28,102468985.22,-18173781.94,4102077688.0,0.06871213,687.1,948,0,0,283094.0,7128735.0
CONSERVADOR,498,60001596.43,96412893.88,-36411297.45,3595263145.0,0.39004639,3900.5,1115,0,0,283094.0,6695328.0
CONSERVADOR,499,109542957.88,99350209.67,10192748.22,3954184587.0,0.62359438,6235.9,881,0,0,283094.0,6905958.0
CONSERVADOR,500,67403011.25,96587139.6,-29184128.35,3846290028.0,0.23364878,2336.5,1026,0,0,283094.0,6714183.0
CONSERVADOR,501,67713783.52,96871366.8,-29157583.28,3513954620.0,0.3616956,3617.0,1188,0,0,283094.0,6733397.0
CONSERVADOR,502,137355013.8,103810966.48,33544047.31,4324959503.0,0.11105756,1110.6,826,0,0,283094.0,7220980.0
CONSERVADOR,503,85754322.39,100346812.86,-14592490.47,3430116592.0,0.59420276,5942.0,1084,1,0,283094.0,6974713.0
CONSERVADOR,504,95244923.05,101809971.93,-6565048.88,4344699097.0,0.29697798,2969.8,738,0,0,283094.0,7077797.0
CONSERVADOR,505,127133993.14,98415238.18,28718754.96,4167991382.0,0.56580045,5658.0,980,0,0,283094.0,6835650.0
CONSERVADOR,506,94021290.42,95545354.91,-1524064.5,4004344929.0,0.52570308,5257.0,973,0,0,283094.0,6628743.0
CONSERVADOR,507,522524926.05,103301409.89,419223516.16,4827737728.0,2.20942527,22094.3,616,0,0,283094.0,7182735.0
CONSERVADOR,508,106457962.52,104285961.46,2172001.05,4352649170.0,0.33600097,3360.0,881,0,0,283094.0,7257146.0
CONSERVADOR,509,100513069.51,102391086.02,-1878016.51,3716085497.0,0.62430798,6243.1,943,0,0,283094.0,7119682.0
CONSERVADOR,510,321944735.37,104255359.54,217689375.82,4384485404.0,1.57703404,15770.3,888,0,0,283094.0,7254428.0
CONSERVADOR,511,115634776.49,102080847.23,13553929.26,3758396192.0,0.60240841,6024.1,981,0,0,283094.0,7101228.0
CONSERVADOR,512,55505896.75,96219272.7,-40713375.95,3443232210.0,0.38263508,3826.4,1240,1,0,283094.0,6684810.0
CONSERVADOR,513,121621713.89,98663769.01,22957944.88,3957751283.0,0.69146802,6914.7,973,0,0,283094.0,6854040.0
CONSERVADOR,514,82860510.52,103451214.06,-20590703.54,4094606339.0,0.44870285,4487.0,962,1,0,283094.0,7202236.0
CONSERVADOR,515,149962257.72,101261030.81,48701226.92,4523082269.0,0.7010468,7010.5,800,0,0,283094.0,7041831.0
CONSERVADOR,516,150564136.91,102376740.83,48187396.08,3857716231.0,0.62027786,6202.8,996,0,0,283094.0,7119926.0
CONSERVADOR,517,108626897.37,107429150.39,1197746.98,4134875205.0,0.57996428,5799.6,836,0,0,283094.0,7480350.0
CONSERVADOR,518,107798135.65,96356278.1,11441857.55,3648886497.0,0.11132443,1113.2,1054,1,0,283094.0,6693771.0
CONSERVADOR,519,159288639.24,102880944.14,56407695.1,4442553584.0,0.65489165,6548.9,910,0,0,283094.0,7147467.0
CONSERVADOR,520,68435706.27,100053586.17,-31617879.9,3395143674.0,0.48077637,4807.8,1084,1,0,283094.0,6956417.0
CONSERVADOR,521,89645661.17,100597027.76,-10951366.59,4506717419.0,0.42138048,4213.8,879,0,0,283094.0,6980155.0
CONSERVADOR,522,94494108.24,99879756.27,-5385648.03,3326108270.0,0.6823281,6823.3,1080,0,0,283094.0,6938405.0
CONSERVADOR,523,240297652.53,105922164.16,134375488.37,4214492998.0,1.24782891,12478.3,945,0,0,283094.0,7363798.0
CONSERVADOR,524,68689312.54,100139218.99,-31449906.46,3766074778.0,0.06184789,618.5,941,0,0,283094.0,6960221.0
CONSERVADOR,525,66119696.57,98329158.6,-32209462.03,3610714129.0,0.33621072,3362.1,1103,1,0,283094.0,6836776.0
CONSERVADOR,526,79722733.97,103412467.34,-23689733.36,3716879584.0,0.49502813,4950.3,1019,0,0,283094.0,7196714.0
CONSERVADOR,527,60754460.22,94348605.68,-33594145.46,3549284169.0,0.24558102,2455.8,1118,1,0,283094.0,6551971.0
CONSERVADOR,528,71420166.04,97903342.95,-26483176.91,4014702523.0,0.29891183,2989.1,1064,0,0,283094.0,6796857.0
CONSERVADOR,529,66278546.97,102873354.72,-36594807.75,3526973394.0,0.33864425,3386.4,1074,1,0,283094.0,7160145.0
CONSERVADOR,530,175530965.12,100560448.34,74970516.77,4146687307.0,0.93329874,9333.0,851,0,0,283094.0,6987761.0
CONSERVADOR,531,84285269.54,98676925.95,-14391656.41,3812661620.0,0.50512894,5051.3,1034,0,0,283094.0,6858797.0
CONSERVADOR,532,71802414.93,101964466.94,-30162052.01,3990067155.0,0.40352348,4035.2,1023,0,0,283094.0,7092669.0
CONSERVADOR,533,365924843.65,99595707.19,266329136.46,4464805791.0,1.37603468,13760.3,823,0,0,283094.0,6920524.0
CONSERVADOR,534,104174902.88,97570861.42,6604041.46,3663062942.0,0.66003746,6600.4,1031,0,0,283094.0,6774716.0
CONSERVADOR,535,589051747.16,98289701.02,490762046.14,4599247988.0,2.68469711,26847.0,797,0,0,283094.0,6832721.0
CONSERVADOR,536,300200487.96,105732790.31,194467697.65,4659713435.0,1.25370168,12537.0,660,0,0,283094.0,7360368.0
CONSERVADOR,537,166148161.18,105204566.96,60943594.22,4444309493.0,0.6772719,6772.7,812,0,0,283094.0,7314640.0
CONSERVADOR,538,79971998.06,99470625.27,-19498627.21,3816276914.0,0.47864326,4786.4,919,0,0,283094.0,6916206.0
CONSERVADOR,539,87937582.91,106903213.96,-18965631.06,3772957540.0,0.42315408,4231.5,1019,0,0,283094.0,7442866.0
CONSERVADOR,540,132475428.67,101338324.13,31137104.53,4177542865.0,0.69682144,6968.2,953,0,0,283094.0,7040549.0
CONSERVADOR,541,87793193.97,102789766.13,-14996572.16,4203349223.0,0.36449411,3644.9,844,0,0,283094.0,7145309.0
CONSERVADOR,542,110682514.22,99733416.3,10949097.92,4009019846.0,0.5158683,5158.7,980,1,0,283094.0,6933071.0
CONSERVADOR,543,68613929.91,105329098.44,-36715168.54,3594998172.0,0.44607674,4460.8,1059,0,0,283094.0,7333830.0
CONSERVADOR,544,77388140.79,101888452.21,-24500311.42,4212569663.0,0.40213304,4021.3,767,0,0,283094.0,7086417.0
CONSERVADOR,545,117876935.05,105440367.77,12436567.27,3938703656.0,0.67478658,6747.9,906,0,0,283094.0,7333614.0
CONSERVADOR,546,145940934.84,93046253.03,52894681.8,4345455165.0,0.6164895,6164.9,876,0,0,283094.0,6455538.0
CONSERVADOR,547,496555927.0,103471734.72,393084192.28,3644694240.0,2.67074324,26707.4,965,0,0,283094.0,7198849.0
CONSERVADOR,548,106832230.79,105963295.62,868935.17,3967468243.0,0.60526837,6052.7,1009,0,0,283094.0,7372571.0
CONSERVADOR,549,59309501.56,100363857.8,-41054356.24,3548627469.0,0.39248483,3924.8,1114,0,0,283094.0,6981021.0
CONSERVADOR,550,146391208.56,101479657.85,44911550.71,5182820597.0,0.55251617,5525.2,686,0,0,283094.0,7053540.0
CONSERVADOR,551,230452967.21,104805682.03,125647285.18,4231345104.0,1.1897381,11897.4,889,0,0,283094.0,7288681.0
CONSERVADOR,552,67008415.89,94605207.17,-27596791.27,3300133240.0,0.37871427,3787.1,1102,0,0,283094.0,6574071.0
CONSERVADOR,553,137390551.69,95671890.65,41718661.04,4364623934.0,0.67756542,6775.7,801,0,0,283094.0,6639834.0
CONSERVADOR,554,109309239.79,94829680.78,14479559.01,3829666554.0,0.54619452,5461.9,1081,0,0,283094.0,6583730.0
CONSERVADOR,555,142943265.32,95453943.53,47489321.8,3784859977.0,0.86548404,8654.8,863,0,0,283094.0,6626402.0
CONSERVADOR,556,138222254.69,105531004.8,32691249.89,4055785357.0,0.1633987,1634.0,876,0,0,283094.0,7342066.0
CONSERVADOR,557,64600345.13,100068568.94,-35468223.8,4128028850.0,0.25184421,2518.4,926,0,0,283094.0,6951608.0
CONSERVADOR,558,104801669.7,101312758.58,3488911.12,3449801729.0,0.72060532,7206.1,1037,1,0,283094.0,7044152.0
CONSERVADOR,559,75722801.25,102410044.59,-26687243.34,3478290352.0,0.51490914,5149.1,1023,0,0,283094.0,7125411.0
CONSERVADOR,560,426620569.19,105603534.09,321017035.11,4521926086.0,1.54857406,15485.7,773,0,0,283094.0,7349458.0
CONSERVADOR,561,128817307.77,98492774.98,30324532.79,4531075951.0,0.49895498,4989.5,618,0,0,283094.0,6845070.0
CONSERVADOR,562,83365712.44,99229634.0,-15863921.57,3679142610.0,0.41366853,4136.7,979,0,0,283094.0,6899570.0
CONSERVADOR,563,415866741.46,101248187.34,314618554.11,4673499387.0,0.36874463,3687.4,752,0,0,283094.0,7036193.0
CONSERVADOR,564,127866515.63,91478599.47,36387916.17,4350765534.0,0.51763412,5176.3,947,0,0,283094.0,6342582.0
CONSERVADOR,565,243759862.36,104809783.25,138950079.11,4603484756.0,1.10941348,11094.1,867,0,0,283094.0,7284750.0
CONSERVADOR,566,136872222.89,99702630.36,37169592.53,4081284159.0,0.12115059,1211.5,901,0,0,283094.0,6926488.0
CONSERVADOR,567,165257151.51,110200788.13,55056363.38,5030361078.0,0.65464511,6546.5,568,0,0,283094.0,7676274.0
CONSERVADOR,568,143227146.84,99430466.0,43796680.84,3475602862.0,0.97495232,9749.5,1004,1,0,283094.0,6912577.0
CONSERVADOR,569,98190118.0,99220937.26,-1030819.26,4701085730.0,0.32939802,3294.0,691,0,0,283094.0,6891050.0
CONSERVADOR,570,260473977.7,103923940.34,156550037.36,4344374024.0,1.29347426,12934.7,802,0,0,283094.0,7230896.0
CONSERVADOR,571,93689631.51,98969611.29,-5279979.78,4499178083.0,0.44150397,4415.0,712,0,0,283094.0,6873076.0
CONSERVADOR,572,62867084.47,100799204.43,-37932119.96,4390613796.0,0.30731159,3073.1,726,0,0,283094.0,7006397.0
CONSERVADOR,573,71265852.66,99535309.89,-28269457.23,3914222900.0,0.06037308,603.7,954,0,0,283094.0,6919347.0
CONSERVADOR,574,365554770.51,99738030.56,265816739.95,4862518606.0,1.13442921,11344.3,834,0,0,283094.0,6929650.0
CONSERVADOR,575,437087715.08,94780319.22,342307395.86,4734029325.0,1.90551425,19055.1,795,0,0,283094.0,6575205.0
CONSERVADOR,576,94926338.2,103629210.53,-8702872.34,3300302644.0,0.57010529,5701.1,1053,0,1,283094.0,7214886.0
CONSERVADOR,577,160712201.56,98826584.37,61885617.19,3380241812.0,1.03730007,10373.0,1161,1,0,283094.0,6868496.0
CONSERVADOR,578,81653445.82,102045841.58,-20392395.76,4646429082.0,0.27031057,2703.1,685,0,0,283094.0,7096201.0
CONSERVADOR,579,90662874.85,99863603.81,-9200728.96,3996976009.0,0.50826084,5082.6,1012,0,0,283094.0,6945358.0
CONSERVADOR,580,79645234.8,91510333.49,-11865098.68,3673732372.0,0.39227136,3922.7,1106,1,0,283094.0,6343486.0
CONSERVADOR,581,241247117.66,104985996.12,136261121.54,4268183299.0,1.14221733,11422.2,845,0,0,283094.0,7306147.0
CONSERVADOR,582,124853826.08,98922053.26,25931772.82,4705731378.0,0.11193428,1119.3,714,0,0,283094.0,6872210.0
CONSERVADOR,583,344347772.61,108442908.27,235904864.34,4966045803.0,1.01979623,10198.0,688,0,0,283094.0,7551852.0
CONSERVADOR,584,56790776.91,99735832.0,-42945055.09,3544722257.0,0.27859786,2786.0,1036,0,0,283094.0,6926595.0
CONSERVADOR,585,88015930.33,101456602.54,-13440672.21,4245881433.0,0.35979817,3598.0,858,0,0,283094.0,7052707.0
CONSERVADOR,586,383199933.53,98070985.23,285128948.3,4882836610.0,1.5329323,15329.3,754,0,0,283094.0,6806429.0
CONSERVADOR,587,102395856.61,104691833.27,-2295976.66,3980516056.0,0.57742648,5774.3,905,0,0,283094.0,7283242.0
CONSERVADOR,588,122918855.29,98213193.66,24705661.63,4089989190.0,0.6667096,6667.1,950,0,0,283094.0,6815451.0
CONSERVADOR,589,123438137.33,103186950.65,20251186.68,4455606709.0,0.09633832,963.4,890,0,0,283094.0,7175229.0
CONSERVADOR,590,108757510.96,103943756.56,4813754.4,4425589259.0,0.52537225,5253.7,739,0,0,283094.0,7229856.0
CONSERVADOR,591,105917972.4,98582657.81,7335314.59,4182439732.0,0.45613463,4561.3,887,0,0,283094.0,6849081.0
CONSERVADOR,592,1281055239.24,103868431.86,1177186807.39,5765994821.0,4.03504156,40350.4,530,0,0,283094.0,7225810.0
CONSERVADOR,593,227357659.7,102556366.27,124801293.43,4190245741.0,1.19062287,11906.2,973,0,0,283094.0,7135400.0
CONSERVADOR,594,148187651.74,99283526.13,48904125.61,4659077874.0,0.66214865,6621.5,740,0,0,283094.0,6901782.0
CONSERVADOR,595,148302587.75,103383378.91,44919208.84,3742452539.0,0.78619638,7862.0,996,0,0,283094.0,7195571.0
CONSERVADOR,596,116437104.92,103463087.25,12974017.67,3820771750.0,0.69574329,6957.4,941,1,0,283094.0,7201011.0
CONSERVADOR,597,132278281.5,101470669.48,30807612.02,4253867432.0,0.67760427,6776.0,692,0,0,283094.0,7055822.0
CONSERVADOR,598,67452739.81,98594471.18,-31141731.37,3366083979.0,0.47935936,4793.6,1143,0,0,283094.0,6858068.0
CONSERVADOR,599,65605552.08,101318279.31,-35712727.23,3406385577.0,0.2754508,2754.5,1086,1,0,283094.0,7052366.0
CONSERVADOR,600,134519941.42,105332473.01,29187468.4,3685900555.0,0.84501819,8450.2,987,0,0,283094.0,7329792.0
CONSERVADOR,601,101370856.6,100172640.16,1198216.44,3939693401.0,0.11619623,1162.0,974,0,0,283094.0,6959243.0
CONSERVADOR,602,61636341.67,102395748.34,-40759406.66,3440953729.0,0.33503106,3350.3,1174,1,0,283094.0,7117064.0
CONSERVADOR,603,62867889.07,103835664.11,-40967775.04,3429552012.0,0.0669762,669.8,1108,0,0,283094.0,7226736.0
CONSERVADOR,604,63558532.15,98798429.91,-35239897.75,3592178879.0,0.31070245,3107.0,975,1,0,283094.0,6865332.0
CONSERVADOR,605,137840517.76,94059739.34,43780778.42,4449131267.0,0.66058901,6605.9,895,0,0,283094.0,6529120.0
CONSERVADOR,606,79615501.48,99626157.3,-20010655.82,4118286614.0,0.42755289,4275.5,1012,0,0,283094.0,6926355.0
CONSERVADOR,607,175602737.53,110569623.78,65033113.75,4389002201.0,0.85886439,8588.6,949,0,0,283094.0,7703420.0
CONSERVADOR,608,143331011.4,99432273.05,43898738.35,4782963973.0,0.49923625,4992.4,835,0,0,283094.0,6905414.0
CONSERVADOR,609,119855821.82,100004708.11,19851113.71,3991407258.0,0.43116603,4311.7,956,0,0,283094.0,6948721.0
CONSERVADOR,610,376151367.28,104351497.66,271799869.63,3981426403.0,2.12048581,21204.9,1076,0,0,283094.0,7257701.0
CONSERVADOR,611,309681222.83,100754013.27,208927209.55,5092035341.0,1.05856485,10585.6,574,0,0,283094.0,7003396.0
CONSERVADOR,612,112367898.08,100538672.64,11829225.44,4768297343.0,0.38886235,3888.6,854,0,0,283094.0,6983235.0
CONSERVADOR,613,112105204.87,100268282.79,11836922.08,4475531255.0,0.3274538,3274.5,701,0,0,283094.0,6967656.0
CONSERVADOR,614,154194881.93,100288862.18,53906019.75,4361768827.0,0.63795914,6379.6,828,0,0,283094.0,6966862.0
CONSERVADOR,615,94182501.96,106233951.83,-12051449.87,4077916201.0,0.08135185,813.5,918,0,0,283094.0,7399664.0
CONSERVADOR,616,78978405.29,101111660.39,-22133255.09,4156936057.0,0.31353497,3135.3,830,0,0,283094.0,7024864.0
CONSERVADOR,617,330824243.65,101941867.76,228882375.9,4613327042.0,1.50075958,15007.6,697,0,0,283094.0,7090798.0
CONSERVADOR,618,430125425.41,103407669.63,326717755.78,4693875363.0,1.90003368,19000.3,782,0,0,283094.0,7193565.0
CONSERVADOR,619,108048575.73,108813835.75,-765260.02,3944751895.0,0.61717819,6171.8,965,0,0,283094.0,7582553.0
CONSERVADOR,620,164134838.62,96549812.25,67585026.37,4705923807.0,0.72218346,7221.8,866,0,0,283094.0,6701283.0
CONSERVADOR,621,91095499.34,100128904.12,-9033404.78,4059245937.0,0.09697641,969.8,953,0,0,283094.0,6952608.0
CONSERVADOR,622,568056325.09,106363145.89,461693179.2,5263544080.0,2.08931971,20893.2,677,0,0,283094.0,7401848.0
CONSERVADOR,623,388155547.85,107095589.4,281059958.45,4692292003.0,0.40966168,4096.6,646,0,0,283094.0,7451085.0
CONSERVADOR,624,117672570.24,107717874.32,9954695.92,3983120041.0,0.66295585,6629.6,922,0,0,283094.0,7502600.0
CONSERVADOR,625,340176010.39,100457871.41,239718138.97,4797265135.0,0.33978414,3397.8,741,0,0,283094.0,6975184.0
CONSERVADOR,626,94669517.8,104955040.81,-10285523.01,3940328286.0,0.54161858,5416.2,1010,0,0,283094.0,7303285.0
CONSERVADOR,627,160722727.78,100045123.61,60677604.17,4761860041.0,0.59028813,5902.9,669,0,0,283094.0,6949113.0
CONSERVADOR,628,313639628.91,100139017.44,213500611.47,4482949727.0,1.48607388,14860.7,962,0,0,283094.0,6961131.0
CONSERVADOR,629,79216822.49,98025247.06,-18808424.57,3324599580.0,0.57235891,5723.6,1016,1,0,283094.0,6813154.0
CONSERVADOR,630,261966503.61,103086674.21,158879829.41,5036083643.0,0.71508311,7150.8,610,0,0,283094.0,7159681.0
CONSERVADOR,631,163920338.9,101585152.04,62335186.86,4404882700.0,0.67258594,6725.9,777,0,0,283094.0,7054022.0
CONSERVADOR,632,93995232.91,108481341.17,-14486108.26,3965091097.0,0.53299362,5329.9,903,0,0,283094.0,7553489.0
CONSERVADOR,633,483190167.26,101155134.42,382035032.84,4630731508.0,0.42999789,4300.0,765,0,0,283094.0,7027213.0
CONSERVADOR,634,293026626.35,97755957.4,195270668.95,4764591922.0,1.26476446,12647.6,658,0,0,283094.0,6792320.0
CONSERVADOR,635,85707678.82,97004342.37,-11296663.55,3579694820.0,0.08740742,874.1,1026,1,0,283094.0,6740072.0
CONSERVADOR,636,118577682.21,101324749.96,17252932.25,4041745050.0,0.65423721,6542.4,941,0,0,283094.0,7045390.0
CONSERVADOR,637,135846032.37,99944123.91,35901908.46,4466989097.0,0.64712458,6471.2,738,0,0,283094.0,6950128.0
CONSERVADOR,638,78096072.21,100830388.63,-22734316.43,3646453999.0,0.40200325,4020.0,1055,1,0,283094.0,7006446.0
CONSERVADOR,639,275582842.23,96488792.77,179094049.46,3833553656.0,1.6389866,16389.9,895,0,0,283094.0,6703343.0
CONSERVADOR,640,126722962.83,104761664.26,21961298.58,3601597685.0,0.56491028,5649.1,990,1,0,283094.0,7293397.0
CONSERVADOR,641,57206768.56,100996979.87,-43790211.31,3406913672.0,0.31243439,3124.3,1213,1,0,283094.0,7021138.0
CONSERVADOR,642,257744296.82,97965267.82,159779029.0,4845815616.0,0.98521441,9852.1,682,0,0,283094.0,6801067.0
CONSERVADOR,643,87343251.93,95461272.61,-8118020.68,4645702933.0,0.392004,3920.0,675,0,0,283094.0,6626961.0
CONSERVADOR,644,97523083.87,91164941.23,6358142.64,4061044817.0,0.53440169,5344.0,786,0,0,283094.0,6325667.0
CONSERVADOR,645,138476750.18,113441062.87,25035687.31,4525786090.0,0.10769063,1076.9,848,0,0,283094.0,7906235.0
CONSERVADOR,646,64862986.39,98880750.63,-34017764.24,3944341957.0,0.3705549,3705.5,1123,0,0,283094.0,6870684.0
CONSERVADOR,647,154323023.52,104028759.21,50294264.31,4426728374.0,0.74519731,7452.0,963,0,0,283094.0,7236711.0
CONSERVADOR,648,152711899.24,94521918.62,58189980.62,3335837511.0,0.97884678,9788.5,1072,1,0,283094.0,6561682.0
CONSERVADOR,649,88685256.84,104395633.09,-15710376.24,3717730923.0,0.4500624,4500.6,1018,0,0,283094.0,7263044.0
CONSERVADOR,650,135991277.96,98952281.27,37038996.7,3754669128.0,0.83263675,8326.4,1035,0,0,283094.0,6876509.0
CONSERVADOR,651,80389205.87,102544783.76,-22155577.9,4176702053.0,0.4229716,4229.7,1025,0,0,283094.0,7130549.0
CONSERVADOR,652,134650105.73,100154282.72,34495823.01,4400169499.0,0.55100843,5510.1,947,0,0,283094.0,6958624.0
CONSERVADOR,653,128406521.05,100780353.34,27626167.71,3728313228.0,0.79393365,7939.3,880,0,0,283094.0,7011241.0
CONSERVADOR,654,210801085.97,99261795.89,111539290.08,4806902196.0,0.76834406,7683.4,813,0,0,283094.0,6900346.0
CONSERVADOR,655,114524495.46,105088512.85,9435982.61,3430970111.0,0.79328921,7932.9,1044,0,0,283094.0,7317853.0
CONSERVADOR,656,228298956.65,100209889.91,128089066.74,4723326222.0,0.99878207,9987.8,603,0,0,283094.0,6966233.0
CONSERVADOR,657,68055671.14,100276912.28,-32221241.14,3901476037.0,0.39486064,3948.6,1041,0,0,283094.0,6961505.0
CONSERVADOR,658,206772787.61,104073093.91,102699693.7,4649667713.0,0.92679952,9268.0,889,0,0,283094.0,7233695.0
CONSERVADOR,659,115615711.92,97027292.61,18588419.31,3725971540.0,0.71547211,7154.7,981,0,0,283094.0,6738689.0
CONSERVADOR,660,180850241.59,102045317.27,78804924.32,4414976995.0,0.87677208,8767.7,924,0,0,283094.0,7100298.0
CONSERVADOR,661,71738236.02,104972360.86,-33234124.83,3606578813.0,0.46433825,4643.4,1108,0,0,283094.0,7308857.0
CONSERVADOR,662,87692110.59,106439991.85,-18747881.26,3523427282.0,0.58596449,5859.6,1140,1,0,283094.0,7411250.0
CONSERVADOR,663,154894252.61,99674140.0,55220112.61,3839820584.0,0.91909954,9191.0,1015,0,0,283094.0,6924618.0
CONSERVADOR,664,88100785.86,99222728.38,-11121942.52,3862010592.0,0.10501294,1050.1,1038,0,0,283094.0,6899727.0
CONSERVADOR,665,83644343.94,102160635.31,-18516291.37,3731967859.0,0.51646742,5164.7,970,0,0,283094.0,7104509.0
CONSERVADOR,666,177945383.65,98133095.77,79812287.87,4851024165.0,0.74675584,7467.6,708,0,0,283094.0,6816740.0
CONSERVADOR,667,54810692.51,100248983.56,-45438291.05,3598801132.0,0.3558228,3558.2,1173,0,0,283094.0,6975503.0
CONSERVADOR,668,123774206.24,105763020.55,18011185.69,4679966058.0,0.08531466,853.1,865,0,0,283094.0,7363349.0
CONSERVADOR,669,75409317.93,102891183.17,-27481865.24,4773801241.0,0.04745833,474.6,648,0,0,283094.0,7157747.0
CONSERVADOR,670,177429894.46,100559283.21,76870611.25,4275580854.0,0.90211803,9021.2,850,0,0,283094.0,6993658.0
CONSERVADOR,671,98898137.49,99061444.7,-163307.21,3701921643.0,0.61753571,6175.4,965,1,0,283094.0,6886747.0
CONSERVADOR,672,119292453.66,101477769.09,17814684.57,4024452560.0,0.66223918,6622.4,887,0,0,283094.0,7059080.0
CONSERVADOR,673,165491260.36,100722897.93,64768362.43,4527848843.0,0.66742988,6674.3,800,0,0,283094.0,6994934.0
CONSERVADOR,674,128597951.84,91883199.68,36714752.16,4614411749.0,0.11628769,1162.9,812,0,0,283094.0,6375087.0
CONSERVADOR,675,185064153.42,105518707.82,79545445.6,4212524295.0,0.96166651,9616.7,945,0,0,283094.0,7340915.0
CONSERVADOR,676,142776439.71,102516821.45,40259618.26,4005410192.0,0.67735777,6773.6,953,0,0,283094.0,7131809.0
CONSERVADOR,677,89216217.32,97347873.13,-8131655.81,3713826071.0,0.44088108,4408.8,915,0,0,283094.0,6761244.0
CONSERVADOR,678,441515355.73,109639639.41,331875716.31,4800850047.0,0.46074913,4607.5,720,0,0,283094.0,7630417.0
CONSERVADOR,679,73311864.51,102470404.52,-29158540.01,4574216376.0,0.25643915,2564.4,841,0,0,283094.0,7125400.0
CONSERVADOR,680,180241844.35,100888414.65,79353429.7,3983038331.0,1.01549477,10154.9,904,0,0,283094.0,7009605.0
CONSERVADOR,681,191289181.16,99792588.2,91496592.95,4824635398.0,0.80965548,8096.6,651,0,0,283094.0,6929344.0
CONSERVADOR,682,78239259.25,99123129.52,-20883870.27,4110809809.0,0.33128055,3312.8,861,0,0,283094.0,6893407.0
CONSERVADOR,683,133177455.11,108381372.59,24796082.52,3980762802.0,0.75094243,7509.4,938,0,0,283094.0,7549988.0
CONSERVADOR,684,77544050.55,98703064.9,-21159014.34,3962782605.0,0.44007287,4400.7,1004,0,0,283094.0,6854957.0
CONSERVADOR,685,237351908.56,98861035.33,138490873.23,4834766465.0,0.69106054,6910.6,674,0,0,283094.0,6866082.0
CONSERVADOR,686,130538033.05,107881335.12,22656697.93,4143104143.0,0.11588619,1158.9,745,0,0,283094.0,7512353.0
CONSERVADOR,687,116883273.69,103601609.61,13281664.08,3303123504.0,0.7303804,7303.8,1100,1,0,283094.0,7206523.0
CONSERVADOR,688,65244999.98,97662831.11,-32417831.12,3983995706.0,0.05292524,529.3,1042,0,0,283094.0,6787540.0
CONSERVADOR,689,96809056.1,101668098.96,-4859042.85,4160837832.0,0.41557118,4155.7,930,0,0,283094.0,7065814.0
CONSERVADOR,690,77610454.97,98265532.14,-20655077.17,3868406862.0,0.45573939,4557.4,986,1,0,283094.0,6823486.0
CONSERVADOR,691,64808079.56,93370440.59,-28562361.03,3630833892.0,0.41564029,4156.4,1126,0,0,283094.0,6483349.0
CONSERVADOR,692,65239719.49,103509766.36,-38270046.87,3538199734.0,0.32687768,3268.8,1122,0,0,283094.0,7203330.0
CONSERVADOR,693,129144926.63,96681185.6,32463741.03,3855433118.0,0.76195189,7619.5,1071,0,0,283094.0,6710772.0
CONSERVADOR,694,139591217.2,103875870.96,35715346.23,4806288723.0,0.47318461,4731.8,598,0,0,283094.0,7223484.0
CONSERVADOR,695,205018829.31,113083142.0,91935687.3,4279843096.0,1.04086207,10408.6,737,0,0,283094.0,7882855.0
CONSERVADOR,696,117241061.27,105939870.92,11301190.35,4661882875.0,0.52338512,5233.9,818,0,0,283094.0,7366118.0
CONSERVADOR,697,483355177.99,105563446.97,377791731.02,5126673189.0,0.36852582,3685.3,546,0,0,283094.0,7348268.0
CONSERVADOR,698,60021127.6,97598887.47,-37577759.86,3338576976.0,0.32492347,3249.2,1092,1,0,283094.0,6783821.0
CONSERVADOR,699,146455214.81,99870209.85,46585004.96,4651000395.0,0.55275452,5527.5,585,0,0,283094.0,6942439.0
CONSERVADOR,700,91259385.21,97326457.23,-6067072.02,3711910003.0,0.56771539,5677.2,1163,1,0,283094.0,6757518.0
CONSERVADOR,701,72578678.09,104510521.53,-31931843.44,3482415572.0,0.49273838,4927.4,983,0,0,283094.0,7275042.0
CONSERVADOR,702,79707779.67,93473446.84,-13765667.17,3793459919.0,0.07284443,728.4,1108,1,0,283094.0,6484787.0
CONSERVADOR,703,245076733.45,101706319.33,143370414.12,4684749011.0,0.97133851,9713.4,745,0,0,283094.0,7069504.0
CONSERVADOR,704,529231934.67,102256947.52,426974987.15,4602633482.0,2.40935031,24093.5,808,0,0,283094.0,7108921.0
CONSERVADOR,705,295748956.34,101270099.62,194478856.72,5273714860.0,1.0847566,10847.6,672,0,0,283094.0,7032909.0
CONSERVADOR,706,69014603.44,100604164.16,-31589560.72,3722603269.0,0.2532388,2532.4,1044,0,0,283094.0,6989247.0
CONSERVADOR,707,68309997.7,103322451.07,-35012453.37,4534014600.0,0.22838112,2283.8,859,0,0,283094.0,7185415.0
CONSERVADOR,708,94773898.84,100240454.4,-5466555.55,3380568779.0,0.13691046,1369.1,1160,1,0,283094.0,6972646.0
CONSERVADOR,709,577623683.17,97884972.48,479738710.7,4559557400.0,2.66759617,26676.0,699,0,0,283094.0,6797426.0
CONSERVADOR,710,90274449.54,100355732.36,-10081282.82,3596649521.0,0.092714,927.1,941,0,0,283094.0,6978316.0
CONSERVADOR,711,64459974.82,105722666.48,-41262691.66,3300111376.0,0.36363317,3636.3,1149,0,0,283094.0,7362639.0
CONSERVADOR,712,92714329.16,95242106.09,-2527776.92,3750784882.0,0.56848233,5684.8,971,0,0,283094.0,6616010.0
CONSERVADOR,713,72815782.62,102093873.11,-29278090.49,3661157713.0,0.46168153,4616.8,1060,0,0,283094.0,7098351.0
CONSERVADOR,714,52002836.35,94455720.4,-42452884.05,3638153899.0,0.33259296,3325.9,1060,0,0,283094.0,6557719.0
CONSERVADOR,715,161108878.15,94312903.76,66795974.39,4591839628.0,0.49297062,4929.7,762,0,0,283094.0,6541916.0
CONSERVADOR,716,63542286.42,98820034.52,-35277748.1,3300143022.0,0.37047196,3704.7,1092,1,0,283094.0,6871872.0
CONSERVADOR,717,81465998.47,103197409.07,-21731410.6,3914520894.0,0.47044099,4704.4,1037,0,0,283094.0,7177996.0
CONSERVADOR,718,379947932.73,102151922.08,277796010.65,4925628166.0,1.55650736,15565.1,617,0,0,283094.0,7104284.0
CONSERVADOR,719,85042346.5,100434724.32,-15392377.82,4246633425.0,0.08634751,863.5,780,0,0,283094.0,6981088.0
CONSERVADOR,720,213223596.56,102515176.48,110708420.08,4403017080.0,1.03791784,10379.2,877,0,0,283094.0,7133120.0
CONSERVADOR,721,93266903.98,104145567.58,-10878663.6,4239526214.0,0.48013926,4801.4,986,0,0,283094.0,7240406.0
CONSERVADOR,722,113935902.34,97596564.04,16339338.31,4767125850.0,0.38046976,3804.7,824,0,0,283094.0,6767017.0
CONSERVADOR,723,172618364.85,108404310.88,64214053.97,4901687192.0,0.60915414,6091.5,628,0,0,283094.0,7543858.0
CONSERVADOR,724,75757353.56,93452828.02,-17695474.46,3439889190.0,0.40691023,4069.1,978,0,0,283094.0,6485654.0
CONSERVADOR,725,130435175.79,103088098.88,27347076.91,4567482720.0,0.49855124,4985.5,688,0,0,283094.0,7164554.0
CONSERVADOR,726,325444863.53,93146299.37,232298564.16,4209062528.0,0.32059368,3205.9,735,0,0,283094.0,6467035.0
CONSERVADOR,727,336133506.95,103950525.38,232182981.57,4574612838.0,1.46478287,14647.8,936,0,0,283094.0,7229849.0
CONSERVADOR,728,131357386.09,100965127.84,30392258.26,4568132063.0,0.60490752,6049.1,751,0,0,283094.0,7017590.0
CONSERVADOR,729,87483061.0,102394558.88,-14911497.88,3740501668.0,0.53845843,5384.6,1019,0,0,283094.0,7124147.0
CONSERVADOR,730,140403723.29,105636700.59,34767022.7,4100793409.0,0.75865298,7586.5,975,0,0,283094.0,7348209.0
CONSERVADOR,731,157020768.94,107053252.08,49967516.86,4142573689.0,0.71582056,7158.2,869,0,0,283094.0,7451733.0
CONSERVADOR,732,250100175.19,99296481.27,150803693.92,5051787983.0,0.86575668,8657.6,587,0,0,283094.0,6901070.0
CONSERVADOR,733,175364589.89,100480393.39,74884196.51,4467713221.0,0.83517402,8351.7,789,1,0,283094.0,6984716.0
CONSERVADOR,734,143975416.28,99800064.19,44175352.09,5022236912.0,0.37201082,3720.1,568,0,0,283094.0,6930041.0
CONSERVADOR,735,185320790.04,97327800.78,87992989.26,4593063716.0,0.7386846,7386.8,811,0,0,283094.0,6756673.0
CONSERVADOR,736,78300785.03,105437052.49,-27136267.47,3805949892.0,0.47042234,4704.2,945,0,0,283094.0,7335129.0
CONSERVADOR,737,66646766.48,102344787.09,-35698020.6,3468054440.0,0.4550025,4550.0,1093,1,0,283094.0,7121204.0
CONSERVADOR,738,148622356.67,103873925.97,44748430.7,5019736138.0,0.4727251,4727.3,614,0,0,283094.0,7227398.0
CONSERVADOR,739,80965309.73,105708395.96,-24743086.23,3300111620.0,0.48945818,4894.6,1089,1,0,283094.0,7360640.0
CONSERVADOR,740,269255339.76,100816022.49,168439317.27,4819355063.0,0.26091638,2609.2,769,0,0,283094.0,7007370.0
CONSERVADOR,741,656673690.35,106954647.23,549719043.12,5380958966.0,2.32915288,23291.5,578,0,0,283094.0,7443768.0
CONSERVADOR,742,105112944.39,97903115.47,7209828.92,4651689792.0,0.47082406,4708.2,671,0,0,283094.0,6798460.0
CONSERVADOR,743,119343875.55,97629894.24,21713981.31,3651120758.0,0.75955599,7595.6,1093,0,0,283094.0,6782410.0
CONSERVADOR,744,94410008.93,99311186.1,-4901177.18,3911698181.0,0.54574558,5457.5,937,0,0,283094.0,6902734.0
CONSERVADOR,745,100938911.67,104286691.94,-3347780.27,4218582398.0,0.52341737,5234.2,986,0,0,283094.0,7254353.0
CONSERVADOR,746,124198755.59,98537618.37,25661137.22,4095715902.0,0.53256399,5325.6,996,0,0,283094.0,6851110.0
CONSERVADOR,747,251510373.91,104916058.93,146594314.99,4623904668.0,0.20093757,2009.4,811,0,0,283094.0,7299227.0
CONSERVADOR,748,77537787.29,98484243.37,-20946456.08,3696400535.0,0.4851594,4851.6,1083,0,0,283094.0,6839744.0
CONSERVADOR,749,81942008.75,96087904.76,-14145896.01,3560229208.0,0.53984914,5398.5,1063,1,0,283094.0,6673706.0
CONSERVADOR,750,149137205.73,109558855.21,39578350.53,4203982771.0,0.77727769,7772.8,965,0,0,283094.0,7631747.0
CONSERVADOR,751,155204347.41,100466760.31,54737587.1,4245574349.0,0.54483888,5448.4,952,0,0,283094.0,6987470.0
CONSERVADOR,752,56043309.56,96630012.74,-40586703.18,3545793303.0,0.22403029,2240.3,1045,1,0,283094.0,6712363.0
CONSERVADOR,753,410847328.3,93783542.63,317063785.67,5001788097.0,0.30895831,3089.6,739,0,0,283094.0,6504919.0
CONSERVADOR,754,164941110.57,101894831.81,63046278.76,4165382589.0,0.60381408,6038.1,902,0,0,283094.0,7076726.0
CONSERVADOR,755,63176126.9,106641882.57,-43465755.67,3300138868.0,0.35383115,3538.3,1133,1,0,283094.0,7431925.0
CONSERVADOR,756,78499192.97,100801658.88,-22302465.91,3611755931.0,0.10249562,1025.0,1053,0,0,283094.0,7008478.0
CONSERVADOR,757,161993039.7,102150675.38,59842364.33,4403357499.0,0.78844959,7884.5,926,0,0,283094.0,7103577.0
CONSERVADOR,758,198824558.94,107614934.15,91209624.79,4797586197.0,0.72677995,7267.8,800,0,0,283094.0,7483919.0
CONSERVADOR,759,100066394.32,101435021.13,-1368626.81,3905285108.0,0.57978709,5797.9,1028,1,0,283094.0,7052595.0
CONSERVADOR,760,56670305.24,96585996.47,-39915691.22,3641302731.0,0.27843149,2784.3,1152,1,0,283094.0,6711980.0
CONSERVADOR,761,215865765.86,100713404.83,115152361.03,4215557296.0,0.25100484,2510.0,950,0,0,283094.0,7002527.0
CONSERVADOR,762,110899697.74,100525710.32,10373987.42,4132240008.0,0.5926462,5926.5,920,1,0,283094.0,6989073.0
CONSERVADOR,763,137546154.65,98066114.74,39480039.91,4007846389.0,0.12715884,1271.6,1057,0,0,283094.0,6812871.0
CONSERVADOR,764,83215027.0,97451411.52,-14236384.52,4282219159.0,0.33190351,3319.0,727,0,0,283094.0,6774713.0
CONSERVADOR,765,147362965.68,98457089.87,48905875.8,4176680568.0,0.77536301,7753.6,918,0,0,283094.0,6844811.0
CONSERVADOR,766,161667538.39,101420452.22,60247086.17,3841556513.0,0.20822979,2082.3,1020,0,0,283094.0,7052139.0
CONSERVADOR,767,144808346.59,105283572.04,39524774.56,4152507147.0,0.1266642,1266.6,823,0,0,283094.0,7328008.0
CONSERVADOR,768,624990503.83,97011897.92,527978605.91,5330409733.0,2.25202257,22520.2,681,0,0,283094.0,6734163.0
CONSERVADOR,769,88813624.98,104622852.31,-15809227.33,4095024130.0,0.07247791,724.8,974,0,0,283094.0,7279279.0
CONSERVADOR,770,158137247.05,99021422.6,59115824.45,4556888188.0,0.49715341,4971.5,901,0,0,283094.0,6875894.0
CONSERVADOR,771,162133288.12,98402651.53,63730636.58,4214542438.0,0.8419189,8419.2,891,0,0,283094.0,6831129.0
CONSERVADOR,772,240011729.72,98152106.48,141859623.24,4568669588.0,1.10506854,11050.7,690,0,0,283094.0,6818234.0
CONSERVADOR,773,221147081.16,100104488.35,121042592.81,5020834193.0,0.8787153,8787.2,506,0,0,283094.0,6959044.0
CONSERVADOR,774,132614710.33,104512019.1,28102691.23,3617959441.0,0.7299224,7299.2,1086,0,0,283094.0,7275598.0
CONSERVADOR,775,235343907.51,102489879.95,132854027.56,3735359678.0,1.45131381,14513.1,769,0,0,283094.0,7132776.0
CONSERVADOR,776,96999041.43,92717228.82,4281812.61,4479849463.0,0.46007588,4600.8,955,0,0,283094.0,6422027.0
CONSERVADOR,777,58624068.07,99493277.44,-40869209.37,3801145666.0,0.35282981,3528.3,950,0,0,283094.0,6916567.0
CONSERVADOR,778,145849935.89,103704149.79,42145786.1,4328343237.0,0.72824755,7282.5,874,0,0,283094.0,7208362.0
CONSERVADOR,779,99905436.21,101783182.83,-1877746.63,4145826321.0,0.53135765,5313.6,897,0,0,283094.0,7078733.0
CONSERVADOR,780,144275299.6,101727593.36,42547706.24,3598671917.0,0.81168716,8116.9,1083,0,0,283094.0,7073432.0
CONSERVADOR,781,302248878.96,96274738.24,205974140.73,5110135102.0,1.06286278,10628.6,739,0,0,283094.0,6679834.0
CONSERVADOR,782,77378211.29,102940889.44,-25562678.15,3818786509.0,0.46269271,4626.9,949,0,0,283094.0,7161464.0
CONSERVADOR,783,104670016.17,100323566.79,4346449.39,4225457944.0,0.44303895,4430.4,981,0,0,283094.0,6969708.0
CONSERVADOR,784,211276073.77,96921861.1,114354212.67,4721231452.0,0.65444592,6544.5,617,0,0,283094.0,6731736.0
CONSERVADOR,785,108192883.42,103419350.42,4773532.99,4009835653.0,0.50146766,5014.7,926,0,0,283094.0,7194478.0
CONSERVADOR,786,76278481.29,97703883.06,-21425401.77,3863198249.0,0.4487686,4487.7,964,0,0,283094.0,6784783.0
CONSERVADOR,787,142343650.59,98020804.49,44322846.1,4660743861.0,0.12923081,1292.3,661,0,0,283094.0,6808271.0
CONSERVADOR,788,64343486.27,103049236.19,-38705749.92,3467472573.0,0.43937746,4393.8,1174,0,0,283094.0,7172342.0
CONSERVADOR,789,97480166.48,104114907.7,-6634741.22,4358416859.0,0.48175824,4817.6,910,0,0,283094.0,7242860.0
CONSERVADOR,790,132943818.59,95545089.75,37398728.84,3861148957.0,0.7827318,7827.3,1039,0,0,283094.0,6638866.0
CONSERVADOR,791,61774528.23,94171518.57,-32396990.34,3904149821.0,0.05141543,514.2,812,0,0,283094.0,6536951.0
CONSERVADOR,792,62749766.33,101759121.07,-39009354.74,3756301205.0,0.05578048,557.8,1065,1,0,283094.0,7080882.0
CONSERVADOR,793,124843331.43,96946459.08,27896872.35,4500385032.0,0.58807485,5880.7,738,0,0,283094.0,6723626.0
CONSERVADOR,794,236934049.04,103010466.96,133923582.08,4702171433.0,0.2355467,2355.5,787,0,0,283094.0,7162454.0
CONSERVADOR,795,1832075259.35,100044095.72,1732031163.63,5516030725.0,1.4681288,14681.3,563,0,0,283094.0,6952524.0
CONSERVADOR,796,257437310.58,103396583.86,154040726.72,4299321432.0,1.21607191,12160.7,838,0,0,283094.0,7189106.0
CONSERVADOR,797,141340578.86,100207215.1,41133363.76,3955607177.0,0.80419709,8042.0,864,0,0,283094.0,6965319.0
CONSERVADOR,798,119407910.72,102447998.75,16959911.97,4699885326.0,0.52643088,5264.3,760,0,0,283094.0,7126364.0
CONSERVADOR,799,162378962.54,101027513.27,61351449.27,3978075521.0,0.80902133,8090.2,954,1,0,283094.0,7023642.0
CONSERVADOR,800,71183640.88,102673955.36,-31490314.48,3622230047.0,0.45801952,4580.2,1031,0,0,283094.0,7141342.0
CONSERVADOR,801,228052843.78,99520374.48,128532469.3,5023837909.0,0.78417912,7841.8,808,0,0,283094.0,6914365.0
CONSERVADOR,802,98604218.47,107435652.53,-8831434.06,3817434503.0,0.11373373,1137.3,915,0,0,283094.0,7480817.0
CONSERVADOR,803,59294248.86,97471063.59,-38176814.73,3300487373.0,0.0642102,642.1,1209,1,0,283094.0,6773308.0
CONSERVADOR,804,92271234.3,100551781.49,-8280547.19,4124179025.0,0.49449262,4944.9,877,0,0,283094.0,6987356.0
CONSERVADOR,805,60421826.47,95621164.85,-35199338.38,3630221397.0,0.38759933,3876.0,981,1,0,283094.0,6643385.0
CONSERVADOR,806,88596411.64,97724177.91,-9127766.27,4103537392.0,0.09235286,923.5,1012,0,0,283094.0,6787595.0
CONSERVADOR,807,126524251.56,99370746.47,27153505.08,4582754861.0,0.47784977,4778.5,841,0,0,283094.0,6901239.0
CONSERVADOR,808,97910106.45,104486730.78,-6576624.32,4590479671.0,0.44754211,4475.4,796,0,0,283094.0,7267874.0
CONSERVADOR,809,59288468.7,94003490.19,-34715021.5,3882631073.0,0.34635338,3463.5,1044,0,0,283094.0,6525966.0
CONSERVADOR,810,234767892.4,100178105.23,134589787.17,4891098144.0,0.16728498,1672.8,551,0,0,283094.0,6957769.0
CONSERVADOR,811,141889110.99,102590949.56,39298161.43,4193129288.0,0.74229741,7423.0,949,0,0,283094.0,7135199.0
CONSERVADOR,812,135929989.56,102994142.61,32935846.95,3607412080.0,0.879552,8795.5,1039,1,0,283094.0,7166830.0
CONSERVADOR,813,245538338.68,100714346.67,144823992.01,4732589275.0,0.23921892,2392.2,888,0,0,283094.0,7001915.0
CONSERVADOR,814,131588285.33,109814750.74,21773534.59,3960758538.0,0.64007043,6400.7,997,0,0,283094.0,7646831.0
CONSERVADOR,815,82249554.51,97672571.92,-15423017.41,3831190059.0,0.09864216,986.4,1043,0,0,283094.0,6787436.0
CONSERVADOR,816,287995849.17,103875621.07,184120228.11,4272606605.0,1.3932219,13932.2,878,0,0,283094.0,7224334.0
CONSERVADOR,817,185546761.77,98811228.41,86735533.36,4884633733.0,0.77023364,7702.3,805,0,0,283094.0,6864975.0
CONSERVADOR,818,129613638.97,102995555.5,26618083.47,4619815367.0,0.58671995,5867.2,726,0,0,283094.0,7164945.0
CONSERVADOR,819,66016044.33,97198036.86,-31181992.53,3505212528.0,0.35232761,3523.3,1103,0,0,283094.0,6757722.0
CONSERVADOR,820,80922282.27,111256368.82,-30334086.55,4185461071.0,0.31959231,3195.9,837,0,0,283094.0,7745905.0
CONSERVADOR,821,65505420.8,102636299.5,-37130878.7,3678659307.0,0.41260694,4126.1,1028,0,0,283094.0,7136295.0
CONSERVADOR,822,139815907.36,103317631.98,36498275.38,4049789538.0,0.12653257,1265.3,923,0,0,283094.0,7176703.0
CONSERVADOR,823,99335511.99,108167076.35,-8831564.36,4133032666.0,0.53069984,5307.0,939,0,0,283094.0,7532958.0
CONSERVADOR,824,858728070.16,99823557.21,758904512.95,4423639189.0,4.15097387,41509.7,773,0,0,283094.0,6938044.0
CONSERVADOR,825,105021126.35,102747627.22,2273499.13,4778021874.0,0.06753125,675.3,717,0,0,283094.0,7140754.0
CONSERVADOR,826,436378954.34,93592994.72,342785959.62,5503306797.0,1.49009703,14901.0,587,0,0,283094.0,6484434.0
CONSERVADOR,827,118334777.46,97687628.27,20647149.19,4168641810.0,0.50651178,5065.1,1000,1,0,283094.0,6778345.0
CONSERVADOR,828,457986723.57,106450690.78,351536032.8,4623745106.0,2.07046488,20704.6,789,0,0,283094.0,7403827.0
CONSERVADOR,829,121585423.54,91591021.0,29994402.54,4525365035.0,0.46618962,4661.9,814,0,0,283094.0,6353219.0
CONSERVADOR,830,252969124.51,97139888.45,155829236.05,4184877335.0,0.30914163,3091.4,855,0,0,283094.0,6747732.0
CONSERVADOR,831,144046121.4,99857667.34,44188454.06,4389789869.0,0.70433408,7043.3,614,0,0,283094.0,6944542.0
CONSERVADOR,832,111782015.48,94559969.15,17222046.33,4825808620.0,0.47295117,4729.5,626,0,0,283094.0,6556762.0
CONSERVADOR,833,58561434.0,97429843.0,-38868408.99,3928738354.0,0.04956778,495.7,1050,0,0,283094.0,6773771.0
CONSERVADOR,834,416254878.91,103910017.49,312344861.42,4325354643.0,2.08054066,20805.4,818,0,0,283094.0,7224115.0
CONSERVADOR,835,61522924.13,97510255.2,-35987331.06,4251540005.0,0.31540862,3154.1,718,0,0,283094.0,6773930.0
CONSERVADOR,836,101440032.94,101398902.16,41130.79,3752743025.0,0.62153282,6215.3,858,0,0,283094.0,7046698.0
CONSERVADOR,837,150150971.53,97375220.92,52775750.61,4275264327.0,0.5221752,5221.8,901,0,0,283094.0,6764920.0
CONSERVADOR,838,133270375.17,108337257.34,24933117.83,3850038207.0,0.78784193,7878.4,898,0,0,283094.0,7541889.0
CONSERVADOR,839,426971405.13,101066156.13,325905249.0,5151200681.0,1.26274552,12627.5,665,0,0,283094.0,7027485.0
CONSERVADOR,840,276524022.18,100291069.91,176232952.27,4114747121.0,1.09633698,10963.4,883,0,0,283094.0,6968090.0
CONSERVADOR,841,99498250.09,99000774.3,497475.79,3573964390.0,0.65207598,6520.8,1104,0,0,283094.0,6883025.0
CONSERVADOR,842,122854005.01,98761827.77,24092177.24,4412440194.0,0.59611502,5961.2,797,0,0,283094.0,6863794.0
CONSERVADOR,843,265241473.36,102672251.19,162569222.17,4663977787.0,1.18326771,11832.7,604,0,0,283094.0,7138324.0
CONSERVADOR,844,82557116.24,102223455.06,-19666338.81,3653695975.0,0.52491917,5249.2,1001,0,0,283094.0,7111928.0
CONSERVADOR,845,78517425.98,103336287.23,-24818861.25,4089082988.0,0.33493367,3349.3,963,0,0,283094.0,7182870.0
CONSERVADOR,846,396178163.31,97426422.88,298751740.43,4626599823.0,1.78934915,17893.5,665,0,0,283094.0,6765668.0
CONSERVADOR,847,1200114620.84,107409829.02,1092704791.82,4361091867.0,5.92570035,59257.0,812,0,0,283094.0,7470096.0
CONSERVADOR,848,128516688.21,100959526.11,27557162.1,3767778399.0,0.78306098,7830.6,1089,1,0,283094.0,7019496.0
CONSERVADOR,849,88810883.72,105270309.36,-16459425.64,4006991893.0,0.07548661,754.9,1035,0,0,283094.0,7326547.0
CONSERVADOR,850,80119679.04,97617793.82,-17498114.78,3923992300.0,0.46108554,4610.9,929,0,0,283094.0,6774353.0
CONSERVADOR,851,106168349.84,96523680.26,9644669.58,4491242924.0,0.10155176,1015.5,902,0,0,283094.0,6698746.0
CONSERVADOR,852,114969848.91,108295400.32,6674448.59,4195924925.0,0.60088385,6008.8,871,0,0,283094.0,7543145.0
CONSERVADOR,853,77555083.89,104191806.62,-26636722.73,3897440574.0,0.34624632,3462.5,987,0,0,283094.0,7246093.0
CONSERVADOR,854,104504761.36,105536139.9,-1031378.54,4154258086.0,0.55418246,5541.8,989,1,0,283094.0,7350382.0
CONSERVADOR,855,122715148.36,97668743.49,25046404.87,4353608552.0,0.09957276,995.7,885,0,0,283094.0,6775455.0
CONSERVADOR,856,59319158.22,106982303.97,-47663145.75,3318602627.0,0.07879591,788.0,1191,1,0,283094.0,7451932.0
CONSERVADOR,857,111964520.55,94896133.71,17068386.84,3624934249.0,0.5965164,5965.2,1002,0,0,283094.0,6592575.0
CONSERVADOR,858,534739872.3,105314760.05,429425112.25,5410444031.0,1.87933624,18793.4,615,0,0,283094.0,7326554.0
CONSERVADOR,859,52714747.46,95019649.87,-42304902.41,3423180889.0,0.27140955,2714.1,1128,1,0,283094.0,6598834.0
CONSERVADOR,860,100428611.41,104350648.48,-3922037.07,4082800403.0,0.54610645,5461.1,894,0,0,283094.0,7258365.0
CONSERVADOR,861,680525640.3,99519538.79,581006101.51,5314970427.0,2.46399936,24640.0,529,0,0,283094.0,6915658.0
CONSERVADOR,862,171351331.21,102481646.16,68869685.05,4301704477.0,0.86342424,8634.2,926,0,0,283094.0,7123183.0
CONSERVADOR,863,482372175.58,105840654.85,376531520.73,4994667528.0,1.9088895,19088.9,705,0,0,283094.0,7356539.0
CONSERVADOR,864,62236194.34,95195266.1,-32959071.75,3868782098.0,0.36540966,3654.1,1090,0,0,283094.0,6618071.0
CONSERVADOR,865,167618647.83,99078410.98,68540236.85,5141331249.0,0.64098526,6409.9,629,0,0,283094.0,6881299.0
CONSERVADOR,866,113086259.71,105252429.32,7833830.39,4232459168.0,0.4815829,4815.8,914,0,0,283094.0,7320577.0
CONSERVADOR,867,499789656.01,98938028.86,400851627.14,4260252484.0,2.55457082,25545.7,852,0,0,283094.0,6879732.0
CONSERVADOR,868,65720260.32,99800339.2,-34080078.89,4095132955.0,0.35581962,3558.2,952,0,0,283094.0,6927470.0
CONSERVADOR,869,90375448.17,107274509.32,-16899061.15,4884625823.0,0.05651215,565.1,802,0,0,283094.0,7462476.0
CONSERVADOR,870,305010019.23,103344932.29,201665086.95,4533965306.0,0.3330313,3330.3,713,0,0,283094.0,7189369.0
CONSERVADOR,871,118664670.55,96787479.22,21877191.33,3662742318.0,0.75193332,7519.3,1006,1,0,283094.0,6720757.0
CONSERVADOR,872,74192265.01,100199294.51,-26007029.5,4105924481.0,0.29924789,2992.5,1078,1,0,283094.0,6963850.0
CONSERVADOR,873,58789078.48,101085673.16,-42296594.68,3300060378.0,0.42897169,4289.7,1157,1,0,283094.0,7030218.0
CONSERVADOR,874,98710619.08,96257544.18,2453074.9,4321190941.0,0.49408277,4940.8,911,0,0,283094.0,6685424.0
CONSERVADOR,875,69709650.67,96302964.64,-26593313.97,3710377561.0,0.43390488,4339.0,1073,0,0,283094.0,6688272.0
CONSERVADOR,876,93784350.54,100868333.8,-7083983.26,3517001458.0,0.12796535,1279.7,1131,1,0,283094.0,7017465.0
CONSERVADOR,877,90464262.12,98142916.12,-7678654.0,4428189145.0,0.31960667,3196.1,843,0,0,283094.0,6810710.0
CONSERVADOR,878,129321884.17,99860216.2,29461667.97,4462724401.0,0.61693105,6169.3,700,0,0,283094.0,6941009.0
CONSERVADOR,879,76278460.03,103764742.26,-27486282.23,3400755544.0,0.53468712,5346.9,1013,0,0,283094.0,7221930.0
CONSERVADOR,880,89163602.44,102120471.33,-12956868.89,3883659554.0,0.09825964,982.6,891,0,0,283094.0,7093036.0
CONSERVADOR,881,98347702.32,94643593.73,3704108.59,4002851655.0,0.55018663,5501.9,884,1,0,283094.0,6568544.0
CONSERVADOR,882,210225640.05,110081015.87,100144624.19,4201987002.0,0.97174589,9717.5,920,0,0,283094.0,7662912.0
CONSERVADOR,883,79715641.13,101775425.93,-22059784.8,3437939831.0,0.55066767,5506.7,1124,1,0,283094.0,7079993.0
CONSERVADOR,884,121257070.26,94390240.36,26866829.9,3358328768.0,0.86438696,8643.9,1008,1,0,283094.0,6556901.0
CONSERVADOR,885,87598070.2,101146222.24,-13548152.04,3593401143.0,0.36747672,3674.8,1003,0,0,283094.0,7031082.0
CONSERVADOR,886,163132817.34,106116487.48,57016329.86,3612172652.0,0.72885964,7288.6,948,0,0,283094.0,7390797.0
CONSERVADOR,887,119652616.94,97215146.14,22437470.79,3861738194.0,0.70432603,7043.3,1029,0,0,283094.0,6748395.0
CONSERVADOR,888,70807832.18,101217934.23,-30410102.05,3632321887.0,0.45386347,4538.6,1033,0,0,283094.0,7039060.0
CONSERVADOR,889,150329645.85,97398502.39,52931143.46,4233246388.0,0.12760891,1276.1,929,0,0,283094.0,6763920.0
CONSERVADOR,890,204326115.14,101839264.51,102486850.63,4636942942.0,0.91969197,9196.9,769,0,0,283094.0,7081572.0
CONSERVADOR,891,78459983.39,103230885.29,-24770901.9,3739171636.0,0.48316013,4831.6,1016,0,0,283094.0,7181319.0
CONSERVADOR,892,138642762.94,102810599.56,35832163.38,4339958163.0,0.58260969,5826.1,931,0,0,283094.0,7147942.0
CONSERVADOR,893,128439323.51,95230884.12,33208439.39,3305115167.0,0.20725978,2072.6,1100,0,0,283094.0,6616752.0
CONSERVADOR,894,267639680.41,103342133.46,164297546.95,4471956184.0,1.27281541,12728.2,931,0,0,283094.0,7181287.0
CONSERVADOR,895,170127648.58,103494003.88,66633644.69,3667253208.0,1.07620656,10762.1,1011,0,0,283094.0,7200119.0
CONSERVADOR,896,114952653.4,104113384.88,10839268.52,4477720905.0,0.44631058,4463.1,771,0,0,283094.0,7241768.0
CONSERVADOR,897,91134242.71,97201143.83,-6066901.13,3485246102.0,0.51406741,5140.7,1032,0,0,283094.0,6755815.0
CONSERVADOR,898,341635208.08,97285436.77,244349771.31,4605331806.0,1.55391676,15539.2,675,0,0,283094.0,6757896.0
CONSERVADOR,899,299323522.53,100982814.72,198340707.81,4985826380.0,0.21541372,2154.1,706,0,0,283094.0,7020649.0
CONSERVADOR,900,425355882.02,95358190.68,329997691.34,4979270326.0,1.29765098,12976.5,720,0,0,283094.0,6621401.0
CONSERVADOR,901,59919969.34,97387266.69,-37467297.35,3799111222.0,0.26356166,2635.6,1150,0,0,283094.0,6760708.0
CONSERVADOR,902,145458796.84,103569540.67,41889256.17,3867324167.0,0.74810764,7481.1,905,0,0,283094.0,7208525.0
CONSERVADOR,903,98742687.21,103269152.93,-4526465.72,4492454065.0,0.35995304,3599.5,741,0,0,283094.0,7179368.0
CONSERVADOR,904,132522383.97,99834924.91,32687459.06,4599687707.0,0.46794867,4679.5,834,0,0,283094.0,6939726.0
CONSERVADOR,905,279520709.07,103970240.8,175550468.27,4453319607.0,1.24625897,12462.6,742,0,0,283094.0,7236672.0
CONSERVADOR,906,56714865.92,94691218.56,-37976352.64,3322776260.0,0.24993208,2499.3,1150,0,0,283094.0,6578021.0
CONSERVADOR,907,190056215.26,101417749.37,88638465.89,3304263515.0,1.38445645,13844.6,1057,0,0,283094.0,7055544.0
CONSERVADOR,908,391480803.77,99688846.72,291791957.05,4713289040.0,1.71833223,17183.3,742,0,0,283094.0,6924632.0
CONSERVADOR,909,93915921.2,106949935.29,-13034014.09,3812764169.0,0.35246743,3524.7,949,0,0,283094.0,7449471.0
CONSERVADOR,910,185074627.75,101540730.09,83533897.66,4661234099.0,0.82638314,8263.8,616,0,0,283094.0,7052304.0
CONSERVADOR,911,158949401.07,96454789.15,62494611.92,4009176365.0,0.88720617,8872.1,917,0,0,283094.0,6702459.0
CONSERVADOR,912,64677826.08,95156860.64,-30479034.56,3802202657.0,0.07552576,755.3,1091,0,0,283094.0,6608816.0
CONSERVADOR,913,800452129.55,101713260.09,698738869.46,4651471389.0,3.58566018,35856.6,764,0,0,283094.0,7070523.0
CONSERVADOR,914,129548477.47,100448758.71,29099718.77,4629341985.0,0.4509752,4509.8,874,0,0,283094.0,6980750.0
CONSERVADOR,915,101706765.15,94223181.29,7483583.86,4486350230.0,0.38696311,3869.6,912,0,0,283094.0,6540896.0
CONSERVADOR,916,527940338.35,102080336.49,425860001.86,5246766100.0,1.51089442,15108.9,620,0,0,283094.0,7094530.0
CONSERVADOR,917,453580852.47,106449399.96,347131452.51,5047127580.0,1.7430994,17431.0,657,0,0,283094.0,7411696.0
CONSERVADOR,918,138968389.05,98410846.41,40557542.64,4166471130.0,0.11977774,1197.8,955,0,0,283094.0,6842276.0
CONSERVADOR,919,113955515.95,105581706.23,8373809.72,4611117425.0,0.07984906,798.5,811,0,0,283094.0,7342692.0
CONSERVADOR,920,89491301.55,97637041.23,-8145739.68,3489005303.0,0.50265524,5026.6,1094,0,0,283094.0,6784264.0
CONSERVADOR,921,240719210.11,102729549.13,137989660.98,4520570070.0,1.12626578,11262.7,722,0,0,283094.0,7143362.0
CONSERVADOR,922,133560025.42,98802404.99,34757620.43,4629564852.0,0.12193677,1219.4,882,0,0,283094.0,6865875.0
CONSERVADOR,923,99671844.74,98180553.44,1491291.3,4609853240.0,0.4526749,4526.7,791,0,0,283094.0,6820410.0
CONSERVADOR,924,138429708.2,99651228.74,38778479.47,4209645881.0,0.6123294,6123.3,811,0,0,283094.0,6927373.0
CONSERVADOR,925,143959785.2,97580393.85,46379391.35,4062849148.0,0.78835922,7883.6,924,0,0,283094.0,6774239.0
CONSERVADOR,926,119109074.54,94869672.18,24239402.36,4514899071.0,0.55834101,5583.4,934,0,0,283094.0,6589012.0
CONSERVADOR,927,72882329.9,100563634.87,-27681304.97,3321600394.0,0.52722423,5272.2,1102,1,0,283094.0,6994116.0
CONSERVADOR,928,61956154.45,105056914.08,-43100759.63,3427541464.0,0.33910835,3391.1,1129,1,0,283094.0,7307409.0
CONSERVADOR,929,75922133.23,99819236.65,-23897103.41,4149454646.0,0.23663791,2366.4,930,0,0,283094.0,6937883.0
CONSERVADOR,930,167992878.82,107490113.88,60502764.95,3989870771.0,0.94417204,9441.7,899,0,0,283094.0,7486605.0
CONSERVADOR,931,124419502.5,101337900.73,23081601.77,4268111888.0,0.63422349,6342.2,906,0,0,283094.0,7041722.0
CONSERVADOR,932,175141428.45,104830837.24,70310591.21,3777057306.0,0.95918488,9591.8,1113,1,0,283094.0,7300211.0
CONSERVADOR,933,117501680.69,108887354.79,8614325.9,4017352526.0,0.10840264,1084.0,911,1,0,283094.0,7581058.0
CONSERVADOR,934,111045847.99,97616508.03,13429339.96,3588450364.0,0.72374112,7237.4,1153,1,0,283094.0,6780800.0
CONSERVADOR,935,144695468.52,111059460.02,33636008.5,3999261606.0,0.17622945,1762.3,870,0,0,283094.0,7736216.0
CONSERVADOR,936,168868481.84,104881688.08,63986793.76,4651801738.0,0.75637122,7563.7,936,0,0,283094.0,7300226.0
CONSERVADOR,937,179334759.32,102048950.63,77285808.68,4403072930.0,0.87293913,8729.4,824,0,0,283094.0,7091782.0
CONSERVADOR,938,436256784.34,102874554.7,333382229.64,4125410633.0,2.33694191,23369.4,857,0,0,283094.0,7158905.0
CONSERVADOR,939,62539297.16,95081047.45,-32541750.29,3946417381.0,0.05354871,535.5,1091,0,0,283094.0,6602232.0
CONSERVADOR,940,314289796.09,106725613.61,207564182.48,4454020314.0,1.50372595,15037.3,702,0,0,283094.0,7427045.0
CONSERVADOR,941,62266904.12,94619926.41,-32353022.29,4260694994.0,0.31821575,3182.2,1008,0,0,283094.0,6557858.0
CONSERVADOR,942,115853802.23,100384305.26,15469496.96,4601021414.0,0.41516756,4151.7,875,0,0,283094.0,6973928.0
CONSERVADOR,943,81401050.7,102721538.66,-21320487.96,4165110323.0,0.43003115,4300.3,813,0,0,283094.0,7142882.0
CONSERVADOR,944,292136317.77,109575634.24,182560683.53,4372776421.0,0.26499297,2649.9,876,0,0,283094.0,7632628.0
CONSERVADOR,945,195909819.38,104553015.83,91356803.55,4436620524.0,0.8285269,8285.3,689,0,0,283094.0,7272164.0
CONSERVADOR,946,69205781.37,99448367.67,-30242586.3,3300111543.0,0.407813,4078.1,1143,0,0,283094.0,6915661.0
CONSERVADOR,947,75450075.33,103718266.0,-28268190.67,3300109775.0,0.35390394,3539.0,1079,0,0,283094.0,7220726.0
CONSERVADOR,948,171136254.71,104916224.98,66220029.72,4660542121.0,0.65875812,6587.6,735,0,0,283094.0,7293132.0
CONSERVADOR,949,113566763.58,105825539.22,7741224.36,3680414017.0,0.71486575,7148.7,915,0,0,283094.0,7366001.0
CONSERVADOR,950,97465429.44,94667611.28,2797818.16,4684783670.0,0.43183276,4318.3,842,0,0,283094.0,6568683.0
CONSERVADOR,951,543808334.83,110354895.1,433453439.73,5061676436.0,2.13282505,21328.3,660,0,0,283094.0,7687560.0
CONSERVADOR,952,62581127.46,98594353.65,-36013226.19,3300146220.0,0.35117717,3511.8,1158,1,0,283094.0,6853062.0
CONSERVADOR,953,108199044.06,95813517.12,12385526.95,4190085996.0,0.46569321,4656.9,1027,0,0,283094.0,6652742.0
CONSERVADOR,954,127544866.69,99050773.38,28494093.31,4029687983.0,0.70673395,7067.3,812,0,0,283094.0,6885327.0
CONSERVADOR,955,253907683.81,102744065.38,151163618.43,4745350247.0,1.10283361,11028.3,606,0,0,283094.0,7145346.0
CONSERVADOR,956,82897505.73,102382790.82,-19485285.09,4216282309.0,0.43020694,4302.1,900,0,0,283094.0,7121012.0
CONSERVADOR,957,69586128.64,103465160.22,-33879031.58,4229532854.0,0.35947132,3594.7,979,0,0,283094.0,7189548.0
CONSERVADOR,958,76769321.96,93405979.89,-16636657.93,3718572694.0,0.47638837,4763.9,1058,0,0,283094.0,6482752.0
CONSERVADOR,959,170546573.19,99384488.6,71162084.59,4963149360.0,0.6902905,6902.9,694,0,0,283094.0,6905553.0
CONSERVADOR,960,232535566.04,100216004.62,132319561.43,4568225363.0,0.76982475,7698.2,821,0,0,283094.0,6965471.0
CONSERVADOR,961,77345047.82,104135852.56,-26790804.74,3642919905.0,0.49378334,4937.8,1152,0,0,283094.0,7249851.0
CONSERVADOR,962,80575854.18,102136314.26,-21560460.08,3901333459.0,0.07038871,703.9,962,0,0,283094.0,7102153.0
CONSERVADOR,963,69656194.42,99114298.73,-29458104.31,4103175376.0,0.37606251,3760.6,864,0,0,283094.0,6889235.0
CONSERVADOR,964,250523457.67,100938444.24,149585013.43,4985673049.0,1.00670126,10067.0,680,0,0,283094.0,7015221.0
CONSERVADOR,965,195379806.45,99412910.79,95966895.65,4087731065.0,0.93825705,9382.6,885,0,0,283094.0,6911190.0
CONSERVADOR,966,90954844.88,105683629.16,-14728784.28,4180576193.0,0.09589686,959.0,977,0,0,283094.0,7352520.0
CONSERVADOR,967,124716482.3,101201608.8,23514873.5,4129463395.0,0.66713227,6671.3,934,0,0,283094.0,7037868.0
CONSERVADOR,968,144577175.93,104776777.0,39800398.93,4024708228.0,0.80253155,8025.3,882,0,0,283094.0,7281664.0
CONSERVADOR,969,91821674.35,101372359.07,-9550684.72,3576484115.0,0.60118722,6011.9,1091,1,0,283094.0,7043859.0
CONSERVADOR,970,314483557.09,106713086.27,207770470.83,5195058304.0,1.07319334,10731.9,671,0,0,283094.0,7422086.0
CONSERVADOR,971,122612173.78,104110390.91,18501782.87,4289561802.0,0.09794871,979.5,942,0,0,283094.0,7237415.0
CONSERVADOR,972,594786625.81,102942522.08,491844103.73,5415588294.0,2.08702816,20870.3,491,0,0,283094.0,7160052.0
CONSERVADOR,973,73192374.07,104318961.08,-31126587.01,3408909076.0,0.51140737,5114.1,1068,0,0,283094.0,7264245.0
CONSERVADOR,974,68532949.93,93891059.25,-25358109.33,3737173976.0,0.42234252,4223.4,963,1,0,283094.0,6516555.0
CONSERVADOR,975,103021988.39,102977138.57,44849.82,4429361509.0,0.49703139,4970.3,907,0,0,283094.0,7157467.0
CONSERVADOR,976,64656105.65,94148870.34,-29492764.69,3660016447.0,0.41012209,4101.2,953,0,0,283094.0,6532447.0
CONSERVADOR,977,68696371.49,102949803.05,-34253431.57,3470156991.0,0.46861125,4686.1,1053,0,0,283094.0,7162636.0
CONSERVADOR,978,507410479.8,99046725.91,408363753.89,4603235587.0,2.3095458,23095.5,826,0,0,283094.0,6878122.0
CONSERVADOR,979,92343545.12,103882410.57,-11538865.44,4081232090.0,0.50241994,5024.2,937,0,0,283094.0,7224666.0
CONSERVADOR,980,95867724.29,103610795.03,-7743070.74,3748398796.0,0.12123988,1212.4,1008,0,0,283094.0,7200760.0
CONSERVADOR,981,161837269.17,98049390.09,63787879.08,4376150851.0,0.6491746,6491.7,890,0,0,283094.0,6808159.0
CONSERVADOR,982,123226669.16,101173274.38,22053394.78,4082672744.0,0.67010696,6701.1,977,0,0,283094.0,7036705.0
CONSERVADOR,983,145093703.95,104423092.55,40670611.4,4076701050.0,0.6662923,6662.9,784,0,0,283094.0,7268624.0
CONSERVADOR,984,357594274.85,105501251.21,252093023.64,3921200653.0,2.06001685,20600.2,870,0,0,283094.0,7344179.0
CONSERVADOR,985,157299682.5,102797668.35,54502014.16,4285442593.0,0.13211543,1321.2,1048,0,0,283094.0,7146900.0
CONSERVADOR,986,160882981.36,102102314.86,58780666.5,4871979158.0,0.67058803,6705.9,617,0,0,283094.0,7095659.0
CONSERVADOR,987,132998451.81,95160418.34,37838033.47,3986361223.0,0.74843161,7484.3,986,1,0,283094.0,6601013.0
CONSERVADOR,988,192894182.56,104658462.7,88235719.87,4045603755.0,0.94796085,9479.6,799,0,0,283094.0,7283039.0
CONSERVADOR,989,108053332.69,107421039.15,632293.54,3974370240.0,0.09673345,967.3,1026,0,0,283094.0,7471994.0
CONSERVADOR,990,55700193.8,95915067.86,-40214874.07,3418027293.0,0.38779173,3877.9,1180,0,0,283094.0,6670984.0
CONSERVADOR,991,129134763.53,103106383.18,26028380.35,4199421477.0,0.67409602,6741.0,1021,0,0,283094.0,7168036.0
CONSERVADOR,992,202744065.8,107578233.36,95165832.44,4446932821.0,0.97235468,9723.5,778,0,0,283094.0,7488224.0
CONSERVADOR,993,762996424.62,102150884.75,660845539.87,5450594406.0,2.64829903,26483.0,525,0,0,283094.0,7104351.0
CONSERVADOR,994,329229128.38,110296360.81,218932767.58,5289548046.0,1.09322378,10932.2,510,0,0,283094.0,7674840.0
CONSERVADOR,995,73460749.66,97527586.48,-24066836.82,3874777919.0,0.06399021,639.9,1003,0,0,283094.0,6770779.0
CONSERVADOR,996,198951247.21,102391315.89,96559931.32,5095643724.0,0.64663261,6466.3,756,0,0,283094.0,7118669.0
CONSERVADOR,997,117391975.62,98642502.75,18749472.87,3925747748.0,0.55643,5564.3,1071,0,0,283094.0,6844443.0
CONSERVADOR,998,589759731.47,101110925.53,488648805.94,5602590106.0,1.95307426,19530.7,477,0,0,283094.0,7031078.0
CONSERVADOR,999,88099943.76,103351946.89,-15252003.13,3965490635.0,0.49949315,4994.9,1051,0,0,283094.0,7192725.0
CONSERVADOR,1000,197530760.08,107884249.93,89646510.15,3832107883.0,0.20645476,2064.5,1007,0,0,283094.0,7515481.0
BASE,1,271127639.72,402067987.5,-130940347.78,3828651097.0,1.55424648,15542.5,341,0,0,1067155.0,27879282.0
BASE,2,565450501.35,391896276.35,173554225.0,3804364846.0,3.39914402,33991.4,421,0,0,1067155.0,27165285.0
BASE,3,364573899.72,431790943.35,-67217043.63,3726085111.0,2.25602058,22560.2,472,0,0,1067155.0,30001304.0
BASE,4,235914426.7,416782824.48,-180868397.78,3646932069.0,1.42056489,14205.6,535,0,0,1067155.0,28901078.0
BASE,5,388784813.46,421676356.41,-32891542.94,3860101187.0,2.2899185,22899.2,419,0,0,1067155.0,29303830.0
BASE,6,222331313.83,382401498.05,-160070184.22,3598043821.0,1.34596635,13459.7,437,0,0,1067155.0,26497515.0
BASE,7,1421908530.81,410328026.1,1011580504.71,4525541866.0,6.64170127,66417.0,346,0,0,1067155.0,28492883.0
BASE,8,290825854.28,430740411.49,-139914557.21,3684457203.0,0.3517276,3517.3,510,0,0,1067155.0,29939064.0
BASE,9,316382974.91,420213823.09,-103830848.17,4307662436.0,1.52252916,15225.3,325,0,0,1067155.0,29193949.0
BASE,10,408917124.51,424705580.46,-15788455.95,3695803239.0,2.55919539,25592.0,462,0,0,1067155.0,29507977.0
BASE,11,268446792.22,426271900.17,-157825107.95,3724036298.0,1.60969637,16097.0,500,0,0,1067155.0,29604574.0
BASE,12,722636104.29,388958727.11,333677377.18,4233034899.0,1.02005087,10200.5,302,0,0,1067155.0,26968374.0
BASE,13,276023498.38,400140752.73,-124117254.35,3930557871.0,1.58474419,15847.4,415,0,0,1067155.0,27752532.0
BASE,14,746757729.94,447193948.55,299563781.39,4007677998.0,4.17039805,41704.0,414,0,0,1067155.0,31084356.0
BASE,15,724767601.41,400229954.21,324537647.21,4099377265.0,3.91813981,39181.4,456,0,0,1067155.0,27766024.0
BASE,16,387851455.18,393353909.2,-5502454.02,3518742134.0,2.59633926,25963.4,517,0,0,1067155.0,27270211.0
BASE,17,1663456791.4,411760103.43,1251696687.97,5327359721.0,5.99963594,59996.4,273,0,0,1067155.0,28582794.0
BASE,18,730713282.17,418804765.92,311908516.24,5034801777.0,2.89052757,28905.3,295,0,0,1067155.0,29073449.0
BASE,19,425711851.55,431191718.02,-5479866.47,3892618490.0,2.47793563,24779.4,366,0,0,1067155.0,29981434.0
BASE,20,1044598857.65,427587454.45,617011403.2,4209317493.0,5.43419395,54341.9,406,0,0,1067155.0,29743490.0
BASE,21,581210028.1,441747094.88,139462933.22,4047818792.0,3.19984729,31998.5,391,0,0,1067155.0,30703576.0
BASE,22,1585156792.94,442735337.88,1142421455.06,4348273007.0,2.38689034,23868.9,395,0,0,1067155.0,30788445.0
BASE,23,339484237.62,466383174.59,-126898936.97,3592183985.0,2.20944139,22094.4,497,0,0,1067155.0,32464573.0
BASE,24,281688281.69,423085589.51,-141397307.83,4550682836.0,1.30475526,13047.6,314,0,0,1067155.0,29375491.0
BASE,25,255684470.1,399948109.11,-144263639.01,3300111508.0,1.81992189,18199.2,424,0,0,1067155.0,27774292.0
BASE,26,248517100.47,415039622.48,-166522522.01,3427335043.0,0.41748605,4174.9,445,0,0,1067155.0,28789878.0
BASE,27,342901675.64,421805931.38,-78904255.73,3760347435.0,1.70098856,17009.9,555,0,0,1067155.0,29282211.0
BASE,28,603053984.17,410698251.07,192355733.09,3897918515.0,0.94461586,9446.2,359,0,0,1067155.0,28532749.0
BASE,29,294019022.83,418178602.14,-124159579.32,3580200679.0,1.92231003,19223.1,406,0,0,1067155.0,29064823.0
BASE,30,1027282556.73,414812451.38,612470105.34,4500592808.0,4.83868005,48386.8,327,0,0,1067155.0,28802187.0
BASE,31,956452757.82,387020297.39,569432460.43,4443368372.0,1.06893523,10689.4,323,0,0,1067155.0,26816402.0
BASE,32,356972049.04,425639255.75,-68667206.71,3821979859.0,2.1320598,21320.6,350,0,0,1067155.0,29553566.0
BASE,33,760931937.97,403519482.98,357412454.99,3468101934.0,5.1948436,51948.4,514,0,0,1067155.0,27957442.0
BASE,34,953310539.6,402012084.74,551298454.85,4157332030.0,1.4430175,14430.2,437,0,0,1067155.0,27891397.0
BASE,35,734351424.84,446902467.1,287448957.74,3626567039.0,4.25464484,42546.4,510,0,0,1067155.0,31085451.0
BASE,36,454544152.05,422277626.42,32266525.63,4113539374.0,2.44507888,24450.8,354,0,0,1067155.0,29330769.0
BASE,37,693528959.79,412861690.73,280667269.05,3856619947.0,1.13341546,11334.2,438,0,0,1067155.0,28652753.0
BASE,38,393912895.25,425238494.77,-31325599.52,3814782045.0,0.4739946,4739.9,367,0,0,1067155.0,29562421.0
BASE,39,2904817460.64,412592846.23,2492224614.41,4973390291.0,11.71873853,117187.4,296,0,0,1067155.0,28652943.0
BASE,40,1125224900.05,420092162.55,705132737.5,3673478424.0,7.10139526,71014.0,503,0,0,1067155.0,29188953.0
BASE,41,346939999.37,367655104.12,-20715104.75,3942426999.0,1.98339614,19834.0,349,0,0,1067155.0,25435808.0
BASE,42,1141764787.62,422993152.72,718771634.89,4384206034.0,5.5934224,55934.2,344,0,0,1067155.0,29348994.0
BASE,43,418042085.88,393825080.26,24217005.62,4704854977.0,1.80234668,18023.5,295,0,0,1067155.0,27289539.0
BASE,44,758303962.27,400727081.56,357576880.71,4491378982.0,0.77977906,7797.8,300,0,0,1067155.0,27786642.0
BASE,45,346873361.22,415701524.09,-68828162.88,3971404868.0,1.93682519,19368.3,351,0,0,1067155.0,28867237.0
BASE,46,806532201.47,431271444.32,375260757.15,4609776430.0,3.6630824,36630.8,327,0,0,1067155.0,29962253.0
BASE,47,574062105.49,439997673.82,134064431.66,4758132606.0,2.4830066,24830.1,295,0,0,1067155.0,30552302.0
BASE,48,231932031.86,390826995.24,-158894963.38,3456456237.0,1.59059847,15906.0,380,0,0,1067155.0,27119044.0
BASE,49,370422137.61,395942594.1,-25520456.49,3871614547.0,0.54622194,5462.2,413,0,0,1067155.0,27441599.0
BASE,50,491735567.25,403668743.98,88066823.27,3533676937.0,0.87277984,8727.8,447,0,0,1067155.0,28026196.0
BASE,51,1243739396.85,394355984.59,849383412.26,4115418827.0,6.68589064,66858.9,405,0,0,1067155.0,27361836.0
BASE,52,469819597.64,433172289.75,36647307.89,3978940344.0,2.65088296,26508.8,349,0,0,1067155.0,30095803.0
BASE,53,301403131.65,411600248.84,-110197117.19,4134667434.0,0.3867066,3867.1,369,0,0,1067155.0,28592453.0
BASE,54,389128283.77,391106707.68,-1978423.91,3872853371.0,2.28131973,22813.2,519,0,0,1067155.0,27111978.0
BASE,55,381221433.98,417287508.69,-36066074.7,3762888023.0,2.32701618,23270.2,506,0,0,1067155.0,28960352.0
BASE,56,561679917.28,423335762.89,138344154.39,4183651049.0,2.94815761,29481.6,332,0,0,1067155.0,29407451.0
BASE,57,627100929.96,411055203.8,216045726.16,4160605050.0,3.31810957,33181.1,382,0,0,1067155.0,28543560.0
BASE,58,456331472.5,408550174.88,47781297.62,4995994459.0,1.82766742,18276.7,260,0,0,1067155.0,28334302.0
BASE,59,617514716.28,417497874.65,200016841.62,4150089561.0,3.27942118,32794.2,394,0,0,1067155.0,28985277.0
BASE,60,487822002.92,417937965.15,69884037.77,4062919771.0,2.26054798,22605.5,358,0,0,1067155.0,29025923.0
BASE,61,453349077.39,428090882.69,25258194.7,4098077341.0,2.45195653,24519.6,435,0,0,1067155.0,29738811.0
BASE,62,308701328.14,433277827.94,-124576499.8,4220122614.0,1.59991195,15999.1,301,0,0,1067155.0,30106336.0
BASE,63,456619706.2,416687536.37,39932169.82,3959621283.0,2.59432183,25943.2,357,0,0,1067155.0,28943552.0
BASE,64,485373336.1,434466205.81,50907130.29,4590085685.0,2.21890722,22189.1,282,0,0,1067155.0,30190590.0
BASE,65,635408269.81,412326624.06,223081645.75,4279896548.0,0.68021861,6802.2,459,0,0,1067155.0,28584783.0
BASE,66,321732243.19,420222508.84,-98490265.65,4078883898.0,1.70625063,17062.5,432,0,0,1067155.0,29172318.0
BASE,67,787882334.01,427866303.87,360016030.14,4392811863.0,3.84851206,38485.1,387,0,0,1067155.0,29709666.0
BASE,68,1448110295.8,430179305.12,1017930990.68,4243043726.0,2.26233498,22623.3,351,0,0,1067155.0,29904529.0
BASE,69,223788296.57,409422049.81,-185633753.23,3405560379.0,1.56571194,15657.1,464,0,0,1067155.0,28443948.0
BASE,70,486255313.76,428105271.65,58150042.11,4625312752.0,0.55575133,5557.5,295,0,0,1067155.0,29725636.0
BASE,71,270856831.37,419149904.39,-148293073.02,3300088892.0,1.97636334,19763.6,521,0,0,1067155.0,29123191.0
BASE,72,383822342.98,423509231.36,-39686888.39,4002778600.0,2.14727362,21472.7,397,0,0,1067155.0,29430337.0
BASE,73,1279570248.22,415045473.83,864524774.39,4551133988.0,5.92596449,59259.6,381,0,0,1067155.0,28792252.0
BASE,74,742553319.48,398611603.55,343941715.93,4501930292.0,3.49598713,34959.9,323,0,0,1067155.0,27632247.0
BASE,75,519017135.83,427426818.53,91590317.3,3829469244.0,0.65116985,6511.7,469,0,0,1067155.0,29688291.0
BASE,76,690873378.33,422250060.71,268623317.63,4169249031.0,3.27135424,32713.5,354,0,0,1067155.0,29348747.0
BASE,77,781593498.41,445071085.19,336522413.22,4151681291.0,4.14848002,41484.8,377,0,0,1067155.0,30952625.0
BASE,78,380511597.18,419377282.53,-38865685.34,3890776427.0,2.21632004,22163.2,467,0,0,1067155.0,29096508.0
BASE,79,787086984.14,422677027.69,364409956.44,4670460109.0,3.50377544,35037.8,370,0,0,1067155.0,29364033.0
BASE,80,1252710817.12,454473245.56,798237571.56,4955617810.0,5.08264613,50826.5,283,0,0,1067155.0,31633111.0
BASE,81,314912265.71,416720193.24,-101807927.53,3731033184.0,1.94512262,19451.2,446,0,0,1067155.0,28956865.0
BASE,82,1563622713.63,412532691.03,1151090022.6,4637384471.0,7.03699246,70369.9,312,0,0,1067155.0,28631587.0
BASE,83,960358279.52,400129277.36,560229002.16,4630136494.0,4.33240989,43324.1,329,0,0,1067155.0,27739359.0
BASE,84,327478583.78,415134854.33,-87656270.55,3925646889.0,1.85429884,18543.0,391,0,0,1067155.0,28820106.0
BASE,85,297263638.67,395418693.69,-98155055.02,4024705847.0,1.57532549,15753.3,465,0,0,1067155.0,27412147.0
BASE,86,539090514.81,410738890.17,128351624.64,4085961183.0,0.77190789,7719.1,312,0,0,1067155.0,28493817.0
BASE,87,369292889.0,439184828.79,-69891939.79,3980191516.0,2.08274325,20827.4,450,0,0,1067155.0,30522744.0
BASE,88,251635968.18,422107760.44,-170471792.26,3944458827.0,1.35833394,13583.3,336,0,0,1067155.0,29327897.0
BASE,89,456508546.0,394384435.17,62124110.83,3915299184.0,2.63545412,26354.5,386,0,0,1067155.0,27357841.0
BASE,90,364993613.58,394622694.83,-29629081.25,4258768193.0,1.86654441,18665.4,300,0,0,1067155.0,27338133.0
BASE,91,616313957.76,404896599.12,211417358.63,4563520907.0,0.608374,6083.7,361,0,0,1067155.0,28087511.0
BASE,92,294011115.65,418743760.98,-124732645.33,4100506272.0,0.37915894,3791.6,354,0,0,1067155.0,29075371.0
BASE,93,340628055.47,431906378.15,-91278322.68,4295446072.0,1.66350047,16635.0,446,0,0,1067155.0,30010340.0
BASE,94,362663291.69,439140900.27,-76477608.59,3708229124.0,2.25919501,22592.0,420,0,0,1067155.0,30529620.0
BASE,95,512361246.63,435207212.57,77154034.06,4844099315.0,2.1549787,21549.8,247,0,0,1067155.0,30221289.0
BASE,96,362742274.29,408042431.16,-45300156.87,3346769723.0,2.59776376,25977.6,554,0,0,1067155.0,28302720.0
BASE,97,283290994.36,419102042.41,-135811048.05,3647289686.0,1.80559429,18055.9,397,0,0,1067155.0,29114441.0
BASE,98,719481991.63,376385542.48,343096449.16,4195337346.0,0.81929217,8192.9,392,0,0,1067155.0,26062713.0
BASE,99,753856083.0,445624990.21,308231092.79,4055174054.0,4.1395393,41395.4,406,0,0,1067155.0,30971715.0
BASE,100,1729146964.99,410812977.12,1318333987.87,4016764704.0,9.62548771,96254.9,492,0,0,1067155.0,28503476.0
BASE,101,1138003042.83,409129418.77,728873624.06,3922833611.0,6.55190307,65519.0,501,0,0,1067155.0,28400678.0
BASE,102,2163827109.63,414113692.44,1749713417.19,4810668382.0,9.20033825,92003.4,299,0,0,1067155.0,28754950.0
BASE,103,260182289.71,402384319.98,-142202030.26,3816973508.0,0.29144299,2914.4,416,0,0,1067155.0,27881689.0
BASE,104,428279913.41,414838472.09,13441441.31,3641303119.0,2.73587893,27358.8,413,0,0,1067155.0,28809055.0
BASE,105,354225424.62,391323463.53,-37098038.91,4240085581.0,1.82320445,18232.0,317,0,0,1067155.0,27115526.0
BASE,106,374738924.1,394445915.79,-19706991.68,3859621060.0,2.20757553,22075.8,399,0,0,1067155.0,27348304.0
BASE,107,4590182891.9,404563265.06,4185619626.84,4873412312.0,19.12380841,191238.1,342,0,0,1067155.0,28054317.0
BASE,108,368681857.97,425960573.71,-57278715.73,4170922279.0,1.92278948,19227.9,362,0,0,1067155.0,29584212.0
BASE,109,349022963.44,419028549.38,-70005585.93,3300111666.0,2.54669547,25467.0,525,0,0,1067155.0,29108872.0
BASE,110,496149154.41,408770359.54,87378794.86,3810258951.0,2.97609083,29760.9,399,0,0,1067155.0,28395051.0
BASE,111,556867269.54,396984013.39,159883256.15,4545165771.0,2.58411321,25841.1,390,0,0,1067155.0,27517172.0
BASE,112,375912965.99,417995282.36,-42082316.37,4111780146.0,2.0144244,20144.2,404,0,0,1067155.0,29040589.0
BASE,113,533206359.32,422318619.78,110887739.53,3830736943.0,3.17443556,31744.4,434,0,0,1067155.0,29321536.0
BASE,114,634592802.12,407375194.41,227217607.71,4465286919.0,3.02471856,30247.2,276,0,0,1067155.0,28260130.0
BASE,115,422764543.97,396260690.82,26503853.15,4229896482.0,2.18366214,21836.6,421,0,0,1067155.0,27457489.0
BASE,116,1160853651.75,420774478.48,740079173.26,4329235516.0,5.79452319,57945.2,376,0,0,1067155.0,29222734.0
BASE,117,341565599.26,395686932.65,-54121333.39,4365519845.0,1.6313177,16313.2,371,0,0,1067155.0,27421046.0
BASE,118,339614958.66,424655841.49,-85040882.83,3936956438.0,1.94535055,19453.5,345,0,0,1067155.0,29515091.0
BASE,119,623390644.79,421168473.49,202222171.3,4197815773.0,3.25597682,32559.8,419,0,0,1067155.0,29268997.0
BASE,120,261661979.83,401440299.93,-139778320.1,3831629765.0,1.55729111,15572.9,476,0,0,1067155.0,27852851.0
BASE,121,482751462.64,397569915.47,85181547.17,3898968236.0,2.80348232,28034.8,398,0,0,1067155.0,27557052.0
BASE,122,548213958.19,431982476.48,116231481.7,4207271959.0,2.35836135,23583.6,352,0,0,1067155.0,30047244.0
BASE,123,719246910.38,412849960.17,306396950.21,4600499782.0,3.27672062,32767.2,327,0,0,1067155.0,28649544.0
BASE,124,3465864870.84,421790601.58,3044074269.26,4892620561.0,14.3502826,143502.8,404,0,0,1067155.0,29294492.0
BASE,125,483319833.18,413791698.18,69528135.01,4182028540.0,2.53829379,25382.9,436,0,0,1067155.0,28727529.0
BASE,126,1296435305.05,402157909.95,894277395.09,4063065556.0,1.78378279,17837.8,433,0,0,1067155.0,27894841.0
BASE,127,441322844.86,454127673.51,-12804828.65,3538428811.0,2.93195564,29319.6,492,0,0,1067155.0,31588768.0
BASE,128,1110673747.93,430614318.74,680059429.19,4502010113.0,5.22898098,52289.8,326,0,0,1067155.0,29916128.0
BASE,129,296851460.19,409925625.26,-113074165.07,3712342165.0,1.84638494,18463.8,474,0,0,1067155.0,28426008.0
BASE,130,430362611.85,439251732.11,-8889120.25,4002650737.0,2.40775058,24077.5,405,0,0,1067155.0,30531933.0
BASE,131,1867597628.94,436349263.57,1431248365.37,4337605425.0,9.29567269,92956.7,418,0,0,1067155.0,30337070.0
BASE,132,303104398.19,411681823.56,-108577425.36,3635945251.0,1.94017507,19401.8,484,0,0,1067155.0,28588633.0
BASE,133,844836837.78,404355452.53,440481385.26,3828875560.0,1.43830407,14383.0,406,0,0,1067155.0,28068194.0
BASE,134,297692848.07,429483378.05,-131790529.98,3645435613.0,1.86878223,18687.8,447,0,0,1067155.0,29794550.0
BASE,135,368418816.44,402800821.78,-34382005.34,4237267802.0,0.36511606,3651.2,323,0,0,1067155.0,27946782.0
BASE,136,332896270.79,442604194.56,-109707923.77,3827731846.0,0.49106156,4910.6,404,0,0,1067155.0,30811160.0
BASE,137,223043571.34,422745162.97,-199701591.63,3300060536.0,1.62750251,16275.0,497,0,0,1067155.0,29375909.0
BASE,138,246899448.59,414626266.08,-167726817.49,3409447093.0,1.30630222,13063.0,407,0,0,1067155.0,28796425.0
BASE,139,663087427.89,445511295.06,217576132.83,3673897836.0,4.18414481,41841.4,441,0,0,1067155.0,30982427.0
BASE,140,849988251.56,425802695.07,424185556.49,3502180602.0,5.72651061,57265.1,507,0,0,1067155.0,29601085.0
BASE,141,486115642.6,400296313.36,85819329.23,3790238555.0,2.93747061,29374.7,441,0,0,1067155.0,27763715.0
BASE,142,749084524.68,406172420.47,342912104.21,4845526737.0,3.14917321,31491.7,313,0,0,1067155.0,28166051.0
BASE,143,401464094.41,388064273.57,13399820.84,3508984378.0,2.69761704,26976.2,514,0,0,1067155.0,26919505.0
BASE,144,486158036.1,415471403.27,70686632.83,4810584545.0,0.51691838,5169.2,344,0,0,1067155.0,28841203.0
BASE,145,305324680.83,431967338.88,-126642658.06,3802980179.0,1.8363611,18363.6,368,0,0,1067155.0,30022757.0
BASE,146,410417105.93,436738920.22,-26321814.29,4009147437.0,2.2908444,22908.4,410,0,0,1067155.0,30337225.0
BASE,147,267407395.09,422072928.56,-154665533.47,3411557009.0,1.86647189,18664.7,414,0,0,1067155.0,29343832.0
BASE,148,342316334.65,423877648.58,-81561313.92,4366366935.0,1.68719072,16871.9,319,0,0,1067155.0,29432469.0
BASE,149,408126623.85,404504223.6,3622400.25,3792549897.0,0.49761491,4976.1,478,0,0,1067155.0,28067697.0
BASE,150,1178994669.96,416414371.17,762580298.79,3894411945.0,6.85809606,68581.0,473,0,0,1067155.0,28911515.0
BASE,151,892665511.7,428138155.02,464527356.67,4840649592.0,0.84712507,8471.3,346,0,0,1067155.0,29750137.0
BASE,152,329936839.0,410400673.85,-80463834.84,3714681665.0,2.04469785,20447.0,439,0,0,1067155.0,28509966.0
BASE,153,319509808.73,450941597.97,-131431789.25,3981693718.0,1.75406557,17540.7,374,0,0,1067155.0,31366536.0
BASE,154,430637686.76,412348807.87,18288878.89,4604033633.0,0.48608405,4860.8,330,0,0,1067155.0,28641970.0
BASE,155,339580136.16,405437450.03,-65857313.87,3670610862.0,2.14543164,21454.3,356,0,0,1067155.0,28142850.0
BASE,156,1195514309.97,420437881.08,775076428.9,4521523589.0,1.344395,13444.0,326,0,0,1067155.0,29196840.0
BASE,157,1576719258.96,428147274.64,1148571984.31,5552169169.0,5.30331596,53033.2,188,0,0,1067155.0,29712968.0
BASE,158,324129680.01,426480204.14,-102350524.12,3756361872.0,1.98331096,19833.1,492,0,0,1067155.0,29622829.0
BASE,159,363146773.15,435500747.73,-72353974.59,3925529921.0,2.08873514,20887.4,390,0,0,1067155.0,30268569.0
BASE,160,747979282.75,441564577.05,306414705.7,4148002329.0,0.87194489,8719.4,421,0,0,1067155.0,30658838.0
BASE,161,418422940.63,408418720.7,10004219.94,3660606202.0,2.65352177,26535.2,449,0,0,1067155.0,28371038.0
BASE,162,413832427.93,391890110.96,21942316.97,3907813880.0,2.39556072,23955.6,374,0,0,1067155.0,27180769.0
BASE,163,457048602.1,416523287.43,40525314.66,3889704238.0,2.66315208,26631.5,408,0,0,1067155.0,28933756.0
BASE,164,658924454.4,415563418.38,243361036.02,4716397409.0,2.88927805,28892.8,269,0,0,1067155.0,28860760.0
BASE,165,1137143815.32,433155484.65,703988330.67,3959020590.0,6.3893104,63893.1,407,0,0,1067155.0,30111933.0
BASE,166,772753384.21,456722250.34,316031133.87,4336475700.0,3.49106089,34910.6,373,0,0,1067155.0,31759116.0
BASE,167,877655530.72,412715266.89,464940263.84,4176627016.0,4.61794682,46179.5,388,0,0,1067155.0,28657537.0
BASE,168,509603548.34,426160433.11,83443115.23,4233849770.0,2.62860292,26286.0,333,0,0,1067155.0,29624750.0
BASE,169,334848393.04,408383506.79,-73535113.76,3868807973.0,0.48637225,4863.7,495,0,0,1067155.0,28325986.0
BASE,170,460457274.74,420265242.99,40192031.74,4471564912.0,2.19008735,21900.9,322,0,0,1067155.0,29168912.0
BASE,171,281772365.66,394805405.26,-113033039.6,4024323671.0,1.56430062,15643.0,365,0,0,1067155.0,27386230.0
BASE,172,882071363.03,431769573.87,450301789.16,4855004664.0,3.69688177,36968.8,336,0,0,1067155.0,29984202.0
BASE,173,547032928.03,436924486.41,110108441.62,3879171090.0,2.70166916,27016.7,469,0,0,1067155.0,30364119.0
BASE,174,451610776.74,406040342.9,45570433.85,3983750286.0,2.54375731,25437.6,336,0,0,1067155.0,28184116.0
BASE,175,1694339019.07,414453796.6,1279885222.47,4891696717.0,1.74992084,17499.2,328,0,0,1067155.0,28760667.0
BASE,176,371655695.18,403559763.64,-31904068.46,3604657925.0,2.4073636,24073.6,474,0,0,1067155.0,28014596.0
BASE,177,262910437.41,408540826.82,-145630389.41,3300205975.0,1.89413062,18941.3,481,0,0,1067155.0,28358264.0
BASE,178,336527788.65,431643402.44,-95115613.79,3409874654.0,2.35048143,23504.8,450,0,0,1067155.0,30021366.0
BASE,179,293144090.02,388638239.05,-95494149.03,4208832086.0,1.402805,14028.0,344,0,0,1067155.0,26919151.0
BASE,180,312963801.97,401827569.48,-88863767.51,3602149251.0,2.0186759,20186.8,490,0,0,1067155.0,27892292.0
BASE,181,264548565.52,410712941.98,-146164376.45,3634859150.0,0.41027009,4102.7,431,0,0,1067155.0,28494196.0
BASE,182,1015375830.59,415682618.41,599693212.18,4108984915.0,5.47065358,54706.5,381,0,0,1067155.0,28890153.0
BASE,183,1904476692.07,399740729.27,1504735962.8,4034183103.0,10.53597088,105359.7,414,0,0,1067155.0,27720419.0
BASE,184,615083574.49,399799156.45,215284418.04,3807443814.0,1.00728212,10072.8,435,0,0,1067155.0,27733474.0
BASE,185,394860478.33,404079668.33,-9219190.01,3861419060.0,2.32458661,23245.9,305,0,0,1067155.0,28056054.0
BASE,186,358621380.1,433791710.01,-75170329.91,3692741521.0,2.24699551,22470.0,441,0,0,1067155.0,30158697.0
BASE,187,2945691497.12,425981424.87,2519710072.25,4658443806.0,3.68182677,36818.3,314,0,0,1067155.0,29596189.0
BASE,188,1271628038.46,438255328.54,833372709.92,4660403065.0,1.65591999,16559.2,328,0,0,1067155.0,30448566.0
BASE,189,742157269.91,400050472.11,342106797.79,4506785331.0,3.48843956,34884.4,275,0,0,1067155.0,27762773.0
BASE,190,1248914877.41,423062688.64,825852188.78,4987666752.0,5.01542433,50154.2,255,0,0,1067155.0,29368700.0
BASE,191,346772430.14,437701314.75,-90928884.61,3541911078.0,0.45944908,4594.5,413,0,0,1067155.0,30439070.0
BASE,192,301549620.22,416229182.89,-114679562.67,3985205417.0,1.64127623,16412.8,375,0,0,1067155.0,28899240.0
BASE,193,220830906.27,411945233.31,-191114327.04,3300111457.0,1.55023877,15502.4,570,0,0,1067155.0,28620823.0
BASE,194,470981804.68,420799712.09,50182092.59,3924497682.0,2.70998681,27099.9,446,0,0,1067155.0,29223732.0
BASE,195,540458976.57,419766175.36,120692801.21,3925542360.0,3.10857942,31085.8,429,0,0,1067155.0,29137620.0
BASE,196,329114161.18,401576435.02,-72462273.84,3581681373.0,2.15054758,21505.5,435,0,0,1067155.0,27874617.0
BASE,197,322558197.79,411137759.53,-88579561.74,3974478088.0,1.82289624,18229.0,363,0,0,1067155.0,28552399.0
BASE,198,592196643.44,417243963.73,174952679.72,3514167162.0,3.97126965,39712.7,492,0,0,1067155.0,28987768.0
BASE,199,533386428.89,421638385.83,111748043.05,4322231692.0,2.66884313,26688.4,397,0,0,1067155.0,29257527.0
BASE,200,548626368.38,424325264.87,124301103.51,3884288013.0,3.20305522,32030.6,352,0,0,1067155.0,29491000.0
BASE,201,253578993.47,406213262.16,-152634268.69,3533901533.0,0.31820279,3182.0,439,0,0,1067155.0,28217123.0
BASE,202,1011628490.69,422836892.3,588791598.39,4158562930.0,5.35653838,53565.4,362,0,0,1067155.0,29377478.0
BASE,203,551319896.63,443829913.23,107489983.4,4034622319.0,0.64219682,6422.0,422,0,0,1067155.0,30869083.0
BASE,204,646617053.31,428144148.71,218472904.6,3873668278.0,3.78976018,37897.6,377,0,0,1067155.0,29773143.0
BASE,205,318526714.39,427248506.25,-108721791.86,4026847266.0,1.76676049,17667.6,382,0,0,1067155.0,29687503.0
BASE,206,602821693.44,393018592.89,209803100.55,4324103176.0,3.01433661,30143.4,320,0,0,1067155.0,27267300.0
BASE,207,362193908.01,431304301.14,-69110393.13,4252088195.0,0.45377992,4537.8,403,0,0,1067155.0,29972248.0
BASE,208,618925464.66,390350941.0,228574523.67,3953279891.0,3.5244986,35245.0,372,0,0,1067155.0,27066848.0
BASE,209,446005249.92,408719738.67,37285511.25,4207367934.0,0.59272649,5927.3,375,0,0,1067155.0,28365345.0
BASE,210,621148040.36,419503726.49,201644313.88,4272341145.0,3.16166749,31616.7,340,0,0,1067155.0,29123092.0
BASE,211,409396641.99,391633427.76,17763214.23,4011387543.0,2.28332362,22833.2,388,0,0,1067155.0,27149939.0
BASE,212,1037360708.21,401397967.46,635962740.75,3815571409.0,6.21035301,62103.5,437,0,0,1067155.0,27855696.0
BASE,213,384634679.84,436766405.2,-52131725.37,4546902363.0,1.78384269,17838.4,338,0,0,1067155.0,30352277.0
BASE,214,418832969.25,442228232.67,-23395263.43,4051590721.0,2.30279912,23028.0,394,0,0,1067155.0,30739695.0
BASE,215,284502917.13,420829745.75,-136326828.62,3711034111.0,1.77044271,17704.4,449,0,0,1067155.0,29197765.0
BASE,216,743364729.8,415068654.38,328296075.42,4174163661.0,3.91471207,39147.1,355,0,0,1067155.0,28816797.0
BASE,217,2416342136.54,429142937.94,1987199198.59,4530486161.0,11.26803073,112680.3,347,0,0,1067155.0,29814526.0
BASE,218,3231667807.78,426734000.16,2804933807.62,4839618908.0,3.79413679,37941.4,342,0,0,1067155.0,29637892.0
BASE,219,373965677.05,410216199.9,-36250522.86,4452604488.0,1.79010076,17901.0,323,0,0,1067155.0,28476327.0
BASE,220,1606100194.83,425057152.23,1181043042.6,4796108863.0,6.86138115,68613.8,367,0,0,1067155.0,29521694.0
BASE,221,1368025583.87,385499904.82,982525679.05,4349742093.0,6.78097178,67809.7,371,0,0,1067155.0,26727238.0
BASE,222,347066053.44,388394194.33,-41328140.89,3711964696.0,0.5409122,5409.1,485,0,0,1067155.0,26923639.0
BASE,223,1353398507.73,445720607.77,907677899.96,3779780296.0,2.11908426,21190.8,409,0,0,1067155.0,31025782.0
BASE,224,533328490.56,398988980.59,134339509.97,4052376885.0,2.93149347,29314.9,391,0,0,1067155.0,27668829.0
BASE,225,397384198.51,405156153.4,-7771954.89,4359453499.0,1.96322482,19632.2,350,0,0,1067155.0,28091096.0
BASE,226,345191791.29,405736004.79,-60544213.5,3886002852.0,2.01408453,20140.8,382,0,0,1067155.0,28151533.0
BASE,227,620883152.32,408570420.24,212312732.08,4161307520.0,3.28440401,32844.0,329,0,0,1067155.0,28358693.0
BASE,228,555732796.6,434105870.67,121626925.93,4028329422.0,2.58685396,25868.5,434,0,0,1067155.0,30161774.0
BASE,229,290824043.2,423627643.83,-132803600.63,3528912418.0,1.92012784,19201.3,592,0,0,1067155.0,29395390.0
BASE,230,352473904.24,423708027.13,-71234122.89,3403953782.0,2.46761083,24676.1,445,0,0,1067155.0,29431671.0
BASE,231,625984393.29,410046291.88,215938101.4,4124404782.0,3.35445963,33544.6,400,0,0,1067155.0,28469365.0
BASE,232,268269093.27,414323204.94,-146054111.68,3613413715.0,1.73191617,17319.2,489,0,0,1067155.0,28773561.0
BASE,233,1729555736.18,427185599.77,1302370136.41,4598751996.0,7.88402346,78840.2,304,0,0,1067155.0,29673269.0
BASE,234,876807050.4,398115757.35,478691293.05,4980439237.0,3.52926772,35292.7,277,0,0,1067155.0,27600389.0
BASE,235,589887020.84,424332237.85,165554782.99,4048778261.0,3.2465133,32465.1,366,0,0,1067155.0,29489436.0
BASE,236,1176591954.73,429240899.79,747351054.94,3766453556.0,7.17257034,71725.7,528,0,0,1067155.0,29829321.0
BASE,237,550607099.32,432631330.19,117975769.12,3850810170.0,3.25405471,32540.5,435,0,0,1067155.0,30066675.0
BASE,238,860110019.67,442299791.1,417810228.56,4970795619.0,3.47278128,34727.8,304,0,0,1067155.0,30725110.0
BASE,239,307040948.3,406092635.47,-99051687.17,3729501975.0,1.8722348,18722.3,434,0,0,1067155.0,28171352.0
BASE,240,721612442.61,424296420.86,297316021.75,3736506955.0,3.95850678,39585.1,339,0,0,1067155.0,29500382.0
BASE,241,699217874.05,405659427.63,293558446.42,4273175954.0,3.55802282,35580.2,379,0,0,1067155.0,28153656.0
BASE,242,828252672.92,422675608.65,405577064.27,4550726923.0,3.83633684,38363.4,337,0,0,1067155.0,29345472.0
BASE,243,209929266.97,398933329.88,-189004062.91,3436801804.0,0.27676609,2767.7,415,0,0,1067155.0,27654157.0
BASE,244,262369075.37,425040804.33,-162671728.97,3846709440.0,1.15963514,11596.4,454,0,0,1067155.0,29543991.0
BASE,245,533684051.33,448597745.66,85086305.67,3929562481.0,3.0651611,30651.6,417,0,0,1067155.0,31171942.0
BASE,246,1026292193.75,430900589.4,595391604.35,4375139266.0,5.04325412,50432.5,354,0,0,1067155.0,29951996.0
BASE,247,327788080.45,388035602.94,-60247522.49,4211583838.0,1.65041855,16504.2,381,0,0,1067155.0,26912618.0
BASE,248,365748297.79,416597895.88,-50849598.08,4441134711.0,1.64559943,16456.0,294,0,0,1067155.0,28913688.0
BASE,249,322526765.51,419152893.69,-96626128.18,3539307295.0,0.52088242,5208.8,447,0,0,1067155.0,29138431.0
BASE,250,887272133.13,401395823.6,485876309.52,4788738191.0,3.79960525,37996.1,336,0,0,1067155.0,27838241.0
BASE,251,307602338.66,432179553.77,-124577215.11,3773405008.0,1.84218949,18421.9,463,0,0,1067155.0,30049693.0
BASE,252,4353838942.82,415257551.05,3938581391.77,4247133597.0,6.8079453,68079.5,373,0,0,1067155.0,28835405.0
BASE,253,278703368.51,436862768.25,-158159399.75,3580104029.0,0.36261626,3626.2,445,0,0,1067155.0,30363752.0
BASE,254,260868494.37,383104036.13,-122235541.76,3520960886.0,1.74480018,17448.0,376,0,0,1067155.0,26554767.0
BASE,255,928715768.06,404460613.46,524255154.61,4506931916.0,4.36512554,43651.3,367,0,0,1067155.0,28051340.0
BASE,256,285351751.02,421951515.58,-136599764.56,3725171736.0,1.76638669,17663.9,421,0,0,1067155.0,29324526.0
BASE,257,381734699.31,406251790.79,-24517091.48,3935960996.0,2.18740162,21874.0,398,0,0,1067155.0,28187745.0
BASE,258,964829807.05,414274795.42,550555011.63,4448685944.0,4.62455983,46245.6,339,0,0,1067155.0,28746495.0
BASE,259,1576153574.32,424721521.7,1151432052.62,4368464522.0,7.76291621,77629.2,323,0,0,1067155.0,29493140.0
BASE,260,317423727.73,410844207.51,-93420479.77,3495869709.0,2.14377169,21437.7,408,0,0,1067155.0,28547848.0
BASE,261,452068422.82,392683687.42,59384735.39,3982918278.0,2.54709362,25470.9,425,0,0,1067155.0,27203132.0
BASE,262,4572645461.96,438006975.94,4134638486.02,5282379760.0,16.72616873,167261.7,283,0,0,1067155.0,30425215.0
BASE,263,322294313.78,394590635.69,-72296321.91,3584758072.0,2.10351291,21035.1,405,0,0,1067155.0,27374413.0
BASE,264,266820395.91,418467042.41,-151646646.5,3606982627.0,1.72677654,17267.8,471,0,0,1067155.0,29068276.0
BASE,265,1342168162.53,409841988.76,932326173.77,3984589861.0,7.55766769,75576.7,404,0,0,1067155.0,28432583.0
BASE,266,1899312975.58,396803355.84,1502509619.75,3341837538.0,4.51956575,45195.7,543,0,0,1067155.0,27547602.0
BASE,267,384994021.0,417451010.1,-32456989.1,4086650677.0,2.09066122,20906.6,424,0,0,1067155.0,28987752.0
BASE,268,225485989.38,371485751.11,-145999761.72,3542956160.0,0.27737324,2773.7,447,0,0,1067155.0,25733091.0
BASE,269,485956148.09,435932959.05,50023189.04,3962149332.0,2.75849339,27584.9,444,0,0,1067155.0,30295396.0
BASE,270,730190903.07,409698977.48,320491925.59,3918450118.0,4.21064158,42106.4,381,0,0,1067155.0,28439640.0
BASE,271,2465039432.25,415809549.71,2049229882.53,4474660431.0,11.71234065,117123.4,322,0,0,1067155.0,28863190.0
BASE,272,2696963509.42,442092555.52,2254870953.9,4841794213.0,11.35184362,113518.4,322,0,0,1067155.0,30741039.0
BASE,273,233168962.21,403348010.28,-170179048.08,3300143961.0,1.64996473,16499.6,529,0,0,1067155.0,27999018.0
BASE,274,428757728.35,401877900.76,26879827.59,3987731483.0,2.41159609,24116.0,391,0,0,1067155.0,27887525.0
BASE,275,303833657.52,393960728.9,-90127071.38,3507013318.0,2.04315169,20431.5,491,0,0,1067155.0,27316923.0
BASE,276,385578000.37,399599117.55,-14021117.18,3571875597.0,2.52895931,25289.6,383,0,0,1067155.0,27743662.0
BASE,277,337003284.74,422892457.36,-85889172.61,4151043404.0,1.78911848,17891.2,373,0,0,1067155.0,29362101.0
BASE,278,1721672454.22,422033765.51,1299638688.71,4053215014.0,9.46053384,94605.3,353,0,0,1067155.0,29322096.0
BASE,279,970703222.94,416129779.38,554573443.56,4754692111.0,4.20333321,42033.3,307,0,0,1067155.0,28920056.0
BASE,280,422275414.57,410664555.35,11610859.22,3618940919.0,2.72045276,27204.5,417,0,0,1067155.0,28523885.0
BASE,281,1130851966.18,415691415.47,715160550.71,4785842738.0,4.84726995,48472.7,315,0,0,1067155.0,28860707.0
BASE,282,1762451553.37,419024200.63,1343427352.74,5176398237.0,6.66542361,66654.2,308,0,0,1067155.0,29044271.0
BASE,283,4776422637.7,437896159.59,4338526478.11,4547298983.0,22.14896194,221489.6,329,0,0,1067155.0,30447943.0
BASE,284,380789135.61,420137823.65,-39348688.03,4204734787.0,1.98408965,19840.9,338,0,0,1067155.0,29183756.0
BASE,285,410833802.55,416790109.6,-5956307.06,4061535952.0,2.25087326,22508.7,397,0,0,1067155.0,28938814.0
BASE,286,621281842.62,428107915.16,193173927.45,3512458187.0,4.16906753,41690.7,509,0,0,1067155.0,29739834.0
BASE,287,575661186.47,429402193.85,146258992.62,3782306084.0,3.48876409,34887.6,449,0,0,1067155.0,29843516.0
BASE,288,291325903.66,409373912.32,-118048008.67,3900613091.0,1.69080851,16908.1,319,0,0,1067155.0,28432608.0
BASE,289,484829607.83,399958072.89,84871534.94,3375173628.0,3.43307541,34330.8,534,0,0,1067155.0,27765585.0
BASE,290,904866925.84,429267978.32,475598947.52,4780181413.0,3.88577602,38857.8,305,0,0,1067155.0,29828802.0
BASE,291,320425524.1,420576582.24,-100151058.14,4125729523.0,0.32575436,3257.5,444,0,0,1067155.0,29197052.0
BASE,292,503990619.02,411626161.27,92364457.76,4000375483.0,2.82196902,28219.7,377,0,0,1067155.0,28572947.0
BASE,293,812546237.08,409145487.65,403400749.44,4521688591.0,3.80028052,38002.8,339,0,0,1067155.0,28403069.0
BASE,294,447866321.1,415676199.55,32190121.55,3546172760.0,0.62058433,6205.8,419,0,0,1067155.0,28869178.0
BASE,295,446683170.9,410412039.82,36271131.08,3777903275.0,2.71150391,27115.0,445,0,0,1067155.0,28466059.0
BASE,296,411250727.36,411221456.62,29270.74,4130306549.0,2.19920807,21992.1,340,0,0,1067155.0,28547740.0
BASE,297,427042458.58,425966521.57,1075937.01,4638143508.0,1.92139734,19214.0,295,0,0,1067155.0,29597488.0
BASE,298,391440307.66,421806854.38,-30366546.72,3932900789.0,0.56770196,5677.0,398,0,0,1067155.0,29297074.0
BASE,299,584311757.75,427074996.84,157236760.92,4582226943.0,2.67819526,26782.0,340,0,0,1067155.0,29652521.0
BASE,300,597281199.73,427978117.98,169303081.75,4328107830.0,2.98254227,29825.4,428,0,0,1067155.0,29713825.0
BASE,301,353523857.64,412133062.94,-58609205.3,4356517008.0,1.74828767,17482.9,373,0,0,1067155.0,28615585.0
BASE,302,365500431.36,434301515.38,-68801084.02,3713095719.0,2.27273494,22727.3,448,0,0,1067155.0,30196646.0
BASE,303,381803339.66,413193206.67,-31389867.01,4214197881.0,1.98284929,19828.5,411,0,0,1067155.0,28656914.0
BASE,304,270604495.74,418924811.9,-148320316.16,3483599609.0,1.83629523,18363.0,435,0,0,1067155.0,29099771.0
BASE,305,421661700.79,389911683.22,31750017.57,3656653265.0,2.6780458,26780.5,419,0,0,1067155.0,27037044.0
BASE,306,667512176.8,429119213.18,238392963.61,4225943145.0,3.45255597,34525.6,438,0,0,1067155.0,29819811.0
BASE,307,419905221.04,421923252.73,-2018031.69,4124961867.0,2.24970415,22497.0,358,0,0,1067155.0,29301953.0
BASE,308,496231491.74,430712531.51,65518960.23,4116246162.0,2.66678448,26667.8,343,0,0,1067155.0,29958348.0
BASE,309,1334661051.72,418387546.07,916273505.65,4645037488.0,5.99139022,59913.9,262,0,0,1067155.0,29022142.0
BASE,310,264969633.42,429651289.71,-164681656.28,3694342744.0,1.65921138,16592.1,398,0,0,1067155.0,29860713.0
BASE,311,851948496.28,393034887.52,458913608.76,3827713724.0,5.07768276,50776.8,446,0,0,1067155.0,27252400.0
BASE,312,584052969.13,431658811.24,152394157.89,4561842219.0,2.69523505,26952.4,312,0,0,1067155.0,29945153.0
BASE,313,462255391.85,408919601.73,53335790.12,3658730110.0,2.93356703,29335.7,461,0,0,1067155.0,28372367.0
BASE,314,513379756.8,396689671.34,116690085.46,3752281231.0,3.14606581,31460.7,382,0,0,1067155.0,27530120.0
BASE,315,405571043.66,395309347.19,10261696.48,3958818913.0,2.30494904,23049.5,433,0,0,1067155.0,27407165.0
BASE,316,1207722819.32,412204994.39,795517824.93,4715844077.0,5.29663233,52966.3,322,0,0,1067155.0,28619601.0
BASE,317,497715959.35,449147610.92,48568348.43,3531548338.0,3.31537627,33153.8,480,0,0,1067155.0,31256284.0
BASE,318,217634187.61,393702505.72,-176068318.1,3553765907.0,1.43737203,14373.7,472,0,0,1067155.0,27307337.0
BASE,319,294939088.03,421717876.84,-126778788.81,3518395362.0,1.97463347,19746.3,563,0,0,1067155.0,29283587.0
BASE,320,454499205.31,404651612.63,49847592.68,4160391157.0,2.40502094,24050.2,303,0,0,1067155.0,28078025.0
BASE,321,364206132.19,462109480.54,-97903348.35,3795021319.0,2.19692788,21969.3,441,0,0,1067155.0,32137769.0
BASE,322,282750218.09,393381773.15,-110631555.06,3458953247.0,1.91634886,19163.5,492,0,0,1067155.0,27268523.0
BASE,323,2036835096.48,435403840.23,1601431256.25,4405042850.0,9.90798375,99079.8,346,0,0,1067155.0,30272119.0
BASE,324,940517483.28,408181631.15,532335852.13,4162711448.0,4.97279544,49728.0,339,0,0,1067155.0,28319651.0
BASE,325,428836120.04,422616919.78,6219200.25,3829224350.0,0.5371257,5371.3,469,0,0,1067155.0,29362334.0
BASE,326,1537599768.35,416613807.85,1120985960.5,3689623961.0,9.64531808,96453.2,418,0,0,1067155.0,28957276.0
BASE,327,406540445.88,415293341.82,-8752895.95,3995593883.0,2.28021298,22802.1,341,0,0,1067155.0,28837761.0
BASE,328,398428217.27,415162840.86,-16734623.59,4134693891.0,2.12736282,21273.6,439,0,0,1067155.0,28797563.0
BASE,329,443760288.45,399009615.26,44750673.2,3591133684.0,2.88925005,28892.5,485,0,0,1067155.0,27690896.0
BASE,330,237429092.47,391322672.8,-153893580.32,3300111496.0,1.6841847,16841.8,590,0,0,1067155.0,27154344.0
BASE,331,689008548.93,408533733.66,280474815.27,4198793498.0,3.59747687,35974.8,365,0,0,1067155.0,28365164.0
BASE,332,299075941.87,436936655.86,-137860714.0,3981506523.0,1.68593856,16859.4,426,0,0,1067155.0,30381441.0
BASE,333,910967589.72,424781925.93,486185663.8,4171949867.0,4.80104911,48010.5,400,0,0,1067155.0,29506258.0
BASE,334,328008573.33,408045350.45,-80036777.11,3874349506.0,1.92195017,19219.5,423,0,0,1067155.0,28289323.0
BASE,335,2795498018.64,424727417.1,2370770601.55,5218767627.0,10.43200417,104320.0,270,0,0,1067155.0,29485842.0
BASE,336,264633351.84,404086588.51,-139453236.67,3707789189.0,1.5819382,15819.4,341,0,0,1067155.0,28038023.0
BASE,337,1010257988.66,414572894.8,595685093.86,3716641789.0,6.27362442,62736.2,387,0,0,1067155.0,28809976.0
BASE,338,446324891.79,419216561.85,27108329.94,4085272587.0,2.42488967,24248.9,429,0,0,1067155.0,29110616.0
BASE,339,2091148766.63,450997169.01,1640151597.62,5130985354.0,8.02294079,80229.4,290,0,0,1067155.0,31363226.0
BASE,340,456865976.97,397181463.37,59684513.6,4113296392.0,2.45777836,24577.8,350,0,0,1067155.0,27532452.0
BASE,341,1230367503.36,412899661.32,817467842.05,4216978677.0,6.38360345,63836.0,425,0,0,1067155.0,28644140.0
BASE,342,269742251.88,396625147.93,-126882896.05,3300854873.0,0.38070543,3807.1,477,0,0,1067155.0,27521901.0
BASE,343,318542742.02,427786860.98,-109244118.96,4036407483.0,1.71293319,17129.3,416,0,0,1067155.0,29700470.0
BASE,344,459879485.13,385212563.56,74666921.57,4589593553.0,2.10270465,21027.0,368,0,0,1067155.0,26698925.0
BASE,345,793886041.23,423853541.85,370032499.38,4744510901.0,3.44914604,34491.5,292,0,0,1067155.0,29439415.0
BASE,346,334725865.19,414674239.87,-79948374.68,4386310764.0,1.63862528,16386.3,357,0,0,1067155.0,28777617.0
BASE,347,494303162.98,410046780.01,84256382.97,4492156681.0,0.48603722,4860.4,457,0,0,1067155.0,28459923.0
BASE,348,338826234.12,415764040.8,-76937806.68,3729516726.0,2.09401395,20940.1,440,0,0,1067155.0,28859905.0
BASE,349,432554251.8,409517986.5,23036265.3,4199189614.0,0.57166655,5716.7,351,0,0,1067155.0,28419122.0
BASE,350,583565971.56,425066917.37,158499054.2,4384936907.0,2.38731308,23873.1,326,0,0,1067155.0,29516948.0
BASE,351,698603694.33,422207507.64,276396186.68,3983076871.0,0.89079528,8908.0,386,0,0,1067155.0,29323345.0
BASE,352,417723926.95,407854697.39,9869229.56,3890826829.0,2.43302171,24330.2,386,0,0,1067155.0,28293007.0
BASE,353,335310641.66,413497153.66,-78186511.99,3536582127.0,2.22924042,22292.4,432,0,0,1067155.0,28742743.0
BASE,354,476796991.24,402156734.05,74640257.19,3603200520.0,3.09011815,30901.2,415,0,0,1067155.0,27877519.0
BASE,355,483201611.42,427929973.62,55271637.79,3804557740.0,2.90450772,29045.1,421,0,0,1067155.0,29724639.0
BASE,356,585014498.11,436812420.18,148202077.93,4218210093.0,3.03397648,30339.8,343,0,0,1067155.0,30361771.0
BASE,357,579179945.29,426096636.15,153083309.14,3954744697.0,3.2964295,32964.3,381,0,0,1067155.0,29563866.0
BASE,358,679803903.67,441986864.3,237817039.38,4837840582.0,2.86504809,28650.5,311,0,0,1067155.0,30716049.0
BASE,359,369328538.27,424493431.53,-55164893.26,4234670422.0,1.90450479,19045.0,350,0,0,1067155.0,29459043.0
BASE,360,300155922.53,405128350.6,-104972428.07,3969203593.0,1.69950405,16995.0,329,0,0,1067155.0,28125590.0
BASE,361,1058757204.6,413368740.56,645388464.03,4745724913.0,4.59808815,45980.9,309,0,0,1067155.0,28664786.0
BASE,362,333646066.33,422802273.28,-89156206.96,3459504640.0,2.28543525,22854.4,567,0,0,1067155.0,29369763.0
BASE,363,441147799.8,412168619.73,28979180.07,3767381316.0,0.5652019,5652.0,445,0,0,1067155.0,28625488.0
BASE,364,283268725.86,411423738.94,-128155013.08,3969723251.0,1.53200724,15320.1,317,0,0,1067155.0,28571595.0
BASE,365,1692440314.88,427464295.42,1264976019.45,4901633959.0,6.98713028,69871.3,307,0,0,1067155.0,29702314.0
BASE,366,1513820806.43,413524423.59,1100296382.83,4314329281.0,7.59505644,75950.6,378,0,0,1067155.0,28726123.0
BASE,367,944998658.78,410522815.69,534475843.09,4633903397.0,4.25780976,42578.1,307,0,0,1067155.0,28504482.0
BASE,368,407287571.33,400743274.14,6544297.2,3608420602.0,2.63439539,26344.0,474,0,0,1067155.0,27808807.0
BASE,369,339199732.76,438366187.39,-99166454.63,3528777517.0,2.26188431,22618.8,492,0,0,1067155.0,30475204.0
BASE,370,456177267.15,414797581.1,41379686.05,4019345719.0,2.53702749,25370.3,371,0,0,1067155.0,28790278.0
BASE,371,586522283.48,403584614.41,182937669.08,3966625914.0,0.89388218,8938.8,442,0,0,1067155.0,27995808.0
BASE,372,386030400.56,406924114.27,-20893713.71,3832559723.0,2.29669216,22966.9,389,0,0,1067155.0,28243049.0
BASE,373,913224591.17,403269524.4,509955066.77,4173415526.0,4.81048416,48104.8,341,0,0,1067155.0,27968870.0
BASE,374,748491284.6,409030781.45,339460503.15,4445326886.0,3.10451488,31045.1,280,0,0,1067155.0,28383969.0
BASE,375,772074924.31,445001864.86,327073059.45,3962676188.0,4.38179598,43818.0,401,0,0,1067155.0,30947605.0
BASE,376,615095199.91,411857027.57,203238172.34,4442425874.0,0.63636744,6363.7,382,0,0,1067155.0,28596820.0
BASE,377,1783191607.49,417582945.95,1365608661.54,4238486285.0,9.18319636,91832.0,407,0,0,1067155.0,28995609.0
BASE,378,300128852.48,395997890.24,-95869037.76,4067912207.0,1.6406373,16406.4,395,0,0,1067155.0,27455808.0
BASE,379,587737232.01,418278392.6,169458839.41,3665424755.0,3.72051167,37205.1,542,0,0,1067155.0,29038728.0
BASE,380,363874118.71,406938635.5,-43064516.79,4203302031.0,1.89689843,18969.0,352,0,0,1067155.0,28234700.0
BASE,381,2738509948.36,426591211.56,2311918736.8,4306028583.0,13.77865291,137786.5,395,0,0,1067155.0,29640311.0
BASE,382,1176711068.45,431251107.37,745459961.08,4075227376.0,6.41580834,64158.1,491,0,0,1067155.0,29990732.0
BASE,383,2805679186.26,375017389.3,2430661796.96,5183087437.0,10.58842656,105884.3,288,0,0,1067155.0,25945040.0
BASE,384,609177679.13,449791284.08,159386395.05,3688967126.0,3.82229437,38222.9,395,0,0,1067155.0,31316359.0
BASE,385,297637039.43,406342821.06,-108705781.63,4086948067.0,1.61611062,16161.1,370,0,0,1067155.0,28203621.0
BASE,386,265236643.12,422637239.36,-157400596.24,3474599268.0,1.80618068,18061.8,405,0,0,1067155.0,29351413.0
BASE,387,822518021.29,456527549.83,365990471.47,4329327793.0,4.10555569,41055.6,344,0,0,1067155.0,31758439.0
BASE,388,429204543.31,421661263.76,7543279.55,3978397010.0,2.42219034,24221.9,441,0,0,1067155.0,29279840.0
BASE,389,244865460.48,421282258.8,-176416798.32,3461986071.0,0.31582305,3158.2,451,0,0,1067155.0,29260538.0
BASE,390,411787210.18,420343095.31,-8555885.13,4294131907.0,2.08036136,20803.6,331,0,0,1067155.0,29182623.0
BASE,391,1035579013.4,415068558.45,620510454.95,4129263180.0,5.5398989,55399.0,365,0,0,1067155.0,28816206.0
BASE,392,1062622457.57,410524106.3,652098351.27,4931328409.0,4.34519466,43451.9,283,0,0,1067155.0,28489212.0
BASE,393,804605052.83,435377599.23,369227453.6,4462925627.0,3.83811452,38381.1,354,0,0,1067155.0,30256273.0
BASE,394,475142441.43,410679306.68,64463134.75,4471340530.0,0.44943828,4494.4,337,0,0,1067155.0,28458002.0
BASE,395,380180926.68,437577154.82,-57396228.14,3346301215.0,2.72315889,27231.6,532,0,0,1067155.0,30426816.0
BASE,396,1517019586.99,406206519.89,1110813067.11,5139377240.0,5.80477734,58047.8,263,0,0,1067155.0,28168120.0
BASE,397,439122639.36,410995421.38,28127217.98,3934912571.0,2.51719504,25172.0,333,0,0,1067155.0,28520510.0
BASE,398,320273544.57,416312436.43,-96038891.86,3550040487.0,0.52988561,5298.9,428,0,0,1067155.0,28919376.0
BASE,399,630432930.92,439381355.39,191051575.52,3902290078.0,3.65670832,36567.1,474,0,0,1067155.0,30562229.0
BASE,400,480792480.11,407270448.03,73522032.08,3813805894.0,2.88022034,28802.2,337,0,0,1067155.0,28246739.0
BASE,401,435206710.42,400594568.79,34612141.64,3795193708.0,2.62504379,26250.4,399,0,0,1067155.0,27785313.0
BASE,402,206982953.44,386277281.17,-179294327.73,3424126306.0,1.35981678,13598.2,541,0,0,1067155.0,26769292.0
BASE,403,301241303.3,441509855.71,-140268552.41,4004583187.0,1.63059487,16305.9,395,0,0,1067155.0,30693779.0
BASE,404,268198622.11,419975563.53,-151776941.43,4310968779.0,1.26145765,12614.6,374,0,0,1067155.0,29177918.0
BASE,405,296888786.1,417294045.39,-120405259.29,3626251285.0,1.90737392,19073.7,457,0,0,1067155.0,28990497.0
BASE,406,983655801.64,416053335.17,567602466.47,4648859521.0,1.01525738,10152.6,369,0,0,1067155.0,28864815.0
BASE,407,361959577.21,412946634.86,-50987057.65,3797062173.0,0.44682498,4468.2,418,0,0,1067155.0,28667181.0
BASE,408,607017127.1,401902139.05,205114988.04,3883366224.0,3.54514607,35451.5,324,0,0,1067155.0,27917634.0
BASE,409,765239097.29,420126944.09,345112153.19,3683490906.0,4.81137284,48113.7,412,0,0,1067155.0,29186143.0
BASE,410,422694468.27,418088763.44,4605704.83,4630958640.0,0.37861688,3786.2,363,0,0,1067155.0,29020578.0
BASE,411,234838152.33,406147772.23,-171309619.9,3300111489.0,1.66270218,16627.0,524,0,0,1067155.0,28185458.0
BASE,412,428517075.25,443362577.06,-14845501.81,3967824946.0,2.42749435,24274.9,330,0,0,1067155.0,30843034.0
BASE,413,266803299.83,414659291.15,-147855991.32,3440874141.0,0.36539546,3654.0,526,0,0,1067155.0,28784761.0
BASE,414,422492063.68,412479317.88,10012745.79,3886250908.0,2.46488502,24648.9,452,0,0,1067155.0,28645337.0
BASE,415,421827919.25,420458166.59,1369752.66,4220451943.0,2.18596559,21859.7,327,0,0,1067155.0,29190880.0
BASE,416,610152431.02,434624906.37,175527524.64,4220918256.0,3.16137591,31613.8,420,0,0,1067155.0,30199133.0
BASE,417,277874759.1,430687327.21,-152812568.11,3523434202.0,1.85677259,18567.7,486,0,0,1067155.0,29935190.0
BASE,418,242152519.85,415321486.06,-173168966.21,3342998882.0,1.73677689,17367.8,523,0,0,1067155.0,28822266.0
BASE,419,427940462.54,432506255.58,-4565793.04,4193433888.0,2.23854697,22385.5,416,0,0,1067155.0,30064860.0
BASE,420,256456330.77,419461423.75,-163005092.98,3581686760.0,0.31731719,3173.2,448,0,0,1067155.0,29142544.0
BASE,421,314889450.75,416340341.07,-101450890.32,4257379044.0,1.55269775,15527.0,366,0,0,1067155.0,28883717.0
BASE,422,664450586.86,411321399.83,253129187.03,4651982441.0,2.97593317,29759.3,320,0,0,1067155.0,28526526.0
BASE,423,796350401.93,396302523.02,400047878.91,3533855600.0,4.90335344,49033.5,515,0,0,1067155.0,27495798.0
BASE,424,389856560.28,409411877.39,-19555317.11,4027400530.0,2.16197754,21619.8,382,0,0,1067155.0,28421796.0
BASE,425,776539443.87,415895110.21,360644333.66,4490508772.0,3.67003513,36700.4,382,0,0,1067155.0,28874342.0
BASE,426,609632214.44,405303123.04,204329091.4,3966627836.0,3.45497222,34549.7,412,0,0,1067155.0,28118419.0
BASE,427,4276228872.31,444883561.71,3831345310.6,4664187216.0,5.63579702,56358.0,319,0,0,1067155.0,30954807.0
BASE,428,458884343.02,406391348.55,52492994.47,3795409990.0,2.76764009,27676.4,472,0,0,1067155.0,28204462.0
BASE,429,321984858.02,405954772.88,-83969914.86,4096185127.0,1.74262936,17426.3,337,0,0,1067155.0,28186204.0
BASE,430,266407136.72,378468741.49,-112061604.77,3647047931.0,1.69813763,16981.4,490,0,0,1067155.0,26193962.0
BASE,431,2246128390.65,433808212.1,1812320178.55,4365439183.0,11.07409769,110741.0,412,0,0,1067155.0,30143611.0
BASE,432,345178193.24,428337083.42,-83158890.18,3713738366.0,0.53770346,5377.0,386,0,0,1067155.0,29771354.0
BASE,433,356103265.66,401761103.01,-45657837.34,3647337259.0,2.26963262,22696.3,454,0,0,1067155.0,27894868.0
BASE,434,3891155411.95,424238749.32,3466916662.63,4500267617.0,18.33002002,183300.2,343,0,0,1067155.0,29494383.0
BASE,435,1237376363.35,410773867.92,826602495.42,4368113450.0,1.78011459,17801.1,418,0,0,1067155.0,28509748.0
BASE,436,1016625346.64,402694057.86,613931288.78,4510601844.0,1.35100217,13510.0,294,0,0,1067155.0,27930691.0
BASE,437,546770442.11,426729602.09,120040840.02,3965479959.0,3.09999216,30999.9,439,0,0,1067155.0,29631524.0
BASE,438,375712458.88,405734256.21,-30021797.34,4075809101.0,2.04808445,20480.8,376,0,0,1067155.0,28130754.0
BASE,439,1184182398.64,444678448.05,739503950.59,3968896719.0,6.70566263,67056.6,411,0,0,1067155.0,30943121.0
BASE,440,422167369.77,397181175.12,24986194.65,3915558692.0,0.62514682,6251.5,437,0,0,1067155.0,27544801.0
BASE,441,1855368992.73,415928317.68,1439440675.05,4554116021.0,2.64913097,26491.3,398,0,0,1067155.0,28873478.0
BASE,442,605221165.79,399582384.25,205638781.53,4172851254.0,3.1886788,31886.8,353,0,0,1067155.0,27686051.0
BASE,443,417203266.61,404932922.5,12270344.11,3661918182.0,2.64448027,26444.8,497,0,0,1067155.0,28077372.0
BASE,444,287279957.35,430254400.04,-142974442.7,4208383325.0,1.49496757,14949.7,256,0,0,1067155.0,29884332.0
BASE,445,218929134.01,416683989.93,-197754855.92,3300060526.0,1.59748032,15974.8,539,0,0,1067155.0,28941587.0
BASE,446,939061735.48,399717424.44,539344311.04,4230373050.0,4.84963851,48496.4,333,0,0,1067155.0,27739618.0
BASE,447,274446402.43,399885364.97,-125438962.55,3842878313.0,1.62666899,16266.7,453,0,0,1067155.0,27743767.0
BASE,448,317557719.41,437422902.38,-119865182.97,3732949877.0,1.94246526,19424.7,452,0,0,1067155.0,30409093.0
BASE,449,3421421616.94,403757496.68,3017664120.26,4062044534.0,18.74188487,187418.8,382,0,0,1067155.0,28015547.0
BASE,450,1126260855.27,457042248.03,669218607.24,4879537969.0,4.68299033,46829.9,265,0,0,1067155.0,31808799.0
BASE,451,431057376.37,418951228.36,12106148.01,4521371709.0,2.007878,20078.8,311,0,0,1067155.0,29105739.0
BASE,452,470665743.21,416817484.06,53848259.15,4212136321.0,0.50991825,5099.2,371,0,0,1067155.0,28931947.0
BASE,453,678279213.44,418782330.29,259496883.14,4431502293.0,3.27000275,32700.0,314,0,0,1067155.0,29045806.0
BASE,454,327098916.09,423337697.06,-96238780.97,3785825370.0,1.95905075,19590.5,424,0,0,1067155.0,29395403.0
BASE,455,1666728769.25,420764379.1,1245964390.15,4391733071.0,2.50160153,25016.0,332,0,0,1067155.0,29238318.0
BASE,456,1800283788.87,425669267.45,1374614521.42,5044480941.0,7.09953873,70995.4,267,0,0,1067155.0,29556884.0
BASE,457,349651836.99,403075433.3,-53423596.3,3967464113.0,1.889027,18890.3,415,0,0,1067155.0,27951660.0
BASE,458,540988008.91,411168989.23,129819019.68,3444240645.0,3.72787928,37278.8,541,0,0,1067155.0,28545694.0
BASE,459,256683101.95,396622206.69,-139939104.74,3300111538.0,1.842829,18428.3,514,0,0,1067155.0,27540338.0
BASE,460,397795731.36,436799279.79,-39003548.43,3374825985.0,2.81717758,28171.8,472,0,0,1067155.0,30363717.0
BASE,461,532473412.74,395906320.75,136567091.99,4295322919.0,2.68897143,26889.7,307,0,0,1067155.0,27466105.0
BASE,462,522161861.79,389948988.98,132212872.82,4228183253.0,0.700574,7005.7,395,0,0,1067155.0,26999017.0
BASE,463,293428075.78,408420485.58,-114992409.8,4022928444.0,1.62981822,16298.2,450,0,0,1067155.0,28341562.0
BASE,464,460261448.43,415959642.95,44301805.48,3616495605.0,2.96792451,29679.2,474,0,0,1067155.0,28884224.0
BASE,465,643114893.61,417822957.39,225291936.22,3911124228.0,0.83906328,8390.6,447,0,0,1067155.0,28985449.0
BASE,466,659266683.1,414906442.76,244360240.34,4377687878.0,2.73938524,27393.9,331,0,0,1067155.0,28782935.0
BASE,467,964882519.36,403695258.73,561187260.64,4284509103.0,1.39105014,13910.5,344,0,0,1067155.0,27993956.0
BASE,468,1032873176.04,383361015.39,649512160.65,4276316290.0,5.2501729,52501.7,380,0,0,1067155.0,26574305.0
BASE,469,316668529.22,408870242.36,-92201713.14,4053574672.0,1.73986139,17398.6,372,0,0,1067155.0,28323108.0
BASE,470,1218990965.36,409190567.55,809800397.81,4716506256.0,5.34488901,53448.9,346,0,0,1067155.0,28402364.0
BASE,471,301813577.21,402100568.67,-100286991.46,3683834495.0,1.86667825,18666.8,458,0,0,1067155.0,27876266.0
BASE,472,537900326.85,433849298.63,104051028.23,3951692759.0,3.06484608,30648.5,401,0,0,1067155.0,30158016.0
BASE,473,984602435.9,444887553.9,539714882.0,4896534120.0,4.07156222,40715.6,271,0,0,1067155.0,30907229.0
BASE,474,601650472.45,447281619.51,154368852.95,4533471172.0,2.80285425,28028.5,339,0,0,1067155.0,31105727.0
BASE,475,668347028.28,418208434.34,250138593.94,4161185722.0,3.53563316,35356.3,413,0,0,1067155.0,29033231.0
BASE,476,386732427.82,416741348.97,-30008921.16,3727486727.0,0.47849009,4784.9,443,0,0,1067155.0,28942434.0
BASE,477,591563066.33,415292572.93,176270493.4,3975681290.0,0.89876431,8987.6,378,0,0,1067155.0,28830673.0
BASE,478,1377085085.66,414530752.8,962554332.86,4636538288.0,5.87458073,58745.8,357,0,0,1067155.0,28790764.0
BASE,479,353846680.29,389202442.62,-35355762.34,3563349358.0,2.32842265,23284.2,452,0,0,1067155.0,26986000.0
BASE,480,239573848.94,419764275.55,-180190426.61,4029407578.0,1.32762582,13276.3,357,0,0,1067155.0,29152531.0
BASE,481,276184913.4,406977029.42,-130792116.01,3829898842.0,1.64476735,16447.7,363,0,0,1067155.0,28232571.0
BASE,482,481745352.55,411910686.58,69834665.97,3922093149.0,2.77432751,27743.3,377,0,0,1067155.0,28607537.0
BASE,483,413262035.04,426866525.75,-13604490.71,3419236250.0,2.87581411,28758.1,446,0,0,1067155.0,29684345.0
BASE,484,526563458.39,413778260.84,112785197.56,4278352498.0,0.54737077,5473.7,364,0,0,1067155.0,28716512.0
BASE,485,324768006.04,405981630.84,-81213624.8,3399339063.0,2.27779115,22777.9,439,0,0,1067155.0,28193375.0
BASE,486,400024581.0,408493781.95,-8469200.95,4267975876.0,2.03920505,20392.1,324,0,0,1067155.0,28334822.0
BASE,487,498737044.97,428381424.24,70355620.73,4253485502.0,2.55515048,25551.5,442,0,0,1067155.0,29740103.0
BASE,488,396606858.52,430985435.68,-34378577.16,4841894916.0,1.60423571,16042.4,270,0,0,1067155.0,29946601.0
BASE,489,3869973871.24,428947506.18,3441026365.06,4948478367.0,5.3210685,53210.7,363,0,0,1067155.0,29773193.0
BASE,490,410396815.81,409897304.2,499511.62,3429533853.0,2.84434301,28443.4,456,0,0,1067155.0,28463732.0
BASE,491,345282834.68,424380704.69,-79097870.01,3974818581.0,1.93378261,19337.8,333,0,0,1067155.0,29480031.0
BASE,492,430546640.95,425418515.06,5128125.89,3770795421.0,2.62042447,26204.2,458,0,0,1067155.0,29549076.0
BASE,493,1226393499.21,428404120.52,797989378.69,4388274202.0,5.99971389,59997.1,397,0,0,1067155.0,29770409.0
BASE,494,287513806.49,424439415.92,-136925609.43,3528274201.0,1.91759917,19176.0,418,0,0,1067155.0,29505768.0
BASE,495,773389425.38,396374654.85,377014770.53,3954102323.0,4.4027984,44028.0,310,0,0,1067155.0,27521820.0
BASE,496,386748717.65,417923085.51,-31174367.87,4373292374.0,1.90169825,19017.0,354,0,0,1067155.0,29012034.0
BASE,497,350254532.66,426482051.22,-76227518.56,4085967196.0,0.3692428,3692.4,354,0,0,1067155.0,29640563.0
BASE,498,246808617.68,397847531.48,-151038913.8,3697796360.0,1.54349239,15434.9,441,0,0,1067155.0,27572714.0
BASE,499,455585435.1,413579759.9,42005675.2,3917460178.0,2.62807093,26280.7,369,0,0,1067155.0,28722959.0
BASE,500,277080794.53,398351631.65,-121270837.12,3767452389.0,1.27536904,12753.7,354,0,0,1067155.0,27649291.0
BASE,501,279956886.96,401477702.17,-121520815.21,3540723276.0,1.82838806,18283.9,425,0,0,1067155.0,27861460.0
BASE,502,563715666.99,425807085.03,137908581.96,4171262487.0,0.62244378,6224.4,328,0,0,1067155.0,29577081.0
BASE,503,352774314.21,413682108.48,-60907794.27,3520029007.0,2.36035444,23603.5,538,0,0,1067155.0,28716621.0
BASE,504,392026258.8,419643209.81,-27616951.0,4128311641.0,1.71197739,17119.8,325,0,0,1067155.0,29141592.0
BASE,505,522733628.62,404767980.28,117965648.33,4125977666.0,2.79962413,27996.2,352,0,0,1067155.0,28077620.0
BASE,506,388420136.4,395199488.53,-6779352.13,4045958158.0,2.13985616,21398.6,461,0,0,1067155.0,27388952.0
BASE,507,2155527356.33,424622272.38,1730905083.95,4541155246.0,10.01601365,100160.1,311,0,0,1067155.0,29498450.0
BASE,508,438652550.77,430161207.03,8491343.74,4150801041.0,1.92939815,19294.0,304,0,0,1067155.0,29906112.0
BASE,509,414420697.03,422560289.07,-8139592.04,3774467409.0,2.51885617,25188.6,401,0,0,1067155.0,29343998.0
BASE,510,1334128156.06,431639434.42,902488721.63,4315253030.0,6.69139432,66913.9,331,0,0,1067155.0,30007952.0
BASE,511,479030894.28,423088540.64,55942353.64,3718434443.0,2.97275664,29727.6,452,0,0,1067155.0,29400224.0
BASE,512,227410571.34,395832106.5,-168421535.16,3541902908.0,1.50879898,15088.0,356,0,0,1067155.0,27441050.0
BASE,513,502583916.41,407781817.83,94802098.58,4008046498.0,2.80639809,28064.0,432,0,0,1067155.0,28296676.0
BASE,514,340378740.6,425986527.07,-85607786.47,3860586494.0,2.00445501,20044.6,401,0,0,1067155.0,29626690.0
BASE,515,615924891.15,415597588.04,200327303.11,4410820001.0,2.99024565,29902.5,332,0,0,1067155.0,28868688.0
BASE,516,620208292.97,421706441.38,198501851.59,3797020858.0,3.366797,33668.0,362,0,0,1067155.0,29294738.0
BASE,517,445367483.47,440845331.73,4522151.74,4070775414.0,2.43211184,24321.1,346,0,0,1067155.0,30658458.0
BASE,518,447457561.94,400309158.18,47148403.76,3644114156.0,0.59530745,5953.1,397,0,0,1067155.0,27776070.0
BASE,519,658891674.79,425670349.05,233221325.74,4442860165.0,3.16437171,31643.7,301,0,0,1067155.0,29533736.0
BASE,520,280838317.1,412058186.14,-131219869.04,3381066292.0,1.98397383,19839.7,426,0,0,1067155.0,28611073.0
BASE,521,369611653.34,415385177.66,-45773524.32,4511408019.0,1.73463525,17346.4,367,0,0,1067155.0,28779230.0
BASE,522,392682022.4,415552746.24,-22870723.84,3414504273.0,2.73769464,27376.9,583,0,0,1067155.0,28835467.0
BASE,523,994931491.85,438373784.49,556557707.36,4200148910.0,5.19232608,51923.3,388,0,0,1067155.0,30448592.0
BASE,524,284683173.46,415962819.67,-131279646.21,3753486507.0,0.33120377,3312.0,409,0,0,1067155.0,28878230.0
BASE,525,272464218.28,406491147.3,-134026929.02,3657157167.0,1.67903055,16790.3,415,0,0,1067155.0,28214364.0
BASE,526,327964579.13,426504748.28,-98540169.14,3643464002.0,2.09334891,20933.5,440,0,0,1067155.0,29640552.0
BASE,527,250250168.06,389841226.39,-139591058.33,3632354071.0,1.2442899,12442.9,491,0,0,1067155.0,27021906.0
BASE,528,295117323.65,405499488.33,-110382164.68,4115769049.0,1.51284937,15128.5,351,0,0,1067155.0,28110173.0
BASE,529,273612706.69,425913846.37,-152301139.68,3531377225.0,1.78181863,17818.2,504,0,0,1067155.0,29604678.0
BASE,530,725996398.94,415575586.9,310420812.04,4102060768.0,3.92107539,39210.8,463,0,0,1067155.0,28845422.0
BASE,531,347502586.26,407749009.63,-60246423.37,3707961171.0,2.16496877,21649.7,415,0,0,1067155.0,28304457.0
BASE,532,295910937.05,421406066.0,-125495128.95,3942173325.0,1.69182635,16918.3,324,0,0,1067155.0,29273816.0
BASE,533,1518499565.47,412594270.35,1105905295.12,4312293697.0,7.62384702,76238.5,405,0,0,1067155.0,28646020.0
BASE,534,431166804.28,404092740.49,27074063.79,3693925012.0,2.70034256,27003.4,416,0,0,1067155.0,28021983.0
BASE,535,2442337634.17,406810784.64,2035526849.53,4280882349.0,12.39509423,123950.9,361,0,0,1067155.0,28262321.0
BASE,536,1239723482.94,436053252.33,803670230.61,4380181834.0,6.08162816,60816.3,320,0,0,1067155.0,30327984.0
BASE,537,684271595.65,433171363.2,251100232.46,4457272339.0,3.27032461,32703.2,400,0,0,1067155.0,30086394.0
BASE,538,330034217.06,411182531.23,-81148314.17,3780638496.0,2.00138648,20013.9,454,0,0,1067155.0,28556278.0
BASE,539,361106402.24,439695271.42,-78588869.18,3802106484.0,2.1725559,21725.6,423,0,0,1067155.0,30567725.0
BASE,540,547592146.87,419116386.77,128475760.1,4144541596.0,2.91373707,29137.4,376,0,0,1067155.0,29080563.0
BASE,541,363753004.82,426491976.55,-62738971.73,4156785729.0,1.90433111,19043.3,346,0,0,1067155.0,29613392.0
BASE,542,459084917.26,414016096.62,45068820.64,4013142527.0,2.55884798,25588.5,381,0,0,1067155.0,28754929.0
BASE,543,283622434.05,436563168.66,-152940734.61,3597916925.0,1.84185409,18418.5,416,0,0,1067155.0,30358190.0
BASE,544,319955996.5,422030614.93,-102074618.43,4156652046.0,1.69528794,16952.9,321,0,0,1067155.0,29319875.0
BASE,545,485924261.78,434910499.71,51013762.08,3881003312.0,2.8403685,28403.7,383,0,0,1067155.0,30219464.0
BASE,546,602122927.61,383862044.52,218260883.1,4309193995.0,3.02625941,30262.6,368,0,0,1067155.0,26606426.0
BASE,547,2064298687.87,429120386.68,1635178301.18,3604246294.0,13.37338682,133733.9,489,0,0,1067155.0,29828783.0
BASE,548,437937620.12,434875036.17,3062583.95,3875495148.0,2.56500477,25650.0,435,0,0,1067155.0,30219172.0
BASE,549,244449953.45,414738536.8,-170288583.35,3592576063.0,1.59069879,15907.0,420,0,0,1067155.0,28800150.0
BASE,550,605171104.48,419797674.11,185373430.37,5012510343.0,2.41101785,24110.2,235,0,0,1067155.0,29155127.0
BASE,551,952087174.29,432883305.7,519203868.59,4163022418.0,5.03342112,50334.2,443,0,0,1067155.0,30072097.0
BASE,552,278615975.84,394152354.15,-115536378.31,3300156121.0,2.0246239,20246.2,540,0,0,1067155.0,27343456.0
BASE,553,566044987.31,394300329.96,171744657.35,4301818792.0,2.85213885,28521.4,414,0,0,1067155.0,27327084.0
BASE,554,453955874.87,394062063.99,59893810.88,3830283352.0,2.70306814,27030.7,414,0,0,1067155.0,27325060.0
BASE,555,590515292.44,394338740.37,196176552.07,3785602723.0,3.57443589,35744.4,443,0,0,1067155.0,27343777.0
BASE,556,573876527.4,438579567.65,135296959.75,4010065206.0,0.85574423,8557.4,391,0,0,1067155.0,30484089.0
BASE,557,267225361.96,414914428.91,-147689066.96,4145230189.0,1.32784905,13278.5,423,0,0,1067155.0,28787480.0
BASE,558,430357515.81,416540020.72,13817495.09,3506075161.0,2.89502139,28950.2,462,0,0,1067155.0,28925356.0
BASE,559,312160910.85,423148768.71,-110987857.86,3476024188.0,2.12454213,21245.4,497,0,0,1067155.0,29402985.0
BASE,560,1763953123.88,435953082.63,1328000041.25,4381701564.0,8.64883667,86488.4,337,0,0,1067155.0,30315367.0
BASE,561,531356302.46,406297030.4,125059272.06,4338921060.0,2.64355359,26435.5,404,0,0,1067155.0,28209304.0
BASE,562,345399778.34,411719057.16,-66319278.82,3632031231.0,2.21418422,22141.8,446,0,0,1067155.0,28602483.0
BASE,563,1713063094.86,416487856.62,1296575238.24,4478783318.0,2.09216678,20921.7,326,0,0,1067155.0,28910615.0
BASE,564,527850786.84,377694689.05,150156097.79,4371593812.0,2.59701782,25970.2,333,0,0,1067155.0,26146823.0
BASE,565,1010113702.39,434059793.09,576053909.3,4578620636.0,4.63541627,46354.2,295,0,0,1067155.0,30137113.0
BASE,566,565023863.66,411579215.33,153444648.34,4042456114.0,0.65274291,6527.4,366,0,0,1067155.0,28565788.0
BASE,567,683527479.54,455828620.66,227698858.88,4737742560.0,2.97626429,29762.6,292,0,0,1067155.0,31729110.0
BASE,568,592119205.88,410820644.66,181298561.22,3447349808.0,4.07525621,40752.6,460,0,0,1067155.0,28522073.0
BASE,569,403326597.84,408013111.76,-4686513.92,4657567467.0,1.75571549,17557.2,287,0,0,1067155.0,28300689.0
BASE,570,1078203457.52,429724423.03,648479034.49,4164303850.0,5.69761265,56976.1,411,0,0,1067155.0,29875537.0
BASE,571,385336005.12,407596953.67,-22260948.55,4357204708.0,1.90516211,19051.6,344,0,0,1067155.0,28279974.0
BASE,572,259190388.66,416756793.43,-157566404.78,4364508198.0,1.2782929,12782.9,363,0,0,1067155.0,28942210.0
BASE,573,292811070.31,410260546.25,-117449475.94,3860772489.0,0.32565694,3256.6,439,0,0,1067155.0,28481896.0
BASE,574,1509052604.96,411191896.96,1097860708.0,4772445215.0,6.22441115,62244.1,281,0,0,1067155.0,28542092.0
BASE,575,1798461695.0,389399026.66,1409062668.33,4522341899.0,8.40957059,84095.7,325,0,0,1067155.0,26983779.0
BASE,576,391933312.55,428528038.24,-36594725.69,3300556183.0,2.85928506,28592.9,541,0,0,1067155.0,29800466.0
BASE,577,665406795.88,409020196.41,256386599.48,3493319969.0,4.49837644,44983.8,528,0,0,1067155.0,28388269.0
BASE,578,336630652.09,421495530.66,-84864878.57,4431305246.0,1.55576025,15557.6,288,0,0,1067155.0,29283233.0
BASE,579,373440071.87,412035475.36,-38595403.49,3881321332.0,2.18261344,21826.1,342,0,0,1067155.0,28624613.0
BASE,580,328860911.41,378646245.79,-49785334.38,3733576436.0,2.01501286,20150.1,529,0,0,1067155.0,26213831.0
BASE,581,996800922.68,433706923.28,563093999.4,4157042988.0,5.28083142,52808.3,368,0,0,1067155.0,30159029.0
BASE,582,517824836.2,410420260.41,107404575.79,4616458170.0,0.59444725,5944.5,367,0,0,1067155.0,28489070.0
BASE,583,1421622943.92,447169553.55,974453390.37,4766539722.0,5.83005827,58300.6,259,0,0,1067155.0,31113207.0
BASE,584,235034732.51,413889673.84,-178854941.34,3598581283.0,1.44479022,14447.9,503,0,0,1067155.0,28706338.0
BASE,585,362702959.42,418919547.28,-56216587.85,4270324784.0,1.81587998,18158.8,420,0,0,1067155.0,29084503.0
BASE,586,1585739460.36,405522697.31,1180216763.05,4745156667.0,6.88800556,68880.1,274,0,0,1067155.0,28117833.0
BASE,587,424698284.44,434706517.29,-10008232.85,4009104952.0,2.37059424,23705.9,420,0,0,1067155.0,30212173.0
BASE,588,509281339.25,407326653.52,101954685.73,4012373958.0,2.83941072,28394.1,363,0,0,1067155.0,28238716.0
BASE,589,509028773.23,425613858.29,83414914.93,4421256194.0,0.5142072,5142.1,415,0,0,1067155.0,29564948.0
BASE,590,448614908.17,429191022.3,19423885.87,4286338566.0,2.27249434,22724.9,385,0,0,1067155.0,29825147.0
BASE,591,437247151.37,407403368.43,29843782.94,4177038173.0,2.30032696,23003.3,326,0,0,1067155.0,28270489.0
BASE,592,5270770141.57,426156201.75,4844613939.82,5383846456.0,18.6780593,186780.6,249,0,0,1067155.0,29620960.0
BASE,593,937905833.14,422649348.57,515256484.58,4045439686.0,5.16799377,51679.9,340,0,0,1067155.0,29373721.0
BASE,594,610799648.0,409123948.07,201675699.93,4492351150.0,2.88494036,28849.4,320,0,0,1067155.0,28412399.0
BASE,595,612993536.93,427368286.57,185625250.36,3697668985.0,3.83372335,38337.2,425,0,0,1067155.0,29709735.0
BASE,596,479887783.41,426650873.97,53236909.44,3807569996.0,2.88139519,28814.0,502,0,0,1067155.0,29666528.0
BASE,597,545871298.19,418591521.97,127279776.22,4256957880.0,2.79328083,27932.8,417,0,0,1067155.0,29075137.0
BASE,598,276570599.63,405691056.97,-129120457.34,3332653384.0,1.99185002,19918.5,476,0,0,1067155.0,28175941.0
BASE,599,269369553.77,417659884.53,-148290330.76,3370819734.0,1.47544638,14754.5,451,0,0,1067155.0,29032688.0
BASE,600,554328884.95,434020874.47,120308010.48,3672996486.0,3.4990529,34990.5,461,0,0,1067155.0,30169069.0
BASE,601,420407155.0,415841061.79,4566093.21,3932570131.0,0.61572806,6157.3,421,0,0,1067155.0,28857353.0
BASE,602,254653980.89,424135671.01,-169481690.11,3557054771.0,1.62609536,16261.0,464,0,0,1067155.0,29433999.0
BASE,603,259242262.71,429550910.71,-170308648.0,3502357905.0,0.34298104,3429.8,450,0,0,1067155.0,29854394.0
BASE,604,262299694.13,408923019.54,-146623325.41,3610441956.0,1.63306784,16330.7,430,0,0,1067155.0,28367330.0
BASE,605,569227465.99,388449125.73,180778340.26,4339877167.0,2.83104175,28310.4,307,0,0,1067155.0,26938535.0
BASE,606,326422004.67,409608733.02,-83186728.35,4100000827.0,1.76427061,17642.7,373,0,0,1067155.0,28435302.0
BASE,607,723856017.69,455638287.65,268217730.04,4400807502.0,3.526187,35261.9,347,0,0,1067155.0,31709455.0
BASE,608,593707767.8,412043219.32,181664548.48,4670951103.0,2.64250608,26425.1,267,0,0,1067155.0,28585228.0
BASE,609,496707114.18,414621972.17,82085142.01,3991095439.0,2.29664733,22966.5,414,0,0,1067155.0,28775908.0
BASE,610,1555321125.29,430931494.71,1124389630.58,3949058942.0,8.87030176,88703.0,471,0,0,1067155.0,29938221.0
BASE,611,1283536156.44,417183552.31,866352604.13,4760022679.0,5.54828661,55482.9,299,0,0,1067155.0,28972310.0
BASE,612,463963711.92,415418099.76,48545612.16,4741341396.0,2.0063883,20063.9,291,0,0,1067155.0,28819913.0
BASE,613,461435797.69,413004220.48,48431577.21,4403263127.0,1.78055165,17805.5,378,0,0,1067155.0,28666490.0
BASE,614,638282151.27,415070838.75,223211312.53,4320740745.0,3.1953282,31953.3,368,0,0,1067155.0,28799624.0
BASE,615,387477987.79,437793934.31,-50315946.53,3979098861.0,0.44762527,4476.3,345,0,0,1067155.0,30462057.0
BASE,616,327339000.53,419704197.08,-92365196.55,4073592766.0,1.72865751,17286.6,362,0,0,1067155.0,29126373.0
BASE,617,1361570231.58,418958490.13,942611741.45,4317181390.0,6.82452164,68245.2,321,0,0,1067155.0,29109380.0
BASE,618,1777483149.2,426999630.37,1350483518.83,4519382993.0,8.31970996,83197.1,374,0,0,1067155.0,29678234.0
BASE,619,446047081.93,449691036.23,-3643954.3,3879342346.0,2.60884947,26088.5,470,0,0,1067155.0,31305621.0
BASE,620,679314314.42,399269377.84,280044936.58,4551162782.0,3.14602019,31460.2,316,0,0,1067155.0,27681148.0
BASE,621,376686157.64,414670578.95,-37984421.31,4085251815.0,0.50954981,5095.5,397,0,0,1067155.0,28759603.0
BASE,622,2349948286.35,439526208.94,1910422077.42,5064570502.0,9.2080456,92080.5,285,0,0,1067155.0,30557467.0
BASE,623,1607229423.88,443316509.99,1163912913.89,4648936552.0,2.15142279,21514.2,347,0,0,1067155.0,30814615.0
BASE,624,487878294.87,446982265.29,40896029.58,3759134161.0,2.98220416,29822.0,363,0,0,1067155.0,31107948.0
BASE,625,1407438989.28,414662474.87,992776514.41,4837386616.0,1.73050467,17305.0,384,0,0,1067155.0,28760198.0
BASE,626,390554684.08,433650062.75,-43095378.67,3993993742.0,2.19180483,21918.0,457,0,0,1067155.0,30139514.0
BASE,627,665460241.86,414436927.62,251023314.24,4664996099.0,2.96768546,29676.9,302,0,0,1067155.0,28759220.0
BASE,628,1296437655.32,413296833.66,883140821.66,4344092513.0,6.43853155,64385.3,346,0,0,1067155.0,28701840.0
BASE,629,329028495.93,407878377.06,-78849881.13,3343162684.0,2.35971824,23597.2,476,0,0,1067155.0,28318187.0
BASE,630,1084150891.85,426197100.43,657953791.42,4953339214.0,3.92274903,39227.5,336,0,0,1067155.0,29568358.0
BASE,631,675944225.11,418792179.77,257152045.34,4390001749.0,3.30488798,33048.9,358,0,0,1067155.0,29045722.0
BASE,632,389181109.87,449751827.61,-60570717.74,4018381263.0,2.16517238,21651.7,386,0,0,1067155.0,31281361.0
BASE,633,1995198776.6,416959253.73,1578239522.87,4582480696.0,2.32347818,23234.8,294,0,0,1067155.0,28927973.0
BASE,634,1211868329.45,403710450.49,808157878.96,4580852336.0,5.55714286,55571.4,345,0,0,1067155.0,28024399.0
BASE,635,355206799.01,402660455.98,-47453656.97,3552695906.0,0.47125488,4712.5,405,0,0,1067155.0,27945036.0
BASE,636,490080013.81,419087917.14,70992096.67,3940200242.0,2.80395097,28039.5,411,0,0,1067155.0,29113135.0
BASE,637,563332177.9,414543250.29,148788927.61,4313461679.0,2.82715887,28271.6,356,0,0,1067155.0,28801612.0
BASE,638,321895738.81,416441843.12,-94546104.3,3712619311.0,1.99148452,19914.8,425,0,0,1067155.0,28897083.0
BASE,639,1146452819.84,401176449.39,745276370.45,3743247524.0,7.04922505,70492.3,499,0,0,1067155.0,27847589.0
BASE,640,525122915.28,434222954.25,90899961.03,3490159252.0,3.15563197,31556.3,425,0,0,1067155.0,30196532.0
BASE,641,235710045.37,417866259.2,-182156213.83,3520391456.0,1.51294904,15129.5,330,0,0,1067155.0,29004625.0
BASE,642,1067287455.14,405055124.1,662232331.04,4737225273.0,4.64804662,46480.5,345,0,0,1067155.0,28097075.0
BASE,643,361338040.36,395595352.4,-34257312.04,4387928863.0,1.76793108,17679.3,279,0,0,1067155.0,27437797.0
BASE,644,400961747.24,375144868.73,25816878.5,3947596916.0,2.28796689,22879.7,385,0,0,1067155.0,25992775.0
BASE,645,571250809.99,468013493.61,103237316.37,4366394630.0,0.60421102,6042.1,321,0,0,1067155.0,32587991.0
BASE,646,267137455.19,408699582.03,-141562126.84,3944162730.0,1.52622454,15262.2,406,0,0,1067155.0,28350542.0
BASE,647,638804013.12,430487960.33,208316052.79,4401641942.0,3.1109847,31109.8,334,0,0,1067155.0,29916770.0
BASE,648,631717908.62,391110706.28,240607202.33,3429075515.0,4.3790441,43790.4,519,0,0,1067155.0,27114464.0
BASE,649,364619589.66,429929591.58,-65310001.93,3766069932.0,2.22305696,22230.6,380,0,0,1067155.0,29873863.0
BASE,650,562476476.06,409284643.44,153191832.62,3790088561.0,3.39908724,33990.9,476,0,0,1067155.0,28407761.0
BASE,651,332245315.01,424559936.26,-92314621.25,4130859105.0,1.7763737,17763.7,398,0,0,1067155.0,29489374.0
BASE,652,556102993.6,413993664.38,142109329.22,4365183420.0,2.74199613,27420.0,279,0,0,1067155.0,28731841.0
BASE,653,530474930.52,416579869.33,113895061.19,3674650288.0,3.3464012,33464.0,417,0,0,1067155.0,28947711.0
BASE,654,873817626.66,411334001.01,462483625.66,4497270569.0,4.12042315,41204.2,275,0,0,1067155.0,28571755.0
BASE,655,471153144.48,432599040.1,38554104.38,3413228496.0,3.28642885,32864.3,406,0,0,1067155.0,30084241.0
BASE,656,941904391.09,413156152.15,528748238.94,4502354967.0,4.43391285,44339.1,301,0,0,1067155.0,28692624.0
BASE,657,279877253.31,413444879.29,-133567625.98,3990707819.0,1.57252607,15725.3,372,0,0,1067155.0,28664869.0
BASE,658,851228229.52,427987914.48,423240315.05,4646594990.0,3.81925961,38192.6,315,0,0,1067155.0,29716445.0
BASE,659,476572850.19,400121360.63,76451489.55,3755817410.0,2.91668112,29166.8,438,0,0,1067155.0,27751941.0
BASE,660,743709674.2,419519313.55,324190360.65,4170468142.0,3.92158075,39215.8,343,0,0,1067155.0,29164268.0
BASE,661,296197471.07,434577086.12,-138379615.05,3567274671.0,1.94614577,19461.5,437,0,0,1067155.0,30219240.0
BASE,662,361648952.15,439733997.54,-78085045.39,3471967928.0,2.46524337,24652.4,501,0,0,1067155.0,30581095.0
BASE,663,636952958.23,409901080.36,227051877.87,3861569432.0,3.74960584,37496.1,465,0,0,1067155.0,28441261.0
BASE,664,364149374.3,410718303.85,-46568929.55,3843202387.0,0.54126947,5412.7,378,0,0,1067155.0,28522787.0
BASE,665,346379400.01,423899250.15,-77519850.14,3739445802.0,2.13280268,21328.0,400,0,0,1067155.0,29439847.0
BASE,666,732751986.89,403913681.68,328838305.21,4756578111.0,3.17100283,31710.0,293,0,0,1067155.0,28027918.0
BASE,667,225585946.76,414265683.39,-188679736.63,3668331554.0,1.42645028,14264.5,354,0,0,1067155.0,28769693.0
BASE,668,512035804.38,437872654.77,74163149.61,4417033981.0,0.50275791,5027.6,311,0,0,1067155.0,30458881.0
BASE,669,311506191.67,426032513.65,-114526321.98,4578718071.0,0.27158158,2715.8,258,0,0,1067155.0,29614601.0
BASE,670,733633944.6,415869862.21,317764082.38,4106197620.0,3.95655968,39565.6,301,0,0,1067155.0,28888394.0
BASE,671,407109702.1,408149083.18,-1039381.08,3672299175.0,2.57044465,25704.4,446,0,0,1067155.0,28332694.0
BASE,672,491310842.03,418045949.95,73264892.09,3950160419.0,2.80093207,28009.3,318,0,0,1067155.0,29048344.0
BASE,673,681702271.81,414638302.29,267063969.52,4483108307.0,3.22984042,32298.4,312,0,0,1067155.0,28760433.0
BASE,674,529575230.37,378422980.72,151152249.66,4438152312.0,0.65532571,6553.3,388,0,0,1067155.0,26225759.0
BASE,675,761051004.25,433752053.82,327298950.43,4065812752.0,4.1633334,41633.3,342,0,0,1067155.0,30137465.0
BASE,676,591080667.93,424443560.69,166637107.24,3967306369.0,3.34901938,33490.2,417,0,0,1067155.0,29498581.0
BASE,677,366980320.06,401055127.29,-34074807.22,3675988342.0,2.31386298,23138.6,504,0,0,1067155.0,27816393.0
BASE,678,1823498574.94,452312540.41,1371186034.52,4624795354.0,2.51580107,25158.0,282,0,0,1067155.0,31447010.0
BASE,679,302245739.22,423437288.96,-121191549.73,4429806044.0,1.3824165,13824.2,322,0,0,1067155.0,29410396.0
BASE,680,746304702.15,417584828.94,328719873.21,3961401012.0,4.23748091,42374.8,415,0,0,1067155.0,28979549.0
BASE,681,788116251.24,410889545.71,377226705.53,4654344608.0,3.52705404,35270.5,274,0,0,1067155.0,28503392.0
BASE,682,322748425.18,409715514.24,-86967089.06,4019419797.0,1.75430292,17543.0,316,0,0,1067155.0,28458773.0
BASE,683,548706025.05,446724917.77,101981107.28,3894008535.0,3.19223608,31922.4,400,0,0,1067155.0,31088281.0
BASE,684,317813605.33,405523489.85,-87709884.51,3996057202.0,1.78226481,17822.6,364,0,0,1067155.0,28122697.0
BASE,685,982557705.55,409373733.06,573183972.48,4634985003.0,3.96651128,39665.1,397,0,0,1067155.0,28410079.0
BASE,686,537440144.07,444398714.73,93041429.33,4032112371.0,0.64043763,6404.4,362,0,0,1067155.0,30905714.0
BASE,687,481660166.26,427090383.21,54569783.05,3370053786.0,3.4175703,34175.7,540,0,0,1067155.0,29670235.0
BASE,688,268979077.48,403454972.0,-134475894.52,4012393389.0,0.27682788,2768.3,352,0,0,1067155.0,28001314.0
BASE,689,401836994.63,422576282.68,-20739288.05,4104536742.0,2.16841341,21684.1,372,0,0,1067155.0,29344446.0
BASE,690,318989479.33,404805538.55,-85816059.23,3906904739.0,1.84714914,18471.5,468,0,0,1067155.0,28077395.0
BASE,691,267821762.26,386862472.26,-119040710.0,3652260862.0,1.70380068,17038.0,476,0,0,1067155.0,26824867.0
BASE,692,267987679.23,426595705.2,-158608025.97,3614188442.0,1.66487973,16648.8,390,0,0,1067155.0,29641770.0
BASE,693,532830949.34,399156274.86,133674674.48,3891433464.0,3.1027763,31027.8,338,0,0,1067155.0,27666239.0
BASE,694,576449276.26,429017061.25,147432215.01,4624774146.0,2.60512232,26051.2,352,0,0,1067155.0,29805966.0
BASE,695,847161072.89,466960978.35,380200094.54,4189621759.0,4.43736277,44373.6,340,0,0,1067155.0,32520268.0
BASE,696,482361034.74,436198044.22,46162990.52,4551258655.0,2.23382459,22338.2,291,0,0,1067155.0,30301292.0
BASE,697,2006668469.45,437368853.55,1569299615.91,4835404134.0,2.18206018,21820.6,303,0,0,1067155.0,30426163.0
BASE,698,246564780.7,402647198.48,-156082417.78,3451200319.0,1.62538702,16253.9,497,0,0,1067155.0,27947715.0
BASE,699,606988809.06,413989015.97,192999793.09,4613352792.0,2.7535361,27535.4,349,0,0,1067155.0,28746921.0
BASE,700,374378199.86,399915472.94,-25537273.08,3724745796.0,2.31784668,23178.5,307,0,0,1067155.0,27725012.0
BASE,701,298467664.36,431109504.99,-132641840.63,3384370371.0,2.105758,21057.6,425,0,0,1067155.0,29975242.0
BASE,702,329031609.09,386672907.21,-57641298.12,3781095655.0,0.3882578,3882.6,467,0,0,1067155.0,26788090.0
BASE,703,1013936031.16,420497047.42,593438983.74,4519444423.0,4.74574414,47457.4,373,0,0,1067155.0,29202038.0
BASE,704,2185404615.38,421329926.17,1764074689.21,4274877145.0,11.1140833,111140.8,386,0,0,1067155.0,29263603.0
BASE,705,1220200201.42,417445201.68,802754999.75,5127518251.0,4.68658874,46865.9,294,0,0,1067155.0,28963049.0
BASE,706,284377028.52,415660654.18,-131283625.67,3794038443.0,1.29862357,12986.2,445,0,0,1067155.0,28840534.0
BASE,707,279653893.19,424294318.62,-144640425.43,4617196528.0,1.16058549,11605.9,289,0,0,1067155.0,29462714.0
BASE,708,390875254.85,413944289.46,-23069034.61,3389080561.0,0.71681281,7168.1,400,0,0,1067155.0,28758216.0
BASE,709,2396032223.37,405471415.77,1990560807.6,4423944136.0,11.58089684,115809.0,380,0,0,1067155.0,28129410.0
BASE,710,374736042.42,417136092.86,-42400050.45,3601986553.0,0.49316346,4931.6,436,0,0,1067155.0,28975246.0
BASE,711,265442446.36,437204013.63,-171761567.27,3300111548.0,1.91150419,19115.0,509,0,0,1067155.0,30407677.0
BASE,712,382238507.6,393236628.19,-10998120.59,3698893839.0,2.38946275,23894.6,439,0,0,1067155.0,27279943.0
BASE,713,301934980.15,424305362.56,-122370382.4,3726428302.0,1.86816573,18681.7,375,0,0,1067155.0,29463166.0
BASE,714,214939248.5,391761173.17,-176821924.67,3653723788.0,1.36662416,13666.2,413,0,0,1067155.0,27141779.0
BASE,715,664089731.35,388892632.88,275197098.47,4569288841.0,2.63212569,26321.3,346,0,0,1067155.0,26938503.0
BASE,716,262744064.03,409883548.87,-147139484.84,3326732999.0,1.8722584,18722.6,477,0,0,1067155.0,28460042.0
BASE,717,335000058.89,425269501.59,-90269442.71,3944779790.0,1.91351578,19135.2,383,0,0,1067155.0,29540284.0
BASE,718,1574013979.8,422653402.96,1151360576.84,4606810972.0,7.15584031,71558.4,327,0,0,1067155.0,29374630.0
BASE,719,352747591.19,417291595.56,-64544004.37,4269291089.0,0.43938806,4393.9,288,0,0,1067155.0,28973757.0
BASE,720,881877371.04,423803676.84,458073694.2,4152791626.0,4.67894142,46789.4,322,0,0,1067155.0,29465069.0
BASE,721,383835586.79,429257189.08,-45421602.29,4178836210.0,2.01806719,20180.7,308,0,0,1067155.0,29806136.0
BASE,722,469868700.7,402681391.27,67187309.43,4743708317.0,2.0329587,20329.6,334,0,0,1067155.0,27890046.0
BASE,723,712903997.11,447825654.44,265078342.67,4750537322.0,3.09120885,30912.1,303,0,0,1067155.0,31136969.0
BASE,724,313315096.37,387158109.98,-73843013.62,3502870687.0,2.10051568,21005.2,488,0,0,1067155.0,26831418.0
BASE,725,535648123.4,423610580.01,112037543.4,4395980700.0,2.61362904,26136.3,326,0,0,1067155.0,29404678.0
BASE,726,1344581985.11,384300407.91,960281577.21,3999218949.0,1.85558807,18555.9,407,0,0,1067155.0,26660327.0
BASE,727,1386545208.18,427741516.79,958803691.39,4381585537.0,6.79863647,67986.4,326,0,0,1067155.0,29723737.0
BASE,728,543970117.35,418260695.26,125709422.09,4441239949.0,2.6138825,26138.8,321,0,0,1067155.0,29045278.0
BASE,729,359315366.34,421359832.55,-62044466.21,3729579525.0,2.22058897,22205.9,358,0,0,1067155.0,29279223.0
BASE,730,577074295.43,434150045.75,142924249.67,4087924282.0,3.13232098,31323.2,478,0,0,1067155.0,30161750.0
BASE,731,645321751.52,439772236.81,205549514.71,4226252054.0,3.33742384,33374.2,339,0,0,1067155.0,30576099.0
BASE,732,1028824273.64,407794087.0,621030186.64,4748924085.0,4.46341872,44634.2,311,0,0,1067155.0,28313613.0
BASE,733,722479232.98,413683203.04,308796029.94,4240277003.0,3.71836709,37183.7,382,0,0,1067155.0,28729559.0
BASE,734,597539471.1,414534457.81,183005013.29,4846870744.0,2.10855626,21085.6,301,0,0,1067155.0,28758796.0
BASE,735,767229395.62,402924822.52,364304573.1,4441448180.0,3.6864277,36864.3,341,0,0,1067155.0,27945576.0
BASE,736,322454931.1,435131441.1,-112676510.0,3699674423.0,2.01515299,20151.5,457,0,0,1067155.0,30237730.0
BASE,737,273583604.93,421726403.5,-148142798.57,3461105217.0,1.87284437,18728.4,388,0,0,1067155.0,29302864.0
BASE,738,609865376.77,426198288.47,183667088.29,4871635890.0,2.5423064,25423.1,286,0,0,1067155.0,29624349.0
BASE,739,332947964.05,435645136.72,-102697172.67,3300111655.0,2.42940197,24294.0,468,0,0,1067155.0,30298906.0
BASE,740,1114465865.07,416833461.62,697632403.45,4564612228.0,1.47159174,14715.9,336,0,0,1067155.0,28946110.0
BASE,741,2703973886.82,439426454.15,2264547432.68,5003949114.0,10.80223811,108022.4,258,0,0,1067155.0,30556437.0
BASE,742,432472985.67,403256722.69,29216262.98,4561708824.0,1.9958261,19958.3,333,0,0,1067155.0,27963168.0
BASE,743,491250401.31,401948173.78,89302227.52,3676995057.0,3.09623264,30962.3,457,0,0,1067155.0,27884705.0
BASE,744,389482623.0,410222850.04,-20740227.03,3892084215.0,2.26749614,22675.0,476,0,0,1067155.0,28485855.0
BASE,745,414850484.9,429118891.85,-14268406.96,4077633582.0,2.2599764,22599.8,372,0,0,1067155.0,29812578.0
BASE,746,512196947.71,406418276.69,105778671.02,4064846696.0,2.80293409,28029.3,407,0,0,1067155.0,28222161.0
BASE,747,1043054727.64,434905962.58,608148765.06,4346295146.0,1.194686,11946.9,313,0,0,1067155.0,30231292.0
BASE,748,320367941.13,407720766.54,-87352825.41,3803927172.0,1.92616699,19261.7,489,0,0,1067155.0,28282261.0
BASE,749,337060434.94,396104885.7,-59044450.76,3563787810.0,2.21759146,22175.9,471,0,0,1067155.0,27474524.0
BASE,750,615068326.24,451816490.74,163251835.5,4201726537.0,3.20814526,32081.5,348,0,0,1067155.0,31438030.0
BASE,751,638666139.64,413344315.34,225321824.3,4030647981.0,3.12587194,31258.7,395,0,0,1067155.0,28722218.0
BASE,752,231263754.65,400260445.51,-168996690.86,3547524695.0,1.17962619,11796.3,463,0,0,1067155.0,27759317.0
BASE,753,1703806494.57,388143928.11,1315662566.46,4871661989.0,1.72998214,17299.8,360,0,0,1067155.0,26898615.0
BASE,754,683969657.73,422710698.75,261258958.97,4169626290.0,3.21263193,32126.3,354,0,0,1067155.0,29323982.0
BASE,755,261037871.87,442254978.33,-181217106.46,3300185441.0,1.87631999,18763.2,485,0,0,1067155.0,30784999.0
BASE,756,322659585.41,415345788.04,-92686202.63,3565235978.0,0.53152591,5315.3,453,0,0,1067155.0,28839114.0
BASE,757,674900971.56,425710150.19,249190821.36,4422734955.0,3.26337702,32633.8,284,0,0,1067155.0,29574958.0
BASE,758,828328287.61,448341618.35,379986669.26,4681187854.0,3.67435809,36743.6,296,0,0,1067155.0,31157339.0
BASE,759,411488152.22,417553828.87,-6065676.65,3947330876.0,2.34825745,23482.6,274,0,0,1067155.0,28999169.0
BASE,760,233606190.26,399256202.0,-165650011.74,3687852910.0,1.39113114,13911.3,340,0,0,1067155.0,27694193.0
BASE,761,890257087.52,414927402.75,475329684.77,4161507942.0,1.33062546,13306.3,344,0,0,1067155.0,28815537.0
BASE,762,456434791.63,414005823.26,42428968.37,4091572085.0,2.47431234,24743.1,450,0,0,1067155.0,28750526.0
BASE,763,570194275.06,406518208.02,163676067.04,4031051192.0,0.67037782,6703.8,320,0,0,1067155.0,28205298.0
BASE,764,342127493.7,401565555.5,-59438061.8,4076926882.0,1.83160728,18316.1,398,0,0,1067155.0,27893897.0
BASE,765,607423978.74,405879146.95,201544831.8,4086444092.0,3.29877936,32987.8,425,0,0,1067155.0,28185414.0
BASE,766,667484178.02,418815835.07,248668342.95,3742290586.0,1.13224234,11322.4,520,0,0,1067155.0,29092168.0
BASE,767,600201703.37,436508322.78,163693380.59,4054790293.0,0.70247051,7024.7,362,0,0,1067155.0,30354052.0
BASE,768,2573296122.86,398220564.22,2175075558.64,5253285374.0,9.49913265,94991.3,276,0,0,1067155.0,27614733.0
BASE,769,366503773.47,432440069.21,-65936295.73,4076503459.0,0.38705858,3870.6,356,0,0,1067155.0,30046992.0
BASE,770,650924791.01,407476798.07,243447992.93,4465353708.0,2.70778131,27077.8,335,0,0,1067155.0,28259469.0
BASE,771,666567132.6,404283339.83,262283792.77,4187100782.0,3.49449129,34944.9,387,0,0,1067155.0,28026404.0
BASE,772,989443343.33,403843553.4,585599789.93,4465219953.0,4.71618196,47161.8,286,0,0,1067155.0,28019674.0
BASE,773,911705121.7,412156749.97,499548371.73,4881089116.0,3.78896799,37889.7,270,0,0,1067155.0,28621798.0
BASE,774,546495608.8,430674468.43,115821140.36,3520272946.0,3.65616723,36561.7,533,0,0,1067155.0,29942673.0
BASE,775,970295763.91,421821879.4,548473884.51,3547243099.0,6.42441579,64244.2,470,0,0,1067155.0,29331947.0
BASE,776,398048763.3,380930887.91,17117875.39,4453925722.0,1.90453318,19045.3,309,0,0,1067155.0,26348522.0
BASE,777,243598206.55,414367779.08,-170769572.53,3805372221.0,1.46382163,14638.2,358,0,0,1067155.0,28758259.0
BASE,778,601804196.46,428021127.3,173783069.16,4340819782.0,2.9920979,29921.0,328,0,0,1067155.0,29713372.0
BASE,779,412787249.58,421049471.51,-8262221.93,4028549080.0,2.28820623,22882.1,368,0,0,1067155.0,29250796.0
BASE,780,594789953.53,419381327.51,175408626.03,3684969875.0,3.73761513,37376.2,483,0,0,1067155.0,29121442.0
BASE,781,1250394234.41,398156727.57,852237506.84,4970041668.0,5.04981441,50498.1,307,0,0,1067155.0,27600647.0
BASE,782,318215520.08,424184220.84,-105968700.76,3715825156.0,1.97669604,19767.0,471,0,0,1067155.0,29484254.0
BASE,783,431985220.8,414473503.71,17511717.1,4264002552.0,2.20514888,22051.5,325,0,0,1067155.0,28758384.0
BASE,784,870804940.06,398695349.68,472109590.38,4548426861.0,3.68262256,36826.2,360,0,0,1067155.0,27663623.0
BASE,785,447570166.61,428182150.59,19388016.03,4016626081.0,2.49157186,24915.7,419,0,0,1067155.0,29753818.0
BASE,786,313189608.82,402340771.57,-89151162.75,3953738939.0,1.78317782,17831.8,442,0,0,1067155.0,27900386.0
BASE,787,586957799.6,403946165.59,183011634.02,4542572216.0,0.71131851,7113.2,318,0,0,1067155.0,28027982.0
BASE,788,264866745.51,425392777.43,-160526031.92,3517613300.0,1.77383306,17738.3,336,0,0,1067155.0,29559157.0
BASE,789,401243498.58,429092143.1,-27848644.53,4247882664.0,2.05964899,20596.5,266,0,0,1067155.0,29807934.0
BASE,790,549639055.42,395030997.62,154608057.81,3830685400.0,3.27232914,32723.3,338,0,0,1067155.0,27411701.0
BASE,791,255735874.98,390622842.67,-134886967.69,3879982002.0,0.2763364,2763.4,347,0,0,1067155.0,27084332.0
BASE,792,257137470.71,418464684.17,-161327213.47,3729444623.0,0.29663962,2966.4,384,0,0,1067155.0,29077546.0
BASE,793,515664792.39,400683207.36,114981585.03,4435789116.0,2.48243557,24824.4,306,0,0,1067155.0,27758999.0
BASE,794,976631197.75,424098937.67,552532260.09,4578902106.0,1.25833722,12583.4,356,0,0,1067155.0,29463661.0
BASE,795,7564846674.62,411976220.23,7152870454.39,5145203805.0,8.92358385,89235.8,265,0,0,1067155.0,28600468.0
BASE,796,1060838997.58,425678458.84,635160538.73,4250606137.0,5.44034102,54403.4,354,0,0,1067155.0,29565902.0
BASE,797,583761882.11,414139810.28,169622071.84,3994454489.0,3.27555004,32755.5,390,0,0,1067155.0,28755285.0
BASE,798,492309951.97,422709661.9,69600290.07,4561885366.0,2.27183497,22718.3,349,0,0,1067155.0,29372596.0
BASE,799,671432932.13,417630724.74,253802207.39,3922991408.0,3.86546662,38654.7,413,0,0,1067155.0,29008366.0
BASE,800,294321852.55,425525360.06,-131203507.52,3608091890.0,1.90395444,19039.5,439,0,0,1067155.0,29557486.0
BASE,801,938045545.99,409204737.16,528840808.83,4817129872.0,3.98008952,39800.9,332,0,0,1067155.0,28401914.0
BASE,802,408243151.96,445248647.44,-37005495.48,3825302287.0,0.60299202,6029.9,405,0,0,1067155.0,30973635.0
BASE,803,245743604.22,405211457.62,-159467853.41,3300569495.0,0.34199811,3420.0,604,0,0,1067155.0,28113921.0
BASE,804,383188986.29,418105292.43,-34916306.13,4116188032.0,2.05932783,20593.3,421,0,0,1067155.0,29030207.0
BASE,805,249486114.86,395963489.42,-146477374.57,3697848849.0,1.56020628,15602.1,467,0,0,1067155.0,27465322.0
BASE,806,367224430.2,405569936.72,-38345506.52,4138614641.0,0.48217998,4821.8,336,0,0,1067155.0,28136139.0
BASE,807,523616046.94,411329000.94,112287046.0,4476092924.0,2.48670077,24867.0,304,0,0,1067155.0,28533340.0
BASE,808,404749949.9,432450272.53,-27700322.63,4560967296.0,1.86834826,18683.5,317,0,0,1067155.0,30048286.0
BASE,809,243052640.85,386881911.62,-143829270.76,3915756495.0,1.40292703,14029.3,379,0,0,1067155.0,26804009.0
BASE,810,966898523.48,411672861.19,555225662.29,4707522488.0,0.94878903,9487.9,277,0,0,1067155.0,28557231.0
BASE,811,583665939.44,422069427.77,161596511.66,4166139246.0,3.08232364,30823.2,333,0,0,1067155.0,29314963.0
BASE,812,563661821.26,427235746.2,136426075.07,3551152817.0,3.7264575,37264.6,427,0,0,1067155.0,29698620.0
BASE,813,1011100121.08,414432215.3,596667905.78,4560650710.0,1.32207398,13220.7,307,0,0,1067155.0,28782446.0
BASE,814,541362244.85,451930666.54,89431578.31,3899590350.0,3.14314386,31431.4,443,0,0,1067155.0,31435433.0
BASE,815,339001857.29,403242391.65,-64240534.35,3759714985.0,0.51825394,5182.5,389,0,0,1067155.0,27988608.0
BASE,816,1191728695.65,428566342.25,763162353.4,4244075244.0,6.12539358,61253.9,357,0,0,1067155.0,29771359.0
BASE,817,768253451.86,409100587.4,359152864.46,4773217483.0,3.30661919,33066.2,334,0,0,1067155.0,28396992.0
BASE,818,537290873.76,427146007.75,110144866.0,4387826823.0,2.62891269,26289.1,361,0,0,1067155.0,29692226.0
BASE,819,272352970.27,402018083.27,-129665113.0,3499044625.0,1.80279659,18028.0,430,0,0,1067155.0,27913168.0
BASE,820,332986018.08,458722257.05,-125736238.97,4151103656.0,1.71197094,17119.7,355,0,0,1067155.0,31898784.0
BASE,821,270001189.85,424006995.93,-154005806.08,3697452890.0,1.68875121,16887.5,493,0,0,1067155.0,29437739.0
BASE,822,578425066.83,427711729.82,150713337.01,4086456614.0,0.66220571,6622.1,410,0,0,1067155.0,29675141.0
BASE,823,409907634.74,446940049.51,-37032414.77,4136971847.0,2.18690903,21869.1,386,0,0,1067155.0,31093452.0
BASE,824,3548021419.76,411658790.07,3136362629.68,4200564444.0,18.51366029,185136.6,391,0,0,1067155.0,28589791.0
BASE,825,436003635.52,427010818.7,8992816.81,4641797650.0,0.37990023,3799.0,282,0,0,1067155.0,29648130.0
BASE,826,1808799354.49,387736169.32,1421063185.18,5308993714.0,6.56143342,65614.3,293,0,0,1067155.0,26840097.0
BASE,827,486400147.81,401683916.69,84716231.12,4063268811.0,2.66325127,26632.5,297,0,0,1067155.0,27833677.0
BASE,828,1892920585.32,440016986.4,1452903598.92,4561176181.0,8.7372184,87372.2,322,0,0,1067155.0,30570641.0
BASE,829,499422626.37,376374196.74,123048429.63,4295356865.0,2.52203675,25220.4,338,0,0,1067155.0,26076624.0
BASE,830,1048587607.42,402252798.38,646334809.03,4048627609.0,1.67586396,16758.6,372,0,0,1067155.0,27913560.0
BASE,831,595834873.63,413049825.68,182785047.95,4043080120.0,3.28588503,32858.9,335,0,0,1067155.0,28702395.0
BASE,832,463831274.53,392771923.15,71059351.38,4723121083.0,2.02934576,20293.5,324,0,0,1067155.0,27211109.0
BASE,833,242972779.98,405248896.61,-162276116.63,3850487264.0,0.27310718,2731.1,350,0,0,1067155.0,28133152.0
BASE,834,1720292165.43,429113690.41,1291178475.03,4294255069.0,8.69060004,86906.0,386,0,0,1067155.0,29798842.0
BASE,835,254342181.33,404085094.35,-149742913.02,4206023799.0,1.32464861,13246.5,377,0,0,1067155.0,28033464.0
BASE,836,419326245.28,419555926.61,-229681.33,3665674805.0,2.65418173,26541.8,420,0,0,1067155.0,29130717.0
BASE,837,621715612.18,403366986.81,218348625.37,4117837804.0,2.94583519,29458.4,350,0,0,1067155.0,27996721.0
BASE,838,551180014.64,448366225.75,102813788.88,3936076051.0,3.15821971,31582.2,457,0,0,1067155.0,31178115.0
BASE,839,1768129117.69,417686919.93,1350442197.76,4950593002.0,7.1854506,71854.5,302,0,0,1067155.0,29018616.0
BASE,840,1143707805.81,414530916.52,729176889.3,4031562079.0,6.0298205,60298.2,492,0,0,1067155.0,28772149.0
BASE,841,409334459.58,407666942.61,1667516.96,3550268064.0,2.70709411,27070.9,440,0,0,1067155.0,28311692.0
BASE,842,506831365.72,407530917.15,99300448.57,4129085933.0,2.71149675,27115.0,303,0,0,1067155.0,28289454.0
BASE,843,1094674577.57,422987585.85,671686991.73,4423418222.0,5.29190254,52919.0,323,0,0,1067155.0,29375022.0
BASE,844,339375449.62,421343609.78,-81968160.16,3676254921.0,2.13959613,21396.0,482,0,0,1067155.0,29279924.0
BASE,845,324290398.82,427516688.34,-103226289.52,4118082153.0,1.69130006,16913.0,338,0,0,1067155.0,29681042.0
BASE,846,1643807013.28,402828942.01,1240978071.26,4473635653.0,7.81304566,78130.5,367,0,0,1067155.0,27940216.0
BASE,847,4963605303.97,443630332.52,4519974971.46,4319899162.0,24.85565221,248556.5,425,0,0,1067155.0,30824935.0
BASE,848,530254758.37,416725431.28,113529327.1,3783947223.0,3.21163513,32116.4,427,0,0,1067155.0,28934418.0
BASE,849,366565234.13,435103045.9,-68537811.77,4012008566.0,0.39929493,3992.9,392,0,0,1067155.0,30240011.0
BASE,850,331560504.82,404520443.3,-72959938.48,3963688241.0,1.88103851,18810.4,429,0,0,1067155.0,28034440.0
BASE,851,439827300.25,400284683.86,39542616.38,4460853838.0,0.52683597,5268.4,328,0,0,1067155.0,27747448.0
BASE,852,475382260.57,448127586.43,27254674.15,4136498847.0,2.5366449,25366.4,409,0,0,1067155.0,31181317.0
BASE,853,319224455.66,429787770.51,-110563314.86,3929385810.0,1.79469122,17946.9,417,0,0,1067155.0,29850643.0
BASE,854,428589097.35,433269273.08,-4680175.73,4049346159.0,2.35831595,23583.2,390,0,0,1067155.0,30143582.0
BASE,855,506011269.74,402876662.73,103134607.01,4313593918.0,0.53494346,5349.4,395,0,0,1067155.0,27909000.0
BASE,856,243730272.78,441160843.74,-197430570.97,3445663659.0,0.39155501,3915.6,425,0,0,1067155.0,30676855.0
BASE,857,463620188.14,393270270.08,70349918.07,3529179942.0,3.09107737,30910.8,394,0,0,1067155.0,27293613.0
BASE,858,2218674582.04,436534118.45,1782140463.59,5097817095.0,8.60223749,86022.4,291,0,0,1067155.0,30349466.0
BASE,859,217232478.3,393466762.66,-176234284.37,3505604007.0,1.37511064,13751.1,510,0,0,1067155.0,27269573.0
BASE,860,413633585.69,430195914.36,-16562328.67,4130366567.0,2.2119041,22119.0,364,0,0,1067155.0,29884197.0
BASE,861,2810429517.72,409953066.67,2400476451.05,4933465506.0,11.48429385,114842.9,273,0,0,1067155.0,28459829.0
BASE,862,706743242.32,422279856.17,284463386.15,4297665426.0,3.56615787,35661.6,412,0,0,1067155.0,29314053.0
BASE,863,1997279836.23,438002197.41,1559277638.82,4944790283.0,8.1318399,81318.4,301,0,0,1067155.0,30414792.0
BASE,864,256301401.17,393245514.43,-136944113.26,3653017355.0,1.6300466,16300.5,380,0,0,1067155.0,27300995.0
BASE,865,691907091.77,408891485.91,283015605.86,5011668793.0,2.75731807,27573.2,309,0,0,1067155.0,28372152.0
BASE,866,465480282.02,433527563.62,31952718.4,4195677185.0,2.43301774,24330.2,414,0,0,1067155.0,30115796.0
BASE,867,2065267877.46,408236699.2,1657031178.26,4113351913.0,11.11019831,111102.0,393,0,0,1067155.0,28360737.0
BASE,868,271128430.62,412764256.52,-141635825.91,4106293518.0,1.46217282,14621.7,402,0,0,1067155.0,28608026.0
BASE,869,371206539.12,441445541.7,-70239002.58,4815322818.0,0.30555851,3055.6,290,0,0,1067155.0,30681474.0
BASE,870,1264294386.27,428021995.67,836272390.61,4400844435.0,1.81595924,18159.6,392,0,0,1067155.0,29752273.0
BASE,871,493043974.08,402548252.14,90495721.94,3729394902.0,3.04724864,30472.5,413,0,0,1067155.0,27917797.0
BASE,872,305353476.29,413411434.45,-108057958.15,4175416458.0,1.5360902,15360.9,361,0,0,1067155.0,28688862.0
BASE,873,241490795.18,417037751.92,-175546956.74,3300060567.0,1.76210804,17621.1,485,0,0,1067155.0,28956735.0
BASE,874,409056720.83,399406999.72,9649721.11,4294356200.0,2.06640763,20664.1,350,0,0,1067155.0,27712203.0
BASE,875,287736173.37,398416168.73,-110679995.36,3659540646.0,1.82547507,18254.8,446,0,0,1067155.0,27637264.0
BASE,876,386659419.58,416397309.94,-29737890.36,3475896880.0,0.68253749,6825.4,343,0,0,1067155.0,28928139.0
BASE,877,371474936.17,403688490.84,-32213554.67,4376456378.0,1.71883547,17188.4,357,0,0,1067155.0,27979526.0
BASE,878,532774009.62,411481297.45,121292712.17,4279700188.0,2.70497851,27049.8,394,0,0,1067155.0,28574459.0
BASE,879,317388945.08,432482961.98,-115094016.9,3380897464.0,2.24233464,22423.3,524,0,0,1067155.0,30067303.0
BASE,880,368076501.4,422272742.2,-54196240.8,3981092819.0,0.49984254,4998.4,438,0,0,1067155.0,29286266.0
BASE,881,407447144.62,392492052.63,14955091.99,3963079538.0,2.31207057,23120.7,393,0,0,1067155.0,27209637.0
BASE,882,871130764.63,456089097.23,415041667.4,4178184424.0,4.58112772,45811.3,386,0,0,1067155.0,31715345.0
BASE,883,329077274.95,420820723.56,-91743448.61,3467540101.0,2.24708578,22470.9,447,0,0,1067155.0,29236080.0
BASE,884,501690057.02,390618293.18,111071763.84,3392837837.0,3.52770017,35277.0,514,0,0,1067155.0,27099511.0
BASE,885,363195501.79,419981933.11,-56786431.32,3670678335.0,1.89131805,18913.2,498,0,0,1067155.0,29162989.0
BASE,886,676650445.91,440143925.4,236506520.51,3543063272.0,4.00825693,40082.6,449,0,0,1067155.0,30629852.0
BASE,887,495724051.65,402991526.82,92732524.82,3909150932.0,2.86822011,28682.2,395,0,0,1067155.0,27937543.0
BASE,888,292144886.5,418679685.38,-126534798.88,3670709274.0,1.84567243,18456.7,487,0,0,1067155.0,29076823.0
BASE,889,621648781.12,402951641.54,218697139.58,4162366809.0,0.69769213,6976.9,346,0,0,1067155.0,27953475.0
BASE,890,847353380.59,422272803.49,425080577.1,4560270010.0,3.91233932,39123.4,299,0,0,1067155.0,29335313.0
BASE,891,325532811.09,429149223.63,-103616412.54,3718966600.0,2.01978162,20197.8,407,0,0,1067155.0,29815785.0
BASE,892,570768217.37,423251635.06,147516582.31,4254418355.0,2.92324206,29232.4,396,0,0,1067155.0,29391236.0
BASE,893,530808675.18,393667756.57,137140918.61,3303525498.0,1.06049828,10605.0,491,0,0,1067155.0,27323665.0
BASE,894,1106561510.05,426434775.28,680126734.77,4542481635.0,5.13954384,51395.4,303,0,0,1067155.0,29594825.0
BASE,895,703840609.32,428336493.67,275504115.65,3633618850.0,4.50925861,45092.6,465,0,0,1067155.0,29767998.0
BASE,896,475464893.48,430962550.32,44502343.16,4311316719.0,2.3879399,23879.4,376,0,0,1067155.0,29949376.0
BASE,897,378223334.04,403911748.46,-25688414.42,3475965846.0,2.57421613,25742.2,529,0,0,1067155.0,28044888.0
BASE,898,1417432253.34,403023945.23,1014408308.11,4395926477.0,6.91631335,69163.1,392,0,0,1067155.0,27971993.0
BASE,899,1241773575.14,418591174.25,823182400.89,4709328079.0,1.27572635,12757.3,304,0,0,1067155.0,29076782.0
BASE,900,1756474662.87,393060509.38,1363414153.49,4669071946.0,7.74876419,77487.6,345,0,0,1067155.0,27265318.0
BASE,901,245539011.39,400866561.62,-155327550.22,3904538751.0,1.32393078,13239.3,362,0,0,1067155.0,27777687.0
BASE,902,605455149.87,431115196.87,174339953.0,3832949965.0,3.60164746,36016.5,493,0,0,1067155.0,29980385.0
BASE,903,409401362.42,428577276.29,-19175913.87,4464416557.0,1.92857264,19285.7,326,0,0,1067155.0,29763168.0
BASE,904,547717318.03,412784539.01,134932779.01,4380928010.0,2.68621849,26862.2,314,0,0,1067155.0,28670479.0
BASE,905,1159686998.97,430693451.77,728993547.19,4198697105.0,6.05520347,60552.0,341,0,0,1067155.0,29955965.0
BASE,906,235031918.26,393185120.46,-158153202.2,3334946795.0,1.32352118,13235.2,467,0,0,1067155.0,27266718.0
BASE,907,787029678.82,419762779.16,367266899.66,3307916319.0,5.72466772,57246.7,512,0,0,1067155.0,29171564.0
BASE,908,1617268352.86,411505786.86,1205762566.0,4604167416.0,7.35893507,73589.4,422,0,0,1067155.0,28557841.0
BASE,909,387315842.46,441731935.16,-54416092.69,3790500318.0,1.88425938,18842.6,376,0,0,1067155.0,30728422.0
BASE,910,764502254.48,418849749.9,345652504.57,4532687855.0,3.56244958,35624.5,326,0,0,1067155.0,29060220.0
BASE,911,658263147.44,399131338.4,259131809.04,3898214773.0,3.82377547,38237.8,370,0,0,1067155.0,27704489.0
BASE,912,265378329.33,391841042.53,-126462713.2,3742458014.0,0.39282507,3928.3,424,0,0,1067155.0,27170248.0
BASE,913,3317677624.32,421358335.69,2896319288.63,4506391725.0,15.59648523,155964.9,385,0,0,1067155.0,29264618.0
BASE,914,532768602.35,413058274.59,119710327.76,4580393206.0,2.42624759,24262.5,272,0,0,1067155.0,28671353.0
BASE,915,419411750.91,388982033.31,30429717.6,4429219995.0,2.01777394,20177.7,308,0,0,1067155.0,26965339.0
BASE,916,2186982682.58,421482426.61,1765500255.97,5058651610.0,8.58564868,85856.5,320,0,0,1067155.0,29263729.0
BASE,917,1872502243.1,439440345.06,1433061898.04,4748296819.0,8.12527139,81252.7,258,0,0,1067155.0,30573518.0
BASE,918,573211436.84,405728189.08,167483247.76,4081290158.0,0.65656235,6565.6,372,0,0,1067155.0,28185985.0
BASE,919,469853029.34,435679522.95,34173506.39,4449046218.0,0.45048872,4504.9,308,0,0,1067155.0,30268544.0
BASE,920,369859787.91,404130936.72,-34271148.81,3576436874.0,2.42163949,24216.4,490,0,0,1067155.0,28038957.0
BASE,921,996000663.61,424758632.42,571242031.19,4274186007.0,5.06646182,50664.6,410,0,0,1067155.0,29511841.0
BASE,922,549444181.98,406497863.34,142946318.64,4374076164.0,0.70366169,7036.6,301,0,0,1067155.0,28218613.0
BASE,923,411013081.3,405344902.29,5668179.01,4527537274.0,1.91855156,19185.5,305,0,0,1067155.0,28126219.0
BASE,924,569815602.6,410285217.48,159530385.11,4099781294.0,3.08002109,30800.2,383,0,0,1067155.0,28489274.0
BASE,925,596166887.38,404179686.21,191987201.18,4092873721.0,3.23031088,32303.1,393,0,0,1067155.0,28022040.0
BASE,926,491460364.57,391652508.89,99807855.67,4357218371.0,2.4298464,24298.5,248,0,0,1067155.0,27170197.0
BASE,927,300482643.08,415444948.7,-114962305.62,3378888022.0,2.12458396,21245.8,485,0,0,1067155.0,28858306.0
BASE,928,255514998.35,434650538.59,-179135540.24,3497484387.0,1.67626594,16762.7,539,0,0,1067155.0,30189910.0
BASE,929,314484974.22,414136543.26,-99651569.04,4042225189.0,1.31695941,13169.6,395,0,0,1067155.0,28753369.0
BASE,930,693263633.03,443403233.33,249860399.7,3834990688.0,4.12091047,41209.1,382,0,0,1067155.0,30854519.0
BASE,931,513186984.52,418354240.45,94832744.07,4262987324.0,2.62057557,26205.8,320,0,0,1067155.0,29037662.0
BASE,932,719495289.04,430023774.94,289471514.09,3662436394.0,4.5596957,45597.0,363,0,0,1067155.0,29911338.0
BASE,933,483213709.95,447963053.38,35250656.57,4038068604.0,0.56622422,5662.2,417,0,0,1067155.0,31153887.0
BASE,934,457148022.07,402219310.3,54928711.77,3714641744.0,2.8409733,28409.7,407,0,0,1067155.0,27892898.0
BASE,935,596264620.3,457823194.01,138441426.29,3975602862.0,0.90686034,9068.6,457,0,0,1067155.0,31855341.0
BASE,936,696230212.55,432368953.38,263861259.17,4480450454.0,3.30162046,33016.2,292,0,0,1067155.0,30063032.0
BASE,937,741080703.94,421320329.7,319760374.23,4332825198.0,3.69464408,36946.4,396,0,0,1067155.0,29247097.0
BASE,938,1796392156.17,422925288.17,1373466868.0,3891037396.0,10.46223799,104622.4,462,0,0,1067155.0,29405972.0
BASE,939,258106388.85,393449321.71,-135342932.86,3898267364.0,0.28804109,2880.4,434,0,0,1067155.0,27287316.0
BASE,940,1296598673.8,439749142.45,856849531.36,4300153835.0,6.5369244,65369.2,423,0,0,1067155.0,30576575.0
BASE,941,255620353.36,389679283.87,-134058930.51,4247998902.0,1.3120887,13120.9,296,0,0,1067155.0,26963466.0
BASE,942,476557703.28,413118276.92,63439426.36,4570452849.0,2.1928776,21928.8,319,0,0,1067155.0,28669426.0
BASE,943,334335793.26,422914723.52,-88578930.27,4207513955.0,1.74036531,17403.7,367,0,0,1067155.0,29368158.0
BASE,944,1207415694.58,451786377.47,755629317.11,4232797188.0,1.48855332,14885.5,317,0,0,1067155.0,31436394.0
BASE,945,810346996.68,432768283.73,377578712.95,4382562868.0,3.97204842,39720.5,384,0,0,1067155.0,30073775.0
BASE,946,288066157.32,414436940.52,-126370783.21,3300182487.0,2.10185556,21018.6,555,0,0,1067155.0,28778338.0
BASE,947,311643677.09,429390282.52,-117746605.43,3300110425.0,1.87671396,18767.1,551,0,0,1067155.0,29858895.0
BASE,948,704789286.18,431798190.07,272991096.1,4620328989.0,3.18981551,31898.2,313,0,0,1067155.0,29979501.0
BASE,949,470857104.85,439197831.38,31659273.47,3747031100.0,2.89110716,28911.1,476,0,0,1067155.0,30533864.0
BASE,950,401025759.4,389898451.27,11127308.13,4629269639.0,1.80964378,18096.4,283,0,0,1067155.0,27019215.0
BASE,951,2247432899.01,455201640.16,1792231258.85,4847089139.0,9.44348932,94434.9,374,0,0,1067155.0,31685505.0
BASE,952,257220902.74,406922996.6,-149702093.86,3300162744.0,1.84194427,18419.4,612,0,0,1067155.0,28241620.0
BASE,953,443132188.71,392643453.63,50488735.08,4026699511.0,2.45803433,24580.3,342,0,0,1067155.0,27227270.0
BASE,954,527628888.16,409848040.91,117780847.25,3986999331.0,2.96848557,29684.9,440,0,0,1067155.0,28452762.0
BASE,955,1045322827.06,422183392.86,623139434.2,4549833669.0,4.84321496,48432.1,317,0,0,1067155.0,29327174.0
BASE,956,341023848.57,422025721.05,-81001872.48,4201242415.0,1.77905133,17790.5,407,0,0,1067155.0,29315723.0
BASE,957,286722204.01,427383737.33,-140661533.32,4267352199.0,1.46193779,14619.4,377,0,0,1067155.0,29660072.0
BASE,958,315808740.88,385012733.46,-69203992.58,3675861326.0,1.99131391,19913.1,398,0,0,1067155.0,26678386.0
BASE,959,704828792.53,410382650.6,294446141.93,4744352801.0,3.06238311,30623.8,306,0,0,1067155.0,28482220.0
BASE,960,963319653.51,414787515.54,548532137.97,4424308323.0,4.324315,43243.1,354,0,0,1067155.0,28803746.0
BASE,961,319284717.77,430661451.31,-111376733.55,3548978535.0,2.11260447,21126.0,431,0,0,1067155.0,29947297.0
BASE,962,332769910.7,422618984.64,-89849073.94,3934158088.0,0.36819498,3681.9,428,0,0,1067155.0,29351563.0
BASE,963,287319384.89,409902460.97,-122583076.08,4154366770.0,1.5235795,15235.8,373,0,0,1067155.0,28450305.0
BASE,964,1037401023.74,417490974.26,619910049.48,4843382273.0,4.36429755,43643.0,366,0,0,1067155.0,28992566.0
BASE,965,804855377.71,409301373.45,395554004.26,3947926790.0,4.59211855,45921.2,468,0,0,1067155.0,28426241.0
BASE,966,375344643.67,436789729.49,-61445085.82,4097122788.0,0.50623896,5062.4,340,0,0,1067155.0,30353767.0
BASE,967,512116270.69,415845827.89,96270442.79,4002005135.0,2.86579842,28658.0,295,0,0,1067155.0,28877030.0
BASE,968,596284229.39,432205297.96,164078931.44,4085611155.0,3.2392339,32392.3,408,0,0,1067155.0,29993774.0
BASE,969,378533357.25,418551664.7,-40018307.45,3642323656.0,2.41716274,24171.6,470,0,0,1067155.0,29044559.0
BASE,970,1297221545.93,439116122.51,858105423.42,5129906096.0,4.97864672,49786.5,292,0,0,1067155.0,30504815.0
BASE,971,505454767.56,429422353.88,76032413.68,4216235681.0,0.53405092,5340.5,337,0,0,1067155.0,29815397.0
BASE,972,2462017144.57,425285361.88,2036731782.69,4980829912.0,9.90871336,99087.1,319,0,0,1067155.0,29558279.0
BASE,973,301520804.51,430888502.8,-129367698.29,3418160874.0,2.09911532,20991.2,449,0,0,1067155.0,29964296.0
BASE,974,283624034.1,389588072.98,-105964038.88,3788812656.0,1.71476758,17147.7,398,0,0,1067155.0,26994339.0
BASE,975,423745159.16,423991930.08,-246770.93,4412145560.0,2.0563112,20563.1,340,0,0,1067155.0,29436471.0
BASE,976,266662916.16,389674803.65,-123011887.49,3750154062.0,1.63543907,16354.4,424,0,0,1067155.0,27001955.0
BASE,977,283698939.31,426471854.09,-142772914.78,3537704061.0,1.88529708,18853.0,409,0,0,1067155.0,29625195.0
BASE,978,2092911708.02,408208101.3,1684703606.72,4607578444.0,9.51245074,95124.5,348,0,0,1067155.0,28314782.0
BASE,979,380335114.01,428486327.31,-48151213.3,4082202497.0,2.06860678,20686.1,387,0,0,1067155.0,29760572.0
BASE,980,396516319.57,429173172.05,-32656852.48,3891633091.0,0.58407487,5840.7,495,0,0,1067155.0,29787770.0
BASE,981,668582263.53,404613418.48,263968845.05,4294368565.0,3.37742312,33774.2,347,0,0,1067155.0,28061665.0
BASE,982,509764957.7,418849593.23,90915364.47,3976465686.0,2.87881971,28788.2,379,0,0,1067155.0,29097020.0
BASE,983,599176601.89,431234571.04,167942030.85,4007665659.0,3.34622037,33462.2,418,0,0,1067155.0,29990926.0
BASE,984,1478090257.7,435178969.81,1042911287.89,3819835028.0,8.83502605,88350.3,433,0,0,1067155.0,30268522.0
BASE,985,650221161.19,424888602.48,225332558.71,4378623025.0,0.67571028,6757.1,343,0,0,1067155.0,29503210.0
BASE,986,662784250.88,420486813.12,242297437.76,4732357916.0,2.8910363,28910.4,333,0,0,1067155.0,29190839.0
BASE,987,549648446.22,393193099.91,156455346.31,4046491256.0,3.0275108,30275.1,476,0,0,1067155.0,27245314.0
BASE,988,798147623.39,432839711.07,365307912.32,3798520939.0,4.80830595,48083.1,433,0,0,1067155.0,30095112.0
BASE,989,443075340.77,440923005.42,2152335.35,4023984116.0,0.49827291,4982.7,423,0,0,1067155.0,30630765.0
BASE,990,232320186.46,400357849.05,-168037662.59,3408352433.0,1.62361619,16236.2,486,0,0,1067155.0,27801363.0
BASE,991,531690481.13,424599532.46,107090948.68,4246858233.0,2.73022101,27302.2,433,0,0,1067155.0,29483186.0
BASE,992,836530797.09,443568349.46,392962447.63,4184754254.0,4.38911402,43891.1,343,0,0,1067155.0,30845179.0
BASE,993,3151874928.12,421169366.14,2730705561.98,5160132072.0,11.98151107,119815.1,284,0,0,1067155.0,29269325.0
BASE,994,1351139380.49,452030997.48,899108383.01,5179380272.0,5.10507119,51050.7,309,0,0,1067155.0,31421720.0
BASE,995,301721509.33,401778266.49,-100056757.16,3908069154.0,0.3324763,3324.8,350,0,0,1067155.0,27842241.0
BASE,996,819683676.69,421739945.85,397943730.84,4990302187.0,3.28892938,32889.3,249,0,0,1067155.0,29290563.0
BASE,997,486281169.65,408914502.44,77366667.21,3996373593.0,2.72670466,27267.0,491,0,0,1067155.0,28338418.0
BASE,998,2437548572.0,417088915.07,2020459656.93,5173606330.0,9.22670786,92267.1,256,0,0,1067155.0,28982784.0
BASE,999,361448929.44,424889009.76,-63440080.32,3909517374.0,2.09103756,20910.4,332,0,0,1067155.0,29531432.0
BASE,1000,814039031.95,444009569.49,370029462.45,3760886938.0,1.12657176,11265.7,431,0,0,1067155.0,30896834.0
AGRESIVO,1,1368816298.95,2032527433.42,-663711134.48,3946955150.0,7.81254022,78125.4,150,0,0,3438827.0,142146393.0
AGRESIVO,2,2824566146.07,1954699281.71,869866864.37,3935065190.0,16.19044895,161904.5,135,0,0,3438827.0,136637950.0
AGRESIVO,3,1820136926.17,2159003604.56,-338866678.38,3899503542.0,10.56802956,105680.3,167,0,0,3438827.0,151164806.0
AGRESIVO,4,1185495073.58,2099459630.73,-913964557.14,3813387143.0,7.10288185,71028.8,121,0,0,3438827.0,146809974.0
AGRESIVO,5,1962823135.79,2129478506.39,-166655370.6,3924563428.0,11.2936391,112936.4,150,0,0,3438827.0,149153524.0
AGRESIVO,6,1116202139.42,1926422080.16,-810219940.74,3745468805.0,6.85756286,68575.6,154,0,0,3438827.0,134657488.0
AGRESIVO,7,7140809580.66,2053020362.7,5087789217.96,4610335333.0,32.4258935,324258.9,137,0,0,3438827.0,143701751.0
AGRESIVO,8,1461070421.83,2170259516.08,-709189094.25,3815044873.0,2.21716644,22171.7,150,0,0,3438827.0,152013278.0
AGRESIVO,9,1587719170.06,2110935677.98,-523216507.92,4436800559.0,7.64074676,76407.5,135,0,0,3438827.0,147803506.0
AGRESIVO,10,2061768004.81,2141741207.15,-79973202.34,3815910244.0,12.34162262,123416.2,161,0,0,3438827.0,149979425.0
AGRESIVO,11,1340825374.92,2134450325.91,-793624950.99,3848499832.0,7.9308859,79308.9,106,0,0,3438827.0,149404258.0
AGRESIVO,12,3634901612.95,1954400667.81,1680500945.13,4385517154.0,6.15630265,61563.0,149,0,0,3438827.0,136659189.0
AGRESIVO,13,1377307368.3,2000710856.07,-623403487.77,4096162753.0,7.4542486,74542.5,124,0,0,3438827.0,139912458.0
AGRESIVO,14,3754892977.69,2244334363.75,1510558613.94,4077154662.0,20.45895032,204589.5,145,0,0,3438827.0,157188779.0
AGRESIVO,15,3641398359.27,2008317707.19,1633080652.08,4231006458.0,18.80131273,188013.1,151,0,0,3438827.0,140474234.0
AGRESIVO,16,1956686630.94,1984760583.13,-28073952.2,3695488560.0,12.24730644,122473.1,159,0,0,3438827.0,138789917.0
AGRESIVO,17,8379868616.56,2072043789.48,6307824827.09,5453818299.0,29.05676594,290567.7,113,0,0,3438827.0,145009518.0
AGRESIVO,18,3651784668.69,2089862658.86,1561922009.83,5142058482.0,13.96146171,139614.6,128,0,0,3438827.0,146241647.0
AGRESIVO,19,2132731141.25,2161066902.87,-28335761.62,3972057851.0,12.06331901,120633.2,164,0,0,3438827.0,151398234.0
AGRESIVO,20,5265876979.54,2150281976.64,3115595002.9,4249331934.0,27.01708481,270170.8,163,0,0,3438827.0,150696294.0
AGRESIVO,21,2917975119.7,2216058645.55,701916474.15,4148210144.0,15.50661708,155066.2,150,0,0,3438827.0,155207699.0
AGRESIVO,22,7991452096.21,2228883169.64,5762568926.57,4445026474.0,14.76964732,147696.5,139,0,0,3438827.0,156174611.0
AGRESIVO,23,1702089371.18,2341758146.76,-639668775.58,3763262538.0,10.38829406,103882.9,164,0,0,3438827.0,164166820.0
AGRESIVO,24,1421378403.34,2139528188.46,-718149785.12,4713217213.0,6.23902341,62390.2,109,0,0,3438827.0,149756662.0
AGRESIVO,25,1270877685.51,1994711086.89,-723833401.37,3339837522.0,9.12655953,91265.6,188,0,0,3438827.0,139611644.0
AGRESIVO,26,1239172115.49,2076334781.62,-837162666.13,3550122525.0,2.5193298,25193.3,132,0,0,3438827.0,145207122.0
AGRESIVO,27,1716268033.81,2114025622.11,-397757588.31,3936616484.0,9.83217023,98321.7,132,0,0,3438827.0,147918389.0
AGRESIVO,28,3037560224.13,2066427995.96,971132228.17,4017552461.0,5.77133023,57713.3,149,0,0,3438827.0,144692890.0
AGRESIVO,29,1473413331.79,2100832835.42,-627419503.62,3774503346.0,8.95531279,89553.1,194,0,0,3438827.0,147152229.0
AGRESIVO,30,5188679507.3,2088229122.5,3100450384.8,4563697747.0,23.92945246,239294.5,147,0,0,3438827.0,146168649.0
AGRESIVO,31,4786579189.28,1932711343.24,2853867846.03,4597236953.0,6.64858523,66485.9,129,0,0,3438827.0,135074404.0
AGRESIVO,32,1783949336.73,2129817775.95,-345868439.22,3958871639.0,10.1383826,101383.8,146,0,0,3438827.0,149049144.0
AGRESIVO,33,3817047679.18,2018709612.06,1798338067.13,3614639783.0,24.63097994,246309.8,168,0,0,3438827.0,141061309.0
AGRESIVO,34,4805961424.8,2019904489.2,2786056935.6,4259038857.0,8.90355044,89035.5,159,0,0,3438827.0,141310754.0
AGRESIVO,35,3698749085.97,2248013092.03,1450735993.95,3772416815.0,22.49810642,224981.1,142,0,0,3438827.0,157525480.0
AGRESIVO,36,2286283675.12,2124117653.33,162166021.79,4238028416.0,11.77591754,117759.2,137,0,0,3438827.0,148704372.0
AGRESIVO,37,3476514399.0,2064964399.13,1411549999.87,3946414454.0,6.97001989,69700.2,135,0,0,3438827.0,144467949.0
AGRESIVO,38,1963823077.01,2121863901.19,-158040824.18,3900445810.0,3.02373613,30237.4,133,0,0,3438827.0,148623681.0
AGRESIVO,39,14609728474.27,2064153364.69,12545575109.58,4926674796.0,59.83053658,598305.4,116,0,0,3438827.0,144494838.0
AGRESIVO,40,5633998246.63,2095456138.38,3538542108.25,3806587375.0,33.84049685,338405.0,179,0,0,3438827.0,146707220.0
AGRESIVO,41,1725018662.63,1829672943.35,-104654280.72,4041325550.0,9.51898775,95189.9,138,0,0,3438827.0,127731791.0
AGRESIVO,42,5716521213.98,2110258813.24,3606262400.74,4604148174.0,26.01162444,260116.2,104,0,0,3438827.0,147587290.0
AGRESIVO,43,2093895597.25,1973035910.32,120859686.94,4769238393.0,9.02399212,90239.9,96,0,0,3438827.0,137906199.0
AGRESIVO,44,3808120860.94,2010330860.67,1797790000.27,4595666165.0,4.99261419,49926.1,120,0,0,3438827.0,140572575.0
AGRESIVO,45,1741550601.93,2089119260.53,-347568658.6,4044255408.0,9.60022409,96002.2,119,0,0,3438827.0,146228921.0
AGRESIVO,46,4071025813.28,2174317560.95,1896708252.33,4690863731.0,18.00114547,180011.5,121,0,0,3438827.0,152251499.0
AGRESIVO,47,2890007884.76,2215253539.54,674754345.21,4798112862.0,12.33827807,123382.8,97,0,0,3438827.0,155052344.0
AGRESIVO,48,1158497509.95,1958979855.07,-800482345.11,3685938859.0,7.27726611,72772.7,175,0,0,3438827.0,137048364.0
AGRESIVO,49,1853095971.36,1981996555.62,-128900584.26,3994914745.0,3.30552365,33055.2,126,0,0,3438827.0,138541451.0
AGRESIVO,50,2480001313.68,2034692573.9,445308739.79,3504956526.0,5.68284509,56828.5,166,0,0,3438827.0,142406310.0
AGRESIVO,51,6289379613.9,1991608250.88,4297771363.01,4173870660.0,33.1245556,331245.6,146,0,0,3438827.0,139352699.0
AGRESIVO,52,2374125830.34,2188823389.97,185302440.37,4100387825.0,12.83010799,128301.1,155,0,0,3438827.0,153274879.0
AGRESIVO,53,1503961284.7,2058926444.76,-554965160.06,4219604705.0,2.37351744,23735.2,134,0,0,3438827.0,144148923.0
AGRESIVO,54,1945242976.62,1955698640.09,-10455663.47,4027605274.0,10.78669885,107867.0,133,0,0,3438827.0,136713252.0
AGRESIVO,55,1922853592.09,2106276630.58,-183423038.49,3910495028.0,11.12006844,111200.7,119,0,0,3438827.0,147380642.0
AGRESIVO,56,2833595065.26,2134685706.49,698909358.77,4199650869.0,14.79046237,147904.6,151,0,0,3438827.0,149474989.0
AGRESIVO,57,3149695954.88,2060995690.4,1088700264.47,4255072478.0,16.12781638,161278.2,151,0,0,3438827.0,144254967.0
AGRESIVO,58,2292656049.09,2052487044.0,240169005.08,5121964691.0,8.82122941,88212.3,125,0,0,3438827.0,143545985.0
AGRESIVO,59,3107700821.26,2100026413.44,1007674407.82,4267502377.0,15.8447098,158447.1,174,0,0,3438827.0,146973642.0
AGRESIVO,60,2454992842.5,2103241486.9,351751355.6,4204267156.0,12.79374005,127937.4,159,0,0,3438827.0,147237521.0
AGRESIVO,61,2284448290.72,2157202625.16,127245665.55,4248911702.0,11.72228161,117222.8,157,0,0,3438827.0,151034301.0
AGRESIVO,62,1544903356.8,2172118389.98,-627215033.18,4351179776.0,7.6539568,76539.6,118,0,0,3438827.0,152099428.0
AGRESIVO,63,2292194072.49,2091217619.18,200976453.3,4090200186.0,12.43189324,124318.9,151,0,0,3438827.0,146406016.0
AGRESIVO,64,2425975403.82,2171466742.66,254508661.16,4664083996.0,10.82213048,108221.3,116,0,0,3438827.0,152047791.0
AGRESIVO,65,3190117936.63,2069675056.56,1120442880.07,4394412456.0,4.33580411,43358.0,90,0,0,3438827.0,144704145.0
AGRESIVO,66,1615685472.64,2114637716.08,-498952243.43,4201493176.0,8.42796455,84279.6,149,0,0,3438827.0,147985518.0
AGRESIVO,67,3971747888.96,2153547102.82,1818200786.14,4500898735.0,18.70570597,187057.1,137,0,0,3438827.0,150732101.0
AGRESIVO,68,7294459449.94,2161483705.81,5132975744.13,4351421131.0,13.91533217,139153.3,150,0,0,3438827.0,151410127.0
AGRESIVO,69,1120588193.89,2055967785.8,-935379591.91,3561140472.0,7.38006537,73800.7,166,0,0,3438827.0,143961019.0
AGRESIVO,70,2433119407.71,2141567367.24,291552040.47,4713811887.0,3.42385712,34238.6,130,0,0,3438827.0,149884974.0
AGRESIVO,71,1357327033.57,2105647116.93,-748320083.37,3300090037.0,9.90401513,99040.2,159,0,0,3438827.0,147436753.0
AGRESIVO,72,1927810522.2,2128488161.59,-200677639.4,4138804748.0,10.27850891,102785.1,141,0,0,3438827.0,149048949.0
AGRESIVO,73,6427276331.02,2080244412.32,4347031918.7,4722069219.0,28.13019706,281302.0,128,0,0,3438827.0,145500352.0
AGRESIVO,74,3727280123.02,1997790896.78,1729489226.23,4608666837.0,16.93467226,169346.7,103,0,0,3438827.0,139676271.0
AGRESIVO,75,2605280093.8,2144174977.01,461105116.8,3983546595.0,4.06771,40677.1,146,0,0,3438827.0,150100646.0
AGRESIVO,76,3482451715.55,2126952052.6,1355499662.95,4221215687.0,18.04172755,180417.3,139,0,0,3438827.0,148980136.0
AGRESIVO,77,3953286389.89,2249688757.91,1703597631.97,4132617168.0,21.12350475,211235.0,143,0,0,3438827.0,157646037.0
AGRESIVO,78,1914040625.72,2111110985.22,-197070359.5,4058467398.0,10.49803394,104980.3,163,0,0,3438827.0,147675755.0
AGRESIVO,79,3972624826.19,2131553948.95,1841070877.24,4832109988.0,16.77387526,167738.8,118,0,0,3438827.0,149254142.0
AGRESIVO,80,6296201021.71,2279584565.48,4016616456.23,4937063259.0,25.69848582,256984.9,132,0,0,3438827.0,159821751.0
AGRESIVO,81,1585098096.63,2099211424.29,-514113327.66,3893626303.0,9.22298781,92229.9,148,0,0,3438827.0,147002138.0
AGRESIVO,82,7908238372.26,2081685598.26,5826552774.0,4635179559.0,35.61652233,356165.2,127,0,0,3438827.0,145673695.0
AGRESIVO,83,4834036644.87,2011970003.07,2822066641.8,4728218557.0,21.11447582,211144.8,119,0,0,3438827.0,140681939.0
AGRESIVO,84,1639327034.29,2082301402.03,-442974367.74,4087101503.0,8.90074169,89007.4,141,0,0,3438827.0,145715959.0
AGRESIVO,85,1482163388.85,1974731019.26,-492567630.41,4144938714.0,7.88549296,78854.9,169,0,0,3438827.0,138051711.0
AGRESIVO,86,2696789592.29,2052877449.4,643912142.89,4224543089.0,4.64979247,46497.9,124,0,0,3438827.0,143568726.0
AGRESIVO,87,1873211472.68,2228251557.76,-355040085.08,4133535301.0,10.00586624,100058.7,123,0,0,3438827.0,156071335.0
AGRESIVO,88,1260968735.84,2117503214.48,-856534478.65,4158994149.0,6.67578042,66757.8,164,0,0,3438827.0,148269639.0
AGRESIVO,89,2306216661.14,1992245237.95,313971423.18,4011632833.0,12.86131323,128613.1,176,0,0,3438827.0,139365777.0
AGRESIVO,90,1825226900.23,1975003357.79,-149776457.56,4417128190.0,8.84235917,88423.6,126,0,0,3438827.0,138009000.0
AGRESIVO,91,3105331628.94,2038682643.59,1066648985.35,4697698747.0,3.84607491,38460.7,142,0,0,3438827.0,142595093.0
AGRESIVO,92,1473382695.64,2101996917.03,-628614221.39,4285603090.0,2.26070962,22607.1,145,0,0,3438827.0,147124389.0
AGRESIVO,93,1718633099.49,2180719992.34,-462086892.86,4416258373.0,8.32841499,83284.1,134,0,0,3438827.0,152712591.0
AGRESIVO,94,1826699629.11,2214046199.2,-387346570.1,3780261181.0,11.07897631,110789.8,163,0,0,3438827.0,155102017.0
AGRESIVO,95,2564988440.26,2177572327.9,387416112.36,4949929220.0,10.4260083,104260.1,101,0,0,3438827.0,152404830.0
AGRESIVO,96,1828776878.21,2058587014.34,-229810136.12,3454195911.0,12.55289872,125529.0,163,0,0,3438827.0,143984747.0
AGRESIVO,97,1426000234.71,2111930278.77,-685930044.05,3856299396.0,8.41070751,84107.1,186,0,0,3438827.0,147870979.0
AGRESIVO,98,3615533021.83,1888659846.53,1726873175.3,4326230374.0,5.19108135,51910.8,145,0,0,3438827.0,131938761.0
AGRESIVO,99,3802190464.73,2245634921.83,1556555542.9,4136833114.0,20.28615289,202861.5,129,0,0,3438827.0,157284208.0
AGRESIVO,100,8674194456.32,2053545696.33,6620648759.99,4138152069.0,46.25878742,462587.9,148,0,0,3438827.0,143641617.0
AGRESIVO,101,5692336473.23,2039381222.53,3652955250.71,4042152849.0,31.40219236,314021.9,137,0,0,3438827.0,142691782.0
AGRESIVO,102,10891087430.73,2074990624.51,8816096806.23,4929957793.0,44.55465214,445546.5,139,0,0,3438827.0,145232582.0
AGRESIVO,103,1295010830.91,2010548293.97,-715537463.06,4026281636.0,1.76028386,17602.8,116,0,0,3438827.0,140498690.0
AGRESIVO,104,2155597407.48,2088386544.12,67210863.37,3756797867.0,13.187713,131877.1,175,0,0,3438827.0,146198805.0
AGRESIVO,105,1768279455.06,1955444012.24,-187164557.18,4369664555.0,8.70562277,87056.2,123,0,0,3438827.0,136659073.0
AGRESIVO,106,1884172898.38,1983754257.61,-99581359.24,4066885221.0,10.30346682,103034.7,131,0,0,3438827.0,138688060.0
AGRESIVO,107,23121258394.09,2030333855.99,21090924538.1,4860749306.0,96.72424996,967242.5,129,0,0,3438827.0,141973633.0
AGRESIVO,108,1852556449.81,2142389485.39,-289833035.58,4289686701.0,9.37347666,93734.8,117,0,0,3438827.0,149969677.0
AGRESIVO,109,1754153437.49,2108949073.56,-354795636.06,3458875511.0,12.01869041,120186.9,204,0,0,3438827.0,147658347.0
AGRESIVO,110,2500979812.7,2059738567.61,441241245.09,3885841152.0,14.59328036,145932.8,174,0,0,3438827.0,144214548.0
AGRESIVO,111,2810388496.29,2001518688.51,808869807.78,4714488181.0,12.33082481,123308.2,159,0,0,3438827.0,139928843.0
AGRESIVO,112,1881068708.45,2093194960.01,-212126251.56,4296695419.0,9.49485229,94948.5,168,0,0,3438827.0,146560581.0
AGRESIVO,113,2691203558.48,2130743703.28,560459855.19,3980120064.0,15.17827629,151782.8,131,0,0,3438827.0,149134071.0
AGRESIVO,114,3206902826.75,2057603562.22,1149299264.53,4599772288.0,14.61342685,146134.3,127,0,0,3438827.0,143949341.0
AGRESIVO,115,2143811951.02,2009556110.99,134255840.02,4380187824.0,10.51673277,105167.3,135,0,0,3438827.0,140468072.0
AGRESIVO,116,5863274831.06,2120012104.7,3743262726.35,4430488902.0,28.27669352,282766.9,159,0,0,3438827.0,148419263.0
AGRESIVO,117,1723024597.55,1997696142.8,-274671545.25,4468165570.0,8.20465681,82046.6,132,0,0,3438827.0,139658308.0
AGRESIVO,118,1707645947.23,2137279275.63,-429633328.39,4077195223.0,9.30416477,93041.6,177,0,0,3438827.0,149704098.0
AGRESIVO,119,3140887652.16,2118197948.03,1022689704.12,4172425287.0,16.55059453,165505.9,145,0,0,3438827.0,148361908.0
AGRESIVO,120,1323014123.54,2035882363.26,-712868239.72,3970362972.0,7.48788488,74878.8,151,0,0,3438827.0,142448800.0
AGRESIVO,121,2423847254.81,1995955450.0,427891804.81,4022526609.0,13.46495405,134649.5,147,0,0,3438827.0,139535060.0
AGRESIVO,122,2763444832.28,2176200620.42,587244211.85,4267872263.0,14.08771397,140877.1,148,0,0,3438827.0,152517770.0
AGRESIVO,123,3635892086.57,2084229916.03,1551662170.54,4703215029.0,16.01194689,160119.5,110,0,0,3438827.0,145836315.0
AGRESIVO,124,17361266574.03,2104769977.86,15256496596.18,4906968074.0,71.55165698,715516.6,104,0,0,3438827.0,147331953.0
AGRESIVO,125,2440448443.74,2089323173.26,351125270.48,4369151962.0,12.01695304,120169.5,135,0,0,3438827.0,146225707.0
AGRESIVO,126,6506862527.77,2014253026.19,4492609501.58,4228244120.0,11.05034318,110503.4,152,0,0,3438827.0,140877779.0
AGRESIVO,127,2220652332.02,2285866972.23,-65214640.21,3671832074.0,14.02340948,140234.1,175,0,0,3438827.0,160183102.0
AGRESIVO,128,5593957125.08,2166153270.2,3427803854.88,4648842351.0,25.08013817,250801.4,130,0,0,3438827.0,151670613.0
AGRESIVO,129,1501602982.89,2076518364.49,-574915381.6,3915289050.0,8.66888541,86688.9,160,0,0,3438827.0,145222106.0
AGRESIVO,130,2155856288.99,2201300200.28,-45443911.29,4092039891.0,11.68487177,116848.7,147,0,0,3438827.0,154177534.0
AGRESIVO,131,9403727030.43,2192203241.61,7211523788.81,4437260024.0,45.24751468,452475.1,155,0,0,3438827.0,153562816.0
AGRESIVO,132,1515354286.12,2063061930.96,-547707644.83,3796348442.0,9.1363021,91363.0,171,0,0,3438827.0,144404191.0
AGRESIVO,133,4242130070.87,2028061264.11,2214068806.75,3948486181.0,8.75179166,87517.9,158,0,0,3438827.0,141918694.0
AGRESIVO,134,1491992473.14,2157589557.78,-665597084.64,3807003719.0,8.96025103,89602.5,138,0,0,3438827.0,150907345.0
AGRESIVO,135,1849297159.03,2023024137.89,-173726978.87,4345494995.0,2.33176196,23317.6,132,0,0,3438827.0,141525484.0
AGRESIVO,136,1678696102.35,2233932732.45,-555236630.1,3976003802.0,2.97257812,29725.8,163,0,0,3438827.0,156631006.0
AGRESIVO,137,1123771634.13,2135965044.39,-1012193410.26,3377503456.0,7.95007036,79500.7,187,0,0,3438827.0,149589089.0
AGRESIVO,138,1237762014.0,2082592507.99,-844830493.99,3457678653.0,8.48456652,84845.7,169,0,0,3438827.0,145798419.0
AGRESIVO,139,3338716705.77,2240858399.09,1097858306.68,3782379828.0,20.23356477,202335.6,139,0,0,3438827.0,157014204.0
AGRESIVO,140,4293201436.24,2144515996.3,2148685439.94,3671952628.0,27.11031937,271103.2,183,0,0,3438827.0,150223221.0
AGRESIVO,141,2451397656.44,2017819097.21,433578559.23,4014391785.0,13.65751986,136575.2,156,0,0,3438827.0,141129585.0
AGRESIVO,142,3761887955.24,2035930942.25,1725957013.0,4912619765.0,15.4757905,154757.9,102,0,0,3438827.0,142364275.0
AGRESIVO,143,2016121159.47,1949062520.15,67058639.32,3586457991.0,13.1500539,131500.5,176,0,0,3438827.0,136338818.0
AGRESIVO,144,2432800496.6,2078351213.4,354449283.2,4931422849.0,3.14869835,31487.0,115,0,0,3438827.0,145445199.0
AGRESIVO,145,1529195452.98,2169712836.77,-640517383.78,3847275323.0,9.04912837,90491.3,162,0,0,3438827.0,151965945.0
AGRESIVO,146,2063647945.67,2197272333.58,-133624387.91,4193478080.0,10.79473019,107947.3,143,0,0,3438827.0,153828910.0
AGRESIVO,147,1338494084.16,2118160585.47,-779666501.31,3496157393.0,9.03872474,90387.2,172,0,0,3438827.0,148382595.0
AGRESIVO,148,1704297111.33,2114651971.86,-410354860.53,4477159666.0,8.09096069,80909.6,113,0,0,3438827.0,147996025.0
AGRESIVO,149,2059212557.33,2041386338.36,17826218.97,3943957757.0,3.12793777,31279.4,144,0,0,3438827.0,142810107.0
AGRESIVO,150,5952656792.91,2097168252.22,3855488540.69,3944540852.0,34.00441964,340044.2,155,0,0,3438827.0,146780231.0
AGRESIVO,151,4459928748.15,2134272497.94,2325656250.21,4820848519.0,5.62833248,56283.3,110,0,0,3438827.0,149447620.0
AGRESIVO,152,1645121836.72,2049347544.66,-404225707.93,3773562362.0,10.00242411,100024.2,160,0,0,3438827.0,143479899.0
AGRESIVO,153,1610047824.0,2275616039.49,-665568215.49,4153772433.0,8.53943674,85394.4,135,0,0,3438827.0,159469617.0
AGRESIVO,154,2172057999.2,2080224931.17,91833068.03,4756169743.0,2.95031652,29503.2,101,0,0,3438827.0,145643191.0
AGRESIVO,155,1702216769.54,2034778031.93,-332561262.38,3749878192.0,10.44073469,104407.3,155,0,0,3438827.0,142392780.0
AGRESIVO,156,6001293906.31,2105167925.57,3896125980.74,4600829562.0,8.64229467,86422.9,152,0,0,3438827.0,147364289.0
AGRESIVO,157,7895203062.04,2140371482.41,5754831579.63,5674146501.0,25.57741587,255774.2,90,0,0,3438827.0,149740661.0
AGRESIVO,158,1627426690.93,2145302125.32,-517875434.39,3874349075.0,9.53582849,95358.3,146,0,0,3438827.0,150184922.0
AGRESIVO,159,1835480453.74,2202477457.8,-366997004.06,4023784567.0,10.19189443,101918.9,155,0,0,3438827.0,154271212.0
AGRESIVO,160,3805254456.05,2245964014.51,1559290441.54,4310542368.0,5.53168997,55316.9,90,0,0,3438827.0,157205161.0
AGRESIVO,161,2116687624.93,2066518626.38,50168998.55,3702276097.0,13.21518275,132151.8,167,0,0,3438827.0,144709097.0
AGRESIVO,162,2073058041.71,1963485916.35,109572125.36,4035716332.0,11.46235153,114623.5,132,0,0,3438827.0,137324331.0
AGRESIVO,163,2287202038.05,2083966862.39,203235175.66,3926280898.0,13.15188397,131518.8,159,0,0,3438827.0,145906873.0
AGRESIVO,164,3321259371.93,2090915788.36,1230343583.57,4797449273.0,14.18247906,141824.8,129,0,0,3438827.0,146373433.0
AGRESIVO,165,5717523934.66,2173683981.5,3543839953.16,4047946121.0,31.47636182,314763.6,176,0,0,3438827.0,152274264.0
AGRESIVO,166,3894048269.79,2299201550.87,1594846718.92,4381657171.0,19.09319203,190931.9,132,0,0,3438827.0,161087909.0
AGRESIVO,167,4425311337.87,2078281741.38,2347029596.49,4266133935.0,22.57323239,225732.3,130,0,0,3438827.0,145480656.0
AGRESIVO,168,2557504695.49,2137747097.98,419757597.51,4242267736.0,13.15359298,131535.9,149,0,0,3438827.0,149746890.0
AGRESIVO,169,1674302077.5,2044840849.48,-370538771.98,3919651240.0,3.03492305,30349.2,155,0,0,3438827.0,143017375.0
AGRESIVO,170,2315792394.57,2113776673.85,202015720.72,4567454429.0,10.66674981,106667.5,124,0,0,3438827.0,147904799.0
AGRESIVO,171,1416508310.48,1988363742.83,-571855432.35,4135830352.0,7.56027494,75602.7,150,0,0,3438827.0,139082884.0
AGRESIVO,172,4454303570.56,2178896821.23,2275406749.33,5012415452.0,17.74660281,177466.0,110,0,0,3438827.0,152504328.0
AGRESIVO,173,2739185734.13,2186460338.8,552725395.33,4026139291.0,15.19716908,151971.7,140,0,0,3438827.0,153096898.0
AGRESIVO,174,2259339926.06,2031324129.06,228015797.0,4094566503.0,12.23485695,122348.6,142,0,0,3438827.0,142147885.0
AGRESIVO,175,8492686033.42,2074412331.08,6418273702.34,4953360560.0,11.31642228,113164.2,139,0,0,3438827.0,145130914.0
AGRESIVO,176,1869759119.75,2031133640.38,-161374520.63,3721013187.0,11.59214807,115921.5,173,0,0,3438827.0,142147842.0
AGRESIVO,177,1320783680.96,2055817058.38,-735033377.43,3426259497.0,9.1657516,91657.5,158,0,0,3438827.0,143861831.0
AGRESIVO,178,1698424833.6,2181395592.44,-482970758.83,3493274161.0,11.48213402,114821.3,195,0,0,3438827.0,152871376.0
AGRESIVO,179,1464825112.44,1946894699.43,-482069586.99,4296961086.0,7.39315329,73931.5,132,0,0,3438827.0,136031447.0
AGRESIVO,180,1566963044.27,2014388992.63,-447425948.35,3607636448.0,10.13836587,101383.7,162,0,0,3438827.0,140957418.0
AGRESIVO,181,1325750266.63,2063687505.97,-737937239.33,3798813624.0,2.44044069,24404.4,187,0,0,3438827.0,144349134.0
AGRESIVO,182,5124780782.65,2091187658.7,3033593123.94,4166385085.0,27.06150253,270615.0,162,0,0,3438827.0,146468887.0
AGRESIVO,183,9598399153.35,2009300621.75,7589098531.61,4098608339.0,51.90361365,519036.1,159,0,0,3438827.0,140505623.0
AGRESIVO,184,3089602539.82,2004967792.64,1084634747.18,3942970522.0,6.09035468,60903.5,185,0,0,3438827.0,140238977.0
AGRESIVO,185,1987606617.45,2034568790.4,-46962172.95,3942290260.0,11.36336381,113633.6,153,0,0,3438827.0,142401525.0
AGRESIVO,186,1800850222.37,2180846563.72,-379996341.34,3865541896.0,10.58588406,105858.8,170,0,0,3438827.0,152770580.0
AGRESIVO,187,14893147072.72,2149661512.27,12743485560.46,4698167558.0,24.2442553,242442.6,136,0,0,3438827.0,150528738.0
AGRESIVO,188,6413465813.84,2203683921.9,4209781891.94,4754147903.0,10.27569294,102756.9,101,0,0,3438827.0,154311883.0
AGRESIVO,189,3730868479.44,2007987923.03,1722880556.41,4576026757.0,17.13575246,171357.5,140,0,0,3438827.0,140499490.0
AGRESIVO,190,6278050198.79,2119768388.83,4158281809.95,5109013369.0,24.25487187,242548.7,113,0,0,3438827.0,148329118.0
AGRESIVO,191,1757472372.53,2218728031.22,-461255658.69,3604675684.0,3.01156555,30115.7,168,0,0,3438827.0,155481713.0
AGRESIVO,192,1508850986.48,2085407297.93,-576556311.46,4120423376.0,8.09678444,80967.8,139,0,0,3438827.0,145943317.0
AGRESIVO,193,1103867100.55,2067372479.0,-963505378.45,3300111663.0,8.05452259,80545.2,212,0,0,3438827.0,144753473.0
AGRESIVO,194,2365389261.91,2113345574.21,252043687.7,4065464929.0,12.94146679,129414.7,175,0,0,3438827.0,147933975.0
AGRESIVO,195,2708252955.76,2101265724.57,606987231.19,4010289945.0,15.11062401,151106.2,148,0,0,3438827.0,147035545.0
AGRESIVO,196,1652090965.79,2018683436.39,-366592470.6,3759565888.0,10.09695386,100969.5,191,0,0,3438827.0,141256595.0
AGRESIVO,197,1620869670.92,2069082284.21,-448212613.29,4148159619.0,8.61372996,86137.3,128,0,0,3438827.0,144841678.0
AGRESIVO,198,2984877639.47,2100319678.89,884557960.58,3655477302.0,18.96587308,189658.7,190,0,0,3438827.0,147055795.0
AGRESIVO,199,2706364215.26,2138546037.34,567818177.92,4445064051.0,12.98783206,129878.3,125,0,0,3438827.0,149639369.0
AGRESIVO,200,2755780580.67,2130594425.82,625186154.85,3945133613.0,15.73897628,157389.8,160,0,0,3438827.0,149218795.0
AGRESIVO,201,1268441486.47,2040133728.99,-771692242.53,3557090725.0,2.09257649,20925.8,184,0,0,3438827.0,142845107.0
AGRESIVO,202,5069501283.78,2113953657.7,2955547626.07,4349328152.0,25.13184062,251318.4,160,0,0,3438827.0,147994073.0
AGRESIVO,203,2778986471.82,2236923205.03,542063266.79,4138472070.0,4.12086246,41208.6,165,0,0,3438827.0,156761124.0
AGRESIVO,204,3249381493.3,2150043167.3,1099338326.0,3983362843.0,18.30510889,183051.1,160,0,0,3438827.0,150641099.0
AGRESIVO,205,1592583711.13,2141230972.23,-548647261.1,4124195149.0,8.53479892,85348.0,136,0,0,3438827.0,149933568.0
AGRESIVO,206,3008066484.43,1959124223.41,1048942261.01,4401619834.0,14.64943673,146494.4,144,0,0,3438827.0,137042737.0
AGRESIVO,207,1829259371.89,2179675800.48,-350416428.59,4418891038.0,2.74468345,27446.8,137,0,0,3438827.0,152666543.0
AGRESIVO,208,3108278301.03,1955336223.05,1152942077.98,4077381619.0,16.93444071,169344.4,125,0,0,3438827.0,136727713.0
AGRESIVO,209,2244544950.12,2056776461.48,187768488.65,4382078639.0,3.54766801,35476.7,154,0,0,3438827.0,143908722.0
AGRESIVO,210,3114384884.02,2100439078.16,1013945805.85,4412535580.0,15.11120153,151112.0,130,0,0,3438827.0,146979153.0
AGRESIVO,211,2061160838.86,1971968523.34,89192315.53,4088191888.0,11.18678811,111867.9,127,0,0,3438827.0,137878756.0
AGRESIVO,212,5226554756.06,2017467984.85,3209086771.21,3882775551.0,30.53106135,305310.6,154,0,0,3438827.0,141150794.0
AGRESIVO,213,1933261244.24,2197448058.97,-264186814.73,4734965836.0,8.42560199,84256.0,128,0,0,3438827.0,153874434.0
AGRESIVO,214,2103453140.87,2222057265.65,-118604124.78,4179935548.0,11.05495131,110549.5,149,0,0,3438827.0,155626716.0
AGRESIVO,215,1422211469.22,2108373488.51,-686162019.28,3866322443.0,8.35776633,83577.7,148,0,0,3438827.0,147475465.0
AGRESIVO,216,3710824000.33,2068113322.57,1642710677.76,4316953462.0,18.60100598,186010.1,121,0,0,3438827.0,144715537.0
AGRESIVO,217,12107465251.64,2140525278.81,9966939972.83,4654089214.0,54.1890669,541890.7,147,0,0,3438827.0,149860343.0
AGRESIVO,218,16327467898.95,2150804049.19,14176663849.76,4929195067.0,24.50305389,245030.5,118,0,0,3438827.0,150569697.0
AGRESIVO,219,1894881400.31,2079321061.12,-184439660.81,4519654460.0,8.86839982,88684.0,112,0,0,3438827.0,145540523.0
AGRESIVO,220,8128986097.22,2147466927.83,5981519169.39,4883847713.0,33.75326432,337532.6,133,0,0,3438827.0,150344375.0
AGRESIVO,221,6875725257.64,1931480345.97,4944244911.67,4425734322.0,33.21276826,332127.7,141,0,0,3438827.0,135058626.0
AGRESIVO,222,1766636074.98,1977105045.45,-210468970.47,3912306466.0,3.22931206,32293.1,135,0,0,3438827.0,138257477.0
AGRESIVO,223,6831530394.6,2242143191.32,4589387203.27,3865955017.0,13.62808636,136280.9,195,0,0,3438827.0,157206452.0
AGRESIVO,224,2668616259.41,1994661591.02,673954668.38,4107244497.0,14.38680791,143868.1,141,0,0,3438827.0,139487976.0
AGRESIVO,225,1993922963.22,2033777302.07,-39854338.85,4518323444.0,9.3360916,93360.9,91,0,0,3438827.0,142207451.0
AGRESIVO,226,1731411872.16,2037349111.25,-305937239.09,4025425193.0,9.60841961,96084.2,128,0,0,3438827.0,142526483.0
AGRESIVO,227,3110087694.02,2044646383.56,1065441310.46,4328792265.0,15.52668402,155266.8,133,0,0,3438827.0,143058014.0
AGRESIVO,228,2803836582.2,2189262924.61,614573657.59,4203066521.0,14.6177707,146177.7,140,0,0,3438827.0,153306992.0
AGRESIVO,229,1452797550.55,2121555567.94,-668758017.39,3690612240.0,9.1099822,91099.8,129,0,0,3438827.0,148402295.0
AGRESIVO,230,1770470188.98,2129720492.85,-359250303.87,3570021947.0,11.62053478,116205.3,162,0,0,3438827.0,149096914.0
AGRESIVO,231,3166539465.08,2072611422.98,1093928042.1,4173220579.0,16.68113611,166811.4,160,0,0,3438827.0,145089187.0
AGRESIVO,232,1349585825.04,2086594839.24,-737009014.21,3719284805.0,8.37256685,83725.7,151,0,0,3438827.0,146065795.0
AGRESIVO,233,8673382667.55,2135215541.82,6538167125.73,4698826375.0,38.25144937,382514.5,134,0,0,3438827.0,149477135.0
AGRESIVO,234,4391786493.77,1989965185.66,2401821308.11,5030676687.0,17.39574897,173957.5,111,0,0,3438827.0,139130206.0
AGRESIVO,235,2990044973.46,2149103188.31,840941785.14,4106629545.0,16.12315441,161231.5,145,0,0,3438827.0,150536521.0
AGRESIVO,236,5922332953.1,2155147750.52,3767185202.57,3910294107.0,34.25197647,342519.8,148,0,0,3438827.0,150926485.0
AGRESIVO,237,2773330415.91,2177726335.51,595604080.4,3978389448.0,15.65116784,156511.7,158,0,0,3438827.0,152517730.0
AGRESIVO,238,4353061479.5,2235565567.84,2117495911.67,4959918706.0,17.63738036,176373.8,90,0,0,3438827.0,156530307.0
AGRESIVO,239,1539020983.66,2038418908.49,-499397924.83,3856521460.0,9.07658105,90765.8,148,0,0,3438827.0,142582188.0
AGRESIVO,240,3627731668.83,2130550113.98,1497181554.85,3825945277.0,21.63559607,216356.0,159,0,0,3438827.0,149263003.0
AGRESIVO,241,3524683967.68,2042745633.86,1481938333.82,4407061079.0,17.1337523,171337.5,142,0,0,3438827.0,142935631.0
AGRESIVO,242,4153289403.36,2115688247.31,2037601156.06,4576965817.0,19.0699585,190699.6,134,0,0,3438827.0,148058456.0
AGRESIVO,243,1054377872.88,2008544172.42,-954166299.54,3646505250.0,1.67064293,16706.4,132,0,0,3438827.0,140410206.0
AGRESIVO,244,1330525296.05,2156624731.63,-826099435.57,3950610884.0,7.48544244,74854.4,127,0,0,3438827.0,151086081.0
AGRESIVO,245,2686962908.65,2258253973.77,428708934.88,4038054094.0,14.84441959,148444.2,127,0,0,3438827.0,158137103.0
AGRESIVO,246,5155906286.64,2161726414.45,2994179872.19,4444501691.0,24.74787203,247478.7,147,0,0,3438827.0,151405012.0
AGRESIVO,247,1650969581.06,1956235498.36,-305265917.3,4326976304.0,8.24736007,82473.6,151,0,0,3438827.0,136834566.0
AGRESIVO,248,1824397291.07,2080165377.6,-255768086.53,4584734455.0,8.35516399,83551.6,110,0,0,3438827.0,145544798.0
AGRESIVO,249,1623232484.05,2113071873.63,-489839389.58,3598806621.0,3.35618084,33561.8,173,0,0,3438827.0,148044828.0
AGRESIVO,250,4493995732.54,2032263366.28,2461732366.26,4898247991.0,18.57345121,185734.5,118,0,0,3438827.0,142163890.0
AGRESIVO,251,1543666195.16,2172600038.58,-628933843.42,3937776603.0,8.83967057,88396.7,158,0,0,3438827.0,152205433.0
AGRESIVO,252,21900857681.13,2081696101.22,19819161579.91,4360100084.0,43.24060158,432406.0,156,0,0,3438827.0,145705359.0
AGRESIVO,253,1397820729.54,2198988698.01,-801167968.47,3748686496.0,2.22978807,22297.9,190,0,0,3438827.0,154009211.0
AGRESIVO,254,1301907517.69,1917837483.16,-615929965.47,3668334935.0,8.23235673,82323.6,167,0,0,3438827.0,134063657.0
AGRESIVO,255,4645490841.43,2017318304.52,2628172536.91,4649117972.0,20.82585635,208258.6,132,0,0,3438827.0,141071454.0
AGRESIVO,256,1426392872.63,2115792244.7,-689399372.07,3865931221.0,8.38353346,83835.3,163,0,0,3438827.0,148176063.0
AGRESIVO,257,1923221165.95,2047454515.2,-124233349.26,4130480076.0,10.28400874,102840.1,155,0,0,3438827.0,143231653.0
AGRESIVO,258,4814797395.15,2062421258.56,2752376136.59,4415173101.0,23.34085682,233408.6,138,0,0,3438827.0,144270668.0
AGRESIVO,259,7909954400.73,2123481971.09,5786472429.64,4413449702.0,38.36774091,383677.4,130,0,0,3438827.0,148621006.0
AGRESIVO,260,1597394856.2,2069528150.56,-472133294.36,3625123950.0,10.266911,102669.1,196,0,0,3438827.0,144936982.0
AGRESIVO,261,2276711322.18,1977076116.25,299635205.93,4146678631.0,12.10531857,121053.2,121,0,0,3438827.0,138157317.0
AGRESIVO,262,23036478894.34,2200179286.02,20836299608.32,5278383708.0,84.37022572,843702.3,108,0,0,3438827.0,154043512.0
AGRESIVO,263,1619553806.87,1983910268.93,-364356462.06,3724316759.0,10.02856871,100285.7,150,0,0,3438827.0,138768535.0
AGRESIVO,264,1338618485.18,2104631113.87,-766012628.69,3707829509.0,8.34010991,83401.1,168,0,0,3438827.0,147365204.0
AGRESIVO,265,6792643168.59,2069233988.31,4723409180.28,4149648177.0,36.07910468,360791.0,120,0,0,3438827.0,144744289.0
AGRESIVO,266,9584824098.54,1997847785.53,7586976313.0,3518325148.0,26.84909046,268490.9,219,0,0,3438827.0,139817599.0
AGRESIVO,267,1933121765.8,2096829578.61,-163707812.81,4287219111.0,9.78941725,97894.2,137,0,0,3438827.0,146752781.0
AGRESIVO,268,1125735582.9,1860629764.83,-734894181.92,3630900327.0,1.76660943,17666.1,157,0,0,3438827.0,130013212.0
AGRESIVO,269,2419800243.9,2170377774.04,249422469.86,4115438503.0,13.00787606,130078.8,163,0,0,3438827.0,151968537.0
AGRESIVO,270,3674431468.01,2058312159.27,1616119308.74,4090202395.0,19.92854997,199285.5,144,0,0,3438827.0,144039659.0
AGRESIVO,271,12383995418.39,2082155686.76,10301839731.63,4559339453.0,57.19623264,571962.3,115,0,0,3438827.0,145690548.0
AGRESIVO,272,13661637048.91,2235430831.13,11426206217.78,4980053766.0,54.99674292,549967.4,152,0,0,3438827.0,156627988.0
AGRESIVO,273,1169406508.58,2028548202.1,-859141693.52,3300144442.0,8.53262754,85326.3,158,0,0,3438827.0,141947436.0
AGRESIVO,274,2152217437.27,2017421442.86,134795994.41,4146325874.0,11.44479518,114448.0,173,0,0,3438827.0,141144621.0
AGRESIVO,275,1532514764.37,1988937107.63,-456422343.25,3668233937.0,9.69092448,96909.2,160,0,0,3438827.0,139085229.0
AGRESIVO,276,1924767184.11,1995952163.33,-71184979.22,3719209881.0,11.94121327,119412.1,149,0,0,3438827.0,139688367.0
AGRESIVO,277,1696025457.41,2130585107.53,-434559650.12,4256527625.0,8.6800293,86800.3,117,0,0,3438827.0,149122718.0
AGRESIVO,278,8656828596.69,2117166332.64,6539662264.05,4107588812.0,46.66427493,466642.7,168,0,0,3438827.0,148249901.0
AGRESIVO,279,4877516051.43,2087459076.41,2790056975.02,4721867551.0,21.34878819,213487.9,148,0,0,3438827.0,146202423.0
AGRESIVO,280,2113728861.38,2055968102.07,57760759.31,3729242543.0,13.06460086,130646.0,142,0,0,3438827.0,143934058.0
AGRESIVO,281,5693598742.48,2089369926.02,3604228816.47,4775828930.0,24.48479476,244847.9,126,0,0,3438827.0,146235788.0
AGRESIVO,282,8863585347.59,2100329564.77,6763255782.82,5253326767.0,32.71884548,327188.5,90,0,0,3438827.0,146823336.0
AGRESIVO,283,24066853350.44,2198960024.36,21867893326.07,4586110953.0,110.16817713,1101681.8,149,0,0,3438827.0,154058718.0
AGRESIVO,284,1921637614.94,2121061595.24,-199423980.3,4317231855.0,9.63154928,96315.5,141,0,0,3438827.0,148514530.0
AGRESIVO,285,2054436895.03,2085076733.8,-30639838.77,4218892307.0,10.65211012,106521.1,162,0,0,3438827.0,145927538.0
AGRESIVO,286,3127074254.38,2153826366.92,973247887.46,3660989533.0,19.82817181,198281.7,172,0,0,3438827.0,150793790.0
AGRESIVO,287,2893512609.55,2157535981.97,735976627.58,3990681369.0,16.25772369,162577.2,199,0,0,3438827.0,151093038.0
AGRESIVO,288,1463025532.1,2060424653.51,-597399121.41,4019714884.0,8.13553915,81355.4,143,0,0,3438827.0,144243616.0
AGRESIVO,289,2452886095.35,2023249340.12,429636755.23,3546783083.0,16.24365007,162436.5,178,0,0,3438827.0,141606968.0
AGRESIVO,290,4542188846.98,2151950238.0,2390238608.98,4847440592.0,19.08365125,190836.5,120,0,0,3438827.0,150697661.0
AGRESIVO,291,1611537554.32,2117454395.2,-505916840.88,4251274984.0,2.06928508,20692.9,109,0,0,3438827.0,148192494.0
AGRESIVO,292,2534327943.5,2069928031.37,464399912.13,4088381561.0,13.75394499,137539.4,166,0,0,3438827.0,144850214.0
AGRESIVO,293,4111517716.21,2067215328.7,2044302387.51,4549698479.0,19.05044239,190504.4,144,0,0,3438827.0,144694739.0
AGRESIVO,294,2256882065.43,2094668439.51,162213625.92,3704123795.0,3.87370021,38737.0,186,0,0,3438827.0,146629857.0
AGRESIVO,295,2241861626.18,2059813099.09,182048527.09,3934856789.0,12.85134481,128513.4,148,0,0,3438827.0,144057224.0
AGRESIVO,296,2057877662.47,2058553335.94,-675673.47,4252816624.0,10.54543987,105454.4,150,0,0,3438827.0,144062034.0
AGRESIVO,297,2138446402.35,2133698179.26,4748223.08,4771043325.0,9.21056315,92105.6,127,0,0,3438827.0,149399529.0
AGRESIVO,298,1963215381.75,2116444635.54,-153229253.79,4089940608.0,3.40016719,34001.7,175,0,0,3438827.0,148155620.0
AGRESIVO,299,2939569711.67,2146179624.07,793390087.6,4650952963.0,13.17018472,131701.8,136,0,0,3438827.0,150213711.0
AGRESIVO,300,2998769587.2,2146939082.92,851830504.28,4438925781.0,14.42093705,144209.4,104,0,0,3438827.0,150250278.0
AGRESIVO,301,1785145343.3,2082586857.5,-297441514.2,4530268295.0,8.32520259,83252.0,161,0,0,3438827.0,145770606.0
AGRESIVO,302,1830220718.1,2176447701.31,-346226983.21,3787100469.0,11.07235257,110723.5,169,0,0,3438827.0,152458872.0
AGRESIVO,303,1907537707.53,2065671491.89,-158133784.36,4359634844.0,9.4233589,94233.6,136,0,0,3438827.0,144449088.0
AGRESIVO,304,1357769802.84,2106861742.93,-749091940.09,3653467783.0,8.633789,86337.9,139,0,0,3438827.0,147507294.0
AGRESIVO,305,2113206248.9,1953843500.99,159362747.9,3774065173.0,12.84601359,128460.1,179,0,0,3438827.0,136620419.0
AGRESIVO,306,3378194791.85,2170050414.68,1208144377.17,4329049008.0,16.86369068,168636.9,156,0,0,3438827.0,151979233.0
AGRESIVO,307,2107567529.37,2118335943.32,-10768413.95,4203491434.0,10.98615775,109861.6,152,0,0,3438827.0,148288198.0
AGRESIVO,308,2503643269.88,2172563145.29,331080124.59,4201172009.0,13.06131195,130613.1,131,0,0,3438827.0,152256743.0
AGRESIVO,309,6743363999.3,2109893164.31,4633470834.99,4793801523.0,28.82981506,288298.2,110,0,0,3438827.0,147580019.0
AGRESIVO,310,1326913031.66,2156405414.19,-829492382.53,3825635653.0,7.914536,79145.4,143,0,0,3438827.0,151023316.0
AGRESIVO,311,4296862382.74,1981595872.46,2315266510.28,3975689999.0,24.27262024,242726.2,159,0,0,3438827.0,138564922.0
AGRESIVO,312,2925811743.51,2160179439.02,765632304.48,4748355465.0,12.69561013,126956.1,104,0,0,3438827.0,151059326.0
AGRESIVO,313,2318200792.6,2049792826.5,268407966.1,3795068238.0,13.98337779,139833.8,189,0,0,3438827.0,143386146.0
AGRESIVO,314,2577959773.12,1989510355.84,588449417.27,3889260783.0,15.02379428,150237.9,172,0,0,3438827.0,139197536.0
AGRESIVO,315,2037446676.18,1986199775.11,51246901.07,4085409891.0,11.06894126,110689.4,122,0,0,3438827.0,138878194.0
AGRESIVO,316,6087010496.66,2074083543.12,4012926953.54,4800085144.0,25.97052498,259705.2,138,0,0,3438827.0,145166700.0
AGRESIVO,317,2514821744.94,2269187086.11,245634658.84,3576310312.0,16.46647288,164664.7,168,0,0,3438827.0,159077446.0
AGRESIVO,318,1091235275.91,1982020540.48,-890785264.57,3657928369.0,6.92729358,69272.9,156,0,0,3438827.0,138635977.0
AGRESIVO,319,1490332422.47,2132461270.31,-642128847.84,3705544712.0,9.29327696,92932.8,143,0,0,3438827.0,149257071.0
AGRESIVO,320,2270023501.76,2020473749.54,249549752.22,4223564095.0,11.75086622,117508.7,128,0,0,3438827.0,141352337.0
AGRESIVO,321,1833934960.87,2330445198.93,-496510238.06,3887324616.0,10.69529345,106952.9,115,0,0,3438827.0,163296305.0
AGRESIVO,322,1411123123.22,1966636490.14,-555513366.93,3656568279.0,8.96257204,89625.7,152,0,0,3438827.0,137475171.0
AGRESIVO,323,10270825938.24,2187784641.92,8083041296.32,4551438353.0,47.56157034,475615.7,152,0,0,3438827.0,153259774.0
AGRESIVO,324,4713149681.35,2040363943.05,2672785738.3,4256340975.0,24.12281754,241228.2,135,0,0,3438827.0,142718333.0
AGRESIVO,325,2149640408.52,2118706612.86,30933795.66,4027495908.0,3.26943285,32694.3,133,0,0,3438827.0,148340539.0
AGRESIVO,326,7769008627.08,2100800081.77,5668208545.3,3648108666.0,49.50154783,495015.5,179,0,0,3438827.0,147154941.0
AGRESIVO,327,2052054708.47,2096447302.54,-44392594.07,4107207026.0,11.06300168,110630.0,134,0,0,3438827.0,146757835.0
AGRESIVO,328,2007029171.11,2092334205.83,-85305034.71,4257564850.0,10.26802846,102680.3,117,0,0,3438827.0,146353407.0
AGRESIVO,329,2225780608.28,2001068231.72,224712376.55,3706899902.0,13.87228968,138722.9,225,0,0,3438827.0,140005867.0
AGRESIVO,330,1196162001.56,1975894300.51,-779732298.95,3311295859.0,8.68878958,86887.9,185,0,0,3438827.0,138235048.0
AGRESIVO,331,3474318662.2,2058480855.44,1415837806.76,4343300946.0,17.25926213,172592.6,143,0,0,3438827.0,144091998.0
AGRESIVO,332,1505866367.88,2202081863.72,-696215495.84,4094257891.0,8.15550755,81555.1,123,0,0,3438827.0,154290752.0
AGRESIVO,333,4566537873.76,2124964813.34,2441573060.42,4253320808.0,23.39680807,233968.1,142,0,0,3438827.0,148752798.0
AGRESIVO,334,1643518724.07,2047603280.91,-404084556.84,4058771862.0,9.01331691,90133.2,122,0,0,3438827.0,143158224.0
AGRESIVO,335,14097143105.67,2135375062.32,11961768043.35,5276514909.0,51.66051802,516605.2,133,0,0,3438827.0,149437984.0
AGRESIVO,336,1320813827.05,2024659500.84,-703845673.8,3798704088.0,7.95648401,79564.8,135,0,0,3438827.0,141622723.0
AGRESIVO,337,5077822116.45,2079543130.17,2998278986.28,3807942029.0,30.48465061,304846.5,177,0,0,3438827.0,145634598.0
AGRESIVO,338,2239621189.73,2103913112.48,135708077.25,4195932988.0,11.70522913,117052.3,144,0,0,3438827.0,147267531.0
AGRESIVO,339,10486388628.8,2253084125.06,8233304503.74,5194288565.0,39.43524605,394352.5,103,0,0,3438827.0,157847781.0
AGRESIVO,340,2282209273.69,1983841118.05,298368155.63,4204290495.0,11.89321409,118932.1,114,0,0,3438827.0,138690679.0
AGRESIVO,341,6181092585.44,2069059616.91,4112032968.53,4378996676.0,30.33439192,303343.9,116,0,0,3438827.0,144712988.0
AGRESIVO,342,1358210070.18,1999997716.86,-641787646.68,3300945893.0,2.54955536,25495.6,206,0,0,3438827.0,139923916.0
AGRESIVO,343,1610933459.6,2166591439.85,-555657980.25,4229195682.0,8.32280806,83228.1,134,0,0,3438827.0,151644807.0
AGRESIVO,344,2327428500.89,1949278720.62,378149780.27,4711848227.0,10.22064677,102206.5,135,0,0,3438827.0,136280273.0
AGRESIVO,345,3992456062.76,2127935624.06,1864520438.7,4926831094.0,16.34929561,163493.0,119,0,0,3438827.0,148952704.0
AGRESIVO,346,1684340998.22,2088962079.06,-404621080.84,4535819511.0,7.84053061,78405.3,127,0,0,3438827.0,146160125.0
AGRESIVO,347,2486592489.58,2061515920.68,425076568.91,4613706388.0,3.08088162,30808.8,126,0,0,3438827.0,144252208.0
AGRESIVO,348,1698556501.61,2087491128.52,-388934626.9,3885874852.0,9.91099877,99110.0,148,0,0,3438827.0,146072694.0
AGRESIVO,349,2200614382.7,2084098105.96,116516276.74,4325270295.0,3.53106257,35310.6,133,0,0,3438827.0,145842959.0
AGRESIVO,350,2944127008.5,2143429282.23,800697726.27,4387051566.0,14.40912524,144091.3,125,0,0,3438827.0,150044633.0
AGRESIVO,351,3525638410.57,2130389472.71,1395248937.86,4119141823.0,5.61675588,56167.6,158,0,0,3438827.0,149135174.0
AGRESIVO,352,2096034862.05,2046869832.2,49165029.85,3993220757.0,11.76626253,117662.6,129,0,0,3438827.0,143169640.0
AGRESIVO,353,1691223549.86,2087709566.08,-396486016.21,3635063850.0,10.82915234,108291.5,171,0,0,3438827.0,146246844.0
AGRESIVO,354,2400807915.66,2025049547.73,375758367.93,3791351392.0,14.5015094,145015.1,145,0,0,3438827.0,141565201.0
AGRESIVO,355,2405587391.06,2130269737.7,275317653.36,3937803819.0,13.77525242,137752.5,151,0,0,3438827.0,149110221.0
AGRESIVO,356,2939078444.16,2194350159.04,744728285.12,4337330105.0,14.63017582,146301.8,137,0,0,3438827.0,153700766.0
AGRESIVO,357,2892765030.48,2126147282.75,766617747.73,4079745490.0,15.74713249,157471.3,104,0,0,3438827.0,148704797.0
AGRESIVO,358,3420849191.46,2221588802.22,1199260389.24,4917605371.0,14.05022194,140502.2,109,0,0,3438827.0,155579998.0
AGRESIVO,359,1868541293.97,2148100046.4,-279558752.43,4463932507.0,8.91026466,89102.6,130,0,0,3438827.0,150302031.0
AGRESIVO,360,1509786533.91,2041500017.03,-531713483.12,4134029710.0,8.0632133,80632.1,155,0,0,3438827.0,142883441.0
AGRESIVO,361,5310944645.23,2072575491.09,3238369154.14,4843466670.0,22.34228413,223422.8,97,0,0,3438827.0,144930122.0
AGRESIVO,362,1670593473.36,2120012370.76,-449418897.39,3516062395.0,11.19479708,111948.0,152,0,0,3438827.0,148425427.0
AGRESIVO,363,2213752555.08,2068393836.06,145358719.03,3878177947.0,3.57182698,35718.3,157,0,0,3438827.0,144788089.0
AGRESIVO,364,1432714609.99,2081809066.75,-649094456.77,4168547222.0,7.55976925,75597.7,147,0,0,3438827.0,145756923.0
AGRESIVO,365,8540467839.59,2152987728.29,6387480111.29,4903123000.0,35.24183598,352418.4,158,0,0,3438827.0,150773732.0
AGRESIVO,366,7616376478.47,2077323936.47,5539052542.0,4385267765.0,37.29861332,372986.1,147,0,0,3438827.0,145450360.0
AGRESIVO,367,4744412590.25,2057504189.52,2686908400.73,4748412702.0,20.58645265,205864.5,140,0,0,3438827.0,144007003.0
AGRESIVO,368,2039792474.51,2007368825.78,32423648.73,3759083730.0,12.46866547,124686.7,167,0,0,3438827.0,140430820.0
AGRESIVO,369,1700822271.57,2201478752.11,-500656480.54,3606731106.0,11.0082318,110082.3,141,0,0,3438827.0,154208420.0
AGRESIVO,370,2289763520.94,2081427367.7,208336153.24,4138326795.0,12.21037869,122103.8,130,0,0,3438827.0,145647646.0
AGRESIVO,371,2957057339.64,2032841493.2,924215846.44,4037197260.0,5.5803452,55803.5,152,0,0,3438827.0,142192727.0
AGRESIVO,372,1939986239.4,2045974909.09,-105988669.69,3950648999.0,11.05779542,110578.0,179,0,0,3438827.0,143171950.0
AGRESIVO,373,4581454416.7,2018361510.15,2563092906.54,4277863637.0,23.27548056,232754.8,116,0,0,3438827.0,141131424.0
AGRESIVO,374,3765556208.94,2056643753.43,1708912455.51,4490857155.0,17.79446903,177944.7,109,0,0,3438827.0,143899308.0
AGRESIVO,375,3887294766.43,2237569056.88,1649725709.55,4069123002.0,21.2405767,212405.8,156,0,0,3438827.0,156781852.0
AGRESIVO,376,3093030780.84,2068533840.45,1024496940.39,4554536287.0,4.04571575,40457.2,121,0,0,3438827.0,144771174.0
AGRESIVO,377,8986237147.59,2099250602.25,6886986545.34,4318669499.0,45.0182578,450182.6,146,0,0,3438827.0,146935715.0
AGRESIVO,378,1498148584.05,1980669079.24,-482520495.19,4199204333.0,7.82107162,78210.7,123,0,0,3438827.0,138475875.0
AGRESIVO,379,2947813466.89,2094573420.59,853240046.29,3806961990.0,17.70354365,177035.4,169,0,0,3438827.0,146571936.0
AGRESIVO,380,1824423357.58,2041906259.4,-217482901.82,4364373895.0,8.99822764,89982.3,147,0,0,3438827.0,142831576.0
AGRESIVO,381,13862663839.09,2152329187.6,11710334651.48,4372444866.0,68.18434355,681843.4,157,0,0,3438827.0,150726710.0
AGRESIVO,382,5919045363.03,2164624011.21,3754421351.82,4154240387.0,31.38853556,313885.4,178,0,0,3438827.0,151673591.0
AGRESIVO,383,14129155617.9,1882370307.11,12246785310.79,5255027539.0,52.12820165,521282.0,103,0,0,3438827.0,131434453.0
AGRESIVO,384,3070060220.04,2265695638.49,804364581.56,3824802237.0,18.31734741,183173.5,178,0,0,3438827.0,158879549.0
AGRESIVO,385,1490062119.32,2037737014.02,-547674894.7,4236508651.0,7.67887049,76788.7,140,0,0,3438827.0,142582447.0
AGRESIVO,386,1331284553.73,2127237749.09,-795953195.35,3667478640.0,8.42082814,84208.3,145,0,0,3438827.0,148902662.0
AGRESIVO,387,4132550557.54,2289008502.62,1843542054.92,4422259560.0,19.98550961,199855.1,120,0,0,3438827.0,160405271.0
AGRESIVO,388,2168319111.18,2130760809.03,37558302.15,4109815409.0,11.67908231,116790.8,122,0,0,3438827.0,149154802.0
AGRESIVO,389,1225256940.74,2114721390.47,-889464449.73,3607943177.0,1.96532291,19653.2,169,0,0,3438827.0,148039842.0
AGRESIVO,390,2052074851.22,2095601653.12,-43526801.9,4473866472.0,9.75279307,97527.9,139,0,0,3438827.0,146646364.0
AGRESIVO,391,5201323292.65,2080505031.82,3120818260.83,4173284401.0,27.39964285,273996.4,137,0,0,3438827.0,145607086.0
AGRESIVO,392,5365726459.86,2070738345.4,3294988114.46,5006405400.0,21.41896901,214189.7,128,0,0,3438827.0,144885448.0
AGRESIVO,393,4053135165.81,2191435042.0,1861700123.81,4522285159.0,18.95273807,189527.4,127,0,0,3438827.0,153477443.0
AGRESIVO,394,2370069832.14,2047725540.96,322344291.17,4615553701.0,2.8129799,28129.8,97,0,0,3438827.0,143096589.0
AGRESIVO,395,1910429321.97,2200741563.66,-290312241.69,3489012980.0,12.93675549,129367.6,160,0,0,3438827.0,154176483.0
AGRESIVO,396,7605412818.98,2030117517.82,5575295301.16,5248829986.0,28.11414455,281141.4,124,0,0,3438827.0,141956252.0
AGRESIVO,397,2193248186.88,2052561491.28,140686695.6,4100337259.0,11.852831,118528.3,138,0,0,3438827.0,143586477.0
AGRESIVO,398,1611416090.52,2096941363.03,-485525272.51,3757818259.0,3.10448576,31044.9,173,0,0,3438827.0,146817606.0
AGRESIVO,399,3196448776.03,2227115967.92,969332808.11,3991519400.0,17.95444394,179544.4,173,0,0,3438827.0,156092565.0
AGRESIVO,400,2415917130.54,2045649923.13,370267207.4,3935836041.0,13.8442198,138442.2,133,0,0,3438827.0,143067485.0
AGRESIVO,401,2202328120.58,2026832593.43,175495527.15,3872251911.0,12.91428728,129142.9,155,0,0,3438827.0,141771933.0
AGRESIVO,402,1048137399.64,1957030773.29,-908893373.65,3564702628.0,6.89350103,68935.0,143,0,0,3438827.0,136819726.0
AGRESIVO,403,1511589434.86,2221513215.85,-709923780.99,4112533035.0,8.13400259,81340.0,125,0,0,3438827.0,155623549.0
AGRESIVO,404,1337526413.91,2103720687.21,-766194273.29,4463435454.0,6.37915229,63791.5,115,0,0,3438827.0,147291220.0
AGRESIVO,405,1508516416.05,2122027942.18,-613511526.12,3783302295.0,9.13892307,91389.2,182,0,0,3438827.0,148614121.0
AGRESIVO,406,4945056521.35,2085785254.54,2859271266.81,4782588738.0,6.41749294,64174.9,98,0,0,3438827.0,145894833.0
AGRESIVO,407,1816464501.2,2073530089.1,-257065587.9,3846625555.0,2.89933554,28993.4,133,0,0,3438827.0,145107708.0
AGRESIVO,408,3053083443.66,2019176225.46,1033907218.2,3971685040.0,17.27139577,172714.0,155,0,0,3438827.0,141369960.0
AGRESIVO,409,3842680874.56,2106921364.75,1735759509.81,3825642682.0,22.9200837,229200.8,159,0,0,3438827.0,147501038.0
AGRESIVO,410,2114960904.31,2092725766.01,22235138.3,4700543969.0,2.4486824,24486.8,116,0,0,3438827.0,146434496.0
AGRESIVO,411,1169182796.48,2030589855.28,-861407058.8,3367721870.0,8.30350386,83035.0,172,0,0,3438827.0,142054661.0
AGRESIVO,412,2175133684.6,2250538445.51,-75404760.91,4045741169.0,11.98401206,119840.1,185,0,0,3438827.0,157751466.0
AGRESIVO,413,1343496581.62,2091516538.01,-748019956.4,3599923653.0,2.26372369,22637.2,160,0,0,3438827.0,146359337.0
AGRESIVO,414,2129295508.08,2079155684.49,50139823.59,4017662128.0,11.84916972,118491.7,184,0,0,3438827.0,145547208.0
AGRESIVO,415,2119673325.71,2113273419.31,6399906.4,4320881506.0,10.61086468,106108.6,130,0,0,3438827.0,147890772.0
AGRESIVO,416,3071634247.52,2186245147.48,885389100.05,4327213227.0,15.34299634,153430.0,120,0,0,3438827.0,153090462.0
AGRESIVO,417,1392088558.65,2164806450.46,-772717891.8,3667042308.0,8.80687945,88068.8,186,0,0,3438827.0,151627729.0
AGRESIVO,418,1206102594.05,2077530468.89,-871427874.84,3522800083.0,8.06120767,80612.1,165,0,0,3438827.0,145340450.0
AGRESIVO,419,2153545370.11,2177336754.35,-23791384.24,4266411685.0,10.98404669,109840.5,142,0,0,3438827.0,152519740.0
AGRESIVO,420,1289443455.98,2113224193.06,-823780737.08,3747645231.0,1.96944238,19694.4,157,0,0,3438827.0,147958646.0
AGRESIVO,421,1580003120.49,2091484928.78,-511481808.29,4420310023.0,7.64612685,76461.3,126,0,0,3438827.0,146293419.0
AGRESIVO,422,3341578953.56,2066729894.23,1274849059.33,4726533852.0,14.60366564,146036.7,116,0,0,3438827.0,144538709.0
AGRESIVO,423,4012280809.07,1992186661.63,2020094147.45,3693268222.0,25.13458276,251345.8,170,0,0,3438827.0,139351008.0
AGRESIVO,424,1957036206.99,2056334121.5,-99297914.51,4192679094.0,10.23990107,102399.0,143,0,0,3438827.0,143910540.0
AGRESIVO,425,3913376888.52,2092095764.9,1821281123.62,4594876482.0,17.86174243,178617.4,162,0,0,3438827.0,146422325.0
AGRESIVO,426,3066501421.36,2037113925.08,1029387496.28,4018871108.0,17.05721486,170572.1,151,0,0,3438827.0,142495363.0
AGRESIVO,427,21735512050.13,2254846998.93,19480665051.2,4713404376.0,37.20698279,372069.8,135,0,0,3438827.0,158073802.0
AGRESIVO,428,2303876449.46,2040077224.45,263799225.01,3886031652.0,13.44224719,134422.5,157,0,0,3438827.0,142746842.0
AGRESIVO,429,1608340962.69,2031903283.4,-423562320.71,4167726880.0,8.48889809,84889.0,171,0,0,3438827.0,142218034.0
AGRESIVO,430,1333355397.21,1897381284.83,-564025887.62,3824201699.0,7.95714431,79571.4,158,0,0,3438827.0,132500507.0
AGRESIVO,431,11291509178.6,2172898150.69,9118611027.91,4452443895.0,54.05317904,540531.8,141,0,0,3438827.0,152160367.0
AGRESIVO,432,1740518910.64,2162290243.24,-421771332.61,3813704653.0,3.31197121,33119.7,161,0,0,3438827.0,151454885.0
AGRESIVO,433,1782309234.37,2012709688.95,-230400454.58,3724107185.0,11.0372414,110372.4,186,0,0,3438827.0,140877746.0
AGRESIVO,434,19707813823.59,2148376243.04,17559437580.54,4575792128.0,90.52438753,905243.9,142,0,0,3438827.0,150521423.0
AGRESIVO,435,6269104077.38,2076643482.62,4192460594.76,4422833486.0,11.34642903,113464.3,138,0,0,3438827.0,145324850.0
AGRESIVO,436,5087506461.35,2010572657.54,3076933803.81,4561634094.0,8.44086318,84408.6,104,0,0,3438827.0,140610497.0
AGRESIVO,437,2741313443.03,2139407185.62,601906257.41,4132948679.0,14.64589479,146458.9,147,0,0,3438827.0,149727727.0
AGRESIVO,438,1876048968.64,2027681106.07,-151632137.44,4220581941.0,9.72148472,97214.8,133,0,0,3438827.0,141755401.0
AGRESIVO,439,5972452686.33,2238616145.86,3733836540.47,4023518574.0,33.16644999,331664.5,186,0,0,3438827.0,156917041.0
AGRESIVO,440,2120467428.78,1995028335.7,125439093.07,4068194034.0,3.75676651,37567.7,178,0,0,3438827.0,139519384.0
AGRESIVO,441,9341801744.66,2086512130.04,7255289614.62,4701513043.0,16.0708408,160708.4,155,0,0,3438827.0,146018064.0
AGRESIVO,442,3058848707.03,2018278114.85,1040570592.18,4293650521.0,15.45595122,154559.5,112,0,0,3438827.0,141076179.0
AGRESIVO,443,2107800887.72,2046206859.34,61594028.37,3838796419.0,12.51179244,125117.9,189,0,0,3438827.0,143080904.0
AGRESIVO,444,1438555215.12,2160546406.82,-721991191.7,4335445426.0,7.16546918,71654.7,126,0,0,3438827.0,151244910.0
AGRESIVO,445,1101804452.71,2102540777.46,-1000736324.75,3434622788.0,7.62105933,76210.6,172,0,0,3438827.0,147192145.0
AGRESIVO,446,4748610204.61,2019329974.59,2729280230.02,4347788658.0,23.55340749,235534.1,154,0,0,3438827.0,141297891.0
AGRESIVO,447,1374494241.89,2007425236.1,-632930994.21,4025880462.0,7.62648002,76264.8,128,0,0,3438827.0,140421825.0
AGRESIVO,448,1587682973.09,2189878468.23,-602195495.14,3937059255.0,9.09407966,90940.8,136,0,0,3438827.0,153365015.0
AGRESIVO,449,17255305017.8,2031874902.45,15223430115.35,4165819194.0,91.13496982,911349.7,176,0,0,3438827.0,142149602.0
AGRESIVO,450,5693750173.25,2309122414.53,3384627758.72,4890417367.0,23.59153453,235915.3,137,0,0,3438827.0,161894293.0
AGRESIVO,451,2173890701.29,2113175731.77,60714969.52,4624722083.0,9.82453969,98245.4,121,0,0,3438827.0,147982613.0
AGRESIVO,452,2367612863.01,2096420997.01,271191866.01,4357173823.0,3.19685953,31968.6,154,0,0,3438827.0,146689631.0
AGRESIVO,453,3419230937.65,2110799967.64,1308430970.02,4526563709.0,15.96568935,159656.9,115,0,0,3438827.0,147629048.0
AGRESIVO,454,1643182738.36,2129587852.97,-486405114.6,3836103064.0,9.76346125,97634.6,132,0,0,3438827.0,149059237.0
AGRESIVO,455,8373081287.8,2107900153.35,6265181134.45,4340572511.0,16.33409909,163341.0,156,0,0,3438827.0,147621739.0
AGRESIVO,456,9113791039.59,2152038348.72,6961752690.87,5138575493.0,34.88218585,348821.9,113,0,0,3438827.0,150635181.0
AGRESIVO,457,1756894090.37,2026993305.24,-270099214.87,4072821420.0,9.58730294,95873.0,121,0,0,3438827.0,141748999.0
AGRESIVO,458,2716404399.48,2063673527.54,652730871.94,3649040316.0,17.30194498,173019.4,181,0,0,3438827.0,144408311.0
AGRESIVO,459,1292240356.9,1999786458.38,-707546101.48,3410512869.0,9.02339529,90234.0,186,0,0,3438827.0,139989889.0
AGRESIVO,460,1999938875.92,2197009528.6,-197070652.68,3545753800.0,13.24935362,132493.5,171,0,0,3438827.0,153887181.0
AGRESIVO,461,2672612594.41,1985314838.43,687297755.98,4377897844.0,13.1210424,131210.4,137,0,0,3438827.0,138877293.0
AGRESIVO,462,2605408400.73,1942951549.84,662456850.89,4395165536.0,4.16528189,41652.8,130,0,0,3438827.0,135694339.0
AGRESIVO,463,1475351297.76,2056006372.27,-580655074.52,4172469011.0,7.77409809,77741.0,174,0,0,3438827.0,143842789.0
AGRESIVO,464,2332215805.82,2107359288.35,224856517.46,3819772929.0,13.94072979,139407.3,171,0,0,3438827.0,147519382.0
AGRESIVO,465,3209390444.77,2082357713.04,1127032731.73,4084039640.0,5.13931151,51393.1,123,0,0,3438827.0,145629152.0
AGRESIVO,466,3333993502.05,2097918131.7,1236075370.35,4522269261.0,15.59006525,155900.7,132,0,0,3438827.0,146741673.0
AGRESIVO,467,4865220379.36,2027662718.31,2837557661.06,4380545548.0,8.60929634,86093.0,128,0,0,3438827.0,141802476.0
AGRESIVO,468,5198292868.22,1924329465.15,3273963403.06,4389152533.0,25.42329759,254233.0,140,0,0,3438827.0,134534405.0
AGRESIVO,469,1584383906.02,2049447266.37,-465063360.35,4162019836.0,8.37913248,83791.3,99,0,0,3438827.0,143199292.0
AGRESIVO,470,6165573890.33,2069192752.19,4096381138.14,4796906794.0,26.33295372,263329.5,134,0,0,3438827.0,144818032.0
AGRESIVO,471,1511823589.66,2018003416.51,-506179826.85,3881800324.0,8.83448876,88344.9,103,0,0,3438827.0,141085985.0
AGRESIVO,472,2713403266.13,2188004976.17,525398289.96,4070043854.0,14.82148547,148214.9,170,0,0,3438827.0,153263612.0
AGRESIVO,473,4971904239.61,2242020656.2,2729883583.41,4971685802.0,20.06883579,200688.4,93,0,0,3438827.0,156991646.0
AGRESIVO,474,3012041030.42,2237438313.61,774602716.81,4667681871.0,13.42060499,134206.0,143,0,0,3438827.0,156758924.0
AGRESIVO,475,3360521019.16,2100224764.21,1260296254.95,4278126818.0,17.07114153,170711.4,123,0,0,3438827.0,146976054.0
AGRESIVO,476,1935120311.75,2086506037.94,-151385726.19,3882556133.0,2.97454568,29745.5,114,0,0,3438827.0,146037675.0
AGRESIVO,477,2964832491.42,2078824479.45,886008011.97,4070813347.0,5.51741497,55174.1,128,0,0,3438827.0,145450586.0
AGRESIVO,478,6939769141.78,2084007274.21,4855761867.57,4661553538.0,30.98373931,309837.4,126,0,0,3438827.0,145905059.0
AGRESIVO,479,1764793477.83,1942737637.02,-177944159.19,3737868428.0,10.87294379,108729.4,180,0,0,3438827.0,135826414.0
AGRESIVO,480,1205341178.11,2118778688.18,-913437510.07,4239492043.0,6.20518568,62051.9,141,0,0,3438827.0,148321364.0
AGRESIVO,481,1392841677.96,2056151554.34,-663309876.38,3952736847.0,7.93314785,79331.5,157,0,0,3438827.0,143839000.0
AGRESIVO,482,2416144740.58,2065268490.38,350876250.2,4020446952.0,13.43210746,134321.1,161,0,0,3438827.0,144576035.0
AGRESIVO,483,2071418924.75,2140575643.48,-69156718.73,3517451969.0,13.87331689,138733.2,166,0,0,3438827.0,149975859.0
AGRESIVO,484,2641675440.04,2074161492.03,567513948.01,4398012192.0,3.47878222,34787.8,151,0,0,3438827.0,145131532.0
AGRESIVO,485,1621788874.82,2031834455.56,-410045580.74,3458467341.0,11.11355723,111135.6,155,0,0,3438827.0,142224124.0
AGRESIVO,486,2014384432.91,2057608158.1,-43223725.19,4451857090.0,9.64489585,96449.0,118,0,0,3438827.0,143912011.0
AGRESIVO,487,2494876764.19,2141716413.65,353160350.54,4375178807.0,12.25979146,122597.9,139,0,0,3438827.0,149865194.0
AGRESIVO,488,1982729091.32,2156696824.65,-173967733.33,4929327400.0,8.11284739,81128.5,104,0,0,3438827.0,151014911.0
AGRESIVO,489,19428076067.54,2142858889.91,17285217177.63,5079429821.0,32.42821371,324282.1,95,0,0,3438827.0,149917530.0
AGRESIVO,490,2059584141.18,2057687537.22,1896603.96,3542019093.0,13.66409497,136640.9,184,0,0,3438827.0,144031609.0
AGRESIVO,491,1740263524.86,2142367413.07,-402103888.21,4087547053.0,9.44729213,94472.9,131,0,0,3438827.0,150001962.0
AGRESIVO,492,2179556845.64,2154221824.72,25335020.92,3876148673.0,12.76265075,127626.5,151,0,0,3438827.0,150824071.0
AGRESIVO,493,6206214636.62,2164016658.96,4042197977.66,4461527282.0,29.61873587,296187.4,145,0,0,3438827.0,151559645.0
AGRESIVO,494,1457282882.4,2154836047.24,-697553164.84,3584174856.0,9.51334062,95133.4,184,0,0,3438827.0,150962860.0
AGRESIVO,495,3867206808.45,1977685608.39,1889521200.06,4012376253.0,21.56093032,215609.3,158,0,0,3438827.0,138410953.0
AGRESIVO,496,1936639038.79,2094065926.2,-157426887.41,4353443376.0,9.587338,95873.4,97,0,0,3438827.0,146546501.0
AGRESIVO,497,1775808771.84,2163072250.17,-387263478.33,4225016881.0,2.3523104,23523.1,132,0,0,3438827.0,151524362.0
AGRESIVO,498,1236315815.26,1996263014.26,-759947199.0,3833802150.0,7.35212941,73521.3,147,0,0,3438827.0,139530020.0
AGRESIVO,499,2321326912.57,2107509209.31,213817703.26,4065128290.0,12.70190691,127019.1,138,0,0,3438827.0,147558558.0
AGRESIVO,500,1395723645.59,2010160346.65,-614436701.06,3948973489.0,7.90429632,79043.0,164,0,0,3438827.0,140675012.0
AGRESIVO,501,1394994913.93,2005580192.19,-610585278.26,3738080439.0,8.59392677,85939.3,189,0,0,3438827.0,140294924.0
AGRESIVO,502,2814021048.76,2123498959.41,690522089.34,4253058639.0,3.99056879,39905.7,154,0,0,3438827.0,148651117.0
AGRESIVO,503,1766104034.13,2073661547.94,-307557513.8,3655427918.0,11.22201057,112220.1,142,0,0,3438827.0,145104353.0
AGRESIVO,504,1966554257.47,2106299024.04,-139744766.57,4225335811.0,10.17369815,101737.0,144,0,0,3438827.0,147425588.0
AGRESIVO,505,2605659071.33,2016005075.53,589653995.8,4229618533.0,13.4600377,134600.4,144,0,0,3438827.0,140991359.0
AGRESIVO,506,1948669223.94,1983542181.17,-34872957.23,4214471162.0,10.11921756,101192.2,139,0,0,3438827.0,138653175.0
AGRESIVO,507,10850945300.83,2130919531.56,8720025769.27,4640052649.0,48.79098769,487909.9,167,0,0,3438827.0,149205509.0
AGRESIVO,508,2201560810.59,2159379285.3,42181525.3,4192630845.0,11.51953308,115195.3,154,0,0,3438827.0,151273101.0
AGRESIVO,509,2070083808.84,2111470978.08,-41387169.23,3836875695.0,12.29654423,122965.4,145,0,0,3438827.0,147784831.0
AGRESIVO,510,6712667640.11,2166216629.0,4546451011.11,4473080192.0,31.91139814,319114.0,149,0,0,3438827.0,151742666.0
AGRESIVO,511,2408026420.58,2126152813.88,281873606.7,3906844934.0,13.94428507,139442.9,145,0,0,3438827.0,148887145.0
AGRESIVO,512,1134211260.62,1981607545.44,-847396284.82,3641469197.0,7.24495802,72449.6,132,0,0,3438827.0,138531534.0
AGRESIVO,513,2526657517.55,2048574410.25,478083107.3,4221133224.0,13.0903666,130903.7,151,0,0,3438827.0,143306888.0
AGRESIVO,514,1709586252.39,2142591790.79,-433005538.4,3823874087.0,10.20362518,102036.3,171,0,0,3438827.0,150143231.0
AGRESIVO,515,3086916342.91,2079937053.66,1006979289.25,4510192901.0,14.49319636,144932.0,147,0,0,3438827.0,145612358.0
AGRESIVO,516,3117965354.31,2117747499.54,1000217854.77,3871113490.0,18.29109297,182910.9,173,0,0,3438827.0,148269159.0
AGRESIVO,517,2227266294.19,2205068225.96,22198068.24,4224891312.0,11.5242307,115242.3,160,0,0,3438827.0,154491527.0
AGRESIVO,518,2263575641.36,2024676261.32,238899380.03,3783761156.0,3.77039152,37703.9,162,0,0,3438827.0,141648642.0
AGRESIVO,519,3309360630.52,2137630894.58,1171729735.95,4553319237.0,15.31519218,153151.9,109,0,0,3438827.0,149530314.0
AGRESIVO,520,1407388015.5,2068822613.6,-661434598.1,3506344307.0,9.46653406,94665.3,205,0,0,3438827.0,144802455.0
AGRESIVO,521,1855370056.3,2087007351.21,-231637294.91,4654709112.0,8.30233252,83023.3,98,0,0,3438827.0,145855043.0
AGRESIVO,522,1973506054.02,2089402605.18,-115896551.15,3556263832.0,13.02160251,130216.0,172,0,0,3438827.0,146169216.0
AGRESIVO,523,5010923135.0,2204088549.76,2806834585.24,4311871499.0,25.16170632,251617.1,141,0,0,3438827.0,154298908.0
AGRESIVO,524,1438930166.64,2104736657.2,-665806490.56,3884037551.0,2.10578875,21057.9,173,0,0,3438827.0,147310149.0
AGRESIVO,525,1359931278.91,2036382902.2,-676451623.3,3814960203.0,8.14330907,81433.1,142,0,0,3438827.0,142487025.0
AGRESIVO,526,1642572960.3,2139402753.26,-496829792.96,3777319419.0,9.97307243,99730.7,157,0,0,3438827.0,149833798.0
AGRESIVO,527,1259348586.26,1965606905.52,-706258319.25,3763880237.0,7.68437451,76843.7,135,0,0,3438827.0,137419241.0
AGRESIVO,528,1475798305.21,2031011691.49,-555213386.28,4291852138.0,7.4616192,74616.2,100,0,0,3438827.0,141980928.0
AGRESIVO,529,1368365602.71,2136813743.3,-768448140.6,3635487049.0,8.76044333,87604.4,136,0,0,3438827.0,149655878.0
AGRESIVO,530,3660823561.48,2092382542.68,1568441018.8,4269793041.0,18.65009655,186501.0,136,0,0,3438827.0,146426634.0
AGRESIVO,531,1749916773.89,2056095815.39,-306179041.5,3729279459.0,10.8157912,108157.9,158,0,0,3438827.0,143897957.0
AGRESIVO,532,1485180783.56,2118068415.01,-632887631.45,4091119636.0,8.05238237,80523.8,108,0,0,3438827.0,148308198.0
AGRESIVO,533,7665387915.02,2077462790.48,5587925124.54,4402326925.0,37.32187805,373218.8,141,0,0,3438827.0,145404493.0
AGRESIVO,534,2170710374.27,2034306361.58,136404012.69,3842044847.0,12.8699206,128699.2,140,0,0,3438827.0,142256164.0
AGRESIVO,535,12338495326.39,2052770334.06,10285724992.32,4318941914.0,61.80626382,618062.6,166,0,0,3438827.0,143745827.0
AGRESIVO,536,6258932570.81,2192917866.13,4066014704.68,4413325602.0,30.36062976,303606.3,158,0,0,3438827.0,153668559.0
AGRESIVO,537,3436316528.77,2172609424.28,1263707104.49,4564036124.0,15.84601705,158460.2,148,0,0,3438827.0,152087213.0
AGRESIVO,538,1653623378.95,2062635403.43,-409012024.48,3938918322.0,9.46543575,94654.4,154,0,0,3438827.0,144381750.0
AGRESIVO,539,1818997036.93,2215558649.31,-396561612.38,3970012557.0,10.29630159,102963.0,138,0,0,3438827.0,155204998.0
AGRESIVO,540,2761173506.37,2112663295.76,648510210.61,4246063555.0,14.1824699,141824.7,112,0,0,3438827.0,147795770.0
AGRESIVO,541,1827433805.95,2144112614.14,-316678808.19,4230260443.0,9.43786608,94378.7,123,0,0,3438827.0,150065011.0
AGRESIVO,542,2306806985.22,2079927615.09,226879370.14,4141256417.0,12.28864582,122886.5,158,0,0,3438827.0,145607915.0
AGRESIVO,543,1424441073.26,2196884066.68,-772442993.43,3715963551.0,8.84790801,88479.1,162,0,0,3438827.0,153924309.0
AGRESIVO,544,1617354187.16,2135117447.78,-517763260.62,4274553917.0,8.22612424,82261.2,152,0,0,3438827.0,149502670.0
AGRESIVO,545,2444972687.73,2187614461.63,257358226.1,3962777124.0,13.8755746,138755.7,126,0,0,3438827.0,153184632.0
AGRESIVO,546,3013687797.87,1918276380.13,1095411417.74,4492882161.0,14.23176956,142317.7,118,0,0,3438827.0,134093966.0
AGRESIVO,547,10435962604.41,2163623136.77,8272339467.64,3711236093.0,64.93740272,649374.0,181,0,0,3438827.0,151548381.0
AGRESIVO,548,2189731751.36,2175059022.94,14672728.42,3981514880.0,12.34382857,123438.3,170,0,0,3438827.0,152304126.0
AGRESIVO,549,1228482498.89,2086660697.81,-858178198.92,3798609409.0,7.40054491,74005.4,153,0,0,3438827.0,146061358.0
AGRESIVO,550,3045393284.76,2110250097.04,935143187.73,5063457120.0,11.93731076,119373.1,114,0,0,3438827.0,147728390.0
AGRESIVO,551,4789177906.21,2172923290.2,2616254616.01,4245570141.0,24.60329044,246032.9,137,0,0,3438827.0,152134651.0
AGRESIVO,552,1411876995.83,1998764573.07,-586887577.24,3428506306.0,9.78926414,97892.6,194,0,0,3438827.0,139840035.0
AGRESIVO,553,2839259845.41,1975981060.52,863278784.89,4444029929.0,13.63035404,136303.5,157,0,0,3438827.0,138118439.0
AGRESIVO,554,2284340515.44,1982209951.93,302130563.51,4000700970.0,12.78910494,127891.0,151,0,0,3438827.0,138610109.0
AGRESIVO,555,2974464979.8,1985072461.25,989392518.55,3931694087.0,17.07041051,170704.1,177,0,0,3438827.0,138802862.0
AGRESIVO,556,2902997073.7,2217670807.47,685326266.24,4094412147.0,5.33389707,53339.0,181,0,0,3438827.0,155351321.0
AGRESIVO,557,1342238539.76,2087315617.87,-745077078.11,4288390842.0,6.79442011,67944.2,106,0,0,3438827.0,146023141.0
AGRESIVO,558,2151586886.9,2082991202.31,68595684.59,3622099275.0,13.84472082,138447.2,130,0,0,3438827.0,145777183.0
AGRESIVO,559,1563571095.41,2123030303.88,-559459208.47,3588736332.0,10.18946089,101894.6,208,0,0,3438827.0,148657493.0
AGRESIVO,560,8897550004.95,2192011829.39,6705538175.56,4552353650.0,41.18970282,411897.0,151,0,0,3438827.0,153564851.0
AGRESIVO,561,2663528119.35,2034965828.53,628562290.82,4495720985.0,12.56620457,125662.0,150,0,0,3438827.0,142427452.0
AGRESIVO,562,1738479624.02,2074375118.85,-335895494.83,3704247806.0,10.84590656,108459.1,165,0,0,3438827.0,145250323.0
AGRESIVO,563,8580795412.01,2081220105.01,6499575307.0,4571612821.0,13.34281975,133428.2,138,0,0,3438827.0,145634670.0
AGRESIVO,564,2642595355.38,1888464771.91,754130583.46,4531401191.0,12.31933913,123193.4,118,0,0,3438827.0,131902643.0
AGRESIVO,565,5086550261.99,2183344359.9,2903205902.08,4764610417.0,21.95448659,219544.9,111,0,0,3438827.0,152803853.0
AGRESIVO,566,2839183356.61,2066006531.32,773176825.29,4138101419.0,4.19078102,41907.8,146,0,0,3438827.0,144557566.0
AGRESIVO,567,3447040237.1,2296655329.08,1150384908.03,4841323744.0,14.51122063,145112.2,147,0,0,3438827.0,161030364.0
AGRESIVO,568,2980486795.27,2064425695.8,916061099.47,3526911321.0,19.88907029,198890.7,189,0,0,3438827.0,144482218.0
AGRESIVO,569,2024050975.12,2048194498.98,-24143523.86,4731341869.0,8.83176216,88317.6,133,0,0,3438827.0,143265140.0
AGRESIVO,570,5418552949.82,2154464488.71,3264088461.11,4172485623.0,28.55192393,285519.2,171,0,0,3438827.0,150927641.0
AGRESIVO,571,1923592208.29,2036034872.67,-112442664.38,4415150522.0,9.32513456,93251.3,117,0,0,3438827.0,142422506.0
AGRESIVO,572,1302509831.38,2097920473.74,-795410642.36,4450867327.0,6.23851404,62385.1,135,0,0,3438827.0,146858686.0
AGRESIVO,573,1466643416.93,2059569171.86,-592925754.93,4009100223.0,2.03514394,20351.4,144,0,0,3438827.0,144137374.0
AGRESIVO,574,7598631460.87,2065025084.03,5533606376.84,4925216044.0,31.13293743,311329.4,119,0,0,3438827.0,144496128.0
AGRESIVO,575,8986768752.03,1938513051.72,7048255700.31,4561476981.0,41.47637876,414763.8,139,0,0,3438827.0,135477411.0
AGRESIVO,576,1963333685.45,2148042309.14,-184708623.69,3391004288.0,13.81545374,138154.5,225,0,0,3438827.0,150485666.0
AGRESIVO,577,3369399113.4,2068957351.96,1300441761.44,3677315969.0,21.23394995,212339.5,148,0,0,3438827.0,144763121.0
AGRESIVO,578,1686437200.33,2114056913.28,-427619712.96,4525261403.0,7.87804753,78780.5,150,0,0,3438827.0,148032578.0
AGRESIVO,579,1874900880.9,2070005218.23,-195104337.33,4043910083.0,10.33657869,103365.8,175,0,0,3438827.0,144939581.0
AGRESIVO,580,1651526709.29,1903570981.06,-252044271.77,3865199330.0,9.70933182,97093.3,126,0,0,3438827.0,132966525.0
AGRESIVO,581,5029543893.3,2182917182.58,2846626710.72,4258474752.0,25.72323785,257232.4,159,0,0,3438827.0,152944225.0
AGRESIVO,582,2617984712.6,2073701798.98,544282913.62,4781978420.0,3.59990942,35999.1,139,0,0,3438827.0,145114464.0
AGRESIVO,583,7174811048.09,2248941246.02,4925869802.07,4916528932.0,29.47883698,294788.4,136,0,0,3438827.0,157635994.0
AGRESIVO,584,1187852273.55,2097372623.93,-909520350.38,3712907060.0,7.3867587,73867.6,147,0,0,3438827.0,146698110.0
AGRESIVO,585,1816353613.25,2099625539.24,-283271925.99,4414482179.0,8.80725949,88072.6,150,0,0,3438827.0,146945314.0
AGRESIVO,586,7961937352.53,2029958631.19,5931978721.34,4850928906.0,33.41366107,334136.6,117,0,0,3438827.0,141929462.0
AGRESIVO,587,2139432958.21,2190656147.65,-51223189.44,4140623320.0,11.39955138,113995.5,134,0,0,3438827.0,153424813.0
AGRESIVO,588,2562814682.92,2049214596.97,513600085.95,4107370630.0,13.81580664,138158.1,174,0,0,3438827.0,143267926.0
AGRESIVO,589,2547498418.13,2128730440.62,418767977.51,4559094856.0,3.21796458,32179.6,148,0,0,3438827.0,149034896.0
AGRESIVO,590,2253461451.16,2156264274.68,97197176.47,4360010627.0,11.13081882,111308.2,146,0,0,3438827.0,151007613.0
AGRESIVO,591,2197516512.32,2047905216.33,149611295.99,4375802781.0,10.79627522,107962.8,137,0,0,3438827.0,143279496.0
AGRESIVO,592,26485326880.96,2131071953.04,24354254927.92,5428887515.0,92.55015761,925501.6,115,0,0,3438827.0,149264071.0
AGRESIVO,593,4731479114.8,2127295927.02,2604183187.78,4133403728.0,25.27463233,252746.3,153,0,0,3438827.0,148992508.0
AGRESIVO,594,3090475873.4,2069151558.4,1021324315.0,4567022484.0,14.23706002,142370.6,133,0,0,3438827.0,144854994.0
AGRESIVO,595,3090806776.56,2152919365.11,937887411.45,3842868015.0,18.31956408,183195.6,172,0,0,3438827.0,150810608.0
AGRESIVO,596,2416020106.39,2147537137.42,268482968.97,3943642819.0,13.80592439,138059.2,195,0,0,3438827.0,150455165.0
AGRESIVO,597,2749002467.1,2106346954.41,642655512.69,4461536930.0,13.11938406,131193.8,173,0,0,3438827.0,147466250.0
AGRESIVO,598,1392262760.22,2045698471.98,-653435711.76,3459125610.0,9.53824284,95382.4,172,0,0,3438827.0,143214924.0
AGRESIVO,599,1342066907.34,2087276143.61,-745209236.27,3470903879.0,9.15222593,91522.3,180,0,0,3438827.0,146195051.0
AGRESIVO,600,2778675877.15,2173087498.74,605588378.41,3801976082.0,16.71839184,167183.9,151,0,0,3438827.0,152195432.0
AGRESIVO,601,2130129356.07,2107127447.11,23001908.96,4110858912.0,3.69937069,36993.7,148,0,0,3438827.0,147437071.0
AGRESIVO,602,1287026197.09,2147274539.26,-860248342.18,3733684378.0,7.94175304,79417.5,126,0,0,3438827.0,150240957.0
AGRESIVO,603,1306174973.73,2167569186.46,-861394212.72,3689967412.0,2.1037914,21037.9,175,0,0,3438827.0,151809820.0
AGRESIVO,604,1304929523.1,2039965439.16,-735035916.07,3686678969.0,8.19482522,81948.3,145,0,0,3438827.0,142665036.0
AGRESIVO,605,2855739191.77,1947284655.65,908454536.12,4498319259.0,13.46129228,134612.9,133,0,0,3438827.0,136178011.0
AGRESIVO,606,1636220635.62,2057262774.47,-421042138.85,4253413558.0,8.38296219,83829.6,140,0,0,3438827.0,143975283.0
AGRESIVO,607,3624723706.43,2279294946.96,1345428759.46,4554508482.0,16.76799049,167679.9,135,0,0,3438827.0,159766129.0
AGRESIVO,608,3002193805.28,2081271617.3,920922187.98,4747282237.0,13.03161925,130316.2,113,0,0,3438827.0,145601542.0
AGRESIVO,609,2498997512.23,2085023062.4,413974449.83,4129765736.0,13.36619692,133662.0,166,0,0,3438827.0,145891266.0
AGRESIVO,610,7872042428.78,2180350852.2,5691691576.59,4121774816.0,42.22284781,422228.5,124,0,0,3438827.0,152668018.0
AGRESIVO,611,6457659726.23,2093065102.9,4364594623.34,4791566124.0,27.62845784,276284.6,129,0,0,3438827.0,146507897.0
AGRESIVO,612,2327884457.13,2083965382.29,243919074.84,4885218351.0,9.66158766,96615.9,95,0,0,3438827.0,145768946.0
AGRESIVO,613,2317511546.84,2074073816.12,243437730.72,4565759567.0,10.68069563,106807.0,160,0,0,3438827.0,145128405.0
AGRESIVO,614,3222293080.0,2095457009.16,1126836070.84,4404406024.0,15.6779119,156779.1,125,0,0,3438827.0,146604149.0
AGRESIVO,615,1948754582.26,2203357875.44,-254603293.18,4119528277.0,2.80590396,28059.0,156,0,0,3438827.0,154440979.0
AGRESIVO,616,1652265733.17,2119506730.36,-467240997.19,4189682155.0,8.65425545,86542.6,156,0,0,3438827.0,148293674.0
AGRESIVO,617,6830817848.0,2095335026.59,4735482821.4,4333028456.0,34.05254896,340525.5,142,0,0,3438827.0,146701094.0
AGRESIVO,618,8978917018.93,2153384485.21,6825532533.71,4530548259.0,41.87015198,418701.5,140,0,0,3438827.0,150832127.0
AGRESIVO,619,2234373142.89,2253381068.94,-19007926.04,3983877890.0,12.58482677,125848.3,158,0,0,3438827.0,157992532.0
AGRESIVO,620,3418223954.18,2005278637.77,1412945316.41,4561754824.0,15.77457146,157745.7,120,0,0,3438827.0,140214217.0
AGRESIVO,621,1887210547.91,2079022605.7,-191812057.79,4235271296.0,3.06294583,30629.5,126,0,0,3438827.0,145383621.0
AGRESIVO,622,11760522053.74,2192885896.46,9567636157.28,5132361681.0,45.10097175,451009.7,124,0,0,3438827.0,153605131.0
AGRESIVO,623,8071005886.14,2220828558.77,5850177327.37,4820898288.0,12.89943787,128994.4,147,0,0,3438827.0,155539530.0
AGRESIVO,624,2465533368.21,2258852585.7,206680782.51,3810939038.0,14.78550917,147855.1,135,0,0,3438827.0,158374250.0
AGRESIVO,625,7075525539.82,2075387790.14,5000137749.68,4988106109.0,10.48181408,104818.1,110,0,0,3438827.0,145139452.0
AGRESIVO,626,1973388487.12,2192633796.7,-219245309.58,4142534319.0,10.50778035,105077.8,129,0,0,3438827.0,153576742.0
AGRESIVO,627,3369138756.85,2097813467.33,1271325289.52,4779079869.0,14.47331336,144733.1,151,0,0,3438827.0,146794801.0
AGRESIVO,628,6545349142.48,2084909652.83,4460439489.65,4457110897.0,31.28374928,312837.5,148,0,0,3438827.0,145960637.0
AGRESIVO,629,1662743991.67,2062771642.36,-400027650.69,3507398486.0,11.1795777,111795.8,170,0,0,3438827.0,144378286.0
AGRESIVO,630,5431055142.92,2130468115.19,3300587027.73,5037449105.0,21.46581911,214658.2,91,0,0,3438827.0,149018746.0
AGRESIVO,631,3386473592.69,2094562196.33,1291911396.37,4503809660.0,15.93368336,159336.8,116,0,0,3438827.0,146474313.0
AGRESIVO,632,1947261581.58,2252917098.95,-305655517.37,4196696197.0,10.17453062,101745.3,154,0,0,3438827.0,157846432.0
AGRESIVO,633,10019561652.84,2091148695.39,7928412957.46,4732367725.0,14.63361582,146336.2,136,0,0,3438827.0,146274565.0
AGRESIVO,634,6086867674.93,2024538350.67,4062329324.26,4681887566.0,26.99434611,269943.5,139,0,0,3438827.0,141669797.0
AGRESIVO,635,1782413879.19,2022374025.26,-239960146.07,3650587898.0,3.00814128,30081.4,177,0,0,3438827.0,141495148.0
AGRESIVO,636,2464315579.34,2106723323.15,357592256.19,4078992749.0,13.41838071,134183.8,144,0,0,3438827.0,147498574.0
AGRESIVO,637,2855654015.7,2099631178.03,756022837.67,4386435622.0,13.97904627,139790.5,139,0,0,3438827.0,147042719.0
AGRESIVO,638,1622550060.47,2101536211.69,-478986151.22,3932219176.0,9.31002734,93100.3,128,0,0,3438827.0,147020709.0
AGRESIVO,639,5820903517.43,2036790812.44,3784112704.99,3838284719.0,34.55903828,345590.4,155,0,0,3438827.0,142555711.0
AGRESIVO,640,2650164307.21,2190174098.02,459990209.19,3490881056.0,17.93297358,179329.7,173,0,0,3438827.0,153464783.0
AGRESIVO,641,1177010924.55,2094339278.86,-917328354.31,3724310217.0,7.28828128,72882.8,115,0,0,3438827.0,146531798.0
AGRESIVO,642,5366012645.05,2030004051.56,3336008593.5,4834971716.0,22.63623545,226362.4,126,0,0,3438827.0,141977336.0
AGRESIVO,643,1813714198.55,1987338285.47,-173624086.93,4434437225.0,8.73529789,87353.0,143,0,0,3438827.0,138999534.0
AGRESIVO,644,2005330057.66,1876156169.32,129173888.34,4050526706.0,11.0297307,110297.3,158,0,0,3438827.0,131117796.0
AGRESIVO,645,2870327218.25,2350745270.48,519581947.77,4455642965.0,3.87116444,38711.6,143,0,0,3438827.0,164849777.0
AGRESIVO,646,1331481281.94,2043643273.22,-712161991.28,4085143195.0,7.23428765,72342.9,139,0,0,3438827.0,142938902.0
AGRESIVO,647,3214223683.42,2163892053.44,1050331629.98,4588957414.0,14.69948538,146994.9,136,0,0,3438827.0,151528516.0
AGRESIVO,648,3173000207.54,1961241398.16,1211758809.38,3653398964.0,20.17700277,201770.0,170,0,0,3438827.0,137109068.0
AGRESIVO,649,1831556768.47,2161528572.89,-329971804.42,3908739022.0,10.59882243,105988.2,176,0,0,3438827.0,151361934.0
AGRESIVO,650,2829458353.93,2057075560.67,772382793.26,3936406215.0,16.21065255,162106.5,136,0,0,3438827.0,143933332.0
AGRESIVO,651,1673863603.41,2141350536.95,-467486933.54,4276222132.0,8.50865179,85086.5,119,0,0,3438827.0,149930482.0
AGRESIVO,652,2785644765.91,2072102100.78,713542665.13,4462686981.0,13.28910749,132891.1,142,0,0,3438827.0,144978382.0
AGRESIVO,653,2669301065.57,2095647710.48,573653355.09,3799783130.0,16.07328514,160732.9,176,0,0,3438827.0,146759922.0
AGRESIVO,654,4393070771.57,2064202474.9,2328868296.67,4408747040.0,21.34284712,213428.5,137,0,0,3438827.0,144529046.0
AGRESIVO,655,2365151533.79,2171526934.92,193624598.87,3570214179.0,15.52260235,155226.0,190,0,0,3438827.0,152144905.0
AGRESIVO,656,4719753565.54,2067333496.53,2652420069.01,4576119095.0,21.67700216,216770.0,136,0,0,3438827.0,144696143.0
AGRESIVO,657,1399875492.96,2072588167.63,-672712674.66,4227318726.0,7.23709047,72370.9,111,0,0,3438827.0,144888480.0
AGRESIVO,658,4281888056.28,2148789195.42,2133098860.86,4776913817.0,18.40734764,184073.5,119,0,0,3438827.0,150392976.0
AGRESIVO,659,2391894470.11,2007221278.62,384673191.5,3877260139.0,14.00035801,140003.6,175,0,0,3438827.0,140380656.0
AGRESIVO,660,3736553086.68,2105450686.44,1631102400.24,4255435972.0,19.13038041,191303.8,148,0,0,3438827.0,147491338.0
AGRESIVO,661,1494815078.05,2197637111.18,-702822033.13,3674560421.0,9.43007777,94300.8,169,0,0,3438827.0,153990690.0
AGRESIVO,662,1815842132.0,2210708376.57,-394866244.58,3559724336.0,11.96541933,119654.2,152,0,0,3438827.0,154899365.0
AGRESIVO,663,3190014324.5,2050485118.44,1139529206.06,3963292169.0,18.10044635,181004.5,147,0,0,3438827.0,143436499.0
AGRESIVO,664,1837460194.28,2073369264.05,-235909069.77,4021130074.0,3.23396193,32339.6,157,0,0,3438827.0,145145449.0
AGRESIVO,665,1746166543.81,2138494682.95,-392328139.14,3855356214.0,10.30262874,103026.3,171,0,0,3438827.0,149713530.0
AGRESIVO,666,3661058560.95,2014952408.75,1646106152.19,4864967275.0,15.29458217,152945.8,118,0,0,3438827.0,140965990.0
AGRESIVO,667,1131179612.47,2083281282.94,-952101670.48,3855284528.0,6.67429374,66742.9,157,0,0,3438827.0,145817781.0
AGRESIVO,668,2599514159.58,2223412229.12,376101930.46,4459565274.0,3.34294069,33429.4,147,0,0,3438827.0,155843846.0
AGRESIVO,669,1564665173.78,2143570988.83,-578905815.05,4587082465.0,1.79889651,17989.0,130,0,0,3438827.0,150158989.0
AGRESIVO,670,3665967566.48,2074444526.09,1591523040.39,4255153294.0,18.77082847,187708.3,122,0,0,3438827.0,145217015.0
AGRESIVO,671,2035809708.4,2041429659.78,-5619951.38,3815300613.0,12.18896567,121889.7,174,0,0,3438827.0,142845533.0
AGRESIVO,672,2469070460.98,2099581218.1,369489242.88,4044036507.0,13.61170407,136117.0,164,0,0,3438827.0,147031824.0
AGRESIVO,673,3435870760.06,2084858893.03,1351011867.03,4554073371.0,15.89666225,158966.6,103,0,0,3438827.0,145824122.0
AGRESIVO,674,2654669783.61,1894146754.71,760523028.9,4550037297.0,4.00676306,40067.6,155,0,0,3438827.0,132407306.0
AGRESIVO,675,3821468047.03,2176020250.96,1645447796.07,4156019224.0,20.25254114,202525.4,141,0,0,3438827.0,152370541.0
AGRESIVO,676,2993884845.41,2149555084.34,844329761.06,4116434078.0,16.08829456,160882.9,168,0,0,3438827.0,150566289.0
AGRESIVO,677,1849669915.2,2022581543.14,-172911627.94,3766336903.0,11.27617795,112761.8,173,0,0,3438827.0,141465406.0
AGRESIVO,678,9188417726.68,2273302070.07,6915115656.61,4686610809.0,15.78232819,157823.3,122,0,0,3438827.0,159257993.0
AGRESIVO,679,1515174639.29,2125553217.15,-610378577.86,4505902012.0,7.1240431,71240.4,147,0,0,3438827.0,148814848.0
AGRESIVO,680,3763545652.24,2101647078.59,1661898573.65,4108008741.0,20.28423937,202842.4,148,0,0,3438827.0,147037667.0
AGRESIVO,681,3959689724.13,2062234504.53,1897455219.6,4771144563.0,17.05432838,170543.3,115,0,0,3438827.0,144248707.0
AGRESIVO,682,1618671820.58,2057459258.93,-438787438.35,4105357904.0,8.73223576,87322.4,142,0,0,3438827.0,144042818.0
AGRESIVO,683,2750608278.34,2237907537.29,512700741.05,3988580493.0,15.4664074,154664.1,147,0,0,3438827.0,156872119.0
AGRESIVO,684,1587785808.07,2028798822.99,-441013014.91,4107483598.0,8.55921029,85592.1,143,0,0,3438827.0,141868587.0
AGRESIVO,685,4935136318.46,2051036882.35,2884099436.11,4671632602.0,21.96063475,219606.3,151,0,0,3438827.0,143501621.0
AGRESIVO,686,2697536570.46,2230108818.89,467427751.56,4059782301.0,4.19732331,41973.2,156,0,0,3438827.0,156256633.0
AGRESIVO,687,2415674529.57,2141013414.71,274661114.86,3529348493.0,16.10488951,161048.9,181,0,0,3438827.0,149895969.0
AGRESIVO,688,1343700805.14,2020402565.34,-676701760.2,4150924278.0,1.73411745,17341.2,143,0,0,3438827.0,141363250.0
AGRESIVO,689,2025731472.35,2131277004.69,-105545532.33,4203228013.0,10.56053584,105605.4,127,0,0,3438827.0,149184666.0
AGRESIVO,690,1602304202.29,2037232902.0,-434928699.71,4020635484.0,8.90711429,89071.1,134,0,0,3438827.0,142484265.0
AGRESIVO,691,1348948446.02,1951506883.47,-602558437.45,3808194569.0,8.09764579,80976.5,140,0,0,3438827.0,136473221.0
AGRESIVO,692,1343869798.61,2144162772.5,-800292973.89,3824041382.0,8.02036316,80203.6,153,0,0,3438827.0,150138570.0
AGRESIVO,693,2673043872.1,2000160020.25,672883851.85,4022420322.0,14.84985276,148498.5,123,0,0,3438827.0,139816480.0
AGRESIVO,694,2904676259.3,2160205419.33,744470839.97,4792434993.0,12.42385285,124238.5,151,0,0,3438827.0,151249898.0
AGRESIVO,695,4275853376.17,2355018447.85,1920834928.32,4300218047.0,21.55664261,215566.4,138,0,0,3438827.0,165171978.0
AGRESIVO,696,2406002556.45,2175518302.86,230484253.59,4638669670.0,10.82347371,108234.7,109,0,0,3438827.0,152296923.0
AGRESIVO,697,10182391314.22,2214356291.33,7968035022.89,4927608569.0,14.14968947,141496.9,130,0,0,3438827.0,155212553.0
AGRESIVO,698,1232030475.45,2019616451.47,-787585976.02,3645783176.0,7.85698312,78569.8,145,0,0,3438827.0,141307529.0
AGRESIVO,699,3071720068.26,2094506326.37,977213741.89,4757271446.0,13.2899348,132899.3,127,0,0,3438827.0,146620563.0
AGRESIVO,700,1876327804.35,2005310209.29,-128982404.94,3849431052.0,11.09457017,110945.7,112,0,0,3438827.0,140190300.0
AGRESIVO,701,1491387490.19,2158972097.83,-667584607.64,3515944269.0,9.99437769,99943.8,185,0,0,3438827.0,151221526.0
AGRESIVO,702,1645887760.38,1936587273.45,-290699513.08,3944036975.0,2.40582224,24058.2,128,0,0,3438827.0,135327931.0
AGRESIVO,703,5101493577.82,2111488733.88,2990004843.94,4571035558.0,23.46994081,234699.4,148,0,0,3438827.0,147805924.0
AGRESIVO,704,11036617925.43,2120074902.45,8916543022.98,4218306847.0,57.23570239,572357.0,128,0,0,3438827.0,148429915.0
AGRESIVO,705,6155257709.21,2102551323.18,4052706386.03,5176651164.0,23.27673821,232767.4,97,0,0,3438827.0,147084966.0
AGRESIVO,706,1425237721.68,2087407220.32,-662169498.64,3967013290.0,8.03298998,80329.9,122,0,0,3438827.0,146021873.0
AGRESIVO,707,1400385917.99,2127970399.29,-727584481.29,4812126978.0,5.95145262,59514.5,99,0,0,3438827.0,148933011.0
AGRESIVO,708,1961980457.35,2078675086.63,-116694629.28,3548059534.0,4.26790684,42679.1,176,0,0,3438827.0,145543779.0
AGRESIVO,709,12112325951.89,2046389597.04,10065936354.85,4459381851.0,57.84704504,578470.5,159,0,0,3438827.0,143162977.0
AGRESIVO,710,1885880657.74,2100062330.6,-214181672.87,3740225503.0,3.10221032,31022.1,160,0,0,3438827.0,147023978.0
AGRESIVO,711,1328673080.74,2198008359.69,-869335278.95,3300111726.0,9.69485101,96948.5,188,0,0,3438827.0,154006274.0
AGRESIVO,712,1926910815.36,1983079098.59,-56168283.23,3795827834.0,11.61986685,116198.7,157,0,0,3438827.0,138708752.0
AGRESIVO,713,1516800923.92,2135752992.99,-618952069.07,3834417208.0,9.01808894,90180.9,163,0,0,3438827.0,149494024.0
AGRESIVO,714,1080717829.74,1975846889.86,-895129060.12,3769054996.0,6.58177892,65817.8,152,0,0,3438827.0,138097987.0
AGRESIVO,715,3324716385.47,1945645069.71,1379071315.76,4717073594.0,14.57511452,145751.1,116,0,0,3438827.0,135951648.0
AGRESIVO,716,1320026859.05,2064208565.57,-744181706.52,3501803299.0,8.89453754,88945.4,182,0,0,3438827.0,144473460.0
AGRESIVO,717,1675085246.09,2130326847.39,-455241601.3,4062781899.0,9.17339753,91734.0,148,0,0,3438827.0,149141231.0
AGRESIVO,718,8027529589.57,2155375666.94,5872153922.63,4653529812.0,35.93524009,359352.4,148,0,0,3438827.0,150992811.0
AGRESIVO,719,1783085847.05,2111491720.94,-328405873.89,4440927409.0,2.64776357,26477.6,134,0,0,3438827.0,147804876.0
AGRESIVO,720,4442898505.4,2130186255.51,2312712249.89,4186947026.0,23.29322963,232932.3,132,0,0,3438827.0,149240864.0
AGRESIVO,721,1916253191.8,2144960968.84,-228707777.04,4276569370.0,9.73961211,97396.1,121,0,0,3438827.0,150108326.0
AGRESIVO,722,2360801501.06,2022847191.62,337954309.43,4876735138.0,9.82510593,98251.1,90,0,0,3438827.0,141336796.0
AGRESIVO,723,3592792367.34,2254794667.2,1337997700.14,4829769976.0,15.18161122,151816.1,117,0,0,3438827.0,157971028.0
AGRESIVO,724,1570269203.73,1942687129.59,-372417925.86,3653599008.0,9.98453657,99845.4,196,0,0,3438827.0,135789042.0
AGRESIVO,725,2704101723.05,2138837090.62,565264632.43,4429179557.0,13.04678878,130467.9,134,0,0,3438827.0,149681802.0
AGRESIVO,726,6807249762.13,1942413581.05,4864836181.08,4050147699.0,12.24189012,122418.9,157,0,0,3438827.0,135894859.0
AGRESIVO,727,6978233481.14,2146214835.29,4832018645.84,4481405316.0,33.08113386,330811.3,123,0,0,3438827.0,150296830.0
AGRESIVO,728,2736061392.17,2102482695.63,633578696.54,4533393571.0,12.74657057,127465.7,143,0,0,3438827.0,147165068.0
AGRESIVO,729,1803211250.53,2116842949.86,-313631699.33,3873547431.0,10.56891193,105689.1,162,0,0,3438827.0,148227831.0
AGRESIVO,730,2896852741.43,2177183988.98,719668752.45,4152306281.0,15.37232463,153723.2,142,0,0,3438827.0,152438708.0
AGRESIVO,731,3235510366.46,2202295025.29,1033215341.17,4410151395.0,15.7115954,157116.0,144,0,0,3438827.0,154255776.0
AGRESIVO,732,5177699725.27,2045383465.6,3132316259.68,4771555824.0,22.29728735,222972.9,157,0,0,3438827.0,143161014.0
AGRESIVO,733,3614491082.67,2064172993.57,1550318089.11,4264186896.0,18.44966915,184496.7,156,0,0,3438827.0,144486958.0
AGRESIVO,734,3017011484.3,2091309268.48,925702215.82,4986126470.0,12.12177146,121217.7,149,0,0,3438827.0,146305336.0
AGRESIVO,735,3866907537.61,2027976691.54,1838930846.07,4485820743.0,18.30434968,183043.5,114,0,0,3438827.0,141847824.0
AGRESIVO,736,1631710281.9,2202952861.68,-571242579.78,3759407157.0,9.97298125,99729.8,143,0,0,3438827.0,154291058.0
AGRESIVO,737,1365864953.0,2115632373.26,-749767420.26,3638797623.0,8.7334958,87335.0,164,0,0,3438827.0,148138369.0
AGRESIVO,738,3066462408.94,2141575602.97,924886805.97,4901076988.0,12.66196659,126619.7,156,0,0,3438827.0,150012125.0
AGRESIVO,739,1673533213.06,2192939913.35,-519406700.29,3343677920.0,11.9997348,119997.3,151,0,0,3438827.0,153656248.0
AGRESIVO,740,5619871246.86,2096795909.1,3523075337.76,4589953982.0,9.36778277,93677.8,110,0,0,3438827.0,146787278.0
AGRESIVO,741,13605882650.07,2204466996.71,11401415653.35,4951108160.0,55.28341617,552834.2,126,0,0,3438827.0,154463413.0
AGRESIVO,742,2173772221.01,2027298337.97,146473883.03,4651520987.0,9.73734788,97373.5,121,0,0,3438827.0,141771803.0
AGRESIVO,743,2459005219.0,2010545744.26,448459474.74,3805979695.0,14.77326577,147732.7,120,0,0,3438827.0,140625793.0
AGRESIVO,744,1955470753.04,2060349388.06,-104878635.02,3980121374.0,11.02876865,110287.7,172,0,0,3438827.0,144220080.0
AGRESIVO,745,2073130731.21,2145429015.02,-72298283.81,4124128240.0,11.11035447,111103.5,149,0,0,3438827.0,150219752.0
AGRESIVO,746,2568507131.97,2036614993.97,531892138.0,4227425392.0,13.27820353,132782.0,139,0,0,3438827.0,142554077.0
AGRESIVO,747,5264877634.68,2192337688.37,3072539946.31,4341130209.0,8.03327019,80332.7,131,0,0,3438827.0,153574956.0
AGRESIVO,748,1612484607.54,2053670999.8,-441186392.26,3989456663.0,9.0640056,90640.1,124,0,0,3438827.0,143624042.0
AGRESIVO,749,1684572007.18,1982152321.69,-297580314.52,3673448715.0,10.63160369,106316.0,146,0,0,3438827.0,138617812.0
AGRESIVO,750,3087895335.78,2265536737.93,822358597.85,4329931467.0,15.40988601,154098.9,148,0,0,3438827.0,158789796.0
AGRESIVO,751,3197615908.85,2066814505.05,1130801403.8,4035400617.0,17.68223999,176822.4,159,0,0,3438827.0,144741351.0
AGRESIVO,752,1158858633.92,2012380490.18,-853521856.26,3673088005.0,7.31473378,73147.3,143,0,0,3438827.0,140735728.0
AGRESIVO,753,8574310334.12,1944604802.56,6629705531.56,4968003956.0,11.16376579,111637.7,138,0,0,3438827.0,135925643.0
AGRESIVO,754,3439051094.42,2123485280.22,1315565814.21,4309524145.0,17.28265478,172826.5,133,0,0,3438827.0,148523272.0
AGRESIVO,755,1305119124.57,2219574447.21,-914455322.64,3300188067.0,9.52269349,95226.9,183,0,0,3438827.0,155614534.0
AGRESIVO,756,1613554655.21,2080904224.78,-467349569.57,3651708129.0,3.25842868,32584.3,147,0,0,3438827.0,145638083.0
AGRESIVO,757,3425222279.47,2159346419.81,1265875859.66,4580738459.0,15.70729256,157072.9,134,0,0,3438827.0,151216337.0
AGRESIVO,758,4210121767.95,2277760566.67,1932361201.28,4669857699.0,18.74538696,187453.9,110,0,0,3438827.0,159539392.0
AGRESIVO,759,2059346568.0,2090208735.6,-30862167.61,4120741291.0,11.04961567,110496.2,131,0,0,3438827.0,146298615.0
AGRESIVO,760,1173494113.49,2010301996.5,-836807883.01,3867115057.0,6.89416349,68941.6,126,0,0,3438827.0,140619339.0
AGRESIVO,761,4469505170.01,2078258735.58,2391246434.43,4266003320.0,8.16213032,81621.3,123,0,0,3438827.0,145462667.0
AGRESIVO,762,2290233580.14,2077132949.25,213100630.9,4213840236.0,11.89552607,118955.3,172,0,0,3438827.0,145398515.0
AGRESIVO,763,2873188708.49,2045320529.51,827868178.98,4200604712.0,4.18558696,41855.9,139,0,0,3438827.0,143092517.0
AGRESIVO,764,1717918049.25,2018663804.04,-300745754.79,4238880303.0,8.84584073,88458.4,159,0,0,3438827.0,141331202.0
AGRESIVO,765,3052573249.99,2037879324.97,1014693925.02,4159579460.0,16.15753089,161575.3,157,0,0,3438827.0,142638700.0
AGRESIVO,766,3367741591.79,2111495066.47,1256246525.32,3743227451.0,7.27941313,72794.1,125,0,0,3438827.0,147846138.0
AGRESIVO,767,3025503298.35,2198672317.07,826830981.29,4147592945.0,4.52889602,45289.0,162,0,0,3438827.0,154056055.0
AGRESIVO,768,12996136360.54,2004964452.28,10991171908.26,5350030922.0,46.54272318,465427.2,112,0,0,3438827.0,140220688.0
AGRESIVO,769,1834570987.15,2167303046.18,-332732059.03,4243788860.0,2.40317892,24031.8,146,0,0,3438827.0,151761733.0
AGRESIVO,770,3266395824.09,2042374262.16,1224021561.92,4576004167.0,15.00255806,150025.6,132,0,0,3438827.0,142832909.0
AGRESIVO,771,3344090976.35,2026180450.3,1317910526.04,4302863817.0,16.84387677,168438.8,136,0,0,3438827.0,141653788.0
AGRESIVO,772,4978562979.02,2026385171.62,2952177807.39,4611479276.0,22.59871791,225987.2,138,0,0,3438827.0,141750184.0
AGRESIVO,773,4583864923.68,2065856337.27,2518008586.41,5020491522.0,18.21571955,182157.2,140,0,0,3438827.0,144596644.0
AGRESIVO,774,2758580144.27,2172197189.57,586382954.7,3535780236.0,18.3454855,183454.9,153,0,0,3438827.0,152183822.0
AGRESIVO,775,4898947229.59,2124091080.84,2774856148.75,3668478333.0,30.97586105,309758.6,180,0,0,3438827.0,148829295.0
AGRESIVO,776,1989544625.04,1904447614.28,85097010.77,4598775038.0,9.06908994,90690.9,123,0,0,3438827.0,132920462.0
AGRESIVO,777,1226822270.31,2091839296.59,-865017026.28,3878780461.0,7.17692964,71769.3,143,0,0,3438827.0,146372786.0
AGRESIVO,778,3024667446.08,2150386173.12,874281272.96,4447277104.0,14.50453266,145045.3,146,0,0,3438827.0,150492869.0
AGRESIVO,779,2062903656.19,2105129468.18,-42225812.0,4137264923.0,11.00472133,110047.2,160,0,0,3438827.0,147379118.0
AGRESIVO,780,2984533405.78,2103713535.75,880819870.03,3881024307.0,17.44533184,174453.3,155,0,0,3438827.0,147237243.0
AGRESIVO,781,6269696366.74,1991827553.52,4277868813.22,5031236049.0,24.82966588,248296.7,101,0,0,3438827.0,139248507.0
AGRESIVO,782,1592493933.2,2125502858.88,-533008925.68,3729362311.0,9.84249701,98425.0,198,0,0,3438827.0,148874184.0
AGRESIVO,783,2169978159.37,2082198958.95,87779200.42,4422988733.0,10.49168569,104916.9,113,0,0,3438827.0,145668343.0
AGRESIVO,784,4371612208.8,1996041351.52,2375570857.28,4673278737.0,19.44248698,194424.9,147,0,0,3438827.0,139638876.0
AGRESIVO,785,2240687705.47,2143732425.88,96955279.59,4089383846.0,12.15604389,121560.4,139,0,0,3438827.0,150113872.0
AGRESIVO,786,1556812674.49,2005140170.86,-448327496.37,4135502277.0,8.31007157,83100.7,125,0,0,3438827.0,140200633.0
AGRESIVO,787,2945312792.53,2025074473.85,920238318.69,4646435080.0,4.36962885,43696.3,137,0,0,3438827.0,141666180.0
AGRESIVO,788,1331230019.03,2140391230.23,-809161211.2,3700357060.0,8.3172777,83172.8,153,0,0,3438827.0,149890088.0
AGRESIVO,789,2017192607.71,2158087017.07,-140894409.35,4359278255.0,9.96627231,99662.7,122,0,0,3438827.0,151089177.0
AGRESIVO,790,2766568889.76,1987167535.86,779401353.9,4013639722.0,15.4175718,154175.7,151,0,0,3438827.0,139015878.0
AGRESIVO,791,1290787120.48,1973468872.75,-682681752.27,4059353801.0,1.72065911,17206.6,186,0,0,3438827.0,138006439.0
AGRESIVO,792,1279209080.75,2089949820.63,-810740739.87,3874084365.0,1.83959001,18395.9,153,0,0,3438827.0,146329902.0
AGRESIVO,793,2590008373.12,2011102154.82,578906218.3,4485791533.0,12.26015458,122601.5,127,0,0,3438827.0,140542616.0
AGRESIVO,794,4951324468.91,2145189101.02,2806135367.89,4650947480.0,7.91797458,79179.7,137,0,0,3438827.0,150221311.0
AGRESIVO,795,38213572571.88,2075486899.43,36138085672.46,5145326546.0,59.98885102,599888.5,117,0,0,3438827.0,145269450.0
AGRESIVO,796,5325254339.75,2133503549.87,3191750789.89,4337713538.0,26.50463454,265046.3,134,0,0,3438827.0,149361220.0
AGRESIVO,797,2936334664.42,2083121172.46,853213491.96,4134761100.0,15.67786048,156778.6,150,0,0,3438827.0,145806953.0
AGRESIVO,798,2481023780.86,2129735617.6,351288163.26,4702961692.0,10.92698194,109269.8,128,0,0,3438827.0,149146695.0
AGRESIVO,799,3364421643.33,2089483972.86,1274937670.47,4063742805.0,18.41857371,184185.7,157,0,0,3438827.0,146266805.0
AGRESIVO,800,1480698291.67,2143820955.52,-663122663.85,3737401464.0,9.12420893,91242.1,164,0,0,3438827.0,150099320.0
AGRESIVO,801,4691621442.26,2042101725.0,2649519717.27,4858547037.0,19.64068128,196406.8,132,0,0,3438827.0,142888681.0
AGRESIVO,802,2056154298.82,2243338183.47,-187183884.65,3917544516.0,3.84460276,38446.0,175,0,0,3438827.0,157217795.0
AGRESIVO,803,1231786489.4,2037371450.38,-805584960.97,3342191280.0,2.23404156,22340.4,154,0,0,3438827.0,142507829.0
AGRESIVO,804,1932569819.85,2109791915.62,-177222095.77,4248548261.0,9.91791852,99179.2,153,0,0,3438827.0,147672117.0
AGRESIVO,805,1243030972.96,1979988073.42,-736957100.45,3837891759.0,7.38100732,73810.1,169,0,0,3438827.0,138474347.0
AGRESIVO,806,1842338257.29,2035982923.32,-193644666.03,4310656037.0,2.88437548,28843.8,138,0,0,3438827.0,142402196.0
AGRESIVO,807,2636873802.8,2069478526.11,567395276.7,4555244776.0,12.19519717,121952.0,103,0,0,3438827.0,144756394.0
AGRESIVO,808,2057434894.34,2198460092.28,-141025197.93,4645256023.0,9.23530759,92353.1,127,0,0,3438827.0,153971586.0
AGRESIVO,809,1217885164.62,1942215112.22,-724329947.6,4122213809.0,6.5312978,65313.0,154,0,0,3438827.0,135721023.0
AGRESIVO,810,4842950878.86,2054833805.18,2788117073.68,4739248553.0,6.23750942,62375.1,101,0,0,3438827.0,143711083.0
AGRESIVO,811,2938714033.19,2123977412.0,814736621.19,4355223659.0,14.53928374,145392.8,113,0,0,3438827.0,148689431.0
AGRESIVO,812,2831384528.61,2144900500.77,686484027.84,3618897109.0,18.2411184,182411.2,167,0,0,3438827.0,150241515.0
AGRESIVO,813,5058033115.47,2068163567.94,2989869547.53,4704874359.0,7.97071098,79707.1,108,0,0,3438827.0,144757770.0
AGRESIVO,814,2727149419.72,2275428757.12,451720662.6,4021367930.0,15.15610896,151561.1,146,0,0,3438827.0,159446288.0
AGRESIVO,815,1706324943.26,2031197026.98,-324872083.72,3863107336.0,3.18208721,31820.9,182,0,0,3438827.0,142143484.0
AGRESIVO,816,6001061024.31,2149713640.04,3851347384.28,4394612339.0,29.29504003,292950.4,115,0,0,3438827.0,150503322.0
AGRESIVO,817,3885519515.44,2066698213.02,1818821302.42,4897087637.0,16.06466523,160646.7,122,0,0,3438827.0,144632969.0
AGRESIVO,818,2703020896.81,2147298358.62,555722538.19,4388488578.0,13.22264932,132226.5,142,0,0,3438827.0,150421722.0
AGRESIVO,819,1362137870.26,2016145331.2,-654007460.93,3622773927.0,8.76264717,87626.5,179,0,0,3438827.0,141112880.0
AGRESIVO,820,1675922343.31,2310464220.63,-634541877.32,4221782731.0,8.68083587,86808.4,111,0,0,3438827.0,161881900.0
AGRESIVO,821,1355678863.48,2134318858.21,-778639994.73,3789234187.0,8.19504914,81950.5,164,0,0,3438827.0,149373643.0
AGRESIVO,822,2911317633.24,2152251626.36,759066006.88,4238517523.0,4.16050568,41605.1,130,0,0,3438827.0,150553159.0
AGRESIVO,823,2076706878.59,2264807814.36,-188100935.77,4265986776.0,10.59368739,105936.9,131,0,0,3438827.0,158752213.0
AGRESIVO,824,17837362331.72,2060924537.23,15776437794.49,4241581785.0,91.76172936,917617.3,150,0,0,3438827.0,144264153.0
AGRESIVO,825,2185636287.8,2141115662.85,44520624.95,4695966073.0,2.47847761,24784.8,124,0,0,3438827.0,149856022.0
AGRESIVO,826,9171003547.11,1963595425.81,7207408121.3,5450810652.0,31.82967735,318296.8,92,0,0,3438827.0,137166317.0
AGRESIVO,827,2426930028.18,2003461206.52,423468821.67,4084172077.0,13.19066882,131906.7,90,0,0,3438827.0,140015069.0
AGRESIVO,828,9511273310.51,2206978603.59,7304294706.92,4653251800.0,42.5811272,425811.3,141,0,0,3438827.0,154518541.0
AGRESIVO,829,2499920244.05,1882294326.13,617625917.92,4393133990.0,12.20984493,122098.4,173,0,0,3438827.0,131557291.0
AGRESIVO,830,5284630306.12,2023180757.78,3261449548.34,4142927485.0,10.36123001,103612.3,134,0,0,3438827.0,141555286.0
AGRESIVO,831,3011028914.22,2085574380.54,925454533.67,4064934831.0,16.47696725,164769.7,173,0,0,3438827.0,146073671.0
AGRESIVO,832,2345835856.4,1986923709.45,358912146.95,4853857426.0,9.8353735,98353.7,125,0,0,3438827.0,138872084.0
AGRESIVO,833,1228013722.93,2051631408.81,-823617685.89,3929329444.0,1.76738491,17673.8,135,0,0,3438827.0,143604932.0
AGRESIVO,834,8642507656.17,2149616791.0,6492890865.17,4443066579.0,41.50333404,415033.3,138,0,0,3438827.0,150453269.0
AGRESIVO,835,1278163052.82,2032853752.55,-754690699.73,4289248635.0,6.46816218,64681.6,130,0,0,3438827.0,142214575.0
AGRESIVO,836,2115754872.07,2117262913.96,-1508041.89,3751653457.0,12.96867279,129686.7,181,0,0,3438827.0,148197419.0
AGRESIVO,837,3137015330.82,2034297940.2,1102717390.62,4272907796.0,15.96441309,159644.1,140,0,0,3438827.0,142346738.0
AGRESIVO,838,2772752287.73,2254583966.67,518168321.06,4069081011.0,15.15082747,151508.3,123,0,0,3438827.0,157959983.0
AGRESIVO,839,8934644597.01,2106218599.28,6828425997.73,5022075477.0,35.48722536,354872.3,123,0,0,3438827.0,147488918.0
AGRESIVO,840,5767760310.22,2087972618.11,3679787692.11,4099894420.0,31.17520035,311752.0,127,0,0,3438827.0,146108188.0
AGRESIVO,841,2055757579.35,2047638123.97,8119455.37,3651095404.0,13.08385466,130838.5,141,0,0,3438827.0,143335819.0
AGRESIVO,842,2544891472.81,2045830945.35,499060527.45,4189623173.0,13.32993392,133299.3,137,0,0,3438827.0,143160742.0
AGRESIVO,843,5503883969.65,2121664372.98,3382219596.67,4478839736.0,26.11431973,261143.2,126,0,0,3438827.0,148509692.0
AGRESIVO,844,1689442689.91,2101911689.66,-412468999.75,3821884695.0,10.09075804,100907.6,157,0,0,3438827.0,147165338.0
AGRESIVO,845,1633774553.58,2157047755.71,-523273202.12,4238050989.0,8.4149856,84149.9,128,0,0,3438827.0,150967185.0
AGRESIVO,846,8281142679.54,2022405780.87,6258736898.67,4558802375.0,38.25380625,382538.1,124,0,0,3438827.0,141456716.0
AGRESIVO,847,25032114081.03,2230302258.57,22801811822.46,4379157389.0,122.84114072,1228411.4,139,0,0,3438827.0,156182555.0
AGRESIVO,848,2659894718.92,2089362227.17,570532491.74,3904444274.0,15.41618757,154161.9,126,0,0,3438827.0,146228930.0
AGRESIVO,849,1853857634.54,2201305650.39,-347448015.85,4195547851.0,2.49130683,24913.1,155,0,0,3438827.0,154195851.0
AGRESIVO,850,1658017513.76,2024895766.54,-366878252.78,4078343528.0,9.03009867,90301.0,121,0,0,3438827.0,141530954.0
AGRESIVO,851,2199592968.8,2001723060.56,197869908.24,4538687762.0,3.2550732,32550.7,107,0,0,3438827.0,139937325.0
AGRESIVO,852,2407732522.03,2269556002.55,138176519.48,4249114199.0,12.35403079,123540.3,130,0,0,3438827.0,159093209.0
AGRESIVO,853,1598005328.98,2155291663.26,-557286334.27,4069678768.0,8.7299486,87299.5,121,0,0,3438827.0,150860862.0
AGRESIVO,854,2144263004.46,2168220441.92,-23957437.46,4140153949.0,11.42716606,114271.7,146,0,0,3438827.0,151958776.0
AGRESIVO,855,2536678223.98,2019036448.91,517641775.07,4435695097.0,3.37312649,33731.3,115,0,0,3438827.0,141086437.0
AGRESIVO,856,1223892519.58,2219031275.32,-995138755.74,3642645577.0,2.38216723,23821.7,169,0,0,3438827.0,155456405.0
AGRESIVO,857,2334625538.47,1979495535.95,355130002.52,3568106335.0,15.33462035,153346.2,213,0,0,3438827.0,138519519.0
AGRESIVO,858,11146909747.72,2186651275.64,8960258472.08,5126718879.0,42.8242981,428243.0,124,0,0,3438827.0,153184064.0
AGRESIVO,859,1092095380.58,1986881648.44,-894786267.86,3687815120.0,6.85532796,68553.3,149,0,0,3438827.0,138893898.0
AGRESIVO,860,2069932544.35,2153815256.23,-83882711.89,4280617307.0,10.50606126,105060.6,139,0,0,3438827.0,150785737.0
AGRESIVO,861,14123547624.96,2051669006.7,12071878618.26,4896456110.0,58.40565565,584056.6,126,0,0,3438827.0,143585964.0
AGRESIVO,862,3540174144.5,2110894443.25,1429279701.25,4418335668.0,17.14345669,171434.6,122,0,0,3438827.0,147703814.0
AGRESIVO,863,10039674503.52,2195264102.59,7844410400.94,5031340770.0,39.75845336,397584.5,93,0,0,3438827.0,153646538.0
AGRESIVO,864,1288684459.81,1981500323.81,-692815863.99,3708081191.0,8.02824677,80282.5,151,0,0,3438827.0,138699074.0
AGRESIVO,865,3466440447.72,2045888219.72,1420552228.0,5135495609.0,13.28042398,132804.2,122,0,0,3438827.0,143124832.0
AGRESIVO,866,2337062951.33,2176612505.92,160450445.41,4328185375.0,11.66988704,116698.9,108,0,0,3438827.0,152389318.0
AGRESIVO,867,10410598025.11,2052367472.84,8358230552.27,4247882911.0,53.43931038,534393.1,173,0,0,3438827.0,143702939.0
AGRESIVO,868,1355119362.54,2068764891.56,-713645529.03,4210812725.0,7.04592018,70459.2,134,0,0,3438827.0,144609574.0
AGRESIVO,869,1865182311.04,2220274641.04,-355092330.01,4904337256.0,1.96270439,19627.0,118,0,0,3438827.0,155508403.0
AGRESIVO,870,6434691303.54,2172932734.25,4261758569.29,4475290404.0,11.46125775,114612.6,169,0,0,3438827.0,152223031.0
AGRESIVO,871,2487222173.52,2031209539.28,456012634.25,3906341195.0,14.40551516,144055.2,139,0,0,3438827.0,142045331.0
AGRESIVO,872,1524964734.1,2069755481.75,-544790747.65,4331719811.0,7.60555739,76055.6,108,0,0,3438827.0,144799559.0
AGRESIVO,873,1208528881.43,2095906082.87,-887377201.44,3452996030.0,8.29934785,82993.5,177,0,0,3438827.0,146690905.0
AGRESIVO,874,2062778517.28,2014699501.1,48079016.18,4482039817.0,9.77675819,97767.6,140,0,0,3438827.0,140960405.0
AGRESIVO,875,1448837738.31,2008496898.0,-559659159.7,3745786877.0,8.90011071,89001.1,153,0,0,3438827.0,140503092.0
AGRESIVO,876,1936869935.24,2086984335.12,-150114399.88,3579907166.0,4.15761681,41576.2,164,0,0,3438827.0,146118982.0
AGRESIVO,877,1860681866.38,2023622739.31,-162940872.93,4488242619.0,8.80054024,88005.4,130,0,0,3438827.0,141451719.0
AGRESIVO,878,2686519169.63,2074075147.76,612444021.86,4316575922.0,13.46828157,134682.8,175,0,0,3438827.0,145195564.0
AGRESIVO,879,1601223770.97,2184527096.55,-583303325.58,3460597896.0,10.96351033,109635.1,166,0,0,3438827.0,153046212.0
AGRESIVO,880,1856345590.05,2131418596.19,-275073006.13,4184567018.0,3.06947992,30694.8,135,0,0,3438827.0,149049487.0
AGRESIVO,881,2051741604.61,1976545851.32,75195753.29,4034552006.0,11.34918365,113491.8,181,0,0,3438827.0,138208262.0
AGRESIVO,882,4427280297.89,2315030634.19,2112249663.7,4284042202.0,22.44445584,224444.6,144,0,0,3438827.0,162225646.0
AGRESIVO,883,1659121604.5,2123832059.8,-464710455.3,3596819762.0,10.77889542,107789.0,154,0,0,3438827.0,148711783.0
AGRESIVO,884,2520065108.04,1960214659.79,559850448.26,3534073342.0,16.7702959,167703.0,191,0,0,3438827.0,137119776.0
AGRESIVO,885,1828424313.63,2115547518.85,-287123205.22,3831896167.0,10.88087441,108808.7,176,0,0,3438827.0,148067518.0
AGRESIVO,886,3425313542.51,2225130938.51,1200182604.0,3634607193.0,21.93657332,219365.7,185,0,0,3438827.0,155984219.0
AGRESIVO,887,2482634015.79,2016416586.76,466217429.03,4034226783.0,13.73424717,137342.5,123,0,0,3438827.0,140958512.0
AGRESIVO,888,1474982826.33,2117215608.54,-642232782.2,3849688247.0,8.72063153,87206.3,133,0,0,3438827.0,148215150.0
AGRESIVO,889,3140606176.56,2035169856.29,1105436320.27,4282471288.0,4.46267468,44626.7,143,0,0,3438827.0,142370298.0
AGRESIVO,890,4276026215.66,2129605770.96,2146420444.7,4679419732.0,18.97894878,189789.5,143,0,0,3438827.0,149125521.0
AGRESIVO,891,1636920827.92,2161669160.59,-524748332.67,3828001564.0,9.7551531,97551.5,150,0,0,3438827.0,151374778.0
AGRESIVO,892,2864609982.15,2121640105.6,742969876.55,4302765520.0,14.42926206,144292.6,139,0,0,3438827.0,148497342.0
AGRESIVO,893,2677344624.18,1984380606.77,692964017.41,3329577838.0,6.73704126,67370.4,216,0,0,3438827.0,138868813.0
AGRESIVO,894,5565998485.04,2137615806.7,3428382678.35,4725181985.0,24.33580295,243358.0,105,0,0,3438827.0,149556168.0
AGRESIVO,895,3543824482.6,2155710672.44,1388113810.17,3721662973.0,21.96571134,219657.1,162,0,0,3438827.0,150984011.0
AGRESIVO,896,2396628750.18,2172124719.57,224504030.62,4476245763.0,11.38122534,113812.3,131,0,0,3438827.0,152130023.0
AGRESIVO,897,1900147061.67,2030477634.73,-130330573.05,3613196759.0,12.26815378,122681.5,184,0,0,3438827.0,142120708.0
AGRESIVO,898,7158928455.1,2029956473.12,5128971981.98,4451753570.0,34.27822844,342782.3,132,0,0,3438827.0,142054820.0
AGRESIVO,899,6264592469.68,2105817106.76,4158775362.92,4739707500.0,8.45549473,84554.9,126,0,0,3438827.0,147441140.0
AGRESIVO,900,8835598983.38,1974277932.02,6861321051.36,4748323398.0,38.33961525,383396.2,123,0,0,3438827.0,138098136.0
AGRESIVO,901,1222491671.49,2003221444.37,-780729772.88,4063134433.0,6.69398926,66939.9,98,0,0,3438827.0,140001243.0
AGRESIVO,902,3060227892.88,2177422652.78,882805240.1,3911092045.0,17.69380333,176938.0,159,0,0,3438827.0,152582483.0
AGRESIVO,903,2064619077.5,2161898683.85,-97279606.35,4599437450.0,9.40923837,94092.4,133,0,0,3438827.0,151337804.0
AGRESIVO,904,2765288299.74,2083083870.24,682204429.5,4420164207.0,13.38275113,133827.5,125,0,0,3438827.0,145846230.0
AGRESIVO,905,5867460839.94,2174018442.6,3693442397.34,4272462129.0,29.86435757,298643.6,174,0,0,3438827.0,152361763.0
AGRESIVO,906,1182164256.06,1981531992.99,-799367736.93,3463027482.0,8.0865586,80865.6,143,0,0,3438827.0,138585616.0
AGRESIVO,907,3968466235.77,2113895971.05,1854570264.72,3436251726.0,27.43191406,274319.1,204,0,0,3438827.0,148043210.0
AGRESIVO,908,8141343614.0,2067608088.39,6073735525.61,4699305280.0,35.89939447,358993.9,130,0,0,3438827.0,144656176.0
AGRESIVO,909,1951283187.47,2226210548.52,-274927361.05,3953686750.0,11.11004357,111100.4,152,0,0,3438827.0,156017159.0
AGRESIVO,910,3830608318.13,2095179012.3,1735429305.84,4716726905.0,16.79478753,167947.9,134,0,0,3438827.0,146559779.0
AGRESIVO,911,3308547499.09,2004088696.1,1304458802.99,4063558761.0,18.1138699,181138.7,165,0,0,3438827.0,140236192.0
AGRESIVO,912,1329284313.58,1967228792.75,-637944479.17,3897624742.0,2.34679716,23468.0,129,0,0,3438827.0,137563746.0
AGRESIVO,913,16772633541.61,2130586630.3,14642046911.31,4547431134.0,77.77369522,777737.0,132,0,0,3438827.0,149163922.0
AGRESIVO,914,2671173387.6,2068689795.76,602483591.84,4708306616.0,11.74381044,117438.1,109,0,0,3438827.0,144758876.0
AGRESIVO,915,2098941698.08,1946741702.37,152199995.71,4516773925.0,9.83291765,98329.2,136,0,0,3438827.0,136113206.0
AGRESIVO,916,11043921386.64,2120242355.14,8923679031.5,5126700947.0,42.4288776,424288.8,115,0,0,3438827.0,148404248.0
AGRESIVO,917,9427827292.5,2208882247.59,7218945044.91,4743735547.0,40.97087301,409708.7,136,0,0,3438827.0,154830275.0
AGRESIVO,918,2895027384.24,2046245257.12,848782127.12,4179552217.0,4.23357321,42335.7,148,0,0,3438827.0,143286436.0
AGRESIVO,919,2361226836.6,2189665026.41,171561810.19,4436042964.0,3.02291259,30229.1,114,0,0,3438827.0,153317353.0
AGRESIVO,920,1866676245.82,2040212497.21,-173536251.4,3792250512.0,11.27147857,112714.8,170,0,0,3438827.0,142723105.0
AGRESIVO,921,5017876587.77,2134718448.13,2883158139.64,4302986648.0,25.27351475,252735.1,146,0,0,3438827.0,149488354.0
AGRESIVO,922,2748612695.15,2032447471.23,716165223.93,4413723608.0,4.4127967,44128.0,155,0,0,3438827.0,142237739.0
AGRESIVO,923,2066963384.15,2039063186.69,27900197.46,4662674804.0,9.22488543,92248.9,122,0,0,3438827.0,142667271.0
AGRESIVO,924,2858083225.56,2056128612.22,801954613.34,4228334707.0,14.77054906,147705.5,179,0,0,3438827.0,143912347.0
AGRESIVO,925,3007978056.46,2038457625.36,969520431.1,4289978476.0,15.21809759,152181.0,120,0,0,3438827.0,142531975.0
AGRESIVO,926,2462369433.47,1961092238.81,501277194.66,4442340948.0,11.82776818,118277.7,105,0,0,3438827.0,137178956.0
AGRESIVO,927,1497776150.48,2075029126.61,-577252976.14,3534794063.0,9.96449683,99645.0,159,0,0,3438827.0,145260351.0
AGRESIVO,928,1281307873.07,2186543833.49,-905235960.42,3657670516.0,8.13468762,81346.9,155,0,0,3438827.0,153062397.0
AGRESIVO,929,1587985277.97,2091733253.3,-503747975.33,4184900517.0,8.33142479,83314.2,144,0,0,3438827.0,146406090.0
AGRESIVO,930,3491948958.1,2229532712.96,1262416245.14,3843813525.0,20.69002687,206900.3,181,0,0,3438827.0,156286689.0
AGRESIVO,931,2573901093.34,2097271516.65,476629576.68,4452022084.0,12.32318239,123231.8,125,0,0,3438827.0,146732580.0
AGRESIVO,932,3620381118.73,2160846170.69,1459534948.04,3783932524.0,21.92796209,219279.6,179,0,0,3438827.0,151430831.0
AGRESIVO,933,2422659226.88,2245152824.2,177506402.68,4164590461.0,3.5582268,35582.3,120,0,0,3438827.0,157292996.0
AGRESIVO,934,2290045908.43,2014095647.67,275950260.77,3877986387.0,13.4006733,134006.7,136,0,0,3438827.0,140820540.0
AGRESIVO,935,3003063635.9,2304402672.02,698660963.88,4120192733.0,5.48743166,54874.3,125,0,0,3438827.0,161519070.0
AGRESIVO,936,3476993359.58,2155141004.37,1321852355.21,4548825026.0,16.11511203,161151.1,122,0,0,3438827.0,150977811.0
AGRESIVO,937,3716352918.71,2109520392.16,1606832526.55,4447862621.0,17.81793072,178179.3,144,0,0,3438827.0,147613457.0
AGRESIVO,938,9026182337.41,2114607484.38,6911574853.03,3951227169.0,51.43795424,514379.5,162,0,0,3438827.0,148135731.0
AGRESIVO,939,1308298373.64,1994456062.67,-686157689.03,4028509065.0,1.82872275,18287.2,135,0,0,3438827.0,139512074.0
AGRESIVO,940,6577299568.12,2230528659.2,4346770908.92,4369569353.0,32.38251984,323825.2,160,0,0,3438827.0,156297273.0
AGRESIVO,941,1269006241.46,1941232463.14,-672226221.68,4384131347.0,6.21692679,62169.3,99,0,0,3438827.0,135524209.0
AGRESIVO,942,2381365211.02,2063647453.34,317717757.69,4702123217.0,10.49095273,104909.5,129,0,0,3438827.0,144373259.0
AGRESIVO,943,1676748467.41,2123677270.42,-446928803.01,4408541592.0,8.14671096,81467.1,161,0,0,3438827.0,148653366.0
AGRESIVO,944,6087860515.11,2271676429.15,3816184085.95,4303873038.0,9.70044901,97004.5,138,0,0,3438827.0,159230644.0
AGRESIVO,945,4082567672.97,2178211717.21,1904355955.75,4480266057.0,19.36130353,193613.0,156,0,0,3438827.0,152546907.0
AGRESIVO,946,1459205296.94,2100346442.85,-641141145.91,3479932239.0,9.9161483,99161.5,194,0,0,3438827.0,147019928.0
AGRESIVO,947,1567208764.69,2162998076.77,-595789312.08,3300231728.0,11.43480778,114348.1,194,0,0,3438827.0,151547165.0
AGRESIVO,948,3542964173.19,2166886298.1,1376077875.09,4715989774.0,15.53740748,155374.1,90,0,0,3438827.0,151645587.0
AGRESIVO,949,2383129199.38,2223202938.79,159926260.59,3941774417.0,13.62714103,136271.4,184,0,0,3438827.0,155748081.0
AGRESIVO,950,2006837978.59,1951574202.38,55263776.22,4794692377.0,8.57731889,85773.2,133,0,0,3438827.0,136395333.0
AGRESIVO,951,11334922816.7,2290516402.35,9044406414.34,4948017355.0,46.10181538,461018.2,128,0,0,3438827.0,160590321.0
AGRESIVO,952,1287978510.46,2043154744.66,-755176234.2,3300164247.0,9.39771857,93977.2,139,0,0,3438827.0,142941509.0
AGRESIVO,953,2218441837.72,1964891401.79,253550435.93,4139397304.0,11.82561277,118256.1,114,0,0,3438827.0,137398390.0
AGRESIVO,954,2649438642.58,2057254682.16,592183960.42,4089483768.0,14.37306827,143730.7,183,0,0,3438827.0,143969917.0
AGRESIVO,955,5240835598.81,2113928752.07,3126906846.73,4665656266.0,23.36693555,233669.4,164,0,0,3438827.0,148003710.0
AGRESIVO,956,1704230089.55,2112798470.36,-408568380.82,4338080142.0,8.48116069,84811.6,124,0,0,3438827.0,147910762.0
AGRESIVO,957,1442182477.47,2154272836.0,-712090358.52,4419207312.0,6.98177503,69817.8,115,0,0,3438827.0,150735769.0
AGRESIVO,958,1581822050.12,1930084575.71,-348262525.59,3775200180.0,9.61173875,96117.4,160,0,0,3438827.0,134900552.0
AGRESIVO,959,3545865295.7,2060642914.22,1485222381.48,4750980344.0,15.37292874,153729.3,120,0,0,3438827.0,144196932.0
AGRESIVO,960,4863391354.08,2090583551.34,2772807802.73,4532197385.0,22.66628649,226662.9,140,0,0,3438827.0,146338296.0
AGRESIVO,961,1611407003.25,2175617754.32,-564210751.07,3657454222.0,10.23123413,102312.3,139,0,0,3438827.0,152441908.0
AGRESIVO,962,1671109779.6,2125329563.17,-454219783.57,4066803556.0,2.32495492,23249.5,152,0,0,3438827.0,148786353.0
AGRESIVO,963,1451579912.37,2073205808.53,-621625896.16,4381617884.0,7.11744237,71174.4,152,0,0,3438827.0,145067654.0
AGRESIVO,964,5266971616.44,2116232429.96,3150739186.48,4941845571.0,21.46456123,214645.6,156,0,0,3438827.0,148158158.0
AGRESIVO,965,4050621623.84,2056237491.24,1994384132.61,4047578101.0,22.30257008,223025.7,160,0,0,3438827.0,143939961.0
AGRESIVO,966,1891372391.54,2202331530.5,-310959138.97,4220400764.0,3.09413767,30941.4,115,0,0,3438827.0,154239010.0
AGRESIVO,967,2567895124.03,2084385655.09,483509468.94,4097299790.0,13.89236817,138923.7,148,0,0,3438827.0,145900483.0
AGRESIVO,968,2995004528.92,2169246844.59,825757684.32,4187681644.0,15.69819517,156982.0,129,0,0,3438827.0,151768449.0
AGRESIVO,969,1896641038.9,2098874803.22,-202233764.33,3766443619.0,11.56207233,115620.7,137,0,0,3438827.0,146828062.0
AGRESIVO,970,6532981840.78,2205310074.27,4327671766.51,5211076544.0,24.43835426,244383.5,100,0,0,3438827.0,154395335.0
AGRESIVO,971,2539330631.73,2156492481.25,382838150.48,4287759618.0,3.46458017,34645.8,126,0,0,3438827.0,150927115.0
AGRESIVO,972,12448117350.11,2145331201.15,10302786148.96,5034053380.0,49.25354722,492535.5,137,0,0,3438827.0,150262740.0
AGRESIVO,973,1514082226.6,2167598026.11,-653515799.51,3537653110.0,10.0619014,100619.0,192,0,0,3438827.0,151874583.0
AGRESIVO,974,1417745543.06,1951856669.07,-534111126.0,3901160857.0,8.22673311,82267.3,152,0,0,3438827.0,136411882.0
AGRESIVO,975,2116903420.92,2118880255.06,-1976834.14,4503312593.0,9.96189399,99618.9,109,0,0,3438827.0,148275456.0
AGRESIVO,976,1338072740.48,1960152312.64,-622079572.16,3976869884.0,7.55546692,75554.7,186,0,0,3438827.0,136999666.0
AGRESIVO,977,1427733559.6,2151147967.49,-723414407.89,3713171404.0,8.87760453,88776.0,184,0,0,3438827.0,150618712.0
AGRESIVO,978,10465506787.94,2033505286.0,8432001501.94,4730611853.0,45.67620908,456762.1,129,0,0,3438827.0,142209097.0
AGRESIVO,979,1912815389.82,2156304988.08,-243489598.26,4161869286.0,10.11659888,101166.0,158,0,0,3438827.0,150958681.0
AGRESIVO,980,2001648466.13,2167907916.87,-166259450.75,4056422192.0,3.51196667,35119.7,111,0,0,3438827.0,151683067.0
AGRESIVO,981,3360221938.52,2028229062.5,1331992876.02,4339984547.0,16.71138553,167113.9,138,0,0,3438827.0,141843142.0
AGRESIVO,982,2559000131.51,2101999062.18,457001069.33,4059421246.0,14.03073442,140307.3,159,0,0,3438827.0,147178175.0
AGRESIVO,983,3009624762.02,2164771511.88,844853250.14,4166177997.0,15.89352988,158935.3,157,0,0,3438827.0,151671661.0
AGRESIVO,984,7438877860.71,2184845524.79,5254032335.92,3892324453.0,43.30400272,433040.0,198,0,0,3438827.0,153101706.0
AGRESIVO,985,3272160579.33,2137335217.96,1134825361.37,4580058094.0,4.17554929,41755.5,103,0,0,3438827.0,149596847.0
AGRESIVO,986,3318163731.25,2100538866.37,1217624864.89,4814540313.0,14.09069105,140906.9,116,0,0,3438827.0,146988506.0
AGRESIVO,987,2755172433.23,1969064862.34,786107570.9,4217269603.0,14.29341532,142934.2,115,0,0,3438827.0,137611458.0
AGRESIVO,988,4006581792.24,2169297044.61,1837284747.63,3850719040.0,23.67944441,236794.4,185,0,0,3438827.0,151976596.0
AGRESIVO,989,2216252082.27,2206061930.67,10190151.6,4199662629.0,3.07869771,30787.0,102,0,0,3438827.0,154435524.0
AGRESIVO,990,1174593701.94,2025014841.49,-850421139.54,3524640540.0,7.84504087,78450.4,175,0,0,3438827.0,141767331.0
AGRESIVO,991,2672336189.64,2133045288.15,539290901.49,4378646119.0,13.11634732,131163.5,116,0,0,3438827.0,149293361.0
AGRESIVO,992,4207103599.86,2225713888.05,1981389711.81,4228916528.0,21.73789402,217378.9,118,0,0,3438827.0,155940547.0
AGRESIVO,993,15900796771.59,2118546939.26,13782249832.33,5253591863.0,58.69096669,586909.7,116,0,0,3438827.0,148378588.0
AGRESIVO,994,6776568163.49,2261016162.71,4515552000.78,5305879468.0,24.60602671,246060.3,112,0,0,3438827.0,158367152.0
AGRESIVO,995,1507797613.77,2013575132.49,-505777518.72,4018021954.0,2.10657598,21065.8,128,0,0,3438827.0,140718807.0
AGRESIVO,996,4140297289.14,2129019116.13,2011278173.01,5081927930.0,16.13400515,161340.1,119,0,0,3438827.0,149059925.0
AGRESIVO,997,2458792041.21,2067876835.91,390915205.3,4112339994.0,13.23188554,132318.9,96,0,0,3438827.0,144550140.0
AGRESIVO,998,12264090111.79,2087070866.11,10177019245.68,5202891057.0,45.99557082,459955.7,122,0,0,3438827.0,146150905.0
AGRESIVO,999,1808839955.85,2129148637.47,-320308681.62,3965483712.0,10.25545951,102554.6,134,0,0,3438827.0,149129380.0
AGRESIVO,1000,4086581536.09,2225041528.44,1861540007.64,3903963072.0,7.06887324,70688.7,175,0,0,3438827.0,155954477.0
