iteracion,vault_final_usd,supply_final,precio_luka_final,precio_kash_final,dia_activacion_b2,espiral_muerte,ruina_total,r_op_final
1,173604320.31,3791069719.0,0.04579296,0.04579296,347,0,0,1884038.02
2,136938918.9,3300000000.0,0.04149664,0.04149664,412,0,0,1989363.66
3,389907406.97,3300000000.0,0.11815376,0.11815376,484,0,0,1914616.09
4,101733723.86,3300000000.0,0.0308284,0.0308284,625,0,0,1903228.78
5,197749756.02,3300000000.0,0.05992417,0.05992417,412,0,0,2023711.6
6,128207227.76,3300000000.0,0.03885068,0.03885068,491,0,0,1937872.49
7,262227575.95,3300000000.0,0.0794629,0.0794629,513,0,0,1826175.02
8,202419541.56,3300000000.0,0.06133926,0.06133926,561,0,0,1825872.52
9,247859578.86,3300000000.0,0.07510896,0.07510896,487,0,0,1932446.85
10,386058894.6,3300000000.0,0.11698754,0.11698754,455,0,0,2007937.47
11,134982992.41,3300000000.0,0.04090394,0.04090394,568,0,0,1849815.13
12,166635601.43,3300000000.0,0.05049564,0.05049564,416,0,0,2079789.33
13,337643129.01,4027208090.0,0.0838405,0.0838405,412,0,0,2476194.56
14,178098699.92,3300000000.0,0.0539693,0.0539693,618,0,0,1825422.79
15,126135543.63,3300000000.0,0.03822289,0.03822289,507,0,0,1963373.2
16,611112679.41,3300000000.0,0.18518566,0.18518566,450,0,0,2023084.68
17,367958810.04,3300000000.0,0.11150267,0.11150267,482,0,0,1854363.21
18,116325392.43,3300000000.0,0.03525012,0.03525012,556,0,0,1783225.0
19,196383209.64,3300000000.0,0.05951006,0.05951006,455,0,0,1904700.69
20,403963500.65,3300000000.0,0.12241318,0.12241318,454,0,0,2077445.99
21,111275415.27,3300000000.0,0.03371982,0.03371982,530,0,0,1883770.1
22,773673968.75,3300000000.0,0.23444666,0.23444666,492,0,0,2402193.85
23,250269328.73,3300000000.0,0.07583919,0.07583919,396,0,0,1950723.4
24,114045374.6,3300000000.0,0.0345592,0.0345592,542,0,0,1883233.57
25,181846004.91,3300000000.0,0.05510485,0.05510485,507,0,0,1875051.68
26,222967797.73,3300000000.0,0.067566,0.067566,490,0,0,1973395.66
27,108983572.31,3300000000.0,0.03302532,0.03302532,438,0,0,1841549.53
28,102672350.94,3300000000.0,0.03111283,0.03111283,639,0,0,1931541.08
29,149826019.79,3300000000.0,0.04540182,0.04540182,491,0,0,1876088.68
30,120574536.62,3300000000.0,0.03653774,0.03653774,639,0,0,1885638.23
31,167524661.75,3300000000.0,0.05076505,0.05076505,456,0,0,1958386.69
32,113459056.64,3300000000.0,0.03438153,0.03438153,491,0,0,1953466.74
33,362942992.82,3300000000.0,0.10998273,0.10998273,473,0,0,1868995.22
34,329064145.29,3300000000.0,0.09971641,0.09971641,548,0,0,1876551.89
35,118339782.56,3300000000.0,0.03586054,0.03586054,509,0,0,1831324.69
36,92904452.85,3300000000.0,0.02815286,0.02815286,455,0,0,1745622.45
37,113399542.35,3300000000.0,0.0343635,0.0343635,578,0,0,1975804.06
38,324530760.05,3300000000.0,0.09834265,0.09834265,499,0,0,1882167.24
39,134494005.61,3300000000.0,0.04075576,0.04075576,498,0,0,1901401.02
40,253542143.21,3300000000.0,0.07683095,0.07683095,515,0,0,1892746.11
41,302003410.03,3300000000.0,0.09151618,0.09151618,472,0,0,1995559.34
42,246878433.86,3300000000.0,0.07481165,0.07481165,438,0,0,2252583.62
43,209549596.15,3300000000.0,0.06349988,0.06349988,480,0,0,1876854.21
44,140153357.83,3300000000.0,0.04247071,0.04247071,463,0,0,1960530.12
45,265045391.1,3300000000.0,0.08031679,0.08031679,492,0,0,1839735.14
46,95364735.39,3300000000.0,0.0288984,0.0288984,519,0,0,1837961.35
47,681863158.9,3300000000.0,0.2066252,0.2066252,497,0,0,2218519.83
48,144930094.46,3300000000.0,0.04391821,0.04391821,512,0,0,1789812.78
49,214771451.12,3300000000.0,0.06508226,0.06508226,513,0,0,1905580.44
50,98394300.56,3300000000.0,0.02981645,0.02981645,627,0,0,1744610.11
51,325395797.46,3300000000.0,0.09860479,0.09860479,375,0,0,2227352.37
52,223135333.75,3300000000.0,0.06761677,0.06761677,502,0,0,1994718.7
53,1176039936.03,3300000000.0,0.35637574,0.35637574,446,0,0,2594626.62
54,370737653.49,3300000000.0,0.11234474,0.11234474,429,0,0,2055215.98
55,323554862.23,3300000000.0,0.09804693,0.09804693,470,0,0,1952633.67
56,179609007.65,3300000000.0,0.05442697,0.05442697,447,0,0,1839412.66
57,715874565.31,3300000000.0,0.21693169,0.21693169,447,0,0,2401906.69
58,114470118.82,3300000000.0,0.03468791,0.03468791,411,0,0,1849798.13
59,95404990.25,3300000000.0,0.0289106,0.0289106,605,0,0,1902450.95
60,106362278.81,3300000000.0,0.03223099,0.03223099,469,0,0,1816751.55
61,288834500.89,3300000000.0,0.08752561,0.08752561,413,0,0,1979101.95
62,1813136846.98,4027892000.0,0.45014535,0.45014535,350,0,0,2636522.69
63,120029761.49,3300000000.0,0.03637265,0.03637265,556,0,0,1838216.77
64,192005331.65,3300000000.0,0.05818343,0.05818343,545,0,0,1944553.53
65,228196316.25,3300000000.0,0.0691504,0.0691504,523,0,0,1886135.6
66,249095410.89,3300000000.0,0.07548346,0.07548346,459,0,0,1959885.11
67,101437231.87,3300000000.0,0.03073856,0.03073856,579,0,0,1776477.05
68,229955045.61,3300000000.0,0.06968335,0.06968335,533,0,0,1792554.9
69,90902389.41,3300000000.0,0.02754618,0.02754618,680,0,0,1728215.0
70,332183712.44,3300000000.0,0.10066173,0.10066173,461,0,0,1972273.42
71,94956565.11,3300000000.0,0.02877472,0.02877472,524,0,0,1782206.99
72,97612603.41,3300000000.0,0.02957958,0.02957958,607,0,0,1913817.31
73,95051105.34,3300000000.0,0.02880337,0.02880337,400,0,0,1974349.97
74,163894999.81,3300000000.0,0.04966515,0.04966515,464,0,0,1914063.11
75,323514463.32,3703776804.0,0.08734718,0.08734718,391,0,0,2040991.85
76,95493008.11,3300000000.0,0.02893728,0.02893728,665,0,0,1777100.26
77,536623362.74,3300000000.0,0.16261314,0.16261314,419,0,0,2144788.98
78,95396631.69,3300000000.0,0.02890807,0.02890807,578,0,0,1892007.65
79,241933911.81,3300000000.0,0.07331331,0.07331331,440,0,0,1910743.76
80,97032211.75,3300000000.0,0.0294037,0.0294037,433,0,0,1997766.47
81,177104448.27,3300000000.0,0.05366801,0.05366801,638,0,0,1864850.1
82,326658437.62,3300000000.0,0.09898741,0.09898741,478,0,0,1932689.23
83,219193945.87,3300000000.0,0.06642241,0.06642241,454,0,0,2063076.28
84,109953608.17,3300000000.0,0.03331928,0.03331928,471,0,0,1850060.11
85,100388814.09,3300000000.0,0.03042085,0.03042085,677,0,0,1824362.59
86,123337220.77,3300000000.0,0.03737492,0.03737492,589,0,0,1850550.98
87,204165590.13,3300000000.0,0.06186836,0.06186836,509,0,0,1841893.21
88,736697122.75,3300000000.0,0.22324155,0.22324155,402,0,0,2059250.02
89,273567974.08,3300000000.0,0.08289939,0.08289939,517,0,0,1911318.39
90,1217795297.58,4343944896.0,0.28034317,0.28034317,378,0,0,2605827.28
91,179941789.59,3300000000.0,0.05452782,0.05452782,464,0,0,1907389.67
92,1150387252.87,3470132193.0,0.33151107,0.33151107,401,0,0,2712858.64
93,87346385.91,3300000000.0,0.0264686,0.0264686,650,0,0,1699840.35
94,114620159.49,3300000000.0,0.03473338,0.03473338,448,0,0,1844829.28
95,405874286.44,3300000000.0,0.12299221,0.12299221,432,0,0,2068079.4
96,230221470.68,3300000000.0,0.06976408,0.06976408,562,0,0,1803886.93
97,184371237.16,3300000000.0,0.05587007,0.05587007,549,0,0,1847542.13
98,139577174.37,3300000000.0,0.04229611,0.04229611,547,0,0,1861341.16
99,95941078.59,3300000000.0,0.02907305,0.02907305,501,0,0,1937308.32
100,99436033.43,3300000000.0,0.03013213,0.03013213,525,0,0,1830494.36
101,97064622.01,3300000000.0,0.02941352,0.02941352,557,0,0,1786430.13
102,248353505.53,3300000000.0,0.07525864,0.07525864,437,0,0,1920189.69
103,211416999.04,3300000000.0,0.06406576,0.06406576,447,0,0,1991349.32
104,122850588.91,3300000000.0,0.03722745,0.03722745,393,0,0,1847726.12
105,791524343.59,3709054133.0,0.21340329,0.21340329,421,0,0,2292749.68
106,96416137.71,3300000000.0,0.02921701,0.02921701,595,0,0,1836706.44
107,91103326.64,3300000000.0,0.02760707,0.02760707,402,0,0,1861143.36
108,203692674.99,3300000000.0,0.06172505,0.06172505,421,0,0,2062036.36
109,213002231.12,3300000000.0,0.06454613,0.06454613,363,0,0,2045575.85
110,198277087.57,3300000000.0,0.06008397,0.06008397,511,0,0,1864710.87
111,183283663.52,3643029339.0,0.05031078,0.05031078,343,0,0,2022482.06
112,154560944.28,3300000000.0,0.04683665,0.04683665,533,0,0,1901192.45
113,684688465.51,3300000000.0,0.20748135,0.20748135,449,0,0,2373762.35
114,492251676.79,3300000000.0,0.14916717,0.14916717,534,0,0,1991878.84
115,145475336.18,3300000000.0,0.04408344,0.04408344,536,0,0,2005692.03
116,173622524.21,3300000000.0,0.05261289,0.05261289,534,0,0,1871260.53
117,152533815.7,3300000000.0,0.04622237,0.04622237,495,0,0,1845331.2
118,133558626.6,3300000000.0,0.04047231,0.04047231,542,0,0,1833654.0
119,408666130.8,3300000000.0,0.12383822,0.12383822,435,0,0,2207937.71
120,187388163.4,3300000000.0,0.05678429,0.05678429,457,0,0,1950073.02
121,100210838.92,3300000000.0,0.03036692,0.03036692,656,0,0,1790452.64
122,238655890.26,3300000000.0,0.07231997,0.07231997,485,0,0,1766352.53
123,126258579.91,3387450621.0,0.03727245,0.03727245,378,0,0,1875146.25
124,426043660.47,3300000000.0,0.12910414,0.12910414,505,0,0,2414811.07
125,92653141.52,3300000000.0,0.02807671,0.02807671,457,0,0,1829046.57
126,541252376.53,3982006709.0,0.13592453,0.13592453,400,0,0,2173611.62
127,152234580.45,3300000000.0,0.04613169,0.04613169,451,0,0,1936624.48
128,130546874.71,3302953813.0,0.03952428,0.03952428,437,0,0,2031212.57
129,127402665.97,3300000000.0,0.03860687,0.03860687,522,0,0,1819620.83
130,155965553.74,3300000000.0,0.04726229,0.04726229,546,0,0,1863105.46
131,200109725.13,3300000000.0,0.06063931,0.06063931,482,0,0,1942234.86
132,223651057.0,3300000000.0,0.06777305,0.06777305,467,0,0,1786893.09
133,113625012.78,3300000000.0,0.03443182,0.03443182,509,0,0,2045902.25
134,124822082.97,3300000000.0,0.03782487,0.03782487,546,0,0,1843793.86
135,185568969.51,3300000000.0,0.05623302,0.05623302,638,0,0,1872355.26
136,116666774.23,3300000000.0,0.03535357,0.03535357,484,0,0,1827717.15
137,137896273.49,3300000000.0,0.04178675,0.04178675,476,0,0,1825496.7
138,132739665.46,3300000000.0,0.04022414,0.04022414,442,0,0,1797548.39
139,95219187.69,3300000000.0,0.0288543,0.0288543,664,0,0,1806047.66
140,168519188.53,3300000000.0,0.05106642,0.05106642,559,0,0,1992077.73
141,189039132.62,3300000000.0,0.05728459,0.05728459,482,0,0,1904137.3
142,135329876.41,3300000000.0,0.04100905,0.04100905,537,0,0,1853772.07
143,134172124.15,3300000000.0,0.04065822,0.04065822,480,0,0,1970845.52
144,163791132.53,3300000000.0,0.04963368,0.04963368,575,0,0,1783355.35
145,290106609.98,3300000000.0,0.08791109,0.08791109,557,0,0,2018775.7
146,616183798.78,3300000000.0,0.18672236,0.18672236,451,0,0,2353787.99
147,177290178.96,3300000000.0,0.0537243,0.0537243,477,0,0,1780847.89
148,266203861.33,3300000000.0,0.08066784,0.08066784,382,0,0,2046693.14
149,130321000.38,3300000000.0,0.03949121,0.03949121,580,0,0,1764699.25
150,97315349.26,3300000000.0,0.0294895,0.0294895,533,0,0,1815306.49
151,243938813.1,3300000000.0,0.07392085,0.07392085,566,0,0,1793703.08
152,327283374.27,3300000000.0,0.09917678,0.09917678,491,0,0,1898617.93
153,127784317.77,3300000000.0,0.03872252,0.03872252,436,0,0,1987210.23
154,120213905.42,3300000000.0,0.03642846,0.03642846,388,0,0,1824100.98
155,184890011.96,3300000000.0,0.05602728,0.05602728,548,0,0,1889836.96
156,191559731.51,3300000000.0,0.0580484,0.0580484,459,0,0,1882597.79
157,120087172.25,3300000000.0,0.03639005,0.03639005,557,0,0,1796984.88
158,123207375.85,3300000000.0,0.03733557,0.03733557,431,0,0,1961922.03
159,100608866.82,3300000000.0,0.03048754,0.03048754,425,0,0,1885122.7
160,121363631.71,3300000000.0,0.03677686,0.03677686,546,0,0,2014156.66
161,163651833.97,3300000000.0,0.04959146,0.04959146,563,0,0,1817469.14
162,132057044.34,3300000000.0,0.04001729,0.04001729,481,0,0,1895435.58
163,709580816.26,4084178458.0,0.17373894,0.17373894,350,0,0,2741337.25
164,122166869.75,3300000000.0,0.03702026,0.03702026,530,0,0,1901330.83
165,176897333.94,3300000000.0,0.05360525,0.05360525,535,0,0,1908594.17
166,127636338.32,3300000000.0,0.03867768,0.03867768,481,0,0,1868802.23
167,179014062.57,3300000000.0,0.05424669,0.05424669,544,0,0,1824385.96
168,195380625.61,3300000000.0,0.05920625,0.05920625,486,0,0,1903395.18
169,836725167.64,3958030076.0,0.2113994,0.2113994,366,0,0,2438022.17
170,334420745.15,3300000000.0,0.10133962,0.10133962,425,0,0,2156662.52
171,94333555.19,3300000000.0,0.02858593,0.02858593,562,0,0,1724382.86
172,124867702.56,3300000000.0,0.0378387,0.0378387,634,0,0,1851861.65
173,202341318.91,3300000000.0,0.06131555,0.06131555,470,0,0,1886013.94
174,1142071571.82,3300000000.0,0.34608229,0.34608229,472,0,0,2461022.11
175,215149988.36,3300000000.0,0.06519697,0.06519697,554,0,0,1814339.09
176,199981867.22,3300000000.0,0.06060057,0.06060057,381,0,0,1844090.16
177,352966678.08,3300000000.0,0.1069596,0.1069596,504,0,0,2062343.53
178,449887626.21,3300000000.0,0.13632958,0.13632958,515,0,0,1955011.71
179,136646158.47,3300000000.0,0.04140793,0.04140793,620,0,0,1821148.85
180,84950451.52,3300000000.0,0.02574256,0.02574256,549,0,0,1746353.18
181,117383934.69,3300000000.0,0.03557089,0.03557089,420,0,0,1914808.0
182,123773231.11,3300000000.0,0.03750704,0.03750704,415,0,0,1918031.03
183,125557397.93,3300000000.0,0.0380477,0.0380477,468,0,0,1907279.79
184,119801532.85,3300000000.0,0.03630349,0.03630349,434,0,0,2173828.5
185,98695742.93,3300000000.0,0.0299078,0.0299078,554,0,0,1776454.26
186,98764847.64,3300000000.0,0.02992874,0.02992874,651,0,0,1835274.56
187,167109288.29,3340646176.0,0.05002304,0.05002304,382,0,0,1916442.19
188,154780534.52,3300000000.0,0.04690319,0.04690319,496,0,0,1843435.98
189,108155687.35,3300000000.0,0.03277445,0.03277445,552,0,0,1924957.84
190,126079867.95,3300000000.0,0.03820602,0.03820602,556,0,0,1841037.47
191,133946699.53,3300000000.0,0.04058991,0.04058991,419,0,0,1911046.82
192,127620339.85,3300000000.0,0.03867283,0.03867283,613,0,0,1964389.16
193,170803124.82,3300000000.0,0.05175852,0.05175852,489,0,0,1873490.23
194,143731265.86,3300000000.0,0.04355493,0.04355493,449,0,0,2002553.57
195,117990546.09,3300000000.0,0.03575471,0.03575471,481,0,0,1919515.82
196,187750766.03,3300000000.0,0.05689417,0.05689417,470,0,0,1922748.56
197,144244027.82,3300000000.0,0.04371031,0.04371031,404,0,0,1876791.78
198,200313113.71,3300000000.0,0.06070094,0.06070094,456,0,0,2028681.22
199,104271995.41,3300000000.0,0.03159757,0.03159757,486,0,0,1907149.6
200,213183726.48,3300000000.0,0.06460113,0.06460113,468,0,0,1931479.04
201,499958787.83,3300000000.0,0.15150266,0.15150266,413,0,0,2071861.13
202,188126545.15,3300000000.0,0.05700804,0.05700804,429,0,0,2012659.47
203,936863170.52,3486364954.0,0.26872206,0.26872206,380,0,0,2663869.74
204,133518493.09,3300000000.0,0.04046015,0.04046015,619,0,0,1881133.48
205,252363234.57,3300000000.0,0.07647371,0.07647371,426,0,0,2293040.63
206,136409029.74,3300000000.0,0.04133607,0.04133607,450,0,0,1828518.77
207,138820058.49,3300000000.0,0.04206668,0.04206668,616,0,0,1725908.64
208,100881834.64,3300000000.0,0.03057025,0.03057025,498,0,0,1863699.28
209,168268168.46,3300000000.0,0.05099035,0.05099035,445,0,0,1936958.86
210,97503164.7,3300000000.0,0.02954641,0.02954641,655,0,0,1777281.74
211,109350860.18,3300000000.0,0.03313662,0.03313662,465,0,0,1894992.44
212,168678462.31,3300000000.0,0.05111469,0.05111469,596,0,0,1870729.6
213,487552147.77,3853612713.0,0.1265182,0.1265182,392,0,0,2588203.45
214,358056194.76,3300000000.0,0.10850188,0.10850188,453,0,0,2148430.97
215,126662184.43,3300000000.0,0.03838248,0.03838248,412,0,0,1910535.63
216,151962363.82,3300000000.0,0.0460492,0.0460492,511,0,0,1894593.35
217,248825557.94,3300000000.0,0.07540168,0.07540168,473,0,0,1935228.43
218,119888160.35,3300000000.0,0.03632975,0.03632975,510,0,0,1789147.99
219,138379336.26,3300000000.0,0.04193313,0.04193313,525,0,0,1853441.82
220,288909950.74,3300000000.0,0.08754847,0.08754847,472,0,0,1838038.33
221,503278810.18,3300000000.0,0.15250873,0.15250873,492,0,0,2274135.57
222,243227332.49,3300000000.0,0.07370525,0.07370525,522,0,0,1922255.99
223,117955414.3,3300000000.0,0.03574406,0.03574406,477,0,0,1892628.26
224,161212223.19,3300000000.0,0.04885219,0.04885219,534,0,0,1856193.17
225,123014188.9,3300000000.0,0.03727703,0.03727703,518,0,0,1857362.11
226,286949960.52,3556074491.0,0.0806929,0.0806929,373,0,0,2045319.21
227,279057709.26,3300000000.0,0.08456294,0.08456294,491,0,0,1969373.38
228,198031473.23,3300000000.0,0.06000954,0.06000954,566,0,0,1900722.13
229,205617667.15,3300000000.0,0.06230838,0.06230838,484,0,0,1945949.73
230,109041566.54,3300000000.0,0.0330429,0.0330429,548,0,0,1979465.66
231,175811578.36,3468891718.0,0.05068235,0.05068235,429,0,0,1876158.3
232,211772471.78,3300000000.0,0.06417348,0.06417348,529,0,0,1863663.64
233,180165357.48,3300000000.0,0.05459556,0.05459556,476,0,0,1869130.35
234,122286271.14,3300000000.0,0.03705645,0.03705645,400,0,0,2016168.31
235,261263432.69,3300000000.0,0.07917074,0.07917074,487,0,0,2095917.49
236,124159021.46,3300000000.0,0.03762395,0.03762395,536,0,0,1873276.53
237,117795197.93,3300000000.0,0.03569551,0.03569551,568,0,0,1787920.75
238,118809623.92,3300000000.0,0.03600292,0.03600292,515,0,0,1806259.46
239,252091219.94,3411729242.0,0.07388957,0.07388957,451,0,0,2059982.6
240,1092104444.86,3300000000.0,0.33094074,0.33094074,468,0,0,2776054.93
241,191009052.51,3300000000.0,0.05788153,0.05788153,451,0,0,2303579.15
242,140979145.57,3300000000.0,0.04272095,0.04272095,547,0,0,1865454.66
243,97785409.58,3300000000.0,0.02963194,0.02963194,572,0,0,1829445.4
244,175842907.54,3300000000.0,0.05328573,0.05328573,621,0,0,1905419.02
245,107452918.69,3300000000.0,0.03256149,0.03256149,484,0,0,1860924.8
246,268222971.61,3300000000.0,0.08127969,0.08127969,569,0,0,1778549.13
247,135405789.54,3300000000.0,0.04103206,0.04103206,472,0,0,1890119.12
248,367871173.2,3300000000.0,0.11147611,0.11147611,485,0,0,2069941.6
249,122597510.21,3300000000.0,0.03715076,0.03715076,635,0,0,1798281.72
250,112951107.28,3300000000.0,0.03422761,0.03422761,578,0,0,1773932.18
251,99332559.83,3300000000.0,0.03010078,0.03010078,637,0,0,1827478.28
252,109946247.3,3300000000.0,0.03331704,0.03331704,465,0,0,1868952.56
253,270561641.22,3300000000.0,0.08198838,0.08198838,486,0,0,1968619.7
254,480542247.24,3300000000.0,0.14561886,0.14561886,434,0,0,2022534.67
255,96721738.0,3300000000.0,0.02930962,0.02930962,636,0,0,1873844.4
256,139464907.76,3300000000.0,0.04226209,0.04226209,508,0,0,1884097.93
257,408109036.98,3300000000.0,0.12366941,0.12366941,469,0,0,1871048.91
258,221961916.35,3300000000.0,0.06726119,0.06726119,464,0,0,1841887.49
259,242906603.55,3300000000.0,0.07360806,0.07360806,574,0,0,1858859.06
260,429524209.03,3300000000.0,0.13015885,0.13015885,448,0,0,2311345.49
261,106994214.92,3300000000.0,0.03242249,0.03242249,493,0,0,1879812.4
262,373605597.72,3300000000.0,0.11321382,0.11321382,400,0,0,2138473.36
263,235416615.7,3300000000.0,0.07133837,0.07133837,490,0,0,1820637.78
264,147062827.02,3300000000.0,0.04456449,0.04456449,546,0,0,1826051.1
265,105084224.16,3300000000.0,0.0318437,0.0318437,635,0,0,1829199.84
266,796981618.4,3300000000.0,0.24150958,0.24150958,471,0,0,2648288.52
267,364585431.85,3300000000.0,0.11048043,0.11048043,541,0,0,1915676.28
268,109210885.36,3300000000.0,0.03309421,0.03309421,472,0,0,1924676.0
269,367038249.75,3300000000.0,0.11122371,0.11122371,426,0,0,1918017.6
270,290662371.37,3300000000.0,0.08807951,0.08807951,539,0,0,2017659.96
271,98695904.57,3300000000.0,0.02990785,0.02990785,554,0,0,1833891.0
272,354734487.25,3300000000.0,0.1074953,0.1074953,492,0,0,1884048.22
273,132874299.59,3300000000.0,0.04026494,0.04026494,532,0,0,1774676.52
274,140740937.22,3300000000.0,0.04264877,0.04264877,457,0,0,1985714.94
275,106888409.93,3300000000.0,0.03239043,0.03239043,489,0,0,1950670.57
276,105270525.55,3300000000.0,0.03190016,0.03190016,524,0,0,1892157.94
277,242446565.05,3300000000.0,0.07346866,0.07346866,514,0,0,2034974.2
278,121797981.32,3300000000.0,0.03690848,0.03690848,637,0,0,1947283.58
279,632617706.82,3451388121.0,0.1832937,0.1832937,410,0,0,2664329.8
280,151797763.49,3300000000.0,0.04599932,0.04599932,470,0,0,1886312.78
281,110836617.49,3300000000.0,0.03358685,0.03358685,458,0,0,1949794.21
282,318323823.05,3300000000.0,0.09646176,0.09646176,488,0,0,2020664.76
283,273158011.23,3300000000.0,0.08277515,0.08277515,598,0,0,1784370.67
284,169955896.42,3300000000.0,0.05150179,0.05150179,505,0,0,1949481.2
285,621351303.62,3567212375.0,0.174184,0.174184,344,0,0,2305722.43
286,117656503.66,3300000000.0,0.03565349,0.03565349,554,0,0,1704719.08
287,448132788.82,3300000000.0,0.13579781,0.13579781,406,0,0,2289102.44
288,266253296.13,3300000000.0,0.08068282,0.08068282,543,0,0,1931339.32
289,193580571.05,3300000000.0,0.05866078,0.05866078,466,0,0,1879902.04
290,101335423.18,3300000000.0,0.0307077,0.0307077,483,0,0,1905444.31
291,116611084.73,3300000000.0,0.03533669,0.03533669,520,0,0,1949341.07
292,290880919.47,3569634246.0,0.0814876,0.0814876,350,0,0,2154885.13
293,95227954.78,3300000000.0,0.02885696,0.02885696,538,0,0,1827463.4
294,166500908.08,3300000000.0,0.05045482,0.05045482,593,0,0,1949274.78
295,184995751.9,3300000000.0,0.05605932,0.05605932,473,0,0,1875331.36
296,422612691.73,3432771459.0,0.12311122,0.12311122,501,0,0,2241049.46
297,152453822.17,3620559770.0,0.0421078,0.0421078,354,0,0,2006201.28
298,93542384.57,3300000000.0,0.02834618,0.02834618,563,0,0,1792950.19
299,271041949.59,3347638581.0,0.08096512,0.08096512,390,0,0,1981437.82
300,184455259.65,3300000000.0,0.05589553,0.05589553,471,0,0,2160380.51
301,230196194.89,3300000000.0,0.06975642,0.06975642,494,0,0,1902234.11
302,157563158.06,3300000000.0,0.04774641,0.04774641,491,0,0,1857694.66
303,251980321.81,3300000000.0,0.07635767,0.07635767,482,0,0,2039510.62
304,364396847.89,3300000000.0,0.11042329,0.11042329,452,0,0,1963237.87
305,105331552.45,3300000000.0,0.03191865,0.03191865,586,0,0,1933691.69
306,170264185.05,3300000000.0,0.05159521,0.05159521,469,0,0,1872125.93
307,311483281.43,3300000000.0,0.09438887,0.09438887,537,0,0,1875370.66
308,140894435.66,3300000000.0,0.04269528,0.04269528,585,0,0,1813930.54
309,149684636.25,3300000000.0,0.04535898,0.04535898,405,0,0,1818839.54
310,109532659.24,3300000000.0,0.03319171,0.03319171,459,0,0,1979246.36
311,115527621.3,3300000000.0,0.03500837,0.03500837,573,0,0,1878065.42
312,205241315.78,3300000000.0,0.06219434,0.06219434,494,0,0,1904767.53
313,1098017305.61,3300000000.0,0.33273252,0.33273252,476,0,0,2634351.66
314,1323668398.09,3300000000.0,0.40111164,0.40111164,474,0,0,2617910.95
315,192288625.07,3300000000.0,0.05826928,0.05826928,516,0,0,1886327.92
316,113955837.38,3300000000.0,0.03453207,0.03453207,494,0,0,1922220.65
317,1979449750.81,3300000000.0,0.59983326,0.59983326,419,0,0,2742089.42
318,427810347.62,3855434038.0,0.11096295,0.11096295,383,0,0,2245200.9
319,161088964.69,3300000000.0,0.04881484,0.04881484,586,0,0,1797794.47
320,131853142.92,3300000000.0,0.0399555,0.0399555,407,0,0,1871571.91
321,194599205.08,3300000000.0,0.05896946,0.05896946,467,0,0,1930065.84
322,116001962.71,3300000000.0,0.03515211,0.03515211,600,0,0,1894578.34
323,436049036.03,3300000000.0,0.13213607,0.13213607,552,0,0,2048905.76
324,338075092.36,3300000000.0,0.102447,0.102447,535,0,0,1818287.75
325,128297276.86,3300000000.0,0.03887796,0.03887796,418,0,0,2007997.22
326,194245634.95,3300000000.0,0.05886231,0.05886231,474,0,0,1856290.08
327,230304103.79,3300000000.0,0.06978912,0.06978912,366,0,0,1884791.81
328,119049698.32,3300000000.0,0.03607567,0.03607567,441,0,0,1802001.77
329,247892827.31,3300000000.0,0.07511904,0.07511904,481,0,0,1885052.21
330,210283147.65,3300000000.0,0.06372217,0.06372217,508,0,0,1926479.73
331,404924106.99,3300000000.0,0.12270427,0.12270427,456,0,0,1909676.1
332,121025759.77,3300000000.0,0.03667447,0.03667447,525,0,0,1732039.58
333,1274534608.69,3300000000.0,0.38622261,0.38622261,492,0,0,2659830.24
334,251056357.5,3300000000.0,0.07607768,0.07607768,463,0,0,2001096.47
335,189183598.51,3300000000.0,0.05732836,0.05732836,522,0,0,1938178.4
336,397483126.99,3352445247.0,0.11856514,0.11856514,341,0,0,2064310.32
337,103685394.89,3300000000.0,0.03141982,0.03141982,572,0,0,1820893.3
338,143392190.37,3300000000.0,0.04345218,0.04345218,643,0,0,1850985.85
339,118365395.16,3300000000.0,0.0358683,0.0358683,556,0,0,1951798.31
340,132963423.41,3300000000.0,0.04029195,0.04029195,626,0,0,1779752.61
341,100667144.24,3300000000.0,0.0305052,0.0305052,638,0,0,1881554.97
342,128681813.22,3300000000.0,0.03899449,0.03899449,468,0,0,1938400.57
343,964503797.56,3300000000.0,0.29227388,0.29227388,457,0,0,2453845.57
344,102129915.2,3300000000.0,0.03094846,0.03094846,495,0,0,1778667.56
345,231855080.13,3300000000.0,0.07025912,0.07025912,400,0,0,1929028.78
346,139371162.77,3300000000.0,0.04223369,0.04223369,482,0,0,1785374.52
347,311479413.27,3524442551.0,0.08837693,0.08837693,349,0,0,1849510.82
348,205437804.62,3300000000.0,0.06225388,0.06225388,423,0,0,1888916.27
349,346024957.84,3300000000.0,0.10485605,0.10485605,390,0,0,1965756.15
350,193684574.67,3300000000.0,0.0586923,0.0586923,489,0,0,1774083.34
351,284345349.23,3300000000.0,0.08616526,0.08616526,479,0,0,1914332.11
352,177656356.93,3300000000.0,0.05383526,0.05383526,420,0,0,1995402.21
353,149352971.35,3300000000.0,0.04525848,0.04525848,523,0,0,1850406.15
354,118702920.09,3300000000.0,0.03597058,0.03597058,568,0,0,1914895.22
355,129344091.35,3300000000.0,0.03919518,0.03919518,492,0,0,1748015.35
356,463556305.52,3300000000.0,0.14047161,0.14047161,422,0,0,2463769.17
357,113776587.44,3300000000.0,0.03447775,0.03447775,490,0,0,2024082.52
358,87250523.16,3300000000.0,0.02643955,0.02643955,491,0,0,1764761.24
359,87870463.41,3300000000.0,0.02662741,0.02662741,644,0,0,1785390.7
360,311196812.06,3300000000.0,0.09430206,0.09430206,443,0,0,1923315.33
361,207694585.89,3300000000.0,0.06293775,0.06293775,481,0,0,1932440.21
362,149387994.42,3300000000.0,0.04526909,0.04526909,566,0,0,1741489.15
363,371069038.21,3300000000.0,0.11244516,0.11244516,399,0,0,2248628.09
364,103619779.86,3300000000.0,0.03139993,0.03139993,511,0,0,1855843.0
365,171159625.69,3300000000.0,0.05186655,0.05186655,628,0,0,1903067.33
366,212139240.91,3584888064.0,0.05917597,0.05917597,382,0,0,2039074.62
367,136758851.85,3300000000.0,0.04144208,0.04144208,548,0,0,1812515.68
368,98460912.6,3300000000.0,0.02983664,0.02983664,689,0,0,1853032.18
369,124011170.9,3300000000.0,0.03757914,0.03757914,442,0,0,1870854.84
370,596679325.68,3300000000.0,0.18081192,0.18081192,479,0,0,2439463.66
371,223881944.68,3300000000.0,0.06784301,0.06784301,554,0,0,1873525.2
372,207418034.83,3300000000.0,0.06285395,0.06285395,489,0,0,2093982.25
373,98940951.12,3300000000.0,0.02998211,0.02998211,585,0,0,1805618.35
374,2584814373.19,4496760536.0,0.57481699,0.57481699,338,0,0,2680731.46
375,193238880.29,3300000000.0,0.05855724,0.05855724,410,0,0,2140981.0
376,102433808.84,3300000000.0,0.03104055,0.03104055,626,0,0,1716363.37
377,210357140.64,3300000000.0,0.06374459,0.06374459,480,0,0,2063816.92
378,293146159.47,3359618091.0,0.0872558,0.0872558,396,0,0,1844759.35
379,290150970.25,3300000000.0,0.08792454,0.08792454,374,0,0,1974524.86
380,1700315686.25,3896243912.0,0.43639868,0.43639868,376,0,0,2841395.6
381,81920802.84,3300000000.0,0.02482449,0.02482449,629,0,0,1687928.65
382,154212664.41,3300000000.0,0.04673111,0.04673111,472,0,0,1814467.47
383,221728232.36,3300000000.0,0.06719037,0.06719037,453,0,0,1994737.61
384,467466771.78,3698975633.0,0.12637736,0.12637736,375,0,0,2355762.81
385,154933526.58,3300000000.0,0.04694955,0.04694955,551,0,0,1917439.94
386,134611498.5,3300000000.0,0.04079136,0.04079136,414,0,0,1827521.01
387,363449648.99,3300000000.0,0.11013626,0.11013626,461,0,0,1883242.49
388,150562146.65,3300000000.0,0.04562489,0.04562489,476,0,0,2007539.74
389,277516621.52,3300000000.0,0.08409595,0.08409595,525,0,0,1962158.77
390,95927606.82,3300000000.0,0.02906897,0.02906897,648,0,0,1818004.05
391,115547091.29,3300000000.0,0.03501427,0.03501427,526,0,0,1894761.92
392,317140728.18,3300000000.0,0.09610325,0.09610325,453,0,0,2431338.92
393,177404966.31,3300000000.0,0.05375908,0.05375908,467,0,0,1962814.15
394,669995163.87,4068112734.0,0.16469435,0.16469435,341,0,0,2295713.76
395,106388835.84,3300000000.0,0.03223904,0.03223904,471,0,0,1793189.48
396,92850519.33,3300000000.0,0.02813652,0.02813652,543,0,0,1754066.28
397,154863179.51,3300000000.0,0.04692824,0.04692824,499,0,0,1935612.46
398,138920651.32,3300000000.0,0.04209717,0.04209717,373,0,0,2058809.54
399,118947185.26,3300000000.0,0.0360446,0.0360446,590,0,0,1907409.95
400,186802787.55,3300000000.0,0.05660691,0.05660691,401,0,0,1952337.95
401,101257533.33,3300000000.0,0.0306841,0.0306841,427,0,0,1882390.62
402,115812924.48,3300000000.0,0.03509483,0.03509483,497,0,0,1847502.38
403,275931016.92,3300000000.0,0.08361546,0.08361546,538,0,0,1832624.23
404,294219092.15,3300000000.0,0.0891573,0.0891573,536,0,0,1868338.7
405,79474764.76,3300000000.0,0.02408326,0.02408326,644,0,0,1707328.42
406,277382511.15,3300000000.0,0.08405531,0.08405531,433,0,0,2109116.95
407,166618452.15,3300000000.0,0.05049044,0.05049044,539,0,0,1827508.45
408,1273893355.19,3679303686.0,0.34623219,0.34623219,355,0,0,2645972.14
409,298306862.37,3300000000.0,0.09039602,0.09039602,452,0,0,1809190.29
410,156560057.63,3300000000.0,0.04744244,0.04744244,418,0,0,1969421.34
411,107648638.38,3300000000.0,0.0326208,0.0326208,683,0,0,1873436.05
412,408273400.23,3300000000.0,0.12371921,0.12371921,520,0,0,1839751.37
413,132231374.71,3300000000.0,0.04007011,0.04007011,455,0,0,1821133.35
414,219286891.12,3300000000.0,0.06645057,0.06645057,491,0,0,1884412.71
415,179460214.8,3300000000.0,0.05438188,0.05438188,444,0,0,1939199.01
416,218455175.76,3300000000.0,0.06619854,0.06619854,390,0,0,1910000.69
417,185964009.44,3300000000.0,0.05635273,0.05635273,484,0,0,1801495.46
418,106394835.64,3300000000.0,0.03224086,0.03224086,378,0,0,1868404.21
419,244377083.06,3300000000.0,0.07405366,0.07405366,388,0,0,1917813.31
420,165926343.76,3300000000.0,0.05028071,0.05028071,467,0,0,1994119.15
421,134966232.41,3300000000.0,0.04089886,0.04089886,637,0,0,1810081.38
422,106364680.95,3300000000.0,0.03223172,0.03223172,471,0,0,1852010.18
423,151881572.81,3300000000.0,0.04602472,0.04602472,522,0,0,1774578.13
424,111353162.04,3300000000.0,0.03374338,0.03374338,553,0,0,1806805.1
425,291765110.59,3300000000.0,0.08841367,0.08841367,531,0,0,1922749.37
426,281266674.42,3300000000.0,0.08523233,0.08523233,412,0,0,2180904.79
427,329724624.81,3300000000.0,0.09991655,0.09991655,467,0,0,2008224.72
428,139732127.77,3300000000.0,0.04234307,0.04234307,500,0,0,1878258.28
429,112884955.82,3300000000.0,0.03420756,0.03420756,601,0,0,1890240.64
430,151830103.15,3300000000.0,0.04600912,0.04600912,354,0,0,1844127.39
431,124231073.41,3300000000.0,0.03764578,0.03764578,567,0,0,1841266.57
432,136870434.49,3300000000.0,0.04147589,0.04147589,439,0,0,1942520.03
433,181173267.38,3300000000.0,0.05490099,0.05490099,505,0,0,1951079.99
434,240711858.08,3300000000.0,0.07294299,0.07294299,484,0,0,2250361.73
435,156667523.74,3300000000.0,0.04747501,0.04747501,481,0,0,1863471.34
436,160004675.03,3300000000.0,0.04848627,0.04848627,442,0,0,1950962.95
437,680804958.81,3300000000.0,0.20630453,0.20630453,464,0,0,2090680.93
438,281335481.57,3300000000.0,0.08525318,0.08525318,434,0,0,2104306.08
439,195676482.27,3300000000.0,0.0592959,0.0592959,467,0,0,1846862.75
440,473184422.19,3300000000.0,0.14338922,0.14338922,394,0,0,2549013.78
441,563951146.36,3300000000.0,0.17089429,0.17089429,457,0,0,2254620.88
442,113483770.95,3300000000.0,0.03438902,0.03438902,402,0,0,1940246.4
443,97273541.33,3300000000.0,0.02947683,0.02947683,621,0,0,1788463.26
444,978543027.48,3300000000.0,0.29652819,0.29652819,426,0,0,2480944.05
445,240810252.7,3300000000.0,0.0729728,0.0729728,405,0,0,1883602.16
446,127072983.39,3300000000.0,0.03850696,0.03850696,549,0,0,1784368.01
447,273217409.05,3638844495.0,0.07508356,0.07508356,399,0,0,1955783.43
448,87380937.99,3300000000.0,0.02647907,0.02647907,528,0,0,1811469.49
449,140485487.5,3300000000.0,0.04257136,0.04257136,474,0,0,2054607.25
450,111667135.66,3300000000.0,0.03383853,0.03383853,495,0,0,1949733.12
451,95787914.09,3300000000.0,0.02902664,0.02902664,513,0,0,1843458.31
452,179303753.64,3300000000.0,0.05433447,0.05433447,444,0,0,2075459.57
453,263762564.43,3300000000.0,0.07992805,0.07992805,434,0,0,1903127.72
454,4232002268.88,4289964121.0,0.98648897,0.98648897,341,0,0,2656996.88
455,317887890.35,3300000000.0,0.09632966,0.09632966,422,0,0,2021866.84
456,118443125.98,3300000000.0,0.03589186,0.03589186,524,0,0,1796109.62
457,107817566.41,3300000000.0,0.03267199,0.03267199,704,0,0,1775698.32
458,144739847.92,3300000000.0,0.04386056,0.04386056,477,0,0,1889004.0
459,295199311.42,3300000000.0,0.08945434,0.08945434,483,0,0,1964609.84
460,107548107.19,3300000000.0,0.03259034,0.03259034,571,0,0,1817405.91
461,116527382.49,3300000000.0,0.03531133,0.03531133,585,0,0,1930132.66
462,157577332.25,3300000000.0,0.04775071,0.04775071,526,0,0,1975552.82
463,126326409.77,3300000000.0,0.03828073,0.03828073,459,0,0,1993231.29
464,343278383.76,3402981858.0,0.10087576,0.10087576,389,0,0,2119488.69
465,118671649.8,3300000000.0,0.03596111,0.03596111,450,0,0,1840484.13
466,139152002.07,3300000000.0,0.04216727,0.04216727,505,0,0,1941104.97
467,148744121.4,3300000000.0,0.04507398,0.04507398,408,0,0,1995393.32
468,146380739.26,3300000000.0,0.0443578,0.0443578,546,0,0,1870612.86
469,117917731.02,3300000000.0,0.03573265,0.03573265,449,0,0,1895543.98
470,198646687.89,3300000000.0,0.06019597,0.06019597,426,0,0,1912523.63
471,184886765.84,3300000000.0,0.05602629,0.05602629,587,0,0,1875692.49
472,167339910.35,3300000000.0,0.05070906,0.05070906,546,0,0,1897752.48
473,304233437.84,3300000000.0,0.09219195,0.09219195,387,0,0,1911387.58
474,189203457.68,3300000000.0,0.05733438,0.05733438,399,0,0,2163673.84
475,539888327.56,3516903059.0,0.15351243,0.15351243,417,0,0,2394369.68
476,114901866.48,3300000000.0,0.03481875,0.03481875,584,0,0,1749665.86
477,144118824.2,3300000000.0,0.04367237,0.04367237,531,0,0,1801309.16
478,343695649.74,3326028859.0,0.10333514,0.10333514,339,0,0,2065965.09
479,111422281.29,3300000000.0,0.03376433,0.03376433,542,0,0,1857871.93
480,143023328.06,3300000000.0,0.0433404,0.0433404,551,0,0,1823259.26
481,110281194.06,3300000000.0,0.03341854,0.03341854,563,0,0,1826760.39
482,214205890.93,3300000000.0,0.06491088,0.06491088,555,0,0,1822997.88
483,560707980.8,4567539896.0,0.1227593,0.1227593,352,0,0,2376614.81
484,129478243.65,3300000000.0,0.03923583,0.03923583,477,0,0,1876606.88
485,286940173.99,3300000000.0,0.08695157,0.08695157,476,0,0,1911101.54
486,737969178.43,3445838772.0,0.21416242,0.21416242,417,0,0,2657971.77
487,225722344.17,3300000000.0,0.06840071,0.06840071,518,0,0,1871269.39
488,659341426.0,3301442527.0,0.19971313,0.19971313,398,0,0,2750039.99
489,178506879.61,3300000000.0,0.05409299,0.05409299,488,0,0,1951341.48
490,101317426.24,3300000000.0,0.03070225,0.03070225,571,0,0,1797496.34
491,824209498.15,3300000000.0,0.24976045,0.24976045,404,0,0,2597587.57
492,154312043.58,3300000000.0,0.04676123,0.04676123,521,0,0,1940502.37
493,110170800.6,3300000000.0,0.03338509,0.03338509,586,0,0,1773521.27
494,423929641.18,3300000000.0,0.12846353,0.12846353,481,0,0,1873700.17
495,212088861.42,3300000000.0,0.06426935,0.06426935,542,0,0,1927605.47
496,970686217.64,3647995880.0,0.26608753,0.26608753,378,0,0,2751835.6
497,107587766.45,3300000000.0,0.03260235,0.03260235,526,0,0,1904447.07
498,458802999.43,3487830413.0,0.13154395,0.13154395,400,0,0,2395328.12
499,163493371.22,3300000000.0,0.04954345,0.04954345,438,0,0,1992357.91
500,126995047.38,3300000000.0,0.03848335,0.03848335,439,0,0,1888525.97
501,289356873.0,3300000000.0,0.0876839,0.0876839,447,0,0,2028809.23
502,310448282.79,3300000000.0,0.09407524,0.09407524,446,0,0,1857284.45
503,137749247.72,3300000000.0,0.0417422,0.0417422,531,0,0,1824067.95
504,3312964095.09,4714916080.0,0.702656,0.702656,330,0,0,2737115.69
505,339831427.76,3300000000.0,0.10297922,0.10297922,434,0,0,1957384.92
506,403501516.51,3300000000.0,0.12227319,0.12227319,453,0,0,2032364.97
507,131767450.5,3300000000.0,0.03992953,0.03992953,585,0,0,1843760.93
508,152338342.87,3300000000.0,0.04616313,0.04616313,405,0,0,2233720.63
509,433019705.44,3300000000.0,0.13121809,0.13121809,437,0,0,2138474.83
510,149906650.45,3300000000.0,0.04542626,0.04542626,580,0,0,1837358.57
511,109054761.85,3300000000.0,0.0330469,0.0330469,580,0,0,1820374.44
512,846850096.34,3300000000.0,0.25662124,0.25662124,418,0,0,2572087.33
513,335283911.56,3300000000.0,0.10160119,0.10160119,486,0,0,1955698.8
514,282249101.51,3300000000.0,0.08553003,0.08553003,383,0,0,2014357.15
515,203614241.59,3300000000.0,0.06170129,0.06170129,485,0,0,1775292.96
516,154487506.02,3300000000.0,0.0468144,0.0468144,451,0,0,1933602.74
517,207061787.41,3300000000.0,0.062746,0.062746,402,0,0,2098678.01
518,136033720.4,3300000000.0,0.04122234,0.04122234,539,0,0,1844670.03
519,117844166.02,3300000000.0,0.03571035,0.03571035,569,0,0,1884758.34
520,116852905.17,3300000000.0,0.03540997,0.03540997,610,0,0,1873613.53
521,119842314.84,3300000000.0,0.03631585,0.03631585,476,0,0,2008854.35
522,149870492.97,3300000000.0,0.0454153,0.0454153,519,0,0,1953810.5
523,124241572.58,3300000000.0,0.03764896,0.03764896,580,0,0,1848904.33
524,99803556.11,3300000000.0,0.0302435,0.0302435,590,0,0,1804407.94
525,176036425.22,3300000000.0,0.05334437,0.05334437,456,0,0,1776297.43
526,88029544.38,3300000000.0,0.02667562,0.02667562,597,0,0,1744271.49
527,130633752.46,3300000000.0,0.03958599,0.03958599,581,0,0,1847661.56
528,175291638.89,3300000000.0,0.05311868,0.05311868,534,0,0,1845462.81
529,89599324.75,3300000000.0,0.02715131,0.02715131,515,0,0,1849350.41
530,347248514.3,3300000000.0,0.10522682,0.10522682,435,0,0,2230967.11
531,301185857.81,3300000000.0,0.09126844,0.09126844,443,0,0,2224131.33
532,134371914.46,3300000000.0,0.04071876,0.04071876,463,0,0,1857401.51
533,167010465.01,3300000000.0,0.05060923,0.05060923,494,0,0,1955295.57
534,690668752.85,3300000000.0,0.20929356,0.20929356,380,0,0,2663250.6
535,147694154.2,3300000000.0,0.0447558,0.0447558,526,0,0,1883295.96
536,115381488.35,3300000000.0,0.03496409,0.03496409,570,0,0,2002826.2
537,112206255.56,3300000000.0,0.0340019,0.0340019,601,0,0,1822077.84
538,368816320.09,3603615713.0,0.10234618,0.10234618,381,0,0,2365331.28
539,216499970.61,3445899347.0,0.06282829,0.06282829,378,0,0,1992378.48
540,149531935.94,3300000000.0,0.04531271,0.04531271,373,0,0,2046262.21
541,142107305.58,3300000000.0,0.04306282,0.04306282,639,0,0,1871807.62
542,94173623.42,3300000000.0,0.02853746,0.02853746,563,0,0,1765958.77
543,351681089.2,3300000000.0,0.10657003,0.10657003,600,0,0,1860249.5
544,84693092.93,3300000000.0,0.02566457,0.02566457,543,0,0,1794384.85
545,486325440.88,3300000000.0,0.14737135,0.14737135,436,0,0,2236880.09
546,302125457.81,3300000000.0,0.09155317,0.09155317,488,0,0,1900651.32
547,121325831.31,3300000000.0,0.0367654,0.0367654,373,0,0,2010874.5
548,113245437.83,3300000000.0,0.0343168,0.0343168,424,0,0,1880759.18
549,394439207.96,3300000000.0,0.11952703,0.11952703,512,0,0,1929563.23
550,147217681.39,3300000000.0,0.04461142,0.04461142,552,0,0,1932866.8
551,106631309.14,3300000000.0,0.03231252,0.03231252,567,0,0,1958844.19
552,779905866.81,3300000000.0,0.23633511,0.23633511,480,0,0,2577066.74
553,414747029.83,3595174720.0,0.11536213,0.11536213,376,0,0,2169740.94
554,275525219.32,3643148265.0,0.07562833,0.07562833,409,0,0,1877237.04
555,94066311.38,3300000000.0,0.02850494,0.02850494,547,0,0,1739246.62
556,311919421.56,3300000000.0,0.09452104,0.09452104,435,0,0,2044721.49
557,304724121.95,3300000000.0,0.09234064,0.09234064,455,0,0,2030202.4
558,240860570.62,3300000000.0,0.07298805,0.07298805,430,0,0,1858235.28
559,120071594.7,3300000000.0,0.03638533,0.03638533,494,0,0,2024246.02
560,137721563.9,3300000000.0,0.04173381,0.04173381,522,0,0,1879405.1
561,463983350.68,3300000000.0,0.14060102,0.14060102,463,0,0,2223946.99
562,240019381.08,3300000000.0,0.07273315,0.07273315,395,0,0,1949940.61
563,210746914.57,3300000000.0,0.0638627,0.0638627,430,0,0,1872589.0
564,233658628.19,3300000000.0,0.07080564,0.07080564,378,0,0,1959037.2
565,774131569.34,3300000000.0,0.23458532,0.23458532,501,0,0,2415236.03
566,964358705.23,3569577422.0,0.27016047,0.27016047,405,0,0,2517562.24
567,207470910.19,3300000000.0,0.06286997,0.06286997,445,0,0,1784989.9
568,217612391.53,3300000000.0,0.06594315,0.06594315,439,0,0,2003958.24
569,264118929.38,3300000000.0,0.08003604,0.08003604,421,0,0,1991439.78
570,203368195.11,3300000000.0,0.06162673,0.06162673,517,0,0,1912963.25
571,945376017.44,4178927376.0,0.22622456,0.22622456,385,0,0,2655419.84
572,173346378.24,3300000000.0,0.05252921,0.05252921,519,0,0,2030571.7
573,315175054.45,3300000000.0,0.09550759,0.09550759,420,0,0,2000422.91
574,141866369.9,3300000000.0,0.04298981,0.04298981,380,0,0,1781729.43
575,131697725.91,3300000000.0,0.0399084,0.0399084,487,0,0,1973209.66
576,1219098251.57,3772630097.0,0.3231428,0.3231428,356,0,0,2874909.55
577,139178271.62,3300000000.0,0.04217523,0.04217523,617,0,0,1889771.83
578,146795230.62,3300000000.0,0.0444834,0.0444834,473,0,0,1866102.08
579,182315997.51,3300000000.0,0.05524727,0.05524727,462,0,0,1951960.28
580,176472282.48,3300000000.0,0.05347645,0.05347645,434,0,0,1935402.5
581,159970463.7,3300000000.0,0.0484759,0.0484759,541,0,0,1895676.64
582,119843957.06,3300000000.0,0.03631635,0.03631635,526,0,0,1810090.21
583,259376510.85,3300000000.0,0.07859894,0.07859894,522,0,0,1879607.27
584,177222791.49,3560439284.0,0.04977554,0.04977554,389,0,0,1998491.2
585,375259012.87,3370939760.0,0.11132178,0.11132178,419,0,0,2129228.42
586,129273246.98,3300000000.0,0.03917371,0.03917371,556,0,0,1912116.43
587,478000289.93,3300000000.0,0.14484857,0.14484857,478,0,0,1856969.05
588,111846161.11,3300000000.0,0.03389278,0.03389278,434,0,0,1966967.23
589,128038013.76,3300000000.0,0.0387994,0.0387994,524,0,0,1840551.88
590,211865939.8,3300000000.0,0.0642018,0.0642018,458,0,0,2065345.28
591,115352867.79,3300000000.0,0.03495541,0.03495541,467,0,0,1982452.81
592,137621263.05,3300000000.0,0.04170341,0.04170341,529,0,0,1866371.87
593,131250511.73,3300000000.0,0.03977288,0.03977288,432,0,0,1923669.21
594,390488050.19,3300000000.0,0.11832971,0.11832971,487,0,0,1954688.73
595,159783559.19,3300000000.0,0.04841926,0.04841926,435,0,0,1847894.0
596,311968041.04,3516614598.0,0.0887126,0.0887126,398,0,0,2208761.59
597,128489360.3,3300000000.0,0.03893617,0.03893617,553,0,0,1872365.15
598,457151068.52,3300000000.0,0.13853063,0.13853063,542,0,0,2063302.25
599,114284584.87,3300000000.0,0.03463169,0.03463169,428,0,0,1808801.31
600,101989028.68,3300000000.0,0.03090577,0.03090577,672,0,0,1780645.86
601,86402865.04,3300000000.0,0.02618269,0.02618269,497,0,0,1803152.01
602,160280441.93,3300000000.0,0.04856983,0.04856983,655,0,0,1820071.2
603,173218512.37,3300000000.0,0.05249046,0.05249046,613,0,0,1823316.18
604,325346187.18,3300000000.0,0.09858975,0.09858975,499,0,0,1953188.9
605,100803669.8,3300000000.0,0.03054657,0.03054657,599,0,0,1891675.84
606,161554818.3,3300000000.0,0.04895601,0.04895601,440,0,0,1937935.51
607,148475593.67,3300000000.0,0.0449926,0.0449926,447,0,0,2013167.18
608,462105232.55,3930333485.0,0.11757405,0.11757405,328,0,0,2171806.55
609,761237213.12,4282122470.0,0.177771,0.177771,334,0,0,2588399.72
610,253906550.44,3300000000.0,0.07694138,0.07694138,462,0,0,1977448.05
611,121121967.32,3300000000.0,0.03670363,0.03670363,541,0,0,1916695.03
612,188455411.12,3397153767.0,0.0554745,0.0554745,401,0,0,1991585.26
613,522282622.41,3355246738.0,0.15566146,0.15566146,411,0,0,2242323.84
614,168444221.59,3300000000.0,0.0510437,0.0510437,517,0,0,2076184.88
615,212137534.1,3300000000.0,0.0642841,0.0642841,487,0,0,1914434.46
616,229712506.73,3300000000.0,0.06960985,0.06960985,583,0,0,1781563.02
617,328775572.25,3554020002.0,0.09250808,0.09250808,362,0,0,2074776.26
618,191971190.07,3300000000.0,0.05817309,0.05817309,427,0,0,2055514.56
619,198289745.09,3300000000.0,0.0600878,0.0600878,428,0,0,1926847.12
620,171294622.02,3300000000.0,0.05190746,0.05190746,566,0,0,1817832.87
621,90436882.74,3300000000.0,0.02740512,0.02740512,675,0,0,1801700.33
622,118576635.06,3300000000.0,0.03593231,0.03593231,525,0,0,1998732.14
623,448213509.14,4281685370.0,0.10468156,0.10468156,357,0,0,2428368.65
624,115753202.67,3300000000.0,0.03507673,0.03507673,451,0,0,1882815.02
625,132127336.03,3300000000.0,0.04003859,0.04003859,477,0,0,1853722.12
626,236390974.01,3300000000.0,0.07163363,0.07163363,484,0,0,1926175.75
627,102174107.71,3300000000.0,0.03096185,0.03096185,536,0,0,1906369.54
628,194856573.31,3300000000.0,0.05904745,0.05904745,422,0,0,2036489.52
629,335998700.19,3300000000.0,0.10181779,0.10181779,403,0,0,2075653.37
630,485753007.25,3300000000.0,0.14719788,0.14719788,525,0,0,1854748.97
631,232941545.83,3300000000.0,0.07058835,0.07058835,510,0,0,1944858.87
632,529055157.52,3332895991.0,0.15873737,0.15873737,383,0,0,2005689.94
633,146355877.79,3300000000.0,0.04435027,0.04435027,600,0,0,1888680.96
634,568246148.08,3300000000.0,0.1721958,0.1721958,400,0,0,2390042.5
635,254343564.08,3300000000.0,0.07707381,0.07707381,578,0,0,1847669.88
636,150116259.04,3300000000.0,0.04548978,0.04548978,590,0,0,1893792.15
637,158399994.74,3300000000.0,0.048,0.048,556,0,0,1908701.07
638,558718280.7,4104729103.0,0.13611575,0.13611575,385,0,0,2335288.31
639,109619182.28,3300000000.0,0.03321793,0.03321793,432,0,0,1866553.43
640,98788133.56,3300000000.0,0.0299358,0.0299358,482,0,0,1823062.45
641,169401276.0,3300000000.0,0.05133372,0.05133372,481,0,0,1911620.7
642,127640927.18,3300000000.0,0.03867907,0.03867907,506,0,0,1816445.87
643,128243103.59,3300000000.0,0.03886155,0.03886155,509,0,0,1905605.01
644,302565636.1,3342113701.0,0.09053122,0.09053122,418,0,0,1973228.08
645,190196396.03,3300000000.0,0.05763527,0.05763527,432,0,0,1924497.9
646,127167685.57,3300000000.0,0.03853566,0.03853566,481,0,0,1916690.26
647,196228424.48,3300000000.0,0.05946316,0.05946316,491,0,0,1915814.5
648,174766282.36,3300000000.0,0.05295948,0.05295948,561,0,0,1812077.17
649,128103402.54,3300000000.0,0.03881921,0.03881921,524,0,0,1757046.09
650,556892754.43,3300000000.0,0.16875538,0.16875538,494,0,0,2096123.51
651,199616668.67,3300000000.0,0.0604899,0.0604899,573,0,0,1791256.93
652,281360539.0,3300000000.0,0.08526077,0.08526077,464,0,0,1913292.05
653,189398307.66,3300000000.0,0.05739343,0.05739343,598,0,0,1807970.34
654,134682083.24,3300000000.0,0.04081275,0.04081275,456,0,0,2042747.77
655,528488677.6,3300000000.0,0.16014808,0.16014808,525,0,0,2323132.4
656,204716798.54,3300000000.0,0.06203539,0.06203539,508,0,0,1831972.62
657,132201224.52,3300000000.0,0.04006098,0.04006098,560,0,0,1896235.95
658,285697269.34,3300000000.0,0.08657493,0.08657493,463,0,0,1880359.16
659,391871280.75,3787754015.0,0.10345743,0.10345743,372,0,0,2061144.66
660,105573030.28,3300000000.0,0.03199183,0.03199183,469,0,0,1840440.13
661,150843605.1,3300000000.0,0.04571018,0.04571018,414,0,0,1926850.04
662,433415878.89,3300000000.0,0.13133815,0.13133815,434,0,0,2098027.59
663,324797590.29,3300000000.0,0.09842351,0.09842351,416,0,0,2163920.7
664,122261865.5,3300000000.0,0.03704905,0.03704905,518,0,0,1877564.81
665,649606631.38,3357168692.0,0.19349836,0.19349836,438,0,0,2741391.33
666,128578900.46,3300000000.0,0.0389633,0.0389633,472,0,0,1794923.24
667,218298180.19,3300000000.0,0.06615096,0.06615096,589,0,0,1775292.38
668,102739381.18,3300000000.0,0.03113315,0.03113315,497,0,0,1882105.52
669,207515762.67,3300000000.0,0.06288356,0.06288356,421,0,0,1936413.83
670,391643608.35,3300000000.0,0.11867988,0.11867988,366,0,0,1938506.16
671,1173882146.67,3401048109.0,0.34515306,0.34515306,399,0,0,2322581.24
672,179610382.52,3300000000.0,0.05442739,0.05442739,549,0,0,1976040.73
673,124912148.14,3300000000.0,0.03785217,0.03785217,464,0,0,1950692.25
674,186995541.98,3300000000.0,0.05666532,0.05666532,409,0,0,2006097.88
675,128777349.9,3300000000.0,0.03902344,0.03902344,412,0,0,1928075.3
676,304528438.31,3300000000.0,0.09228134,0.09228134,519,0,0,2006611.43
677,300711930.78,3300000000.0,0.09112483,0.09112483,531,0,0,1862761.09
678,153078025.61,3300000000.0,0.04638728,0.04638728,411,0,0,1898362.78
679,102829694.21,3300000000.0,0.03116051,0.03116051,508,0,0,1905775.22
680,253915298.77,3300000000.0,0.07694403,0.07694403,451,0,0,1985853.52
681,202249935.72,3300000000.0,0.06128786,0.06128786,507,0,0,1917273.77
682,116673657.59,3300000000.0,0.03535565,0.03535565,493,0,0,1975510.13
683,168360717.21,3300000000.0,0.0510184,0.0510184,449,0,0,1897897.36
684,110265350.36,3300000000.0,0.03341374,0.03341374,556,0,0,1821491.65
685,133790588.82,3300000000.0,0.0405426,0.0405426,488,0,0,1915551.09
686,243210305.5,3300000000.0,0.07370009,0.07370009,447,0,0,1922902.98
687,250184865.83,3300000000.0,0.0758136,0.0758136,512,0,0,1943136.47
688,114791883.39,3300000000.0,0.03478542,0.03478542,562,0,0,1860734.28
689,1981694347.28,3839890655.0,0.51608093,0.51608093,422,0,0,2549517.91
690,105602423.41,3300000000.0,0.03200073,0.03200073,506,0,0,1877820.72
691,122912151.21,3300000000.0,0.03724611,0.03724611,582,0,0,1888676.33
692,549141683.43,3309224726.0,0.1659427,0.1659427,364,0,0,2155905.13
693,880205052.47,3300000000.0,0.2667288,0.2667288,458,0,0,2604270.09
694,286337971.05,3300000000.0,0.08676908,0.08676908,446,0,0,1938106.81
695,132913214.47,3300000000.0,0.04027673,0.04027673,428,0,0,1922277.45
696,138595948.82,3300000000.0,0.04199877,0.04199877,495,0,0,1835693.27
697,116643043.68,3300000000.0,0.03534638,0.03534638,638,0,0,1734201.25
698,113950201.61,3300000000.0,0.03453036,0.03453036,442,0,0,1921351.84
699,96004279.73,3300000000.0,0.02909221,0.02909221,414,0,0,1868721.64
700,311916590.43,3638304218.0,0.08573131,0.08573131,397,0,0,2186642.41
701,183826331.17,3300000000.0,0.05570495,0.05570495,513,0,0,1955742.85
702,114141794.06,3300000000.0,0.03458842,0.03458842,595,0,0,1791480.6
703,356769333.14,3300000000.0,0.10811192,0.10811192,479,0,0,1939492.49
704,220634622.45,3300000000.0,0.06685898,0.06685898,378,0,0,2007622.18
705,397195070.6,3300000000.0,0.12036214,0.12036214,401,0,0,1980455.36
706,146364378.6,3300000000.0,0.04435284,0.04435284,463,0,0,1796224.2
707,114095892.01,3300000000.0,0.03457451,0.03457451,538,0,0,1865292.69
708,154480057.13,3300000000.0,0.04681214,0.04681214,437,0,0,1941401.56
709,193746820.7,3300000000.0,0.05871116,0.05871116,470,0,0,1865407.7
710,163581615.8,3300000000.0,0.04957019,0.04957019,469,0,0,1830592.56
711,190620760.24,3300000000.0,0.05776387,0.05776387,632,0,0,1910524.1
712,102977621.65,3300000000.0,0.03120534,0.03120534,676,0,0,1767777.53
713,192885454.15,3300000000.0,0.05845014,0.05845014,576,0,0,1826225.94
714,152550329.8,3300000000.0,0.04622737,0.04622737,506,0,0,1927450.86
715,251389824.4,3300000000.0,0.07617873,0.07617873,539,0,0,1930947.28
716,148996222.8,3300000000.0,0.04515037,0.04515037,540,0,0,1754173.21
717,116700437.24,3300000000.0,0.03536377,0.03536377,574,0,0,1830899.16
718,91600911.96,3300000000.0,0.02775785,0.02775785,593,0,0,1863983.6
719,208116649.0,3300000000.0,0.06306565,0.06306565,555,0,0,1841962.22
720,164305804.93,3301460039.0,0.04976762,0.04976762,434,0,0,1910175.7
721,319551404.75,3300000000.0,0.09683376,0.09683376,407,0,0,1980342.05
722,123804927.3,3300000000.0,0.03751664,0.03751664,469,0,0,1937774.99
723,121631048.94,3300000000.0,0.03685789,0.03685789,500,0,0,1904909.07
724,154036758.7,3300000000.0,0.04667781,0.04667781,461,0,0,1915667.36
725,114791272.15,3300000000.0,0.03478523,0.03478523,417,0,0,1913871.91
726,212220259.22,3300000000.0,0.06430917,0.06430917,557,0,0,1853075.46
727,1246805003.07,3327598420.0,0.37468614,0.37468614,464,0,0,2428283.52
728,292004841.46,3857796509.0,0.07569213,0.07569213,375,0,0,2315542.32
729,215077577.59,3300000000.0,0.06517502,0.06517502,426,0,0,2164999.19
730,109280096.6,3300000000.0,0.03311518,0.03311518,545,0,0,1803531.98
731,108470728.78,3300000000.0,0.03286992,0.03286992,519,0,0,1748542.64
732,195026520.01,3300000000.0,0.05909895,0.05909895,547,0,0,1791409.88
733,333603106.75,3743635730.0,0.08911206,0.08911206,402,0,0,2166155.37
734,281477425.82,3484589796.0,0.08077778,0.08077778,372,0,0,2057761.23
735,545549925.17,3300000000.0,0.16531816,0.16531816,456,0,0,2041984.5
736,276645907.92,3300000000.0,0.08383209,0.08383209,468,0,0,1888487.43
737,189029449.73,3300000000.0,0.05728165,0.05728165,454,0,0,1836742.08
738,130043743.47,3300000000.0,0.03940719,0.03940719,593,0,0,1742881.13
739,2332492416.96,4471909250.0,0.5215876,0.5215876,360,0,0,2678828.07
740,114077819.2,3300000000.0,0.03456904,0.03456904,532,0,0,1800842.05
741,206903894.2,3300000000.0,0.06269815,0.06269815,565,0,0,1881468.8
742,276260598.19,3300000000.0,0.08371533,0.08371533,556,0,0,1765129.87
743,587782522.61,3545090529.0,0.16580184,0.16580184,385,0,0,2158349.56
744,340589188.41,3300000000.0,0.10320884,0.10320884,381,0,0,1960677.1
745,188008663.54,3300000000.0,0.05697232,0.05697232,410,0,0,1892827.43
746,92521674.53,3300000000.0,0.02803687,0.02803687,457,0,0,1814371.98
747,153839994.01,3300000000.0,0.04661818,0.04661818,492,0,0,1830514.86
748,160544905.23,3300000000.0,0.04864997,0.04864997,394,0,0,1902049.22
749,184135408.32,3300000000.0,0.05579861,0.05579861,577,0,0,1877023.2
750,322887897.68,3300000000.0,0.09784482,0.09784482,512,0,0,1931215.06
751,154577084.81,3300000000.0,0.04684154,0.04684154,680,0,0,1742678.46
752,175784333.26,3300000000.0,0.05326798,0.05326798,641,0,0,1803826.74
753,393281888.54,3300000000.0,0.11917633,0.11917633,454,0,0,2268918.01
754,377365766.64,3457140005.0,0.10915548,0.10915548,423,0,0,2108338.86
755,209559436.66,3300000000.0,0.06350286,0.06350286,396,0,0,2154683.74
756,379185497.45,3300000000.0,0.1149047,0.1149047,438,0,0,1978248.54
757,1233162578.58,4505330450.0,0.2737119,0.2737119,328,0,0,2826895.76
758,282379776.3,3300000000.0,0.08556963,0.08556963,474,0,0,1928650.39
759,281486292.46,3300000000.0,0.08529888,0.08529888,392,0,0,1849846.65
760,99844329.75,3300000000.0,0.03025586,0.03025586,557,0,0,1814562.7
761,272998506.46,3300000000.0,0.08272682,0.08272682,558,0,0,1848655.1
762,178741033.77,3300000000.0,0.05416395,0.05416395,562,0,0,1831314.49
763,290186689.37,3300000000.0,0.08793536,0.08793536,436,0,0,1870421.82
764,565123363.73,3300000000.0,0.1712495,0.1712495,490,0,0,2497766.4
765,92197696.05,3300000000.0,0.0279387,0.0279387,640,0,0,1823740.48
766,152455232.31,3300000000.0,0.04619856,0.04619856,471,0,0,1924899.2
767,136702558.1,3300000000.0,0.04142502,0.04142502,490,0,0,1875970.2
768,273841153.32,3300000000.0,0.08298217,0.08298217,513,0,0,1884517.45
769,209306836.03,3300000000.0,0.06342631,0.06342631,387,0,0,1858900.87
770,267251461.3,3300000000.0,0.08098529,0.08098529,435,0,0,2111393.6
771,142199152.47,3300000000.0,0.04309065,0.04309065,450,0,0,1972988.04
772,225711267.58,3300000000.0,0.06839735,0.06839735,445,0,0,2149483.63
773,778388974.53,3427010747.0,0.22713351,0.22713351,417,0,0,2642248.63
774,355397000.32,3477169956.0,0.10220869,0.10220869,412,0,0,2023416.03
775,216600648.08,3300000000.0,0.06563656,0.06563656,399,0,0,1818266.78
776,326902076.38,3300000000.0,0.09906124,0.09906124,476,0,0,1950657.78
777,407888448.23,3814767885.0,0.10692353,0.10692353,332,0,0,1951158.78
778,221769394.6,3300000000.0,0.06720285,0.06720285,496,0,0,1843360.16
779,158343520.32,3300000000.0,0.04798288,0.04798288,421,0,0,1910330.86
780,108255448.73,3300000000.0,0.03280468,0.03280468,619,0,0,1881805.15
781,827939051.36,3432057005.0,0.24123698,0.24123698,432,0,0,2489770.54
782,323011816.39,3300000000.0,0.09788237,0.09788237,541,0,0,1856222.58
783,602306918.71,3300000000.0,0.18251725,0.18251725,439,0,0,2715140.69
784,148905088.46,3388680386.0,0.04394191,0.04394191,396,0,0,1967716.12
785,217329654.24,3300000000.0,0.06585747,0.06585747,452,0,0,2181201.27
786,98509578.36,3300000000.0,0.02985139,0.02985139,647,0,0,1756787.25
787,322053597.15,3300000000.0,0.097592,0.097592,530,0,0,2164340.89
788,99544765.76,3300000000.0,0.03016508,0.03016508,617,0,0,1908391.41
789,295322495.85,3300000000.0,0.08949167,0.08949167,478,0,0,1881285.17
790,176039574.43,3300000000.0,0.05334533,0.05334533,536,0,0,1916035.67
791,116453733.32,3300000000.0,0.03528901,0.03528901,424,0,0,1896273.48
792,96132301.37,3300000000.0,0.029131,0.029131,653,0,0,1846569.48
793,320917815.54,3300000000.0,0.09724782,0.09724782,465,0,0,2074991.6
794,97910636.81,3300000000.0,0.02966989,0.02966989,657,0,0,1755944.47
795,120731980.82,3300000000.0,0.03658545,0.03658545,451,0,0,1836129.24
796,103975483.39,3300000000.0,0.03150772,0.03150772,568,0,0,1847121.89
797,253543894.71,3300000000.0,0.07683148,0.07683148,544,0,0,1856722.09
798,357841338.86,3300000000.0,0.10843677,0.10843677,492,0,0,1851347.4
799,533585961.75,3300000000.0,0.16169272,0.16169272,461,0,0,2450713.81
800,149836664.63,3300000000.0,0.04540505,0.04540505,515,0,0,1931743.51
801,119296416.31,3300000000.0,0.03615043,0.03615043,488,0,0,1815616.46
802,110678109.27,3300000000.0,0.03353882,0.03353882,461,0,0,1998177.78
803,116733503.79,3619264562.0,0.03225338,0.03225338,384,0,0,1889030.84
804,176529906.81,3300000000.0,0.05349391,0.05349391,568,0,0,1903765.87
805,382666454.41,3300000000.0,0.11595953,0.11595953,500,0,0,2098815.76
806,184071735.52,3300000000.0,0.05577931,0.05577931,464,0,0,2089131.29
807,222821673.84,3300000000.0,0.06752172,0.06752172,536,0,0,1911062.05
808,99101157.73,3300000000.0,0.03003065,0.03003065,569,0,0,1719401.2
809,116153264.62,3300000000.0,0.03519796,0.03519796,631,0,0,1798088.32
810,453957747.45,3300000000.0,0.13756295,0.13756295,535,0,0,1887306.43
811,156143766.16,3300000000.0,0.04731629,0.04731629,427,0,0,1818604.61
812,94134991.69,3300000000.0,0.02852576,0.02852576,607,0,0,1859107.7
813,569038387.1,3300000000.0,0.17243587,0.17243587,456,0,0,1883891.44
814,92303640.97,3300000000.0,0.0279708,0.0279708,515,0,0,1812372.72
815,116987501.16,3300000000.0,0.03545076,0.03545076,580,0,0,1872723.13
816,315777454.28,3300000000.0,0.09569014,0.09569014,483,0,0,2079683.8
817,133032454.33,3300000000.0,0.04031286,0.04031286,602,0,0,1899938.58
818,112765263.16,3300000000.0,0.03417129,0.03417129,561,0,0,1838224.13
819,261557294.79,3519983738.0,0.07430639,0.07430639,370,0,0,2345577.75
820,345827561.06,3300000000.0,0.10479623,0.10479623,424,0,0,2017532.12
821,128773010.21,3300000000.0,0.03902212,0.03902212,570,0,0,1819672.23
822,387321271.73,3300000000.0,0.11737008,0.11737008,523,0,0,1996969.54
823,152787019.09,3300000000.0,0.0462991,0.0462991,485,0,0,1810429.55
824,927523175.49,3300000000.0,0.28106763,0.28106763,522,0,0,2176674.46
825,117992769.87,3300000000.0,0.03575538,0.03575538,521,0,0,1793292.99
826,104842038.94,3300000000.0,0.03177031,0.03177031,509,0,0,1890775.04
827,105471847.54,3300000000.0,0.03196117,0.03196117,460,0,0,1883615.25
828,132954474.09,3300000000.0,0.04028923,0.04028923,510,0,0,1838042.61
829,794076123.28,3300000000.0,0.24062913,0.24062913,516,0,0,2507936.73
830,102082122.75,3300000000.0,0.03093398,0.03093398,507,0,0,1929184.39
831,390640202.19,3313367090.0,0.11789826,0.11789826,402,0,0,2073790.23
832,137094843.33,3300000000.0,0.04154389,0.04154389,567,0,0,1858150.64
833,178281325.18,3300000000.0,0.05402464,0.05402464,463,0,0,1929160.41
834,310626554.52,3300000000.0,0.09412926,0.09412926,416,0,0,1919972.46
835,166551277.45,3300000000.0,0.05047008,0.05047008,553,0,0,1808188.13
836,96584179.38,3300000000.0,0.02926793,0.02926793,416,0,0,1974710.71
837,370231336.25,3300000000.0,0.11219131,0.11219131,397,0,0,2022298.35
838,128062824.38,3300000000.0,0.03880692,0.03880692,506,0,0,1787699.33
839,131692680.86,3300000000.0,0.03990687,0.03990687,428,0,0,1888372.04
840,120725026.85,3300000000.0,0.03658334,0.03658334,487,0,0,1925880.41
841,812125826.02,4050642662.0,0.20049308,0.20049308,383,0,0,2599870.2
842,111854491.53,3300000000.0,0.0338953,0.0338953,517,0,0,2020931.07
843,103689738.41,3300000000.0,0.03142113,0.03142113,500,0,0,1867190.63
844,158761152.58,3300000000.0,0.04810944,0.04810944,451,0,0,1926925.84
845,97962006.12,3300000000.0,0.02968546,0.02968546,560,0,0,1888159.06
846,478728882.41,3300000000.0,0.14506936,0.14506936,494,0,0,2079225.99
847,211627404.33,3300000000.0,0.06412952,0.06412952,372,0,0,2136833.62
848,287556257.06,3300000000.0,0.08713826,0.08713826,505,0,0,1913646.89
849,137207155.22,3300000000.0,0.04157793,0.04157793,442,0,0,1849854.69
850,125490582.73,3300000000.0,0.03802745,0.03802745,499,0,0,1849194.27
851,218250433.07,3300000000.0,0.06613649,0.06613649,431,0,0,1949055.29
852,212116598.69,3300000000.0,0.06427776,0.06427776,561,0,0,1836808.02
853,385669027.39,3300000000.0,0.1168694,0.1168694,508,0,0,2079706.53
854,120262158.1,3300000000.0,0.03644308,0.03644308,544,0,0,1886732.44
855,100572362.22,3300000000.0,0.03047647,0.03047647,449,0,0,1811192.93
856,7327947013.19,5071642821.0,1.44488626,1.44488626,312,0,0,2732745.96
857,93670918.39,3300000000.0,0.02838513,0.02838513,595,0,0,1920369.44
858,124366127.11,3300000000.0,0.03768671,0.03768671,530,0,0,1891024.18
859,105073517.83,3300000000.0,0.03184046,0.03184046,351,0,0,1873812.42
860,136413070.93,3300000000.0,0.04133729,0.04133729,524,0,0,1986944.1
861,96278723.28,3300000000.0,0.02917537,0.02917537,578,0,0,1832036.15
862,151412743.9,3300000000.0,0.04588265,0.04588265,582,0,0,1805850.52
863,155225508.61,3300000000.0,0.04703803,0.04703803,517,0,0,1955030.19
864,93076613.13,3300000000.0,0.02820503,0.02820503,591,0,0,1884001.57
865,98935328.07,3300000000.0,0.0299804,0.0299804,466,0,0,1782842.06
866,131903431.06,3300000000.0,0.03997074,0.03997074,537,0,0,1975774.3
867,215923955.35,3300000000.0,0.0654315,0.0654315,468,0,0,1977633.93
868,388145757.36,3300000000.0,0.11761993,0.11761993,557,0,0,1863090.11
869,463776013.74,3300000000.0,0.14053819,0.14053819,486,0,0,2065549.29
870,121066830.6,3300000000.0,0.03668692,0.03668692,458,0,0,1861784.81
871,183859943.01,3300000000.0,0.05571513,0.05571513,472,0,0,1827256.25
872,128420301.69,3300000000.0,0.03891524,0.03891524,530,0,0,1821863.11
873,978075189.52,3300000000.0,0.29638642,0.29638642,495,0,0,2387435.59
874,168481761.43,3300000000.0,0.05105508,0.05105508,493,0,0,1962125.86
875,98995384.59,3300000000.0,0.0299986,0.0299986,548,0,0,1910218.73
876,310749093.95,3300000000.0,0.09416639,0.09416639,492,0,0,1985343.27
877,1523447925.6,3300000000.0,0.46165089,0.46165089,438,0,0,2606551.46
878,488184569.01,3300000000.0,0.14793472,0.14793472,452,0,0,2180843.74
879,151530381.16,3300000000.0,0.0459183,0.0459183,414,0,0,1905564.85
880,194172369.47,3494364654.0,0.05556729,0.05556729,416,0,0,1853162.16
881,206228284.77,3300000000.0,0.06249342,0.06249342,418,0,0,2025193.5
882,139386368.89,3300000000.0,0.04223829,0.04223829,484,0,0,1872881.08
883,327197217.54,3300000000.0,0.09915067,0.09915067,436,0,0,2223865.58
884,152046351.53,3300000000.0,0.04607465,0.04607465,406,0,0,1847481.99
885,142865887.89,3300000000.0,0.04329269,0.04329269,568,0,0,1821180.58
886,294872110.35,3300000000.0,0.08935518,0.08935518,475,0,0,2513523.23
887,378067407.48,3300000000.0,0.11456588,0.11456588,403,0,0,2345354.0
888,241779717.68,3996733538.0,0.06049433,0.06049433,373,0,0,1895833.24
889,181677067.46,3300000000.0,0.05505366,0.05505366,580,0,0,1808652.35
890,236383859.92,3300000000.0,0.07163147,0.07163147,440,0,0,2029353.23
891,296631801.27,3300000000.0,0.08988842,0.08988842,466,0,0,1847128.98
892,119505713.01,3300000000.0,0.03621385,0.03621385,340,0,0,1891056.84
893,404393703.88,3300000000.0,0.12254355,0.12254355,390,0,0,1928245.74
894,96524923.26,3300000000.0,0.02924998,0.02924998,513,0,0,1843542.67
895,420678954.66,3300000000.0,0.12747847,0.12747847,391,0,0,2482451.45
896,139438740.98,3300000000.0,0.04225416,0.04225416,535,0,0,1826523.14
897,134072461.58,3300000000.0,0.04062802,0.04062802,518,0,0,1869199.59
898,305204772.92,3300000000.0,0.09248629,0.09248629,467,0,0,1979575.83
899,98910540.68,3300000000.0,0.02997289,0.02997289,630,0,0,1782197.76
900,310882547.4,3300000000.0,0.09420683,0.09420683,489,0,0,1862453.58
901,369506755.21,3300000000.0,0.11197174,0.11197174,474,0,0,2076799.57
902,272703060.2,3300000000.0,0.08263729,0.08263729,366,0,0,1976025.2
903,178606226.74,3762133216.0,0.04747472,0.04747472,335,0,0,2104617.88
904,596762288.2,3300000000.0,0.18083706,0.18083706,459,0,0,2358674.45
905,162133052.54,3300000000.0,0.04913123,0.04913123,495,0,0,1851922.7
906,130514205.52,3300000000.0,0.03954976,0.03954976,517,0,0,1893972.29
907,1021881235.49,3300000000.0,0.30966098,0.30966098,456,0,0,2458911.19
908,110110053.36,3300000000.0,0.03336668,0.03336668,620,0,0,1818806.7
909,144749930.92,3300000000.0,0.04386362,0.04386362,523,0,0,1857031.65
910,1222904758.13,3916045376.0,0.31228054,0.31228054,369,0,0,2708684.64
911,188555945.87,3300000000.0,0.05713817,0.05713817,395,0,0,2020273.83
912,146194843.84,3300000000.0,0.04430147,0.04430147,461,0,0,1946644.48
913,137393356.78,3300000000.0,0.04163435,0.04163435,418,0,0,1806444.79
914,366945872.63,3372811305.0,0.10879526,0.10879526,393,0,0,1938147.4
915,130889702.3,3300000000.0,0.03966355,0.03966355,427,0,0,1922551.79
916,202075247.3,3300000000.0,0.06123492,0.06123492,551,0,0,1738344.78
917,435513295.66,4225733300.0,0.10306218,0.10306218,328,0,0,1962590.08
918,255873457.51,3300000000.0,0.07753741,0.07753741,573,0,0,1902781.94
919,157890314.33,3300000000.0,0.04784555,0.04784555,465,0,0,1840298.72
920,304486657.03,3300000000.0,0.09226868,0.09226868,551,0,0,2030061.51
921,279766952.79,3300000000.0,0.08477786,0.08477786,573,0,0,1868229.42
922,106694933.12,3300000000.0,0.0323318,0.0323318,555,0,0,1838589.2
923,191084465.44,3300000000.0,0.05790438,0.05790438,528,0,0,1890281.38
924,151054139.03,3300000000.0,0.04577398,0.04577398,464,0,0,1817770.18
925,299035475.95,3300000000.0,0.09061681,0.09061681,496,0,0,1987982.49
926,204618015.3,3300000000.0,0.06200546,0.06200546,448,0,0,1945894.69
927,130970251.54,3300000000.0,0.03968796,0.03968796,464,0,0,1910385.56
928,318863139.33,3329150614.0,0.09577913,0.09577913,396,0,0,1930338.37
929,149953638.18,3300000000.0,0.0454405,0.0454405,539,0,0,1852057.9
930,246573455.51,3300000000.0,0.07471923,0.07471923,486,0,0,2064135.73
931,343451023.63,3300000000.0,0.10407607,0.10407607,480,0,0,1823810.59
932,161132858.44,3300000000.0,0.04882814,0.04882814,537,0,0,1924637.75
933,1238551476.05,3300000000.0,0.37531863,0.37531863,427,0,0,2724093.12
934,98478965.09,3300000000.0,0.02984211,0.02984211,638,0,0,1935786.43
935,139362321.58,3300000000.0,0.04223101,0.04223101,528,0,0,1879150.2
936,186625791.52,3300000000.0,0.05655327,0.05655327,543,0,0,1936982.41
937,111133777.04,3300000000.0,0.0336769,0.0336769,526,0,0,1837372.21
938,126547342.51,3300000000.0,0.03834768,0.03834768,392,0,0,1806561.75
939,257272499.43,3300000000.0,0.07796136,0.07796136,384,0,0,2145578.62
940,199276306.81,3300000000.0,0.06038676,0.06038676,511,0,0,2013286.3
941,360366896.38,3300000000.0,0.10920209,0.10920209,477,0,0,1928220.09
942,105479116.03,3300000000.0,0.03196337,0.03196337,501,0,0,1831242.29
943,198535397.03,3437070364.0,0.05776297,0.05776297,363,0,0,1992542.37
944,101960065.71,3300000000.0,0.03089699,0.03089699,550,0,0,1896553.77
945,141565023.57,3300000000.0,0.04289849,0.04289849,444,0,0,1879564.67
946,927276537.19,3593260930.0,0.25805989,0.25805989,386,0,0,2605790.35
947,316113940.78,3690335681.0,0.08565994,0.08565994,394,0,0,1995692.09
948,112294933.61,3300000000.0,0.03402877,0.03402877,502,0,0,1901319.49
949,108364531.23,3300000000.0,0.03283774,0.03283774,609,0,0,1948582.29
950,206283547.59,3300000000.0,0.06251017,0.06251017,433,0,0,1885859.3
951,178075158.92,3300000000.0,0.05396217,0.05396217,469,0,0,1901668.94
952,763568410.42,3823921395.0,0.19968204,0.19968204,403,0,0,2708710.5
953,107574627.23,3300000000.0,0.03259837,0.03259837,627,0,0,1761717.71
954,127933366.5,3300000000.0,0.03876769,0.03876769,448,0,0,1934390.69
955,112384749.77,3300000000.0,0.03405598,0.03405598,628,0,0,1724430.68
956,106425935.91,3300000000.0,0.03225028,0.03225028,650,0,0,1881939.29
957,90875112.26,3300000000.0,0.02753791,0.02753791,481,0,0,1833327.2
958,245691207.21,3811355090.0,0.06446295,0.06446295,348,0,0,2056493.24
959,129939572.94,3300000000.0,0.03937563,0.03937563,448,0,0,1921317.95
960,189709667.44,3300000000.0,0.05748778,0.05748778,554,0,0,1852827.38
961,270310255.59,3300000000.0,0.0819122,0.0819122,509,0,0,1879051.09
962,350204662.08,3300000000.0,0.10612262,0.10612262,465,0,0,1889445.16
963,282445045.66,3300000000.0,0.08558941,0.08558941,469,0,0,1950761.3
964,94557181.17,3300000000.0,0.02865369,0.02865369,602,0,0,1763272.36
965,214370666.32,3300000000.0,0.06496081,0.06496081,466,0,0,1937115.14
966,1346064895.54,3450087620.0,0.39015383,0.39015383,387,0,0,2644725.43
967,165860086.11,3300000000.0,0.05026063,0.05026063,445,0,0,1894765.84
968,1039984246.29,3300000000.0,0.31514674,0.31514674,396,0,0,2562187.62
969,415690884.31,3868351766.0,0.10745943,0.10745943,413,0,0,1985351.72
970,128092150.94,3300000000.0,0.0388158,0.0388158,580,0,0,1913650.09
971,382504585.9,3300000000.0,0.11591048,0.11591048,460,0,0,2026712.61
972,443003105.94,3300000000.0,0.13424337,0.13424337,523,0,0,1991680.45
973,131867637.61,3300000000.0,0.03995989,0.03995989,512,0,0,1879723.82
974,135077706.35,3300000000.0,0.04093264,0.04093264,458,0,0,1835644.5
975,120593064.07,3300000000.0,0.03654335,0.03654335,649,0,0,1741274.54
976,355722946.91,3351844623.0,0.10612752,0.10612752,414,0,0,2064737.36
977,494852658.26,3720865599.0,0.13299396,0.13299396,372,0,0,2207290.86
978,435785962.6,3300000000.0,0.13205635,0.13205635,429,0,0,2161009.53
979,104607263.44,3300000000.0,0.03169917,0.03169917,593,0,0,1880557.91
980,164309846.15,3300000000.0,0.04979086,0.04979086,542,0,0,1782885.88
981,204131910.52,3300000000.0,0.06185815,0.06185815,442,0,0,1963994.04
982,227439512.92,3300000000.0,0.06892106,0.06892106,500,0,0,2013291.21
983,165234860.13,3300000000.0,0.05007117,0.05007117,435,0,0,1923153.73
984,244209253.26,3300000000.0,0.0740028,0.0740028,555,0,0,1822830.82
985,128277719.07,3300000000.0,0.03887204,0.03887204,560,0,0,1823012.74
986,185122015.15,3300000000.0,0.05609758,0.05609758,540,0,0,1881249.88
987,432800053.22,3300000000.0,0.13115153,0.13115153,424,0,0,2241808.58
988,228212904.5,3445716496.0,0.0662309,0.0662309,385,0,0,2012557.88
989,268239760.17,3549967334.0,0.07556119,0.07556119,396,0,0,2071507.55
990,271853138.93,3300000000.0,0.08237974,0.08237974,412,0,0,1939931.24
991,160842020.89,3300000000.0,0.04874001,0.04874001,484,0,0,1949142.02
992,107900122.72,3300000000.0,0.03269701,0.03269701,470,0,0,1884796.19
993,110403093.4,3300000000.0,0.03345548,0.03345548,558,0,0,1784456.66
994,97748118.83,3300000000.0,0.02962064,0.02962064,652,0,0,1832968.78
995,145061649.39,3300000000.0,0.04395808,0.04395808,415,0,0,1991547.03
996,119370894.86,3300000000.0,0.036173,0.036173,480,0,0,1871626.92
997,222104057.25,3571968223.0,0.06217974,0.06217974,391,0,0,1910658.64
998,379606635.94,3300000000.0,0.11503231,0.11503231,439,0,0,2167550.32
999,522661558.99,3300000000.0,0.15838229,0.15838229,553,0,0,2018283.31
1000,109422014.0,3300000000.0,0.03315819,0.03315819,523,0,0,1838283.2
1001,120776482.4,3300000000.0,0.03659893,0.03659893,499,0,0,1903839.89
1002,417932248.82,3300000000.0,0.12664614,0.12664614,487,0,0,2050700.35
1003,237706179.67,3300000000.0,0.07203218,0.07203218,576,0,0,1783007.8
1004,90139945.03,3300000000.0,0.02731513,0.02731513,639,0,0,1766494.2
1005,190411956.5,3300000000.0,0.05770059,0.05770059,484,0,0,1852594.04
1006,97565719.39,3300000000.0,0.02956537,0.02956537,537,0,0,1890687.42
1007,282517536.2,3300000000.0,0.08561137,0.08561137,505,0,0,1928574.97
1008,206081569.62,3300000000.0,0.06244896,0.06244896,468,0,0,1920811.15
1009,487558738.0,3300000000.0,0.14774507,0.14774507,462,0,0,1946823.18
1010,334151401.69,3300000000.0,0.101258,0.101258,559,0,0,1801705.83
1011,122575384.97,3300000000.0,0.03714406,0.03714406,525,0,0,1839104.94
1012,472814794.92,3628721193.0,0.13029791,0.13029791,437,0,0,2408635.92
1013,147783093.97,3300000000.0,0.04478276,0.04478276,369,0,0,1914279.48
1014,114669101.1,3300000000.0,0.03474821,0.03474821,644,0,0,1866216.7
1015,266325341.25,3300000000.0,0.08070465,0.08070465,400,0,0,1942979.89
1016,153099623.29,3300000000.0,0.04639383,0.04639383,436,0,0,1886440.99
1017,234190831.1,3300000000.0,0.07096692,0.07096692,516,0,0,1826346.5
1018,131100830.52,3300000000.0,0.03972752,0.03972752,513,0,0,1910066.72
1019,244035199.87,3783933020.0,0.06449247,0.06449247,371,0,0,2001710.15
1020,237484937.47,3300000000.0,0.07196513,0.07196513,542,0,0,1862892.78
1021,1472746810.08,3300000000.0,0.44628691,0.44628691,395,0,0,2709772.37
1022,117399387.09,3300000000.0,0.03557557,0.03557557,482,0,0,1850961.86
1023,124942216.76,3300000000.0,0.03786128,0.03786128,611,0,0,1755542.83
1024,317719806.04,3300000000.0,0.09627873,0.09627873,511,0,0,1834670.0
1025,153211989.72,3300000000.0,0.04642788,0.04642788,529,0,0,1831656.62
1026,185890902.26,3300000000.0,0.05633058,0.05633058,489,0,0,1918014.28
1027,677064932.15,3300000000.0,0.20517119,0.20517119,379,0,0,2595784.98
1028,109680531.98,3300000000.0,0.03323652,0.03323652,445,0,0,1962539.04
1029,124386491.91,3300000000.0,0.03769288,0.03769288,409,0,0,1945496.38
1030,128983546.35,3300000000.0,0.03908592,0.03908592,546,0,0,1904655.54
1031,109071736.04,3300000000.0,0.03305204,0.03305204,618,0,0,1851675.4
1032,149874658.75,3300000000.0,0.04541656,0.04541656,478,0,0,1978641.0
1033,178702531.0,3300000000.0,0.05415228,0.05415228,506,0,0,1962411.1
1034,515434777.37,3300000000.0,0.15619236,0.15619236,431,0,0,2242697.05
1035,138161481.99,3300000000.0,0.04186712,0.04186712,467,0,0,1884867.49
1036,108376117.95,3300000000.0,0.03284125,0.03284125,518,0,0,1894698.57
1037,132366498.72,3300000000.0,0.04011106,0.04011106,550,0,0,1820948.65
1038,177782904.99,3300000000.0,0.05387361,0.05387361,500,0,0,1777382.94
1039,162876559.0,3300000000.0,0.04935653,0.04935653,621,0,0,1839330.95
1040,198161846.83,3300000000.0,0.06004904,0.06004904,515,0,0,1887630.94
1041,171577157.15,3300000000.0,0.05199308,0.05199308,465,0,0,1876642.31
1042,333252735.24,3300000000.0,0.10098568,0.10098568,465,0,0,2045289.06
1043,118963513.17,3300000000.0,0.03604955,0.03604955,444,0,0,1869269.22
1044,103897449.37,3300000000.0,0.03148408,0.03148408,546,0,0,1943952.92
1045,117957346.76,3300000000.0,0.03574465,0.03574465,530,0,0,1853669.62
1046,124859067.23,3300000000.0,0.03783608,0.03783608,459,0,0,2088354.33
1047,233292900.1,3300000000.0,0.07069482,0.07069482,525,0,0,1871112.42
1048,161649951.7,3300000000.0,0.04898483,0.04898483,515,0,0,1845239.97
1049,176032387.74,3300000000.0,0.05334315,0.05334315,522,0,0,1926180.1
1050,367221220.63,3638615480.0,0.10092334,0.10092334,392,0,0,2225823.84
1051,166925674.12,3300000000.0,0.05058354,0.05058354,403,0,0,1938161.51
1052,123111013.12,3300000000.0,0.03730637,0.03730637,492,0,0,1954390.51
1053,141572679.17,3300000000.0,0.04290081,0.04290081,470,0,0,1868932.0
1054,151315277.46,3300000000.0,0.04585311,0.04585311,529,0,0,1852039.95
1055,115667233.06,3300000000.0,0.03505068,0.03505068,578,0,0,1840931.12
1056,102409057.3,3300000000.0,0.03103305,0.03103305,501,0,0,1967498.16
1057,265422123.24,3897391678.0,0.0681025,0.0681025,359,0,0,2004850.4
1058,104630104.68,3300000000.0,0.03170609,0.03170609,508,0,0,1876601.12
1059,442042941.8,3603002369.0,0.12268739,0.12268739,353,0,0,2323827.21
1060,338872468.27,3300000000.0,0.10268863,0.10268863,405,0,0,2075603.02
1061,164103475.85,3300000000.0,0.04972833,0.04972833,680,0,0,1821559.86
1062,126905787.03,3300000000.0,0.0384563,0.0384563,609,0,0,1897139.5
1063,90917909.58,3300000000.0,0.02755088,0.02755088,470,0,0,1874340.82
1064,405514067.4,3687404451.0,0.10997277,0.10997277,406,0,0,2260167.58
1065,123922323.66,3300000000.0,0.03755222,0.03755222,511,0,0,1829586.08
1066,355777178.26,4464438992.0,0.07969135,0.07969135,285,0,0,2460774.27
1067,128701074.42,3300000000.0,0.03900033,0.03900033,618,0,0,1797685.06
1068,143693270.77,3300000000.0,0.04354342,0.04354342,486,0,0,1854071.41
1069,210402864.66,3300000000.0,0.06375844,0.06375844,455,0,0,1837608.01
1070,229753364.8,3300000000.0,0.06962223,0.06962223,428,0,0,1987541.3
1071,157383098.47,3300000000.0,0.04769185,0.04769185,501,0,0,1922529.01
1072,174552987.44,3300000000.0,0.05289484,0.05289484,525,0,0,1951642.4
1073,104652339.22,3300000000.0,0.03171283,0.03171283,600,0,0,1909149.66
1074,95402755.65,3300000000.0,0.02890993,0.02890993,511,0,0,1784376.6
1075,149980592.05,3300000000.0,0.04544866,0.04544866,396,0,0,1880953.92
1076,185425789.69,3300000000.0,0.05618963,0.05618963,494,0,0,1976964.01
1077,661148048.95,3300000000.0,0.20034789,0.20034789,491,0,0,2016866.99
1078,129922912.01,3300000000.0,0.03937058,0.03937058,448,0,0,1987678.35
1079,274162942.32,3300000000.0,0.08307968,0.08307968,435,0,0,1914913.89
1080,214027414.27,3300000000.0,0.06485679,0.06485679,417,0,0,1970051.39
1081,102273106.99,3300000000.0,0.03099185,0.03099185,591,0,0,1940130.67
1082,156779642.32,3300000000.0,0.04750898,0.04750898,556,0,0,1842508.16
1083,229912671.24,3300000000.0,0.06967051,0.06967051,433,0,0,1961634.65
1084,399057461.42,3300000000.0,0.1209265,0.1209265,504,0,0,2226131.87
1085,303472764.94,3300000000.0,0.09196144,0.09196144,483,0,0,1854189.39
1086,241687186.23,3300000000.0,0.07323854,0.07323854,557,0,0,1784047.83
1087,383330830.32,3300000000.0,0.11616086,0.11616086,463,0,0,2028554.91
1088,121106314.0,3300000000.0,0.03669888,0.03669888,541,0,0,1833426.89
1089,306231319.14,3895335851.0,0.07861487,0.07861487,375,0,0,1989195.96
1090,445809304.38,3300000000.0,0.13509373,0.13509373,448,0,0,1841469.96
1091,194203420.21,3300000000.0,0.05884952,0.05884952,493,0,0,1878895.68
1092,305144794.56,3300000000.0,0.09246812,0.09246812,410,0,0,2108223.39
1093,95738136.71,3300000000.0,0.02901156,0.02901156,557,0,0,1833740.68
1094,233564988.03,3300000000.0,0.07077727,0.07077727,531,0,0,1784079.56
1095,101138322.12,3300000000.0,0.03064798,0.03064798,455,0,0,1860588.22
1096,155876977.27,3300000000.0,0.04723545,0.04723545,583,0,0,1824000.64
1097,193757035.96,3300000000.0,0.05871425,0.05871425,489,0,0,1942294.68
1098,88521623.32,3300000000.0,0.02682473,0.02682473,562,0,0,1782338.99
1099,354538720.06,3512832497.0,0.10092674,0.10092674,358,0,0,2189001.23
1100,119982029.12,3300000000.0,0.03635819,0.03635819,572,0,0,1849519.92
1101,91474733.05,3300000000.0,0.02771962,0.02771962,600,0,0,1846149.47
1102,140688396.94,3300000000.0,0.04263285,0.04263285,505,0,0,1847225.46
1103,235503338.74,3300000000.0,0.07136465,0.07136465,480,0,0,1896437.51
1104,177526507.71,3300000000.0,0.05379591,0.05379591,422,0,0,2008352.65
1105,111190997.11,3300000000.0,0.03369424,0.03369424,591,0,0,1828237.76
1106,285557180.46,3300000000.0,0.08653248,0.08653248,391,0,0,1898021.28
1107,137861235.85,3300000000.0,0.04177613,0.04177613,462,0,0,1897498.8
1108,98918891.81,3300000000.0,0.02997542,0.02997542,525,0,0,1873640.42
1109,746413345.36,3300000000.0,0.22618586,0.22618586,467,0,0,2246872.61
1110,147562497.45,3300000000.0,0.04471591,0.04471591,417,0,0,1874638.17
1111,550492951.38,4179896587.0,0.13170014,0.13170014,373,0,0,2024319.35
1112,118321508.55,3300000000.0,0.035855,0.035855,496,0,0,1989273.55
1113,219544113.44,3300000000.0,0.06652852,0.06652852,670,0,0,1793263.63
1114,389653649.0,3300000000.0,0.11807686,0.11807686,475,0,0,2041559.1
1115,152941160.06,3300000000.0,0.04634581,0.04634581,527,0,0,1981761.87
1116,207125251.28,3300000000.0,0.06276523,0.06276523,497,0,0,1852897.84
1117,271786898.73,4293913748.0,0.06329584,0.06329584,360,0,0,2107187.18
1118,172096853.02,3300000000.0,0.05215056,0.05215056,504,0,0,1898396.25
1119,100561135.54,3300000000.0,0.03047307,0.03047307,556,0,0,1979971.18
1120,146912587.49,3300000000.0,0.04451897,0.04451897,543,0,0,1868363.95
1121,103541265.93,3300000000.0,0.03137614,0.03137614,562,0,0,1878490.69
1122,652133405.9,3543112882.0,0.18405663,0.18405663,355,0,0,2638819.57
1123,429798273.24,3300000000.0,0.1302419,0.1302419,421,0,0,1929863.33
1124,88592489.6,3300000000.0,0.02684621,0.02684621,613,0,0,1805088.81
1125,223593090.04,4207122332.0,0.05314632,0.05314632,325,0,0,2246811.28
1126,140173032.4,3300000000.0,0.04247668,0.04247668,478,0,0,1930682.04
1127,453272705.17,3300000000.0,0.13735537,0.13735537,387,0,0,2164221.78
1128,96937225.78,3300000000.0,0.02937492,0.02937492,558,0,0,1865220.89
1129,118061696.82,3300000000.0,0.03577627,0.03577627,590,0,0,1866132.99
1130,109969709.43,3300000000.0,0.03332415,0.03332415,492,0,0,1920590.83
1131,151443968.04,3300000000.0,0.04589211,0.04589211,436,0,0,1807845.93
1132,100587670.05,3300000000.0,0.03048111,0.03048111,395,0,0,1861281.64
1133,129853512.99,3300000000.0,0.03934955,0.03934955,529,0,0,1906673.74
1134,97422864.24,3300000000.0,0.02952208,0.02952208,642,0,0,1742800.85
1135,229743696.94,4141028747.0,0.05547986,0.05547986,322,0,0,2236048.67
1136,227848941.0,3386739948.0,0.06727677,0.06727677,408,0,0,2046186.73
1137,151186236.66,3300000000.0,0.04581401,0.04581401,454,0,0,1875831.57
1138,149156771.02,3300000000.0,0.04519902,0.04519902,422,0,0,1947899.97
1139,159597827.05,3300000000.0,0.04836298,0.04836298,431,0,0,2074802.74
1140,1179375161.59,3863281644.0,0.30527807,0.30527807,374,0,0,2616451.98
1141,296034107.89,3693406028.0,0.08015206,0.08015206,389,0,0,1980780.46
1142,201901648.03,3300000000.0,0.06118232,0.06118232,421,0,0,2061726.98
1143,104489721.22,3300000000.0,0.03166355,0.03166355,510,0,0,1911594.61
1144,358732559.85,3300000000.0,0.10870684,0.10870684,451,0,0,1929752.88
1145,107406747.38,3300000000.0,0.0325475,0.0325475,471,0,0,1912976.89
1146,279175647.87,3300000000.0,0.08459868,0.08459868,518,0,0,1874702.6
1147,96944897.91,3300000000.0,0.02937724,0.02937724,454,0,0,2014293.95
1148,166126915.72,3916810887.0,0.04241382,0.04241382,344,0,0,1857854.45
1149,167448134.99,3300000000.0,0.05074186,0.05074186,538,0,0,1919697.87
1150,112123731.77,3300000000.0,0.03397689,0.03397689,445,0,0,1892802.44
1151,175380073.59,3300000000.0,0.05314548,0.05314548,512,0,0,1876055.59
1152,87515509.38,3300000000.0,0.02651985,0.02651985,528,0,0,1814827.82
1153,105615917.85,3300000000.0,0.03200482,0.03200482,494,0,0,1885148.65
1154,275212438.2,3300000000.0,0.08339771,0.08339771,476,0,0,2316877.77
1155,227296172.95,3300000000.0,0.06887763,0.06887763,526,0,0,1940992.95
1156,268980909.1,3300000000.0,0.08150937,0.08150937,538,0,0,1871065.36
1157,157334718.98,3300000000.0,0.04767719,0.04767719,480,0,0,1912311.47
1158,247942569.67,3300000000.0,0.07513411,0.07513411,484,0,0,1935849.42
1159,139092088.68,3300000000.0,0.04214912,0.04214912,436,0,0,1939994.3
1160,93284336.26,3300000000.0,0.02826798,0.02826798,560,0,0,1838112.56
1161,211031161.15,3300000000.0,0.06394884,0.06394884,417,0,0,1866489.65
1162,113699825.92,3300000000.0,0.03445449,0.03445449,546,0,0,1873264.67
1163,118006461.98,3300000000.0,0.03575953,0.03575953,572,0,0,1801776.46
1164,429298137.31,3300000000.0,0.13009034,0.13009034,438,0,0,1947058.41
1165,317748671.99,3300000000.0,0.09628748,0.09628748,473,0,0,1836405.13
1166,91767035.87,3300000000.0,0.02780819,0.02780819,663,0,0,1732271.6
1167,100360239.3,3300000000.0,0.03041219,0.03041219,452,0,0,1917091.48
1168,487592540.3,3982262209.0,0.12244109,0.12244109,347,0,0,2488523.0
1169,188889179.55,3300000000.0,0.05723915,0.05723915,484,0,0,1875422.2
1170,156984934.31,3300000000.0,0.04757119,0.04757119,478,0,0,1804145.05
1171,227056443.4,3300000000.0,0.06880498,0.06880498,486,0,0,1894754.76
1172,110502553.79,3300000000.0,0.03348562,0.03348562,456,0,0,1891494.45
1173,159330072.02,3300000000.0,0.04828184,0.04828184,459,0,0,1926284.0
1174,116388909.49,3300000000.0,0.03526937,0.03526937,530,0,0,1884502.1
1175,111816760.24,3300000000.0,0.03388387,0.03388387,657,0,0,1822200.85
1176,130323378.28,3300000000.0,0.03949193,0.03949193,494,0,0,1887803.2
1177,102413367.98,3300000000.0,0.03103435,0.03103435,549,0,0,1872377.23
1178,184602885.92,3300000000.0,0.05594027,0.05594027,499,0,0,1913535.31
1179,571500350.74,3300000000.0,0.17318192,0.17318192,575,0,0,2106656.9
1180,392923962.19,3932589613.0,0.09991481,0.09991481,362,0,0,2285415.51
1181,109621163.48,3300000000.0,0.03321853,0.03321853,539,0,0,1903670.66
1182,396560528.22,3564299633.0,0.11125903,0.11125903,430,0,0,2118975.81
1183,97343443.24,3300000000.0,0.02949801,0.02949801,607,0,0,1830040.89
1184,170520357.31,3300000000.0,0.05167284,0.05167284,380,0,0,1875902.44
1185,102501016.37,3300000000.0,0.03106091,0.03106091,556,0,0,1696090.5
1186,87113992.3,3300000000.0,0.02639818,0.02639818,574,0,0,1914531.68
1187,145794440.81,3300000000.0,0.04418013,0.04418013,441,0,0,1956733.42
1188,125589112.12,3300000000.0,0.03805731,0.03805731,495,0,0,1891433.43
1189,143715470.68,3300000000.0,0.04355014,0.04355014,477,0,0,1810703.44
1190,341571893.79,3767375013.0,0.09066575,0.09066575,366,0,0,2289703.96
1191,90423583.42,3300000000.0,0.02740109,0.02740109,512,0,0,1840770.8
1192,180310433.27,3300000000.0,0.05463953,0.05463953,441,0,0,1900036.71
1193,232107171.39,3300000000.0,0.07033551,0.07033551,407,0,0,1953191.1
1194,114518596.9,3300000000.0,0.03470261,0.03470261,425,0,0,1944203.44
1195,107948530.39,3300000000.0,0.03271168,0.03271168,580,0,0,1830982.63
1196,151974925.46,3441735437.0,0.04415648,0.04415648,360,0,0,1980529.61
1197,355356695.8,3300000000.0,0.10768385,0.10768385,388,0,0,2047820.98
1198,162695655.68,3300000000.0,0.04930171,0.04930171,480,0,0,1894954.73
1199,113511817.32,3300000000.0,0.03439752,0.03439752,514,0,0,1951525.88
1200,484325161.85,3300000000.0,0.1467652,0.1467652,500,0,0,1996600.04
1201,131180749.63,3300000000.0,0.03975174,0.03975174,566,0,0,1936570.53
1202,322876088.66,3300000000.0,0.09784124,0.09784124,552,0,0,2051670.39
1203,866318087.64,3300000000.0,0.26252063,0.26252063,517,0,0,2540514.41
1204,202972466.85,3300000000.0,0.06150681,0.06150681,422,0,0,1912658.61
1205,210824344.2,3300000000.0,0.06388616,0.06388616,415,0,0,2091242.99
1206,126874839.54,3300000000.0,0.03844692,0.03844692,479,0,0,1875725.41
1207,1321070015.1,4033694549.0,0.32750869,0.32750869,386,0,0,2831257.86
1208,256543563.95,3300000000.0,0.07774047,0.07774047,506,0,0,1993809.65
1209,118896876.87,3300000000.0,0.03602936,0.03602936,646,0,0,1861698.74
1210,248785837.35,3300000000.0,0.07538965,0.07538965,436,0,0,2104932.9
1211,111544650.18,3300000000.0,0.03380141,0.03380141,586,0,0,1823708.18
1212,111398233.91,3300000000.0,0.03375704,0.03375704,474,0,0,1813536.15
1213,177197109.33,3300000000.0,0.05369609,0.05369609,483,0,0,1886343.91
1214,257365093.76,3300000000.0,0.07798942,0.07798942,586,0,0,1842053.8
1215,99027933.93,3300000000.0,0.03000846,0.03000846,603,0,0,1875922.56
1216,108402867.38,3300000000.0,0.03284935,0.03284935,432,0,0,1825347.12
1217,223304435.21,3833352584.0,0.05825304,0.05825304,377,0,0,2163424.28
1218,171297670.43,3300000000.0,0.05190838,0.05190838,571,0,0,1891728.21
1219,92805132.48,3300000000.0,0.02812277,0.02812277,598,0,0,1793538.57
1220,424889522.56,3625631735.0,0.11719048,0.11719048,406,0,0,2076241.3
1221,142247398.14,3300000000.0,0.04310527,0.04310527,495,0,0,1813974.1
1222,151293756.55,3300000000.0,0.04584659,0.04584659,462,0,0,1909934.56
1223,167339645.4,3300000000.0,0.05070898,0.05070898,540,0,0,1873512.86
1224,102348503.58,3300000000.0,0.0310147,0.0310147,580,0,0,1822354.04
1225,130462500.33,3300000000.0,0.03953409,0.03953409,457,0,0,2059063.32
1226,103040235.42,3300000000.0,0.03122431,0.03122431,507,0,0,1742393.54
1227,294360415.49,3300000000.0,0.08920013,0.08920013,504,0,0,1919613.7
1228,224311097.94,3742130093.0,0.05994209,0.05994209,366,0,0,2035783.25
1229,213726843.44,3300000000.0,0.06476571,0.06476571,486,0,0,1977828.27
1230,178827302.69,3300000000.0,0.05419009,0.05419009,448,0,0,1949090.46
1231,143286043.79,3300000000.0,0.04342001,0.04342001,546,0,0,1973926.1
1232,129849641.19,3300000000.0,0.03934838,0.03934838,537,0,0,1775483.78
1233,114139161.58,3300000000.0,0.03458762,0.03458762,495,0,0,1863013.89
1234,805774802.16,3300000000.0,0.24417418,0.24417418,569,0,0,2574999.23
1235,489970579.98,3300000000.0,0.14847593,0.14847593,380,0,0,2081208.46
1236,665456401.29,3300000000.0,0.20165345,0.20165345,438,0,0,2623001.47
1237,156851204.77,3300000000.0,0.04753067,0.04753067,512,0,0,1923168.29
1238,121727658.99,3300000000.0,0.03688717,0.03688717,469,0,0,1895376.11
1239,152506339.27,3300000000.0,0.04621404,0.04621404,513,0,0,1835662.75
1240,128270905.65,3300000000.0,0.03886997,0.03886997,563,0,0,1941331.06
1241,127835664.76,3300000000.0,0.03873808,0.03873808,593,0,0,1785493.7
1242,157214108.95,3300000000.0,0.04764064,0.04764064,411,0,0,1909683.52
1243,135433517.13,3300000000.0,0.04104046,0.04104046,515,0,0,1852732.96
1244,200447160.6,3300000000.0,0.06074156,0.06074156,514,0,0,1905676.1
1245,529123059.32,3300000000.0,0.16034032,0.16034032,384,0,0,2122053.02
1246,136045669.15,3300000000.0,0.04122596,0.04122596,488,0,0,1911889.72
1247,254972109.74,3300000000.0,0.07726428,0.07726428,488,0,0,1930875.85
1248,171494071.01,3300000000.0,0.0519679,0.0519679,539,0,0,1964972.3
1249,5991853492.58,4609660265.0,1.29984709,1.29984709,325,0,0,2646683.66
1250,713691623.95,3300000000.0,0.21627019,0.21627019,547,0,0,2183013.43
1251,432663537.27,3300000000.0,0.13111016,0.13111016,455,0,0,1968973.8
1252,90223747.46,3300000000.0,0.02734053,0.02734053,466,0,0,1826126.15
1253,116213144.22,3300000000.0,0.0352161,0.0352161,487,0,0,1900823.25
1254,95090544.21,3300000000.0,0.02881532,0.02881532,595,0,0,1851545.31
1255,1135750838.19,3300000000.0,0.34416692,0.34416692,427,0,0,2776303.28
1256,352648108.34,3300000000.0,0.10686306,0.10686306,434,0,0,1988892.02
1257,148383204.78,3300000000.0,0.04496461,0.04496461,486,0,0,1881743.68
1258,90401556.35,3300000000.0,0.02739441,0.02739441,667,0,0,1802514.67
1259,724269455.61,4050308314.0,0.17881835,0.17881835,332,0,0,2648363.42
1260,730971730.66,3300000000.0,0.22150659,0.22150659,456,0,0,2519157.15
1261,86088306.99,3300000000.0,0.02608737,0.02608737,626,0,0,1755359.47
1262,127298559.22,3300000000.0,0.03857532,0.03857532,560,0,0,1968644.42
1263,545905509.64,3300000000.0,0.16542591,0.16542591,581,0,0,2533253.98
1264,106900617.9,3300000000.0,0.03239413,0.03239413,407,0,0,1981541.37
1265,127450250.28,3300000000.0,0.03862129,0.03862129,388,0,0,1839936.25
1266,188218975.95,3300000000.0,0.05703605,0.05703605,400,0,0,1990613.07
1267,123347157.44,3300000000.0,0.03737793,0.03737793,473,0,0,1839005.61
1268,257816455.01,3300000000.0,0.0781262,0.0781262,500,0,0,1904065.51
1269,117883305.75,3300000000.0,0.03572221,0.03572221,623,0,0,1776347.21
1270,223548653.65,3300000000.0,0.06774202,0.06774202,416,0,0,2041220.44
1271,260629894.58,3300000000.0,0.07897876,0.07897876,604,0,0,1850454.85
1272,158146508.32,3300000000.0,0.04792318,0.04792318,514,0,0,1905711.69
1273,174815373.54,3300000000.0,0.05297436,0.05297436,490,0,0,1936390.68
1274,92539513.43,3300000000.0,0.02804228,0.02804228,586,0,0,1731853.08
1275,96677572.14,3300000000.0,0.02929623,0.02929623,633,0,0,1784389.8
1276,244076029.58,3300000000.0,0.07396243,0.07396243,538,0,0,1880073.62
1277,100238106.0,3300000000.0,0.03037518,0.03037518,511,0,0,1922706.55
1278,263720713.12,3300000000.0,0.07991537,0.07991537,518,0,0,1896145.59
1279,1923797997.26,3718806698.0,0.51731594,0.51731594,404,0,0,2597616.95
1280,162508503.54,3300000000.0,0.049245,0.049245,375,0,0,2010940.47
1281,705026055.36,4071710197.0,0.17315232,0.17315232,354,0,0,2765923.86
1282,265551881.3,3300000000.0,0.08047027,0.08047027,463,0,0,2152143.43
1283,148660428.29,3300000000.0,0.04504861,0.04504861,393,0,0,2017221.82
1284,293795153.14,3300000000.0,0.08902883,0.08902883,398,0,0,1816744.4
1285,122655872.73,3300000000.0,0.03716845,0.03716845,525,0,0,1798143.57
1286,259772309.46,4300421846.0,0.06040624,0.06040624,295,0,0,1918789.55
1287,155364692.01,3300000000.0,0.04708021,0.04708021,646,0,0,1784566.05
1288,534768242.57,3300000000.0,0.16205098,0.16205098,534,0,0,1901110.85
1289,213953567.02,3300000000.0,0.06483441,0.06483441,454,0,0,1944878.42
1290,148776706.53,3300000000.0,0.04508385,0.04508385,508,0,0,1897583.07
1291,142104708.36,3300000000.0,0.04306203,0.04306203,544,0,0,1882322.58
1292,117220718.4,3300000000.0,0.03552143,0.03552143,455,0,0,1837227.33
1293,186504765.82,3300000000.0,0.0565166,0.0565166,389,0,0,1906524.93
1294,138125140.47,3300000000.0,0.0418561,0.0418561,531,0,0,1868822.1
1295,546319937.92,3300000000.0,0.1655515,0.1655515,424,0,0,2369141.24
1296,222426727.19,3300000000.0,0.06740204,0.06740204,397,0,0,1884391.1
1297,99350896.53,3300000000.0,0.03010633,0.03010633,437,0,0,1876739.24
1298,1664980965.75,4630946746.0,0.3595336,0.3595336,349,0,0,2725169.14
1299,177709502.14,3300000000.0,0.05385136,0.05385136,513,0,0,1894353.51
1300,310294226.74,3300000000.0,0.09402855,0.09402855,432,0,0,1955110.62
1301,98829556.56,3300000000.0,0.02994835,0.02994835,432,0,0,1848869.28
1302,248877097.86,3300000000.0,0.0754173,0.0754173,465,0,0,1834012.92
1303,234839253.87,3300000000.0,0.07116341,0.07116341,585,0,0,1882584.42
1304,321996353.85,3300000000.0,0.09757465,0.09757465,533,0,0,2173351.27
1305,111193651.1,3300000000.0,0.03369505,0.03369505,483,0,0,1830368.49
1306,99000694.2,3300000000.0,0.03000021,0.03000021,625,0,0,1853117.99
1307,537802083.71,3567913417.0,0.15073294,0.15073294,374,0,0,2280457.66
1308,459826996.7,3300000000.0,0.13934151,0.13934151,414,0,0,2264245.22
1309,144223005.87,3300000000.0,0.04370394,0.04370394,675,0,0,1778454.48
1310,174304769.55,3300000000.0,0.05281963,0.05281963,554,0,0,1889904.82
1311,233955957.16,3300000000.0,0.07089574,0.07089574,532,0,0,1766879.79
1312,330136341.59,3300000000.0,0.10004132,0.10004132,424,0,0,2294872.51
1313,260271401.97,3300000000.0,0.07887012,0.07887012,457,0,0,1954295.77
1314,139990556.24,3300000000.0,0.04242138,0.04242138,554,0,0,1926069.77
1315,261923601.13,3300000000.0,0.07937079,0.07937079,477,0,0,2131316.06
1316,185751263.08,3300000000.0,0.05628826,0.05628826,512,0,0,1936750.89
1317,121704803.81,3300000000.0,0.03688024,0.03688024,672,0,0,1814591.54
1318,262407823.82,3300000000.0,0.07951752,0.07951752,420,0,0,1998983.89
1319,189411497.8,3300000000.0,0.05739742,0.05739742,435,0,0,1871841.63
1320,120454413.36,3423192453.0,0.03518774,0.03518774,370,0,0,1913594.24
1321,165914430.63,3300000000.0,0.0502771,0.0502771,497,0,0,1786338.89
1322,216444310.56,3300000000.0,0.06558919,0.06558919,509,0,0,1858996.6
1323,94105448.65,3300000000.0,0.0285168,0.0285168,528,0,0,1859518.31
1324,145572757.5,3300000000.0,0.04411296,0.04411296,537,0,0,1873448.87
1325,146378805.96,3300000000.0,0.04435721,0.04435721,406,0,0,1888503.62
1326,110607375.17,3300000000.0,0.03351739,0.03351739,495,0,0,1847200.89
1327,322822688.39,3733534417.0,0.08646571,0.08646571,349,0,0,2140397.62
1328,708376286.03,3300000000.0,0.21465948,0.21465948,494,0,0,2553325.32
1329,108349305.64,3300000000.0,0.03283312,0.03283312,475,0,0,1855181.02
1330,169025189.34,3300000000.0,0.05121975,0.05121975,461,0,0,1861107.21
1331,235041446.09,3300000000.0,0.07122468,0.07122468,433,0,0,1816843.06
1332,179924937.38,3492163136.0,0.05152249,0.05152249,396,0,0,2034969.62
1333,102826705.07,3300000000.0,0.03115961,0.03115961,663,0,0,1765045.0
1334,295036575.14,3300000000.0,0.08940502,0.08940502,451,0,0,1969109.36
1335,446728319.23,4580117905.0,0.09753642,0.09753642,323,0,0,2289071.8
1336,129366376.69,3300000000.0,0.03920193,0.03920193,403,0,0,1961126.82
1337,1816729808.83,4754658460.0,0.3820947,0.3820947,318,0,0,2578983.19
1338,174800606.54,3300000000.0,0.05296988,0.05296988,467,0,0,1872887.6
1339,128618391.36,3300000000.0,0.03897527,0.03897527,451,0,0,2013569.94
1340,170347709.91,3300000000.0,0.05162052,0.05162052,450,0,0,1867307.37
1341,132283691.12,3300000000.0,0.04008597,0.04008597,445,0,0,1931657.7
1342,153103658.05,3300000000.0,0.04639505,0.04639505,549,0,0,1960421.86
1343,128083658.55,3300000000.0,0.03881323,0.03881323,544,0,0,1859629.47
1344,128084402.52,3300000000.0,0.03881346,0.03881346,448,0,0,1844064.31
1345,118160511.9,3300000000.0,0.03580622,0.03580622,628,0,0,1794651.42
1346,123194057.19,3300000000.0,0.03733153,0.03733153,535,0,0,1968587.41
1347,111486529.7,3300000000.0,0.0337838,0.0337838,594,0,0,1812922.61
1348,115267724.15,3300000000.0,0.03492961,0.03492961,536,0,0,1872201.22
1349,189877634.64,3300000000.0,0.05753868,0.05753868,486,0,0,1791212.61
1350,97705816.52,3300000000.0,0.02960782,0.02960782,563,0,0,1795356.24
1351,223241693.14,3300000000.0,0.067649,0.067649,364,0,0,1985447.34
1352,121742134.55,3300000000.0,0.03689156,0.03689156,511,0,0,1865922.7
1353,119491023.92,3300000000.0,0.0362094,0.0362094,435,0,0,1971665.72
1354,1708252008.75,3873642306.0,0.44099374,0.44099374,352,0,0,2786907.45
1355,1227223675.89,4066216318.0,0.30180974,0.30180974,359,0,0,2737698.19
1356,489092339.32,3300000000.0,0.1482098,0.1482098,439,0,0,2294232.92
1357,146569131.95,3300000000.0,0.04441489,0.04441489,549,0,0,1779705.1
1358,133732029.89,3300000000.0,0.04052486,0.04052486,594,0,0,1869945.1
1359,448568079.39,3300000000.0,0.13592972,0.13592972,395,0,0,2247767.33
1360,96705367.54,3300000000.0,0.02930466,0.02930466,552,0,0,1779648.93
1361,231496760.84,3300000000.0,0.07015053,0.07015053,479,0,0,1852500.55
1362,123060281.17,3300000000.0,0.03729099,0.03729099,438,0,0,1986246.13
1363,295087916.66,3300000000.0,0.08942058,0.08942058,435,0,0,2198754.21
1364,222791200.72,3300000000.0,0.06751249,0.06751249,464,0,0,1904521.68
1365,230118797.94,3300000000.0,0.06973297,0.06973297,422,0,0,2079017.99
1366,117867120.14,3300000000.0,0.03571731,0.03571731,630,0,0,1796648.69
1367,103377684.56,3300000000.0,0.03132657,0.03132657,623,0,0,1806304.44
1368,244644201.3,3300000000.0,0.07413461,0.07413461,541,0,0,1788767.6
1369,111442038.73,3300000000.0,0.03377031,0.03377031,497,0,0,1852211.38
1370,107694564.78,3300000000.0,0.03263472,0.03263472,504,0,0,1941480.37
1371,209372147.16,3300000000.0,0.06344611,0.06344611,388,0,0,1803943.81
1372,86060519.01,3300000000.0,0.02607895,0.02607895,678,0,0,1804390.07
1373,176019875.22,3300000000.0,0.05333936,0.05333936,515,0,0,1931512.82
1374,240269380.81,3300000000.0,0.0728089,0.0728089,409,0,0,1943962.41
1375,99422935.1,3300000000.0,0.03012816,0.03012816,583,0,0,1834457.1
1376,290399959.33,3300000000.0,0.08799999,0.08799999,454,0,0,2108835.78
1377,264368893.99,3300000000.0,0.08011179,0.08011179,546,0,0,1922711.64
1378,100972581.48,3300000000.0,0.03059775,0.03059775,685,0,0,1731199.67
1379,367707295.91,3300000000.0,0.11142645,0.11142645,396,0,0,2448113.28
1380,208174550.7,3300000000.0,0.0630832,0.0630832,573,0,0,1860239.01
1381,544385119.91,3593847084.0,0.15147698,0.15147698,349,0,0,2789348.68
1382,143305706.46,3300000000.0,0.04342597,0.04342597,537,0,0,1979641.9
1383,121311643.7,3300000000.0,0.0367611,0.0367611,480,0,0,1916392.06
1384,304878791.12,3300000000.0,0.09238751,0.09238751,480,0,0,1893495.17
1385,179376353.54,3300000000.0,0.05435647,0.05435647,476,0,0,1924748.04
1386,158018187.62,3300000000.0,0.0478843,0.0478843,561,0,0,1834897.22
1387,287230474.09,3994950484.0,0.07189838,0.07189838,340,0,0,1935401.4
1388,105219657.5,3300000000.0,0.03188474,0.03188474,530,0,0,1861129.37
1389,161716111.38,3672069361.0,0.0440395,0.0440395,313,0,0,2197706.04
1390,197575285.32,3300000000.0,0.0598713,0.0598713,427,0,0,1914230.15
1391,111765461.26,3300000000.0,0.03386832,0.03386832,534,0,0,1867413.0
1392,203712097.36,3300000000.0,0.06173094,0.06173094,488,0,0,1920004.01
1393,111446807.65,3300000000.0,0.03377176,0.03377176,451,0,0,1902628.24
1394,146655606.48,3300000000.0,0.04444109,0.04444109,389,0,0,1883928.44
1395,528655563.59,3300000000.0,0.16019866,0.16019866,521,0,0,2021775.45
1396,122318127.89,3300000000.0,0.0370661,0.0370661,504,0,0,1874680.11
1397,279342263.85,3300000000.0,0.08464917,0.08464917,405,0,0,1879760.84
1398,136407345.24,3300000000.0,0.04133556,0.04133556,526,0,0,1865535.22
1399,111640095.67,3300000000.0,0.03383033,0.03383033,582,0,0,1803574.97
1400,153378505.69,3300000000.0,0.04647834,0.04647834,436,0,0,1731927.41
1401,135908889.76,3300000000.0,0.04118451,0.04118451,582,0,0,1771041.93
1402,666085354.1,3300000000.0,0.20184405,0.20184405,450,0,0,2204085.04
1403,90549547.12,3300000000.0,0.02743926,0.02743926,538,0,0,1876465.85
1404,105099174.79,3300000000.0,0.03184823,0.03184823,561,0,0,1836016.58
1405,155540174.34,3300000000.0,0.04713339,0.04713339,545,0,0,1932870.63
1406,94920056.27,3300000000.0,0.02876365,0.02876365,433,0,0,1880711.38
1407,200020982.1,3300000000.0,0.06061242,0.06061242,476,0,0,2062703.23
1408,132340080.08,3300000000.0,0.04010305,0.04010305,579,0,0,1863715.24
1409,215999377.61,3300000000.0,0.06545436,0.06545436,341,0,0,1867261.15
1410,134659259.85,3300000000.0,0.04080584,0.04080584,486,0,0,1840738.79
1411,288002912.99,3300000000.0,0.08727361,0.08727361,475,0,0,2083022.71
1412,96467057.42,3300000000.0,0.02923244,0.02923244,574,0,0,1936264.99
1413,143274783.18,3300000000.0,0.0434166,0.0434166,447,0,0,1976371.37
1414,912751531.76,3300000000.0,0.27659137,0.27659137,440,0,0,2606130.87
1415,108286522.11,3300000000.0,0.0328141,0.0328141,447,0,0,1871626.84
1416,414485828.78,3913137301.0,0.10592162,0.10592162,337,0,0,2136205.83
1417,775506146.71,3690801995.0,0.2101186,0.2101186,375,0,0,2555642.85
1418,692549308.35,3300000000.0,0.20986343,0.20986343,452,0,0,2528071.6
1419,88712334.38,3300000000.0,0.02688253,0.02688253,667,0,0,1878976.09
1420,125328519.82,3300000000.0,0.03797834,0.03797834,537,0,0,1843292.31
1421,166066861.77,3300000000.0,0.05032329,0.05032329,564,0,0,1828831.51
1422,409184414.79,3313540233.0,0.12348859,0.12348859,397,0,0,1958944.07
1423,360628710.11,3300000000.0,0.10928143,0.10928143,472,0,0,1926441.5
1424,101291081.47,3300000000.0,0.03069427,0.03069427,542,0,0,1892648.16
1425,335548182.68,3300000000.0,0.10168127,0.10168127,565,0,0,1938093.06
1426,248656435.94,3300000000.0,0.07535044,0.07535044,477,0,0,1931568.28
1427,136576171.49,3300000000.0,0.04138672,0.04138672,493,0,0,1901789.35
1428,137770691.41,3300000000.0,0.04174869,0.04174869,580,0,0,1870491.25
1429,112783458.47,3300000000.0,0.03417681,0.03417681,542,0,0,1896388.76
1430,280795491.83,3406477052.0,0.08242988,0.08242988,412,0,0,2397040.26
1431,249680667.64,3300000000.0,0.07566081,0.07566081,551,0,0,1867558.97
1432,132022317.36,3300000000.0,0.04000676,0.04000676,510,0,0,1949062.43
1433,100318362.46,3300000000.0,0.0303995,0.0303995,496,0,0,1753804.64
1434,158589710.4,3300000000.0,0.04805749,0.04805749,527,0,0,1854274.17
1435,150650604.61,3300000000.0,0.0456517,0.0456517,514,0,0,1904932.66
1436,522090819.55,3300000000.0,0.15820934,0.15820934,453,0,0,1916317.67
1437,210148070.4,3300000000.0,0.06368123,0.06368123,494,0,0,1895427.99
1438,118446784.85,3300000000.0,0.03589297,0.03589297,561,0,0,1818839.44
1439,323902013.51,3300000000.0,0.09815213,0.09815213,488,0,0,1868128.41
1440,251516177.18,3300000000.0,0.07621702,0.07621702,466,0,0,2014782.65
1441,205581166.52,3300000000.0,0.06229732,0.06229732,533,0,0,1824366.35
1442,202205815.05,3300000000.0,0.06127449,0.06127449,498,0,0,1934026.09
1443,697927793.71,3300000000.0,0.21149327,0.21149327,452,0,0,2211434.05
1444,131320835.04,3300000000.0,0.03979419,0.03979419,498,0,0,1816395.98
1445,294488669.72,3300000000.0,0.08923899,0.08923899,486,0,0,2091666.15
1446,100815236.09,3300000000.0,0.03055007,0.03055007,603,0,0,1893746.14
1447,369800839.0,3300000000.0,0.11206086,0.11206086,619,0,0,1767594.08
1448,115916405.83,3300000000.0,0.03512618,0.03512618,423,0,0,2082042.51
1449,147878231.97,3300000000.0,0.04481159,0.04481159,501,0,0,1782747.26
1450,268342992.39,3300000000.0,0.08131606,0.08131606,413,0,0,1982719.17
1451,1376766771.32,3392289314.0,0.40585181,0.40585181,398,0,0,2679068.39
1452,177986477.33,3300000000.0,0.0539353,0.0539353,476,0,0,1965745.99
1453,131874466.52,3300000000.0,0.03996196,0.03996196,504,0,0,1948344.64
1454,189287760.16,3300000000.0,0.05735993,0.05735993,483,0,0,1963165.53
1455,144506425.28,3300000000.0,0.04378983,0.04378983,583,0,0,1883193.66
1456,108841789.13,3300000000.0,0.03298236,0.03298236,507,0,0,1867262.31
1457,106490719.78,3300000000.0,0.03226992,0.03226992,509,0,0,1874717.86
1458,371015946.09,3300000000.0,0.11242907,0.11242907,466,0,0,2058420.56
1459,96133486.37,3300000000.0,0.02913136,0.02913136,659,0,0,1779517.01
1460,128666505.23,3300000000.0,0.03898985,0.03898985,437,0,0,1923749.82
1461,175221202.52,3300000000.0,0.05309733,0.05309733,512,0,0,1817172.05
1462,172843112.75,3300000000.0,0.0523767,0.0523767,497,0,0,1874723.56
1463,180220391.12,3300000000.0,0.05461224,0.05461224,437,0,0,1898637.65
1464,109211202.59,3300000000.0,0.0330943,0.0330943,527,0,0,1894043.74
1465,201313849.97,3300000000.0,0.0610042,0.0610042,368,0,0,1870055.56
1466,148750669.94,3300000000.0,0.04507596,0.04507596,549,0,0,1915871.86
1467,208188408.41,3300000000.0,0.0630874,0.0630874,481,0,0,1874284.76
1468,127307998.03,3300000000.0,0.03857818,0.03857818,677,0,0,1829979.13
1469,208747788.66,3300000000.0,0.06325691,0.06325691,491,0,0,1810732.02
1470,208446462.99,3300000000.0,0.06316559,0.06316559,538,0,0,1959091.09
1471,130077503.0,3300000000.0,0.03941743,0.03941743,479,0,0,2032330.55
1472,107663771.47,3300000000.0,0.03262539,0.03262539,681,0,0,1761803.49
1473,112342860.64,3300000000.0,0.03404329,0.03404329,516,0,0,1765629.75
1474,103280407.55,3300000000.0,0.03129709,0.03129709,563,0,0,1892622.17
1475,109925418.71,3300000000.0,0.03331073,0.03331073,660,0,0,1832666.71
1476,142281650.31,3300000000.0,0.04311565,0.04311565,655,0,0,1863482.3
1477,923381816.9,3300000000.0,0.27981267,0.27981267,429,0,0,2748714.03
1478,95393044.26,3300000000.0,0.02890698,0.02890698,658,0,0,1819866.02
1479,85309772.28,3300000000.0,0.02585145,0.02585145,626,0,0,1717938.28
1480,489614710.4,3300000000.0,0.14836809,0.14836809,469,0,0,2142826.99
1481,156316305.46,3300000000.0,0.04736858,0.04736858,440,0,0,1878111.69
1482,262738155.39,3300000000.0,0.07961762,0.07961762,535,0,0,1846858.02
1483,235051860.18,3300000000.0,0.07122784,0.07122784,497,0,0,1921769.85
1484,203435184.14,3300000000.0,0.06164703,0.06164703,546,0,0,1894037.36
1485,433954161.86,3300000000.0,0.13150126,0.13150126,383,0,0,2121543.49
1486,269905104.01,3300000000.0,0.08178943,0.08178943,470,0,0,1981215.48
1487,217691747.98,3300000000.0,0.0659672,0.0659672,478,0,0,1882831.25
1488,155319238.46,3727683617.0,0.04166642,0.04166642,413,0,0,2117998.98
1489,365662579.8,3300000000.0,0.11080684,0.11080684,385,0,0,2078727.99
1490,418851322.35,3300000000.0,0.12692464,0.12692464,464,0,0,2113958.31
1491,271570737.99,3300000000.0,0.08229416,0.08229416,519,0,0,1989475.55
1492,97534167.81,3300000000.0,0.02955581,0.02955581,431,0,0,1895288.15
1493,105725883.17,3300000000.0,0.03203815,0.03203815,631,0,0,1883262.77
1494,325559202.24,3309277968.0,0.09837771,0.09837771,385,0,0,2065591.95
1495,178654473.3,3444351381.0,0.05186883,0.05186883,405,0,0,1791456.18
1496,88715199.8,3300000000.0,0.02688339,0.02688339,581,0,0,1777135.37
1497,484125511.85,3300000000.0,0.1467047,0.1467047,417,0,0,2101330.52
1498,202229060.03,3300000000.0,0.06128153,0.06128153,480,0,0,1811834.66
1499,278386790.37,3300000000.0,0.08435963,0.08435963,426,0,0,2021662.92
1500,469026403.57,3300000000.0,0.14212921,0.14212921,436,0,0,1949537.61
1501,210995758.38,3300000000.0,0.06393811,0.06393811,455,0,0,1972594.35
1502,476406476.24,3300000000.0,0.1443656,0.1443656,417,0,0,2181517.47
1503,276749066.98,3300000000.0,0.08386335,0.08386335,558,0,0,1922321.66
1504,144698845.56,3300000000.0,0.04384814,0.04384814,427,0,0,1787005.67
1505,369784043.55,3370818944.0,0.10970154,0.10970154,399,0,0,2306758.71
1506,140807002.74,3300000000.0,0.04266879,0.04266879,522,0,0,1733341.87
1507,94248540.82,3300000000.0,0.02856016,0.02856016,589,0,0,1765566.03
1508,99036426.29,3300000000.0,0.03001104,0.03001104,677,0,0,1789554.68
1509,783781009.23,4344353316.0,0.18041374,0.18041374,326,0,0,2632438.38
1510,437191806.85,3300000000.0,0.13248237,0.13248237,479,0,0,2388538.35
1511,213298547.72,3300000000.0,0.06463592,0.06463592,522,0,0,1954279.16
1512,399103638.99,3300000000.0,0.1209405,0.1209405,504,0,0,2136473.09
1513,178556047.79,3300000000.0,0.05410789,0.05410789,559,0,0,1810929.82
1514,194002532.6,3300000000.0,0.05878865,0.05878865,590,0,0,1849529.16
1515,122758574.81,3989289332.0,0.03077204,0.03077204,346,0,0,2045198.92
1516,347321105.35,3300000000.0,0.10524882,0.10524882,495,0,0,1878877.9
1517,429946188.64,3300000000.0,0.13028672,0.13028672,457,0,0,2159528.23
1518,103786705.06,3300000000.0,0.03145052,0.03145052,573,0,0,1872100.41
1519,105865629.82,3300000000.0,0.03208049,0.03208049,556,0,0,1840506.29
1520,265200520.52,3300000000.0,0.08036379,0.08036379,419,0,0,2170362.38
1521,120053314.92,3300000000.0,0.03637979,0.03637979,439,0,0,1985074.93
1522,191943581.05,3300000000.0,0.05816472,0.05816472,424,0,0,1939021.12
1523,184543008.1,3300000000.0,0.05592212,0.05592212,476,0,0,1998601.49
1524,221444346.33,3300000000.0,0.06710435,0.06710435,428,0,0,1914722.73
1525,156596833.8,3300000000.0,0.04745359,0.04745359,396,0,0,2199518.08
1526,185641919.88,3300000000.0,0.05625513,0.05625513,558,0,0,1737624.18
1527,734010968.33,3300000000.0,0.22242757,0.22242757,563,0,0,2134767.96
1528,98962530.56,3300000000.0,0.02998865,0.02998865,540,0,0,1895550.05
1529,168261164.07,3300000000.0,0.05098823,0.05098823,479,0,0,1911534.76
1530,90952520.43,3300000000.0,0.02756137,0.02756137,639,0,0,1868455.65
1531,224392074.92,3383590199.0,0.06631775,0.06631775,464,0,0,2072378.38
1532,101872399.83,3300000000.0,0.03087042,0.03087042,461,0,0,1876315.78
1533,208797363.89,3300000000.0,0.06327193,0.06327193,593,0,0,1755055.58
1534,116624035.46,3300000000.0,0.03534062,0.03534062,521,0,0,1846007.59
1535,166593715.74,3300000000.0,0.05048294,0.05048294,476,0,0,1831348.74
1536,428536004.55,3300000000.0,0.1298594,0.1298594,514,0,0,2089550.45
1537,197015478.8,3300000000.0,0.05970166,0.05970166,458,0,0,1844098.11
1538,315141474.45,3300000000.0,0.09549742,0.09549742,442,0,0,2002923.52
1539,144031849.55,3300000000.0,0.04364602,0.04364602,543,0,0,1795119.34
1540,116224840.97,3300000000.0,0.03521965,0.03521965,411,0,0,1789856.56
1541,116353015.67,3300000000.0,0.03525849,0.03525849,436,0,0,1967818.69
1542,1194230109.91,3386538270.0,0.35264037,0.35264037,361,0,0,2858026.62
1543,221037820.99,3300000000.0,0.06698116,0.06698116,446,0,0,1951120.64
1544,1122535993.07,3300000000.0,0.34016242,0.34016242,428,0,0,2569543.83
1545,96033966.07,3300000000.0,0.0291012,0.0291012,407,0,0,2089218.87
1546,270429802.72,3300000000.0,0.08194843,0.08194843,457,0,0,2221696.76
1547,311310733.0,3300000000.0,0.09433659,0.09433659,476,0,0,1906923.61
1548,125241600.51,3300000000.0,0.037952,0.037952,598,0,0,1861453.37
1549,339651307.86,3300000000.0,0.10292464,0.10292464,510,0,0,2280379.14
1550,133868911.74,3300000000.0,0.04056634,0.04056634,447,0,0,1894034.06
1551,140904536.69,3300000000.0,0.04269834,0.04269834,460,0,0,1947883.96
1552,140022942.05,3300000000.0,0.04243119,0.04243119,502,0,0,1850483.29
1553,186879021.81,3300000000.0,0.05663001,0.05663001,504,0,0,1942244.53
1554,141897246.35,3300000000.0,0.04299917,0.04299917,584,0,0,1770661.37
1555,93197608.15,3300000000.0,0.0282417,0.0282417,482,0,0,1814042.64
1556,139594533.7,3300000000.0,0.04230137,0.04230137,564,0,0,1892025.08
1557,146306624.56,3300000000.0,0.04433534,0.04433534,523,0,0,1790440.16
1558,189398939.31,3300000000.0,0.05739362,0.05739362,397,0,0,1976707.18
1559,104880306.13,3300000000.0,0.03178191,0.03178191,503,0,0,1857321.69
1560,241419949.06,3300000000.0,0.07315756,0.07315756,547,0,0,1830624.73
1561,228081316.83,3300000000.0,0.06911555,0.06911555,491,0,0,1856906.12
1562,248935797.42,3300000000.0,0.07543509,0.07543509,475,0,0,2026328.37
1563,150819197.62,3300000000.0,0.04570279,0.04570279,579,0,0,1912613.92
1564,141639191.77,3300000000.0,0.04292097,0.04292097,604,0,0,1885151.2
1565,562768008.8,3300000000.0,0.17053576,0.17053576,542,0,0,2190949.48
1566,426339999.0,3300000000.0,0.12919394,0.12919394,410,0,0,1943124.06
1567,542056879.99,3300000000.0,0.16425966,0.16425966,489,0,0,2118262.06
1568,167850808.72,3300000000.0,0.05086388,0.05086388,579,0,0,1740984.03
1569,114410424.22,3300000000.0,0.03466983,0.03466983,536,0,0,1905561.42
1570,150849925.07,3300000000.0,0.0457121,0.0457121,490,0,0,2017337.5
1571,122435522.8,3300000000.0,0.03710167,0.03710167,515,0,0,1851634.28
1572,1005629098.45,4579598958.0,0.2195889,0.2195889,337,0,0,2820707.83
1573,234215896.81,3300000000.0,0.07097451,0.07097451,423,0,0,2031144.81
1574,129536994.28,3300000000.0,0.03925363,0.03925363,501,0,0,1972918.39
1575,331103718.55,3300000000.0,0.10033446,0.10033446,533,0,0,1893737.16
1576,95765673.57,3300000000.0,0.0290199,0.0290199,567,0,0,1815680.14
1577,433089661.58,3300000000.0,0.13123929,0.13123929,479,0,0,2357615.03
1578,172135840.36,3300000000.0,0.05216238,0.05216238,423,0,0,2074112.36
1579,98567573.58,3300000000.0,0.02986896,0.02986896,489,0,0,1877335.96
1580,117854496.75,3682674796.0,0.03200242,0.03200242,378,0,0,1903994.88
1581,151201568.14,3300000000.0,0.04581866,0.04581866,421,0,0,1879933.87
1582,102159568.45,3300000000.0,0.03095744,0.03095744,472,0,0,1901363.67
1583,220983561.37,3300000000.0,0.06696472,0.06696472,436,0,0,2026569.69
1584,517339423.81,3541891265.0,0.14606305,0.14606305,397,0,0,2272808.75
1585,574413763.32,3300000000.0,0.17406478,0.17406478,466,0,0,2247657.44
1586,168315200.81,3300000000.0,0.05100461,0.05100461,478,0,0,1831348.41
1587,138165499.09,3300000000.0,0.04186833,0.04186833,484,0,0,1962044.56
1588,112246534.23,3300000000.0,0.0340141,0.0340141,488,0,0,1909501.33
1589,148685569.47,3300000000.0,0.04505623,0.04505623,550,0,0,1893664.32
1590,103242316.55,3300000000.0,0.03128555,0.03128555,500,0,0,1829129.52
1591,172319128.45,3300000000.0,0.05221792,0.05221792,562,0,0,1714105.46
1592,126801330.36,3300000000.0,0.03842465,0.03842465,506,0,0,1941466.9
1593,114831210.29,3300000000.0,0.03479734,0.03479734,490,0,0,1807346.32
1594,100381326.86,3300000000.0,0.03041858,0.03041858,585,0,0,1880798.66
1595,146402073.71,3300000000.0,0.04436426,0.04436426,393,0,0,1910850.05
1596,100214785.45,3300000000.0,0.03036812,0.03036812,373,0,0,1983068.25
1597,233364191.39,3300000000.0,0.07071642,0.07071642,498,0,0,1800456.97
1598,182429165.62,3300000000.0,0.05528157,0.05528157,540,0,0,1862011.0
1599,162611092.52,3300000000.0,0.04927609,0.04927609,483,0,0,1890544.15
1600,878040957.4,4409201896.0,0.1991383,0.1991383,364,0,0,2625405.16
1601,90330051.73,3300000000.0,0.02737274,0.02737274,532,0,0,1895674.89
1602,100094952.16,3300000000.0,0.0303318,0.0303318,497,0,0,1822586.61
1603,137432334.71,3300000000.0,0.04164616,0.04164616,600,0,0,1807910.01
1604,115047799.31,3300000000.0,0.03486297,0.03486297,568,0,0,1781088.3
1605,346340165.16,3300000000.0,0.10495157,0.10495157,516,0,0,1987441.4
1606,96285022.74,3300000000.0,0.02917728,0.02917728,553,0,0,1932669.16
1607,230004133.93,3300000000.0,0.06969822,0.06969822,498,0,0,1811475.94
1608,151076770.0,3300000000.0,0.04578084,0.04578084,475,0,0,1931878.13
1609,211366745.39,3300000000.0,0.06405053,0.06405053,614,0,0,1882666.97
1610,159453123.3,3300000000.0,0.04831913,0.04831913,572,0,0,1890658.67
1611,105442201.38,3300000000.0,0.03195218,0.03195218,465,0,0,1815446.15
1612,173792228.06,3300000000.0,0.05266431,0.05266431,432,0,0,1856853.67
1613,206085281.36,3300000000.0,0.06245009,0.06245009,488,0,0,2017450.36
1614,645060048.61,3300000000.0,0.19547274,0.19547274,473,0,0,2051019.77
1615,104444760.45,3300000000.0,0.03164993,0.03164993,501,0,0,1822673.36
1616,189050753.42,3300000000.0,0.05728811,0.05728811,500,0,0,1840207.03
1617,101692309.65,3300000000.0,0.03081585,0.03081585,423,0,0,1952717.63
1618,196853658.97,3300000000.0,0.05965262,0.05965262,480,0,0,2241713.99
1619,96619877.31,3300000000.0,0.02927875,0.02927875,536,0,0,1883872.96
1620,97276464.05,3300000000.0,0.02947772,0.02947772,521,0,0,1904450.98
1621,1349263353.0,3300000000.0,0.40886768,0.40886768,438,0,0,2446400.6
1622,882432357.44,3300000000.0,0.26740374,0.26740374,504,0,0,2239281.5
1623,271383782.88,3300000000.0,0.08223751,0.08223751,392,0,0,2022625.26
1624,292466196.68,3300000000.0,0.08862612,0.08862612,469,0,0,1955191.93
1625,142118147.98,3300000000.0,0.04306611,0.04306611,519,0,0,1898483.74
1626,120192121.68,3300000000.0,0.03642186,0.03642186,436,0,0,1957928.43
1627,399127422.77,3300000000.0,0.1209477,0.1209477,586,0,0,2055084.54
1628,485082946.63,3300000000.0,0.14699483,0.14699483,435,0,0,2259717.07
1629,252652064.46,3300000000.0,0.07656123,0.07656123,526,0,0,1905286.23
1630,391876050.74,3300000000.0,0.11875032,0.11875032,475,0,0,2111338.48
1631,159785331.97,3300000000.0,0.0484198,0.0484198,444,0,0,1842895.87
1632,151733765.33,3300000000.0,0.04597993,0.04597993,446,0,0,1820040.41
1633,182530469.08,3300000000.0,0.05531226,0.05531226,399,0,0,1900910.34
1634,103162214.4,3300000000.0,0.03126128,0.03126128,491,0,0,1970207.71
1635,186245867.12,3300000000.0,0.05643814,0.05643814,549,0,0,1826633.54
1636,248319040.14,3300000000.0,0.07524819,0.07524819,484,0,0,1893348.25
1637,115786470.07,3300000000.0,0.03508681,0.03508681,565,0,0,1883980.12
1638,115004759.71,3300000000.0,0.03484993,0.03484993,532,0,0,1826229.93
1639,118145090.32,3300000000.0,0.03580154,0.03580154,540,0,0,1896107.71
1640,537520024.53,3300000000.0,0.16288486,0.16288486,409,0,0,2289973.33
1641,357281855.85,3300000000.0,0.10826723,0.10826723,503,0,0,1827309.01
1642,115481954.13,3300000000.0,0.03499453,0.03499453,504,0,0,1947759.26
1643,159414728.74,3300000000.0,0.04830749,0.04830749,570,0,0,1848499.93
1644,243847458.18,3300000000.0,0.07389317,0.07389317,431,0,0,2083028.78
1645,122444656.41,3300000000.0,0.03710444,0.03710444,504,0,0,1826249.25
1646,416058831.05,3300000000.0,0.12607843,0.12607843,498,0,0,1956189.98
1647,1230091399.35,4482238818.0,0.27443683,0.27443683,298,0,0,2613520.85
1648,414544992.59,3300000000.0,0.12561969,0.12561969,481,0,0,2021337.72
1649,95559436.44,3300000000.0,0.0289574,0.0289574,615,0,0,1902979.38
1650,117584312.46,3300000000.0,0.03563161,0.03563161,455,0,0,1928974.77
1651,165246802.98,3300000000.0,0.05007479,0.05007479,520,0,0,1811666.34
1652,132912996.2,3300000000.0,0.04027667,0.04027667,471,0,0,1857022.44
1653,146101684.48,3534593124.0,0.0413348,0.0413348,307,0,0,1990346.89
1654,86445305.1,3300000000.0,0.02619555,0.02619555,644,0,0,1803084.23
1655,172123008.3,3300000000.0,0.05215849,0.05215849,459,0,0,1926553.04
1656,206013458.14,3300000000.0,0.06242832,0.06242832,458,0,0,1926881.94
1657,124626974.53,3300000000.0,0.03776575,0.03776575,523,0,0,1896232.07
1658,237518166.55,3300000000.0,0.0719752,0.0719752,518,0,0,1815202.47
1659,425094772.49,3300000000.0,0.1288166,0.1288166,457,0,0,2203039.89
1660,2765594112.95,3310801315.0,0.8353247,0.8353247,461,0,0,2675987.55
1661,459162954.75,3300000000.0,0.13914029,0.13914029,453,0,0,2754405.51
1662,122112583.44,3300000000.0,0.03700381,0.03700381,473,0,0,1828299.38
1663,106664750.74,3300000000.0,0.03232265,0.03232265,617,0,0,1807284.23
1664,305635626.73,3300000000.0,0.09261686,0.09261686,479,0,0,1881771.11
1665,141253278.02,3300000000.0,0.04280402,0.04280402,453,0,0,1943785.09
1666,410519309.06,3300000000.0,0.12439979,0.12439979,435,0,0,2208090.44
1667,105539398.13,3300000000.0,0.03198164,0.03198164,496,0,0,1897761.31
1668,146745909.75,3300000000.0,0.04446846,0.04446846,509,0,0,1886485.01
1669,140193747.56,3300000000.0,0.04248295,0.04248295,486,0,0,1910129.77
1670,300321435.86,3300000000.0,0.0910065,0.0910065,570,0,0,1937383.06
1671,399035751.91,3300000000.0,0.12091992,0.12091992,415,0,0,1952143.35
1672,168809214.15,3300000000.0,0.05115431,0.05115431,512,0,0,1872461.1
1673,111206163.04,3300000000.0,0.03369884,0.03369884,638,0,0,1824078.36
1674,153274900.64,3300000000.0,0.04644694,0.04644694,619,0,0,1815345.67
1675,129144541.82,3300000000.0,0.03913471,0.03913471,484,0,0,1969582.48
1676,142332218.28,3300000000.0,0.04313098,0.04313098,540,0,0,1963238.92
1677,123143221.84,3300000000.0,0.03731613,0.03731613,408,0,0,1921325.25
1678,305438455.92,3300000000.0,0.09255711,0.09255711,460,0,0,1982610.58
1679,232107582.17,3300000000.0,0.07033563,0.07033563,466,0,0,1992319.07
1680,201823131.32,3300000000.0,0.06115852,0.06115852,384,0,0,1973135.61
1681,124124105.07,3300000000.0,0.03761337,0.03761337,468,0,0,1821697.89
1682,194773555.36,3300000000.0,0.05902229,0.05902229,401,0,0,1859360.77
1683,201522249.03,3300000000.0,0.06106735,0.06106735,470,0,0,1875946.93
1684,218836539.41,3300000000.0,0.0663141,0.0663141,501,0,0,1794909.98
1685,173235406.29,3300000000.0,0.05249558,0.05249558,520,0,0,1899664.83
1686,98549379.32,3300000000.0,0.02986345,0.02986345,597,0,0,1819813.43
1687,140131486.33,3300000000.0,0.04246409,0.04246409,523,0,0,1972005.25
1688,123869279.6,3300000000.0,0.03753615,0.03753615,470,0,0,1819853.82
1689,152530444.01,3300000000.0,0.04622135,0.04622135,395,0,0,2114893.03
1690,146000674.23,3300000000.0,0.04424263,0.04424263,467,0,0,1939897.26
1691,597451624.29,3477786797.0,0.17179076,0.17179076,391,0,0,2639458.38
1692,1048536460.66,3300000000.0,0.31773832,0.31773832,535,0,0,2687462.18
1693,136808340.95,3300000000.0,0.04145707,0.04145707,664,0,0,1888178.37
1694,428958396.54,3300000000.0,0.12998739,0.12998739,451,0,0,1847425.58
1695,133796292.73,3300000000.0,0.04054433,0.04054433,509,0,0,1796070.92
1696,181989810.56,3300000000.0,0.05514843,0.05514843,394,0,0,2015635.3
1697,194005740.32,3300000000.0,0.05878962,0.05878962,433,0,0,2080638.71
1698,94782283.95,3300000000.0,0.0287219,0.0287219,543,0,0,1861232.06
1699,316055543.36,3300000000.0,0.09577441,0.09577441,388,0,0,2165670.23
1700,472389445.38,3386155471.0,0.13950613,0.13950613,367,0,0,2009977.68
1701,394319253.3,3300000000.0,0.11949068,0.11949068,422,0,0,2049904.61
1702,146113808.76,3300000000.0,0.04427691,0.04427691,390,0,0,2016192.7
1703,159692016.04,3300000000.0,0.04839152,0.04839152,502,0,0,1855924.55
1704,278246408.22,3300000000.0,0.08431709,0.08431709,492,0,0,1927602.26
1705,284684213.55,3300000000.0,0.08626794,0.08626794,443,0,0,1998222.73
1706,280873927.65,3300000000.0,0.08511331,0.08511331,431,0,0,1830833.36
1707,110628494.47,3300000000.0,0.03352379,0.03352379,591,0,0,1825007.07
1708,289692809.14,3300000000.0,0.0877857,0.0877857,509,0,0,1926960.88
1709,150806983.29,3300000000.0,0.04569909,0.04569909,495,0,0,1797777.44
1710,210871141.39,3300000000.0,0.06390035,0.06390035,505,0,0,1821605.65
1711,128226430.58,3300000000.0,0.03885649,0.03885649,531,0,0,1808101.37
1712,155431569.86,3300000000.0,0.04710048,0.04710048,406,0,0,1870094.12
1713,149685360.26,3300000000.0,0.0453592,0.0453592,414,0,0,1948031.37
1714,517210448.03,3866728863.0,0.13375917,0.13375917,377,0,0,2237529.53
1715,401191910.68,3378552425.0,0.11874669,0.11874669,390,0,0,2021147.09
1716,142180532.7,3300000000.0,0.04308501,0.04308501,469,0,0,1920587.3
1717,384797977.18,3300000000.0,0.11660545,0.11660545,383,0,0,2459169.59
1718,229205189.26,3300000000.0,0.06945612,0.06945612,594,0,0,1835703.18
1719,196373708.76,3300000000.0,0.05950718,0.05950718,467,0,0,1858884.55
1720,260508798.77,3300000000.0,0.07894206,0.07894206,492,0,0,1842030.84
1721,188044416.08,3300000000.0,0.05698316,0.05698316,615,0,0,2038120.78
1722,116974052.16,3300000000.0,0.03544668,0.03544668,489,0,0,1948532.73
1723,120235938.71,3300000000.0,0.03643513,0.03643513,545,0,0,1860407.39
1724,120853253.83,3300000000.0,0.0366222,0.0366222,453,0,0,1869216.14
1725,216803383.03,3300000000.0,0.06569799,0.06569799,563,0,0,1934281.76
1726,90349749.86,3300000000.0,0.02737871,0.02737871,586,0,0,1778370.93
1727,128803087.85,3300000000.0,0.03903124,0.03903124,545,0,0,1722761.63
1728,113993518.51,3300000000.0,0.03454349,0.03454349,489,0,0,1918925.22
1729,749829510.09,3354604112.0,0.2235225,0.2235225,444,0,0,2538088.5
1730,285250495.87,3300000000.0,0.08643954,0.08643954,372,0,0,1898286.12
1731,182742492.13,3300000000.0,0.05537651,0.05537651,433,0,0,1955064.69
1732,88485004.01,3300000000.0,0.02681364,0.02681364,559,0,0,1815150.38
1733,577717251.38,3420695650.0,0.16888882,0.16888882,399,0,0,2170976.66
1734,237288564.89,3300000000.0,0.07190563,0.07190563,420,0,0,1930553.5
1735,129482290.59,3300000000.0,0.03923706,0.03923706,672,0,0,1910773.57
1736,139226048.33,3300000000.0,0.04218971,0.04218971,464,0,0,1817012.77
1737,97052183.5,3300000000.0,0.02940975,0.02940975,533,0,0,1810105.42
1738,119016914.07,3300000000.0,0.03606573,0.03606573,631,0,0,1859471.54
1739,160634401.1,3300000000.0,0.04867709,0.04867709,607,0,0,1770779.02
1740,158620898.04,3300000000.0,0.04806694,0.04806694,494,0,0,1954765.38
1741,189998617.97,3300000000.0,0.05757534,0.05757534,530,0,0,1797835.9
1742,324701550.43,3300000000.0,0.09839441,0.09839441,458,0,0,2038694.72
1743,147566198.6,3300000000.0,0.04471703,0.04471703,380,0,0,2028879.61
1744,108876955.55,3300000000.0,0.03299302,0.03299302,519,0,0,1900994.51
1745,99398449.78,3300000000.0,0.03012074,0.03012074,520,0,0,1823263.67
1746,530552432.94,3300000000.0,0.16077346,0.16077346,449,0,0,2320675.87
1747,159983291.94,3300000000.0,0.04847979,0.04847979,575,0,0,1899140.82
1748,133898980.72,3300000000.0,0.04057545,0.04057545,438,0,0,1850428.36
1749,189456405.81,3300000000.0,0.05741103,0.05741103,406,0,0,2041215.82
1750,152738700.26,3300000000.0,0.04628445,0.04628445,579,0,0,1924545.7
1751,472271517.25,3300000000.0,0.14311258,0.14311258,538,0,0,2086143.1
1752,117421195.04,3300000000.0,0.03558218,0.03558218,495,0,0,1907707.03
1753,138577779.24,3300000000.0,0.04199327,0.04199327,496,0,0,1980391.53
1754,112736442.53,3300000000.0,0.03416256,0.03416256,416,0,0,1889319.12
1755,177203047.25,3300000000.0,0.05369789,0.05369789,482,0,0,1927866.67
1756,188722021.53,3300000000.0,0.05718849,0.05718849,489,0,0,1859581.54
1757,372174315.09,3300000000.0,0.1127801,0.1127801,469,0,0,1868098.05
1758,111984409.58,3300000000.0,0.03393467,0.03393467,646,0,0,1887588.29
1759,276823047.27,3300000000.0,0.08388577,0.08388577,503,0,0,2053212.61
1760,205697193.34,3300000000.0,0.06233248,0.06233248,488,0,0,1866182.92
1761,111834529.31,3300000000.0,0.03388925,0.03388925,473,0,0,1961435.8
1762,811500739.53,3610763129.0,0.22474494,0.22474494,395,0,0,2046378.84
1763,227751903.16,3300000000.0,0.06901573,0.06901573,568,0,0,1966829.83
1764,175717337.69,3300000000.0,0.05324768,0.05324768,454,0,0,1990015.31
1765,755936225.13,3300000000.0,0.22907158,0.22907158,572,0,0,2187476.91
1766,142896485.18,3300000000.0,0.04330197,0.04330197,447,0,0,1980007.01
1767,312938892.96,3300000000.0,0.09482997,0.09482997,457,0,0,2161211.77
1768,174441785.67,3300000000.0,0.05286115,0.05286115,531,0,0,1979340.82
1769,218927186.83,3300000000.0,0.06634157,0.06634157,475,0,0,1885404.6
1770,161060818.26,3300000000.0,0.04880631,0.04880631,564,0,0,1785616.55
1771,205041697.43,3300000000.0,0.06213385,0.06213385,510,0,0,1835839.84
1772,113208988.55,3300000000.0,0.03430575,0.03430575,609,0,0,1908871.05
1773,168487154.38,3300000000.0,0.05105671,0.05105671,510,0,0,1909598.16
1774,137221632.98,3300000000.0,0.04158231,0.04158231,479,0,0,1854156.6
1775,140334190.72,3300000000.0,0.04252551,0.04252551,608,0,0,1809492.87
1776,285118150.57,3300000000.0,0.08639944,0.08639944,525,0,0,1965685.72
1777,385926309.1,3300000000.0,0.11694737,0.11694737,440,0,0,2029729.59
1778,658562696.1,3429110668.0,0.19205058,0.19205058,356,0,0,2200316.34
1779,103676463.98,3300000000.0,0.03141711,0.03141711,420,0,0,1862395.09
1780,218444273.82,3300000000.0,0.06619523,0.06619523,529,0,0,1852010.46
1781,220543585.04,3300000000.0,0.06683139,0.06683139,537,0,0,1896984.71
1782,193537765.7,3300000000.0,0.05864781,0.05864781,568,0,0,1910363.06
1783,104776702.25,3300000000.0,0.03175052,0.03175052,449,0,0,1893618.56
1784,138365964.18,3300000000.0,0.04192908,0.04192908,425,0,0,1971538.64
1785,156808820.78,3300000000.0,0.04751782,0.04751782,581,0,0,1805891.21
1786,302125341.05,3300000000.0,0.09155313,0.09155313,460,0,0,1998370.92
1787,117526610.2,3300000000.0,0.03561412,0.03561412,594,0,0,1852507.74
1788,129963376.8,3300000000.0,0.03938284,0.03938284,527,0,0,1832045.95
1789,108111387.71,3300000000.0,0.03276103,0.03276103,552,0,0,1840343.36
1790,230535757.59,3300000000.0,0.06985932,0.06985932,426,0,0,1924082.32
1791,271980793.71,3300000000.0,0.08241842,0.08241842,448,0,0,1973982.3
1792,163967345.38,3300000000.0,0.04968707,0.04968707,468,0,0,1870392.64
1793,84800172.18,3300000000.0,0.02569702,0.02569702,648,0,0,1766388.43
1794,809619016.69,3571920723.0,0.22666209,0.22666209,394,0,0,2562317.34
1795,133915651.75,3300000000.0,0.0405805,0.0405805,582,0,0,1833871.78
1796,287618253.77,3300000000.0,0.08715705,0.08715705,565,0,0,1793416.97
1797,496394566.0,3300000000.0,0.1504226,0.1504226,485,0,0,2190762.38
1798,280267677.98,3300000000.0,0.0849296,0.0849296,565,0,0,1916850.49
1799,565108020.31,3300000000.0,0.17124485,0.17124485,421,0,0,2591541.64
1800,210517589.59,3300000000.0,0.06379321,0.06379321,477,0,0,1878212.69
1801,754450629.91,3300000000.0,0.2286214,0.2286214,377,0,0,2152305.38
1802,140173992.63,3300000000.0,0.04247697,0.04247697,481,0,0,1979626.56
1803,268553705.16,3300000000.0,0.08137991,0.08137991,454,0,0,1854287.78
1804,111760170.24,3300000000.0,0.03386672,0.03386672,566,0,0,1903985.43
1805,155431932.9,3313832779.0,0.04690398,0.04690398,398,0,0,1910035.62
1806,252934774.42,3300000000.0,0.0766469,0.0766469,571,0,0,1870856.88
1807,106059440.06,3300000000.0,0.03213922,0.03213922,551,0,0,1883082.25
1808,219515274.71,3300000000.0,0.06651978,0.06651978,344,0,0,2035571.25
1809,206789150.66,3300000000.0,0.06266338,0.06266338,542,0,0,1796341.59
1810,221173448.81,3300000000.0,0.06702226,0.06702226,480,0,0,1964924.77
1811,502482630.69,3300000000.0,0.15226746,0.15226746,448,0,0,1922096.14
1812,126427660.99,3300000000.0,0.03831141,0.03831141,512,0,0,1847983.45
1813,104854467.05,3300000000.0,0.03177408,0.03177408,516,0,0,1964616.19
1814,210289257.42,3300000000.0,0.06372402,0.06372402,379,0,0,1928794.66
1815,118814380.15,3300000000.0,0.03600436,0.03600436,510,0,0,1908344.66
1816,217435918.65,3300000000.0,0.06588967,0.06588967,607,0,0,1777835.91
1817,90436264.27,3300000000.0,0.02740493,0.02740493,639,0,0,1845195.91
1818,225094682.85,3300000000.0,0.06821051,0.06821051,421,0,0,1951613.99
1819,303727053.66,3300000000.0,0.0920385,0.0920385,491,0,0,1922171.49
1820,963910582.2,3835113697.0,0.2513382,0.2513382,389,0,0,2721909.6
1821,230560450.95,3300000000.0,0.0698668,0.0698668,492,0,0,2148805.67
1822,103404209.71,3300000000.0,0.03133461,0.03133461,573,0,0,1815096.82
1823,116479395.12,3300000000.0,0.03529679,0.03529679,408,0,0,1824975.02
1824,181495536.3,3300000000.0,0.05499865,0.05499865,546,0,0,1861216.85
1825,479542977.82,3300000000.0,0.14531605,0.14531605,499,0,0,2274915.66
1826,183152329.46,3300000000.0,0.05550071,0.05550071,581,0,0,1868749.71
1827,164604460.14,3300000000.0,0.04988014,0.04988014,618,0,0,1718623.23
1828,149514761.8,3300000000.0,0.0453075,0.0453075,581,0,0,1874856.59
1829,491112116.77,3764092286.0,0.13047292,0.13047292,362,0,0,2319194.09
1830,158080906.56,3300000000.0,0.04790331,0.04790331,380,0,0,1948970.26
1831,367561367.49,3300000000.0,0.11138223,0.11138223,460,0,0,1869331.32
1832,221752012.14,3300000000.0,0.06719758,0.06719758,567,0,0,1898647.51
1833,255389429.2,3300000000.0,0.07739074,0.07739074,448,0,0,1833295.13
1834,165589664.19,3300000000.0,0.05017869,0.05017869,467,0,0,1850858.62
1835,137109142.63,3300000000.0,0.04154823,0.04154823,363,0,0,1898318.33
1836,245041331.33,3300000000.0,0.07425495,0.07425495,492,0,0,2072289.18
1837,252037869.76,3300000000.0,0.07637511,0.07637511,496,0,0,1911087.26
1838,235898784.08,3300000000.0,0.07148448,0.07148448,505,0,0,1875227.36
1839,183802981.03,3300000000.0,0.05569787,0.05569787,413,0,0,1950468.9
1840,1233346682.09,3300000000.0,0.37374142,0.37374142,398,0,0,2572514.38
1841,220709361.41,3300000000.0,0.06688162,0.06688162,410,0,0,1874293.73
1842,121403512.85,3300000000.0,0.03678894,0.03678894,446,0,0,1872468.08
1843,99871254.52,3300000000.0,0.03026402,0.03026402,556,0,0,1893152.25
1844,338080547.3,3923846355.0,0.0861605,0.0861605,352,0,0,1951826.66
1845,131477861.92,3300000000.0,0.03984178,0.03984178,438,0,0,1861654.67
1846,95934793.67,3300000000.0,0.02907115,0.02907115,602,0,0,1796964.16
1847,108016336.46,3300000000.0,0.03273222,0.03273222,388,0,0,1935888.45
1848,119971325.93,3300000000.0,0.03635495,0.03635495,490,0,0,1908733.57
1849,221338645.81,3300000000.0,0.06707232,0.06707232,552,0,0,1856830.37
1850,263182707.68,3300000000.0,0.07975234,0.07975234,508,0,0,1957464.1
1851,168126627.18,3300000000.0,0.05094746,0.05094746,619,0,0,1842153.79
1852,154006371.64,3300000000.0,0.0466686,0.0466686,571,0,0,1794552.35
1853,87721128.77,3300000000.0,0.02658216,0.02658216,602,0,0,1901020.79
1854,185283415.75,3300000000.0,0.05614649,0.05614649,463,0,0,1960542.87
1855,125385148.19,3300000000.0,0.0379955,0.0379955,469,0,0,1860194.18
1856,98497126.65,3300000000.0,0.02984761,0.02984761,525,0,0,1842097.15
1857,174636609.69,3320026245.0,0.05260097,0.05260097,425,0,0,2060167.06
1858,480801632.43,3300000000.0,0.14569746,0.14569746,553,0,0,2405955.69
1859,190762176.65,3300000000.0,0.05780672,0.05780672,496,0,0,1900052.98
1860,164649013.5,3300000000.0,0.04989364,0.04989364,531,0,0,2000722.84
1861,124059620.25,3300000000.0,0.03759382,0.03759382,607,0,0,1902949.01
1862,212584134.34,3300000000.0,0.06441943,0.06441943,519,0,0,1977860.24
1863,205362647.25,3300000000.0,0.06223111,0.06223111,477,0,0,1848642.04
1864,447499127.06,3300000000.0,0.1356058,0.1356058,550,0,0,1950217.61
1865,165124673.15,3300000000.0,0.05003778,0.05003778,472,0,0,1956984.79
1866,1977990152.68,3382270170.0,0.5848114,0.5848114,406,0,0,2675760.88
1867,308993079.55,3300000000.0,0.09363427,0.09363427,492,0,0,2361014.27
1868,111944940.89,3300000000.0,0.03392271,0.03392271,629,0,0,1885014.58
1869,100423783.67,3300000000.0,0.03043145,0.03043145,605,0,0,1841796.05
1870,716774129.03,3416271786.0,0.2098118,0.2098118,413,0,0,2693555.57
1871,106215756.06,3300000000.0,0.03218659,0.03218659,492,0,0,1787076.83
1872,118985668.8,3300000000.0,0.03605626,0.03605626,461,0,0,1902568.52
1873,139116849.44,3300000000.0,0.04215662,0.04215662,578,0,0,1879302.3
1874,120045107.65,3300000000.0,0.03637731,0.03637731,421,0,0,1880565.94
1875,96367443.87,3300000000.0,0.02920226,0.02920226,623,0,0,1845048.14
1876,335754012.92,3300000000.0,0.10174364,0.10174364,394,0,0,1957767.65
1877,318832254.07,3300000000.0,0.09661583,0.09661583,402,0,0,2341807.1
1878,136747390.54,3300000000.0,0.0414386,0.0414386,400,0,0,1998745.84
1879,308290223.75,3300000000.0,0.09342128,0.09342128,479,0,0,2179389.25
1880,596308804.93,3300000000.0,0.18069964,0.18069964,453,0,0,1993718.0
1881,197689914.25,3300000000.0,0.05990603,0.05990603,520,0,0,1837249.04
1882,208207151.23,3300000000.0,0.06309308,0.06309308,434,0,0,1897790.88
1883,95709856.43,3300000000.0,0.02900299,0.02900299,534,0,0,1834200.51
1884,207683305.77,3300000000.0,0.06293434,0.06293434,507,0,0,1912655.24
1885,107155889.02,3300000000.0,0.03247148,0.03247148,569,0,0,1792250.19
1886,281001611.4,3644620587.0,0.07710037,0.07710037,363,0,0,2311258.02
1887,384523942.93,3300000000.0,0.11652241,0.11652241,516,0,0,1886418.26
1888,97676642.64,3300000000.0,0.02959898,0.02959898,587,0,0,1811266.81
1889,312451721.73,3300000000.0,0.09468234,0.09468234,448,0,0,2035499.55
1890,580140466.63,3300000000.0,0.17580014,0.17580014,492,0,0,2139711.68
1891,236150373.92,4453113817.0,0.05303039,0.05303039,346,0,0,2187320.28
1892,128521428.12,3300000000.0,0.03894589,0.03894589,479,0,0,2029415.27
1893,101371430.64,3300000000.0,0.03071862,0.03071862,623,0,0,1907127.97
1894,615058191.05,3300000000.0,0.18638127,0.18638127,439,0,0,2269284.28
1895,152239852.03,3300000000.0,0.04613329,0.04613329,476,0,0,1977308.02
1896,168611739.21,3300000000.0,0.05109447,0.05109447,567,0,0,1814408.36
1897,122043301.0,3300000000.0,0.03698282,0.03698282,662,0,0,1817576.66
1898,838359905.89,3300000000.0,0.25404846,0.25404846,480,0,0,2564933.15
1899,189599407.53,3300000000.0,0.05745437,0.05745437,425,0,0,1949507.7
1900,230070200.96,3300000000.0,0.06971824,0.06971824,536,0,0,1880435.34
1901,161790399.8,3300000000.0,0.04902739,0.04902739,565,0,0,1872455.41
1902,1035259902.81,4031192512.0,0.25681232,0.25681232,427,0,0,2544756.62
1903,181092770.01,3300000000.0,0.0548766,0.0548766,426,0,0,1884379.36
1904,307729857.15,3300000000.0,0.09325147,0.09325147,512,0,0,1863840.24
1905,122037104.98,3300000000.0,0.03698094,0.03698094,541,0,0,1806393.86
1906,171868935.04,3300000000.0,0.0520815,0.0520815,445,0,0,1964563.66
1907,105790100.0,3300000000.0,0.03205761,0.03205761,486,0,0,1862841.93
1908,281928481.63,3300000000.0,0.08543287,0.08543287,415,0,0,1956413.32
1909,102200253.3,3300000000.0,0.03096977,0.03096977,545,0,0,1921452.63
1910,146114698.63,3300000000.0,0.04427718,0.04427718,506,0,0,1978387.69
1911,110538200.23,3300000000.0,0.03349642,0.03349642,578,0,0,1767891.94
1912,128183353.85,3300000000.0,0.03884344,0.03884344,551,0,0,1875967.43
1913,390806247.82,3300000000.0,0.11842614,0.11842614,423,0,0,1857137.49
1914,158639407.55,3300000000.0,0.04807255,0.04807255,452,0,0,1882763.62
1915,222705108.05,3300000000.0,0.0674864,0.0674864,464,0,0,1973028.74
1916,324161008.13,3300000000.0,0.09823061,0.09823061,466,0,0,2174108.46
1917,194548518.39,3300000000.0,0.0589541,0.0589541,478,0,0,1926667.88
1918,142692321.55,3300000000.0,0.0432401,0.0432401,514,0,0,1957851.84
1919,181631278.68,3300000000.0,0.05503978,0.05503978,484,0,0,2029893.75
1920,165782164.91,3300000000.0,0.05023702,0.05023702,481,0,0,1918060.91
1921,97828810.21,3300000000.0,0.02964509,0.02964509,480,0,0,1850116.86
1922,121313306.78,3300000000.0,0.03676161,0.03676161,498,0,0,1775049.45
1923,385999122.46,3300000000.0,0.11696943,0.11696943,400,0,0,2410946.11
1924,106193075.48,3300000000.0,0.03217972,0.03217972,578,0,0,1785174.58
1925,167372123.79,3300000000.0,0.05071883,0.05071883,570,0,0,1833080.8
1926,114506154.5,3300000000.0,0.03469883,0.03469883,563,0,0,1821647.55
1927,112589228.54,3300000000.0,0.03411795,0.03411795,644,0,0,1795611.19
1928,156233936.84,3300000000.0,0.04734362,0.04734362,422,0,0,1748701.32
1929,524262061.4,3300000000.0,0.15886729,0.15886729,458,0,0,2339758.52
1930,251917675.28,3807620245.0,0.06616145,0.06616145,348,0,0,2192447.91
1931,99295358.53,3300000000.0,0.0300895,0.0300895,561,0,0,1870097.96
1932,137169580.3,3300000000.0,0.04156654,0.04156654,453,0,0,1889627.63
1933,121171893.85,3300000000.0,0.03671876,0.03671876,388,0,0,1930606.53
1934,167481179.92,3300000000.0,0.05075187,0.05075187,495,0,0,2039773.92
1935,314749932.83,3300000000.0,0.09537877,0.09537877,560,0,0,1738501.55
1936,116545787.53,3300000000.0,0.03531691,0.03531691,601,0,0,1876062.98
1937,304713752.45,3300000000.0,0.0923375,0.0923375,376,0,0,2157884.36
1938,337691027.64,3300000000.0,0.10233061,0.10233061,414,0,0,2157769.28
1939,155088734.9,3300000000.0,0.04699659,0.04699659,425,0,0,1978275.2
1940,500357608.31,3300000000.0,0.15162352,0.15162352,526,0,0,2136023.37
1941,257227083.02,3300000000.0,0.0779476,0.0779476,532,0,0,1949516.39
1942,149957552.69,3300000000.0,0.04544168,0.04544168,508,0,0,1843430.49
1943,126738611.94,3300000000.0,0.03840564,0.03840564,553,0,0,1944176.53
1944,128984866.3,3300000000.0,0.03908632,0.03908632,512,0,0,1847138.06
1945,145671655.65,3300000000.0,0.04414293,0.04414293,641,0,0,1752096.17
1946,137072764.32,3300000000.0,0.0415372,0.0415372,540,0,0,1839702.54
1947,109511196.46,3300000000.0,0.03318521,0.03318521,551,0,0,1924504.29
1948,339552903.18,3486534669.0,0.0973898,0.0973898,340,0,0,2015308.02
1949,98711982.06,3300000000.0,0.02991272,0.02991272,642,0,0,1925476.95
1950,208753273.03,3300000000.0,0.06325857,0.06325857,461,0,0,2156761.63
1951,144902953.67,3300000000.0,0.04390999,0.04390999,400,0,0,1883551.09
1952,372618266.68,3300000000.0,0.11291463,0.11291463,353,0,0,2077795.66
1953,212893059.96,3300000000.0,0.06451305,0.06451305,442,0,0,2159303.59
1954,147558168.6,3300000000.0,0.0447146,0.0447146,535,0,0,1918390.57
1955,224104083.94,3300000000.0,0.06791033,0.06791033,528,0,0,1808619.37
1956,100281749.15,3300000000.0,0.03038841,0.03038841,445,0,0,1869262.09
1957,218988867.4,3300000000.0,0.06636026,0.06636026,512,0,0,1722065.46
1958,103151445.54,3300000000.0,0.03125801,0.03125801,469,0,0,1824654.03
1959,169579221.67,3300000000.0,0.05138764,0.05138764,576,0,0,1856013.96
1960,183712606.22,3300000000.0,0.05567049,0.05567049,408,0,0,1856980.43
1961,168038505.11,3300000000.0,0.05092076,0.05092076,510,0,0,1864883.99
1962,125365443.12,3300000000.0,0.03798953,0.03798953,484,0,0,2046927.82
1963,152206143.43,3300000000.0,0.04612307,0.04612307,512,0,0,1771010.25
1964,100382113.4,3300000000.0,0.03041882,0.03041882,494,0,0,1968464.59
1965,281262321.73,3300000000.0,0.08523101,0.08523101,435,0,0,2080422.8
1966,181230387.89,3300000000.0,0.0549183,0.0549183,463,0,0,2300717.77
1967,219779647.33,3300000000.0,0.06659989,0.06659989,496,0,0,1890564.43
1968,185075533.0,3300000000.0,0.05608349,0.05608349,539,0,0,1902255.48
1969,153589916.09,3300000000.0,0.0465424,0.0465424,436,0,0,1907561.44
1970,463642475.87,3300000000.0,0.14049772,0.14049772,444,0,0,1856805.46
1971,167844261.88,3300000000.0,0.0508619,0.0508619,571,0,0,1876976.41
1972,165021976.59,3300000000.0,0.05000666,0.05000666,423,0,0,1906759.47
1973,103513037.24,3300000000.0,0.03136759,0.03136759,528,0,0,1987901.79
1974,133784144.16,3300000000.0,0.04054065,0.04054065,499,0,0,1738374.48
1975,100926799.7,3300000000.0,0.03058388,0.03058388,561,0,0,1894557.91
1976,491833415.07,3300000000.0,0.14904043,0.14904043,404,0,0,2038765.33
1977,427828232.13,3300000000.0,0.12964492,0.12964492,444,0,0,2145551.04
1978,109392725.3,3300000000.0,0.03314931,0.03314931,512,0,0,1849852.52
1979,98481068.37,3300000000.0,0.02984275,0.02984275,565,0,0,1793071.38
1980,80198418.2,3300000000.0,0.02430255,0.02430255,677,0,0,1712877.2
1981,123477677.79,3300000000.0,0.03741748,0.03741748,527,0,0,1901818.76
1982,102909542.39,3300000000.0,0.03118471,0.03118471,510,0,0,1805662.93
1983,126377355.83,3300000000.0,0.03829617,0.03829617,607,0,0,1909377.48
1984,273846609.5,3889570151.0,0.07040537,0.07040537,373,0,0,2297030.23
1985,204982604.21,3731048060.0,0.05493968,0.05493968,377,0,0,2165106.1
1986,112605255.06,3300000000.0,0.0341228,0.0341228,453,0,0,1846058.39
1987,88545259.18,3300000000.0,0.0268319,0.0268319,539,0,0,1769102.09
1988,103781508.08,3300000000.0,0.03144894,0.03144894,530,0,0,1902605.38
1989,174165875.97,3300000000.0,0.05277754,0.05277754,589,0,0,1853326.58
1990,449997959.15,3300000000.0,0.13636302,0.13636302,395,0,0,1980827.55
1991,1731052680.68,3300000000.0,0.52456142,0.52456142,435,0,0,2376501.31
1992,297168075.86,3300000000.0,0.09005093,0.09005093,477,0,0,2078229.11
1993,126024944.86,3300000000.0,0.03818938,0.03818938,463,0,0,1980840.91
1994,119283087.84,3300000000.0,0.03614639,0.03614639,573,0,0,1918300.85
1995,338510392.2,3300000000.0,0.10257891,0.10257891,439,0,0,1938259.77
1996,160164143.88,3300000000.0,0.04853459,0.04853459,468,0,0,1871074.19
1997,89626134.69,3300000000.0,0.02715943,0.02715943,586,0,0,1795562.63
1998,271081275.18,3300000000.0,0.08214584,0.08214584,419,0,0,1895624.41
1999,104428015.53,3300000000.0,0.03164485,0.03164485,410,0,0,1810888.42
2000,837813322.68,3300000000.0,0.25388283,0.25388283,454,0,0,2394137.42
2001,152191057.75,3300000000.0,0.0461185,0.0461185,494,0,0,1911058.19
2002,244163433.22,3300000000.0,0.07398892,0.07398892,470,0,0,2058288.93
2003,112836585.89,3300000000.0,0.0341929,0.0341929,399,0,0,1930249.7
2004,217307354.63,3300000000.0,0.06585071,0.06585071,520,0,0,1867509.9
2005,200875085.31,3300000000.0,0.06087124,0.06087124,539,0,0,1863565.41
2006,170110665.51,3300000000.0,0.05154869,0.05154869,493,0,0,1991829.61
2007,105101819.61,3300000000.0,0.03184904,0.03184904,515,0,0,1832208.63
2008,347586626.27,4539624291.0,0.07656727,0.07656727,335,0,0,2115123.64
2009,247021274.17,3300000000.0,0.07485493,0.07485493,411,0,0,1984500.27
2010,163130348.97,3300000000.0,0.04943344,0.04943344,622,0,0,1761920.47
2011,589048047.04,3300000000.0,0.17849941,0.17849941,412,0,0,2714898.17
2012,278840309.94,3300000000.0,0.08449706,0.08449706,436,0,0,2052195.1
2013,276655704.43,3300000000.0,0.08383506,0.08383506,410,0,0,1921623.13
2014,169242492.2,3300000000.0,0.0512856,0.0512856,521,0,0,1857864.29
2015,161141085.51,3300000000.0,0.04883063,0.04883063,452,0,0,1915480.24
2016,142668503.86,3300000000.0,0.04323288,0.04323288,411,0,0,1825156.9
2017,753805314.23,3300000000.0,0.22842585,0.22842585,430,0,0,2563217.41
2018,100278655.96,3300000000.0,0.03038747,0.03038747,476,0,0,1809535.5
2019,93525526.44,3300000000.0,0.02834107,0.02834107,621,0,0,1881015.21
2020,477037939.41,3300000000.0,0.14455695,0.14455695,436,0,0,2436968.81
2021,232673379.51,3300000000.0,0.07050708,0.07050708,516,0,0,1960022.51
2022,87275857.01,3300000000.0,0.02644723,0.02644723,612,0,0,1811196.25
2023,90661960.36,3300000000.0,0.02747332,0.02747332,555,0,0,1808094.92
2024,127845023.58,3300000000.0,0.03874092,0.03874092,536,0,0,1729755.77
2025,152270184.47,3300000000.0,0.04614248,0.04614248,467,0,0,1904488.55
2026,118641844.31,3300000000.0,0.03595207,0.03595207,640,0,0,1768939.97
2027,228664499.69,3300000000.0,0.06929227,0.06929227,549,0,0,1819278.98
2028,137933158.63,3300000000.0,0.04179793,0.04179793,573,0,0,1837102.73
2029,88504928.31,3300000000.0,0.02681968,0.02681968,636,0,0,1835618.22
2030,203279593.17,3300000000.0,0.06159988,0.06159988,450,0,0,1988706.33
2031,165164000.14,3300000000.0,0.0500497,0.0500497,484,0,0,1993760.26
2032,239205810.0,3300000000.0,0.07248661,0.07248661,448,0,0,1954308.71
2033,143968151.23,3300000000.0,0.04362671,0.04362671,503,0,0,1938440.33
2034,117715702.68,3300000000.0,0.03567143,0.03567143,461,0,0,1954987.19
2035,198932854.0,3982331919.0,0.04995386,0.04995386,305,0,0,1960122.46
2036,255871306.53,3300000000.0,0.07753676,0.07753676,414,0,0,2291568.01
2037,408498962.48,3300000000.0,0.12378756,0.12378756,427,0,0,1988309.75
2038,166228528.53,3300000000.0,0.05037228,0.05037228,489,0,0,1850401.83
2039,411615859.3,3300000000.0,0.12473208,0.12473208,392,0,0,2271157.13
2040,111761036.15,3300000000.0,0.03386698,0.03386698,428,0,0,1910341.1
2041,426427491.72,3300000000.0,0.12922045,0.12922045,487,0,0,1967118.32
2042,123328377.02,3300000000.0,0.03737224,0.03737224,564,0,0,1862863.96
2043,120078118.36,3300000000.0,0.03638731,0.03638731,508,0,0,2001934.51
2044,119667880.65,3300000000.0,0.03626299,0.03626299,502,0,0,1854437.11
2045,439247095.78,3330031459.0,0.13190479,0.13190479,379,0,0,2237816.76
2046,97514996.93,3300000000.0,0.02955,0.02955,544,0,0,1867827.14
2047,178747901.41,3300000000.0,0.05416603,0.05416603,443,0,0,2067316.33
2048,111684687.54,3300000000.0,0.03384384,0.03384384,424,0,0,1867435.85
2049,228013599.06,3300000000.0,0.06909503,0.06909503,501,0,0,2002331.06
2050,185736503.85,3300000000.0,0.05628379,0.05628379,409,0,0,2104996.16
2051,254592219.62,3300000000.0,0.07714916,0.07714916,473,0,0,1943114.61
2052,247863866.23,3719129110.0,0.06664567,0.06664567,399,0,0,1994788.28
2053,292341886.41,3600316415.0,0.08119894,0.08119894,344,0,0,1952112.34
2054,191845998.65,3300000000.0,0.05813515,0.05813515,431,0,0,1993747.31
2055,140992296.92,3508408856.0,0.04018696,0.04018696,343,0,0,2003337.6
2056,147305273.92,3300000000.0,0.04463796,0.04463796,472,0,0,2026212.53
2057,180967661.9,3300000000.0,0.05483869,0.05483869,431,0,0,1847353.32
2058,207078672.65,3300000000.0,0.06275111,0.06275111,502,0,0,1859601.64
2059,159678071.1,3300000000.0,0.04838729,0.04838729,400,0,0,1899140.03
2060,472298247.21,3442612953.0,0.13719179,0.13719179,390,0,0,2134491.02
2061,286184555.33,3300000000.0,0.08672259,0.08672259,434,0,0,2159805.93
2062,136938206.71,3300000000.0,0.04149643,0.04149643,532,0,0,1947977.86
2063,980415751.24,3300000000.0,0.29709568,0.29709568,504,0,0,2520827.84
2064,237514397.04,3300000000.0,0.07197406,0.07197406,370,0,0,1960339.71
2065,144535921.22,3300000000.0,0.04379876,0.04379876,488,0,0,1872126.74
2066,122358835.75,3300000000.0,0.03707844,0.03707844,534,0,0,1875962.76
2067,731968180.34,3300000000.0,0.22180854,0.22180854,495,0,0,2320735.95
2068,129001173.45,3300000000.0,0.03909126,0.03909126,586,0,0,1905762.89
2069,305787645.93,3300000000.0,0.09266292,0.09266292,518,0,0,1898511.39
2070,228350780.16,3300000000.0,0.06919721,0.06919721,458,0,0,1847202.35
2071,172060673.97,3537077303.0,0.04864487,0.04864487,342,0,0,2060931.16
2072,123145218.94,3300000000.0,0.03731673,0.03731673,582,0,0,1818209.51
2073,105863304.38,3300000000.0,0.03207979,0.03207979,564,0,0,1858407.87
2074,351577756.77,3300000000.0,0.10653871,0.10653871,378,0,0,2061086.42
2075,214470260.04,3300000000.0,0.06499099,0.06499099,427,0,0,1860449.22
2076,425156858.49,3300000000.0,0.12883541,0.12883541,423,0,0,2044096.59
2077,305481627.93,3300000000.0,0.09257019,0.09257019,437,0,0,2032537.66
2078,155790381.72,3389747163.0,0.04595929,0.04595929,405,0,0,1886787.78
2079,516327013.1,3300000000.0,0.15646273,0.15646273,468,0,0,2095414.61
2080,337558524.13,3300000000.0,0.10229046,0.10229046,448,0,0,1924282.98
2081,227004033.85,3300000000.0,0.0687891,0.0687891,477,0,0,1987461.75
2082,224620437.64,3334688044.0,0.06735876,0.06735876,388,0,0,2281885.87
2083,97384207.55,3300000000.0,0.02951037,0.02951037,568,0,0,1883841.73
2084,173156270.55,3300000000.0,0.0524716,0.0524716,489,0,0,1820359.99
2085,138542393.22,3300000000.0,0.04198254,0.04198254,572,0,0,1809985.8
2086,220007419.75,3300000000.0,0.06666892,0.06666892,454,0,0,1981779.48
2087,284754009.88,3300000000.0,0.08628909,0.08628909,523,0,0,1862512.61
2088,319468800.55,3300000000.0,0.09680873,0.09680873,386,0,0,2216915.65
2089,172484805.95,3300000000.0,0.05226812,0.05226812,407,0,0,2022291.26
2090,139570822.29,3300000000.0,0.04229419,0.04229419,504,0,0,1922669.37
2091,500225540.83,3300000000.0,0.1515835,0.1515835,485,0,0,2257263.07
2092,125493742.13,3300000000.0,0.03802841,0.03802841,488,0,0,1814510.92
2093,148426713.96,3300000000.0,0.04497779,0.04497779,506,0,0,1895261.37
2094,144043166.91,3300000000.0,0.04364944,0.04364944,508,0,0,1810799.77
2095,665219589.61,3681323037.0,0.18070123,0.18070123,410,0,0,2547432.93
2096,426146554.45,3544398396.0,0.120231,0.120231,394,0,0,2233662.63
2097,160821799.73,3300000000.0,0.04873388,0.04873388,483,0,0,1844132.5
2098,161800659.73,3300000000.0,0.0490305,0.0490305,477,0,0,1975729.14
2099,599277803.09,4558968242.0,0.13145031,0.13145031,299,0,0,2300334.03
2100,241049438.01,3400757057.0,0.07088111,0.07088111,381,0,0,1986141.78
2101,121502852.0,3300000000.0,0.03681905,0.03681905,533,0,0,1803915.57
2102,183385203.78,3300000000.0,0.05557127,0.05557127,442,0,0,2083241.91
2103,101724576.45,3300000000.0,0.03082563,0.03082563,576,0,0,1802478.78
2104,201077025.54,3300000000.0,0.06093243,0.06093243,596,0,0,1811271.41
2105,139997169.9,3300000000.0,0.04242338,0.04242338,445,0,0,2006565.72
2106,334871920.74,3300000000.0,0.10147634,0.10147634,378,0,0,2032099.15
2107,249711574.07,3300000000.0,0.07567017,0.07567017,496,0,0,2108152.42
2108,215130779.34,3762779801.0,0.05717336,0.05717336,366,0,0,2069158.24
2109,86648999.02,3300000000.0,0.02625727,0.02625727,630,0,0,1813378.78
2110,172046792.31,3300000000.0,0.05213539,0.05213539,420,0,0,1976370.77
2111,97155044.65,3300000000.0,0.02944092,0.02944092,545,0,0,1870431.35
2112,197837000.25,3300000000.0,0.05995061,0.05995061,447,0,0,1748466.91
2113,97147690.39,3300000000.0,0.02943869,0.02943869,682,0,0,1827688.47
2114,131571636.35,3300000000.0,0.03987019,0.03987019,469,0,0,1867659.81
2115,278864034.48,3300000000.0,0.08450425,0.08450425,479,0,0,2109976.83
2116,475875206.75,3300000000.0,0.14420461,0.14420461,474,0,0,2544800.06
2117,166211674.3,3300000000.0,0.05036717,0.05036717,452,0,0,1962051.74
2118,176951232.24,3300000000.0,0.05362159,0.05362159,509,0,0,1834563.12
2119,666695470.7,3362933429.0,0.19824819,0.19824819,372,0,0,2067628.3
2120,413785260.47,3300000000.0,0.12538947,0.12538947,433,0,0,2214160.62
2121,158710000.59,3300000000.0,0.04809394,0.04809394,680,0,0,1681684.38
2122,165566880.32,3300000000.0,0.05017178,0.05017178,530,0,0,1855523.29
2123,150898745.02,3300000000.0,0.04572689,0.04572689,453,0,0,1996379.09
2124,112367330.71,3300000000.0,0.03405071,0.03405071,529,0,0,1781233.08
2125,203013712.05,3300000000.0,0.06151931,0.06151931,588,0,0,1715769.42
2126,645137509.94,3300000000.0,0.19549622,0.19549622,379,0,0,2283115.04
2127,345070094.13,3300000000.0,0.1045667,0.1045667,512,0,0,1971492.51
2128,146426376.74,3300000000.0,0.04437163,0.04437163,475,0,0,1929535.76
2129,97549340.34,3300000000.0,0.02956041,0.02956041,553,0,0,1883941.73
2130,178563013.95,3300000000.0,0.05411,0.05411,650,0,0,1726402.72
2131,122679486.05,3300000000.0,0.0371756,0.0371756,566,0,0,1854870.34
2132,389509382.47,3300000000.0,0.11803315,0.11803315,473,0,0,1888813.73
2133,97026156.99,3300000000.0,0.02940187,0.02940187,659,0,0,1869475.59
2134,273089987.68,3300000000.0,0.08275454,0.08275454,445,0,0,1858924.54
2135,1433037671.23,3300000000.0,0.43425384,0.43425384,441,0,0,2278342.71
2136,122371223.37,3300000000.0,0.03708219,0.03708219,522,0,0,1915297.37
2137,223174148.26,3300000000.0,0.06762853,0.06762853,520,0,0,1903721.17
2138,390103579.79,3300000000.0,0.11821321,0.11821321,421,0,0,2177638.9
2139,101087989.58,3300000000.0,0.03063272,0.03063272,461,0,0,1827992.44
2140,131428974.14,3300000000.0,0.03982696,0.03982696,532,0,0,1880849.08
2141,444830287.99,3300000000.0,0.13479706,0.13479706,454,0,0,2000187.26
2142,216187613.01,3300000000.0,0.0655114,0.0655114,449,0,0,1958750.9
2143,777389869.53,3300000000.0,0.23557269,0.23557269,430,0,0,2562142.84
2144,279972482.19,3300000000.0,0.08484015,0.08484015,433,0,0,1942939.08
2145,89199858.0,3300000000.0,0.02703026,0.02703026,670,0,0,1826367.69
2146,127977472.2,3300000000.0,0.03878105,0.03878105,530,0,0,1927182.0
2147,439793601.03,4661638807.0,0.09434313,0.09434313,321,0,0,2324543.33
2148,102155342.26,3300000000.0,0.03095616,0.03095616,466,0,0,1892430.69
2149,706693739.51,3463567824.0,0.20403635,0.20403635,367,0,0,2098510.99
2150,111018043.13,3300000000.0,0.03364183,0.03364183,381,0,0,1966215.29
2151,126408801.34,3300000000.0,0.0383057,0.0383057,602,0,0,1873854.84
2152,221828495.71,3300000000.0,0.06722076,0.06722076,533,0,0,1948020.28
2153,1179468708.75,3300000000.0,0.35741476,0.35741476,474,0,0,2566115.32
2154,948188302.43,3300000000.0,0.28732979,0.28732979,454,0,0,2332619.85
2155,487598645.75,3300000000.0,0.14775717,0.14775717,443,0,0,2137863.28
2156,293677057.11,3300000000.0,0.08899305,0.08899305,510,0,0,1956537.14
2157,125626372.7,3300000000.0,0.0380686,0.0380686,479,0,0,1830688.94
2158,457535023.66,3689146940.0,0.1240219,0.1240219,388,0,0,2483881.32
2159,232119834.36,3300000000.0,0.07033934,0.07033934,407,0,0,1882459.52
2160,129281475.21,3300000000.0,0.0391762,0.0391762,589,0,0,1832540.01
2161,248516032.85,3300000000.0,0.07530789,0.07530789,386,0,0,1941626.92
2162,446197785.1,3300000000.0,0.13521145,0.13521145,428,0,0,2117736.36
2163,4997878631.19,3792116638.0,1.31796543,1.31796543,443,0,0,2641492.72
2164,141566403.97,3300000000.0,0.04289891,0.04289891,478,0,0,1881119.21
2165,139295770.47,3300000000.0,0.04221084,0.04221084,569,0,0,1880677.16
2166,165446203.89,3300000000.0,0.05013521,0.05013521,456,0,0,1979240.39
2167,134260127.62,3300000000.0,0.04068489,0.04068489,430,0,0,1895655.23
2168,191278982.79,3300000000.0,0.05796333,0.05796333,443,0,0,2049020.46
2169,322632130.0,3300000000.0,0.09776731,0.09776731,510,0,0,1807130.61
2170,211236824.26,3300000000.0,0.06401116,0.06401116,391,0,0,2150479.83
2171,155846327.62,3300000000.0,0.04722616,0.04722616,432,0,0,1938810.17
2172,198520763.01,3300000000.0,0.06015781,0.06015781,540,0,0,1764543.99
2173,432426228.72,3300000000.0,0.13103825,0.13103825,414,0,0,1963563.95
2174,91936212.88,3300000000.0,0.02785946,0.02785946,630,0,0,1874822.95
2175,127228617.69,3300000000.0,0.03855413,0.03855413,510,0,0,1769719.7
2176,91102975.48,3300000000.0,0.02760696,0.02760696,607,0,0,1777305.26
2177,161893314.56,3300000000.0,0.04905858,0.04905858,425,0,0,1888019.14
2178,1625365758.76,3745229556.0,0.43398295,0.43398295,422,0,0,2623626.46
2179,139773833.74,3300000000.0,0.04235571,0.04235571,384,0,0,1895467.99
2180,278718386.95,3300000000.0,0.08446012,0.08446012,457,0,0,2204167.09
2181,151670628.32,3300000000.0,0.0459608,0.0459608,631,0,0,1748313.71
2182,112084595.54,3300000000.0,0.03396503,0.03396503,463,0,0,1870174.72
2183,251845412.64,3300000000.0,0.07631679,0.07631679,493,0,0,1991082.72
2184,343580408.61,3300000000.0,0.10411528,0.10411528,481,0,0,1991857.48
2185,136850951.29,3300000000.0,0.04146999,0.04146999,538,0,0,1980226.35
2186,104354500.13,3300000000.0,0.03162258,0.03162258,514,0,0,1955135.63
2187,170641736.28,3300000000.0,0.05170962,0.05170962,474,0,0,2051716.74
2188,207790247.28,3300000000.0,0.06296674,0.06296674,484,0,0,2135624.35
2189,398728480.52,3300000000.0,0.12082681,0.12082681,367,0,0,2146437.6
2190,306255866.66,3300000000.0,0.09280481,0.09280481,496,0,0,1802717.32
2191,377046835.51,3300000000.0,0.11425662,0.11425662,465,0,0,1971267.98
2192,288121802.2,3300000000.0,0.08730964,0.08730964,518,0,0,1850258.33
2193,154414561.25,3300000000.0,0.04679229,0.04679229,504,0,0,2067735.8
2194,128958122.39,3300000000.0,0.03907822,0.03907822,523,0,0,2104645.33
2195,217427281.09,3300000000.0,0.06588705,0.06588705,489,0,0,2061004.19
2196,459034807.64,3729645291.0,0.12307734,0.12307734,355,0,0,2330316.7
2197,205436151.33,3300000000.0,0.06225338,0.06225338,424,0,0,1936633.27
2198,240953064.08,3300000000.0,0.07301608,0.07301608,544,0,0,1921591.58
2199,87040090.1,3300000000.0,0.02637578,0.02637578,726,0,0,1828263.98
2200,109562590.14,3300000000.0,0.03320078,0.03320078,666,0,0,1829104.11
2201,90309382.68,3300000000.0,0.02736648,0.02736648,463,0,0,1844413.62
2202,104640337.32,3300000000.0,0.03170919,0.03170919,573,0,0,1830741.81
2203,107668225.09,3300000000.0,0.03262673,0.03262673,607,0,0,1827018.55
2204,174461325.27,3300000000.0,0.05286707,0.05286707,398,0,0,1984240.91
2205,237864381.85,3300000000.0,0.07208012,0.07208012,449,0,0,1987374.56
2206,145443011.6,3300000000.0,0.04407364,0.04407364,502,0,0,1900995.41
2207,198731345.52,3300000000.0,0.06022162,0.06022162,425,0,0,1833432.4
2208,119931943.89,3300000000.0,0.03634301,0.03634301,538,0,0,1901830.85
2209,106710562.62,3300000000.0,0.03233653,0.03233653,505,0,0,1818120.81
2210,199784805.34,3300000000.0,0.06054085,0.06054085,514,0,0,1785899.07
2211,134767418.57,3300000000.0,0.04083861,0.04083861,447,0,0,1937464.9
2212,175266535.05,3300000000.0,0.05311107,0.05311107,491,0,0,1816300.87
2213,101830028.18,3300000000.0,0.03085758,0.03085758,520,0,0,1871817.15
2214,95804886.8,3300000000.0,0.02903178,0.02903178,513,0,0,1968059.03
2215,188871360.08,3300000000.0,0.05723375,0.05723375,574,0,0,1836382.1
2216,228138298.18,3300000000.0,0.06913282,0.06913282,534,0,0,1958074.28
2217,658261660.25,3300000000.0,0.19947323,0.19947323,412,0,0,2421605.98
2218,760574848.3,3300000000.0,0.23047723,0.23047723,421,0,0,2637575.56
2219,148599556.15,3300000000.0,0.04503017,0.04503017,513,0,0,1791717.93
2220,158324350.72,3300000000.0,0.04797708,0.04797708,431,0,0,1969410.43
2221,410512659.77,3307847644.0,0.12410265,0.12410265,387,0,0,2038166.57
2222,283645603.53,3300000000.0,0.08595321,0.08595321,437,0,0,2175417.3
2223,537322289.17,3300000000.0,0.16282494,0.16282494,430,0,0,2435061.56
2224,160685528.27,3300000000.0,0.04869258,0.04869258,499,0,0,1931046.16
2225,96453071.25,3300000000.0,0.0292282,0.0292282,419,0,0,1951391.03
2226,208821604.25,3300000000.0,0.06327927,0.06327927,525,0,0,2096479.28
2227,749434948.64,3301924025.0,0.22696917,0.22696917,412,0,0,2045263.1
2228,328439761.53,3300000000.0,0.0995272,0.0995272,527,0,0,2018226.87
2229,383544777.64,3414219186.0,0.11233748,0.11233748,416,0,0,2137899.39
2230,792392544.52,4064767342.0,0.19494167,0.19494167,341,0,0,2202256.36
2231,101149363.61,3300000000.0,0.03065132,0.03065132,602,0,0,1894726.62
2232,298880552.0,3300000000.0,0.09056986,0.09056986,412,0,0,1986116.0
2233,351303316.16,3300000000.0,0.10645555,0.10645555,446,0,0,1907789.89
2234,424575390.26,3300000000.0,0.12865921,0.12865921,478,0,0,1909984.89
2235,106233542.72,3300000000.0,0.03219198,0.03219198,550,0,0,1768951.43
2236,182377239.85,3300000000.0,0.05526583,0.05526583,465,0,0,1992878.77
2237,184668888.9,3300000000.0,0.05596027,0.05596027,426,0,0,1994322.95
2238,281106672.77,3502213756.0,0.08026542,0.08026542,396,0,0,2020847.18
2239,119558616.8,3300000000.0,0.03622988,0.03622988,474,0,0,1947147.28
2240,273373754.82,3300000000.0,0.08284053,0.08284053,452,0,0,2081505.24
2241,137322821.94,3300000000.0,0.04161298,0.04161298,504,0,0,2002317.22
2242,274218758.54,3300000000.0,0.08309659,0.08309659,470,0,0,2206924.28
2243,129122388.8,3300000000.0,0.039128,0.039128,494,0,0,1914641.21
2244,764707021.99,3509639412.0,0.21788763,0.21788763,405,0,0,2711516.39
2245,181983403.41,3300000000.0,0.05514649,0.05514649,492,0,0,1912305.4
2246,100689940.9,3300000000.0,0.0305121,0.0305121,511,0,0,1783956.73
2247,123269609.27,3300000000.0,0.03735443,0.03735443,540,0,0,1812779.71
2248,188517919.46,3300000000.0,0.05712664,0.05712664,470,0,0,2019947.35
2249,152840325.88,3300000000.0,0.04631525,0.04631525,676,0,0,1753000.74
2250,372623224.33,3300000000.0,0.11291613,0.11291613,567,0,0,1869873.93
2251,401191702.35,3300000000.0,0.12157324,0.12157324,528,0,0,2029726.74
2252,228565561.63,3300000000.0,0.06926229,0.06926229,426,0,0,1739876.01
2253,335488353.36,3300000000.0,0.10166314,0.10166314,473,0,0,2015723.83
2254,310932774.35,3300000000.0,0.09422205,0.09422205,478,0,0,2041342.85
2255,158261884.85,3300000000.0,0.04795815,0.04795815,445,0,0,1847884.37
2256,147662907.76,3300000000.0,0.04474634,0.04474634,543,0,0,1830791.14
2257,183100401.39,3300000000.0,0.05548497,0.05548497,502,0,0,1793013.66
2258,1896953364.13,4707358421.0,0.40297619,0.40297619,313,0,0,2856199.6
2259,445706840.69,3300000000.0,0.13506268,0.13506268,474,0,0,2365805.89
2260,187008804.68,3300000000.0,0.05666933,0.05666933,451,0,0,1959821.75
2261,357850063.88,3597654029.0,0.09946761,0.09946761,367,0,0,2306233.3
2262,303869638.87,3300000000.0,0.09208171,0.09208171,431,0,0,2093314.22
2263,433657367.74,3300000000.0,0.13141132,0.13141132,527,0,0,1989618.58
2264,329039749.66,3505372497.0,0.09386727,0.09386727,370,0,0,2001760.97
2265,95938595.47,3300000000.0,0.0290723,0.0290723,558,0,0,1915716.73
2266,349831706.35,3300000000.0,0.10600961,0.10600961,447,0,0,2502472.98
2267,258401449.25,3300000000.0,0.07830347,0.07830347,458,0,0,2110812.2
2268,187345318.34,3300000000.0,0.05677131,0.05677131,598,0,0,1904016.72
2269,157061574.85,3300000000.0,0.04759442,0.04759442,530,0,0,1925386.18
2270,192749731.18,3300000000.0,0.05840901,0.05840901,427,0,0,1797086.14
2271,103824214.99,3300000000.0,0.03146188,0.03146188,572,0,0,1899928.79
2272,105405684.99,3300000000.0,0.03194112,0.03194112,484,0,0,1978338.74
2273,440191278.15,4222461669.0,0.10424992,0.10424992,354,0,0,2373488.83
2274,193338529.66,3300000000.0,0.05858743,0.05858743,395,0,0,2051402.97
2275,105872587.68,3300000000.0,0.0320826,0.0320826,597,0,0,1863489.05
2276,431674733.79,3300000000.0,0.13081053,0.13081053,564,0,0,2228141.72
2277,265015100.06,3300000000.0,0.08030761,0.08030761,418,0,0,1918637.29
2278,89123934.84,3300000000.0,0.02700725,0.02700725,435,0,0,1884386.66
2279,171739809.17,3300000000.0,0.05204237,0.05204237,403,0,0,1986179.92
2280,84919715.32,3300000000.0,0.02573325,0.02573325,661,0,0,1791234.63
2281,217832156.74,3300000000.0,0.06600974,0.06600974,496,0,0,2020240.42
2282,344988356.51,3300000000.0,0.10454193,0.10454193,534,0,0,1881167.13
2283,543695597.4,4116139300.0,0.13208873,0.13208873,354,0,0,2565291.58
2284,125423658.66,3300000000.0,0.03800717,0.03800717,551,0,0,1857642.43
2285,134563913.79,3300000000.0,0.04077694,0.04077694,407,0,0,1999485.24
2286,264174438.77,3300000000.0,0.08005286,0.08005286,437,0,0,2234163.52
2287,165635369.02,3300000000.0,0.05019254,0.05019254,393,0,0,1847741.74
2288,273311669.62,3300000000.0,0.08282172,0.08282172,405,0,0,1980841.54
2289,102126332.72,3300000000.0,0.03094737,0.03094737,528,0,0,1782084.35
2290,3091902563.55,4376833603.0,0.70642452,0.70642452,359,0,0,2541175.95
2291,100458956.19,3300000000.0,0.03044211,0.03044211,571,0,0,1818598.41
2292,180353569.13,3300000000.0,0.0546526,0.0546526,473,0,0,1810987.99
2293,735928063.96,3300000000.0,0.2230085,0.2230085,509,0,0,2510797.24
2294,255863830.08,3300000000.0,0.07753449,0.07753449,458,0,0,2080373.02
2295,242745776.63,3300000000.0,0.07355933,0.07355933,431,0,0,1889696.47
2296,332013048.89,3412146404.0,0.09730328,0.09730328,404,0,0,1989068.98
2297,130732441.97,3300000000.0,0.03961589,0.03961589,489,0,0,1833675.29
2298,131683444.28,3300000000.0,0.03990407,0.03990407,513,0,0,1881516.5
2299,153329107.49,3300000000.0,0.04646337,0.04646337,582,0,0,1868555.88
2300,143865478.91,3300000000.0,0.0435956,0.0435956,635,0,0,1727374.61
2301,170934089.18,3300000000.0,0.05179821,0.05179821,616,0,0,1805008.81
2302,133676433.44,3322624642.0,0.04023218,0.04023218,375,0,0,2045875.82
2303,212933609.42,3300000000.0,0.06452534,0.06452534,488,0,0,1838840.01
2304,91468344.58,3300000000.0,0.02771768,0.02771768,610,0,0,1901975.02
2305,162856566.75,3300000000.0,0.04935047,0.04935047,547,0,0,1914875.53
2306,863964452.45,3300000000.0,0.26180741,0.26180741,454,0,0,2188878.08
2307,777408016.68,3638274330.0,0.21367493,0.21367493,377,0,0,2769120.82
2308,532885417.74,3300000000.0,0.16148043,0.16148043,540,0,0,1916867.02
2309,94970127.92,3300000000.0,0.02877883,0.02877883,560,0,0,1828245.54
2310,94217178.8,3300000000.0,0.02855066,0.02855066,566,0,0,1846837.29
2311,193821947.88,3300000000.0,0.05873392,0.05873392,473,0,0,1963815.12
2312,230066998.89,3300000000.0,0.06971727,0.06971727,473,0,0,1983531.2
2313,179513409.93,3300000000.0,0.054398,0.054398,476,0,0,2020559.21
2314,166163551.36,3300000000.0,0.05035259,0.05035259,504,0,0,1936845.07
2315,1037295249.44,3300000000.0,0.31433189,0.31433189,507,0,0,2326210.22
2316,141468784.38,3300000000.0,0.04286933,0.04286933,532,0,0,1857915.4
2317,111345979.69,3300000000.0,0.03374121,0.03374121,523,0,0,1809604.03
2318,100939259.81,3300000000.0,0.03058765,0.03058765,416,0,0,1989768.44
2319,298098217.06,3300000000.0,0.09033279,0.09033279,442,0,0,1966129.13
2320,145009096.6,3300000000.0,0.04394215,0.04394215,555,0,0,1871413.97
2321,132490645.52,3300000000.0,0.04014868,0.04014868,500,0,0,1932880.67
2322,149720180.93,3300000000.0,0.04536975,0.04536975,450,0,0,1970096.42
2323,964171024.75,3300000000.0,0.29217304,0.29217304,435,0,0,2448399.73
2324,492868230.24,3678513907.0,0.13398569,0.13398569,397,0,0,2447232.27
2325,94617397.89,3300000000.0,0.02867194,0.02867194,622,0,0,1801360.82
2326,98936526.51,3300000000.0,0.02998077,0.02998077,551,0,0,1855622.95
2327,153881227.04,3300000000.0,0.04663067,0.04663067,569,0,0,1904851.17
2328,121475617.22,3300000000.0,0.03681079,0.03681079,461,0,0,1882800.28
2329,145406034.57,3300000000.0,0.04406243,0.04406243,644,0,0,1810871.51
2330,522422211.66,4382322957.0,0.11921125,0.11921125,318,0,0,2104641.09
2331,306485793.13,3300000000.0,0.09287448,0.09287448,371,0,0,1990108.1
2332,96128106.7,3300000000.0,0.02912973,0.02912973,560,0,0,1804399.33
2333,125639569.74,3300000000.0,0.0380726,0.0380726,498,0,0,2030598.21
2334,189274761.56,3300000000.0,0.05735599,0.05735599,441,0,0,2007152.64
2335,97655247.65,3300000000.0,0.0295925,0.0295925,643,0,0,1894160.2
2336,1105366118.53,3489631972.0,0.31675722,0.31675722,438,0,0,2689704.65
2337,986321213.37,3300000000.0,0.29888522,0.29888522,423,0,0,2604754.24
2338,99730214.32,3300000000.0,0.03022128,0.03022128,635,0,0,1864195.99
2339,171525798.63,3300000000.0,0.05197751,0.05197751,481,0,0,2082006.99
2340,382481480.75,3680972366.0,0.10390773,0.10390773,400,0,0,2011359.52
2341,210304867.63,3300000000.0,0.06372875,0.06372875,396,0,0,1871990.13
2342,160769109.82,3300000000.0,0.04871791,0.04871791,468,0,0,1882112.23
2343,257016285.43,3376501989.0,0.0761191,0.0761191,385,0,0,1904442.79
2344,119007514.62,3300000000.0,0.03606288,0.03606288,396,0,0,1790178.34
2345,862644074.97,3300000000.0,0.2614073,0.2614073,393,0,0,2408638.26
2346,235662793.33,3300000000.0,0.07141297,0.07141297,439,0,0,2020397.81
2347,97188110.11,3300000000.0,0.02945094,0.02945094,694,0,0,1894227.05
2348,284090681.27,3300000000.0,0.08608809,0.08608809,490,0,0,1837907.93
2349,126473576.44,3300000000.0,0.03832533,0.03832533,500,0,0,2001999.63
2350,204103160.44,3300000000.0,0.06184944,0.06184944,428,0,0,2146592.77
2351,109287023.37,3300000000.0,0.03311728,0.03311728,533,0,0,1939471.31
2352,95779519.31,3300000000.0,0.0290241,0.0290241,509,0,0,1859640.32
2353,156802319.42,3300000000.0,0.04751585,0.04751585,454,0,0,1911002.88
2354,899612973.92,4286665790.0,0.2098631,0.2098631,336,0,0,2576398.68
2355,113535199.75,3300000000.0,0.03440461,0.03440461,365,0,0,1926680.19
2356,120401985.52,3300000000.0,0.03648545,0.03648545,536,0,0,1839685.75
2357,191097935.86,3300000000.0,0.05790847,0.05790847,401,0,0,2153726.9
2358,197260954.57,3300000000.0,0.05977605,0.05977605,521,0,0,1837261.37
2359,180918166.2,3300000000.0,0.05482369,0.05482369,427,0,0,1983295.65
2360,182505674.08,3300000000.0,0.05530475,0.05530475,529,0,0,1887457.3
2361,139840295.34,3300000000.0,0.04237585,0.04237585,551,0,0,1834619.36
2362,251206457.93,4182028006.0,0.0600681,0.0600681,343,0,0,2091172.74
2363,261424459.7,3300000000.0,0.07921953,0.07921953,480,0,0,2139368.3
2364,308106565.53,3300000000.0,0.09336563,0.09336563,351,0,0,2085895.17
2365,127960167.52,3300000000.0,0.03877581,0.03877581,551,0,0,1984052.6
2366,286054728.5,3300000000.0,0.08668325,0.08668325,484,0,0,1826328.15
2367,236171190.78,3300000000.0,0.07156703,0.07156703,544,0,0,1809719.75
2368,86813801.58,3300000000.0,0.02630721,0.02630721,540,0,0,1782391.21
2369,160433134.48,3300000000.0,0.0486161,0.0486161,428,0,0,1741154.83
2370,240081720.29,3300000000.0,0.07275204,0.07275204,431,0,0,1889116.09
2371,177826261.62,3300000000.0,0.05388675,0.05388675,478,0,0,2023826.06
2372,472996784.33,3786382872.0,0.12492048,0.12492048,368,0,0,2297323.43
2373,113155892.79,3300000000.0,0.03428966,0.03428966,616,0,0,1947002.27
2374,757801171.43,3462833099.0,0.21883849,0.21883849,391,0,0,2737287.59
2375,182110573.62,3300000000.0,0.05518502,0.05518502,485,0,0,1860453.21
2376,147895011.98,3300000000.0,0.04481667,0.04481667,421,0,0,1877227.53
2377,165744608.98,3300000000.0,0.05022564,0.05022564,436,0,0,1929050.7
2378,108279894.23,3300000000.0,0.03281209,0.03281209,599,0,0,1849636.71
2379,651886764.17,4359010503.0,0.14954925,0.14954925,345,0,0,2567641.21
2380,100538911.78,3300000000.0,0.03046634,0.03046634,537,0,0,1831369.88
2381,2685701944.79,3300000000.0,0.81384907,0.81384907,412,0,0,2838015.79
2382,114005617.22,3300000000.0,0.03454716,0.03454716,528,0,0,1895196.53
2383,132226000.22,3300000000.0,0.04006848,0.04006848,591,0,0,1984413.66
2384,198741161.22,3300000000.0,0.06022459,0.06022459,448,0,0,1864470.77
2385,259818744.04,3300000000.0,0.07873295,0.07873295,567,0,0,1837828.76
2386,178801030.95,3300000000.0,0.05418213,0.05418213,472,0,0,1915152.34
2387,189887924.99,3300000000.0,0.0575418,0.0575418,508,0,0,1895097.87
2388,199055278.92,3300000000.0,0.06031978,0.06031978,446,0,0,1902182.54
2389,500470851.42,3300000000.0,0.15165783,0.15165783,531,0,0,2255753.79
2390,293535055.87,3300000000.0,0.08895002,0.08895002,411,0,0,2126943.56
2391,160932474.58,3300000000.0,0.04876742,0.04876742,584,0,0,1801964.79
2392,118157478.42,3300000000.0,0.0358053,0.0358053,521,0,0,1801714.52
2393,130772315.21,3300000000.0,0.03962797,0.03962797,584,0,0,1962261.47
2394,1870512792.78,3300000000.0,0.56682206,0.56682206,451,0,0,2753081.83
2395,469586820.14,3300000000.0,0.14229904,0.14229904,527,0,0,2495311.77
2396,642404886.4,3601863848.0,0.17835346,0.17835346,345,0,0,2567471.2
2397,111053960.24,3300000000.0,0.03365272,0.03365272,450,0,0,1980459.14
2398,99982465.98,3300000000.0,0.03029772,0.03029772,423,0,0,1824517.08
2399,125974170.53,3300000000.0,0.03817399,0.03817399,533,0,0,1842524.68
2400,117354670.02,3300000000.0,0.03556202,0.03556202,409,0,0,1822966.76
2401,174435303.93,3300000000.0,0.05285918,0.05285918,446,0,0,1855157.43
2402,108377587.62,3300000000.0,0.03284169,0.03284169,462,0,0,1880898.99
2403,179443613.94,3300000000.0,0.05437685,0.05437685,471,0,0,1941135.83
2404,278048099.33,3300000000.0,0.084257,0.084257,538,0,0,1756101.87
2405,152646595.87,3300000000.0,0.04625654,0.04625654,408,0,0,1911780.79
2406,910447218.5,4022726264.0,0.22632592,0.22632592,337,0,0,2612584.7
2407,94982335.54,3300000000.0,0.02878253,0.02878253,560,0,0,1926456.23
2408,110096477.03,3300000000.0,0.03336257,0.03336257,576,0,0,1775889.17
2409,135368277.67,3300000000.0,0.04102069,0.04102069,419,0,0,1895525.0
2410,131458096.15,3300000000.0,0.03983579,0.03983579,495,0,0,2040513.94
2411,87081945.8,3300000000.0,0.02638847,0.02638847,594,0,0,1772285.43
2412,1321235431.58,3410820255.0,0.38736589,0.38736589,396,0,0,2529004.62
2413,182117142.95,3300000000.0,0.05518701,0.05518701,454,0,0,1891165.91
2414,257934676.65,3300000000.0,0.07816202,0.07816202,589,0,0,1831433.17
2415,112106762.41,3300000000.0,0.03397175,0.03397175,547,0,0,1935089.98
2416,928154970.32,3611051241.0,0.25703179,0.25703179,376,0,0,2831903.55
2417,131602203.7,3300000000.0,0.03987946,0.03987946,463,0,0,1965183.25
2418,156690846.04,3300000000.0,0.04748207,0.04748207,590,0,0,1884918.22
2419,269819419.36,3300000000.0,0.08176346,0.08176346,477,0,0,1896973.5
2420,564310886.24,3300000000.0,0.1710033,0.1710033,444,0,0,2423224.75
2421,183531646.41,3300000000.0,0.05561565,0.05561565,385,0,0,1933442.77
2422,116663403.2,3300000000.0,0.03535255,0.03535255,448,0,0,1890072.52
2423,165454955.87,3300000000.0,0.05013787,0.05013787,586,0,0,1793496.42
2424,121364664.92,3300000000.0,0.03677717,0.03677717,521,0,0,1846198.63
2425,605574979.86,3648594770.0,0.16597485,0.16597485,361,0,0,2585539.32
2426,380225550.1,3300000000.0,0.11521986,0.11521986,445,0,0,2193431.48
2427,145772064.92,3300000000.0,0.04417335,0.04417335,529,0,0,1872435.11
2428,165322241.6,3300000000.0,0.05009765,0.05009765,409,0,0,1875974.1
2429,108742853.65,3300000000.0,0.03295238,0.03295238,625,0,0,1861714.73
2430,176887048.55,3300000000.0,0.05360214,0.05360214,542,0,0,1798489.79
2431,159902604.83,3300000000.0,0.04845533,0.04845533,514,0,0,1947824.05
2432,185535344.64,3300000000.0,0.05622283,0.05622283,500,0,0,1964333.12
2433,538828736.83,3683683053.0,0.14627446,0.14627446,335,0,0,2121589.6
2434,1041194695.61,3300000000.0,0.31551354,0.31551354,474,0,0,2174323.89
2435,270297511.16,3300000000.0,0.08190834,0.08190834,624,0,0,1996496.27
2436,223206000.85,3402721282.0,0.06559632,0.06559632,389,0,0,1876768.46
2437,132320967.82,3300000000.0,0.04009726,0.04009726,505,0,0,1922064.85
2438,291209766.35,3300000000.0,0.08824538,0.08824538,523,0,0,1854577.52
2439,115278915.54,3300000000.0,0.034933,0.034933,669,0,0,1849511.58
2440,217873517.57,3300000000.0,0.06602228,0.06602228,390,0,0,2023784.9
2441,100984361.28,3300000000.0,0.03060132,0.03060132,517,0,0,1903657.13
2442,118289454.27,3300000000.0,0.03584529,0.03584529,550,0,0,1795327.21
2443,456430940.79,4313343162.0,0.10581837,0.10581837,318,0,0,2221432.24
2444,162292160.01,3300000000.0,0.04917944,0.04917944,594,0,0,1796973.74
2445,125518520.39,3300000000.0,0.03803592,0.03803592,572,0,0,1702375.04
2446,133771086.39,3300000000.0,0.04053669,0.04053669,406,0,0,1812265.52
2447,155497271.68,3300000000.0,0.04712039,0.04712039,469,0,0,1856953.25
2448,114653239.2,3300000000.0,0.03474341,0.03474341,446,0,0,1898863.28
2449,841396406.53,3300000000.0,0.25496861,0.25496861,564,0,0,2147365.69
2450,853401900.0,3300000000.0,0.25860664,0.25860664,452,0,0,2323518.3
2451,183317015.91,3300000000.0,0.05555061,0.05555061,533,0,0,1806186.57
2452,299359943.38,3300000000.0,0.09071513,0.09071513,480,0,0,1904564.22
2453,159254014.66,3300000000.0,0.04825879,0.04825879,515,0,0,1891311.29
2454,118076858.79,3300000000.0,0.03578087,0.03578087,474,0,0,1777179.57
2455,164942806.12,3300000000.0,0.04998267,0.04998267,519,0,0,1957301.93
2456,201710125.63,3300000000.0,0.06112428,0.06112428,472,0,0,1819340.7
2457,179495799.67,3300000000.0,0.05439267,0.05439267,615,0,0,1889227.44
2458,247174343.02,3300000000.0,0.07490132,0.07490132,496,0,0,1874655.56
2459,85626347.71,3300000000.0,0.02594738,0.02594738,684,0,0,1790239.84
2460,103426806.62,3300000000.0,0.03134146,0.03134146,681,0,0,1652527.04
2461,349728282.07,3300000000.0,0.10597827,0.10597827,530,0,0,1994885.89
2462,112566011.22,3300000000.0,0.03411091,0.03411091,556,0,0,1799720.86
2463,243701966.46,3300000000.0,0.07384908,0.07384908,593,0,0,1792274.83
2464,188938341.46,3300000000.0,0.05725404,0.05725404,485,0,0,1921973.83
2465,169376992.44,3300000000.0,0.05132636,0.05132636,385,0,0,1826367.61
2466,122539747.12,3300000000.0,0.03713326,0.03713326,551,0,0,1952304.87
2467,103463837.57,3300000000.0,0.03135268,0.03135268,473,0,0,1846305.31
2468,256821494.16,3300000000.0,0.0778247,0.0778247,527,0,0,1805215.54
2469,129457206.11,3300000000.0,0.03922946,0.03922946,412,0,0,1830791.01
2470,99952030.85,3300000000.0,0.03028849,0.03028849,461,0,0,1811541.98
2471,1174357580.44,3300000000.0,0.35586593,0.35586593,439,0,0,2545463.8
2472,312914587.14,3300000000.0,0.0948226,0.0948226,500,0,0,2086635.99
2473,145389461.54,3300000000.0,0.04405741,0.04405741,540,0,0,1806215.83
2474,353557123.9,3566513817.0,0.09913241,0.09913241,380,0,0,2064148.43
2475,173646266.29,3300000000.0,0.05262008,0.05262008,500,0,0,1908170.47
2476,269407269.79,3300000000.0,0.08163857,0.08163857,481,0,0,1874870.91
2477,192835857.35,3300000000.0,0.05843511,0.05843511,658,0,0,1834327.37
2478,108571539.7,3300000000.0,0.03290047,0.03290047,491,0,0,1820736.78
2479,179418583.75,3300000000.0,0.05436927,0.05436927,426,0,0,1990957.44
2480,88350361.45,3300000000.0,0.02677284,0.02677284,613,0,0,1818973.13
2481,131854436.92,3300000000.0,0.03995589,0.03995589,465,0,0,1929204.38
2482,135626084.04,3300000000.0,0.04109881,0.04109881,487,0,0,1896361.73
2483,346465853.8,3300000000.0,0.10498965,0.10498965,463,0,0,1829484.45
2484,127697593.78,3300000000.0,0.03869624,0.03869624,515,0,0,1874555.75
2485,140754888.17,3300000000.0,0.042653,0.042653,545,0,0,1827549.79
2486,723293545.64,3300000000.0,0.21917986,0.21917986,485,0,0,2189934.95
2487,450019822.86,3300000000.0,0.13636964,0.13636964,503,0,0,2148536.43
2488,374170273.65,3300000000.0,0.11338493,0.11338493,472,0,0,1959142.44
2489,111340755.99,3300000000.0,0.03373962,0.03373962,522,0,0,1790331.94
2490,155538320.09,3300000000.0,0.04713282,0.04713282,464,0,0,1849730.85
2491,224299577.11,3342247999.0,0.06711039,0.06711039,336,0,0,1961215.84
2492,132993136.44,3300000000.0,0.04030095,0.04030095,387,0,0,2010936.56
2493,203230661.66,3300000000.0,0.06158505,0.06158505,536,0,0,1901475.28
2494,107809932.25,3300000000.0,0.03266968,0.03266968,550,0,0,1821065.72
2495,269593478.55,3300000000.0,0.08169499,0.08169499,494,0,0,1908648.31
2496,1290823946.11,3300000000.0,0.39115877,0.39115877,489,0,0,2618704.78
2497,322514165.31,3300000000.0,0.09773157,0.09773157,425,0,0,2091002.43
2498,200861978.22,3300000000.0,0.06086727,0.06086727,520,0,0,1814826.06
2499,107224951.37,3300000000.0,0.03249241,0.03249241,529,0,0,1937525.26
2500,117752981.83,3300000000.0,0.03568272,0.03568272,476,0,0,2094011.92
2501,101851778.18,3300000000.0,0.03086418,0.03086418,609,0,0,1800343.35
2502,140843114.43,3300000000.0,0.04267973,0.04267973,561,0,0,1888741.66
2503,92409439.57,3300000000.0,0.02800286,0.02800286,674,0,0,1821512.82
2504,158003134.29,3300000000.0,0.04787974,0.04787974,438,0,0,1902249.94
2505,191278767.85,3300000000.0,0.05796326,0.05796326,577,0,0,1859021.45
2506,371479046.1,3300000000.0,0.11256941,0.11256941,425,0,0,1981908.75
2507,103425162.76,3300000000.0,0.03134096,0.03134096,517,0,0,1843026.61
2508,359165816.72,3300000000.0,0.10883813,0.10883813,398,0,0,1930158.26
2509,3123761150.66,4569008004.0,0.68368476,0.68368476,341,0,0,2852928.67
2510,113180291.96,3548324536.0,0.03189683,0.03189683,336,0,0,2080099.66
2511,150540707.35,3300000000.0,0.0456184,0.0456184,591,0,0,1829428.71
2512,143785837.98,3300000000.0,0.04357147,0.04357147,566,0,0,1865547.93
2513,378124106.07,3300000000.0,0.11458306,0.11458306,452,0,0,2052001.02
2514,105670852.07,3300000000.0,0.03202147,0.03202147,616,0,0,1851035.86
2515,102252062.8,3300000000.0,0.03098547,0.03098547,399,0,0,1807223.29
2516,124180939.9,3300000000.0,0.03763059,0.03763059,521,0,0,1816972.81
2517,122638363.22,3300000000.0,0.03716314,0.03716314,432,0,0,1917959.5
2518,375823163.66,3300000000.0,0.11388581,0.11388581,395,0,0,2072096.46
2519,243249852.08,3300000000.0,0.07371208,0.07371208,528,0,0,1955815.07
2520,263026833.76,3373933204.0,0.07795852,0.07795852,363,0,0,2049245.67
2521,98076442.06,3300000000.0,0.02972013,0.02972013,521,0,0,1808726.2
2522,367496495.18,3300000000.0,0.11136257,0.11136257,512,0,0,2132369.44
2523,139152509.32,3300000000.0,0.04216743,0.04216743,536,0,0,1873722.48
2524,278194934.96,3300000000.0,0.0843015,0.0843015,485,0,0,2089137.07
2525,252861070.91,3300000000.0,0.07662457,0.07662457,466,0,0,1916703.52
2526,404870684.42,3300000000.0,0.12268809,0.12268809,446,0,0,1961988.34
2527,238377076.0,3300000000.0,0.07223548,0.07223548,448,0,0,1830721.64
2528,201765601.1,3300000000.0,0.06114109,0.06114109,448,0,0,1912308.75
2529,92267535.02,3300000000.0,0.02795986,0.02795986,649,0,0,1801419.5
2530,316692731.16,3300000000.0,0.09596749,0.09596749,449,0,0,2045406.63
2531,126212997.6,3300000000.0,0.03824636,0.03824636,545,0,0,1793859.19
2532,237397866.63,3300000000.0,0.07193875,0.07193875,491,0,0,1853556.46
2533,227542537.95,3300000000.0,0.06895228,0.06895228,581,0,0,1774051.89
2534,214281168.64,3300000000.0,0.06493369,0.06493369,512,0,0,1819974.56
2535,249637673.73,3300000000.0,0.07564778,0.07564778,439,0,0,1995906.15
2536,265852760.01,3300000000.0,0.08056144,0.08056144,495,0,0,2017875.62
2537,333911195.2,3300000000.0,0.10118521,0.10118521,453,0,0,2210171.77
2538,90197282.56,3300000000.0,0.02733251,0.02733251,625,0,0,1790593.16
2539,284776183.83,3300000000.0,0.08629581,0.08629581,431,0,0,1868716.97
2540,831736006.26,3964852263.0,0.2097773,0.2097773,382,0,0,2244345.81
2541,316112336.66,3300000000.0,0.09579162,0.09579162,544,0,0,2081307.83
2542,142225760.29,3300000000.0,0.04309872,0.04309872,542,0,0,1817941.88
2543,506847069.34,3300000000.0,0.15359002,0.15359002,530,0,0,1931143.57
2544,215998357.89,3300000000.0,0.06545405,0.06545405,492,0,0,2131968.2
2545,113754238.46,3300000000.0,0.03447098,0.03447098,460,0,0,1939221.81
2546,141448624.49,3300000000.0,0.04286322,0.04286322,555,0,0,1877614.67
2547,143942547.96,3300000000.0,0.04361895,0.04361895,447,0,0,1949695.31
2548,135200084.66,3300000000.0,0.04096972,0.04096972,597,0,0,1914543.32
2549,229487072.55,3300000000.0,0.06954154,0.06954154,530,0,0,1887411.65
2550,124234089.88,3300000000.0,0.03764669,0.03764669,590,0,0,1775791.62
2551,711769654.18,3483920846.0,0.20430133,0.20430133,379,0,0,2567546.4
2552,148919573.16,3300000000.0,0.04512714,0.04512714,473,0,0,1866770.07
2553,166620631.38,3300000000.0,0.0504911,0.0504911,497,0,0,1900922.39
2554,336869844.27,3300000000.0,0.10208177,0.10208177,391,0,0,2107215.0
2555,223850005.29,4258218360.0,0.05256894,0.05256894,341,0,0,1819781.14
2556,112506877.73,3300000000.0,0.03409299,0.03409299,497,0,0,1895763.55
2557,176385084.76,3536483842.0,0.04987584,0.04987584,378,0,0,2011688.68
2558,115531047.18,3300000000.0,0.03500941,0.03500941,421,0,0,1919225.43
2559,182782867.75,3300000000.0,0.05538875,0.05538875,508,0,0,2017203.97
2560,198365177.32,3300000000.0,0.06011066,0.06011066,510,0,0,2013949.67
2561,97934298.12,3300000000.0,0.02967706,0.02967706,552,0,0,1868053.79
2562,155101463.63,3300000000.0,0.04700044,0.04700044,511,0,0,1798319.86
2563,126860650.97,3300000000.0,0.03844262,0.03844262,560,0,0,1843637.14
2564,328919952.27,3300000000.0,0.09967271,0.09967271,389,0,0,1990047.97
2565,191649341.46,3300000000.0,0.05807556,0.05807556,482,0,0,1787548.24
2566,255737956.45,3300000000.0,0.07749635,0.07749635,493,0,0,2094919.19
2567,119593667.63,3300000000.0,0.03624051,0.03624051,620,0,0,1805004.61
2568,105157383.55,3300000000.0,0.03186587,0.03186587,555,0,0,1771505.05
2569,148297708.13,3300000000.0,0.0449387,0.0449387,585,0,0,1844991.64
2570,119372124.11,3300000000.0,0.03617337,0.03617337,619,0,0,1949329.09
2571,1107564020.73,3441529765.0,0.32182317,0.32182317,439,0,0,2428511.14
2572,629896253.97,3377807162.0,0.18648082,0.18648082,410,0,0,2422887.64
2573,309931058.63,3300000000.0,0.0939185,0.0939185,397,0,0,2002470.9
2574,114313343.0,3300000000.0,0.03464041,0.03464041,517,0,0,1844972.9
2575,417339654.21,3300000000.0,0.12646656,0.12646656,420,0,0,2075519.31
2576,119443858.89,3300000000.0,0.03619511,0.03619511,528,0,0,1757305.02
2577,146128590.5,3300000000.0,0.04428139,0.04428139,456,0,0,2017519.51
2578,113626469.56,3300000000.0,0.03443226,0.03443226,450,0,0,2014016.57
2579,284167309.25,3300000000.0,0.08611131,0.08611131,461,0,0,1798686.86
2580,108076950.38,3300000000.0,0.03275059,0.03275059,565,0,0,1824589.98
2581,98259756.03,3300000000.0,0.02977568,0.02977568,508,0,0,1935748.33
2582,105131747.92,3300000000.0,0.03185811,0.03185811,480,0,0,1878180.12
2583,150816326.84,3300000000.0,0.04570192,0.04570192,611,0,0,1834389.37
2584,135627850.65,3300000000.0,0.04109935,0.04109935,612,0,0,1881470.63
2585,338134322.93,3516814817.0,0.09614789,0.09614789,358,0,0,2099876.39
2586,875391232.47,4444645722.0,0.19695411,0.19695411,325,0,0,2546199.58
2587,165916767.41,3300000000.0,0.05027781,0.05027781,535,0,0,1872418.79
2588,370472766.08,3697309190.0,0.10020065,0.10020065,370,0,0,1961213.38
2589,115757458.97,3300000000.0,0.03507802,0.03507802,464,0,0,1875641.53
2590,108518707.21,3300000000.0,0.03288446,0.03288446,482,0,0,1910533.96
2591,216612825.91,3300000000.0,0.06564025,0.06564025,449,0,0,2062189.7
2592,307561453.29,3300000000.0,0.09320044,0.09320044,501,0,0,1983252.77
2593,134435031.34,3300000000.0,0.04073789,0.04073789,441,0,0,1976252.14
2594,366130868.18,3300000000.0,0.11094875,0.11094875,569,0,0,1902788.71
2595,119017307.46,3300000000.0,0.03606585,0.03606585,573,0,0,1874841.38
2596,716071034.57,3300000000.0,0.21699122,0.21699122,430,0,0,2400233.84
2597,403849571.71,4213258828.0,0.09585207,0.09585207,346,0,0,2327777.29
2598,154784606.94,3300000000.0,0.04690443,0.04690443,512,0,0,1835010.22
2599,97608718.81,3300000000.0,0.0295784,0.0295784,575,0,0,1815799.97
2600,206637556.3,3300000000.0,0.06261744,0.06261744,530,0,0,1886111.43
2601,100046359.81,3300000000.0,0.03031708,0.03031708,663,0,0,1809779.21
2602,409710752.19,3300000000.0,0.12415477,0.12415477,382,0,0,1845900.05
2603,231882627.5,3300000000.0,0.07026746,0.07026746,546,0,0,1908601.31
2604,336119762.89,3300000000.0,0.10185447,0.10185447,436,0,0,1984372.64
2605,105560588.97,3300000000.0,0.03198806,0.03198806,536,0,0,1884038.67
2606,105462534.16,3300000000.0,0.03195834,0.03195834,454,0,0,1930228.45
2607,378104973.66,3300000000.0,0.11457726,0.11457726,466,0,0,1945341.1
2608,94077076.54,3300000000.0,0.02850821,0.02850821,580,0,0,1882780.47
2609,112424400.17,3300000000.0,0.034068,0.034068,529,0,0,1889979.34
2610,129348356.01,3300000000.0,0.03919647,0.03919647,644,0,0,1880224.82
2611,240166641.24,3300000000.0,0.07277777,0.07277777,435,0,0,2059449.5
2612,262554326.22,3300000000.0,0.07956192,0.07956192,580,0,0,1915209.67
2613,119242741.77,3300000000.0,0.03613416,0.03613416,524,0,0,1799691.64
2614,115570324.09,3300000000.0,0.03502131,0.03502131,461,0,0,1914905.86
2615,293581712.7,3300000000.0,0.08896416,0.08896416,404,0,0,2078721.06
2616,315167944.29,3300000000.0,0.09550544,0.09550544,512,0,0,1990218.08
2617,108355968.29,3300000000.0,0.03283514,0.03283514,570,0,0,1800406.52
2618,119603994.29,3300000000.0,0.03624363,0.03624363,517,0,0,1935705.86
2619,340395420.63,3300000000.0,0.10315013,0.10315013,363,0,0,2112175.24
2620,90380866.76,3300000000.0,0.02738814,0.02738814,636,0,0,1787595.33
2621,310731691.54,3300000000.0,0.09416112,0.09416112,532,0,0,1994410.56
2622,125025135.36,3300000000.0,0.0378864,0.0378864,418,0,0,1983218.0
2623,369839752.32,3300000000.0,0.11207265,0.11207265,478,0,0,1915719.18
2624,146549785.95,3300000000.0,0.04440903,0.04440903,517,0,0,1939697.0
2625,363063853.32,3678650553.0,0.09869485,0.09869485,350,0,0,2044507.41
2626,154225507.28,3300000000.0,0.046735,0.046735,507,0,0,1744268.69
2627,166513093.05,3300000000.0,0.05045851,0.05045851,431,0,0,2163424.89
2628,135095474.72,3300000000.0,0.04093802,0.04093802,496,0,0,1920836.13
2629,491875341.02,3300000000.0,0.14905313,0.14905313,514,0,0,2020293.49
2630,549591478.5,3300000000.0,0.16654287,0.16654287,473,0,0,2225048.71
2631,129030508.36,3300000000.0,0.03910015,0.03910015,512,0,0,1976177.72
2632,130691133.74,3300000000.0,0.03960337,0.03960337,506,0,0,1922721.43
2633,128743690.41,3300000000.0,0.03901324,0.03901324,493,0,0,1906724.0
2634,198967402.72,3300000000.0,0.06029315,0.06029315,531,0,0,1887977.03
2635,101573637.59,3300000000.0,0.03077989,0.03077989,599,0,0,1836327.02
2636,136197326.92,3300000000.0,0.04127192,0.04127192,472,0,0,1851578.36
2637,186287583.87,3300000000.0,0.05645078,0.05645078,398,0,0,1991930.59
2638,512833898.81,3300000000.0,0.15540421,0.15540421,529,0,0,2233063.07
2639,570899002.74,3300000000.0,0.1729997,0.1729997,424,0,0,2609199.76
2640,556281188.3,3300000000.0,0.16857006,0.16857006,472,0,0,2433157.12
2641,124305982.71,3300000000.0,0.03766848,0.03766848,558,0,0,2005426.68
2642,3088047918.91,4526061690.0,0.68228145,0.68228145,368,0,0,2710226.51
2643,114836995.63,3300000000.0,0.03479909,0.03479909,499,0,0,1910474.9
2644,728244275.55,3300000000.0,0.22068008,0.22068008,456,0,0,2318785.0
2645,325840259.48,3300000000.0,0.09873947,0.09873947,506,0,0,1944864.92
2646,107941526.63,3300000000.0,0.03270955,0.03270955,542,0,0,1847726.84
2647,157081884.29,3300000000.0,0.04760057,0.04760057,576,0,0,1868465.57
2648,184517386.4,3300000000.0,0.05591436,0.05591436,358,0,0,2021901.43
2649,177349654.52,3300000000.0,0.05374232,0.05374232,581,0,0,1777050.78
2650,177223525.02,3300000000.0,0.0537041,0.0537041,490,0,0,1784036.81
2651,237157030.82,3482865251.0,0.06809251,0.06809251,364,0,0,2285113.97
2652,144816780.19,3300000000.0,0.04388387,0.04388387,564,0,0,1766855.28
2653,104640520.99,3300000000.0,0.03170925,0.03170925,501,0,0,1904256.12
2654,365142870.03,3300000000.0,0.11064935,0.11064935,435,0,0,2367759.01
2655,120032790.11,3300000000.0,0.03637357,0.03637357,534,0,0,1818902.24
2656,127612646.19,3300000000.0,0.0386705,0.0386705,601,0,0,1666440.53
2657,827144228.72,3300000000.0,0.25064977,0.25064977,492,0,0,2546366.42
2658,121987160.11,3300000000.0,0.03696581,0.03696581,499,0,0,1908274.01
2659,1304747025.14,3300000000.0,0.39537789,0.39537789,494,0,0,2680210.64
2660,99248048.32,3300000000.0,0.03007517,0.03007517,469,0,0,1782555.17
2661,239103123.93,3300000000.0,0.07245549,0.07245549,446,0,0,1853425.33
2662,279809814.99,3300000000.0,0.08479085,0.08479085,398,0,0,2076776.12
2663,285649066.7,3300000000.0,0.08656032,0.08656032,391,0,0,1971995.54
2664,250535406.62,3300000000.0,0.07591982,0.07591982,501,0,0,1925995.5
2665,506314405.86,3300000000.0,0.15342861,0.15342861,483,0,0,1930062.52
2666,141422352.67,3300000000.0,0.04285526,0.04285526,486,0,0,1918346.97
2667,110697299.85,3300000000.0,0.03354464,0.03354464,545,0,0,1779949.98
2668,222457994.77,3300000000.0,0.06741151,0.06741151,412,0,0,2078741.48
2669,125134107.9,3300000000.0,0.03791943,0.03791943,587,0,0,1698931.16
2670,915055563.78,3712940419.0,0.24645038,0.24645038,407,0,0,2635348.55
2671,288694910.57,3300000000.0,0.08748331,0.08748331,470,0,0,1998658.68
2672,97926665.18,3300000000.0,0.02967475,0.02967475,602,0,0,1902963.11
2673,429695268.61,3341418225.0,0.12859667,0.12859667,365,0,0,2499631.89
2674,126445360.32,3300000000.0,0.03831678,0.03831678,604,0,0,1893987.22
2675,111775752.4,3300000000.0,0.03387144,0.03387144,570,0,0,1873913.39
2676,128898404.2,3300000000.0,0.03906012,0.03906012,591,0,0,1911669.45
2677,132348859.38,3300000000.0,0.04010571,0.04010571,520,0,0,1919961.27
2678,299147320.13,3300000000.0,0.0906507,0.0906507,423,0,0,2040583.84
2679,623919783.19,3300000000.0,0.1890666,0.1890666,505,0,0,2112232.82
2680,496158474.85,3300000000.0,0.15035105,0.15035105,606,0,0,2157156.03
2681,214244585.64,3300000000.0,0.0649226,0.0649226,437,0,0,2062287.03
2682,285599818.37,3300000000.0,0.0865454,0.0865454,450,0,0,1923733.86
2683,489910809.38,3300000000.0,0.14845782,0.14845782,442,0,0,2491131.24
2684,238090706.92,3545152122.0,0.06715952,0.06715952,370,0,0,2104941.08
2685,94281333.68,3300000000.0,0.0285701,0.0285701,506,0,0,1808910.54
2686,169673592.69,3300000000.0,0.05141624,0.05141624,407,0,0,1919177.66
2687,364504951.64,3300000000.0,0.11045605,0.11045605,475,0,0,2063145.31
2688,114625905.73,3300000000.0,0.03473512,0.03473512,357,0,0,1924560.91
2689,169199890.63,3300000000.0,0.05127269,0.05127269,511,0,0,1868798.86
2690,94634329.29,3300000000.0,0.02867707,0.02867707,512,0,0,1773473.9
2691,279222079.19,3300000000.0,0.08461275,0.08461275,438,0,0,2095750.89
2692,186381730.17,3300000000.0,0.05647931,0.05647931,467,0,0,2056536.2
2693,98076617.17,3300000000.0,0.02972019,0.02972019,419,0,0,1921734.44
2694,121109860.74,3300000000.0,0.03669996,0.03669996,543,0,0,1875333.26
2695,97730903.71,3300000000.0,0.02961543,0.02961543,591,0,0,1870060.91
2696,370386291.77,3844987918.0,0.09632964,0.09632964,367,0,0,2229349.94
2697,97001995.58,3300000000.0,0.02939454,0.02939454,494,0,0,1848113.46
2698,191264978.56,3300000000.0,0.05795908,0.05795908,453,0,0,1939606.18
2699,242597333.1,3300000000.0,0.07351434,0.07351434,479,0,0,1860190.73
2700,190367258.88,3461482263.0,0.05499588,0.05499588,380,0,0,2006273.65
2701,169374983.29,3300000000.0,0.05132575,0.05132575,581,0,0,1829113.55
2702,236323726.17,3300000000.0,0.07161325,0.07161325,381,0,0,1950217.66
2703,153901592.26,3300000000.0,0.04663685,0.04663685,602,0,0,1853820.4
2704,109285444.55,3300000000.0,0.0331168,0.0331168,527,0,0,1765967.08
2705,876752796.53,3300000000.0,0.26568267,0.26568267,549,0,0,2442906.01
2706,100690697.1,3300000000.0,0.03051233,0.03051233,571,0,0,1745439.2
2707,191694764.67,3300000000.0,0.05808932,0.05808932,448,0,0,1972241.29
2708,731138619.3,3300000000.0,0.22155716,0.22155716,484,0,0,2485550.74
2709,1265382280.94,3300000000.0,0.38344918,0.38344918,436,0,0,2801966.5
2710,185695720.55,3300000000.0,0.05627143,0.05627143,447,0,0,1869108.32
2711,104581713.97,3300000000.0,0.03169143,0.03169143,444,0,0,1807363.41
2712,135239264.15,3300000000.0,0.0409816,0.0409816,573,0,0,1860207.82
2713,175661342.92,3300000000.0,0.05323071,0.05323071,432,0,0,1951857.94
2714,502924266.86,3300000000.0,0.15240129,0.15240129,453,0,0,2252447.04
2715,450487927.05,3300000000.0,0.13651149,0.13651149,506,0,0,1860939.97
2716,98200393.1,3300000000.0,0.02975769,0.02975769,572,0,0,1726096.43
2717,112021016.36,3300000000.0,0.03394576,0.03394576,568,0,0,1801327.04
2718,1627064567.3,3322222254.0,0.48975187,0.48975187,425,0,0,2486942.88
2719,237282871.87,3300000000.0,0.0719039,0.0719039,467,0,0,2117537.15
2720,215531553.94,3300000000.0,0.06531259,0.06531259,501,0,0,2002916.81
2721,116512982.85,3300000000.0,0.03530696,0.03530696,633,0,0,1882146.9
2722,328756234.42,4420455066.0,0.07437158,0.07437158,340,0,0,2457337.08
2723,161898315.81,3300000000.0,0.0490601,0.0490601,437,0,0,1983685.7
2724,109548634.74,3300000000.0,0.03319656,0.03319656,506,0,0,1846065.28
2725,126562065.6,3300000000.0,0.03835214,0.03835214,527,0,0,1925268.1
2726,219573844.4,3300000000.0,0.06653753,0.06653753,470,0,0,2029344.71
2727,151565942.57,3300000000.0,0.04592907,0.04592907,457,0,0,1961635.03
2728,370741786.95,3300000000.0,0.112346,0.112346,435,0,0,1975765.61
2729,284948048.09,3300000000.0,0.08634789,0.08634789,487,0,0,1826943.99
2730,163867322.61,3300000000.0,0.04965676,0.04965676,519,0,0,1901663.87
2731,243336634.81,3300000000.0,0.07373837,0.07373837,475,0,0,1990624.34
2732,187296472.28,3300000000.0,0.05675651,0.05675651,473,0,0,1883059.86
2733,163088257.36,3300000000.0,0.04942068,0.04942068,454,0,0,1933451.49
2734,317905308.02,3300000000.0,0.09633494,0.09633494,380,0,0,2051335.65
2735,139457757.41,3300000000.0,0.04225993,0.04225993,455,0,0,1948773.26
2736,94549762.29,3300000000.0,0.02865144,0.02865144,656,0,0,1884277.81
2737,196839838.1,3300000000.0,0.05964844,0.05964844,435,0,0,1799294.57
2738,125331467.83,3300000000.0,0.03797923,0.03797923,467,0,0,1805771.6
2739,529556130.91,3300000000.0,0.16047155,0.16047155,397,0,0,2427101.88
2740,103068610.61,3300000000.0,0.03123291,0.03123291,599,0,0,1898319.83
2741,1349350306.12,3300000000.0,0.40889403,0.40889403,407,0,0,2765993.49
2742,150038213.22,3300000000.0,0.04546613,0.04546613,538,0,0,1875333.5
2743,138527135.62,3300000000.0,0.04197792,0.04197792,533,0,0,1934084.5
2744,142481864.89,3300000000.0,0.04317632,0.04317632,540,0,0,1937809.01
2745,98793033.38,3300000000.0,0.02993728,0.02993728,606,0,0,1844829.22
2746,312328457.43,3300000000.0,0.09464499,0.09464499,386,0,0,1990384.17
2747,188617435.03,3300000000.0,0.0571568,0.0571568,505,0,0,1917469.79
2748,524776093.55,3300000000.0,0.15902306,0.15902306,562,0,0,1994660.28
2749,162762204.4,3300000000.0,0.04932188,0.04932188,387,0,0,1950847.79
2750,112931708.03,3300000000.0,0.03422173,0.03422173,539,0,0,1854963.47
2751,205837380.84,3300000000.0,0.06237496,0.06237496,523,0,0,1790078.81
2752,437369799.32,3300000000.0,0.1325363,0.1325363,531,0,0,1948418.78
2753,248965064.14,3300000000.0,0.07544396,0.07544396,395,0,0,1837135.08
2754,176092805.92,3300000000.0,0.05336146,0.05336146,419,0,0,1849235.22
2755,104461062.61,3300000000.0,0.03165487,0.03165487,536,0,0,1817468.01
2756,185174228.81,3300000000.0,0.0561134,0.0561134,489,0,0,1822747.85
2757,205489703.54,3300000000.0,0.06226961,0.06226961,585,0,0,1886365.19
2758,124229258.75,3300000000.0,0.03764523,0.03764523,541,0,0,1887065.89
2759,1368710702.81,4498248853.0,0.30427634,0.30427634,334,0,0,2757316.54
2760,200241303.96,3300000000.0,0.06067918,0.06067918,408,0,0,1994170.3
2761,120261107.36,3300000000.0,0.03644276,0.03644276,443,0,0,1859252.86
2762,97641823.82,3300000000.0,0.02958843,0.02958843,684,0,0,1831232.46
2763,290008835.56,3427591520.0,0.08461009,0.08461009,427,0,0,2137528.25
2764,286702105.18,3300000000.0,0.08687943,0.08687943,481,0,0,1921834.06
2765,134464581.14,3300000000.0,0.04074684,0.04074684,554,0,0,1817058.59
2766,146409819.96,3300000000.0,0.04436661,0.04436661,380,0,0,2005117.61
2767,170084881.64,3300000000.0,0.05154087,0.05154087,528,0,0,1977909.62
2768,172501459.17,3300000000.0,0.05227317,0.05227317,472,0,0,1870633.78
2769,271871295.69,3300000000.0,0.08238524,0.08238524,434,0,0,2012682.63
2770,100839067.97,3300000000.0,0.03055729,0.03055729,623,0,0,1821406.0
2771,480737852.27,3661338775.0,0.13130111,0.13130111,359,0,0,2379936.79
2772,152278075.36,3300000000.0,0.04614487,0.04614487,491,0,0,1825766.06
2773,584641809.23,3300000000.0,0.17716418,0.17716418,574,0,0,1976784.28
2774,112454643.48,3300000000.0,0.03407716,0.03407716,542,0,0,1890866.29
2775,169517037.65,3300000000.0,0.0513688,0.0513688,467,0,0,1877578.46
2776,390911997.43,3300000000.0,0.11845818,0.11845818,550,0,0,2052257.66
2777,94970331.95,3300000000.0,0.02877889,0.02877889,645,0,0,1889812.08
2778,103495063.07,3300000000.0,0.03136214,0.03136214,508,0,0,1825300.04
2779,129971996.54,3300000000.0,0.03938545,0.03938545,399,0,0,1869471.45
2780,219250785.29,3313355934.0,0.06617182,0.06617182,383,0,0,1996477.17
2781,166720049.42,3300000000.0,0.05052123,0.05052123,536,0,0,1736216.45
2782,296668031.18,3300000000.0,0.0898994,0.0898994,444,0,0,2021271.6
2783,209526588.59,3300000000.0,0.06349291,0.06349291,533,0,0,1958830.54
2784,155109704.03,3300000000.0,0.04700294,0.04700294,463,0,0,1955833.94
2785,213640385.52,3300000000.0,0.06473951,0.06473951,456,0,0,1951625.93
2786,201395777.07,3300000000.0,0.06102902,0.06102902,517,0,0,1953704.53
2787,203664840.88,3300000000.0,0.06171662,0.06171662,559,0,0,1884744.71
2788,180654357.23,3300000000.0,0.05474374,0.05474374,427,0,0,1902834.4
2789,115179396.87,3300000000.0,0.03490285,0.03490285,558,0,0,1845236.74
2790,172061859.69,3300000000.0,0.05213996,0.05213996,608,0,0,1907032.88
2791,287253524.35,3300000000.0,0.08704652,0.08704652,520,0,0,2052151.48
2792,142812664.49,3300000000.0,0.04327656,0.04327656,459,0,0,1836163.88
2793,206457199.84,3300000000.0,0.06256279,0.06256279,508,0,0,1943106.57
2794,95236827.48,3300000000.0,0.02885964,0.02885964,470,0,0,1877608.56
2795,174663514.94,3300000000.0,0.05292834,0.05292834,455,0,0,2001679.43
2796,321034984.92,3300000000.0,0.09728333,0.09728333,510,0,0,1857479.73
2797,95274323.59,3300000000.0,0.02887101,0.02887101,588,0,0,1887632.59
2798,199940644.36,3300000000.0,0.06058807,0.06058807,453,0,0,2119928.59
2799,138218129.57,3300000000.0,0.04188428,0.04188428,468,0,0,1992971.62
2800,124879193.79,3300000000.0,0.03784218,0.03784218,546,0,0,1774856.02
2801,151064346.6,3300000000.0,0.04577707,0.04577707,484,0,0,1907726.86
2802,98325206.84,3300000000.0,0.02979552,0.02979552,566,0,0,1792973.05
2803,150526504.72,3300000000.0,0.04561409,0.04561409,491,0,0,1957349.67
2804,320623148.67,3300000000.0,0.09715853,0.09715853,388,0,0,2055381.27
2805,97780196.64,3300000000.0,0.02963036,0.02963036,518,0,0,1878628.47
2806,399802217.12,3300000000.0,0.12115219,0.12115219,537,0,0,1784741.83
2807,5389235531.48,4473417589.0,1.20472445,1.20472445,300,0,0,2504775.24
2808,133937962.83,3300000000.0,0.04058726,0.04058726,538,0,0,1795401.44
2809,471144455.06,3300000000.0,0.14277105,0.14277105,567,0,0,1852324.34
2810,2307319870.34,3763847123.0,0.61302168,0.61302168,407,0,0,2610797.27
2811,94713960.09,3300000000.0,0.0287012,0.0287012,462,0,0,1859018.46
2812,1031961002.2,3300000000.0,0.31271546,0.31271546,401,0,0,2470621.25
2813,127175919.27,3300000000.0,0.03853816,0.03853816,534,0,0,1834676.44
2814,170900674.52,3300000000.0,0.05178808,0.05178808,545,0,0,1876066.39
2815,406535031.68,3300000000.0,0.12319243,0.12319243,487,0,0,2221328.41
2816,225840852.82,3300000000.0,0.06843662,0.06843662,555,0,0,1780989.51
2817,168521968.96,3300000000.0,0.05106726,0.05106726,419,0,0,2136884.65
2818,347648852.14,3462002279.0,0.10041844,0.10041844,388,0,0,2340847.58
2819,173294128.5,3300000000.0,0.05251337,0.05251337,446,0,0,1898638.33
2820,395356009.38,3300000000.0,0.11980485,0.11980485,348,0,0,2056510.22
2821,147673670.74,3300000000.0,0.0447496,0.0447496,570,0,0,1922538.37
2822,195573470.59,3300000000.0,0.05926469,0.05926469,531,0,0,1885059.35
2823,132117535.15,3300000000.0,0.04003562,0.04003562,446,0,0,1919073.21
2824,126645343.93,3300000000.0,0.03837738,0.03837738,540,0,0,1844465.14
2825,560891826.86,3319927213.0,0.16894703,0.16894703,356,0,0,2704062.35
2826,135595811.86,3300000000.0,0.04108964,0.04108964,386,0,0,1927400.46
2827,236103651.71,4015791135.0,0.05879381,0.05879381,375,0,0,2043704.21
2828,708944817.99,3367887784.0,0.21050132,0.21050132,408,0,0,2520520.16
2829,157950288.59,3300000000.0,0.04786372,0.04786372,418,0,0,1852093.79
2830,482508009.86,3300000000.0,0.14621455,0.14621455,466,0,0,2119504.9
2831,88763471.81,3300000000.0,0.02689802,0.02689802,612,0,0,1839259.81
2832,121148864.88,3300000000.0,0.03671178,0.03671178,514,0,0,1874776.57
2833,204698058.29,3300000000.0,0.06202971,0.06202971,434,0,0,1895917.8
2834,342897588.35,3300000000.0,0.10390836,0.10390836,469,0,0,2282656.13
2835,121575386.44,3300000000.0,0.03684103,0.03684103,421,0,0,1817009.52
2836,136876442.41,3300000000.0,0.04147771,0.04147771,571,0,0,1837246.86
2837,319088875.19,3300000000.0,0.0966936,0.0966936,368,0,0,2109649.14
2838,204141239.42,3300000000.0,0.06186098,0.06186098,487,0,0,1851998.89
2839,125452428.71,3300000000.0,0.03801589,0.03801589,412,0,0,1883675.43
2840,138195013.66,3300000000.0,0.04187728,0.04187728,583,0,0,1861048.44
2841,109253097.61,3300000000.0,0.033107,0.033107,362,0,0,1844414.02
2842,103772947.18,3300000000.0,0.03144635,0.03144635,659,0,0,1838339.81
2843,140706459.8,3300000000.0,0.04263832,0.04263832,550,0,0,1776179.12
2844,433025339.57,3669848611.0,0.11799542,0.11799542,346,0,0,2142444.44
2845,138590280.11,3300000000.0,0.04199705,0.04199705,440,0,0,1874628.18
2846,168177761.12,3300000000.0,0.05096296,0.05096296,477,0,0,1865022.29
2847,216938998.93,3300000000.0,0.06573909,0.06573909,475,0,0,1906675.79
2848,151832715.64,3300000000.0,0.04600991,0.04600991,547,0,0,2040866.66
2849,158257478.18,3300000000.0,0.04795681,0.04795681,417,0,0,2050032.86
2850,130397652.22,3300000000.0,0.03951444,0.03951444,665,0,0,1758874.65
2851,378031887.66,3300000000.0,0.11455512,0.11455512,442,0,0,1929787.93
2852,505215746.54,3300000000.0,0.15309568,0.15309568,401,0,0,2242805.68
2853,116889424.11,3300000000.0,0.03542104,0.03542104,477,0,0,1787043.07
2854,101629319.69,3300000000.0,0.03079676,0.03079676,509,0,0,1840330.08
2855,110052063.69,3300000000.0,0.03334911,0.03334911,559,0,0,1875736.97
2856,239630562.69,3300000000.0,0.07261532,0.07261532,568,0,0,1838947.72
2857,136564200.77,3300000000.0,0.04138309,0.04138309,508,0,0,1843879.63
2858,170565398.74,3427324761.0,0.04976634,0.04976634,378,0,0,1800015.37
2859,142513905.87,3300000000.0,0.04318603,0.04318603,577,0,0,1865882.5
2860,105952438.09,3300000000.0,0.0321068,0.0321068,663,0,0,1949505.6
2861,389498695.89,3300000000.0,0.11802991,0.11802991,477,0,0,1972792.44
2862,392984266.52,3300000000.0,0.11908614,0.11908614,364,0,0,1850392.59
2863,351059757.87,3300000000.0,0.10638174,0.10638174,450,0,0,1957452.02
2864,241552103.73,3300000000.0,0.07319761,0.07319761,456,0,0,2018738.55
2865,437359970.0,3300000000.0,0.13253332,0.13253332,468,0,0,1952273.03
2866,328118231.47,3705800115.0,0.08854181,0.08854181,383,0,0,2043042.15
2867,80439167.08,3300000000.0,0.02437551,0.02437551,691,0,0,1680096.05
2868,98134807.85,3300000000.0,0.02973782,0.02973782,609,0,0,1843717.38
2869,133595409.17,3300000000.0,0.04048346,0.04048346,607,0,0,1765068.72
2870,265440877.64,3300000000.0,0.08043663,0.08043663,497,0,0,1904668.69
2871,587774459.58,3300000000.0,0.17811347,0.17811347,450,0,0,2711501.72
2872,107344691.81,3300000000.0,0.03252869,0.03252869,586,0,0,1807116.06
2873,144404105.45,3300000000.0,0.04375882,0.04375882,478,0,0,2005501.77
2874,153489465.79,3300000000.0,0.04651196,0.04651196,535,0,0,1874721.7
2875,280013145.14,3300000000.0,0.08485247,0.08485247,490,0,0,1881873.73
2876,685762547.1,3609492690.0,0.18998862,0.18998862,397,0,0,2397289.13
2877,115693178.58,3300000000.0,0.03505854,0.03505854,574,0,0,1809065.7
2878,127245843.45,3300000000.0,0.03855935,0.03855935,466,0,0,1810638.61
2879,501822082.26,3300000000.0,0.1520673,0.1520673,411,0,0,2134116.47
2880,116699988.64,3300000000.0,0.03536363,0.03536363,542,0,0,1873718.96
2881,268610889.22,3300000000.0,0.08139724,0.08139724,448,0,0,1924185.53
2882,120631342.61,3300000000.0,0.03655495,0.03655495,453,0,0,1896428.83
2883,108550827.36,3300000000.0,0.03289419,0.03289419,481,0,0,1915582.36
2884,288996482.85,3300000000.0,0.08757469,0.08757469,474,0,0,1890770.86
2885,387604238.11,3797800817.0,0.10206018,0.10206018,362,0,0,1960922.82
2886,95374973.87,3300000000.0,0.02890151,0.02890151,535,0,0,1893636.27
2887,186987284.93,3300000000.0,0.05666281,0.05666281,518,0,0,1844253.97
2888,132294699.72,3300000000.0,0.0400893,0.0400893,495,0,0,1958265.84
2889,1973163959.52,3300000000.0,0.59792847,0.59792847,459,0,0,2768962.77
2890,248310351.39,3352178108.0,0.07407433,0.07407433,351,0,0,2028260.18
2891,150459965.83,3300000000.0,0.04559393,0.04559393,540,0,0,1918115.79
2892,175575807.16,3300000000.0,0.05320479,0.05320479,440,0,0,1940380.3
2893,400899356.0,3300000000.0,0.12148465,0.12148465,448,0,0,2394239.06
2894,135513137.35,3300000000.0,0.04106459,0.04106459,567,0,0,1856170.12
2895,130618060.7,3300000000.0,0.03958123,0.03958123,566,0,0,1879576.19
2896,1178706518.88,3532911484.0,0.33363602,0.33363602,348,0,0,2525455.69
2897,178806705.87,3300000000.0,0.05418385,0.05418385,477,0,0,1840747.64
2898,163374290.62,3300000000.0,0.04950736,0.04950736,493,0,0,1955969.8
2899,96050615.95,3300000000.0,0.02910625,0.02910625,633,0,0,1799675.5
2900,202226793.73,3361517814.0,0.06015937,0.06015937,348,0,0,2041425.25
2901,116214948.63,3300000000.0,0.03521665,0.03521665,482,0,0,1890757.09
2902,149169084.55,3300000000.0,0.04520275,0.04520275,568,0,0,1795618.87
2903,390298941.29,3300000000.0,0.11827241,0.11827241,374,0,0,2154950.74
2904,270415083.67,3300000000.0,0.08194396,0.08194396,469,0,0,1764855.1
2905,139113225.27,3300000000.0,0.04215552,0.04215552,447,0,0,1826059.07
2906,106000440.41,3300000000.0,0.03212135,0.03212135,555,0,0,1833532.09
2907,152756086.21,3300000000.0,0.04628972,0.04628972,563,0,0,1950591.94
2908,185978731.94,3300000000.0,0.05635719,0.05635719,474,0,0,1916006.85
2909,169654822.65,3300000000.0,0.05141055,0.05141055,422,0,0,1909588.33
2910,815367738.13,3408977638.0,0.23918248,0.23918248,370,0,0,2166740.93
2911,138463147.62,3300000000.0,0.04195853,0.04195853,472,0,0,1889118.11
2912,465383574.67,3300000000.0,0.14102533,0.14102533,476,0,0,2150638.61
2913,352320658.08,3300000000.0,0.10676384,0.10676384,475,0,0,2314223.3
2914,413490717.81,3300000000.0,0.12530022,0.12530022,429,0,0,2094585.46
2915,155433111.01,3300000000.0,0.04710094,0.04710094,460,0,0,2080223.2
2916,99682671.62,3300000000.0,0.03020687,0.03020687,536,0,0,1898801.45
2917,234610513.68,3300000000.0,0.0710941,0.0710941,403,0,0,1929991.86
2918,364551214.18,3300000000.0,0.11047006,0.11047006,437,0,0,1941964.52
2919,97897991.92,3300000000.0,0.02966606,0.02966606,451,0,0,1815338.04
2920,114299217.09,3300000000.0,0.03463613,0.03463613,594,0,0,1794269.47
2921,119628834.92,3300000000.0,0.03625116,0.03625116,449,0,0,1793954.93
2922,148337499.64,3300000000.0,0.04495076,0.04495076,443,0,0,1884203.03
2923,129604614.03,3300000000.0,0.03927413,0.03927413,474,0,0,1783057.2
2924,250631631.88,3300000000.0,0.07594898,0.07594898,471,0,0,2119875.73
2925,310556175.69,3300000000.0,0.09410793,0.09410793,506,0,0,2132191.61
2926,221629735.68,3300000000.0,0.06716053,0.06716053,345,0,0,1968730.41
2927,148664197.14,3300000000.0,0.04504976,0.04504976,510,0,0,1826804.29
2928,192985442.36,3562649302.0,0.05416908,0.05416908,372,0,0,1913635.75
2929,99343080.68,3300000000.0,0.03010396,0.03010396,419,0,0,1777939.41
2930,151093811.75,3300000000.0,0.045786,0.045786,486,0,0,1853190.28
2931,115267896.46,3300000000.0,0.03492967,0.03492967,456,0,0,1813130.33
2932,118979228.22,3300000000.0,0.03605431,0.03605431,581,0,0,1898312.89
2933,2128110570.82,3855033680.0,0.55203424,0.55203424,383,0,0,2663913.61
2934,317550562.14,3300000000.0,0.09622744,0.09622744,425,0,0,2073654.27
2935,189737559.62,3300000000.0,0.05749623,0.05749623,458,0,0,1873331.04
2936,118667775.27,3300000000.0,0.03595993,0.03595993,362,0,0,1944475.63
2937,226734636.64,3300000000.0,0.06870747,0.06870747,518,0,0,1916267.29
2938,149932373.75,3300000000.0,0.04543405,0.04543405,469,0,0,1823419.64
2939,377151374.17,3300000000.0,0.1142883,0.1142883,413,0,0,1961005.5
2940,160448640.34,3300000000.0,0.0486208,0.0486208,489,0,0,2005112.61
2941,181950318.07,3300000000.0,0.05513646,0.05513646,430,0,0,1830718.38
2942,384023527.88,3300000000.0,0.11637077,0.11637077,487,0,0,1966627.63
2943,132918618.0,3300000000.0,0.04027837,0.04027837,536,0,0,1899135.78
2944,212683057.44,3300000000.0,0.06444941,0.06444941,420,0,0,1900396.33
2945,120551487.21,3300000000.0,0.03653075,0.03653075,494,0,0,1898437.25
2946,131473772.85,3300000000.0,0.03984054,0.03984054,639,0,0,1941089.06
2947,281189720.09,3300000000.0,0.08520901,0.08520901,444,0,0,1936167.77
2948,95455387.84,3300000000.0,0.02892588,0.02892588,541,0,0,1731885.16
2949,159043096.39,3300000000.0,0.04819488,0.04819488,437,0,0,2075387.08
2950,170091726.37,3300000000.0,0.05154295,0.05154295,548,0,0,1901207.75
2951,287344831.1,3452650404.0,0.08322442,0.08322442,391,0,0,2527665.08
2952,1371667038.63,3664146766.0,0.37434828,0.37434828,389,0,0,2602244.06
2953,258467840.68,3925931264.0,0.06583606,0.06583606,357,0,0,2111765.34
2954,238553015.05,3300000000.0,0.07228879,0.07228879,488,0,0,1889763.26
2955,502710155.3,3300000000.0,0.15233641,0.15233641,459,0,0,2376607.96
2956,163324901.8,3300000000.0,0.04949239,0.04949239,458,0,0,1980971.63
2957,87645172.01,3300000000.0,0.02655914,0.02655914,576,0,0,1789564.92
2958,169611292.36,3823656425.0,0.0443584,0.0443584,357,0,0,2102243.33
2959,248116323.62,3300000000.0,0.07518676,0.07518676,399,0,0,2024132.47
2960,321487655.48,3610042675.0,0.0890537,0.0890537,419,0,0,2069920.33
2961,104314810.2,3300000000.0,0.03161055,0.03161055,469,0,0,1821004.15
2962,736234741.21,3454616180.0,0.21311622,0.21311622,381,0,0,2489268.67
2963,118967505.97,3300000000.0,0.03605076,0.03605076,514,0,0,1914253.77
2964,129252019.77,3300000000.0,0.03916728,0.03916728,430,0,0,1945028.02
2965,92570653.67,3300000000.0,0.02805171,0.02805171,681,0,0,1796871.59
2966,161362913.94,3300000000.0,0.04889785,0.04889785,450,0,0,1972117.14
2967,183608668.76,3300000000.0,0.05563899,0.05563899,469,0,0,1863478.25
2968,1905808305.96,3962623891.0,0.48094605,0.48094605,356,0,0,2631506.42
2969,132185488.03,3300000000.0,0.04005621,0.04005621,503,0,0,1795045.68
2970,191661270.0,3300000000.0,0.05807917,0.05807917,552,0,0,2011164.52
2971,721668169.17,3447119976.0,0.20935395,0.20935395,413,0,0,2142435.95
2972,114200913.07,3300000000.0,0.03460634,0.03460634,436,0,0,1846924.86
2973,190375296.7,3300000000.0,0.05768948,0.05768948,463,0,0,2133965.46
2974,305186202.12,3300000000.0,0.09248067,0.09248067,445,0,0,1860923.87
2975,217611284.53,3300000000.0,0.06594281,0.06594281,536,0,0,1814535.12
2976,120672432.81,3300000000.0,0.0365674,0.0365674,477,0,0,1788885.35
2977,619192276.79,3998191586.0,0.15486809,0.15486809,380,0,0,2382703.16
2978,155691675.32,3300000000.0,0.0471793,0.0471793,496,0,0,1900729.81
2979,219133493.44,3300000000.0,0.06640409,0.06640409,472,0,0,1918526.49
2980,153791955.63,3300000000.0,0.04660362,0.04660362,482,0,0,1822061.49
2981,303303030.02,3300000000.0,0.09191001,0.09191001,505,0,0,1856927.13
2982,156216192.26,3300000000.0,0.04733824,0.04733824,524,0,0,1817194.19
2983,1085377470.8,4674142843.0,0.23220888,0.23220888,320,0,0,2518435.49
2984,280226087.11,3300000000.0,0.084917,0.084917,480,0,0,1886959.75
2985,922617600.4,3300000000.0,0.27958109,0.27958109,418,0,0,2576422.48
2986,147999938.96,3300000000.0,0.04484847,0.04484847,537,0,0,1837274.51
2987,113813711.74,3300000000.0,0.034489,0.034489,599,0,0,1779351.12
2988,129673504.06,3300000000.0,0.039295,0.039295,522,0,0,1956512.46
2989,110007217.99,3300000000.0,0.03333552,0.03333552,488,0,0,1900588.01
2990,253726502.57,3526448890.0,0.07194958,0.07194958,395,0,0,2117109.34
2991,122098256.6,3300000000.0,0.03699947,0.03699947,576,0,0,1808849.53
2992,287848980.18,3300000000.0,0.08722696,0.08722696,414,0,0,1911299.34
2993,120517350.07,3300000000.0,0.03652041,0.03652041,485,0,0,1925699.05
2994,111952609.18,3300000000.0,0.03392503,0.03392503,499,0,0,1865321.7
2995,124431003.7,3300000000.0,0.03770636,0.03770636,540,0,0,1820003.56
2996,145771349.06,3300000000.0,0.04417314,0.04417314,385,0,0,1918897.47
2997,263868281.66,3674314490.0,0.07181429,0.07181429,350,0,0,2091277.7
2998,140219077.54,3300000000.0,0.04249063,0.04249063,437,0,0,1990091.09
2999,132232873.71,3300000000.0,0.04007057,0.04007057,408,0,0,1832827.6
3000,113107024.33,3300000000.0,0.03427486,0.03427486,654,0,0,1988877.25
3001,164843734.24,3300000000.0,0.04995265,0.04995265,541,0,0,1761234.55
3002,244105693.47,3300000000.0,0.07397142,0.07397142,484,0,0,1958544.39
3003,316770578.63,3571183481.0,0.08870185,0.08870185,393,0,0,2102839.19
3004,108965004.89,3300000000.0,0.0330197,0.0330197,537,0,0,1869695.29
3005,109041993.57,3300000000.0,0.03304303,0.03304303,352,0,0,1899248.21
3006,407003128.04,3308232221.0,0.12302738,0.12302738,421,0,0,2175543.14
3007,146205068.67,3300000000.0,0.04430457,0.04430457,387,0,0,2011798.76
3008,263475195.99,3300000000.0,0.07984097,0.07984097,459,0,0,1898326.03
3009,100959547.9,3300000000.0,0.0305938,0.0305938,541,0,0,1822762.19
3010,109329185.34,3300000000.0,0.03313006,0.03313006,561,0,0,1901812.71
3011,102031322.22,3300000000.0,0.03091858,0.03091858,495,0,0,1837887.42
3012,204349037.58,3300000000.0,0.06192395,0.06192395,451,0,0,1955839.8
3013,135371750.62,3300000000.0,0.04102174,0.04102174,450,0,0,1952005.8
3014,103412830.81,3300000000.0,0.03133722,0.03133722,570,0,0,1862845.66
3015,109234181.0,3300000000.0,0.03310127,0.03310127,410,0,0,1914899.27
3016,153985970.9,3300000000.0,0.04666242,0.04666242,514,0,0,1820094.17
3017,134769815.63,3300000000.0,0.04083934,0.04083934,467,0,0,1847522.61
3018,151077372.11,3300000000.0,0.04578102,0.04578102,496,0,0,1919102.65
3019,94567268.8,3300000000.0,0.02865675,0.02865675,620,0,0,1730353.04
3020,96630522.19,3300000000.0,0.02928198,0.02928198,510,0,0,1880959.09
3021,171228336.39,3300000000.0,0.05188737,0.05188737,380,0,0,1915783.27
3022,331796818.1,3300000000.0,0.10054449,0.10054449,431,0,0,1946456.23
3023,131414235.94,3300000000.0,0.0398225,0.0398225,469,0,0,1834130.69
3024,121049002.9,3300000000.0,0.03668152,0.03668152,506,0,0,1911531.6
3025,453865182.0,3300000000.0,0.1375349,0.1375349,459,0,0,2304764.35
3026,191851153.13,3300000000.0,0.05813671,0.05813671,402,0,0,2058157.69
3027,561239353.03,3300000000.0,0.17007253,0.17007253,505,0,0,2286028.32
3028,318308834.85,3300000000.0,0.09645722,0.09645722,520,0,0,2102221.77
3029,275380211.62,3300000000.0,0.08344855,0.08344855,382,0,0,2193863.63
3030,622750988.45,3380231364.0,0.18423324,0.18423324,407,0,0,2610711.16
3031,228267980.25,3300000000.0,0.06917212,0.06917212,383,0,0,1956606.2
3032,110198483.21,3300000000.0,0.03339348,0.03339348,594,0,0,1765000.48
3033,128300287.45,3300000000.0,0.03887887,0.03887887,575,0,0,1907034.42
3034,1009309741.98,3300000000.0,0.30585144,0.30585144,439,0,0,2576901.03
3035,184637389.95,3300000000.0,0.05595072,0.05595072,538,0,0,1900223.81
3036,131754181.08,3300000000.0,0.03992551,0.03992551,562,0,0,1800079.63
3037,136276666.53,3300000000.0,0.04129596,0.04129596,450,0,0,2044787.48
3038,1370404328.57,3490351736.0,0.39262643,0.39262643,388,0,0,2868174.62
3039,207803107.9,3300000000.0,0.06297064,0.06297064,539,0,0,1800962.14
3040,97056736.3,3300000000.0,0.02941113,0.02941113,579,0,0,1823499.92
3041,98777873.93,3300000000.0,0.02993269,0.02993269,560,0,0,1754081.76
3042,171581621.45,3300000000.0,0.05199443,0.05199443,440,0,0,1858634.39
3043,186133127.3,3300000000.0,0.05640398,0.05640398,519,0,0,1991670.56
3044,442337259.59,3300000000.0,0.13404159,0.13404159,432,0,0,2135014.84
3045,180191695.65,3300000000.0,0.05460354,0.05460354,403,0,0,1961169.76
3046,131173903.83,3300000000.0,0.03974967,0.03974967,604,0,0,1955249.55
3047,317359508.19,3300000000.0,0.09616955,0.09616955,484,0,0,2104398.15
3048,151810144.42,3300000000.0,0.04600307,0.04600307,546,0,0,1894359.57
3049,89470294.92,3300000000.0,0.02711221,0.02711221,460,0,0,1828271.53
3050,132501558.22,3300000000.0,0.04015199,0.04015199,435,0,0,1931048.04
3051,120264546.06,3300000000.0,0.0364438,0.0364438,499,0,0,2000716.89
3052,94845626.88,3300000000.0,0.0287411,0.0287411,659,0,0,1788544.31
3053,624647478.15,3300000000.0,0.18928711,0.18928711,529,0,0,2259237.22
3054,135497300.21,3300000000.0,0.04105979,0.04105979,451,0,0,1811794.75
3055,205734528.41,3837056173.0,0.0536178,0.0536178,365,0,0,1922028.64
3056,187311104.06,3300000000.0,0.05676094,0.05676094,488,0,0,1840191.26
3057,285086603.72,3300000000.0,0.08638988,0.08638988,455,0,0,2072422.7
3058,138168648.63,3300000000.0,0.04186929,0.04186929,591,0,0,1878886.24
3059,240042225.23,3327750730.0,0.07213348,0.07213348,407,0,0,1996003.72
3060,126974269.24,3300000000.0,0.03847705,0.03847705,564,0,0,1823203.63
3061,124910192.67,3300000000.0,0.03785157,0.03785157,590,0,0,1788789.4
3062,140420486.55,3300000000.0,0.04255166,0.04255166,486,0,0,1927203.36
3063,153738390.09,3300000000.0,0.04658739,0.04658739,473,0,0,1795100.63
3064,164280269.05,3300000000.0,0.0497819,0.0497819,402,0,0,2056265.37
3065,125761116.88,3300000000.0,0.03810943,0.03810943,671,0,0,1800977.86
3066,162348288.0,3300000000.0,0.04919645,0.04919645,426,0,0,1772342.33
3067,142725229.9,3300000000.0,0.04325007,0.04325007,401,0,0,1968442.95
3068,218146403.46,3300000000.0,0.06610497,0.06610497,539,0,0,1947376.18
3069,220769076.23,3300000000.0,0.06689972,0.06689972,566,0,0,1928799.76
3070,91551537.67,3300000000.0,0.02774289,0.02774289,619,0,0,1812034.1
3071,580819921.69,3300000000.0,0.17600604,0.17600604,577,0,0,1993034.19
3072,172027233.59,3300000000.0,0.05212946,0.05212946,504,0,0,1874021.03
3073,350869289.39,3300000000.0,0.10632403,0.10632403,490,0,0,1779297.32
3074,207093538.2,3300000000.0,0.06275562,0.06275562,404,0,0,1862049.71
3075,125693164.87,3300000000.0,0.03808884,0.03808884,557,0,0,1918410.91
3076,141145649.18,3300000000.0,0.04277141,0.04277141,473,0,0,1898819.19
3077,136183475.64,3300000000.0,0.04126772,0.04126772,399,0,0,1827170.25
3078,216120795.47,3300000000.0,0.06549115,0.06549115,565,0,0,1897663.67
3079,685549313.84,4358353840.0,0.15729547,0.15729547,313,0,0,2101893.95
3080,225752148.44,3555097586.0,0.06350097,0.06350097,380,0,0,2552861.29
3081,112971042.06,3300000000.0,0.03423365,0.03423365,513,0,0,1830733.04
3082,276217214.92,3300000000.0,0.08370219,0.08370219,441,0,0,1995586.33
3083,97219828.56,3300000000.0,0.02946055,0.02946055,682,0,0,1810073.09
3084,212982370.23,3300000000.0,0.06454011,0.06454011,504,0,0,1820644.13
3085,181285837.03,3300000000.0,0.0549351,0.0549351,446,0,0,1910243.64
3086,197785851.47,3300000000.0,0.05993511,0.05993511,520,0,0,1841139.68
3087,166788204.16,3300000000.0,0.05054188,0.05054188,577,0,0,1818397.01
3088,117558820.66,3300000000.0,0.03562389,0.03562389,569,0,0,1857080.3
3089,181313070.73,3300000000.0,0.05494335,0.05494335,512,0,0,1940807.83
3090,157280106.49,3300000000.0,0.04766064,0.04766064,523,0,0,1850115.56
3091,107172885.46,3300000000.0,0.03247663,0.03247663,405,0,0,1879965.54
3092,195791616.49,3300000000.0,0.05933079,0.05933079,551,0,0,1903645.24
3093,259369944.55,3300000000.0,0.07859695,0.07859695,533,0,0,1978326.59
3094,93891825.5,3300000000.0,0.02845207,0.02845207,357,0,0,1871981.82
3095,685932732.42,3300000000.0,0.2078584,0.2078584,445,0,0,2619640.68
3096,294341845.57,3300000000.0,0.0891945,0.0891945,492,0,0,1938657.8
3097,254513946.3,3300000000.0,0.07712544,0.07712544,468,0,0,2056156.03
3098,84369486.83,3300000000.0,0.02556651,0.02556651,718,0,0,1750202.65
3099,98158188.76,3300000000.0,0.02974491,0.02974491,667,0,0,1806660.95
3100,246391704.8,3742805925.0,0.06583075,0.06583075,413,0,0,2140598.44
3101,115231387.1,3300000000.0,0.0349186,0.0349186,419,0,0,1824561.31
3102,182597095.64,3300000000.0,0.05533245,0.05533245,455,0,0,1906618.34
3103,101038065.0,3300000000.0,0.0306176,0.0306176,480,0,0,1897331.17
3104,308131759.84,3300000000.0,0.09337326,0.09337326,427,0,0,2027639.46
3105,112698045.57,3300000000.0,0.03415092,0.03415092,457,0,0,1914356.45
3106,258699144.4,3300000000.0,0.07839368,0.07839368,443,0,0,1883216.06
3107,260649657.31,3657522654.0,0.07126399,0.07126399,364,0,0,1973699.63
3108,109566384.99,3300000000.0,0.03320193,0.03320193,467,0,0,1871144.67
3109,190689355.15,3300000000.0,0.05778465,0.05778465,457,0,0,1872223.38
3110,304508757.2,3300000000.0,0.09227538,0.09227538,409,0,0,2127156.59
3111,158566475.44,3300000000.0,0.04805045,0.04805045,429,0,0,2100925.8
3112,315007117.54,3300000000.0,0.0954567,0.0954567,493,0,0,2175676.33
3113,214143838.33,3300000000.0,0.06489207,0.06489207,452,0,0,2040941.31
3114,121452870.9,3300000000.0,0.0368039,0.0368039,523,0,0,1844560.89
3115,204681537.38,3300000000.0,0.06202471,0.06202471,518,0,0,1751221.77
3116,211861141.0,3742551838.0,0.05660874,0.05660874,389,0,0,2222730.42
3117,120206577.3,3300000000.0,0.03642624,0.03642624,452,0,0,1826225.18
3118,262141179.3,3300000000.0,0.07943672,0.07943672,348,0,0,2049927.12
3119,111100149.09,3300000000.0,0.03366671,0.03366671,677,0,0,1822257.58
3120,173987660.13,3300000000.0,0.05272353,0.05272353,502,0,0,1836186.83
3121,124586354.52,3300000000.0,0.03775344,0.03775344,638,0,0,1808781.49
3122,175335131.8,3300000000.0,0.05313186,0.05313186,506,0,0,1798449.08
3123,204548944.98,3300000000.0,0.06198453,0.06198453,511,0,0,1831460.58
3124,192139223.92,3300000000.0,0.05822401,0.05822401,525,0,0,1823746.79
3125,125279271.3,3300000000.0,0.03796342,0.03796342,465,0,0,1899496.63
3126,154217008.01,3300000000.0,0.04673243,0.04673243,472,0,0,1913843.51
3127,130556115.1,3300000000.0,0.03956246,0.03956246,512,0,0,1908174.89
3128,322802831.14,3639054621.0,0.08870513,0.08870513,380,0,0,2102405.75
3129,131060198.73,3300000000.0,0.03971521,0.03971521,417,0,0,1895466.13
3130,163857629.76,3300000000.0,0.04965383,0.04965383,552,0,0,1838324.95
3131,178654702.42,3300000000.0,0.05413779,0.05413779,491,0,0,1852548.85
3132,134949040.9,3300000000.0,0.04089365,0.04089365,431,0,0,1869032.75
3133,193030715.2,3300000000.0,0.05849416,0.05849416,459,0,0,1914427.47
3134,453542077.79,3300000000.0,0.13743699,0.13743699,558,0,0,1898140.46
3135,97775219.97,3300000000.0,0.02962885,0.02962885,538,0,0,1860963.53
3136,148068112.1,3300000000.0,0.04486912,0.04486912,494,0,0,1933722.71
3137,176593664.84,3300000000.0,0.05351323,0.05351323,533,0,0,1896268.51
3138,287442799.14,3300000000.0,0.08710388,0.08710388,499,0,0,1837239.33
3139,254944950.66,3300000000.0,0.07725605,0.07725605,575,0,0,1930773.34
3140,151243392.75,3300000000.0,0.04583133,0.04583133,439,0,0,1971874.21
3141,163961226.66,3300000000.0,0.04968522,0.04968522,388,0,0,2053294.48
3142,105188417.84,3300000000.0,0.03187528,0.03187528,531,0,0,1808948.99
3143,212454078.61,3300000000.0,0.06438002,0.06438002,421,0,0,1936340.44
3144,122792807.22,3300000000.0,0.03720994,0.03720994,373,0,0,1935954.46
3145,252595757.7,3300000000.0,0.07654417,0.07654417,441,0,0,1914552.52
3146,318650598.95,3300000000.0,0.09656079,0.09656079,586,0,0,1864751.61
3147,162847251.84,3300000000.0,0.04934765,0.04934765,417,0,0,2042779.04
3148,359229409.12,3300000000.0,0.1088574,0.1088574,449,0,0,1961554.79
3149,252648361.94,3300000000.0,0.07656011,0.07656011,409,0,0,1938737.39
3150,115725965.19,3300000000.0,0.03506847,0.03506847,426,0,0,1894807.37
3151,158816764.53,3300000000.0,0.04812629,0.04812629,491,0,0,1941775.32
3152,106861878.91,3300000000.0,0.03238239,0.03238239,591,0,0,1865115.12
3153,200293081.71,3300000000.0,0.06069487,0.06069487,417,0,0,2043159.95
3154,296202525.95,3300000000.0,0.08975834,0.08975834,502,0,0,1940532.34
3155,98810742.79,3300000000.0,0.02994265,0.02994265,532,0,0,2047300.34
3156,120738497.17,3300000000.0,0.03658742,0.03658742,391,0,0,1928103.75
3157,213698755.68,3300000000.0,0.0647572,0.0647572,506,0,0,1856948.38
3158,136971069.35,3300000000.0,0.04150638,0.04150638,532,0,0,1866669.79
3159,129328964.03,3300000000.0,0.0391906,0.0391906,498,0,0,1736717.22
3160,233075593.87,3300000000.0,0.07062897,0.07062897,371,0,0,1908743.95
3161,327230198.07,3810597670.0,0.08587372,0.08587372,371,0,0,1864558.85
3162,168243950.16,3300000000.0,0.05098302,0.05098302,436,0,0,1927129.27
3163,127563556.45,3300000000.0,0.03865562,0.03865562,560,0,0,1878972.98
3164,135995671.35,3300000000.0,0.04121081,0.04121081,584,0,0,1968353.42
3165,405081800.09,3300000000.0,0.12275206,0.12275206,528,0,0,1924589.92
3166,179466213.47,3300000000.0,0.0543837,0.0543837,582,0,0,1942136.38
3167,137847315.54,3300000000.0,0.04177191,0.04177191,458,0,0,1970870.54
3168,432454003.45,3300000000.0,0.13104667,0.13104667,477,0,0,2190594.69
3169,102631473.5,3300000000.0,0.03110045,0.03110045,545,0,0,1899195.52
3170,116064794.68,3300000000.0,0.03517115,0.03517115,476,0,0,1812157.73
3171,98282668.89,3300000000.0,0.02978263,0.02978263,476,0,0,1728940.57
3172,339972616.66,3300000000.0,0.10302201,0.10302201,457,0,0,1858168.04
3173,147095453.04,3300000000.0,0.04457438,0.04457438,423,0,0,1839342.63
3174,208691460.98,3300000000.0,0.06323984,0.06323984,574,0,0,1882686.6
3175,140376869.22,3300000000.0,0.04253845,0.04253845,433,0,0,1909833.77
3176,216709115.32,3300000000.0,0.06566943,0.06566943,538,0,0,1930502.74
3177,164710055.76,3300000000.0,0.04991214,0.04991214,469,0,0,1816936.41
3178,855318555.57,3300000000.0,0.25918744,0.25918744,524,0,0,2267989.56
3179,150621529.19,3300000000.0,0.04564289,0.04564289,526,0,0,1872639.01
3180,387533681.78,3300000000.0,0.11743445,0.11743445,463,0,0,2149720.25
3181,105625959.03,3300000000.0,0.03200787,0.03200787,492,0,0,1795861.17
3182,158041914.27,3300000000.0,0.04789149,0.04789149,588,0,0,1879436.69
3183,487417720.82,3300000000.0,0.14770234,0.14770234,546,0,0,2045519.36
3184,366713783.13,3300000000.0,0.11112539,0.11112539,381,0,0,1941181.68
3185,306583333.69,3300000000.0,0.09290404,0.09290404,374,0,0,1854230.69
3186,156755570.3,3300000000.0,0.04750169,0.04750169,508,0,0,1896337.9
3187,212932830.87,3300000000.0,0.0645251,0.0645251,411,0,0,2006845.59
3188,386395619.87,3300000000.0,0.11708958,0.11708958,561,0,0,1839776.47
3189,233741403.8,3300000000.0,0.07083073,0.07083073,441,0,0,1921675.3
3190,307464389.31,3300000000.0,0.09317103,0.09317103,421,0,0,1855536.27
3191,226049942.53,3300000000.0,0.06849998,0.06849998,487,0,0,1845613.41
3192,133895886.59,3300000000.0,0.04057451,0.04057451,465,0,0,1838179.98
3193,179921516.28,3300000000.0,0.05452167,0.05452167,603,0,0,1812919.12
3194,458120360.77,3300000000.0,0.13882435,0.13882435,425,0,0,1970253.88
3195,215104840.67,3300000000.0,0.06518329,0.06518329,538,0,0,1789585.9
3196,165942894.73,3300000000.0,0.05028573,0.05028573,430,0,0,1917789.23
3197,254966181.94,3300000000.0,0.07726248,0.07726248,513,0,0,1871043.63
3198,293082355.04,3300000000.0,0.08881283,0.08881283,377,0,0,2026997.66
3199,133991405.28,3300000000.0,0.04060346,0.04060346,476,0,0,1846889.63
3200,120836276.93,3300000000.0,0.03661705,0.03661705,484,0,0,1897010.81
3201,249917935.35,3300000000.0,0.07573271,0.07573271,464,0,0,1899813.28
3202,192357169.33,3300000000.0,0.05829005,0.05829005,479,0,0,1837534.17
3203,327551529.02,3300000000.0,0.09925804,0.09925804,384,0,0,2140486.95
3204,103231370.21,3300000000.0,0.03128223,0.03128223,495,0,0,1790507.43
3205,439497519.51,3300000000.0,0.13318107,0.13318107,558,0,0,2096811.39
3206,561525760.07,3300000000.0,0.17015932,0.17015932,505,0,0,2306525.85
3207,190426643.95,3300000000.0,0.05770504,0.05770504,482,0,0,1907786.12
3208,252726365.46,3300000000.0,0.07658375,0.07658375,546,0,0,1903682.26
3209,705496300.11,3300000000.0,0.21378676,0.21378676,402,0,0,2182896.8
3210,395990785.93,3300000000.0,0.11999721,0.11999721,491,0,0,2194141.69
3211,537042432.14,3300000000.0,0.16274013,0.16274013,530,0,0,2014785.77
3212,117086524.68,3300000000.0,0.03548077,0.03548077,398,0,0,1969042.75
3213,354274860.35,3300000000.0,0.10735602,0.10735602,501,0,0,1927388.54
3214,118061961.16,3300000000.0,0.03577635,0.03577635,570,0,0,1909217.13
3215,156096851.8,3300000000.0,0.04730208,0.04730208,501,0,0,1784277.48
3216,147900684.83,3300000000.0,0.04481839,0.04481839,469,0,0,1870746.67
3217,112716030.98,3300000000.0,0.03415637,0.03415637,585,0,0,1850910.55
3218,449047027.05,3300000000.0,0.13607486,0.13607486,625,0,0,1925272.38
3219,252145311.74,3300000000.0,0.07640767,0.07640767,469,0,0,1882457.77
3220,1130864982.76,3300000000.0,0.34268636,0.34268636,502,0,0,2657543.64
3221,695278378.54,3722815646.0,0.18676143,0.18676143,380,0,0,2627155.92
3222,151898448.71,3300000000.0,0.04602983,0.04602983,533,0,0,1861861.98
3223,149234974.51,3300000000.0,0.04522272,0.04522272,546,0,0,1822297.01
3224,139576942.73,3300000000.0,0.04229604,0.04229604,649,0,0,1778465.86
3225,112151720.51,3300000000.0,0.03398537,0.03398537,603,0,0,1864636.36
3226,220535512.77,3300000000.0,0.06682894,0.06682894,434,0,0,1890651.86
3227,107646805.81,3300000000.0,0.03262024,0.03262024,516,0,0,1975977.72
3228,213814967.22,3300000000.0,0.06479241,0.06479241,415,0,0,1939171.23
3229,128674321.56,3300000000.0,0.03899222,0.03899222,541,0,0,1992997.16
3230,167398633.2,3300000000.0,0.05072686,0.05072686,489,0,0,1749228.79
3231,145634157.89,3300000000.0,0.04413156,0.04413156,468,0,0,1868197.01
3232,113547937.25,3300000000.0,0.03440847,0.03440847,542,0,0,1791836.47
3233,120474382.4,3300000000.0,0.03650739,0.03650739,638,0,0,1758129.03
3234,449122809.25,3300000000.0,0.13609782,0.13609782,400,0,0,2353892.18
3235,95032729.18,3300000000.0,0.0287978,0.0287978,604,0,0,1893588.48
3236,410603732.27,3300000000.0,0.12442537,0.12442537,413,0,0,2123491.96
3237,201751916.29,3300000000.0,0.06113694,0.06113694,551,0,0,1909268.07
3238,289394862.52,3300000000.0,0.08769541,0.08769541,505,0,0,2033829.67
3239,208833428.13,3300000000.0,0.06328286,0.06328286,360,0,0,1947982.62
3240,144892634.02,3300000000.0,0.04390686,0.04390686,540,0,0,1840184.18
3241,191514121.31,3300000000.0,0.05803458,0.05803458,500,0,0,1854084.12
3242,205087169.07,3300000000.0,0.06214763,0.06214763,432,0,0,1874008.47
3243,261776221.79,3300000000.0,0.07932613,0.07932613,483,0,0,1924699.45
3244,112638003.42,3300000000.0,0.03413273,0.03413273,551,0,0,1831935.68
3245,109762490.24,3300000000.0,0.03326136,0.03326136,569,0,0,1768699.02
3246,112748989.39,3300000000.0,0.03416636,0.03416636,568,0,0,2012880.95
3247,292256861.28,3347925934.0,0.0872949,0.0872949,420,0,0,2096153.97
3248,257224885.94,3443233633.0,0.07470445,0.07470445,404,0,0,2508267.84
3249,94731011.31,3300000000.0,0.02870637,0.02870637,630,0,0,1772886.75
3250,339171217.24,3300000000.0,0.10277916,0.10277916,456,0,0,2413308.98
3251,116511478.41,3300000000.0,0.03530651,0.03530651,501,0,0,1901812.39
3252,277601207.93,3300000000.0,0.08412158,0.08412158,395,0,0,1813737.18
3253,230481041.66,3300000000.0,0.06984274,0.06984274,372,0,0,2107784.56
3254,577001651.82,3300000000.0,0.17484899,0.17484899,535,0,0,1945263.18
3255,104626906.65,3300000000.0,0.03170512,0.03170512,504,0,0,2015875.01
3256,338395111.2,3300000000.0,0.10254397,0.10254397,504,0,0,1912481.38
3257,109836186.3,3300000000.0,0.03328369,0.03328369,590,0,0,1815558.84
3258,97177192.01,3300000000.0,0.02944763,0.02944763,542,0,0,1842535.49
3259,107862269.61,3300000000.0,0.03268554,0.03268554,499,0,0,1899891.91
3260,149215233.28,3475077623.0,0.04293868,0.04293868,393,0,0,2075000.1
3261,780667779.86,3508428890.0,0.22251207,0.22251207,377,0,0,2486269.12
3262,130185697.15,3300000000.0,0.03945021,0.03945021,556,0,0,1929755.0
3263,182756974.08,3300000000.0,0.0553809,0.0553809,451,0,0,1944788.06
3264,121701740.9,3300000000.0,0.03687932,0.03687932,458,0,0,1924794.52
3265,135500162.43,3300000000.0,0.04106066,0.04106066,530,0,0,1932861.09
3266,224728323.3,3300000000.0,0.06809949,0.06809949,497,0,0,1876017.91
3267,120636079.21,3300000000.0,0.03655639,0.03655639,408,0,0,1976517.36
3268,341571519.23,3300000000.0,0.10350652,0.10350652,409,0,0,1987072.21
3269,244117251.21,3300000000.0,0.07397492,0.07397492,465,0,0,1876209.26
3270,90276700.89,3300000000.0,0.02735658,0.02735658,675,0,0,1825851.67
3271,173573776.19,3300000000.0,0.05259811,0.05259811,647,0,0,1758143.21
3272,165369162.93,3300000000.0,0.05011187,0.05011187,561,0,0,1910219.78
3273,108674379.97,3300000000.0,0.03293163,0.03293163,452,0,0,1858054.46
3274,164808296.98,3300000000.0,0.04994191,0.04994191,531,0,0,1867074.62
3275,347413482.98,3300000000.0,0.10527681,0.10527681,412,0,0,2191400.29
3276,210033142.97,3300000000.0,0.06364641,0.06364641,477,0,0,1812430.94
3277,226531916.73,3300000000.0,0.06864604,0.06864604,488,0,0,1863125.75
3278,111539759.68,3300000000.0,0.03379993,0.03379993,464,0,0,1789622.87
3279,107073855.55,3300000000.0,0.03244662,0.03244662,483,0,0,1898957.6
3280,171753320.25,3300000000.0,0.05204646,0.05204646,491,0,0,1875995.97
3281,101885440.28,3300000000.0,0.03087438,0.03087438,580,0,0,1803739.75
3282,259150574.63,3300000000.0,0.07853048,0.07853048,407,0,0,2020128.0
3283,112145198.6,3300000000.0,0.03398339,0.03398339,575,0,0,1805086.06
3284,116746456.11,3300000000.0,0.03537771,0.03537771,515,0,0,1828106.28
3285,300300263.18,3300000000.0,0.09100008,0.09100008,443,0,0,1846461.33
3286,242582075.79,3300000000.0,0.07350972,0.07350972,543,0,0,1889061.33
3287,109146724.66,3300000000.0,0.03307477,0.03307477,523,0,0,1881358.44
3288,419681151.32,3300000000.0,0.12717611,0.12717611,478,0,0,2050453.91
3289,140446671.8,3300000000.0,0.0425596,0.0425596,658,0,0,1871530.27
3290,300089323.8,3300000000.0,0.09093616,0.09093616,504,0,0,1810023.63
3291,127986689.22,3300000000.0,0.03878385,0.03878385,455,0,0,1909295.56
3292,579328464.32,3300000000.0,0.17555408,0.17555408,473,0,0,2412231.18
3293,381729744.44,3300000000.0,0.11567568,0.11567568,379,0,0,2184837.39
3294,198461130.48,3300000000.0,0.06013974,0.06013974,434,0,0,1813254.44
3295,1022951885.5,3300000000.0,0.30998542,0.30998542,427,0,0,2532551.14
3296,166925335.28,3300000000.0,0.05058343,0.05058343,559,0,0,1752267.86
3297,244433407.9,3300000000.0,0.07407073,0.07407073,467,0,0,1962128.36
3298,251777154.97,3300000000.0,0.07629611,0.07629611,431,0,0,1928555.93
3299,137307854.97,3300000000.0,0.04160844,0.04160844,387,0,0,1893810.32
3300,262629353.82,3300000000.0,0.07958465,0.07958465,408,0,0,2023381.27
3301,115439431.23,3300000000.0,0.03498165,0.03498165,440,0,0,1955042.42
3302,239198039.0,3300000000.0,0.07248425,0.07248425,363,0,0,1977971.85
3303,213381503.59,3300000000.0,0.06466106,0.06466106,410,0,0,2006410.64
3304,128634462.04,3300000000.0,0.03898014,0.03898014,450,0,0,1935556.19
3305,147900128.89,3300000000.0,0.04481822,0.04481822,581,0,0,1913658.35
3306,249250961.9,3300000000.0,0.07553059,0.07553059,438,0,0,1926065.13
3307,106901334.64,3300000000.0,0.03239434,0.03239434,536,0,0,1834425.41
3308,468183588.86,3300000000.0,0.14187381,0.14187381,420,0,0,1928482.98
3309,156046802.86,3300000000.0,0.04728691,0.04728691,494,0,0,2001410.53
3310,391971558.65,3300000000.0,0.11877926,0.11877926,423,0,0,2116742.3
3311,104150961.16,3300000000.0,0.0315609,0.0315609,534,0,0,1922795.41
3312,155858628.36,3300000000.0,0.04722989,0.04722989,472,0,0,1921034.4
3313,102956472.57,3300000000.0,0.03119893,0.03119893,503,0,0,1885845.75
3314,278255912.34,3300000000.0,0.08431997,0.08431997,467,0,0,1973081.68
3315,333076663.65,3859169731.0,0.08630786,0.08630786,345,0,0,2020512.12
3316,264987950.51,3300000000.0,0.08029938,0.08029938,526,0,0,1798676.05
3317,137554074.92,3300000000.0,0.04168305,0.04168305,469,0,0,1980327.7
3318,187867826.38,3300000000.0,0.05692964,0.05692964,396,0,0,1855399.25
3319,276885108.13,3300000000.0,0.08390458,0.08390458,439,0,0,1907314.14
3320,278266252.61,3300000000.0,0.08432311,0.08432311,497,0,0,1885100.77
3321,223229333.13,3300000000.0,0.06764525,0.06764525,535,0,0,1871749.41
3322,526016088.34,3300000000.0,0.15939881,0.15939881,427,0,0,2108055.47
3323,126137178.02,3300000000.0,0.03822339,0.03822339,486,0,0,1877281.98
3324,130039322.87,3300000000.0,0.03940586,0.03940586,423,0,0,1930749.31
3325,343553597.62,3300000000.0,0.10410715,0.10410715,467,0,0,2106550.66
3326,247130631.85,3300000000.0,0.07488807,0.07488807,451,0,0,1956379.21
3327,100501794.36,3300000000.0,0.03045509,0.03045509,488,0,0,1802047.56
3328,557301472.05,3300000000.0,0.16887923,0.16887923,425,0,0,2145821.49
3329,109207871.74,3300000000.0,0.03309329,0.03309329,470,0,0,1951547.77
3330,218817450.13,3593176294.0,0.06089806,0.06089806,330,0,0,1901982.13
3331,276048648.34,3403386589.0,0.08110999,0.08110999,388,0,0,1872314.42
3332,464799433.24,3300000000.0,0.14084831,0.14084831,541,0,0,2210617.29
3333,304225387.15,3300000000.0,0.09218951,0.09218951,405,0,0,2061115.21
3334,88389967.0,3300000000.0,0.02678484,0.02678484,656,0,0,1796774.29
3335,280489448.96,3300000000.0,0.0849968,0.0849968,385,0,0,2114525.58
3336,105938175.82,3300000000.0,0.03210248,0.03210248,617,0,0,1839661.8
3337,836137982.45,4253969019.0,0.19655479,0.19655479,380,0,0,2661811.02
3338,614533776.42,3417239023.0,0.17983342,0.17983342,444,0,0,2465262.19
3339,103661966.09,3300000000.0,0.03141272,0.03141272,551,0,0,1784907.41
3340,208659494.06,3300000000.0,0.06323015,0.06323015,425,0,0,1844187.02
3341,101860076.51,3300000000.0,0.03086669,0.03086669,487,0,0,1874260.1
3342,149791655.32,3300000000.0,0.04539141,0.04539141,452,0,0,1829805.64
3343,162084738.11,3300000000.0,0.04911659,0.04911659,445,0,0,2057053.66
3344,130470324.56,3300000000.0,0.03953646,0.03953646,458,0,0,1869442.06
3345,196018486.01,3300000000.0,0.05939954,0.05939954,357,0,0,1959313.52
3346,112975062.56,3300000000.0,0.03423487,0.03423487,473,0,0,1850819.38
3347,126704567.19,3300000000.0,0.03839532,0.03839532,474,0,0,1859149.23
3348,422735114.93,3300000000.0,0.12810155,0.12810155,483,0,0,1810496.7
3349,111919310.35,3300000000.0,0.03391494,0.03391494,356,0,0,1931492.25
3350,175016328.78,3300000000.0,0.05303525,0.05303525,547,0,0,1852322.03
3351,192462565.41,3300000000.0,0.05832199,0.05832199,536,0,0,1998523.83
3352,154662684.81,3300000000.0,0.04686748,0.04686748,545,0,0,1855685.07
3353,96009842.62,3300000000.0,0.02909389,0.02909389,577,0,0,1869385.56
3354,195192604.42,3300000000.0,0.05914927,0.05914927,445,0,0,1921892.46
3355,151521218.41,3300000000.0,0.04591552,0.04591552,406,0,0,2084406.12
3356,100796064.84,3300000000.0,0.03054426,0.03054426,469,0,0,1795349.31
3357,119015733.53,3300000000.0,0.03606537,0.03606537,439,0,0,1978956.56
3358,99752537.08,3300000000.0,0.03022804,0.03022804,634,0,0,1812943.3
3359,183313307.56,3300000000.0,0.05554949,0.05554949,523,0,0,1828233.09
3360,187055718.5,3300000000.0,0.05668355,0.05668355,415,0,0,2073463.5
3361,183183858.82,3300000000.0,0.05551026,0.05551026,427,0,0,1962779.2
3362,248159278.09,4002485037.0,0.0620013,0.0620013,319,0,0,2296308.24
3363,323076252.34,3574856698.0,0.0903746,0.0903746,372,0,0,2121235.4
3364,104712433.52,3300000000.0,0.03173104,0.03173104,474,0,0,1784779.37
3365,233249657.38,3300000000.0,0.07068171,0.07068171,519,0,0,1961379.42
3366,490545487.67,3300000000.0,0.14865015,0.14865015,476,0,0,2254205.03
3367,139332638.37,3300000000.0,0.04222201,0.04222201,513,0,0,1944463.49
3368,156557477.41,3300000000.0,0.04744166,0.04744166,585,0,0,1937667.93
3369,123531981.99,3300000000.0,0.03743393,0.03743393,388,0,0,1919068.41
3370,124885852.66,3300000000.0,0.0378442,0.0378442,606,0,0,1828329.04
3371,259915261.61,3300000000.0,0.0787622,0.0787622,471,0,0,1954423.64
3372,126157802.63,3300000000.0,0.03822964,0.03822964,594,0,0,1805630.39
3373,124573888.07,3300000000.0,0.03774966,0.03774966,513,0,0,1912871.0
3374,137962875.37,3300000000.0,0.04180693,0.04180693,516,0,0,1802667.21
3375,186201502.07,3300000000.0,0.0564247,0.0564247,416,0,0,2044388.27
3376,226310699.09,3300000000.0,0.068579,0.068579,413,0,0,1838770.53
3377,251413890.94,3542590293.0,0.07096894,0.07096894,422,0,0,2138665.49
3378,142417388.65,3300000000.0,0.04315678,0.04315678,553,0,0,1825116.32
3379,111497137.74,3300000000.0,0.03378701,0.03378701,511,0,0,1805793.65
3380,126016853.97,3300000000.0,0.03818693,0.03818693,426,0,0,1910059.22
3381,511620428.18,3963266720.0,0.12909059,0.12909059,363,0,0,2477566.21
3382,200614510.31,3300000000.0,0.06079228,0.06079228,463,0,0,1941500.83
3383,173860220.43,3300000000.0,0.05268492,0.05268492,535,0,0,1872656.44
3384,131521716.42,3300000000.0,0.03985507,0.03985507,547,0,0,1840332.6
3385,420364085.04,4094412240.0,0.10266775,0.10266775,344,0,0,2037612.6
3386,96745416.68,3300000000.0,0.02931679,0.02931679,590,0,0,1898149.57
3387,151743720.37,3300000000.0,0.04598295,0.04598295,561,0,0,1736266.51
3388,117472041.25,3300000000.0,0.03559759,0.03559759,485,0,0,1927951.54
3389,255316505.82,3300000000.0,0.07736864,0.07736864,457,0,0,1946896.69
3390,214740497.45,3300000000.0,0.06507288,0.06507288,429,0,0,1985302.71
3391,168690012.05,3300000000.0,0.05111819,0.05111819,581,0,0,1867089.72
3392,347899984.52,3300000000.0,0.10542424,0.10542424,390,0,0,1922622.43
3393,206379427.3,3300000000.0,0.06253922,0.06253922,641,0,0,1703747.7
3394,140289166.33,3300000000.0,0.04251187,0.04251187,457,0,0,1857930.47
3395,170740703.07,3300000000.0,0.05173961,0.05173961,576,0,0,1822940.02
3396,248947047.18,3300000000.0,0.0754385,0.0754385,499,0,0,1860929.85
3397,160853704.62,3300000000.0,0.04874355,0.04874355,399,0,0,1891588.13
3398,106924986.36,3300000000.0,0.03240151,0.03240151,553,0,0,1782187.38
3399,2215794083.1,4714905437.0,0.46995515,0.46995515,327,0,0,2699944.41
3400,677784773.04,3300000000.0,0.20538933,0.20538933,425,0,0,2136135.97
3401,249841045.28,3300000000.0,0.07570941,0.07570941,475,0,0,1886261.41
3402,123434684.99,3300000000.0,0.03740445,0.03740445,594,0,0,1801422.29
3403,168574824.04,3300000000.0,0.05108328,0.05108328,505,0,0,1852412.79
3404,105910199.13,3300000000.0,0.032094,0.032094,602,0,0,1730908.41
3405,97427376.35,3300000000.0,0.02952345,0.02952345,509,0,0,1797966.37
3406,153417362.2,3300000000.0,0.04649011,0.04649011,468,0,0,1962506.04
3407,106932636.26,3300000000.0,0.03240383,0.03240383,596,0,0,1806249.87
3408,142310819.67,3300000000.0,0.04312449,0.04312449,546,0,0,1906929.42
3409,247596191.85,3300000000.0,0.07502915,0.07502915,437,0,0,2038064.1
3410,635290221.09,3361225756.0,0.18900552,0.18900552,393,0,0,2398771.54
3411,144202421.9,3300000000.0,0.0436977,0.0436977,472,0,0,1878046.81
3412,240983007.03,3300000000.0,0.07302515,0.07302515,445,0,0,2003076.52
3413,163412954.73,3300000000.0,0.04951908,0.04951908,466,0,0,1757890.55
3414,230993449.12,3300000000.0,0.06999801,0.06999801,430,0,0,2002940.36
3415,125553655.95,3300000000.0,0.03804656,0.03804656,509,0,0,1822955.47
3416,142439184.07,3300000000.0,0.04316339,0.04316339,570,0,0,1826486.14
3417,420454758.64,3300000000.0,0.12741053,0.12741053,427,0,0,1991181.41
3418,184647455.3,3300000000.0,0.05595377,0.05595377,496,0,0,1867083.9
3419,155728335.31,3300000000.0,0.0471904,0.0471904,337,0,0,1816021.0
3420,567366984.67,3300000000.0,0.17192939,0.17192939,495,0,0,2493596.35
3421,622859093.16,3614415707.0,0.17232636,0.17232636,410,0,0,2421581.32
3422,114070984.39,3300000000.0,0.03456696,0.03456696,501,0,0,1912092.59
3423,360355809.82,3300000000.0,0.10919873,0.10919873,465,0,0,1887808.09
3424,285877222.48,3300000000.0,0.08662946,0.08662946,493,0,0,1825965.1
3425,229424161.61,3300000000.0,0.06952247,0.06952247,505,0,0,1936634.79
3426,130695390.05,3300000000.0,0.03960466,0.03960466,449,0,0,1918348.32
3427,779585351.65,3300000000.0,0.23623799,0.23623799,466,0,0,2535084.65
3428,107681357.08,3300000000.0,0.03263071,0.03263071,521,0,0,1880579.52
3429,312010044.17,3300000000.0,0.0945485,0.0945485,425,0,0,2200421.41
3430,152021193.83,3300000000.0,0.04606703,0.04606703,621,0,0,1762880.33
3431,153346902.31,3300000000.0,0.04646876,0.04646876,530,0,0,1860076.94
3432,121199374.22,3300000000.0,0.03672708,0.03672708,488,0,0,1900611.4
3433,190679650.82,3300000000.0,0.05778171,0.05778171,518,0,0,1934527.18
3434,300313518.95,3300000000.0,0.0910041,0.0910041,494,0,0,1986800.4
3435,424487544.1,3300000000.0,0.12863259,0.12863259,484,0,0,2025213.03
3436,160210181.48,3300000000.0,0.04854854,0.04854854,532,0,0,1868034.03
3437,512603178.04,3519207533.0,0.1456587,0.1456587,400,0,0,2172289.88
3438,149446950.72,3300000000.0,0.04528695,0.04528695,526,0,0,1897753.5
3439,180779102.7,3300000000.0,0.05478155,0.05478155,493,0,0,1905373.82
3440,1467917716.34,3300000000.0,0.44482355,0.44482355,510,0,0,2421045.94
3441,155951751.01,3300000000.0,0.04725811,0.04725811,473,0,0,1943217.51
3442,111690131.05,3300000000.0,0.03384549,0.03384549,404,0,0,1970550.93
3443,100577211.97,3300000000.0,0.03047794,0.03047794,386,0,0,1881638.11
3444,95130938.55,3300000000.0,0.02882756,0.02882756,560,0,0,1866562.62
3445,634199430.28,3300000000.0,0.19218165,0.19218165,411,0,0,2288814.2
3446,110530439.26,3300000000.0,0.03349407,0.03349407,552,0,0,1840191.69
3447,359640445.48,3300000000.0,0.10898195,0.10898195,559,0,0,1832353.33
3448,217998974.4,3300000000.0,0.0660603,0.0660603,448,0,0,1956311.0
3449,185756610.16,3300000000.0,0.05628988,0.05628988,596,0,0,1836364.2
3450,246474531.81,3300000000.0,0.07468925,0.07468925,486,0,0,1901054.78
3451,128193083.04,3300000000.0,0.03884639,0.03884639,387,0,0,2005721.57
3452,205809433.34,3300000000.0,0.06236649,0.06236649,546,0,0,1902816.52
3453,97787837.39,3300000000.0,0.02963268,0.02963268,585,0,0,1739557.28
3454,111629539.67,3300000000.0,0.03382713,0.03382713,559,0,0,1845952.52
3455,109067455.01,3300000000.0,0.03305074,0.03305074,505,0,0,1950133.92
3456,320915638.82,3330387364.0,0.09635985,0.09635985,395,0,0,2262517.55
3457,355153787.09,3301957585.0,0.10755856,0.10755856,414,0,0,1912303.59
3458,185337288.29,3300000000.0,0.05616281,0.05616281,595,0,0,1732028.02
3459,103640292.77,3300000000.0,0.03140615,0.03140615,635,0,0,1829922.24
3460,197107174.12,3300000000.0,0.05972945,0.05972945,452,0,0,1922288.07
3461,89980217.79,3300000000.0,0.02726673,0.02726673,558,0,0,1738965.36
3462,383544025.55,3580472496.0,0.10712106,0.10712106,380,0,0,2254187.69
3463,543167290.37,3300000000.0,0.16459615,0.16459615,420,0,0,2449006.13
3464,178341950.53,3300000000.0,0.05404302,0.05404302,393,0,0,1988482.36
3465,163885613.65,3300000000.0,0.04966231,0.04966231,505,0,0,1889563.03
3466,122142900.58,3300000000.0,0.037013,0.037013,479,0,0,1745566.93
3467,389586699.38,3300000000.0,0.11805658,0.11805658,402,0,0,2416696.26
3468,94983190.42,3300000000.0,0.02878278,0.02878278,610,0,0,1871459.36
3469,617999587.53,3300000000.0,0.1872726,0.1872726,401,0,0,2171777.07
3470,216283813.89,3300000000.0,0.06554055,0.06554055,432,0,0,1969459.99
3471,197580247.13,3300000000.0,0.0598728,0.0598728,473,0,0,1969595.49
3472,94529576.8,3300000000.0,0.02864533,0.02864533,525,0,0,1855038.24
3473,738886910.86,3300000000.0,0.22390512,0.22390512,486,0,0,2359318.27
3474,355462352.94,3300000000.0,0.10771586,0.10771586,422,0,0,1980981.38
3475,95213825.32,3300000000.0,0.02885267,0.02885267,548,0,0,1884131.46
3476,103236242.25,3300000000.0,0.03128371,0.03128371,493,0,0,1963179.02
3477,94905756.48,3300000000.0,0.02875932,0.02875932,635,0,0,1857898.9
3478,608683395.67,3300000000.0,0.18444951,0.18444951,485,0,0,2209656.49
3479,102990996.94,3300000000.0,0.03120939,0.03120939,492,0,0,1960933.98
3480,147025698.08,3300000000.0,0.04455324,0.04455324,592,0,0,1741827.76
3481,209738023.33,3300000000.0,0.06355698,0.06355698,606,0,0,1829627.67
3482,175777463.41,3300000000.0,0.0532659,0.0532659,405,0,0,1857142.12
3483,170725169.92,3300000000.0,0.0517349,0.0517349,574,0,0,1851576.97
3484,142306194.84,3300000000.0,0.04312309,0.04312309,558,0,0,1902874.86
3485,180555431.43,3300000000.0,0.05471377,0.05471377,407,0,0,1870322.24
3486,138095582.74,3300000000.0,0.04184715,0.04184715,452,0,0,1956478.9
3487,343596284.87,3731298467.0,0.09208491,0.09208491,390,0,0,2057810.03
3488,113246570.53,3300000000.0,0.03431714,0.03431714,516,0,0,1846135.71
3489,379482397.6,3300000000.0,0.11499467,0.11499467,545,0,0,1944619.8
3490,131451074.44,3300000000.0,0.03983366,0.03983366,491,0,0,1922821.29
3491,274705093.4,3300000000.0,0.08324397,0.08324397,499,0,0,1912968.71
3492,132603757.58,3300000000.0,0.04018296,0.04018296,531,0,0,1883014.52
3493,161366138.98,3300000000.0,0.04889883,0.04889883,395,0,0,1912686.94
3494,107347337.3,3300000000.0,0.0325295,0.0325295,640,0,0,1885094.38
3495,108228779.63,3300000000.0,0.0327966,0.0327966,551,0,0,1806635.88
3496,218576890.4,3300000000.0,0.06623542,0.06623542,471,0,0,2127172.67
3497,134849334.68,3300000000.0,0.04086343,0.04086343,428,0,0,1902814.47
3498,211791670.67,3389626267.0,0.06248231,0.06248231,323,0,0,1927697.25
3499,325742084.43,3300000000.0,0.09870972,0.09870972,472,0,0,2176348.62
3500,560349823.94,3997777777.0,0.14016533,0.14016533,346,0,0,2190741.17
3501,114874265.66,3300000000.0,0.03481038,0.03481038,456,0,0,1999270.17
3502,762338252.26,3300000000.0,0.23101159,0.23101159,546,0,0,2610828.45
3503,111104640.04,3300000000.0,0.03366807,0.03366807,528,0,0,1869223.3
3504,480803383.46,3300000000.0,0.14569799,0.14569799,473,0,0,2167524.63
3505,104337622.67,3300000000.0,0.03161746,0.03161746,448,0,0,1976483.48
3506,138190023.62,3300000000.0,0.04187576,0.04187576,563,0,0,1792420.37
3507,151784922.88,3300000000.0,0.04599543,0.04599543,583,0,0,1796495.19
3508,449907209.29,3676776849.0,0.12236457,0.12236457,334,0,0,2124194.93
3509,99731540.38,3300000000.0,0.03022168,0.03022168,568,0,0,1825133.34
3510,210498066.07,3300000000.0,0.06378729,0.06378729,404,0,0,2060131.08
3511,449031212.45,3300000000.0,0.13607006,0.13607006,528,0,0,1862556.98
3512,103279060.41,3300000000.0,0.03129668,0.03129668,645,0,0,1892018.13
3513,210101473.67,3520895020.0,0.05967275,0.05967275,381,0,0,2004356.75
3514,1057889250.1,4661988081.0,0.22691805,0.22691805,312,0,0,2587310.49
3515,228500381.95,3300000000.0,0.06924254,0.06924254,469,0,0,1868032.78
3516,833708188.82,3300000000.0,0.25263885,0.25263885,488,0,0,2544124.77
3517,220419782.09,3300000000.0,0.06679387,0.06679387,595,0,0,1809681.05
3518,240953930.31,3300000000.0,0.07301634,0.07301634,481,0,0,1911681.87
3519,115919953.08,3300000000.0,0.03512726,0.03512726,584,0,0,1986443.19
3520,101541154.65,3300000000.0,0.03077005,0.03077005,541,0,0,1774110.06
3521,712178598.12,3300000000.0,0.2158117,0.2158117,452,0,0,2406167.95
3522,250217141.05,3300000000.0,0.07582338,0.07582338,466,0,0,2082541.69
3523,164563803.84,3300000000.0,0.04986782,0.04986782,491,0,0,1939154.68
3524,172389978.15,3300000000.0,0.05223939,0.05223939,473,0,0,2076707.32
3525,141645388.56,3300000000.0,0.04292285,0.04292285,461,0,0,1875281.53
3526,473919144.79,3300000000.0,0.14361186,0.14361186,462,0,0,2382078.75
3527,208702267.57,3300000000.0,0.06324311,0.06324311,410,0,0,2150299.35
3528,410613405.81,3300000000.0,0.1244283,0.1244283,418,0,0,2129595.98
3529,271198763.5,3300000000.0,0.08218144,0.08218144,465,0,0,1950142.32
3530,103452796.8,3300000000.0,0.03134933,0.03134933,473,0,0,1897817.43
3531,726036797.64,3300000000.0,0.22001115,0.22001115,474,0,0,2781392.53
3532,104377120.57,3300000000.0,0.03162943,0.03162943,632,0,0,1918081.27
3533,140433310.45,3300000000.0,0.04255555,0.04255555,434,0,0,2011173.04
3534,131331932.5,3300000000.0,0.03979756,0.03979756,552,0,0,1870530.4
3535,193580666.63,3300000000.0,0.05866081,0.05866081,416,0,0,1983700.08
3536,505365055.0,3300000000.0,0.15314093,0.15314093,455,0,0,1971735.57
3537,218436545.02,3300000000.0,0.06619289,0.06619289,484,0,0,1889582.76
3538,95883011.88,3300000000.0,0.02905546,0.02905546,499,0,0,1805772.19
3539,300917575.26,3300000000.0,0.09118714,0.09118714,432,0,0,2091450.95
3540,149879491.36,3300000000.0,0.04541803,0.04541803,559,0,0,1811867.84
3541,149334067.25,3300000000.0,0.04525275,0.04525275,443,0,0,2014034.18
3542,172338167.81,3300000000.0,0.05222369,0.05222369,510,0,0,1962204.37
3543,285987384.12,3300000000.0,0.08666284,0.08666284,419,0,0,1899921.52
3544,110296691.51,3300000000.0,0.03342324,0.03342324,422,0,0,1908646.97
3545,200925746.76,3300000000.0,0.06088659,0.06088659,484,0,0,2113608.93
3546,155190954.18,3300000000.0,0.04702756,0.04702756,462,0,0,1896670.02
3547,288408500.72,3300000000.0,0.08739652,0.08739652,426,0,0,1945197.73
3548,95389789.33,3300000000.0,0.028906,0.028906,601,0,0,1770005.6
3549,286224739.66,3300000000.0,0.08673477,0.08673477,483,0,0,2121938.44
3550,230736508.43,3300000000.0,0.06992015,0.06992015,568,0,0,1769118.07
3551,183774355.45,3300000000.0,0.0556892,0.0556892,465,0,0,1829490.79
3552,404092308.03,3300000000.0,0.12245221,0.12245221,498,0,0,2300804.18
3553,97970761.07,3300000000.0,0.02968811,0.02968811,498,0,0,1829558.27
3554,124384070.73,3300000000.0,0.03769214,0.03769214,408,0,0,1878054.71
3555,363275690.52,3300000000.0,0.11008354,0.11008354,508,0,0,2088721.76
3556,175130973.82,3300000000.0,0.05306999,0.05306999,495,0,0,1887890.04
3557,121884938.7,3300000000.0,0.03693483,0.03693483,559,0,0,1797793.13
3558,153829094.58,3300000000.0,0.04661488,0.04661488,374,0,0,1959325.03
3559,188296871.98,3300000000.0,0.05705966,0.05705966,587,0,0,1818695.23
3560,89975334.65,3300000000.0,0.02726525,0.02726525,666,0,0,1739925.96
3561,264438205.74,3300000000.0,0.08013279,0.08013279,506,0,0,1913230.01
3562,164634750.9,3300000000.0,0.04988932,0.04988932,523,0,0,1893675.31
3563,114604269.06,3300000000.0,0.03472857,0.03472857,503,0,0,1783998.81
3564,259658119.05,3413802911.0,0.07606125,0.07606125,421,0,0,2127984.95
3565,242876221.59,3300000000.0,0.07359886,0.07359886,493,0,0,1920916.5
3566,168720880.9,3300000000.0,0.05112754,0.05112754,425,0,0,2011506.22
3567,274907439.23,3300000000.0,0.08330528,0.08330528,498,0,0,2044327.95
3568,211940447.39,3300000000.0,0.06422438,0.06422438,388,0,0,1962806.93
3569,138628851.76,3300000000.0,0.04200874,0.04200874,432,0,0,1944049.99
3570,285329215.12,3300000000.0,0.0864634,0.0864634,515,0,0,1856134.63
3571,99698902.98,3300000000.0,0.03021179,0.03021179,447,0,0,2027814.99
3572,112556023.12,3300000000.0,0.03410789,0.03410789,562,0,0,1822359.59
3573,161047646.33,3300000000.0,0.04880232,0.04880232,512,0,0,1818264.53
3574,845162192.29,3333241309.0,0.25355566,0.25355566,404,0,0,2709856.59
3575,841529346.79,3300000000.0,0.25500889,0.25500889,479,0,0,2180700.84
3576,168303058.93,3300000000.0,0.05100093,0.05100093,445,0,0,1841687.55
3577,551349221.05,3300000000.0,0.16707552,0.16707552,372,0,0,2020616.91
3578,100681214.24,3300000000.0,0.03050946,0.03050946,461,0,0,1802585.07
3579,165561880.68,3300000000.0,0.05017027,0.05017027,457,0,0,1854697.68
3580,136477745.14,3300000000.0,0.04135689,0.04135689,506,0,0,1920312.32
3581,92739222.87,3300000000.0,0.02810279,0.02810279,586,0,0,1811354.1
3582,146721390.17,3300000000.0,0.04446103,0.04446103,446,0,0,2080479.21
3583,112427760.95,3300000000.0,0.03406902,0.03406902,560,0,0,1891294.43
3584,148228491.01,3300000000.0,0.04491772,0.04491772,519,0,0,1839671.46
3585,166796927.08,3300000000.0,0.05054452,0.05054452,412,0,0,1927338.71
3586,375241762.76,3300000000.0,0.11370963,0.11370963,539,0,0,1889862.21
3587,288268035.14,3300000000.0,0.08735395,0.08735395,380,0,0,1970538.79
3588,127448903.27,3300000000.0,0.03862088,0.03862088,502,0,0,1921159.73
3589,155470558.41,3300000000.0,0.04711229,0.04711229,483,0,0,1789900.36
3590,295608805.22,3300000000.0,0.08957843,0.08957843,403,0,0,1763169.37
3591,118639905.99,3300000000.0,0.03595149,0.03595149,482,0,0,1863551.71
3592,123580925.57,3300000000.0,0.03744877,0.03744877,487,0,0,1762408.28
3593,121136346.36,3300000000.0,0.03670798,0.03670798,593,0,0,1933050.3
3594,106549651.47,3300000000.0,0.03228777,0.03228777,414,0,0,1819796.76
3595,109434669.43,3300000000.0,0.03316202,0.03316202,579,0,0,1832527.41
3596,214208059.18,3300000000.0,0.06491153,0.06491153,490,0,0,1883455.59
3597,314083807.27,3671561354.0,0.08554502,0.08554502,376,0,0,2199418.94
3598,101282504.77,3300000000.0,0.03069167,0.03069167,549,0,0,1870453.32
3599,100058398.85,3300000000.0,0.03032073,0.03032073,494,0,0,1919012.19
3600,135030788.16,3300000000.0,0.04091842,0.04091842,579,0,0,1814510.78
3601,105988882.72,3300000000.0,0.03211784,0.03211784,440,0,0,1892305.88
3602,533666819.88,3300000000.0,0.16171722,0.16171722,477,0,0,2468666.44
3603,166093658.99,3300000000.0,0.05033141,0.05033141,540,0,0,1878144.1
3604,87676235.14,3300000000.0,0.02656856,0.02656856,694,0,0,1820754.22
3605,155349657.38,3300000000.0,0.04707565,0.04707565,484,0,0,1919171.49
3606,161853071.88,3755358740.0,0.04309923,0.04309923,362,0,0,2014364.72
3607,783562453.67,3300000000.0,0.23744317,0.23744317,433,0,0,2536645.24
3608,122898771.64,3300000000.0,0.03724205,0.03724205,493,0,0,1867700.34
3609,94517746.21,3300000000.0,0.02864174,0.02864174,531,0,0,1848125.41
3610,234521259.13,3300000000.0,0.07106705,0.07106705,441,0,0,1931260.73
3611,308594654.53,3300000000.0,0.09351353,0.09351353,491,0,0,1948721.84
3612,163700284.42,3300000000.0,0.04960615,0.04960615,471,0,0,1901747.79
3613,88671528.94,3300000000.0,0.02687016,0.02687016,617,0,0,1788523.03
3614,148462324.46,3300000000.0,0.04498858,0.04498858,596,0,0,1787548.42
3615,106925613.92,3300000000.0,0.0324017,0.0324017,633,0,0,1865824.17
3616,131154021.11,3300000000.0,0.03974364,0.03974364,419,0,0,1984042.26
3617,135705362.09,3300000000.0,0.04112284,0.04112284,501,0,0,1838810.51
3618,870280255.8,3300000000.0,0.26372129,0.26372129,396,0,0,2642509.05
3619,136409531.3,3300000000.0,0.04133622,0.04133622,575,0,0,1917225.57
3620,230031599.16,3300000000.0,0.06970655,0.06970655,513,0,0,1976252.93
3621,160260272.3,3300000000.0,0.04856372,0.04856372,450,0,0,1835644.35
3622,103097492.89,3300000000.0,0.03124166,0.03124166,591,0,0,1853375.36
3623,159069314.36,3300000000.0,0.04820282,0.04820282,492,0,0,2029981.94
3624,166452887.29,3300000000.0,0.05044027,0.05044027,517,0,0,1862854.25
3625,211729272.04,3300000000.0,0.06416039,0.06416039,415,0,0,1895908.44
3626,287388676.37,3300000000.0,0.08708748,0.08708748,462,0,0,2056534.96
3627,227177758.9,3300000000.0,0.06884175,0.06884175,555,0,0,1924092.42
3628,111572054.51,3300000000.0,0.03380971,0.03380971,360,0,0,1936968.13
3629,266247839.26,3715446541.0,0.07165971,0.07165971,361,0,0,1995863.22
3630,235718571.78,3379365177.0,0.06975232,0.06975232,383,0,0,2091708.54
3631,92065709.9,3300000000.0,0.0278987,0.0278987,363,0,0,1889593.33
3632,100743297.15,3300000000.0,0.03052827,0.03052827,582,0,0,1883929.09
3633,146908094.88,3300000000.0,0.0445176,0.0445176,412,0,0,1930560.15
3634,112068009.06,3300000000.0,0.03396,0.03396,453,0,0,1908712.82
3635,140329762.14,3300000000.0,0.04252417,0.04252417,485,0,0,1826404.07
3636,207223878.08,3300000000.0,0.06279511,0.06279511,492,0,0,1842619.43
3637,236246641.63,3300000000.0,0.07158989,0.07158989,417,0,0,1997937.58
3638,105029009.24,3300000000.0,0.03182697,0.03182697,568,0,0,1821901.31
3639,156702428.54,3300000000.0,0.04748558,0.04748558,475,0,0,1895631.15
3640,849730813.7,3503872707.0,0.2425119,0.2425119,426,0,0,2505847.56
3641,125695677.06,3300000000.0,0.0380896,0.0380896,414,0,0,1934330.87
3642,126027079.79,3300000000.0,0.03819002,0.03819002,446,0,0,1990661.27
3643,299322719.55,3300000000.0,0.09070385,0.09070385,564,0,0,2033430.19
3644,137742871.77,3300000000.0,0.04174026,0.04174026,438,0,0,2066287.0
3645,425858474.76,3300000000.0,0.12904802,0.12904802,437,0,0,2181607.83
3646,110722116.3,3300000000.0,0.03355216,0.03355216,422,0,0,1892275.63
3647,157769219.33,3300000000.0,0.04780885,0.04780885,545,0,0,1768471.7
3648,209680641.82,3300000000.0,0.06353959,0.06353959,501,0,0,1913979.4
3649,122026741.36,3300000000.0,0.0369778,0.0369778,508,0,0,1775489.18
3650,162826888.1,3300000000.0,0.04934148,0.04934148,532,0,0,1861067.71
3651,333641515.69,3300000000.0,0.10110349,0.10110349,567,0,0,1813002.07
3652,107461891.66,3300000000.0,0.03256421,0.03256421,452,0,0,1851903.24
3653,187277100.24,3300000000.0,0.05675064,0.05675064,573,0,0,1859060.21
3654,240313070.42,3300000000.0,0.07282214,0.07282214,511,0,0,1846140.17
3655,189654244.9,3300000000.0,0.05747098,0.05747098,471,0,0,1910918.18
3656,171914795.53,3300000000.0,0.05209539,0.05209539,478,0,0,1937017.13
3657,594737002.6,3300000000.0,0.18022333,0.18022333,423,0,0,2044490.14
3658,143473266.54,3300000000.0,0.04347675,0.04347675,408,0,0,1874222.05
3659,230791532.23,3300000000.0,0.06993683,0.06993683,474,0,0,1894137.7
3660,463559248.42,3829319567.0,0.12105525,0.12105525,327,0,0,2054372.47
3661,134620606.63,3300000000.0,0.04079412,0.04079412,496,0,0,1761065.09
3662,1588335506.39,3482931192.0,0.45603413,0.45603413,423,0,0,2521710.48
3663,154954777.75,3300000000.0,0.04695599,0.04695599,472,0,0,1851050.43
3664,734205689.59,3300000000.0,0.22248657,0.22248657,527,0,0,1999355.06
3665,209319441.78,3300000000.0,0.06343013,0.06343013,415,0,0,1972982.88
3666,112357174.14,3300000000.0,0.03404763,0.03404763,521,0,0,1840034.22
3667,89463108.55,3300000000.0,0.02711003,0.02711003,606,0,0,1744779.19
3668,149592819.91,3300000000.0,0.04533116,0.04533116,507,0,0,1815033.34
3669,101788927.94,3300000000.0,0.03084513,0.03084513,636,0,0,1878866.64
3670,108979226.04,3300000000.0,0.03302401,0.03302401,511,0,0,1930726.71
3671,125209806.73,3300000000.0,0.03794237,0.03794237,664,0,0,1778900.61
3672,109086256.65,3300000000.0,0.03305644,0.03305644,498,0,0,1838694.52
3673,122407597.23,3300000000.0,0.03709321,0.03709321,441,0,0,1868456.52
3674,188911637.74,3300000000.0,0.05724595,0.05724595,540,0,0,1957944.03
3675,277150564.28,3300000000.0,0.08398502,0.08398502,396,0,0,1994358.51
3676,160455123.68,3300000000.0,0.04862276,0.04862276,545,0,0,1850278.27
3677,130790923.09,3300000000.0,0.03963361,0.03963361,526,0,0,1970494.83
3678,811931876.33,3300000000.0,0.24603996,0.24603996,395,0,0,2769606.35
3679,104235762.32,3300000000.0,0.03158659,0.03158659,529,0,0,1885399.32
3680,215513847.32,3300000000.0,0.06530723,0.06530723,474,0,0,2019958.83
3681,92347460.79,3300000000.0,0.02798408,0.02798408,686,0,0,1848999.19
3682,292022996.87,3381908162.0,0.08634859,0.08634859,395,0,0,2102775.35
3683,376560816.6,3300000000.0,0.11410934,0.11410934,464,0,0,2130875.34
3684,439749693.52,3300000000.0,0.13325748,0.13325748,465,0,0,2151823.6
3685,371655115.25,3300000000.0,0.11262276,0.11262276,484,0,0,2091034.1
3686,96240016.74,3300000000.0,0.02916364,0.02916364,571,0,0,1837023.47
3687,100144590.35,3300000000.0,0.03034685,0.03034685,579,0,0,1795657.3
3688,111664539.41,3300000000.0,0.03383774,0.03383774,596,0,0,1928129.45
3689,146755503.25,3300000000.0,0.04447136,0.04447136,490,0,0,1805992.37
3690,132194318.69,3300000000.0,0.04005888,0.04005888,461,0,0,1861889.65
3691,153104094.96,3300000000.0,0.04639518,0.04639518,457,0,0,1866656.23
3692,132064222.43,3300000000.0,0.04001946,0.04001946,597,0,0,1797937.62
3693,349867143.56,3300000000.0,0.10602035,0.10602035,412,0,0,2107488.18
3694,206228891.93,3300000000.0,0.0624936,0.0624936,468,0,0,1845139.77
3695,415642140.64,3300000000.0,0.12595216,0.12595216,505,0,0,1838845.16
3696,118986675.57,3300000000.0,0.03605657,0.03605657,697,0,0,1749430.21
3697,281603819.82,3300000000.0,0.08533449,0.08533449,445,0,0,2342703.74
3698,365041774.95,3300000000.0,0.11061872,0.11061872,531,0,0,1862755.3
3699,172594003.19,3300000000.0,0.05230121,0.05230121,526,0,0,1915145.08
3700,104555546.12,3300000000.0,0.0316835,0.0316835,499,0,0,1919568.9
3701,265651322.15,3300000000.0,0.0805004,0.0805004,501,0,0,1830667.85
3702,448429938.7,3815205654.0,0.11753755,0.11753755,403,0,0,2457222.76
3703,213827873.8,3300000000.0,0.06479633,0.06479633,556,0,0,1993513.81
3704,151821080.33,3300000000.0,0.04600639,0.04600639,449,0,0,1954863.19
3705,162574999.5,3300000000.0,0.04926515,0.04926515,488,0,0,1942785.35
3706,161610915.4,3300000000.0,0.048973,0.048973,374,0,0,1953697.46
3707,176383210.73,3300000000.0,0.05344946,0.05344946,518,0,0,1922830.76
3708,140575941.23,3300000000.0,0.04259877,0.04259877,502,0,0,1895219.43
3709,110343528.56,3300000000.0,0.03343743,0.03343743,585,0,0,1845059.54
3710,94456207.16,3300000000.0,0.02862309,0.02862309,651,0,0,1744458.87
3711,374300830.86,3300000000.0,0.11342449,0.11342449,498,0,0,1926071.79
3712,556963721.82,3300000000.0,0.16877689,0.16877689,482,0,0,2418120.78
3713,137495044.62,3300000000.0,0.04166517,0.04166517,638,0,0,1897260.67
3714,362622073.45,3300000000.0,0.10988548,0.10988548,453,0,0,1978675.54
3715,103007669.8,3300000000.0,0.03121445,0.03121445,680,0,0,1790736.38
3716,215765713.44,3300000000.0,0.06538355,0.06538355,441,0,0,1893102.74
3717,112095493.79,3300000000.0,0.03396833,0.03396833,565,0,0,1831152.64
3718,131078590.74,3300000000.0,0.03972079,0.03972079,529,0,0,1832187.46
3719,131873836.97,3300000000.0,0.03996177,0.03996177,408,0,0,1942856.88
3720,130297489.31,3300000000.0,0.03948409,0.03948409,535,0,0,1818935.8
3721,189521003.62,3300000000.0,0.05743061,0.05743061,469,0,0,2008243.21
3722,834182377.26,3812543681.0,0.21879943,0.21879943,354,0,0,2761291.85
3723,192451553.65,3300000000.0,0.05831865,0.05831865,617,0,0,1764604.71
3724,125893849.61,3300000000.0,0.03814965,0.03814965,375,0,0,1904472.96
3725,137939485.58,3300000000.0,0.04179984,0.04179984,530,0,0,1869116.36
3726,89512380.2,3300000000.0,0.02712496,0.02712496,541,0,0,1856283.16
3727,264278448.18,3300000000.0,0.08008438,0.08008438,431,0,0,2100634.52
3728,85675884.89,3300000000.0,0.02596239,0.02596239,660,0,0,1790472.45
3729,162146564.24,3300000000.0,0.04913532,0.04913532,497,0,0,1799396.83
3730,140298720.55,3300000000.0,0.04251476,0.04251476,482,0,0,1896928.19
3731,185043898.72,3300000000.0,0.05607391,0.05607391,501,0,0,2120748.43
3732,161753148.95,3300000000.0,0.04901611,0.04901611,400,0,0,2009952.63
3733,140903747.62,3300000000.0,0.04269811,0.04269811,498,0,0,1869358.74
3734,118797231.72,3300000000.0,0.03599916,0.03599916,569,0,0,1738286.45
3735,172577941.28,3300000000.0,0.05229635,0.05229635,483,0,0,1916527.17
3736,1021725914.08,3345936468.0,0.30536321,0.30536321,415,0,0,2668426.58
3737,277663236.49,3300000000.0,0.08414037,0.08414037,463,0,0,2173968.96
3738,113844577.3,3300000000.0,0.03449836,0.03449836,393,0,0,1921684.91
3739,139994252.74,3300000000.0,0.0424225,0.0424225,490,0,0,1896615.14
3740,146404984.94,3300000000.0,0.04436515,0.04436515,587,0,0,1751650.67
3741,210826933.64,3300000000.0,0.06388695,0.06388695,575,0,0,1743919.89
3742,147899076.81,3300000000.0,0.0448179,0.0448179,497,0,0,1940168.3
3743,135704924.77,3300000000.0,0.0411227,0.0411227,478,0,0,1880377.3
3744,707178015.44,3300000000.0,0.21429637,0.21429637,479,0,0,2679624.72
3745,114206546.73,3300000000.0,0.03460804,0.03460804,462,0,0,1701348.54
3746,136710163.46,3300000000.0,0.04142732,0.04142732,489,0,0,1882958.74
3747,211525182.12,3300000000.0,0.06409854,0.06409854,426,0,0,1881711.76
3748,178380730.47,3300000000.0,0.05405477,0.05405477,451,0,0,1885869.7
3749,143661100.77,3300000000.0,0.04353367,0.04353367,511,0,0,1991049.53
3750,311405700.03,3402949208.0,0.09151053,0.09151053,423,0,0,1838949.06
3751,428235528.9,3300000000.0,0.12976834,0.12976834,450,0,0,2332821.99
3752,108969560.14,3300000000.0,0.03302108,0.03302108,607,0,0,1918442.45
3753,1365725034.84,3300000000.0,0.41385607,0.41385607,456,0,0,2559174.98
3754,108659559.7,3300000000.0,0.03292714,0.03292714,516,0,0,1825738.58
3755,148796660.01,3300000000.0,0.0450899,0.0450899,487,0,0,1929222.03
3756,138824862.56,3300000000.0,0.04206814,0.04206814,612,0,0,1833203.46
3757,177191910.01,3582696319.0,0.0494577,0.0494577,318,0,0,1937580.34
3758,479101538.54,3300000000.0,0.14518228,0.14518228,525,0,0,2124339.74
3759,360938383.17,3533297263.0,0.10215342,0.10215342,451,0,0,2128365.04
3760,103810749.04,3300000000.0,0.0314578,0.0314578,566,0,0,1851747.15
3761,676822139.04,4159210413.0,0.16272852,0.16272852,374,0,0,2585800.41
3762,433886358.41,3300000000.0,0.13148071,0.13148071,470,0,0,1901422.1
3763,233294546.19,3300000000.0,0.07069532,0.07069532,480,0,0,2016081.43
3764,231334212.49,3300000000.0,0.07010128,0.07010128,508,0,0,1964266.75
3765,271481539.64,3300000000.0,0.08226713,0.08226713,444,0,0,1924757.0
3766,125630151.54,3300000000.0,0.03806974,0.03806974,532,0,0,1892432.51
3767,278580622.37,3300000000.0,0.08441837,0.08441837,415,0,0,2019412.34
3768,122346904.17,3300000000.0,0.03707482,0.03707482,522,0,0,1968135.88
3769,235755518.47,3300000000.0,0.07144107,0.07144107,422,0,0,1831120.47
3770,288111242.05,3300000000.0,0.08730644,0.08730644,437,0,0,2009947.45
3771,121303255.88,3300000000.0,0.03675856,0.03675856,487,0,0,1891024.52
3772,485948207.3,3593680760.0,0.13522298,0.13522298,403,0,0,2455923.58
3773,161979270.59,3300000000.0,0.04908463,0.04908463,464,0,0,1971342.55
3774,130950306.67,3300000000.0,0.03968191,0.03968191,642,0,0,1811682.07
3775,133312213.56,3300000000.0,0.04039764,0.04039764,459,0,0,2001615.67
3776,364796137.32,3300000000.0,0.11054428,0.11054428,437,0,0,2260236.66
3777,170506291.32,3300000000.0,0.05166857,0.05166857,519,0,0,1878930.26
3778,300237672.73,3300000000.0,0.09098111,0.09098111,415,0,0,1949458.86
3779,127342508.55,3300000000.0,0.03858864,0.03858864,586,0,0,1944518.06
3780,162032615.39,3680306819.0,0.04402693,0.04402693,335,0,0,1958048.63
3781,101962095.84,3300000000.0,0.0308976,0.0308976,536,0,0,1889429.88
3782,168252522.65,3300000000.0,0.05098561,0.05098561,493,0,0,1781912.42
3783,146950983.83,3300000000.0,0.0445306,0.0445306,478,0,0,1882551.27
3784,199934714.0,3300000000.0,0.06058628,0.06058628,434,0,0,1899647.74
3785,144929014.14,3300000000.0,0.04391788,0.04391788,452,0,0,1913793.69
3786,226558175.96,3300000000.0,0.06865399,0.06865399,504,0,0,1884538.07
3787,122675994.95,3300000000.0,0.03717454,0.03717454,544,0,0,1879095.71
3788,230289625.5,3823632500.0,0.06022797,0.06022797,343,0,0,2238125.29
3789,153002530.52,3300000000.0,0.0463644,0.0463644,456,0,0,1847462.21
3790,232706474.2,3300000000.0,0.07051711,0.07051711,443,0,0,1981363.92
3791,108519320.92,3300000000.0,0.03288464,0.03288464,586,0,0,1929964.38
3792,111563638.67,3300000000.0,0.03380716,0.03380716,587,0,0,1831928.28
3793,337119627.76,3300000000.0,0.10215746,0.10215746,498,0,0,2134532.86
3794,557146457.7,3300000000.0,0.16883226,0.16883226,431,0,0,2095839.53
3795,110201234.2,3300000000.0,0.03339431,0.03339431,614,0,0,1810622.87
3796,117881712.38,3300000000.0,0.03572173,0.03572173,543,0,0,1883138.83
3797,132362296.37,3300000000.0,0.04010979,0.04010979,568,0,0,1845853.14
3798,340743291.74,3300000000.0,0.10325554,0.10325554,502,0,0,2045073.82
3799,130960019.35,3300000000.0,0.03968485,0.03968485,556,0,0,1818389.15
3800,114272722.96,3300000000.0,0.0346281,0.0346281,625,0,0,1838676.63
3801,322863634.23,3300000000.0,0.09783746,0.09783746,408,0,0,2140680.5
3802,91782283.5,3300000000.0,0.02781281,0.02781281,667,0,0,1786248.09
3803,146040632.93,3470099734.0,0.04208543,0.04208543,396,0,0,1916874.71
3804,454681520.3,3300000000.0,0.13778228,0.13778228,532,0,0,1841063.64
3805,185530205.59,3300000000.0,0.05622127,0.05622127,456,0,0,1885239.98
3806,238366081.62,3300000000.0,0.07223215,0.07223215,620,0,0,1834966.13
3807,147045244.65,3300000000.0,0.04455917,0.04455917,479,0,0,1892009.93
3808,681288840.1,3300000000.0,0.20645116,0.20645116,422,0,0,2500289.36
3809,263504120.33,3300000000.0,0.07984973,0.07984973,479,0,0,1864684.02
3810,239114047.82,3480071968.0,0.06870951,0.06870951,402,0,0,1761629.07
3811,179761519.65,3300000000.0,0.05447319,0.05447319,487,0,0,1879041.72
3812,127453002.28,3300000000.0,0.03862212,0.03862212,457,0,0,1890376.04
3813,195790924.51,3300000000.0,0.05933058,0.05933058,627,0,0,1837594.14
3814,139215294.84,3300000000.0,0.04218645,0.04218645,534,0,0,1874395.9
3815,161895791.96,3300000000.0,0.04905933,0.04905933,493,0,0,1906287.0
3816,302921971.62,3300000000.0,0.09179454,0.09179454,447,0,0,1969010.83
3817,166873060.99,3300000000.0,0.05056759,0.05056759,511,0,0,1977726.33
3818,647825561.08,4081354725.0,0.15872807,0.15872807,374,0,0,2324079.45
3819,113963187.44,3300000000.0,0.0345343,0.0345343,608,0,0,1852876.78
3820,275001696.01,3787578249.0,0.07260621,0.07260621,385,0,0,2040733.87
3821,146228913.5,3300000000.0,0.04431179,0.04431179,640,0,0,1833098.44
3822,204822702.56,3526360460.0,0.05808331,0.05808331,401,0,0,1897525.32
3823,161938177.42,3300000000.0,0.04907217,0.04907217,496,0,0,2013344.41
3824,167987431.64,3300000000.0,0.05090528,0.05090528,450,0,0,1962117.39
3825,337503662.94,3300000000.0,0.10227384,0.10227384,527,0,0,1892326.09
3826,112006821.38,3300000000.0,0.03394146,0.03394146,506,0,0,1874059.85
3827,203887561.48,3312679692.0,0.06154762,0.06154762,382,0,0,1956489.83
3828,165802897.04,3300000000.0,0.0502433,0.0502433,510,0,0,1831536.65
3829,192689914.16,3300000000.0,0.05839088,0.05839088,501,0,0,1965884.61
3830,259295611.36,3300000000.0,0.07857443,0.07857443,527,0,0,1842944.16
3831,94039209.43,3300000000.0,0.02849673,0.02849673,514,0,0,1858825.62
3832,131751856.08,3300000000.0,0.0399248,0.0399248,416,0,0,1833847.13
3833,354480200.29,3300000000.0,0.10741824,0.10741824,467,0,0,2327828.11
3834,271878824.0,3300000000.0,0.08238752,0.08238752,527,0,0,1874563.38
3835,921407093.94,3300000000.0,0.27921427,0.27921427,439,0,0,2504680.76
3836,101972758.91,3300000000.0,0.03090084,0.03090084,420,0,0,1940809.11
3837,130775897.05,3300000000.0,0.03962906,0.03962906,530,0,0,1816974.56
3838,198519011.21,3300000000.0,0.06015728,0.06015728,508,0,0,1867494.65
3839,138741110.0,3300000000.0,0.04204276,0.04204276,625,0,0,1801265.81
3840,150189783.42,3300000000.0,0.04551206,0.04551206,449,0,0,1889829.62
3841,270165449.65,3300000000.0,0.08186832,0.08186832,460,0,0,1876202.63
3842,115167891.75,3300000000.0,0.03489936,0.03489936,553,0,0,1876337.94
3843,828545790.46,3300000000.0,0.25107448,0.25107448,417,0,0,2570062.73
3844,1978414586.99,3850959766.0,0.51374585,0.51374585,368,0,0,2653790.46
3845,93968653.43,3300000000.0,0.02847535,0.02847535,500,0,0,1898729.19
3846,211501381.67,3300000000.0,0.06409133,0.06409133,496,0,0,1839222.09
3847,93652674.22,3300000000.0,0.0283796,0.0283796,500,0,0,1848934.3
3848,159068288.81,3300000000.0,0.04820251,0.04820251,481,0,0,1927558.7
3849,310517230.61,3300000000.0,0.09409613,0.09409613,373,0,0,2061561.66
3850,144663829.21,3300000000.0,0.04383752,0.04383752,513,0,0,1930910.81
3851,156254951.74,3597600311.0,0.0434331,0.0434331,350,0,0,2097457.1
3852,359232275.31,3888024235.0,0.09239456,0.09239456,357,0,0,2131453.13
3853,149328175.72,3300000000.0,0.04525096,0.04525096,588,0,0,1925822.75
3854,270632145.67,3300000000.0,0.08200974,0.08200974,436,0,0,2035874.19
3855,124188470.17,3300000000.0,0.03763287,0.03763287,442,0,0,1848733.31
3856,252216459.14,3300000000.0,0.07642923,0.07642923,367,0,0,2029980.69
3857,275201072.87,3300000000.0,0.08339426,0.08339426,512,0,0,2075522.49
3858,211754024.3,3374909038.0,0.06274362,0.06274362,426,0,0,2216189.57
3859,209140599.22,3300000000.0,0.06337594,0.06337594,587,0,0,1965281.13
3860,539802067.31,3313418639.0,0.16291393,0.16291393,403,0,0,2180290.55
3861,415534518.29,3300000000.0,0.12591955,0.12591955,453,0,0,2142615.89
3862,153146064.44,3300000000.0,0.0464079,0.0464079,454,0,0,1941029.33
3863,109092715.38,3300000000.0,0.0330584,0.0330584,546,0,0,1822310.06
3864,198497637.82,3300000000.0,0.0601508,0.0601508,437,0,0,1892686.81
3865,113782372.16,3300000000.0,0.03447951,0.03447951,626,0,0,1817274.55
3866,210692193.29,3300000000.0,0.06384612,0.06384612,552,0,0,1830131.76
3867,145956149.99,3300000000.0,0.04422914,0.04422914,567,0,0,1868811.01
3868,166664387.22,3300000000.0,0.05050436,0.05050436,391,0,0,1943646.18
3869,102520403.76,3300000000.0,0.03106679,0.03106679,375,0,0,1842354.15
3870,134872859.14,3300000000.0,0.04087056,0.04087056,511,0,0,1883386.47
3871,196091839.15,3300000000.0,0.05942177,0.05942177,444,0,0,1854949.08
3872,124226966.37,3300000000.0,0.03764454,0.03764454,372,0,0,1932991.14
3873,619638335.59,3300000000.0,0.18776919,0.18776919,441,0,0,2456783.7
3874,551690983.42,3300000000.0,0.16717909,0.16717909,431,0,0,2553536.75
3875,99910932.28,3300000000.0,0.03027604,0.03027604,567,0,0,1850101.13
3876,506595067.5,3300000000.0,0.15351366,0.15351366,458,0,0,2078922.68
3877,226931523.41,3300000000.0,0.06876713,0.06876713,486,0,0,2052055.66
3878,279071914.95,3300000000.0,0.08456725,0.08456725,510,0,0,1923984.3
3879,248896133.28,3300000000.0,0.07542307,0.07542307,595,0,0,1960443.41
3880,181089962.2,3300000000.0,0.05487575,0.05487575,397,0,0,2106706.78
3881,104372059.17,3300000000.0,0.0316279,0.0316279,575,0,0,1782276.59
3882,85521610.75,3300000000.0,0.02591564,0.02591564,641,0,0,1765256.74
3883,520725948.76,3300000000.0,0.15779574,0.15779574,505,0,0,1961650.54
3884,1077229302.77,3639317995.0,0.29599758,0.29599758,373,0,0,2633816.59
3885,96815814.57,3300000000.0,0.02933813,0.02933813,512,0,0,1909613.65
3886,130179522.67,3300000000.0,0.03944834,0.03944834,497,0,0,1824869.04
3887,131408594.57,3300000000.0,0.03982079,0.03982079,424,0,0,1868863.23
3888,278191728.32,3300000000.0,0.08430052,0.08430052,501,0,0,1902339.95
3889,152254614.77,3300000000.0,0.04613776,0.04613776,538,0,0,1889621.42
3890,554166077.58,3300000000.0,0.16792911,0.16792911,431,0,0,2460807.92
3891,307242371.39,3372898103.0,0.09109151,0.09109151,440,0,0,2228368.98
3892,134138340.46,3300000000.0,0.04064798,0.04064798,448,0,0,1824110.44
3893,123481823.28,3300000000.0,0.03741873,0.03741873,620,0,0,1787066.13
3894,183032755.37,3508577441.0,0.05216723,0.05216723,451,0,0,1918368.63
3895,122039786.36,3300000000.0,0.03698175,0.03698175,478,0,0,2060878.98
3896,162536117.86,3300000000.0,0.04925337,0.04925337,635,0,0,1870100.35
3897,125149664.73,3300000000.0,0.03792414,0.03792414,453,0,0,1914733.26
3898,155613691.47,3380626568.0,0.04603102,0.04603102,393,0,0,1867905.52
3899,189633104.57,3300000000.0,0.05746458,0.05746458,560,0,0,1870271.78
3900,97778583.57,3300000000.0,0.02962987,0.02962987,488,0,0,1946674.59
3901,126086011.32,3300000000.0,0.03820788,0.03820788,505,0,0,1978513.2
3902,190111039.11,3300000000.0,0.05760941,0.05760941,410,0,0,2070728.99
3903,143067546.08,3300000000.0,0.0433538,0.0433538,452,0,0,1910671.83
3904,115634548.65,3300000000.0,0.03504077,0.03504077,482,0,0,1906816.16
3905,843107789.84,3300000000.0,0.25548721,0.25548721,394,0,0,2456673.58
3906,179593051.65,3300000000.0,0.05442214,0.05442214,421,0,0,1878348.14
3907,128811419.55,3300000000.0,0.03903376,0.03903376,508,0,0,1812289.53
3908,203286350.93,3300000000.0,0.06160192,0.06160192,510,0,0,1931258.46
3909,95845499.87,3300000000.0,0.02904409,0.02904409,577,0,0,1766517.34
3910,434877096.15,3300000000.0,0.13178094,0.13178094,450,0,0,2260764.53
3911,136812470.92,3300000000.0,0.04145832,0.04145832,515,0,0,1739793.32
3912,139449453.61,3300000000.0,0.04225741,0.04225741,527,0,0,1956710.23
3913,105773106.76,3300000000.0,0.03205246,0.03205246,617,0,0,1758828.08
3914,356278345.92,3635058524.0,0.09801172,0.09801172,374,0,0,2478870.6
3915,99325287.64,3300000000.0,0.03009857,0.03009857,530,0,0,1796051.85
3916,258355305.52,3300000000.0,0.07828949,0.07828949,478,0,0,2045835.27
3917,169242462.26,3300000000.0,0.05128559,0.05128559,425,0,0,1993048.36
3918,267925435.89,3300000000.0,0.08118953,0.08118953,446,0,0,1834366.87
3919,91181783.19,3300000000.0,0.02763084,0.02763084,599,0,0,1873258.76
3920,99524473.62,3300000000.0,0.03015893,0.03015893,530,0,0,1809421.24
3921,96743183.25,3300000000.0,0.02931612,0.02931612,564,0,0,1901211.61
3922,106446217.94,3300000000.0,0.03225643,0.03225643,584,0,0,1856451.62
3923,133259359.76,3300000000.0,0.04038162,0.04038162,386,0,0,1840719.2
3924,158957182.46,3300000000.0,0.04816884,0.04816884,562,0,0,1848286.66
3925,242620104.43,3300000000.0,0.07352124,0.07352124,541,0,0,1827247.56
3926,129614206.96,3300000000.0,0.03927703,0.03927703,497,0,0,1929706.49
3927,108354033.26,3300000000.0,0.03283456,0.03283456,509,0,0,1816490.63
3928,310505885.49,3300000000.0,0.09409269,0.09409269,515,0,0,1902229.45
3929,712808269.57,3300000000.0,0.21600251,0.21600251,475,0,0,2352582.85
3930,149621348.42,3300000000.0,0.0453398,0.0453398,450,0,0,1845804.1
3931,242707440.61,3300000000.0,0.07354771,0.07354771,532,0,0,1860691.3
3932,157446579.1,3300000000.0,0.04771108,0.04771108,525,0,0,1869039.78
3933,426396144.02,3300000000.0,0.12921095,0.12921095,485,0,0,2079792.73
3934,821532358.31,3300000000.0,0.2489492,0.2489492,556,0,0,2256082.53
3935,2127277180.51,3625719699.0,0.5867186,0.5867186,379,0,0,2761624.07
3936,186222885.43,3300000000.0,0.05643118,0.05643118,431,0,0,1893385.15
3937,277066194.92,3300000000.0,0.08395945,0.08395945,495,0,0,1882955.73
3938,130769735.58,3300000000.0,0.03962719,0.03962719,506,0,0,1848702.55
3939,109690945.28,3300000000.0,0.03323968,0.03323968,402,0,0,1929733.14
3940,485290049.39,3300000000.0,0.14705759,0.14705759,408,0,0,2488945.64
3941,233433612.38,3300000000.0,0.07073746,0.07073746,444,0,0,2065903.61
3942,213177912.61,3300000000.0,0.06459937,0.06459937,476,0,0,1890091.71
3943,100868812.37,3300000000.0,0.03056631,0.03056631,527,0,0,1799734.96
3944,118018958.33,3300000000.0,0.03576332,0.03576332,531,0,0,1856938.8
3945,219012884.08,3300000000.0,0.06636754,0.06636754,483,0,0,1844580.66
3946,122576547.15,3300000000.0,0.03714441,0.03714441,489,0,0,1869078.53
3947,594672011.57,3300000000.0,0.18020364,0.18020364,454,0,0,2110775.74
3948,161058648.55,3300000000.0,0.04880565,0.04880565,616,0,0,1795664.71
3949,127006720.21,3300000000.0,0.03848688,0.03848688,418,0,0,1908904.29
3950,336560730.24,3300000000.0,0.1019881,0.1019881,497,0,0,1947671.75
3951,391630289.47,3300000000.0,0.11867585,0.11867585,561,0,0,1941458.51
3952,147390854.48,3300000000.0,0.0446639,0.0446639,607,0,0,1958101.4
3953,318658873.45,3300000000.0,0.09656329,0.09656329,513,0,0,2154111.39
3954,151845717.25,3300000000.0,0.04601385,0.04601385,528,0,0,1887256.77
3955,290156816.03,3300000000.0,0.08792631,0.08792631,409,0,0,1865635.22
3956,138336050.35,3300000000.0,0.04192002,0.04192002,412,0,0,1869719.04
3957,135503265.16,3300000000.0,0.0410616,0.0410616,410,0,0,1814351.6
3958,216721147.36,3300000000.0,0.06567307,0.06567307,386,0,0,2112387.54
3959,397163520.9,3300000000.0,0.12035258,0.12035258,444,0,0,2183488.9
3960,136402560.33,3300000000.0,0.04133411,0.04133411,595,0,0,1854131.73
3961,299525552.46,3936509745.0,0.07608912,0.07608912,374,0,0,1980282.59
3962,118425763.55,3300000000.0,0.0358866,0.0358866,486,0,0,1945470.22
3963,242351902.25,3300000000.0,0.07343997,0.07343997,488,0,0,1873036.52
3964,262459779.94,3300000000.0,0.07953327,0.07953327,430,0,0,1875094.84
3965,229379996.76,3300000000.0,0.06950909,0.06950909,478,0,0,1912631.93
3966,985677929.37,3300000000.0,0.29869028,0.29869028,441,0,0,2508081.74
3967,596513369.27,3300000000.0,0.18076163,0.18076163,432,0,0,2212059.5
3968,130957209.66,3300000000.0,0.039684,0.039684,489,0,0,1845654.67
3969,159550848.93,3300000000.0,0.04834874,0.04834874,569,0,0,1784621.09
3970,141422109.7,3300000000.0,0.04285518,0.04285518,539,0,0,1821955.41
3971,249699103.98,3300000000.0,0.0756664,0.0756664,490,0,0,1980649.04
3972,646317976.33,3300000000.0,0.19585393,0.19585393,482,0,0,2346863.68
3973,218993681.67,3300000000.0,0.06636172,0.06636172,438,0,0,1873358.13
3974,187810653.14,3300000000.0,0.05691232,0.05691232,443,0,0,1879029.2
3975,117342058.97,3300000000.0,0.0355582,0.0355582,533,0,0,1962456.51
3976,210242319.23,3300000000.0,0.06370979,0.06370979,463,0,0,1952303.22
3977,179457285.83,3300000000.0,0.054381,0.054381,461,0,0,1862091.15
3978,426800442.88,3300000000.0,0.12933347,0.12933347,494,0,0,1972612.56
3979,273448491.14,3515105633.0,0.0777924,0.0777924,390,0,0,2067540.38
3980,623336673.95,3650932879.0,0.17073353,0.17073353,407,0,0,2527777.17
3981,271457298.97,3300000000.0,0.08225979,0.08225979,580,0,0,1849745.73
3982,180024268.58,3300000000.0,0.05455281,0.05455281,465,0,0,1894179.88
3983,116538975.37,3300000000.0,0.03531484,0.03531484,498,0,0,1814440.74
3984,111010939.77,3300000000.0,0.03363968,0.03363968,473,0,0,1821722.36
3985,106865512.38,3300000000.0,0.03238349,0.03238349,549,0,0,1904185.85
3986,253287165.91,3300000000.0,0.07675369,0.07675369,409,0,0,1879293.48
3987,133879931.72,3300000000.0,0.04056968,0.04056968,392,0,0,1861005.15
3988,661203415.87,4480116467.0,0.14758621,0.14758621,366,0,0,2583804.43
3989,375481345.29,3300000000.0,0.11378223,0.11378223,507,0,0,2111614.32
3990,122477517.29,3300000000.0,0.0371144,0.0371144,533,0,0,1957682.8
3991,431455721.34,3300000000.0,0.13074416,0.13074416,472,0,0,1827507.95
3992,135431674.48,3300000000.0,0.0410399,0.0410399,491,0,0,1963159.18
3993,136901751.39,3300000000.0,0.04148538,0.04148538,518,0,0,1979410.64
3994,2340800727.1,3300000000.0,0.70933355,0.70933355,497,0,0,2317194.6
3995,123982707.53,3300000000.0,0.03757052,0.03757052,557,0,0,1740892.14
3996,112897059.34,3300000000.0,0.03421123,0.03421123,669,0,0,1784831.64
3997,290122033.49,3326379695.0,0.08721856,0.08721856,410,0,0,2075008.63
3998,121661677.45,3300000000.0,0.03686717,0.03686717,485,0,0,1941233.43
3999,121268373.77,3300000000.0,0.03674799,0.03674799,528,0,0,1891241.02
4000,169156577.34,3300000000.0,0.05125957,0.05125957,552,0,0,1864928.38
4001,206920551.98,3300000000.0,0.0627032,0.0627032,527,0,0,1930429.67
4002,135194395.8,3300000000.0,0.040968,0.040968,483,0,0,1980359.25
4003,130166825.71,3300000000.0,0.03944449,0.03944449,649,0,0,1840842.45
4004,159449245.96,3300000000.0,0.04831795,0.04831795,500,0,0,1928273.02
4005,222854692.52,3300000000.0,0.06753173,0.06753173,412,0,0,2080351.72
4006,137198814.06,3300000000.0,0.0415754,0.0415754,474,0,0,1875961.76
4007,122531183.49,3300000000.0,0.03713066,0.03713066,566,0,0,1754491.31
4008,120944484.51,3300000000.0,0.03664984,0.03664984,513,0,0,1872293.96
4009,121369214.71,3300000000.0,0.03677855,0.03677855,524,0,0,1968657.54
4010,244575470.77,3300000000.0,0.07411378,0.07411378,574,0,0,1843257.76
4011,321947058.68,3300000000.0,0.09755971,0.09755971,396,0,0,1969455.56
4012,246112094.88,4118571852.0,0.05975666,0.05975666,378,0,0,2164142.52
4013,150682039.9,3300000000.0,0.04566122,0.04566122,456,0,0,1922757.38
4014,273662051.27,3300000000.0,0.08292789,0.08292789,484,0,0,2247642.68
4015,92997864.44,3300000000.0,0.02818117,0.02818117,578,0,0,1931000.42
4016,241444922.15,3300000000.0,0.07316513,0.07316513,434,0,0,1836750.99
4017,308854075.03,4105962068.0,0.07522088,0.07522088,338,0,0,2330173.46
4018,114163013.62,3300000000.0,0.03459485,0.03459485,463,0,0,1838646.89
4019,217263396.16,3391243897.0,0.06406599,0.06406599,404,0,0,2221585.46
4020,134882249.26,3300000000.0,0.04087341,0.04087341,511,0,0,1869191.91
4021,92885297.33,3300000000.0,0.02814706,0.02814706,602,0,0,1778988.35
4022,253299781.46,3649076654.0,0.06941476,0.06941476,360,0,0,2390434.75
4023,1415072680.69,3300000000.0,0.4288099,0.4288099,388,0,0,2588318.5
4024,140242237.57,3300000000.0,0.04249765,0.04249765,588,0,0,1852026.79
4025,138550600.44,3300000000.0,0.04198503,0.04198503,517,0,0,1831627.19
4026,384863382.23,3300000000.0,0.11662527,0.11662527,439,0,0,1973030.46
4027,220125960.64,3300000000.0,0.06670484,0.06670484,547,0,0,2036137.4
4028,122344517.09,3300000000.0,0.0370741,0.0370741,392,0,0,1808217.55
4029,358221565.05,3300000000.0,0.10855199,0.10855199,401,0,0,1896908.45
4030,128019957.1,3300000000.0,0.03879393,0.03879393,444,0,0,1889900.03
4031,111176992.58,3300000000.0,0.03369,0.03369,433,0,0,1933926.25
4032,206581266.36,3300000000.0,0.06260038,0.06260038,634,0,0,1907850.0
4033,122135901.27,3300000000.0,0.03701088,0.03701088,461,0,0,1884910.45
4034,353478212.76,3530008285.0,0.10013524,0.10013524,347,0,0,2426950.54
4035,115267954.61,3300000000.0,0.03492968,0.03492968,489,0,0,1823887.08
4036,157389104.22,3300000000.0,0.04769367,0.04769367,461,0,0,1924584.12
4037,132962441.27,3300000000.0,0.04029165,0.04029165,570,0,0,1935262.69
4038,111322434.42,3300000000.0,0.03373407,0.03373407,646,0,0,1772436.47
4039,167688812.94,3300000000.0,0.05081479,0.05081479,529,0,0,1883988.5
4040,148459663.4,3300000000.0,0.04498778,0.04498778,535,0,0,1945564.18
4041,1449466606.62,3489100499.0,0.41542702,0.41542702,417,0,0,2565305.69
4042,163442393.32,3300000000.0,0.049528,0.049528,634,0,0,1980689.03
4043,120422383.75,3300000000.0,0.03649163,0.03649163,422,0,0,1945123.62
4044,107621710.22,3300000000.0,0.03261264,0.03261264,578,0,0,1882852.04
4045,506358559.14,3300000000.0,0.15344199,0.15344199,455,0,0,2216342.5
4046,228491026.3,3300000000.0,0.0692397,0.0692397,447,0,0,1948707.39
4047,100408212.63,3300000000.0,0.03042673,0.03042673,548,0,0,1727771.21
4048,257121745.7,3300000000.0,0.07791568,0.07791568,521,0,0,1778751.34
4049,114221753.25,3300000000.0,0.03461265,0.03461265,562,0,0,1803779.99
4050,119103031.08,3300000000.0,0.03609183,0.03609183,485,0,0,1840101.76
4051,103359952.88,3300000000.0,0.0313212,0.0313212,442,0,0,1915467.64
4052,349021580.68,3300000000.0,0.10576412,0.10576412,440,0,0,2054462.92
4053,161328646.28,3300000000.0,0.04888747,0.04888747,549,0,0,1818947.75
4054,960446447.1,3641995337.0,0.26371435,0.26371435,391,0,0,2319718.17
4055,360445435.83,3300000000.0,0.10922589,0.10922589,452,0,0,1936825.97
4056,102802867.74,3300000000.0,0.03115238,0.03115238,552,0,0,1790328.93
4057,112075595.86,3300000000.0,0.0339623,0.0339623,546,0,0,1958335.51
4058,330352399.35,3300000000.0,0.10010679,0.10010679,484,0,0,1995774.9
4059,226243061.36,3300000000.0,0.0685585,0.0685585,409,0,0,1854335.08
4060,695539099.13,3599823391.0,0.19321478,0.19321478,362,0,0,2236869.24
4061,198074561.45,3300000000.0,0.06002259,0.06002259,466,0,0,1842452.9
4062,352922793.59,3527888186.0,0.10003798,0.10003798,394,0,0,2003468.51
4063,694514013.82,3892983872.0,0.17840146,0.17840146,364,0,0,2556269.93
4064,122545129.15,3300000000.0,0.03713489,0.03713489,495,0,0,1991886.75
4065,130069372.47,3300000000.0,0.03941496,0.03941496,499,0,0,1855774.42
4066,272472748.87,3300000000.0,0.0825675,0.0825675,430,0,0,2071165.21
4067,575870584.79,3400330860.0,0.16935722,0.16935722,428,0,0,2344029.49
4068,163252104.39,3300000000.0,0.04947033,0.04947033,598,0,0,1791034.95
4069,368239267.37,3587164242.0,0.1026547,0.1026547,373,0,0,1937800.57
4070,217642226.32,3300000000.0,0.06595219,0.06595219,415,0,0,1916160.99
4071,142390967.52,3300000000.0,0.04314878,0.04314878,502,0,0,1849464.07
4072,106057061.35,3300000000.0,0.0321385,0.0321385,583,0,0,1874766.56
4073,113322986.04,3300000000.0,0.0343403,0.0343403,450,0,0,1985621.71
4074,115987118.69,3300000000.0,0.03514761,0.03514761,607,0,0,1784209.59
4075,430742527.65,3300000000.0,0.13052804,0.13052804,512,0,0,1840751.18
4076,95592557.96,3300000000.0,0.02896744,0.02896744,528,0,0,1878143.89
4077,163605363.78,3300000000.0,0.04957738,0.04957738,483,0,0,1980408.49
4078,125121133.31,3300000000.0,0.03791549,0.03791549,556,0,0,1834897.77
4079,115069851.96,3300000000.0,0.03486965,0.03486965,644,0,0,1882410.95
4080,226632117.69,3300000000.0,0.0686764,0.0686764,496,0,0,2019978.03
4081,109028747.6,3300000000.0,0.03303901,0.03303901,664,0,0,1780901.81
4082,99412667.34,3300000000.0,0.03012505,0.03012505,644,0,0,1869082.83
4083,115556897.94,3300000000.0,0.03501724,0.03501724,590,0,0,1764076.93
4084,158150035.77,3300000000.0,0.04792425,0.04792425,489,0,0,1888067.75
4085,106427965.8,3300000000.0,0.0322509,0.0322509,539,0,0,1833792.05
4086,184705624.41,3300000000.0,0.0559714,0.0559714,614,0,0,1712753.22
4087,583784145.89,3300000000.0,0.17690429,0.17690429,512,0,0,2480633.38
4088,357061584.32,3683502036.0,0.09693536,0.09693536,374,0,0,2504929.89
4089,455149318.77,3300000000.0,0.13792404,0.13792404,392,0,0,2322301.73
4090,367142958.41,3300000000.0,0.11125544,0.11125544,461,0,0,2409873.39
4091,395502871.81,3300000000.0,0.11984936,0.11984936,469,0,0,2183742.75
4092,200746373.55,3300000000.0,0.06083223,0.06083223,493,0,0,2037497.43
4093,208587359.36,3300000000.0,0.06320829,0.06320829,472,0,0,1997378.31
4094,208296527.07,3300000000.0,0.06312016,0.06312016,446,0,0,1852875.7
4095,105611642.0,3300000000.0,0.03200353,0.03200353,406,0,0,1962176.08
4096,94365472.15,3300000000.0,0.0285956,0.0285956,581,0,0,1828664.6
4097,187927109.97,3300000000.0,0.05694761,0.05694761,517,0,0,2000673.74
4098,185512612.43,3300000000.0,0.05621594,0.05621594,557,0,0,1821658.62
4099,137505014.15,3300000000.0,0.04166819,0.04166819,494,0,0,1958028.98
4100,380339546.86,3300000000.0,0.11525441,0.11525441,459,0,0,2083302.27
4101,511890275.67,3300000000.0,0.15511827,0.15511827,417,0,0,2117609.94
4102,129136129.17,3300000000.0,0.03913216,0.03913216,604,0,0,1888259.03
4103,106901717.2,3300000000.0,0.03239446,0.03239446,413,0,0,1942694.34
4104,161028045.17,3300000000.0,0.04879638,0.04879638,551,0,0,1969615.0
4105,118423987.99,3300000000.0,0.03588606,0.03588606,536,0,0,1951831.32
4106,246203078.94,3300000000.0,0.07460699,0.07460699,455,0,0,1853638.73
4107,183909264.67,3300000000.0,0.05573008,0.05573008,415,0,0,1876731.2
4108,103589132.14,3300000000.0,0.03139065,0.03139065,541,0,0,1728107.28
4109,138194760.53,3300000000.0,0.0418772,0.0418772,502,0,0,1888168.54
4110,128697037.62,3300000000.0,0.0389991,0.0389991,572,0,0,1823805.84
4111,102746364.65,3300000000.0,0.03113526,0.03113526,576,0,0,1824797.43
4112,703350866.64,3872207841.0,0.18164078,0.18164078,386,0,0,2388082.6
4113,174796067.48,3300000000.0,0.05296851,0.05296851,515,0,0,1810387.59
4114,647041928.74,3497126211.0,0.18502104,0.18502104,367,0,0,2828600.72
4115,131721923.71,3300000000.0,0.03991573,0.03991573,487,0,0,1724098.01
4116,114227428.98,3300000000.0,0.03461437,0.03461437,586,0,0,1874529.9
4117,577867932.98,3300000000.0,0.17511149,0.17511149,395,0,0,2462436.31
4118,228855717.95,3300000000.0,0.06935022,0.06935022,471,0,0,2080566.34
4119,222674437.8,3300000000.0,0.0674771,0.0674771,446,0,0,1871964.3
4120,90826782.79,3300000000.0,0.02752327,0.02752327,590,0,0,1867340.73
4121,262608226.17,3300000000.0,0.07957825,0.07957825,518,0,0,1942629.26
4122,172562940.42,3300000000.0,0.0522918,0.0522918,501,0,0,1869544.25
4123,923287021.72,3796153440.0,0.24321647,0.24321647,406,0,0,2578982.86
4124,185766531.88,3300000000.0,0.05629289,0.05629289,610,0,0,1895966.32
4125,92455362.18,3300000000.0,0.02801678,0.02801678,491,0,0,1852882.61
4126,499730271.7,3300000000.0,0.15143342,0.15143342,415,0,0,1928625.28
4127,208019559.89,3445083421.0,0.06038157,0.06038157,395,0,0,2007248.5
4128,414625031.36,3300000000.0,0.12564395,0.12564395,447,0,0,2039895.07
4129,209891626.89,3329948582.0,0.06303149,0.06303149,468,0,0,2071769.8
4130,312038259.58,3300000000.0,0.09455705,0.09455705,447,0,0,2034999.58
4131,352145701.11,3395714679.0,0.10370297,0.10370297,370,0,0,1948727.76
4132,322062129.7,3300000000.0,0.09759458,0.09759458,521,0,0,1937447.01
4133,91449448.85,3300000000.0,0.02771195,0.02771195,650,0,0,1804607.82
4134,518106585.6,3657690147.0,0.14164857,0.14164857,386,0,0,2568285.86
4135,645911828.8,3300000000.0,0.19573086,0.19573086,403,0,0,2241023.62
4136,377445422.97,3300000000.0,0.1143774,0.1143774,568,0,0,1973699.97
4137,190474862.57,3300000000.0,0.05771966,0.05771966,397,0,0,2033327.01
4138,102372798.77,3300000000.0,0.03102206,0.03102206,564,0,0,1884132.29
4139,101609955.93,3300000000.0,0.0307909,0.0307909,465,0,0,1966577.75
4140,144466729.52,3300000000.0,0.0437778,0.0437778,544,0,0,1967293.5
4141,135449840.2,3300000000.0,0.04104541,0.04104541,495,0,0,1894449.02
4142,307358772.98,3300000000.0,0.09313902,0.09313902,475,0,0,1887157.99
4143,120366253.68,3300000000.0,0.03647462,0.03647462,595,0,0,1731896.95
4144,231860265.37,3300000000.0,0.07026069,0.07026069,575,0,0,1902722.23
4145,297432124.63,3300000000.0,0.09013095,0.09013095,435,0,0,2014567.44
4146,187825951.26,3300000000.0,0.05691695,0.05691695,494,0,0,1806439.74
4147,103639991.39,3300000000.0,0.03140606,0.03140606,479,0,0,1926945.73
4148,318413370.41,3300000000.0,0.0964889,0.0964889,543,0,0,1903887.84
4149,140638325.23,3300000000.0,0.04261767,0.04261767,455,0,0,1936759.4
4150,89337179.74,3300000000.0,0.02707187,0.02707187,571,0,0,1778767.24
4151,281609068.65,3300000000.0,0.08533608,0.08533608,496,0,0,1801827.53
4152,160856521.06,3300000000.0,0.0487444,0.0487444,530,0,0,1877923.58
4153,191019603.78,3300000000.0,0.05788473,0.05788473,492,0,0,1996975.28
4154,575032632.08,3300000000.0,0.17425231,0.17425231,536,0,0,2040510.23
4155,282353741.17,3300000000.0,0.08556174,0.08556174,556,0,0,1782849.29
4156,200050782.94,3300000000.0,0.06062145,0.06062145,597,0,0,1839414.38
4157,136157198.63,3300000000.0,0.04125976,0.04125976,440,0,0,1874083.21
4158,742507314.23,3300000000.0,0.22500222,0.22500222,430,0,0,2408584.29
4159,108485453.14,3300000000.0,0.03287438,0.03287438,516,0,0,1802406.4
4160,194502834.28,3300000000.0,0.05894025,0.05894025,409,0,0,1823130.21
4161,293668373.69,3300000000.0,0.08899042,0.08899042,658,0,0,1834243.75
4162,327272677.97,3300000000.0,0.09917354,0.09917354,385,0,0,1934877.32
4163,147615741.32,3300000000.0,0.04473204,0.04473204,590,0,0,1827356.15
4164,102943575.95,3300000000.0,0.03119502,0.03119502,459,0,0,1821383.31
4165,292868918.26,3300000000.0,0.08874816,0.08874816,470,0,0,2058473.19
4166,145051770.73,3300000000.0,0.04395508,0.04395508,429,0,0,1975177.52
4167,102279273.37,3300000000.0,0.03099372,0.03099372,624,0,0,1846388.54
4168,373965888.57,3300000000.0,0.113323,0.113323,502,0,0,2020209.73
4169,494243398.82,3300000000.0,0.14977073,0.14977073,520,0,0,2063763.7
4170,109495698.4,3300000000.0,0.03318051,0.03318051,424,0,0,1874652.49
4171,132109736.96,3300000000.0,0.04003325,0.04003325,510,0,0,1929731.99
4172,282648616.53,3300000000.0,0.0856511,0.0856511,581,0,0,1932999.59
4173,122467975.55,3300000000.0,0.03711151,0.03711151,318,0,0,1805646.65
4174,1318899517.01,3440822309.0,0.38330939,0.38330939,416,0,0,2682024.2
4175,2121692451.36,3300000000.0,0.64293711,0.64293711,474,0,0,2710327.27
4176,115897186.05,3300000000.0,0.03512036,0.03512036,575,0,0,1789033.1
4177,182045773.12,3300000000.0,0.05516539,0.05516539,532,0,0,1856510.12
4178,143946703.67,3300000000.0,0.04362021,0.04362021,507,0,0,1917823.7
4179,106286908.47,3300000000.0,0.03220815,0.03220815,536,0,0,1857421.96
4180,116364232.21,3300000000.0,0.03526189,0.03526189,480,0,0,1837673.52
4181,308836073.16,3300000000.0,0.09358669,0.09358669,421,0,0,1931051.26
4182,125521534.08,3300000000.0,0.03803683,0.03803683,509,0,0,1897263.34
4183,158095832.06,3300000000.0,0.04790783,0.04790783,529,0,0,1781268.53
4184,163255802.35,3300000000.0,0.04947146,0.04947146,442,0,0,2049278.08
4185,467854826.92,3648906298.0,0.12821782,0.12821782,383,0,0,2121036.29
4186,119594455.39,3300000000.0,0.03624074,0.03624074,480,0,0,1818293.46
4187,195918941.05,3300000000.0,0.05936938,0.05936938,566,0,0,1850794.67
4188,318649254.96,3300000000.0,0.09656038,0.09656038,501,0,0,1886499.4
4189,211312018.57,3300000000.0,0.06403395,0.06403395,526,0,0,1795709.0
4190,189052921.95,3300000000.0,0.05728876,0.05728876,419,0,0,1882946.84
4191,182442975.05,3300000000.0,0.05528575,0.05528575,467,0,0,2141700.81
4192,379281748.32,3407837160.0,0.11129691,0.11129691,413,0,0,2452437.64
4193,296496109.57,3300000000.0,0.08984731,0.08984731,446,0,0,1911771.57
4194,170966646.8,3300000000.0,0.05180807,0.05180807,450,0,0,1968127.73
4195,143784730.76,3300000000.0,0.04357113,0.04357113,573,0,0,1948135.24
4196,136338878.89,3300000000.0,0.04131481,0.04131481,407,0,0,2010324.65
4197,1067863704.1,3300000000.0,0.32359506,0.32359506,392,0,0,2703838.77
4198,238636143.92,3300000000.0,0.07231398,0.07231398,532,0,0,1788597.74
4199,136276354.19,3300000000.0,0.04129586,0.04129586,476,0,0,1974205.74
4200,127584538.34,3300000000.0,0.03866198,0.03866198,555,0,0,1947366.59
4201,417711501.18,3300000000.0,0.12657924,0.12657924,539,0,0,1848919.55
4202,103061574.46,3300000000.0,0.03123078,0.03123078,452,0,0,1908576.02
4203,360062106.88,3418155235.0,0.10533814,0.10533814,412,0,0,2112658.51
4204,102304947.84,3300000000.0,0.0310015,0.0310015,442,0,0,1979148.48
4205,94665941.12,3300000000.0,0.02868665,0.02868665,715,0,0,1693964.94
4206,137186232.58,3300000000.0,0.04157159,0.04157159,461,0,0,1956070.38
4207,334606587.5,3300000000.0,0.10139594,0.10139594,455,0,0,2020870.44
4208,566289757.14,3300000000.0,0.17160296,0.17160296,386,0,0,1998987.25
4209,184026689.21,3300000000.0,0.05576566,0.05576566,510,0,0,1820563.06
4210,105067955.25,3300000000.0,0.03183877,0.03183877,583,0,0,1693407.65
4211,97187702.86,3300000000.0,0.02945082,0.02945082,540,0,0,1783738.43
4212,751010868.93,3300000000.0,0.22757905,0.22757905,415,0,0,2184908.34
4213,90987747.0,3300000000.0,0.02757204,0.02757204,655,0,0,1761411.72
4214,122464278.12,3300000000.0,0.03711039,0.03711039,565,0,0,1804998.36
4215,124490045.58,3300000000.0,0.03772426,0.03772426,507,0,0,1902175.88
4216,241254007.23,4063458137.0,0.0593716,0.0593716,354,0,0,2072020.79
4217,109607856.52,3300000000.0,0.0332145,0.0332145,510,0,0,1907711.18
4218,557199405.26,4290640873.0,0.12986391,0.12986391,357,0,0,2613087.92
4219,130916391.83,3300000000.0,0.03967163,0.03967163,525,0,0,1855748.43
4220,139616898.77,3300000000.0,0.04230815,0.04230815,472,0,0,1920916.91
4221,486905838.3,3503557287.0,0.1389747,0.1389747,372,0,0,2168782.21
4222,171421501.09,3300000000.0,0.05194591,0.05194591,494,0,0,1916583.33
4223,298641497.7,3601500136.0,0.08292142,0.08292142,345,0,0,2198820.96
4224,108930837.18,3300000000.0,0.03300934,0.03300934,513,0,0,1881548.06
4225,228212656.74,3409725820.0,0.06692991,0.06692991,451,0,0,2096281.91
4226,135381190.64,3300000000.0,0.0410246,0.0410246,448,0,0,1870090.81
4227,87062410.27,3300000000.0,0.02638255,0.02638255,669,0,0,1753850.96
4228,118806906.72,3300000000.0,0.03600209,0.03600209,602,0,0,1859015.21
4229,374373935.26,3300000000.0,0.11344665,0.11344665,500,0,0,1814910.68
4230,326737736.43,3300000000.0,0.09901144,0.09901144,549,0,0,1930790.89
4231,346376381.31,3300000000.0,0.10496254,0.10496254,473,0,0,1920341.63
4232,175855939.99,3300000000.0,0.05328968,0.05328968,525,0,0,1756277.38
4233,89588160.79,3300000000.0,0.02714793,0.02714793,479,0,0,1810829.32
4234,262424195.66,3300000000.0,0.07952248,0.07952248,418,0,0,2139420.26
4235,311386487.02,3300000000.0,0.09435954,0.09435954,420,0,0,1864524.45
4236,129023521.46,3300000000.0,0.03909804,0.03909804,506,0,0,1823590.4
4237,232193795.89,3300000000.0,0.07036176,0.07036176,411,0,0,1948223.36
4238,138594914.19,3300000000.0,0.04199846,0.04199846,638,0,0,1694552.28
4239,102921564.11,3300000000.0,0.03118835,0.03118835,535,0,0,1808581.05
4240,197510706.24,3300000000.0,0.05985173,0.05985173,537,0,0,1921739.85
4241,154671041.24,3300000000.0,0.04687001,0.04687001,402,0,0,1968149.88
4242,1224818970.46,3300000000.0,0.37115726,0.37115726,467,0,0,2302863.98
4243,246427000.64,3300000000.0,0.07467485,0.07467485,426,0,0,2099223.09
4244,423707145.08,3300000000.0,0.1283961,0.1283961,395,0,0,2024623.33
4245,150115910.92,3300000000.0,0.04548967,0.04548967,578,0,0,1800972.38
4246,884394864.46,3300000000.0,0.26799844,0.26799844,446,0,0,2501593.32
4247,154601289.97,3300000000.0,0.04684888,0.04684888,464,0,0,1832307.92
4248,264430487.92,3300000000.0,0.08013045,0.08013045,462,0,0,1875766.45
4249,542532192.27,3300000000.0,0.16440369,0.16440369,442,0,0,2350781.39
4250,203110275.4,3300000000.0,0.06154857,0.06154857,473,0,0,2027459.33
4251,472169037.15,3300000000.0,0.14308153,0.14308153,470,0,0,2154679.39
4252,110656869.99,3300000000.0,0.03353238,0.03353238,561,0,0,1946653.74
4253,2102912698.96,4539495767.0,0.46324808,0.46324808,318,0,0,2741333.79
4254,98468786.08,3300000000.0,0.02983903,0.02983903,581,0,0,1920802.39
4255,105870205.54,3300000000.0,0.03208188,0.03208188,462,0,0,1913764.51
4256,417016853.63,3993498933.0,0.10442393,0.10442393,374,0,0,2367361.69
4257,297523442.04,3300000000.0,0.09015862,0.09015862,499,0,0,1972823.71
4258,93113705.51,3300000000.0,0.02821627,0.02821627,635,0,0,1837215.28
4259,505989276.69,3447038646.0,0.14678956,0.14678956,433,0,0,2508015.37
4260,432801861.07,3501423254.0,0.12360741,0.12360741,379,0,0,2215045.11
4261,244174069.3,3300000000.0,0.07399214,0.07399214,407,0,0,2150262.79
4262,189238228.34,3300000000.0,0.05734492,0.05734492,523,0,0,1832744.28
4263,127189435.69,3300000000.0,0.03854225,0.03854225,548,0,0,1815254.11
4264,318721464.97,3300000000.0,0.09658226,0.09658226,436,0,0,2007402.4
4265,100491086.36,3300000000.0,0.03045184,0.03045184,631,0,0,1827579.26
4266,107239817.05,3300000000.0,0.03249691,0.03249691,620,0,0,1836449.88
4267,201711841.51,3428296604.0,0.05883734,0.05883734,357,0,0,2001064.16
4268,502861031.21,3300000000.0,0.15238213,0.15238213,436,0,0,2046027.02
4269,322234607.72,3300000000.0,0.09764685,0.09764685,495,0,0,1875558.05
4270,445151385.02,3300000000.0,0.13489436,0.13489436,537,0,0,1842515.82
4271,182310207.22,3300000000.0,0.05524552,0.05524552,461,0,0,1899692.12
4272,132365668.05,3300000000.0,0.04011081,0.04011081,540,0,0,1896252.19
4273,108996164.33,3300000000.0,0.03302914,0.03302914,689,0,0,1832057.38
4274,317904481.59,3300000000.0,0.09633469,0.09633469,468,0,0,1898310.46
4275,347787816.48,3300000000.0,0.10539025,0.10539025,469,0,0,1891602.52
4276,169795248.62,3300000000.0,0.05145311,0.05145311,492,0,0,1838484.03
4277,594755003.57,3300000000.0,0.18022879,0.18022879,450,0,0,2240050.48
4278,948726285.93,3421349330.0,0.27729594,0.27729594,413,0,0,2725115.69
4279,121680092.46,3300000000.0,0.03687276,0.03687276,534,0,0,1920847.37
4280,130829680.78,3300000000.0,0.03964536,0.03964536,487,0,0,2026236.72
4281,209099718.41,3300000000.0,0.06336355,0.06336355,471,0,0,1914481.11
4282,197649385.94,3300000000.0,0.05989375,0.05989375,602,0,0,1753494.22
4283,164658401.4,3618509265.0,0.04550449,0.04550449,383,0,0,2062770.56
4284,219373061.0,3300000000.0,0.06647669,0.06647669,493,0,0,1940780.13
4285,119916224.3,3300000000.0,0.03633825,0.03633825,507,0,0,1801470.34
4286,165712495.73,3300000000.0,0.05021591,0.05021591,539,0,0,1888121.77
4287,387959572.85,3300000000.0,0.11756351,0.11756351,423,0,0,2193201.87
4288,156016980.22,3300000000.0,0.04727787,0.04727787,523,0,0,1913456.69
4289,131127948.29,3300000000.0,0.03973574,0.03973574,496,0,0,1867940.69
4290,152968549.74,3300000000.0,0.04635411,0.04635411,524,0,0,1855956.27
4291,191101170.31,3300000000.0,0.05790945,0.05790945,476,0,0,1839258.8
4292,187189169.54,3300000000.0,0.05672399,0.05672399,395,0,0,2083451.51
4293,172938365.12,3441027154.0,0.05025777,0.05025777,391,0,0,2108077.57
4294,105718565.14,3300000000.0,0.03203593,0.03203593,568,0,0,1895170.75
4295,132139450.63,3300000000.0,0.04004226,0.04004226,407,0,0,1805342.08
4296,155342662.34,3300000000.0,0.04707353,0.04707353,460,0,0,1903679.25
4297,116873772.05,3300000000.0,0.03541629,0.03541629,367,0,0,1933256.3
4298,109416519.48,3300000000.0,0.03315652,0.03315652,605,0,0,1840107.73
4299,527971108.52,3300000000.0,0.15999125,0.15999125,463,0,0,2301980.04
4300,304763846.61,3300000000.0,0.09235268,0.09235268,349,0,0,1986699.66
4301,153362670.03,3300000000.0,0.04647354,0.04647354,605,0,0,1859593.73
4302,200518871.4,3300000000.0,0.06076329,0.06076329,387,0,0,2026974.07
4303,764987373.36,3300000000.0,0.23181436,0.23181436,510,0,0,2398014.06
4304,140971991.47,3300000000.0,0.04271879,0.04271879,537,0,0,1895758.79
4305,140103441.64,3300000000.0,0.04245559,0.04245559,607,0,0,1814157.32
4306,174511973.06,3300744366.0,0.05287049,0.05287049,415,0,0,2249402.85
4307,211775904.96,3586317085.0,0.05905108,0.05905108,398,0,0,2207945.32
4308,244048340.08,3300000000.0,0.07395404,0.07395404,461,0,0,1846935.26
4309,179762930.5,3300000000.0,0.05447362,0.05447362,481,0,0,1921643.03
4310,261497397.38,3300000000.0,0.07924164,0.07924164,485,0,0,2071188.61
4311,86529339.64,3300000000.0,0.02622101,0.02622101,721,0,0,1811080.83
4312,340376637.46,3300000000.0,0.10314444,0.10314444,456,0,0,1912710.46
4313,229862014.49,3300000000.0,0.06965516,0.06965516,429,0,0,2064462.57
4314,105987152.25,3300000000.0,0.03211732,0.03211732,581,0,0,1824487.49
4315,197624547.26,3300000000.0,0.05988623,0.05988623,459,0,0,1962285.41
4316,1170163599.55,3300000000.0,0.35459503,0.35459503,459,0,0,2601735.01
4317,120533677.1,3300000000.0,0.03652536,0.03652536,462,0,0,1977423.63
4318,170977639.61,3300000000.0,0.05181141,0.05181141,498,0,0,1985005.89
4319,108660689.01,3300000000.0,0.03292748,0.03292748,563,0,0,1858791.32
4320,102004734.89,3300000000.0,0.03091053,0.03091053,512,0,0,1842766.93
4321,277038576.45,3300000000.0,0.08395108,0.08395108,451,0,0,1869906.56
4322,118504969.46,3300000000.0,0.0359106,0.0359106,566,0,0,1733834.21
4323,2634288730.16,3945554613.0,0.66765993,0.66765993,352,0,0,2772866.54
4324,112480484.46,3300000000.0,0.034085,0.034085,652,0,0,1793258.11
4325,166744442.46,3300000000.0,0.05052862,0.05052862,581,0,0,1734303.18
4326,169668102.12,3300000000.0,0.05141458,0.05141458,475,0,0,1904248.81
4327,98086324.66,3300000000.0,0.02972313,0.02972313,664,0,0,1707138.36
4328,152834051.56,3300000000.0,0.04631335,0.04631335,405,0,0,1926214.5
4329,136951914.97,3300000000.0,0.04150058,0.04150058,438,0,0,1960588.49
4330,93902833.16,3300000000.0,0.0284554,0.0284554,626,0,0,1798668.11
4331,446389479.52,4208838591.0,0.10606001,0.10606001,334,0,0,2211351.91
4332,155483636.85,3300000000.0,0.04711625,0.04711625,483,0,0,2032876.4
4333,409660077.58,3336804933.0,0.12277016,0.12277016,382,0,0,2104385.12
4334,105904813.87,3300000000.0,0.03209237,0.03209237,560,0,0,1824108.38
4335,99910049.79,3300000000.0,0.03027577,0.03027577,602,0,0,1849979.89
4336,448213857.78,3424126114.0,0.13089876,0.13089876,421,0,0,2273897.69
4337,108788266.35,3300000000.0,0.03296614,0.03296614,614,0,0,1915787.15
4338,163904759.07,3300000000.0,0.04966811,0.04966811,523,0,0,1873448.08
4339,1192125015.45,3801405333.0,0.31360113,0.31360113,396,0,0,2639381.47
4340,604112855.35,3837767102.0,0.15741259,0.15741259,403,0,0,2553946.24
4341,112224540.87,3300000000.0,0.03400744,0.03400744,580,0,0,1826230.74
4342,91214568.68,3300000000.0,0.02764078,0.02764078,572,0,0,1882803.97
4343,292884386.0,3300000000.0,0.08875284,0.08875284,542,0,0,2005619.86
4344,279014839.07,3300000000.0,0.08454995,0.08454995,566,0,0,1883913.58
4345,191414804.92,3300000000.0,0.05800449,0.05800449,418,0,0,1892544.43
4346,148035499.45,3300000000.0,0.04485924,0.04485924,529,0,0,1939819.05
4347,452412136.3,3892230269.0,0.11623468,0.11623468,334,0,0,1997003.09
4348,90099408.52,3300000000.0,0.02730285,0.02730285,498,0,0,1817671.49
4349,377943673.27,3309626838.0,0.11419525,0.11419525,402,0,0,2151341.28
4350,113012323.7,3300000000.0,0.03424616,0.03424616,505,0,0,1879904.76
4351,229922698.63,3300000000.0,0.06967355,0.06967355,588,0,0,1965385.35
4352,249873502.04,3300000000.0,0.07571924,0.07571924,563,0,0,1841190.35
4353,125850690.95,3300000000.0,0.03813657,0.03813657,525,0,0,1781970.33
4354,134237000.93,3300000000.0,0.04067788,0.04067788,530,0,0,1892468.62
4355,146137295.5,3300000000.0,0.04428403,0.04428403,586,0,0,1806746.06
4356,218254610.92,3300000000.0,0.06613776,0.06613776,456,0,0,1846409.68
4357,916683566.88,3367479943.0,0.27221649,0.27221649,416,0,0,2704852.3
4358,217556468.08,3300000000.0,0.0659262,0.0659262,432,0,0,1915301.38
4359,316692926.32,3300000000.0,0.09596755,0.09596755,443,0,0,1998609.3
4360,181330742.43,3300000000.0,0.05494871,0.05494871,442,0,0,2022501.77
4361,556700635.01,3300000000.0,0.16869716,0.16869716,472,0,0,2094184.31
4362,104780263.27,3300000000.0,0.03175159,0.03175159,419,0,0,1855795.99
4363,501696089.24,3859437947.0,0.12999201,0.12999201,358,0,0,2183475.26
4364,674374459.52,3300000000.0,0.2043559,0.2043559,524,0,0,2209364.17
4365,103456617.59,3300000000.0,0.03135049,0.03135049,471,0,0,1908043.63
4366,165662471.15,3300000000.0,0.05020075,0.05020075,485,0,0,1966194.98
4367,165618782.55,3300000000.0,0.05018751,0.05018751,463,0,0,1986518.41
4368,255359908.0,3300000000.0,0.07738179,0.07738179,457,0,0,1918843.08
4369,91383002.88,3300000000.0,0.02769182,0.02769182,511,0,0,1880198.45
4370,110848416.82,3300000000.0,0.03359043,0.03359043,542,0,0,1807350.38
4371,127849752.45,3300000000.0,0.03874235,0.03874235,517,0,0,1823475.14
4372,124076454.56,3300000000.0,0.03759893,0.03759893,514,0,0,1828366.1
4373,142745494.73,3409017065.0,0.04187292,0.04187292,353,0,0,2038729.33
4374,152829756.7,3300000000.0,0.04631205,0.04631205,542,0,0,1927805.13
4375,127366262.0,3300000000.0,0.03859584,0.03859584,616,0,0,1889651.16
4376,130856352.3,3300000000.0,0.03965344,0.03965344,380,0,0,1965532.54
4377,1582072538.98,3404741780.0,0.46466741,0.46466741,432,0,0,2499486.59
4378,145019730.98,3300000000.0,0.04394537,0.04394537,484,0,0,1975107.78
4379,185219336.16,3300000000.0,0.05612707,0.05612707,491,0,0,1919039.06
4380,124676425.16,3300000000.0,0.03778073,0.03778073,491,0,0,1939589.39
4381,123114428.86,3300000000.0,0.0373074,0.0373074,507,0,0,1914174.48
4382,112772287.81,3300000000.0,0.03417342,0.03417342,476,0,0,1913121.24
4383,130698448.51,3300000000.0,0.03960559,0.03960559,513,0,0,1898327.06
4384,161679323.6,3300000000.0,0.04899373,0.04899373,549,0,0,1886271.21
4385,90302532.26,3300000000.0,0.0273644,0.0273644,544,0,0,1812271.0
4386,185845696.02,3300000000.0,0.05631688,0.05631688,513,0,0,2003813.29
4387,463516939.4,3300000000.0,0.14045968,0.14045968,467,0,0,1936701.55
4388,408199181.26,3300000000.0,0.12369672,0.12369672,419,0,0,2344468.05
4389,99904585.09,3300000000.0,0.03027412,0.03027412,512,0,0,1773136.78
4390,303345439.04,3300000000.0,0.09192286,0.09192286,505,0,0,2007773.63
4391,126100661.64,3300000000.0,0.03821232,0.03821232,608,0,0,1794585.63
4392,713293558.21,3404086801.0,0.20954036,0.20954036,441,0,0,2838183.68
4393,218895318.53,3632932554.0,0.06025306,0.06025306,407,0,0,2101881.75
4394,153401187.33,3300000000.0,0.04648521,0.04648521,486,0,0,1979733.29
4395,553595955.73,3300000000.0,0.16775635,0.16775635,495,0,0,2540036.16
4396,112791405.04,3300000000.0,0.03417921,0.03417921,577,0,0,1922497.7
4397,1454908044.56,3300000000.0,0.44088123,0.44088123,407,0,0,2666968.97
4398,132704117.3,3300000000.0,0.04021337,0.04021337,568,0,0,1866494.86
4399,218423858.91,3300000000.0,0.06618905,0.06618905,575,0,0,1802498.93
4400,95042837.13,3300000000.0,0.02880086,0.02880086,544,0,0,1879933.28
4401,135586175.47,3300000000.0,0.04108672,0.04108672,441,0,0,1767109.02
4402,179910895.96,3300000000.0,0.05451845,0.05451845,495,0,0,1903656.67
4403,1610901680.44,3300000000.0,0.48815202,0.48815202,476,0,0,2696193.11
4404,387625391.4,3300000000.0,0.11746224,0.11746224,414,0,0,2078982.63
4405,232685629.69,3300000000.0,0.0705108,0.0705108,552,0,0,1889259.65
4406,119188931.82,3300000000.0,0.03611786,0.03611786,596,0,0,1767775.08
4407,103917497.61,3300000000.0,0.03149015,0.03149015,456,0,0,1862566.62
4408,121247744.86,3300000000.0,0.03674174,0.03674174,695,0,0,1766203.85
4409,119764751.31,3300000000.0,0.03629235,0.03629235,544,0,0,1858464.28
4410,279653406.56,3300000000.0,0.08474346,0.08474346,409,0,0,1912156.69
4411,232289904.18,3300000000.0,0.07039088,0.07039088,418,0,0,1888492.89
4412,124511020.28,3300000000.0,0.03773061,0.03773061,593,0,0,1850780.49
4413,137920599.04,3300000000.0,0.04179412,0.04179412,452,0,0,1923289.84
4414,120589987.02,3300000000.0,0.03654242,0.03654242,550,0,0,1841341.86
4415,325214643.58,3300000000.0,0.09854989,0.09854989,476,0,0,1907085.86
4416,125978518.08,3300000000.0,0.03817531,0.03817531,591,0,0,1737584.96
4417,204560572.06,3300000000.0,0.06198805,0.06198805,526,0,0,1953219.22
4418,174416200.39,3300000000.0,0.05285339,0.05285339,477,0,0,1821766.93
4419,183509682.02,3300000000.0,0.05560899,0.05560899,433,0,0,1926011.09
4420,172486298.72,3300000000.0,0.05226858,0.05226858,522,0,0,1862129.13
4421,864850867.26,3914524847.0,0.2209338,0.2209338,380,0,0,2530502.08
4422,152411136.97,3300000000.0,0.04618519,0.04618519,487,0,0,2002817.7
4423,320381896.9,3300000000.0,0.09708542,0.09708542,468,0,0,1963113.04
4424,159468815.47,3300000000.0,0.04832388,0.04832388,524,0,0,1947603.89
4425,327385846.2,3300000000.0,0.09920783,0.09920783,450,0,0,2091322.34
4426,136772248.06,3300000000.0,0.04144614,0.04144614,543,0,0,1874914.36
4427,181620563.87,3300000000.0,0.05503653,0.05503653,502,0,0,1842950.55
4428,375410507.91,3300000000.0,0.11376076,0.11376076,488,0,0,2220734.71
4429,108594180.36,3300000000.0,0.03290733,0.03290733,430,0,0,1840431.83
4430,183790375.56,3300000000.0,0.05569405,0.05569405,556,0,0,1857881.58
4431,266108957.36,3300000000.0,0.08063908,0.08063908,515,0,0,1874675.14
4432,174404890.09,3300000000.0,0.05284997,0.05284997,482,0,0,1954903.78
4433,91428909.47,3300000000.0,0.02770573,0.02770573,535,0,0,1815582.99
4434,160348423.82,3300000000.0,0.04859043,0.04859043,532,0,0,1944281.18
4435,127014090.47,3300000000.0,0.03848912,0.03848912,465,0,0,1819762.72
4436,298021391.97,3300000000.0,0.09030951,0.09030951,447,0,0,2439376.26
4437,112187012.86,3300000000.0,0.03399606,0.03399606,517,0,0,1816938.57
4438,110117102.1,3300000000.0,0.03336882,0.03336882,407,0,0,1906199.8
4439,169759063.45,3300000000.0,0.05144214,0.05144214,526,0,0,1962011.41
4440,346162997.34,3300000000.0,0.10489788,0.10489788,459,0,0,2040319.1
4441,130618049.45,3300000000.0,0.03958123,0.03958123,555,0,0,1716257.47
4442,176865085.91,3300000000.0,0.05359548,0.05359548,461,0,0,1942685.68
4443,2265066480.35,3300000000.0,0.68638378,0.68638378,492,0,0,2788171.51
4444,693357453.75,3300000000.0,0.21010832,0.21010832,463,0,0,2359121.54
4445,159580447.6,3300000000.0,0.04835771,0.04835771,456,0,0,1827651.81
4446,247499864.97,3300000000.0,0.07499996,0.07499996,405,0,0,1859568.21
4447,705808186.61,3444738047.0,0.20489459,0.20489459,409,0,0,2275496.99
4448,142669334.83,3300000000.0,0.04323313,0.04323313,491,0,0,1869775.82
4449,106718195.28,3300000000.0,0.03233885,0.03233885,527,0,0,1876221.49
4450,231236271.58,3300000000.0,0.0700716,0.0700716,509,0,0,1809370.48
4451,109800424.13,3300000000.0,0.03327286,0.03327286,579,0,0,1876721.12
4452,199655936.41,3300000000.0,0.0605018,0.0605018,492,0,0,1912494.98
4453,105717405.94,3300000000.0,0.03203558,0.03203558,581,0,0,1882313.28
4454,153265174.78,3300000000.0,0.04644399,0.04644399,436,0,0,2018377.75
4455,217373437.22,3400267435.0,0.06392834,0.06392834,400,0,0,2386892.18
4456,105634330.0,3300000000.0,0.0320104,0.0320104,613,0,0,1746529.17
4457,216565429.54,3300000000.0,0.06562589,0.06562589,452,0,0,1863451.63
4458,94097404.54,3300000000.0,0.02851437,0.02851437,585,0,0,1844334.21
4459,286520821.33,3300000000.0,0.08682449,0.08682449,448,0,0,2024125.89
4460,149830106.54,3300000000.0,0.04540306,0.04540306,499,0,0,1923348.18
4461,381279299.2,3300000000.0,0.11553918,0.11553918,508,0,0,1941638.32
4462,154844463.65,3300000000.0,0.04692256,0.04692256,615,0,0,1841444.04
4463,265266625.1,3300000000.0,0.08038383,0.08038383,562,0,0,1819106.15
4464,152472194.64,3300000000.0,0.0462037,0.0462037,407,0,0,1772378.21
4465,146249937.61,3300000000.0,0.04431816,0.04431816,455,0,0,1912024.5
4466,136335081.24,3300000000.0,0.04131366,0.04131366,601,0,0,1988638.9
4467,134125368.37,3300000000.0,0.04064405,0.04064405,439,0,0,2070730.28
4468,121722956.65,3300000000.0,0.03688574,0.03688574,570,0,0,1829681.51
4469,106786901.04,3300000000.0,0.03235967,0.03235967,612,0,0,1738200.67
4470,106456643.22,3300000000.0,0.03225959,0.03225959,508,0,0,1877380.8
4471,342641696.67,3300000000.0,0.10383082,0.10383082,558,0,0,1821076.08
4472,261620545.79,3498955546.0,0.07477104,0.07477104,379,0,0,2103349.38
4473,166643934.23,3535141394.0,0.04713926,0.04713926,405,0,0,1976262.3
4474,136764111.14,3300000000.0,0.04144367,0.04144367,570,0,0,1874477.4
4475,100853583.7,3300000000.0,0.03056169,0.03056169,485,0,0,1769143.28
4476,234819447.16,3300000000.0,0.07115741,0.07115741,467,0,0,2037653.5
4477,122143993.3,3300000000.0,0.03701333,0.03701333,520,0,0,1883051.8
4478,213647019.65,3300000000.0,0.06474152,0.06474152,520,0,0,1864135.15
4479,326380370.2,3300000000.0,0.09890314,0.09890314,577,0,0,1762611.46
4480,443873553.64,3300000000.0,0.13450714,0.13450714,521,0,0,2129731.99
4481,137067462.24,3300000000.0,0.04153559,0.04153559,441,0,0,1894215.29
4482,143254284.37,3300000000.0,0.04341039,0.04341039,522,0,0,1960105.45
4483,329215279.86,3300000000.0,0.09976221,0.09976221,399,0,0,2122737.61
4484,98465424.86,3300000000.0,0.02983801,0.02983801,563,0,0,1907895.89
4485,116902686.62,3300000000.0,0.03542506,0.03542506,416,0,0,1830258.15
4486,417587815.34,3300000000.0,0.12654176,0.12654176,478,0,0,2267340.02
4487,127557633.92,3300000000.0,0.03865383,0.03865383,566,0,0,1917663.83
4488,129063473.26,3300000000.0,0.03911014,0.03911014,434,0,0,1973038.17
4489,294934641.08,3300000000.0,0.08937413,0.08937413,447,0,0,1972747.91
4490,141173793.16,3300000000.0,0.04277994,0.04277994,405,0,0,2024264.18
4491,148626256.47,3300000000.0,0.04503826,0.04503826,456,0,0,1963529.61
4492,163912042.37,3300000000.0,0.04967032,0.04967032,585,0,0,1890990.73
4493,315713068.82,3300000000.0,0.09567063,0.09567063,487,0,0,2017989.08
4494,421514255.27,3300000000.0,0.12773159,0.12773159,496,0,0,1915332.79
4495,334196605.95,3300000000.0,0.1012717,0.1012717,516,0,0,2357866.91
4496,132800148.29,3300000000.0,0.04024247,0.04024247,478,0,0,1904923.88
4497,221670614.38,3300000000.0,0.06717291,0.06717291,447,0,0,2015655.41
4498,147417343.77,3300000000.0,0.04467192,0.04467192,506,0,0,1947831.17
4499,335317609.4,3300000000.0,0.1016114,0.1016114,481,0,0,1860387.15
4500,215675057.09,3300000000.0,0.06535608,0.06535608,480,0,0,1930637.38
4501,192506261.02,3300000000.0,0.05833523,0.05833523,462,0,0,1938354.33
4502,102179014.13,3300000000.0,0.03096334,0.03096334,556,0,0,1902760.68
4503,118532668.78,3300000000.0,0.03591899,0.03591899,469,0,0,1867783.23
4504,167963866.37,3300000000.0,0.05089814,0.05089814,531,0,0,1899623.81
4505,297657125.27,3432282745.0,0.08672279,0.08672279,432,0,0,2324095.81
4506,1929463661.0,4924277579.0,0.39182675,0.39182675,332,0,0,2587303.81
4507,161433544.17,3300000000.0,0.04891926,0.04891926,538,0,0,1822705.95
4508,121648189.95,3300000000.0,0.03686309,0.03686309,523,0,0,1906784.32
4509,300233408.38,3300000000.0,0.09097982,0.09097982,500,0,0,1941963.54
4510,163966081.91,3300000000.0,0.04968669,0.04968669,483,0,0,1838779.57
4511,132828359.47,3300000000.0,0.04025102,0.04025102,406,0,0,2010370.59
4512,215131633.92,3300000000.0,0.0651914,0.0651914,451,0,0,1901375.55
4513,464848402.59,3300000000.0,0.14086315,0.14086315,513,0,0,1924378.47
4514,93990286.62,3300000000.0,0.02848191,0.02848191,545,0,0,1890349.48
4515,642596416.14,3300000000.0,0.19472619,0.19472619,453,0,0,2509260.8
4516,117643155.02,3300000000.0,0.03564944,0.03564944,551,0,0,1792495.76
4517,145895089.66,3300000000.0,0.04421063,0.04421063,580,0,0,1915462.73
4518,95424118.65,3300000000.0,0.0289164,0.0289164,599,0,0,1953165.41
4519,211735091.2,3300000000.0,0.06416215,0.06416215,462,0,0,1911451.39
4520,539840690.08,3300000000.0,0.16358809,0.16358809,464,0,0,1988728.13
4521,234507878.31,3300000000.0,0.07106299,0.07106299,540,0,0,1886784.16
4522,247238042.23,3300000000.0,0.07492062,0.07492062,507,0,0,1884766.69
4523,811258156.74,3300000000.0,0.24583581,0.24583581,435,0,0,2596923.7
4524,1018724433.74,3300000000.0,0.30870437,0.30870437,499,0,0,2481923.12
4525,231625183.74,3300000000.0,0.07018945,0.07018945,495,0,0,2091735.98
4526,106616096.34,3300000000.0,0.03230791,0.03230791,554,0,0,1958414.5
4527,115484779.44,3300000000.0,0.03499539,0.03499539,542,0,0,1947170.35
4528,136300437.6,3300000000.0,0.04130316,0.04130316,455,0,0,1920796.94
4529,338197628.75,3300000000.0,0.10248413,0.10248413,412,0,0,2009361.3
4530,176593967.03,3300000000.0,0.05351332,0.05351332,423,0,0,1987845.59
4531,111588024.28,3300000000.0,0.03381455,0.03381455,492,0,0,1912497.82
4532,251055999.88,3300000000.0,0.07607758,0.07607758,514,0,0,1824079.13
4533,1302764415.36,3826394220.0,0.3404679,0.3404679,384,0,0,2752041.78
4534,235593709.08,3392780013.0,0.06943972,0.06943972,387,0,0,2133976.12
4535,215931115.62,3300000000.0,0.06543367,0.06543367,463,0,0,1944856.98
4536,414657388.32,3300000000.0,0.12565375,0.12565375,488,0,0,2129502.37
4537,197662277.9,3300000000.0,0.05989766,0.05989766,499,0,0,1933076.29
4538,129338303.31,3300000000.0,0.03919343,0.03919343,539,0,0,1901569.21
4539,220462594.54,3300000000.0,0.06680685,0.06680685,496,0,0,1953158.38
4540,409433634.63,3300000000.0,0.1240708,0.1240708,462,0,0,2408854.91
4541,138883445.91,3300000000.0,0.04208589,0.04208589,551,0,0,1882846.79
4542,227962337.87,3300000000.0,0.0690795,0.0690795,393,0,0,1954182.1
4543,98647945.64,3300000000.0,0.02989332,0.02989332,578,0,0,1890152.01
4544,198311815.14,3300000000.0,0.06009449,0.06009449,531,0,0,1842024.02
4545,139103494.94,3300000000.0,0.04215257,0.04215257,427,0,0,1958492.85
4546,97516901.02,3300000000.0,0.02955058,0.02955058,506,0,0,1893751.4
4547,105013948.22,3300000000.0,0.03182241,0.03182241,561,0,0,1793687.14
4548,179491838.62,3300000000.0,0.05439147,0.05439147,447,0,0,1963501.65
4549,152696794.6,3300000000.0,0.04627176,0.04627176,624,0,0,1867148.85
4550,112087322.86,3300000000.0,0.03396586,0.03396586,581,0,0,1749237.39
4551,165608055.63,3300000000.0,0.05018426,0.05018426,495,0,0,1899913.31
4552,338449723.52,3623573475.0,0.0934022,0.0934022,386,0,0,1839064.15
4553,119757034.84,3300000000.0,0.03629001,0.03629001,542,0,0,1855780.56
4554,112030639.03,3300000000.0,0.03394868,0.03394868,485,0,0,1969359.68
4555,146607801.69,3300000000.0,0.04442661,0.04442661,409,0,0,1966352.08
4556,189955748.57,3300000000.0,0.05756235,0.05756235,427,0,0,1885715.54
4557,399067224.11,3300000000.0,0.12092946,0.12092946,482,0,0,2076580.2
4558,121539949.79,3300000000.0,0.03683029,0.03683029,608,0,0,1885027.9
4559,197284337.1,3300000000.0,0.05978313,0.05978313,515,0,0,1969275.29
4560,128265071.7,3300000000.0,0.0388682,0.0388682,590,0,0,1770247.51
4561,180196469.19,3424274814.0,0.05262325,0.05262325,351,0,0,1934283.38
4562,195654177.17,3508625846.0,0.05576376,0.05576376,369,0,0,2022986.62
4563,155793337.95,3300000000.0,0.0472101,0.0472101,455,0,0,1745249.21
4564,92210043.14,3300000000.0,0.02794244,0.02794244,624,0,0,1776394.3
4565,93273562.73,3300000000.0,0.02826472,0.02826472,527,0,0,1911379.92
4566,93849385.42,3300000000.0,0.02843921,0.02843921,628,0,0,1764438.29
4567,108174440.93,3300000000.0,0.03278013,0.03278013,399,0,0,1849735.98
4568,120003755.12,3300000000.0,0.03636477,0.03636477,484,0,0,1948693.48
4569,189990735.37,3300000000.0,0.05757295,0.05757295,457,0,0,1838692.46
4570,253039156.98,3300000000.0,0.07667853,0.07667853,451,0,0,1916242.62
4571,115458571.04,3300000000.0,0.03498745,0.03498745,519,0,0,1886866.07
4572,212001344.89,3300000000.0,0.06424283,0.06424283,444,0,0,1953086.23
4573,889289174.18,3300000000.0,0.26948157,0.26948157,525,0,0,2430707.46
4574,108777017.97,3300000000.0,0.03296273,0.03296273,541,0,0,1777049.0
4575,342947783.4,3300000000.0,0.10392357,0.10392357,498,0,0,1852582.68
4576,666613519.98,3526542569.0,0.1890275,0.1890275,407,0,0,2545108.97
4577,102333011.28,3300000000.0,0.03101,0.03101,541,0,0,1865345.35
4578,229098860.62,3300000000.0,0.0694239,0.0694239,496,0,0,1894863.66
4579,226096077.93,3300000000.0,0.06851396,0.06851396,492,0,0,2094708.01
4580,164184080.11,3300000000.0,0.04975275,0.04975275,484,0,0,1799299.1
4581,158647984.35,3300000000.0,0.04807515,0.04807515,514,0,0,1916208.24
4582,150136340.12,3300000000.0,0.04549586,0.04549586,539,0,0,1866805.19
4583,220185468.21,3300000000.0,0.06672287,0.06672287,544,0,0,1929097.24
4584,191820830.0,3300000000.0,0.05812752,0.05812752,459,0,0,1725655.59
4585,141384974.81,3300000000.0,0.04284393,0.04284393,438,0,0,2201661.23
4586,208202329.19,3300000000.0,0.06309161,0.06309161,502,0,0,1988082.31
4587,211156603.75,3300000000.0,0.06398685,0.06398685,526,0,0,1940524.27
4588,187474841.43,3563846947.0,0.05260463,0.05260463,358,0,0,2039475.75
4589,87032508.2,3300000000.0,0.02637349,0.02637349,485,0,0,1834997.42
4590,3224013630.01,3851020953.0,0.83718413,0.83718413,420,0,0,2828377.4
4591,247745709.5,3300000000.0,0.07507446,0.07507446,583,0,0,1863780.28
4592,272055817.89,3300000000.0,0.08244116,0.08244116,380,0,0,2293437.47
4593,136961936.06,3300000000.0,0.04150362,0.04150362,481,0,0,1930248.52
4594,741507023.41,4054422736.0,0.18288843,0.18288843,359,0,0,2493601.72
4595,116439938.05,3300000000.0,0.03528483,0.03528483,584,0,0,1876288.46
4596,232970300.91,3300000000.0,0.07059706,0.07059706,511,0,0,1841166.05
4597,1390369334.61,3482513957.0,0.399243,0.399243,365,0,0,2496875.12
4598,162194693.86,3300000000.0,0.04914991,0.04914991,516,0,0,1895540.56
4599,171359478.51,3435823704.0,0.04987435,0.04987435,372,0,0,2018690.07
4600,172718310.13,3300000000.0,0.05233888,0.05233888,500,0,0,1998601.5
4601,150207671.53,3300000000.0,0.04551748,0.04551748,470,0,0,1867694.09
4602,115361540.7,3300000000.0,0.03495804,0.03495804,494,0,0,1926326.65
4603,150526198.38,3300000000.0,0.045614,0.045614,446,0,0,2035082.28
4604,277283199.48,3300000000.0,0.08402521,0.08402521,476,0,0,1868389.06
4605,108740526.45,3300000000.0,0.03295167,0.03295167,529,0,0,1951360.6
4606,171346387.5,3300000000.0,0.05192315,0.05192315,408,0,0,2085495.73
4607,346693249.77,3300000000.0,0.10505856,0.10505856,511,0,0,1906148.6
4608,662805734.62,3300000000.0,0.20085022,0.20085022,481,0,0,2305378.01
4609,261052003.66,3300000000.0,0.07910667,0.07910667,428,0,0,2057221.08
4610,323322419.59,3300000000.0,0.09797649,0.09797649,461,0,0,2058253.19
4611,168228027.27,3300000000.0,0.05097819,0.05097819,483,0,0,1815050.57
4612,286188928.76,3300000000.0,0.08672392,0.08672392,503,0,0,1828285.13
4613,94794842.18,3300000000.0,0.02872571,0.02872571,615,0,0,1779397.23
4614,156615494.06,3300000000.0,0.04745924,0.04745924,426,0,0,1952512.89
4615,83418254.94,3300000000.0,0.02527826,0.02527826,563,0,0,1816915.65
4616,93312382.39,3300000000.0,0.02827648,0.02827648,513,0,0,1721568.4
4617,106025740.01,3300000000.0,0.03212901,0.03212901,561,0,0,1889288.3
4618,225254223.18,3300000000.0,0.06825886,0.06825886,440,0,0,1905199.48
4619,237034095.08,3300000000.0,0.07182851,0.07182851,497,0,0,1911161.18
4620,105111460.19,3300000000.0,0.03185196,0.03185196,646,0,0,1789938.23
4621,144275530.13,3300000000.0,0.04371986,0.04371986,549,0,0,1877628.38
4622,92490922.96,3300000000.0,0.02802755,0.02802755,574,0,0,1756798.44
4623,221345311.03,3300000000.0,0.06707434,0.06707434,569,0,0,1883304.4
4624,262433021.0,3300000000.0,0.07952516,0.07952516,548,0,0,1803326.58
4625,204585754.75,3300000000.0,0.06199568,0.06199568,437,0,0,1853679.65
4626,99646223.68,3300000000.0,0.03019583,0.03019583,586,0,0,1921481.77
4627,208824271.86,3300000000.0,0.06328008,0.06328008,469,0,0,2060208.76
4628,251736806.22,3300000000.0,0.07628388,0.07628388,485,0,0,1939643.93
4629,108809397.73,3300000000.0,0.03297254,0.03297254,512,0,0,1745025.15
4630,163442067.32,3300000000.0,0.0495279,0.0495279,595,0,0,1826384.33
4631,101018043.37,3300000000.0,0.03061153,0.03061153,484,0,0,1832090.06
4632,107814231.03,3300000000.0,0.03267098,0.03267098,617,0,0,1955490.92
4633,110161740.44,3300000000.0,0.03338235,0.03338235,558,0,0,1930605.13
4634,252368264.34,3300000000.0,0.07647523,0.07647523,569,0,0,1809406.03
4635,177210631.29,3300000000.0,0.05370019,0.05370019,426,0,0,1988397.66
4636,156564113.62,3300000000.0,0.04744367,0.04744367,513,0,0,1925490.08
4637,516617469.66,4252002372.0,0.12149981,0.12149981,321,0,0,2531442.46
4638,300258309.96,3300000000.0,0.09098737,0.09098737,406,0,0,2079499.4
4639,183629297.47,3300000000.0,0.05564524,0.05564524,513,0,0,1887502.66
4640,101293813.61,3300000000.0,0.0306951,0.0306951,479,0,0,1907145.29
4641,173386864.15,3300000000.0,0.05254147,0.05254147,415,0,0,1899274.27
4642,105779331.78,3300000000.0,0.03205434,0.03205434,604,0,0,1898923.63
4643,479878049.03,3300000000.0,0.14541759,0.14541759,395,0,0,2059438.51
4644,129381818.93,3300000000.0,0.03920661,0.03920661,495,0,0,1853369.02
4645,207140535.59,3300000000.0,0.06276986,0.06276986,528,0,0,1985875.95
4646,108719150.36,3300000000.0,0.0329452,0.0329452,521,0,0,1845281.25
4647,311710230.32,3300000000.0,0.09445765,0.09445765,407,0,0,1882965.02
4648,411551561.36,3300000000.0,0.12471259,0.12471259,468,0,0,2373536.0
4649,104220021.45,3300000000.0,0.03158182,0.03158182,649,0,0,1735650.7
4650,140445284.93,3300000000.0,0.04255918,0.04255918,527,0,0,1776338.11
4651,108253145.52,3300000000.0,0.03280398,0.03280398,654,0,0,1827569.6
4652,353482757.09,3300000000.0,0.10711599,0.10711599,427,0,0,1836010.66
4653,161534928.49,3300000000.0,0.04894998,0.04894998,505,0,0,1881689.28
4654,105175444.15,3300000000.0,0.03187135,0.03187135,375,0,0,1800016.64
4655,197516077.28,3300000000.0,0.05985336,0.05985336,457,0,0,1892914.03
4656,256288941.54,3300000000.0,0.07766332,0.07766332,463,0,0,1989617.32
4657,796549120.76,3513447957.0,0.22671436,0.22671436,380,0,0,2443400.7
4658,206200939.41,3300000000.0,0.06248513,0.06248513,437,0,0,1838970.47
4659,238476885.92,3300000000.0,0.07226572,0.07226572,504,0,0,1760008.83
4660,205161988.88,3300000000.0,0.0621703,0.0621703,555,0,0,1878197.82
4661,115318234.84,3300000000.0,0.03494492,0.03494492,606,0,0,1927463.28
4662,449692917.74,3300000000.0,0.13627058,0.13627058,462,0,0,1811517.86
4663,319896816.69,3300000000.0,0.09693843,0.09693843,568,0,0,1756654.54
4664,223109623.95,3300000000.0,0.06760898,0.06760898,479,0,0,2033470.47
4665,851601164.61,4130752751.0,0.20616125,0.20616125,360,0,0,2646520.51
4666,196715044.48,3300000000.0,0.05961062,0.05961062,474,0,0,2041190.94
4667,242288906.1,3300000000.0,0.07342088,0.07342088,510,0,0,1872024.76
4668,136572107.16,3354712574.0,0.04071052,0.04071052,398,0,0,1948858.95
4669,105724251.35,3300000000.0,0.03203765,0.03203765,516,0,0,1887665.1
4670,303546087.33,3767193880.0,0.08057618,0.08057618,401,0,0,2006571.67
4671,111232592.18,3300000000.0,0.03370685,0.03370685,502,0,0,1856426.83
4672,121896281.78,3300000000.0,0.03693827,0.03693827,533,0,0,1927744.86
4673,160645666.04,3300000000.0,0.0486805,0.0486805,464,0,0,1809870.08
4674,216354197.59,3300000000.0,0.06556188,0.06556188,492,0,0,1868945.96
4675,386020700.98,3300000000.0,0.11697597,0.11697597,482,0,0,1893808.3
4676,90170132.54,3300000000.0,0.02732428,0.02732428,553,0,0,1791617.56
4677,244348227.58,3300000000.0,0.07404492,0.07404492,556,0,0,1909429.61
4678,94255737.0,3300000000.0,0.02856234,0.02856234,625,0,0,1940438.29
4679,689487101.67,3490244460.0,0.19754694,0.19754694,415,0,0,2405245.02
4680,264231179.64,3300000000.0,0.08007005,0.08007005,464,0,0,1901300.7
4681,294330643.79,3300000000.0,0.0891911,0.0891911,454,0,0,2353867.28
4682,100259858.27,3300000000.0,0.03038178,0.03038178,649,0,0,1860654.66
4683,254754206.85,3300000000.0,0.07719824,0.07719824,498,0,0,1845389.13
4684,609146366.21,3893788536.0,0.15644054,0.15644054,353,0,0,2562914.95
4685,520283071.94,3300000000.0,0.15766154,0.15766154,409,0,0,2375891.89
4686,327440046.04,3300000000.0,0.09922426,0.09922426,557,0,0,1807132.25
4687,755385384.51,4125513881.0,0.18310092,0.18310092,320,0,0,2441457.9
4688,247112715.21,3300000000.0,0.07488264,0.07488264,490,0,0,1858957.06
4689,133321262.28,3300000000.0,0.04040038,0.04040038,543,0,0,1818431.92
4690,95010344.88,3300000000.0,0.02879101,0.02879101,700,0,0,1686338.23
4691,162254181.06,3300000000.0,0.04916793,0.04916793,484,0,0,1907907.31
4692,110533807.66,3300000000.0,0.03349509,0.03349509,570,0,0,1930273.54
4693,403482093.42,3300000000.0,0.1222673,0.1222673,398,0,0,2030943.77
4694,227243208.16,3300000000.0,0.06886158,0.06886158,479,0,0,1868764.64
4695,318457788.71,3300000000.0,0.09650236,0.09650236,498,0,0,1867953.73
4696,171753318.64,3300000000.0,0.05204646,0.05204646,534,0,0,1853293.9
4697,262523970.65,3300000000.0,0.07955272,0.07955272,477,0,0,2045404.87
4698,521514218.54,3300000000.0,0.15803461,0.15803461,411,0,0,2609480.25
4699,237958907.27,3300000000.0,0.07210876,0.07210876,449,0,0,1871024.84
4700,103276542.87,3300000000.0,0.03129592,0.03129592,544,0,0,1873301.8
4701,103262158.73,3300000000.0,0.03129156,0.03129156,623,0,0,1884005.66
4702,258637417.33,3300000000.0,0.07837497,0.07837497,448,0,0,2020475.8
4703,107212315.51,3300000000.0,0.03248858,0.03248858,411,0,0,1855854.75
4704,168176565.35,3300000000.0,0.0509626,0.0509626,509,0,0,1834497.56
4705,251157776.61,3300000000.0,0.07610842,0.07610842,534,0,0,1827831.81
4706,270925971.3,3300000000.0,0.08209878,0.08209878,440,0,0,1856771.12
4707,119459536.99,3300000000.0,0.03619986,0.03619986,462,0,0,1893912.78
4708,2956274767.28,3712062641.0,0.79639679,0.79639679,391,0,0,2719799.33
4709,271490358.04,3300000000.0,0.08226981,0.08226981,414,0,0,1940183.28
4710,211855793.2,3300000000.0,0.06419873,0.06419873,487,0,0,1855799.51
4711,226294703.44,3300000000.0,0.06857415,0.06857415,504,0,0,2011271.68
4712,103737040.66,3300000000.0,0.03143547,0.03143547,504,0,0,1984309.3
4713,256740759.99,3300000000.0,0.07780023,0.07780023,440,0,0,2139064.37
4714,181107900.85,3300000000.0,0.05488118,0.05488118,437,0,0,1898186.49
4715,646238283.15,3300000000.0,0.19582978,0.19582978,366,0,0,1999180.93
4716,111241718.99,3300000000.0,0.03370961,0.03370961,506,0,0,1863851.85
4717,207643214.52,3300000000.0,0.06292219,0.06292219,507,0,0,1887544.78
4718,350550413.32,3605320949.0,0.0972314,0.0972314,385,0,0,2421626.44
4719,508740216.56,3300000000.0,0.1541637,0.1541637,359,0,0,2299888.42
4720,151378399.51,3300000000.0,0.04587224,0.04587224,419,0,0,1855425.45
4721,123144635.99,3300000000.0,0.03731656,0.03731656,544,0,0,1825785.91
4722,347181606.96,3300000000.0,0.10520655,0.10520655,466,0,0,1936895.49
4723,633256580.33,3787633196.0,0.16719058,0.16719058,391,0,0,2359677.94
4724,306930062.71,3882735329.0,0.07904996,0.07904996,423,0,0,2061296.07
4725,101928239.72,3300000000.0,0.03088735,0.03088735,652,0,0,1847822.78
4726,171261488.68,3300000000.0,0.05189742,0.05189742,424,0,0,1939069.05
4727,125284927.94,3300000000.0,0.03796513,0.03796513,600,0,0,1833022.86
4728,91829347.56,3300000000.0,0.02782708,0.02782708,518,0,0,1910293.9
4729,114943379.01,3300000000.0,0.03483133,0.03483133,456,0,0,2077529.66
4730,438671539.5,3300000000.0,0.13293077,0.13293077,518,0,0,2348236.8
4731,367051286.74,3792098733.0,0.09679371,0.09679371,402,0,0,2390698.15
4732,192020380.42,3300000000.0,0.05818799,0.05818799,491,0,0,1927493.92
4733,118987159.68,3300000000.0,0.03605672,0.03605672,417,0,0,1816613.25
4734,1421254954.14,3402837390.0,0.41766761,0.41766761,430,0,0,2677279.83
4735,141450381.0,3300000000.0,0.04286375,0.04286375,556,0,0,1952718.75
4736,146796052.77,3300000000.0,0.04448365,0.04448365,596,0,0,1912565.36
4737,152089694.99,3300000000.0,0.04608779,0.04608779,419,0,0,1894906.45
4738,114490125.64,3300000000.0,0.03469398,0.03469398,570,0,0,1853407.07
4739,95275725.65,3300000000.0,0.02887143,0.02887143,638,0,0,1843413.35
4740,99119606.45,3300000000.0,0.03003624,0.03003624,548,0,0,1757714.3
4741,175629964.04,3300000000.0,0.0532212,0.0532212,374,0,0,1924122.78
4742,158586464.58,3300000000.0,0.0480565,0.0480565,656,0,0,1840247.16
4743,156982004.74,3300000000.0,0.0475703,0.0475703,461,0,0,1952865.13
4744,144474934.78,3300000000.0,0.04378028,0.04378028,431,0,0,2122552.16
4745,245214322.88,3300000000.0,0.07430737,0.07430737,459,0,0,2136084.58
4746,204951628.53,3383089152.0,0.06058121,0.06058121,393,0,0,1994096.94
4747,442751035.63,3300000000.0,0.13416698,0.13416698,416,0,0,2351803.29
4748,267979775.64,3300000000.0,0.08120599,0.08120599,543,0,0,1914583.86
4749,219705716.31,3300000000.0,0.06657749,0.06657749,605,0,0,1996120.74
4750,231700671.12,3300000000.0,0.07021232,0.07021232,419,0,0,1958571.16
4751,245590063.68,3300000000.0,0.07442123,0.07442123,672,0,0,1753802.74
4752,479793504.06,3300000000.0,0.14539197,0.14539197,506,0,0,2131461.23
4753,199604283.26,3300000000.0,0.06048615,0.06048615,483,0,0,1870177.21
4754,164597733.04,3300000000.0,0.0498781,0.0498781,451,0,0,1870533.25
4755,4257016588.22,3300000000.0,1.29000503,1.29000503,478,0,0,2580939.23
4756,336028713.91,3300000000.0,0.10182688,0.10182688,449,0,0,1815493.23
4757,108778304.04,3300000000.0,0.03296312,0.03296312,541,0,0,1782358.32
4758,194759486.45,3330076068.0,0.058485,0.058485,328,0,0,1927924.03
4759,102254125.84,3300000000.0,0.0309861,0.0309861,567,0,0,1884507.81
4760,215727344.2,3300000000.0,0.06537192,0.06537192,395,0,0,1766103.51
4761,129907221.42,3300000000.0,0.03936582,0.03936582,393,0,0,2123260.53
4762,142563533.17,3300000000.0,0.04320107,0.04320107,508,0,0,2039470.77
4763,105109714.53,3300000000.0,0.03185143,0.03185143,486,0,0,1997538.21
4764,798453988.79,3300000000.0,0.24195575,0.24195575,510,0,0,2095328.46
4765,110801115.85,3300000000.0,0.0335761,0.0335761,586,0,0,1771699.94
4766,92460086.03,3300000000.0,0.02801821,0.02801821,509,0,0,1843370.87
4767,93231105.85,3300000000.0,0.02825185,0.02825185,554,0,0,1893074.01
4768,107061822.21,3300000000.0,0.03244298,0.03244298,608,0,0,1817285.41
4769,327110878.12,3300000000.0,0.09912451,0.09912451,416,0,0,2263047.73
4770,140030933.28,3300000000.0,0.04243362,0.04243362,439,0,0,1884716.28
4771,134760097.62,3300000000.0,0.04083639,0.04083639,522,0,0,1928657.67
4772,109547150.26,3300000000.0,0.03319611,0.03319611,478,0,0,1965194.59
4773,110987620.35,3300000000.0,0.03363261,0.03363261,500,0,0,1844915.33
4774,114119023.6,3300000000.0,0.03458152,0.03458152,509,0,0,1877084.96
4775,215080327.28,3300000000.0,0.06517586,0.06517586,497,0,0,1840794.2
4776,185416221.22,3300000000.0,0.05618673,0.05618673,584,0,0,1855351.96
4777,231521919.93,3300000000.0,0.07015816,0.07015816,517,0,0,1853508.01
4778,93216145.12,3300000000.0,0.02824732,0.02824732,593,0,0,1746579.97
4779,255125363.25,3300000000.0,0.07731072,0.07731072,409,0,0,1982720.66
4780,196576583.48,3300000000.0,0.05956866,0.05956866,458,0,0,1836929.72
4781,102101160.92,3300000000.0,0.03093975,0.03093975,457,0,0,1786391.67
4782,2372204107.64,3300000000.0,0.71884973,0.71884973,488,0,0,2701985.25
4783,199280164.45,3300000000.0,0.06038793,0.06038793,499,0,0,1927728.28
4784,1445095844.12,3813771110.0,0.3789152,0.3789152,354,0,0,2585890.93
4785,803745898.62,3407833499.0,0.23585246,0.23585246,415,0,0,2487486.62
4786,105877510.48,3300000000.0,0.03208409,0.03208409,498,0,0,1824493.62
4787,886441925.82,3300000000.0,0.26861877,0.26861877,396,0,0,2620912.78
4788,145905763.48,3300000000.0,0.04421387,0.04421387,568,0,0,1902767.42
4789,174888444.53,3300000000.0,0.0529965,0.0529965,580,0,0,1821020.75
4790,258452008.4,3300000000.0,0.07831879,0.07831879,572,0,0,1848881.11
4791,125454698.89,3300000000.0,0.03801658,0.03801658,385,0,0,1881107.83
4792,117407013.6,3300000000.0,0.03557788,0.03557788,534,0,0,1876728.13
4793,218899032.61,3300000000.0,0.06633304,0.06633304,381,0,0,1790002.35
4794,144821573.29,3300000000.0,0.04388533,0.04388533,520,0,0,1931561.69
4795,799892802.9,3352265444.0,0.23861261,0.23861261,380,0,0,2595359.79
4796,143307082.19,3300000000.0,0.04342639,0.04342639,515,0,0,1804834.09
4797,398878549.45,3300000000.0,0.12087229,0.12087229,496,0,0,1992728.16
4798,243531917.57,3300000000.0,0.07379755,0.07379755,497,0,0,1829057.03
4799,124370781.69,3300000000.0,0.03768812,0.03768812,499,0,0,1855130.91
4800,189258427.52,3300000000.0,0.05735104,0.05735104,412,0,0,2030628.43
4801,246784150.38,3300000000.0,0.07478308,0.07478308,503,0,0,1998960.84
4802,129012638.94,3300000000.0,0.03909474,0.03909474,536,0,0,1871399.92
4803,112050888.29,3300000000.0,0.03395481,0.03395481,512,0,0,1822917.87
4804,100930439.7,3300000000.0,0.03058498,0.03058498,573,0,0,1780893.88
4805,134542138.27,3300000000.0,0.04077034,0.04077034,533,0,0,1780404.9
4806,118709594.64,3300000000.0,0.0359726,0.0359726,621,0,0,1788718.64
4807,751014790.0,4071821178.0,0.18444199,0.18444199,369,0,0,2193416.25
4808,113383704.09,3300000000.0,0.0343587,0.0343587,562,0,0,1837406.67
4809,341040645.88,3700018450.0,0.09217269,0.09217269,361,0,0,2103801.94
4810,119880432.87,3300000000.0,0.0363274,0.0363274,465,0,0,1750705.39
4811,156579009.85,3300000000.0,0.04744818,0.04744818,382,0,0,2009756.94
4812,213598904.34,3300000000.0,0.06472694,0.06472694,500,0,0,1911128.34
4813,135430135.84,3300000000.0,0.04103944,0.04103944,462,0,0,1888878.3
4814,294845841.39,3354997809.0,0.08788257,0.08788257,374,0,0,2442685.89
4815,2381084218.0,3300000000.0,0.72154067,0.72154067,454,0,0,2595160.81
4816,209417574.53,3300000000.0,0.06345987,0.06345987,476,0,0,2025805.28
4817,114426864.48,3300000000.0,0.03467481,0.03467481,571,0,0,1730288.25
4818,132778290.12,3300000000.0,0.04023585,0.04023585,438,0,0,1947481.09
4819,154168371.42,3300000000.0,0.04671769,0.04671769,546,0,0,1857344.13
4820,126355058.07,3300000000.0,0.03828941,0.03828941,428,0,0,1885565.27
4821,96724650.05,3300000000.0,0.0293105,0.0293105,489,0,0,1858062.41
4822,301912878.19,3300000000.0,0.09148875,0.09148875,476,0,0,1913361.26
4823,107699037.53,3300000000.0,0.03263607,0.03263607,470,0,0,1897873.53
4824,158750198.55,3300000000.0,0.04810612,0.04810612,429,0,0,1912242.56
4825,94976368.29,3300000000.0,0.02878072,0.02878072,630,0,0,1881912.67
4826,94717811.09,3300000000.0,0.02870237,0.02870237,521,0,0,1846047.5
4827,171003598.12,3300000000.0,0.05181927,0.05181927,384,0,0,1952316.4
4828,143639903.6,3300000000.0,0.04352724,0.04352724,417,0,0,1845048.25
4829,191332376.02,3300000000.0,0.05797951,0.05797951,452,0,0,1874802.53
4830,148081942.06,3300000000.0,0.04487332,0.04487332,521,0,0,1856145.04
4831,93090206.66,3300000000.0,0.02820915,0.02820915,541,0,0,1809843.56
4832,322670263.7,3738489327.0,0.08631033,0.08631033,371,0,0,1947562.31
4833,208771858.91,3300000000.0,0.0632642,0.0632642,530,0,0,1827075.38
4834,2849165971.61,3645571699.0,0.78154161,0.78154161,370,0,0,2647647.92
4835,225560620.5,3300000000.0,0.0683517,0.0683517,476,0,0,1896449.79
4836,118316927.19,3300000000.0,0.03585361,0.03585361,472,0,0,1804681.62
4837,232462056.83,3300000000.0,0.07044305,0.07044305,494,0,0,1851400.26
4838,136155747.54,3300000000.0,0.04125932,0.04125932,433,0,0,1925779.69
4839,211097563.29,3300000000.0,0.06396896,0.06396896,386,0,0,2115646.92
4840,94364953.22,3300000000.0,0.02859544,0.02859544,640,0,0,1824133.37
4841,117347122.42,3300000000.0,0.03555973,0.03555973,510,0,0,1917505.56
4842,140469884.51,3300000000.0,0.04256663,0.04256663,521,0,0,1844689.18
4843,100118369.89,3300000000.0,0.0303389,0.0303389,572,0,0,1894002.8
4844,122961922.4,3300000000.0,0.03726119,0.03726119,653,0,0,1745533.47
4845,122285153.68,3300000000.0,0.03705611,0.03705611,538,0,0,1911610.82
4846,95892659.22,3300000000.0,0.02905838,0.02905838,552,0,0,1855796.67
4847,155946859.78,3300000000.0,0.04725662,0.04725662,536,0,0,1890972.07
4848,328446126.75,3300000000.0,0.09952913,0.09952913,470,0,0,2059572.07
4849,435479808.37,3300000000.0,0.13196358,0.13196358,362,0,0,2172279.82
4850,336374153.57,3300000000.0,0.10193156,0.10193156,415,0,0,2048894.49
4851,248119116.42,3300000000.0,0.07518761,0.07518761,537,0,0,2192333.52
4852,95837992.16,3300000000.0,0.02904182,0.02904182,428,0,0,1869597.59
4853,266081451.31,3300000000.0,0.08063074,0.08063074,518,0,0,1943950.94
4854,190623408.53,3300000000.0,0.05776467,0.05776467,559,0,0,1797522.27
4855,770874882.37,3300000000.0,0.23359845,0.23359845,442,0,0,2489750.36
4856,227787267.36,3300000000.0,0.06902644,0.06902644,403,0,0,1905772.71
4857,118886611.63,3300000000.0,0.03602625,0.03602625,502,0,0,1858350.6
4858,392733593.31,3300000000.0,0.11901018,0.11901018,380,0,0,1954382.45
4859,114780896.98,3300000000.0,0.03478209,0.03478209,404,0,0,1846654.38
4860,587438912.67,3300000000.0,0.17801179,0.17801179,581,0,0,1939928.65
4861,111313655.53,3300000000.0,0.03373141,0.03373141,462,0,0,1903839.71
4862,95448653.59,3300000000.0,0.02892383,0.02892383,548,0,0,1805623.81
4863,97793266.71,3300000000.0,0.02963432,0.02963432,622,0,0,1816070.63
4864,158553643.77,3300000000.0,0.04804656,0.04804656,479,0,0,1840347.49
4865,199374119.28,3300000000.0,0.0604164,0.0604164,549,0,0,1850626.49
4866,98951252.62,3300000000.0,0.02998523,0.02998523,661,0,0,1887171.26
4867,125347501.43,3300000000.0,0.03798409,0.03798409,438,0,0,1827622.29
4868,342288914.07,3712740167.0,0.09219307,0.09219307,352,0,0,2137085.61
4869,480344991.84,3733498957.0,0.12865813,0.12865813,363,0,0,2835220.36
4870,1049204400.27,3300000000.0,0.31794073,0.31794073,507,0,0,2345102.68
4871,158428595.47,3300000000.0,0.04800867,0.04800867,539,0,0,1871654.71
4872,110767910.55,3300000000.0,0.03356603,0.03356603,485,0,0,1837358.6
4873,171033950.53,3300000000.0,0.05182847,0.05182847,451,0,0,1963279.99
4874,150206922.67,3300000000.0,0.04551725,0.04551725,510,0,0,1916271.72
4875,134005573.03,3300000000.0,0.04060775,0.04060775,513,0,0,1956306.85
4876,161175466.02,3300000000.0,0.04884105,0.04884105,557,0,0,1861349.46
4877,211436010.78,3300000000.0,0.06407152,0.06407152,386,0,0,1927187.39
4878,266556554.2,3300000000.0,0.08077471,0.08077471,585,0,0,1931742.71
4879,124288702.48,3300000000.0,0.03766324,0.03766324,459,0,0,1856444.7
4880,116364923.8,3300000000.0,0.0352621,0.0352621,474,0,0,1940137.66
4881,133438082.78,3300000000.0,0.04043578,0.04043578,415,0,0,1836319.57
4882,129520199.07,3300000000.0,0.03924855,0.03924855,486,0,0,1992908.9
4883,146770716.67,3300000000.0,0.04447597,0.04447597,587,0,0,1876216.38
4884,114454270.69,3300000000.0,0.03468311,0.03468311,613,0,0,1780766.77
4885,122697500.9,3300000000.0,0.03718106,0.03718106,587,0,0,1881061.96
4886,161357988.5,3300000000.0,0.04889636,0.04889636,554,0,0,1911100.12
4887,190456654.92,3863074281.0,0.04930184,0.04930184,378,0,0,1985423.32
4888,161685571.97,3300000000.0,0.04899563,0.04899563,546,0,0,1768062.64
4889,145097855.71,3300000000.0,0.04396905,0.04396905,435,0,0,1970342.75
4890,196115124.72,3300000000.0,0.05942883,0.05942883,515,0,0,1916303.86
4891,187320863.16,3300000000.0,0.0567639,0.0567639,447,0,0,2116437.15
4892,123989258.56,3300000000.0,0.0375725,0.0375725,400,0,0,1885005.91
4893,107361791.92,3300000000.0,0.03253388,0.03253388,667,0,0,1791047.5
4894,167725571.0,3300000000.0,0.05082593,0.05082593,629,0,0,1846606.38
4895,576665393.65,3300000000.0,0.17474709,0.17474709,378,0,0,2060453.48
4896,297984862.87,3300000000.0,0.09029844,0.09029844,555,0,0,1887730.82
4897,129741506.43,3300000000.0,0.03931561,0.03931561,460,0,0,1870890.57
4898,270949274.04,3511417198.0,0.07716237,0.07716237,372,0,0,1924859.54
4899,130615879.78,3300000000.0,0.03958057,0.03958057,470,0,0,1871661.82
4900,1646900004.6,3300000000.0,0.49906061,0.49906061,599,0,0,2000467.91
4901,360791129.57,3300000000.0,0.10933065,0.10933065,478,0,0,1899921.9
4902,97575564.41,3300000000.0,0.02956835,0.02956835,587,0,0,1799527.78
4903,351706636.79,3300000000.0,0.10657777,0.10657777,479,0,0,1823612.59
4904,101922559.3,3300000000.0,0.03088562,0.03088562,641,0,0,1753291.12
4905,146679136.37,3300000000.0,0.04444822,0.04444822,611,0,0,1913059.45
4906,145630988.76,3300000000.0,0.0441306,0.0441306,531,0,0,1912384.49
4907,123566567.72,3300000000.0,0.03744441,0.03744441,591,0,0,1781648.03
4908,653241920.87,3333147513.0,0.1959835,0.1959835,408,0,0,2465890.04
4909,586015510.03,4777288885.0,0.12266696,0.12266696,338,0,0,2477080.05
4910,365666291.4,3300000000.0,0.11080797,0.11080797,378,0,0,2211111.37
4911,164748165.86,3300000000.0,0.04992369,0.04992369,526,0,0,1927972.53
4912,198482047.46,3300000000.0,0.06014607,0.06014607,480,0,0,1856238.57
4913,950367075.2,3300000000.0,0.28799002,0.28799002,483,0,0,2694993.19
4914,134796845.94,3300000000.0,0.04084753,0.04084753,489,0,0,1981099.95
4915,107353178.17,3300000000.0,0.03253127,0.03253127,577,0,0,1878099.52
4916,683217083.31,3300000000.0,0.20703548,0.20703548,398,0,0,2964969.96
4917,127722923.71,3300000000.0,0.03870392,0.03870392,547,0,0,1904156.4
4918,177857172.93,3300000000.0,0.05389611,0.05389611,417,0,0,1971226.47
4919,120593426.83,3300000000.0,0.03654346,0.03654346,483,0,0,1882889.06
4920,368813145.27,3300000000.0,0.11176156,0.11176156,442,0,0,1951821.2
4921,125440007.36,3300000000.0,0.03801212,0.03801212,494,0,0,1828123.6
4922,108257684.55,3300000000.0,0.03280536,0.03280536,634,0,0,1855319.21
4923,111081062.48,3300000000.0,0.03366093,0.03366093,579,0,0,1774066.33
4924,813920114.95,3608057869.0,0.225584,0.225584,412,0,0,2598888.88
4925,632284788.45,3300000000.0,0.19160145,0.19160145,451,0,0,2073343.29
4926,201332187.84,3300000000.0,0.06100975,0.06100975,434,0,0,1863902.96
4927,131159704.87,3300000000.0,0.03974537,0.03974537,659,0,0,1792276.18
4928,278828199.9,3300000000.0,0.08449339,0.08449339,406,0,0,1793831.44
4929,129823883.42,3300000000.0,0.03934057,0.03934057,438,0,0,1846774.22
4930,108545037.57,3300000000.0,0.03289244,0.03289244,529,0,0,1936955.54
4931,283688912.65,3300000000.0,0.08596634,0.08596634,420,0,0,1747411.52
4932,113008733.89,3300000000.0,0.03424507,0.03424507,411,0,0,1947762.61
4933,114585294.86,3300000000.0,0.03472282,0.03472282,467,0,0,1790925.37
4934,266311319.24,3300000000.0,0.0807004,0.0807004,548,0,0,1781635.69
4935,235930911.74,3300000000.0,0.07149422,0.07149422,446,0,0,2034547.62
4936,276071460.66,3300000000.0,0.08365802,0.08365802,469,0,0,1971048.56
4937,158942578.34,3300000000.0,0.04816442,0.04816442,484,0,0,1905899.57
4938,166833325.25,3300000000.0,0.05055555,0.05055555,574,0,0,1906909.7
4939,171835246.75,3300000000.0,0.05207129,0.05207129,479,0,0,1922795.9
4940,132556811.98,3300000000.0,0.04016873,0.04016873,584,0,0,1683442.0
4941,158111100.45,3300000000.0,0.04791245,0.04791245,436,0,0,1827609.88
4942,405472549.86,3300000000.0,0.12287047,0.12287047,432,0,0,2098356.64
4943,135426785.44,3300000000.0,0.04103842,0.04103842,599,0,0,1932257.91
4944,346483795.78,3300000000.0,0.10499509,0.10499509,492,0,0,1893858.14
4945,309460373.16,3413416432.0,0.09066001,0.09066001,365,0,0,2263166.7
4946,152929513.48,3300000000.0,0.04634228,0.04634228,533,0,0,1897718.05
4947,101735026.06,3300000000.0,0.0308288,0.0308288,565,0,0,1892544.47
4948,181375541.01,3300000000.0,0.05496229,0.05496229,460,0,0,1881934.7
4949,123117542.51,3300000000.0,0.03730835,0.03730835,531,0,0,1830538.17
4950,390921132.03,3300000000.0,0.11846095,0.11846095,493,0,0,2179406.02
4951,113585927.11,3300000000.0,0.03441998,0.03441998,430,0,0,1795107.2
4952,207443249.47,3300000000.0,0.06286159,0.06286159,439,0,0,2048543.29
4953,203372711.92,3300000000.0,0.06162809,0.06162809,432,0,0,1914736.01
4954,97498756.59,3300000000.0,0.02954508,0.02954508,438,0,0,1985930.32
4955,297783772.21,3300000000.0,0.09023751,0.09023751,492,0,0,1804879.81
4956,104693662.42,3300000000.0,0.03172535,0.03172535,425,0,0,1875499.4
4957,323985281.34,3300000000.0,0.09817736,0.09817736,424,0,0,2208353.5
4958,108362704.91,3300000000.0,0.03283718,0.03283718,536,0,0,1790018.4
4959,194169204.47,3300000000.0,0.05883915,0.05883915,480,0,0,1876361.74
4960,336880884.94,3300000000.0,0.10208512,0.10208512,523,0,0,1921432.23
4961,267462514.1,3300000000.0,0.08104925,0.08104925,418,0,0,1966262.92
4962,125693766.09,3300000000.0,0.03808902,0.03808902,493,0,0,1881567.9
4963,431170494.18,3300000000.0,0.13065773,0.13065773,477,0,0,2471100.15
4964,124914252.48,3300000000.0,0.0378528,0.0378528,504,0,0,1916628.83
4965,135844678.36,3300000000.0,0.04116505,0.04116505,615,0,0,1852634.95
4966,919885591.46,3905468009.0,0.23553786,0.23553786,355,0,0,2595799.1
4967,1764734977.66,4021265537.0,0.43885065,0.43885065,348,0,0,2625948.19
4968,111624890.82,3300000000.0,0.03382572,0.03382572,514,0,0,1858498.42
4969,205005127.55,3748453767.0,0.05469058,0.05469058,334,0,0,1900031.4
4970,100173836.9,3300000000.0,0.03035571,0.03035571,641,0,0,1740195.89
4971,98270827.66,3300000000.0,0.02977904,0.02977904,508,0,0,1859533.61
4972,172930281.47,3300000000.0,0.05240312,0.05240312,487,0,0,1964411.55
4973,123159515.41,3300000000.0,0.03732107,0.03732107,547,0,0,1899973.49
4974,370321495.29,3300000000.0,0.11221863,0.11221863,476,0,0,1975577.82
4975,176151632.24,3300000000.0,0.05337928,0.05337928,484,0,0,2050479.44
4976,203022567.03,3300000000.0,0.06152199,0.06152199,460,0,0,1842099.8
4977,228480515.13,3300000000.0,0.06923652,0.06923652,458,0,0,1952910.52
4978,105592628.66,3300000000.0,0.03199777,0.03199777,513,0,0,1894936.56
4979,121475817.47,3300000000.0,0.03681085,0.03681085,517,0,0,1870607.07
4980,202090478.53,3300000000.0,0.06123954,0.06123954,439,0,0,2136091.84
4981,396222641.58,3300000000.0,0.12006747,0.12006747,513,0,0,1853365.62
4982,334019214.14,3300000000.0,0.10121794,0.10121794,408,0,0,1820797.54
4983,184207739.44,3300000000.0,0.05582053,0.05582053,358,0,0,1867539.52
4984,91007675.68,3300000000.0,0.02757808,0.02757808,507,0,0,1839715.72
4985,146996309.87,3300000000.0,0.04454434,0.04454434,571,0,0,1778816.18
4986,510248675.63,3565018492.0,0.14312652,0.14312652,417,0,0,2355227.38
4987,183706974.88,3300000000.0,0.05566878,0.05566878,542,0,0,1784906.29
4988,115366607.91,3300000000.0,0.03495958,0.03495958,500,0,0,1889491.19
4989,184239064.06,3300000000.0,0.05583002,0.05583002,401,0,0,2055548.4
4990,134207896.83,3300000000.0,0.04066906,0.04066906,552,0,0,1918571.78
4991,345493769.15,3300000000.0,0.10469508,0.10469508,387,0,0,1974217.41
4992,290038604.09,3300000000.0,0.08789049,0.08789049,437,0,0,2028725.04
4993,298964036.53,3300000000.0,0.09059516,0.09059516,472,0,0,1909635.62
4994,144270863.16,3300000000.0,0.04371844,0.04371844,589,0,0,1802917.02
4995,167697177.37,3300000000.0,0.05081733,0.05081733,577,0,0,1837713.63
4996,303758511.08,3300000000.0,0.09204803,0.09204803,434,0,0,1848126.79
4997,125926293.34,3300000000.0,0.03815948,0.03815948,422,0,0,1987661.15
4998,105989189.17,3300000000.0,0.03211794,0.03211794,387,0,0,1989596.44
4999,123271484.62,3300000000.0,0.037355,0.037355,442,0,0,1794352.8
5000,235092366.4,3300000000.0,0.07124011,0.07124011,355,0,0,1832714.08
